x,category,y
7.040680260397494,C46,0.8876414782550923
8.372837228234857,C50,-1.464507498850717
5.645499511156231,C14,0.4783745372245578
1.7910373583436012,C15,3.445787118823195
6.7989185568876565,C14,-1.5574822125757
9.741903226822615,C17,0.4136417455825607
4.143996813800186,C01,-1.8595298839698025
7.058987910859287,C18,-4.119443231109678
4.844179390929639,C91,-0.9496042756169506
9.453744983766228,C02,0.23983327607812432
8.64314730046317,C00,-1.611225616293467
2.4921770207583904,C26,2.873419511161583
7.929796846583486,C30,0.4649732080366727
7.572362474165857,C11,0.6567206445943066
8.694193260744214,C02,-2.9111165810851833
0.97986243898049,C38,1.0543050541486978
6.011994066648185,C63,-0.5798512939218174
7.680882846470922,C40,2.426154743741262
4.742999512236565,C32,2.6564576128289623
4.350172409322113,C04,-0.6066987734849857
1.8074064305983484,C08,0.56927427536044
4.274537230376154,C27,-1.6096281176950762
0.7767280773259699,C35,-1.1990405966316517
6.526120970956981,C50,-1.6377412523669514
6.042962104547769,C05,0.4408470824935834
7.935644527897239,C06,2.5219705298724175
3.9812996983528137,C15,1.3108076727451925
8.411559099331498,C47,2.4949230051040145
8.081788548734039,C72,1.5650452795315197
8.482312939595431,C29,0.47379297891400696
6.753116948530078,C08,0.7015414071885842
7.081628730520606,C11,1.1024844254090445
5.701255181338638,C01,-2.1427650018470983
4.665866522118449,C93,-1.396768553837958
7.004867517389357,C02,-1.309523282520716
8.4083390282467,C13,1.7818259004706474
8.995170979760587,C22,-2.6577518557148556
8.367658413480967,C69,-2.0169107231542784
3.715176251716912,C65,-1.809814875901956
7.7604246605187654,C16,0.7587283508828842
7.4616567813791335,C74,-0.847566611277528
3.2692024391144514,C93,1.4395973367385935
2.3855973896570504,C01,-1.985717688040675
7.318196271080524,C62,-2.05694536008543
2.8271839604713023,C69,-1.4706475299179353
5.85965272039175,C66,0.8799583891952477
3.195628037210554,C00,-1.3836485817742281
0.8224288607016206,C18,-3.800202968247796
5.840932186692953,C00,-3.1155444424110996
3.168534659780562,C46,1.1419808875732953
4.987406018190086,C82,-2.4721059240143894
2.707034444902092,C01,-2.954899934846814
2.2297822567634284,C31,-0.9080888116159751
1.0598282143473625,C90,-0.39640807175942916
6.028027203865349,C09,2.0602446826975447
1.2300203600898385,C85,2.155200280628466
2.016493659466505,C64,2.4887305615458084
1.3362165936268866,C59,-0.2604724085273763
4.71040528267622,C46,-1.4390814604575404
5.497949148993939,C60,-0.34846005699738136
9.75910897133872,C22,1.0950904413029816
5.003510236274451,C68,-1.7387690458398253
5.065406681969762,C02,-3.454898790267476
2.7117566182278097,C01,-0.5941996078301728
7.137774680741131,C86,-1.8369225072687878
4.505869070999324,C16,-0.4400010460581898
8.140886786859483,C04,1.2075946794521082
7.661474167834967,C06,2.4429937148021437
2.4246588139794767,C29,1.2555873936788937
7.786422609351575,C00,-0.6435958278931326
1.6321271797642112,C18,-2.375745677516846
0.7671593315899372,C01,-2.2692597283733678
4.389895754866302,C63,-3.5516513890147214
2.377115248236805,C81,4.2472489621515805
2.1083398279733956,C27,0.688766040283108
2.4389642430469394,C15,-0.19128059213296122
7.676837181206793,C76,-1.214017085279311
9.573573344387114,C87,-2.8438212558711142
9.813233749009669,C00,-1.2306705584776307
4.387240300420672,C73,-2.2448121090505966
4.812750292476267,C07,-0.02087354181347667
4.392533663194627,C00,-2.2170820370085056
1.4453588076867163,C20,3.507690437816515
0.7164581585675478,C10,2.9652072122711677
7.44001405313611,C66,0.0044977621867844375
3.402998053934425,C00,-3.652030840353848
7.744156662374735,C39,-1.7716941019649686
4.91657183971256,C72,-0.08554063245553434
4.272967870347202,C52,1.0329022130966528
0.8099991781637073,C84,2.137895198422035
2.683571125380695,C16,-1.6361181243376055
6.8892407370731235,C02,-0.1724977056749144
3.2410081429407,C00,-1.1031681784609835
1.1342472909018397,C14,0.9090767504872259
3.5044507985003293,C21,-2.6776793166508517
9.826162627432495,C71,-1.3282434049557692
9.635021721478552,C57,0.48897787808808096
4.972341766115278,C59,-1.923525666851221
6.219723972026259,C79,-0.5418934052968445
1.1551167396828532,C54,4.28098079119268
5.695954118855298,C03,1.1748000564115053
9.773381859995425,C10,0.6113388624180597
3.776850171852857,C06,0.7023178904499344
3.882020046003163,C15,-0.3609447541578288
1.6372411930933595,C64,2.2637037202501973
9.084172558505088,C05,2.0296121570421852
1.8744398304261267,C17,3.7315312230051467
7.281045312993228,C49,0.6000172030410645
4.232818235177547,C30,-2.3794252991374685
4.487214433029294,C07,1.468119268055105
3.188894633203745,C08,0.2095878853576031
7.771738772280514,C70,2.1853604327360854
5.0612982804887,C00,-2.80641625468844
6.95196790387854,C07,-0.1597054894966825
8.173807160928845,C92,2.4395672196914
5.847305408678949,C68,-1.449094930489837
0.15292569994926453,C21,-3.1559998748152807
9.349067390430719,C08,-1.4638726057145734
8.779407176189125,C12,0.5418041502561781
3.6874233186244965,C49,1.6969422152411586
0.43805417139083147,C67,2.2285737578069447
8.279910739511251,C51,-1.8137928568639312
2.676623221486807,C44,0.8154469007474834
9.212890795897692,C74,-1.9650230249193794
6.769148092716932,C01,-2.340393358796517
0.7926376326940954,C69,-0.04562272931169588
8.776972042396665,C34,1.5064208763061668
1.5167662664316595,C35,0.5921974708369734
1.7263167747296393,C01,-2.257916771355594
4.6006229356862605,C43,-0.06037157595375686
0.49358821939677,C11,0.8271498504563386
5.8288771961815655,C02,-3.944280375164115
3.657059606630355,C12,-1.5995492391993302
9.18275523930788,C01,-2.3116415109764197
8.092715684324503,C63,0.8989824441290287
1.608135374262929,C36,2.285838493656237
2.87510272115469,C00,-1.4095770042128275
0.9272155561484396,C96,-0.8004714430398131
6.865890284534544,C80,-3.023472165074471
5.759246062953025,C93,0.7386834555534855
6.9836398446932435,C36,0.6208031376402172
1.1908681062050164,C02,0.24216483990714144
3.514091703109443,C03,1.1611304261239501
7.349234374705702,C28,-5.017911339426281
6.634835507720709,C35,-0.9367566467560748
2.912420181091875,C93,1.512108096331818
8.30927088856697,C79,-1.3731614075644423
9.757880764082074,C32,1.324045393341427
5.249099303036928,C99,-0.10226665951429936
3.350573629140854,C04,1.6201354972258895
4.775201138108969,C22,-1.0279064265488367
3.2011933624744415,C37,-0.3138481168010385
7.7173466444946826,C87,-1.642562724321445
0.7325958134606481,C74,-2.5503545537499552
0.5334210675209761,C19,-2.7067591852501467
0.2660521469078958,C00,-1.3033992598285402
8.7485052482225,C55,2.4112116433569493
0.6296797678805888,C10,2.2718507867446878
3.712899337988347,C02,-3.1580027515656863
3.6592020699754357,C01,-1.3336524957369802
6.098563834093511,C42,0.3455931581145953
6.519890818744898,C91,-1.2379279067205542
8.13575810752809,C58,0.25282510783230494
3.497582303825766,C00,-3.1567972903114403
3.5808999883010983,C63,-0.7676923600501873
4.272559494711459,C97,-1.0393975371818724
7.152406806126237,C79,0.8486622321755752
3.9061643602326512,C21,-1.099910958432257
7.244492138270289,C56,1.0451939723332397
2.1491917804814875,C00,-1.4877249634283882
4.533090640325099,C36,-2.4838045512186135
2.7541074925102293,C36,0.8044818198470427
5.451786136254668,C02,-1.8776461276352712
9.212970600929111,C00,-1.2248591053794469
3.395635604392737,C68,-1.1523684231691191
9.052760284394026,C23,0.1926964410772286
9.246260882355273,C57,-0.9095024874162554
8.714234353974462,C01,-1.1498824966475216
2.006377764046192,C73,0.31846054652120287
5.142278885468841,C00,-2.624260247830008
9.626531978137791,C00,-1.13524310646275
9.409517345484346,C00,-3.0618571071047676
0.7012954214587808,C19,-0.7803748660080814
4.342541377991438,C03,-0.5278251299440893
6.062971786595881,C67,0.679750832199165
1.2967351847328246,C01,-1.5905760009630967
2.588159975130111,C18,-6.465799551002215
2.139155804179609,C01,-2.5158911477833277
1.9196443958207965,C03,2.7129958114004262
2.133165756240487,C26,2.7039395913329263
5.133323865011334,C77,0.5647249236580034
4.69777436228469,C86,-3.2253973456683065
8.809380531311035,C00,-2.2912817727567902
9.118309281766415,C71,-1.4572641039109226
7.79278141213581,C77,3.070320129721715
9.855526017490774,C01,-0.2509520526925453
5.015714894980192,C90,-1.1632027364403343
3.1847972609102726,C04,1.8373533096333934
8.879370344802737,C07,1.318826136395961
6.180874288547784,C26,0.31449938675987976
0.8140480075962842,C59,-1.091702561189002
6.166650527156889,C74,-0.9537298814062436
2.61376922018826,C15,2.8685940363619666
9.427652705926448,C17,-0.8569032057210233
1.3609355152584612,C57,0.6493654044459819
4.508513475302607,C88,-1.6487880544472384
9.393557773437351,C02,-0.43855768892596747
1.5332015417516232,C42,1.858968709247003
6.9189542834647,C53,-1.4057802020439776
5.734386313706636,C28,-4.860093358590287
4.239343975204974,C07,0.8714898339822214
5.029362998902798,C00,-3.0799166820658384
8.55222987011075,C01,-2.016951905345044
9.974296980071813,C92,0.30983709517816527
3.2051235204562545,C44,1.0100789443438019
7.907896812539548,C27,-0.2542368309043505
6.013276814483106,C84,1.3870277665949984
2.356430678628385,C50,-2.8085172933335794
5.167052375618368,C91,-3.656928876666181
3.620170815847814,C05,1.3231333761554032
6.203783275559545,C09,3.0707195229200104
4.15900181280449,C85,-1.2184842855714313
5.9539597551338375,C45,-0.16875406045101893
4.054681051056832,C13,-0.9560843809859411
2.1771206567063928,C02,0.48050151040288935
3.55860092677176,C91,1.0888044458140906
9.702377181965858,C61,-2.2525150199734227
3.0743878590874374,C24,-0.14399863955272785
4.201493253931403,C29,0.024775379577697265
7.9024749412201345,C11,1.9758074890234227
7.796397130005062,C80,0.3497853365388003
3.7367536313831806,C00,-3.6414387387720573
1.5584249794483185,C11,1.713054992209627
3.923953475896269,C00,-1.2839605986360245
6.685037240386009,C01,-1.4259485012592013
1.0899197775870562,C00,-1.0796332358648146
2.244610474444926,C06,1.7875100976408418
0.4945986345410347,C22,-1.6927641026315268
8.053186649922282,C39,-1.2988046473610149
8.571187506895512,C16,-2.4633424984092422
7.31402971316129,C00,0.27824095090980494
5.098405194003135,C04,0.21161529932147302
4.670091175939888,C06,0.11424310958458311
0.9077892452478409,C90,2.101812217617862
4.521228466182947,C07,0.912558276813204
9.482567959930748,C29,1.242376508612507
5.488498290069401,C47,-0.2048106254999822
2.365568960085511,C18,-5.869643843635231
6.358675209339708,C03,3.053442707194075
7.469966986682266,C01,-2.0243074249693347
1.4892207668162882,C38,1.6541981946829858
5.632813873235136,C41,2.4418945203434017
6.697883054148406,C27,-0.9446439352889386
9.905474679544568,C35,-2.2656822797938014
6.299345679581165,C16,0.1428968352075508
8.461958307307214,C80,-0.46457764383638356
1.0564633668400347,C00,-2.213233497310049
2.664690187666565,C44,1.0536378325679019
2.648572251200676,C07,0.6572588422689731
7.440515428315848,C58,-0.03910026649227627
3.192657735198736,C19,-1.4508352831456892
7.048153996001929,C10,0.926943168385586
0.3437630017288029,C83,3.0834642524691995
1.0829405346885324,C70,2.642226388910547
5.164740742184222,C01,-2.1496292048488765
0.8503671642392874,C43,2.8855319215074764
7.455261906143278,C12,3.9493608809158305
5.16988764051348,C36,-0.8540636094679734
2.404475170187652,C93,1.7061527091291873
7.441040789708495,C49,1.4055117202749614
9.664467754773796,C41,1.5050926010374739
2.8194303368218243,C64,0.04558883516329493
4.551780407782644,C86,-3.3952107764407105
2.1905439742840827,C41,2.5768765278586843
3.701060530729592,C29,-0.6493121866977019
1.9538337015546858,C59,-0.4619407628726986
0.09381827665492892,C28,-5.36199852462464
8.589920320082456,C64,0.05790058159820077
7.955711425747722,C77,1.4652644922079774
2.2122504841536283,C00,-1.0901666024322734
6.240272824652493,C98,0.1594103866761163
0.7691346481442451,C10,3.5050444495986737
2.139953679870814,C94,-0.5653836253296649
5.228663289453834,C26,-1.1848868801798889
5.343425814062357,C73,-2.3502023255914124
4.86854508286342,C51,-2.068975689171566
6.807645128574222,C60,1.1549299867254716
1.3385732402093709,C00,1.233521153627759
0.5097475647926331,C03,-0.4657614427042702
8.67159873014316,C50,-1.7352204863908587
0.6901114992797375,C01,-1.8308204154787615
7.587678523268551,C29,1.8353232844867944
7.417902199085802,C51,-1.195223466800584
1.7544894549064338,C15,1.954724304068844
6.746560733299702,C13,1.2059900843627707
6.460864944383502,C51,-1.463813915987508
2.3967454582452774,C06,1.441347803566243
8.389762127771974,C83,4.047521230460706
7.9493991658091545,C89,2.909955016634817
7.841092043090612,C90,1.8418410622712518
9.54334027832374,C10,1.5703535857257376
6.271151397377253,C05,0.8477664324024445
6.5239676693454385,C09,-0.795888779716099
0.12839308474212885,C12,-0.13685071491881054
0.4598459508270025,C52,3.5375480500217815
7.828007636126131,C30,-0.8502593276597006
2.107348837889731,C62,-0.06415190533463891
9.676447259262204,C03,2.182031510542868
6.525255497545004,C63,1.4956288860493756
5.271048902068287,C35,-2.1483591265998245
8.121297515463084,C05,1.6247219036736262
3.707562063354999,C64,0.6581056864542103
4.743620685767382,C90,-1.9395746624452412
6.993658680003136,C04,2.199297919654475
0.7924347068183124,C89,2.0542714841058736
3.8898830232210457,C94,-1.3701003238395495
5.298211548943073,C19,-2.373273197575488
9.541756308171898,C49,1.155896114914822
3.9365134411491454,C18,-4.552803358620022
3.896177641581744,C10,0.7667220180941057
0.1141692721284926,C47,0.581029442322337
2.807395150884986,C00,-3.670219152292896
6.468636989593506,C03,1.2126915721160043
9.952951085288078,C32,-0.12324294340215391
7.072557529900223,C12,-0.16431489018275874
7.514410722069442,C73,0.5212714498975307
3.3472158038057387,C96,-1.5102937460462802
9.932701790239662,C11,-0.49141462419942594
3.4922093991190195,C16,-2.894051295343471
5.6574079021811485,C02,-3.267230394325579
4.53549308469519,C12,-0.8003752322260389
2.9469067696481943,C11,1.5349202164324254
4.452480175532401,C00,-2.2292015206200744
5.600378355011344,C23,-1.5642244093691833
2.3030406422913074,C06,1.8998141205605052
3.003103833179921,C08,0.4091929123704513
2.926900079473853,C02,-2.588782538868739
5.700835285242647,C83,2.121646928033659
6.0449560871347785,C05,-0.5998686264079371
4.697111267596483,C06,-0.44751013036700626
3.3938335138373077,C29,-1.8940899805413989
2.030005273409188,C37,-2.22849420835155
2.857065254356712,C17,4.4208709857151485
1.2883540149778128,C72,0.36732994421108667
6.222473380621523,C15,1.0123305990518983
4.494385297875851,C41,-0.6827882852931767
7.329638104420155,C05,2.846874018293348
2.3567446251399815,C18,-3.571919682856085
3.668287885375321,C79,-1.357784454777243
1.4917433122172952,C46,2.1102764158673892
4.553297287784517,C09,0.11026496045632406
4.358472910244018,C15,1.48746842933752
3.338365303352475,C97,1.963125809294015
5.242416481487453,C32,0.008296344607061357
4.7024424793198705,C03,1.7257236563956897
8.868566497694701,C05,1.5531336012303516
7.14383726939559,C06,1.9946745318737338
3.327744803391397,C85,-0.6947008093652123
0.5543644865974784,C07,0.7904521096216077
8.293540342710912,C66,0.9733551274664529
0.926565385889262,C02,-1.5619513795100044
5.937287155538797,C09,1.4073599948059472
0.32148318365216255,C67,0.6689489506138918
1.9517746358178556,C05,2.9559495672069
7.1894158236682415,C59,0.28354820680253523
2.6704238331876695,C00,-1.91074154742462
0.7359483675099909,C14,-0.00959767853075405
4.630946316756308,C25,0.4049238713347645
0.05962311290204525,C62,0.10310111299683289
8.207093456294388,C33,3.9908944185568314
9.080438450910151,C68,0.3237562687668311
5.558966079261154,C23,-2.2852091200685445
4.388853665441275,C88,-2.515686081057477
3.9984659920446575,C00,-0.7947937845773898
7.756455047056079,C58,0.5511901922781264
2.8828378836624324,C02,-1.175860033328515
2.945717480033636,C58,-1.8052576697623521
2.896608831360936,C19,-2.2977061788614193
0.19107411848381162,C00,-2.933716326144456
6.131425718776882,C37,-0.5349443998981891
6.695050001144409,C24,1.037159405864141
8.907689640764147,C40,1.1846815740970325
3.755575770046562,C26,2.1503272106807
4.616015523206443,C60,-1.2045776201605345
5.427411657292396,C66,0.698765124059815
1.0009540361352265,C01,-1.5791784815104628
4.183285778854042,C02,-2.834460886845569
0.16419720137491822,C10,1.9328902464393076
7.1531688421964645,C72,0.5458389306979841
5.1086190599016845,C40,1.209570235070708
1.611486654728651,C03,1.843416841238073
8.801829626318067,C53,-0.6557094724514756
5.040700561366975,C78,-2.239223023841758
0.846920688636601,C97,-0.3632614021474786
6.618693172931671,C44,-1.6448022073820179
5.568053936585784,C01,-3.5271267676384372
5.382279781624675,C43,1.5635446324163795
9.449758799746633,C40,0.004182709985896427
4.285190426744521,C74,-2.054611763920871
7.105347188189626,C01,-1.3350720683109545
8.625833056867123,C00,-1.7299706342171395
6.604393627494574,C09,0.4062031572114164
5.521308626048267,C08,0.24350565004338565
7.309711556881666,C04,3.2392590078768473
1.0994733544066548,C00,-2.9803660624476445
1.163527020253241,C00,-1.4139789053149872
0.6570645212195814,C00,0.08809487789895787
6.378997976426035,C19,-1.506575349649941
5.587381469085813,C98,-1.5160756037356449
5.683750514872372,C04,-1.1856955135606952
1.693483132403344,C00,-1.600612056783809
4.830114273354411,C52,-1.4541553493608173
7.11611325154081,C02,-1.5527749522918906
8.535508967470378,C12,-0.3683991797473658
9.570621969178319,C20,3.240729502664033
9.114620697218925,C28,-3.1399688701744157
0.5551151977851987,C35,0.701842664093514
2.240157015621662,C74,1.9543566056194193
7.2779521881602705,C44,2.4699983581796383
0.5800365377217531,C92,2.209946301362699
7.743685762397945,C00,-2.088956674082007
0.48860781360417604,C42,-0.13280200415201382
6.928592894691974,C30,-0.6061891130094963
4.718193311709911,C70,0.5512449563677515
9.11577271297574,C09,-0.4027019070186144
5.176446195691824,C00,-4.3385191763775435
2.5641051144339144,C33,3.2120554463042725
5.6652636104263365,C25,0.3603569669914247
8.96804379299283,C29,0.399346368831346
9.252583598718047,C87,-1.5128161818438843
1.2913407385349274,C08,1.5988435155500569
9.51494159642607,C20,3.4240867814363236
1.2529064854606986,C02,-0.4381512055950477
7.931602338794619,C08,1.8436546285043605
2.850512145087123,C66,-0.2969819678081371
9.519031466916203,C28,-2.515758132411949
3.5526901087723672,C73,-2.8127364506723875
9.659931214991957,C51,-1.5616773293757285
7.092577964067459,C81,2.4651157749331816
1.7814184725284576,C84,1.557696985512449
9.46864748839289,C37,-1.1174921458461358
9.732516298536211,C21,-2.9928157906969695
5.661151232197881,C58,-1.1233038789445287
6.876735014375299,C50,-3.0607874101022317
2.191989072598517,C01,-3.20193018755213
4.298416816163808,C70,-0.04919275403182077
7.523749899119139,C02,-2.4600886099521384
0.24937878595665097,C19,-0.9107270984347042
1.0165946907363832,C31,2.2067566587585663
2.4458783166483045,C58,1.6939381365844723
9.529240666888654,C07,-0.7336389770819622
3.189761384855956,C80,-0.08320092035234228
3.3802292542532086,C44,-0.14924661286516666
4.869667699094862,C23,-2.811783928551838
1.2106914562173188,C10,2.227794999548596
1.724066713359207,C83,4.51325981180486
9.727670333813876,C12,-0.8052145083234592
9.162061668466777,C42,1.2812662882801695
8.650035553146154,C44,2.4675887615199272
8.051602216437459,C00,0.18495097067053945
4.503951505757868,C90,0.8886271228759972
1.2550469255074859,C00,-0.903833065915164
2.934863418340683,C96,-2.3912349889146096
8.949009904172271,C54,3.413368145879848
9.307997121941298,C27,-2.0873409313011058
2.069294222164899,C02,-2.0183764967174964
8.011195806320757,C00,-1.9928976957414166
3.376870893407613,C23,0.10031512850337165
4.160236779134721,C00,-2.414758146635644
1.0916643217206001,C47,0.2653563682926483
4.543012666981667,C50,-3.087966009489377
9.102551529649645,C00,-2.3678875455228097
1.6826505586504936,C56,0.7910064217922123
6.372112431563437,C04,0.11143815559495085
8.863377030938864,C86,-0.933086226599718
5.555757258553058,C62,-3.460704617917308
8.814493117388338,C06,3.019359017935531
5.672608348540962,C58,-0.0631516774967451
7.350986027158797,C31,1.0293673914294568
9.668129778001457,C16,-2.1712991679033604
7.012816146016121,C05,2.429412914364563
5.71487840032205,C86,-4.581828623799456
0.27307706885039806,C87,-2.3062812716394254
9.52418633038178,C32,0.7665662047501447
1.6531082475557923,C51,-2.507583792405584
1.0207499912939966,C05,3.5032421944685543
9.686508777085692,C98,-0.3144182071801116
8.080754766706377,C62,0.22847166043202027
3.757361280731857,C89,2.2038602591719654
6.664754501543939,C15,0.4060810445860188
4.820840137545019,C73,-1.936286980448937
4.632140987087041,C02,-1.68910638249383
8.90653720125556,C30,-2.604627557102216
6.923545999452472,C42,-0.44940989238928686
2.3153053736314178,C91,-0.11647818081289024
2.3172318865545094,C35,0.19545096532127681
9.617470155935735,C66,0.35213198826503067
6.227807474788278,C03,1.2385017530502695
6.633553188294172,C01,-0.8548788200419872
9.518342749215662,C00,-2.6234327118365623
4.199726970400661,C33,1.9588496391120567
0.9127931669354439,C09,2.369346722697184
0.39675303967669606,C18,-3.8491897602699616
8.345144947525114,C72,2.1709307898043986
2.314611680340022,C23,-0.5962833561477243
6.268887959886342,C17,1.1524100532911912
5.157411352265626,C30,-0.8517400112399736
2.0282885851338506,C68,0.03520320724227388
8.861809275113046,C23,-1.0717217207558842
9.387202130164951,C94,-0.18110826503293376
5.014546432066709,C08,-0.4007583432600624
3.541804279666394,C95,-0.7955088057383974
7.534540102351457,C37,-0.5490840118001838
9.422712756786495,C96,-0.5488346993753422
3.473524043802172,C10,2.8794554605879723
8.618095049168915,C99,2.532979838269713
1.4535238803364336,C69,0.4542411567842729
2.3815106763504446,C97,0.22755458981195298
9.224804097320884,C42,0.5522339530608986
2.2535089729353786,C31,1.8943456129072749
2.9513288545422256,C04,2.3348037832607553
2.407558411359787,C39,-2.4067922578155176
0.7501362077891827,C75,1.8279391880865694
4.98031112132594,C57,-1.1672423195349515
8.205007810611278,C57,0.7142054900172947
8.908969145268202,C29,0.49925458057189204
7.349087395705283,C01,-0.5981649000269529
4.009926710277796,C15,1.701135688495372
6.880721808411181,C14,-0.4572254736763525
7.54661955870688,C00,0.1492732588250536
4.732712514232844,C15,1.608017997737021
2.149583278223872,C92,1.8115743923335659
1.638612155802548,C01,0.415663833568108
3.7612582719884813,C33,2.7134888938148727
4.537964940536767,C05,0.33274502328048783
4.566631328780204,C01,-4.482730587485115
1.608788943849504,C03,3.215041321633646
0.24835680844262242,C10,2.3180145942557564
1.3491891417652369,C57,-1.0753497159831111
6.251551099121571,C03,0.787185897397991
3.5599206085316837,C03,0.3194919378395964
4.302225196734071,C34,-0.18819716930271055
7.1803772915154696,C06,1.922746904708363
5.557531781960279,C03,0.7566204308501376
3.287373788189143,C44,-0.4054533611416181
8.705212289933115,C32,0.4822196066828457
4.355762838385999,C01,-5.06209044352374
7.292498399037868,C00,0.4306108471768635
1.8657911964692175,C17,3.129531995146013
9.973180857487023,C97,-0.18251006491379762
1.9111849879845977,C09,1.6446069784248034
1.6819895803928375,C01,0.11824086197059769
7.584618078544736,C06,2.612113619349274
7.2379328846000135,C05,2.229298009603808
5.206288120243698,C11,0.18786556250200837
4.767658580094576,C27,-2.178093318805358
4.916525578591973,C18,-3.7976725888504816
7.396485931240022,C00,-1.537050069294258
4.44467046065256,C18,-5.84473194484116
8.823325636330992,C21,-0.11317110477371473
7.221439874265343,C81,3.534437812912716
7.837518625892699,C00,-1.5252765635039855
5.513878220226616,C56,-0.8981496367216737
0.8148427866399288,C28,-2.3382397399058927
0.7939643412828445,C03,2.0885916093447223
1.760994279757142,C95,0.445822477252688
2.267276511993259,C96,-0.28003368095933784
8.548243765253574,C14,0.4041688776692749
9.792167325504124,C16,-3.7107501909872136
2.2634782874956727,C71,1.4044455913076321
3.506977087818086,C07,-1.8591559638819355
2.5957531784661114,C72,-0.06005526811387529
0.1505806017667055,C65,-0.8901643180197976
8.431595470756292,C00,-1.0186676482456996
0.5526589578948915,C15,3.0117507891053887
2.6485148980282247,C11,-0.9459086848818363
3.2476090197451413,C00,-1.6126538646446087
6.249571722000837,C00,-1.4179951801605086
8.606270425952971,C04,2.972622899219739
0.37531728157773614,C91,1.08773582812123
1.8918702565133572,C72,0.4999084922529693
1.9618249661289155,C33,1.365643398154233
0.039528426714241505,C05,2.307326911151579
8.93417856656015,C19,-0.9783249519275865
8.177352929487824,C12,1.424695234226685
3.7816273840144277,C15,0.07603946356678931
4.896341720595956,C42,-0.7840144219605207
3.4043791284784675,C06,0.48384054129881765
4.260313869453967,C03,0.530936827951514
6.485038478858769,C45,-0.051316693165195826
2.724802808370441,C20,5.829597323869489
9.543428448960185,C96,0.2917079042410573
4.476800619158894,C30,-2.159629197735819
1.9151819101534784,C71,1.6520499221075928
5.120222431141883,C40,-0.7724523109236455
7.2886752942577,C82,-0.921341707649804
7.428886569105089,C12,1.0692226885983507
5.3286723350174725,C06,-0.7749987868878542
0.9572860086336732,C86,-2.609360529962681
0.618785172700882,C05,2.2267799846321266
7.518319948576391,C10,1.0908522188917344
0.5837370059452951,C28,-4.6688802707681045
6.531553030945361,C54,3.303819104492275
9.346030419692397,C23,-0.7325117434115104
4.627670950721949,C61,-1.973851965429709
8.1593357748352,C75,4.139372939298294
4.304041846189648,C27,-3.1397081843527137
4.101368493866175,C00,-1.56884882195999
7.868064558133483,C40,2.039097340528434
0.30809479765594006,C04,0.2705187590648934
6.06277885613963,C06,1.222223013920603
2.465322276111692,C72,0.42678467386191515
7.00560417259112,C05,2.166577748177238
6.445693732239306,C07,-0.021826160790827
4.4517656322568655,C05,-0.5363389457008924
4.871927646454424,C03,2.7752099999794826
2.1776512428186834,C26,2.6784136914459666
7.287664378527552,C68,0.365037919342296
0.7491136807948351,C28,-2.0928785081842403
0.9135714615695179,C25,1.6703356247784815
3.720995693001896,C63,0.009543517294284154
6.392634124495089,C00,0.5049277469063718
5.477342060767114,C32,-0.9675135673650685
7.660690618213266,C28,-1.7307098977577295
7.671165480278432,C79,1.728803391714041
4.5974837825633585,C14,-2.743442299739582
4.187102436553687,C00,-2.5900697181584387
2.9223190806806087,C67,-0.3458955078544924
4.9412426725029945,C53,-1.8800306783524594
6.365151365753263,C76,-2.566305905728061
4.9895717413164675,C11,-0.6531383619125232
0.7162210205569863,C03,2.1775262295258635
4.319338591303676,C00,-3.5658441146133586
5.893152819480747,C15,0.3952225450062998
8.546217093244195,C08,1.5449377734485923
2.637879056856036,C75,1.9731497195823342
7.499775872565806,C38,3.226444075112783
3.9956968231126666,C49,0.21981165038298567
0.08106716442853212,C74,-0.7340221881590637
1.503760281484574,C89,2.7897916119145463
3.0331664090044796,C02,-1.0572251319761248
9.234308497980237,C17,2.9350285072913325
7.981620489154011,C06,0.828811149346575
1.806046946439892,C51,2.4712217117639286
8.509683588054031,C02,0.30323045607225874
0.8272502990439534,C25,3.0052078671694415
3.330053468234837,C14,-0.8631836676433005
0.17780265305191278,C72,0.377476223461617
5.366880563087761,C05,0.8827867322334835
9.852971367072314,C83,0.6698499448784844
9.983527506701648,C57,-0.9676625648245307
7.0714769791811705,C29,0.2514942003243838
9.859989534597844,C21,-3.371851555825249
6.707398681901395,C19,-0.3199101384242067
4.784652818925679,C63,-1.0116534833444888
1.655920052435249,C73,0.6424815798173313
3.648660120088607,C04,1.3299794912082419
7.39231166895479,C67,2.3243793039043483
3.2978935609571636,C00,-2.378262842171356
5.159854432567954,C79,-1.2623361579790866
6.8282306543551385,C63,0.8273260579854662
4.914754978381097,C91,-1.2839856867523929
8.953169556334615,C07,0.4277674911364491
4.590620014350861,C12,-1.4034141872383261
6.653660640586168,C36,-0.4864600239403002
4.481239847373217,C69,-0.28208198762243053
9.108295659534633,C00,-1.5410888187777505
1.611607235390693,C83,0.701252775747724
8.023544081952423,C33,2.2086112637460786
0.9261176967993379,C11,-0.7165387621200345
1.2644002423621714,C28,-2.336205375396545
9.889549042563885,C01,-3.295870102347732
1.321034780703485,C80,-0.40151289677367386
5.314535626675934,C19,-0.22011593786416173
4.402513217646629,C09,0.7192628933106028
5.376471532508731,C15,0.8250332953365849
2.2500296402722597,C03,2.915541947094043
8.921893525402993,C87,1.4029521096611157
7.599241938441992,C42,-0.41391470482502135
9.90823628148064,C45,-2.09949413038201
5.683457932900637,C36,-0.5315159937693531
0.41424594819545746,C09,2.997123169421427
9.870224096812308,C53,-3.393796190928234
9.83802849194035,C88,-0.4622341724791812
6.231731742154807,C55,1.0289880180037576
4.762039321940392,C18,-7.222918933334542
2.3690060386434197,C92,2.2729628896937553
3.0140476627275348,C09,-1.1145097001930973
0.49647540086880326,C00,-2.04107237386697
0.5576139478944242,C60,-0.0923270156361049
6.826554874423891,C70,2.897247337924104
2.825366996694356,C03,2.2355917163976997
5.83455124637112,C86,-2.5541365660215454
3.379068663343787,C36,-0.93748479647525
8.703948555048555,C00,-2.8567315310285997
0.6185688078403473,C98,-0.3177651386943825
1.246881962288171,C13,1.879230443105997
9.598241643980145,C00,-2.9613124008883833
8.485988869797438,C36,0.6828161716959331
4.3734150170348585,C94,-3.556671774686328
9.685604549013078,C16,-1.49713674660288
8.969283427577466,C36,-0.48855160811348897
8.928075381554663,C65,-2.063898539288667
4.1205337177962065,C09,1.8961761982999255
2.024131177458912,C48,2.4041838240114353
3.9929079241119325,C93,3.059559229675252
0.5269455770030618,C40,0.8513870883544171
1.3288252637721598,C59,-1.5097892099806423
8.499756057281047,C30,-1.1572571880082563
7.880763271823525,C46,0.029562455066310944
2.446618073154241,C01,-2.1899659693097053
0.29287420911714435,C05,0.8805415156864093
5.976290558464825,C36,0.9605430451429341
4.695098923984915,C03,1.702841219549994
8.360960811842233,C25,2.8923730668467833
9.647748046554625,C33,1.3329106479920305
6.791290049441159,C06,2.3099522736928213
5.560641731135547,C44,-0.929351239410817
5.27011405210942,C00,-3.9567076009192035
1.354031867813319,C40,2.018232821771565
1.8665948044508696,C05,1.9616489257718226
7.886560591869056,C00,-1.3834791020161625
5.518522632773966,C69,-0.5263791728696062
4.836879002396017,C68,-1.3287371687174276
3.5075637977570295,C06,1.7327142045721604
4.596336563117802,C19,-3.8631460647434013
8.058193833567202,C40,1.5262168942540315
8.216102728620172,C13,2.5787468232964863
7.800256710033864,C13,2.1953693686964812
5.085867668967694,C59,-1.6644419538345805
5.12302934192121,C17,0.8730662256944663
8.228620656300336,C61,-0.590262165305214
4.506928131449968,C06,-1.6682610339679438
5.1564196683466434,C62,-2.1971069015472255
5.868956763297319,C06,1.4554007632501769
3.5532459570094943,C04,0.7065659981202652
9.272797389421612,C02,-1.926750834164536
4.300758489407599,C31,-0.7964878238055482
4.602604859974235,C05,0.8070371648094752
1.3227840140461922,C00,-2.8998507350579006
0.0778576242737472,C02,-1.4469835709514833
4.807806699536741,C79,-2.5686132685773355
9.363241293467581,C05,0.11411415446520112
4.834172374103218,C32,2.2979777269706183
2.9943024599924684,C11,-3.1492284709877403
6.204593467991799,C59,-1.6717275380563437
6.7934684618376195,C18,-3.668657252818022
1.6717358399182558,C16,-0.873998514027013
6.970883349422365,C09,1.0961792787932305
9.423318428453058,C24,-2.8546165376038433
5.042541795410216,C30,-2.328021145550758
3.375629677902907,C75,-0.26444606259777936
4.937839629128575,C43,0.6545359209627774
5.760542068164796,C84,0.08234027381485415
9.808178441599011,C15,-1.1124223518643341
0.6519543030299246,C14,0.028703990247373856
3.1386658991687,C22,-1.596616546225091
8.826110193040222,C18,-4.373701408637748
4.534431623760611,C33,0.37759943665427076
7.202054099179804,C44,2.444800066708386
4.608266178984195,C13,1.361435810328413
3.8060482777655125,C47,0.4975912613034158
2.511806283146143,C76,-3.020456425355259
8.991146970074624,C90,-1.5337676591016938
2.486267436761409,C22,-0.6349209702733027
7.485547917895019,C74,-1.4992292004626038
7.604308475274593,C72,1.082506102445448
4.836013410240412,C09,-0.9067576524411116
8.033654922619462,C58,1.1577478102643075
1.7917597200721502,C98,0.6782768927604818
4.450882826931775,C30,-2.7702633912656762
0.35031942650675774,C40,0.6880712378339343
4.652831626590341,C70,1.8155395393128537
9.857081251684576,C10,1.769084195296757
0.11888560838997364,C08,-0.870924748388195
2.930194379296154,C00,-1.7336155437619214
4.7336100856773555,C91,-1.211087969562436
1.4336789026856422,C32,2.2676716006622564
5.891359525267035,C34,1.0219889642318234
4.057438736781478,C90,-0.41609214924304494
1.873517925851047,C05,1.2338941024039474
6.043500562664121,C29,1.5854020155904558
9.567644842900336,C20,3.2284037127369594
1.5049104928039014,C68,0.14078987294192502
7.412876794114709,C24,-1.1867017403594533
5.376903214491904,C42,-2.130952651586057
5.193434802349657,C68,-0.8752174544825236
4.213836342096329,C87,-2.710253302506525
8.798122887965292,C28,-5.024930919156769
1.1461392999626696,C37,-0.15510640550759355
9.74126695189625,C02,-4.908803312487141
7.916006010491401,C72,-0.9606078834430005
2.921516508795321,C14,-0.586612610478692
6.342970342375338,C60,1.848493701664423
1.6647108201868832,C35,1.4384869421220325
3.824655080679804,C01,-1.0402850015331895
3.0977705819532275,C67,0.8278590788125194
8.694936581887305,C00,-0.9925270989130305
9.721306699793786,C09,0.4878622944131041
7.258721326943487,C63,0.21108953378551687
9.176648405846208,C97,-3.1552355775126926
0.4248006804846227,C32,0.2939215972931196
7.176872028503567,C16,-1.6970872530547985
5.607042601332068,C00,-1.9161737627123459
3.3071314683184028,C02,-2.7999897018186224
5.411299781408161,C43,0.24164463801763497
3.688195839058608,C11,-0.8868447984485222
4.7085993201471865,C08,0.6870440535035822
7.028115170542151,C63,0.5998143226131678
3.5656939796172082,C00,-3.4091125015139214
6.270315863657743,C29,-0.036853311826463536
8.416316870134324,C87,-0.511689158375934
7.377054574899375,C91,1.5598831839885006
0.731125760357827,C06,1.9407629157097745
5.374394622631371,C87,-2.713544707776693
3.780636773444712,C61,0.9754322630291883
4.810719129163772,C36,-3.338903006418237
3.672392927110195,C04,-1.4064103330901336
9.01805727975443,C63,1.6315062373740732
1.1554267117753625,C49,1.5619875106061085
8.029751339927316,C15,2.8317373116613553
5.962158606853336,C95,-1.4740454102677338
7.9882954130880535,C26,2.286737734263567
1.1645282665267587,C02,-0.9994115352033496
8.001349340192974,C94,-1.2718713998570053
7.604966668877751,C07,1.1265635427975906
0.3914783871732652,C00,1.1561396922535763
4.91909553995356,C06,0.23139649182085992
4.298731749877334,C64,0.5745946256812207
9.146569790318608,C03,1.588152320293766
5.952044629957527,C00,-1.6741452586115382
6.404815837740898,C56,1.66413050766091
9.143052257131785,C00,-0.1284043618198063
5.948854964226484,C04,2.3593645126900706
0.3188495826907456,C93,1.1624835717205104
1.7817696067504585,C19,0.5550789320384871
2.20254915766418,C00,-2.06819066159828
6.112632374279201,C12,0.15697118491778767
4.181891102343798,C00,-3.8136927183496816
6.5599430608563125,C33,2.341125163437054
9.327266106847674,C27,-0.35056996435246457
3.4497569082304835,C67,1.1615101225580238
4.79360684286803,C69,-1.6760374505642481
7.059440738521516,C84,2.4991652107300606
5.613246725406498,C46,-0.818691562593615
5.627134612295777,C43,0.07811498912888126
2.6989842648617923,C12,1.0964677223924733
1.0546558978967369,C17,0.9535212935041759
5.06151967914775,C09,1.0309502039785836
3.5549631691537797,C44,-1.393224316136152
6.084456176031381,C14,-0.9706287425996449
3.3742101793177426,C00,0.7551140287183129
9.77052717935294,C31,-0.7538431700081272
9.012195281684399,C15,1.0522876343167142
2.9678807011805475,C61,-2.9641231853933707
6.176042519509792,C72,0.4896998546188724
6.394351036287844,C02,-1.8119520418682886
7.272823897656053,C90,0.7400216133532517
7.170932714361697,C42,1.978420768572839
7.896077549085021,C66,0.8057926792229699
6.928896137978882,C27,0.11742276716043787
5.422412164043635,C61,-2.974522881541412
3.53336752159521,C56,-1.2076115217830017
8.910557855851948,C25,0.690163907291679
5.146661424078047,C19,-1.514926188121829
9.691890208050609,C54,2.536604721441469
9.098739414475858,C31,0.4705462959304041
4.141164417378604,C00,-2.107769766557496
5.254073552787304,C03,0.37188572162736194
8.333387151360512,C33,5.435063589993192
7.692181204911321,C43,2.776377849409654
7.855683995876461,C25,1.8994621488291927
3.499888388905674,C01,-1.9420600513468305
2.231980392243713,C24,-0.184197305169312
4.715896146371961,C66,-2.5229510925119767
5.918331060092896,C07,-0.27325225934919917
5.516132186166942,C80,-1.5109616555722165
5.1485758647322655,C03,-0.33547656092660694
1.7531253723427653,C33,3.380620286874039
3.0457855807617307,C45,-2.3235942708555406
0.2086419123224914,C86,-3.0376966380173496
5.848878100514412,C21,-2.9084088154953225
5.533564470242709,C43,2.0853865160331404
5.0413877121172845,C61,-2.998241796946457
0.4569192323833704,C70,0.9894173695778326
1.5388623788021505,C32,1.0897326762176545
2.8858325397595763,C24,0.7809553318924851
4.851586858276278,C00,-3.046344746176815
3.9172181067988276,C53,-1.90492840473025
0.2296005841344595,C37,0.38007789365707934
9.44734029006213,C12,-1.261915675916021
2.047228920273483,C00,-1.0418758928711793
2.617908250540495,C00,-0.6139869579197739
2.5988069572485983,C02,-2.9287620229258264
4.972629994153976,C42,0.8186335616577087
0.9768140851520002,C10,2.97806919927204
9.562924765050411,C00,-2.94532738690194
6.60909007769078,C02,-2.6009797502838454
7.684526608791202,C36,1.113819400570321
7.593580896500498,C05,1.8079553166114972
3.3161430549807847,C62,-1.0618621692420234
7.829027103725821,C00,-2.3213182743451553
8.168541251216084,C38,0.8076467980601194
5.302566846366972,C72,-1.0363037074703956
1.7657078499905765,C11,1.876282131076481
7.124872587155551,C44,3.4350123244544655
9.427607827819884,C17,1.2725713477982554
3.7356320302933455,C97,-1.2882342414024803
8.810848107095808,C50,-2.0468176161608147
1.895895053166896,C56,1.7350837528341918
0.3923767153173685,C71,0.4216174223301921
5.5312222870998085,C00,-1.8026861935255336
2.192079685628414,C23,-0.6502066885082738
1.8101546121761203,C75,0.989240733528838
8.959275169763714,C24,-1.0145322076711087
4.859008830972016,C00,-3.2352902078772083
6.526006823405623,C00,-1.366876286176364
0.2255242969840765,C39,-3.195043586126843
9.327741521410644,C01,-2.0520487949445667
6.663664623629302,C30,-0.9238589816190504
4.503490310162306,C63,-1.7056512795386936
7.642576333601028,C10,3.0793814459276447
7.88625571411103,C07,1.3194542530212678
4.190152771770954,C32,0.41119253120312393
4.436723233666271,C42,-0.24292323174276303
9.153397399932146,C55,1.4731349017561057
8.777882121503353,C49,2.2014575702594517
5.8927430608309805,C02,-2.5497476440432414
0.6356086558662355,C00,-2.81811327424205
6.719947257079184,C14,-1.0280098646864446
8.408359896857291,C21,-2.6865326241819907
3.9452751353383064,C11,0.5364144371974867
2.576279721688479,C00,-0.4810614385974752
6.421553404070437,C29,-0.5832937857436188
0.4055290902033448,C01,-1.2945278886236409
8.896951696369797,C84,2.119601094653042
0.5779204028658569,C06,1.1343272280199201
5.793145531788468,C03,1.1621357839226287
4.925067634321749,C32,-1.0518630069691468
8.567115147598088,C28,-2.7912516874699036
0.1211801846511662,C28,-3.748733904751723
8.701826054602861,C19,-0.8563099974522829
5.799479018896818,C82,-1.866714797008571
7.702850459609181,C03,3.8800352495539414
3.7163887615315616,C02,-2.477899316798971
2.198882799129933,C08,-0.8518969641503319
0.29933955054730177,C94,-2.1903596272629193
5.935339932329953,C20,1.65036787076305
5.226545007899404,C15,-0.5296648087460771
7.303837980143726,C69,-0.04259927370476188
2.0584651455283165,C07,1.8516011730442337
2.95640921453014,C01,-2.046836273237808
1.5771271125413477,C09,2.2316756754597136
7.287326010409743,C57,1.9502136131675938
0.7074308907613158,C00,-1.9175487468645467
8.058671015314758,C31,1.32230750951223
2.4246219731867313,C00,-1.8355356317398197
1.5705545246601105,C86,0.8490802601767955
7.296087418217212,C00,-0.8856544358338178
7.351610853802413,C02,-1.422392683043487
1.5732802893035114,C93,3.4031696074464137
2.539914818480611,C00,-0.21778967848425368
2.548159353900701,C12,0.14673578541064394
5.814271543640643,C35,-0.6791808057030104
3.2279193168506026,C44,1.336044587088126
9.814852650742978,C21,-1.9714528797744837
4.780754025559872,C10,2.025215575447883
0.3968420182354748,C28,-3.0638528689737603
2.04891468398273,C02,-2.081450645144442
6.823044321499765,C26,2.8495339891007188
2.4990529753267765,C57,1.300784674596325
2.326299629639834,C62,0.5999845330726693
5.361049608327448,C00,-3.8596809769619203
0.7580404030159116,C59,0.3017175744787731
8.986362104769796,C43,2.109511192068558
2.589465328492224,C46,1.0394043199818277
6.79675675695762,C00,-2.3057519047382073
1.3789460086263716,C24,0.3682263141632708
5.194824056234211,C23,-0.9864064283530909
1.1448455275967717,C88,0.14354200082334245
6.256449131760746,C24,1.2626164652871452
7.522066559176892,C07,-0.5550437448305843
0.7915172609500587,C26,2.990686830595968
6.4998686872422695,C39,-0.13259094589567244
6.654185268562287,C08,2.161262562528167
2.5194505997933447,C12,0.13577713991639745
9.665823963005096,C02,-1.8872586147552435
4.714322546496987,C86,-2.8981309167065663
7.061399028170854,C67,-0.6405423185351609
1.548227807506919,C08,1.1908090275463599
9.708960903808475,C34,-0.7417142047462528
8.901897156611085,C72,0.41821613985903117
1.3762186281383038,C92,1.9722028424650808
8.665673425421119,C04,2.228843515053736
7.843746352009475,C24,-0.16013370383199782
2.2733451379463077,C08,-0.2707587181926664
9.735595742240548,C02,-2.409212668836798
4.9105498730205,C32,1.6179213657643914
1.9836349063552916,C50,-0.429353096703037
6.236163349822164,C16,-2.631873445284424
2.2437190380878747,C62,-0.2632081170155801
5.819590049795806,C03,2.222286687396127
8.895344869233668,C35,-0.12653599599095505
7.204839838668704,C94,-1.0161041016290495
2.0906260423362255,C46,0.8594105843284212
7.104914386291057,C08,1.0472537904268353
5.964579312130809,C12,-2.658558515686937
4.117673463188112,C41,0.16030621536778322
7.5135105568915606,C23,0.24369841396359382
3.833771937061101,C79,-0.953324169716601
6.057355711236596,C11,0.5953979299530774
1.59139359369874,C00,-2.6440342990357095
1.434117229655385,C14,-0.6630359565735889
8.588779042474926,C06,1.5337444464219927
3.6641501844860613,C23,-2.3668194569506777
4.5193750387988985,C19,-3.593546807255164
6.483097865711898,C29,-2.7884371987926015
8.892809019889683,C49,0.9662203922980013
8.881933253724128,C05,-0.17667127985315223
0.42409261921420693,C57,0.4941399313200453
8.430021272506565,C03,1.995777042393453
9.508646545000374,C79,-2.1178531769801863
3.171327719464898,C27,0.349315807083997
2.6154378126375377,C89,1.9532563357624146
1.3330789795145392,C60,3.879497809236383
3.5328042251057923,C03,2.032405213731257
1.1929381429217756,C29,2.160829967510665
3.036682466045022,C01,-2.0464917490931684
2.6713050925172865,C98,-1.084666397660956
2.2940115677192807,C66,0.1326794416380589
0.950158229097724,C30,0.6378624978613024
7.8653344814665616,C02,-0.15044112621574146
7.527584747876972,C02,-1.8628137034948282
7.550291316583753,C17,0.9856006665699069
4.881762363947928,C06,-1.480922315798994
6.087062729056925,C02,-1.8200014990623656
7.230569110251963,C40,0.15196262590346765
5.626616703812033,C07,1.0875881448046105
4.265621658414602,C33,0.4652977642592353
1.1596997315064073,C00,-2.4636702123407264
5.62309053260833,C01,-1.7343045850634
0.37194613367319107,C01,-3.0661115443821014
2.9596389830112457,C00,-2.0224798979002307
7.044015976134688,C14,0.6802079606901987
2.2951680282130837,C65,-0.8975699568424199
4.257484369445592,C74,-1.5365592119129547
1.4813318266533315,C07,2.123868879210659
7.894926113076508,C57,0.2738996123495341
1.1504255002364516,C12,-0.5311524380353148
6.617245359811932,C68,-1.0833291047493632
5.542319214437157,C19,-2.658865645046122
4.696028451435268,C93,-1.02207342066089
1.2056193011812866,C01,-3.828240199262689
2.128138451371342,C60,3.4924017552390323
0.4835896217264235,C00,-1.3084175418125212
2.6395938103087246,C87,0.23412292388712264
2.708340159151703,C24,0.03094244166684057
8.336875163950026,C41,0.8523726082695633
9.312685504555702,C97,-1.7443109615820978
2.0084286690689623,C29,0.2276380869429348
0.2504243073053658,C01,-1.8341772484748882
3.1246790080331266,C69,-1.2613383082424958
9.073305383790284,C15,2.790431745302127
4.032851138617843,C87,-3.44183029209848
0.6687746965326369,C63,0.6913861325204539
1.6811516089364886,C22,0.6240063895336934
1.8722938071005046,C04,1.2175550153234305
6.798362315166742,C50,-1.4139545540290528
7.760621060151607,C00,-1.3243676105710447
5.889592510648072,C23,-1.5097547783988243
6.083261121530086,C13,1.1212535255306895
9.282011897303164,C36,-1.4217818150946935
8.388953977264464,C08,1.5473743491213356
3.7408137833699584,C04,0.08216272259288859
7.422758156899363,C61,-0.12473803234333597
0.16185528133064508,C88,-1.7020308518312677
3.4854963328689337,C07,-0.6689789503184141
7.5723094958812,C72,1.0077993402434189
4.814079497009516,C03,1.2539014350639057
3.773288840893656,C26,-0.31416361464908305
5.586681989952922,C96,-0.8263644225600255
4.6410007774829865,C45,-0.8571769138488881
6.00389362545684,C66,0.8217111947950355
6.850560714956373,C41,0.776893137147896
8.414047311525792,C52,4.841886090711459
4.186092638410628,C35,-0.8906634517289715
9.525725191924721,C41,0.7504381907421354
4.963973469566554,C30,-1.1446396471611122
4.589865021407604,C44,-0.6537771080403925
3.384760592598468,C17,0.5615000809483975
9.187407798599452,C02,-3.0268863877034526
3.892672872170806,C23,0.10902297984059195
2.9216521745547652,C27,0.15982912554419526
8.972882281523198,C01,-2.0998976621793863
6.286333622410893,C69,-0.5754582481133951
4.536652902606875,C13,1.738439373012706
0.6289957091212273,C00,-1.3437970578146257
6.106767035089433,C10,2.6771942798371993
2.432848655153066,C20,2.9613100913918813
3.773672441020608,C93,0.3097462000950134
4.770709378644824,C15,-1.4320220723562347
3.3128657820634544,C32,1.5092195516717788
0.9048431878909469,C67,1.3771216230500218
3.3349200570955873,C31,0.225036951141023
5.387234969530255,C17,0.13223369285879671
7.065162935759872,C00,-0.7794571734058734
1.6076894430443645,C04,3.4306525766761
4.729043210390955,C10,1.9195021455696044
3.2672658935189247,C62,-1.6285485839724392
7.221192135475576,C52,2.718234538189908
3.591198839712888,C00,-0.2534042377257064
1.2936769099906087,C98,0.08014549189721526
9.784341556951404,C55,0.3682875620076511
8.26965929241851,C03,1.2025515928539732
9.983625619206578,C98,-1.6875425089168812
4.300059492234141,C13,-0.32136239333225214
2.0662838430143893,C99,0.3064650344043405
3.4673680807463825,C04,1.2908292312226939
9.37326041283086,C16,-1.1266749243709866
6.107770011294633,C09,-0.538428755434938
6.5074727474711835,C31,1.0495391412321238
2.1207108441740274,C23,-1.2467568478743765
5.649028804618865,C22,-0.552586438192944
0.9690005052834749,C32,0.6838838242622732
9.484670960810035,C00,-3.0975124105175658
1.2175765563733876,C71,0.20506223849621583
0.8627600525505841,C45,0.11180532244223373
3.6401985958218575,C44,0.21405396323751402
0.40508404606953263,C00,-1.3539598149992997
9.95314063038677,C44,0.30239641490729396
2.6186311221681535,C83,2.816822326526521
2.640507500618696,C03,2.65244918077648
5.151717928238213,C05,0.03291817903585925
4.224573154933751,C85,-0.4361510392783743
8.725750579033047,C07,-1.1132647793808383
8.401203958783299,C86,0.45118519823146896
9.345878183376044,C00,-1.7612367748478517
1.8980138399638236,C31,0.23090669167716893
1.3094900595024228,C01,-1.9315175682044727
0.592682771384716,C96,-1.3762987592065807
7.146791701670736,C39,-2.7665137262786326
4.858575866091996,C03,1.6170816762121745
1.0827910830266774,C39,-1.3128062271192493
8.24681555852294,C02,-0.8560236006298523
2.682375479489565,C53,-2.4896105867901737
9.348089802078903,C03,0.05391999165505523
2.1890384005382657,C52,4.504141303887041
8.500578622333705,C39,-1.1435419285017518
3.340758541598916,C00,-2.429782331442707
0.3004675917327404,C74,-1.2018844517051908
8.001242072787136,C69,0.7114692465567357
3.356871905270964,C00,-2.5328002386930315
5.311314081773162,C65,-1.3243625750986638
2.706108088605106,C01,-2.057083125143762
3.277286479715258,C18,-4.173431861711127
5.795952584594488,C26,1.902272081777269
1.9390865229070187,C29,1.1237701825172972
5.907630117144436,C02,-2.69995747407193
3.6339618009515107,C82,-3.6410577305624834
5.734521949198097,C33,3.375833767004422
7.841976147610694,C78,-1.0215776176065303
2.5200964463874698,C23,0.043269491388046366
6.846933390479535,C36,-0.2583359977286359
3.9114246238023043,C14,-2.703671149467855
7.391479460056871,C68,0.6556183710922123
5.249237474054098,C72,0.845675466351151
6.3890217687003314,C94,-0.16867195114092248
6.883428890723735,C02,0.5596306373209725
0.2827292517758906,C52,2.663962964775059
7.737210565246642,C11,0.6195538705536956
3.0709884269163013,C84,1.285573836914049
4.460855862125754,C85,-1.66606756375227
8.207000598777086,C07,1.289598038073147
4.15592998964712,C22,-3.5366938442684037
5.75154114048928,C06,0.7024944871628613
3.1323727522976696,C73,-2.5723426705525356
2.4469282617792487,C00,-2.4351521759552606
4.705549250356853,C61,-3.432176890838223
1.0579131776466966,C00,-0.49396969576798244
3.7434740411117673,C50,-2.770933055250853
2.3777127265930176,C01,-1.9743583533846707
0.1235118554905057,C42,2.465058961170394
4.953524887096137,C74,-1.2545281296826127
7.23731187870726,C33,3.625904891069479
5.124054488260299,C58,-1.9388675589470021
7.275986175518483,C44,2.4738822663690483
6.380825543310493,C79,-0.4632961376334807
3.6227114126086235,C64,-0.7300407986212485
1.069786953739822,C00,-0.2125307031052417
4.694976159371436,C50,-4.661342649815693
3.1115589919500053,C12,-0.6460374805595834
3.1883456045761704,C61,-1.3299554099715574
4.602033910341561,C58,-1.7115383468848746
1.6779427090659738,C00,-1.4897006350632027
7.172944620251656,C23,-2.2503050671982314
3.6070352140814066,C91,-0.2338224262488866
4.899848855566233,C02,-2.7474917738356996
6.316783078946173,C55,3.462689165607914
4.689827025867999,C05,-1.277044237685483
9.462792365811765,C06,0.6151965059337838
5.04211483290419,C07,-1.572673211047189
9.310528775677085,C09,1.9885552035587983
8.108656050171703,C04,1.2253583935653958
3.8871787185780704,C96,-1.6188445061756873
9.241654260549694,C08,0.23015799636765993
3.2029415480792522,C15,1.473253765378526
4.499194258823991,C78,-3.42995247614126
5.441941786557436,C10,1.2534804090466294
4.077125950716436,C07,-2.241164392599585
0.41232889983803034,C08,1.3847058250106807
6.683790443930775,C00,-0.07884545685221322
5.341534363105893,C64,-0.9523279744742157
8.132605194114149,C31,1.3947671395006869
6.172545203007758,C11,0.5113793033845878
8.565840076189488,C10,2.4800157366246496
7.052145656198263,C03,2.5643251941491716
3.4666421660222113,C59,-2.4949101459996097
0.8141840086318552,C02,-1.1021996299602612
6.451264831703156,C43,3.0819687212406732
7.724963298533112,C33,2.64823151728053
6.297886008396745,C52,1.0584900610360783
0.3686095750890672,C53,-1.6082841087849784
1.903966257814318,C92,0.2609434489820256
5.1146003301255405,C07,0.20925559249287884
3.541133953258395,C40,0.2774858713995193
3.6809511203318834,C00,-2.672916738744262
3.0452394601888955,C97,0.9044487869549325
9.541177919600159,C00,-1.090797376116158
5.397210645023733,C16,-3.9500003753739326
0.7239258266054094,C56,1.5028467585006449
4.399188247043639,C31,0.4939250626757439
2.381638032384217,C04,1.2107573240797362
9.948621022049338,C68,1.6854183998339258
3.3139123348519206,C11,0.7124001328299596
0.9033614140935242,C03,2.8707431202985694
1.3184314221143723,C23,0.6557849726523872
8.58139184769243,C16,-3.104036491308707
8.574704779312015,C76,-2.789899111018057
8.50371964275837,C02,-2.064361997898288
9.094579305965453,C96,1.4984847314023324
0.24991525802761316,C38,1.1501531374021166
3.695775044616312,C03,1.4588616708878803
0.216997554525733,C48,1.9476100732949957
6.755939202848822,C12,-1.4324749585653827
6.292969274800271,C45,-1.4888862498556994
7.408294701017439,C00,-1.5663482140154361
0.5249642301350832,C00,-1.9169505019362814
9.083555333781987,C02,-1.8097881143960532
4.68769455794245,C49,-0.42742931724654104
3.7548875575885177,C17,3.1168544043582473
5.474130241200328,C03,-0.250701637205451
5.421167954336852,C06,1.0072827562056192
2.685923012904823,C08,2.0218518045697014
6.744710260536522,C00,-1.2091641891839597
3.5900064115412533,C62,-0.7827648024252385
4.815254514105618,C98,-0.47423738601072185
4.164967930410057,C89,-0.39372032806465995
3.551941046025604,C00,-3.0233525832612678
6.5385458641685545,C04,0.3954937415186821
4.937835035379976,C08,-0.454696534296136
6.494521792046726,C00,-1.0362401315580545
3.0656531639397144,C86,-3.702092204434848
7.090602193493396,C24,0.17986380602391006
7.6277302810922265,C48,4.26108345881294
7.102146088145673,C54,2.500149907222928
9.843172531109303,C89,1.6944625246270826
1.410164579283446,C73,-2.1864623366541083
6.986546637490392,C05,1.4305408291107222
9.67950343620032,C60,2.374115078591614
0.2584148175083101,C94,-0.4788930382400315
4.296031706035137,C00,-2.2265794323257966
3.881075775716454,C20,4.997091268105998
6.648872592486441,C61,1.1092371973325643
8.52279469370842,C02,-2.513605914997642
9.695893353782594,C00,-3.614332340975226
0.14585540862753987,C11,-0.8595803039150041
5.23929727030918,C90,-1.1334887059821135
9.730410815682262,C57,-2.49261629958458
7.889764793217182,C88,-0.1031833324909488
3.657496878877282,C18,-5.314798682466121
5.567481794860214,C73,-0.9724157781182394
4.392465353012085,C32,-1.6772974163267034
3.828481517266482,C02,-2.745453751659441
5.039698439650238,C40,-0.26536658811355485
2.887114577461034,C09,0.4313427386177664
5.211308621801436,C57,0.45337688006499866
7.741047029849142,C04,2.969018753706688
3.997948132455349,C56,-1.938946375467415
9.48459804058075,C01,-2.122583698408328
9.504720966797322,C00,-2.6163772755919026
7.35604499001056,C33,3.1328161109607726
5.6637996272183955,C23,-2.12755825497323
4.7031571553088725,C05,0.2566609187692026
0.583748547360301,C19,-1.8134764077814332
3.5960643086582422,C57,-1.2689033804006753
5.133096696808934,C31,-1.797428938837601
8.383468922693282,C04,2.3091580202417616
8.402291932143271,C28,-2.3123268494364813
9.152521768119186,C53,-1.6739423890866085
4.879484032280743,C19,-1.9575593798755753
7.533220686018467,C80,-0.6528600378921368
2.695866711437702,C02,-1.1061553116100673
6.822039945982397,C86,-1.384517044409607
2.2393934871070087,C04,1.1341285668596561
4.42956079961732,C98,-1.6614172825859652
4.437810073141009,C21,-3.496439230760127
9.931122767738998,C03,1.5970910850177615
3.1152485008351505,C31,0.3274244658455907
2.8961495705880225,C00,-1.7791351133215838
8.376479514408857,C58,0.5777955246239247
8.527777448762208,C26,2.118514038981374
5.47178067965433,C18,-4.994199393083291
4.559209055732936,C27,-0.06797347233912276
7.387236098293215,C77,3.247910959709543
9.711110631469637,C71,-1.0149560903297379
4.414773790631443,C56,-2.5334976321133063
4.657591155264527,C10,-0.009626470474427218
2.1286037331447005,C31,0.8745982269939393
2.1101312921382487,C91,-1.4441032453446634
4.612343963235617,C53,-2.7482627234807717
8.70485844090581,C40,1.555714280138705
6.1972624668851495,C00,-2.0894648212546003
8.897860662546009,C87,-0.8670253701671624
9.429972658399493,C22,-1.9404999557691232
8.258030221331865,C11,0.4877458663727131
7.491438316646963,C00,-0.4604845098105197
7.087630587629974,C34,2.4844023468703926
2.3906751070171595,C03,1.921324648715284
6.418013565707952,C90,-2.268590653150999
9.89478420233354,C01,-1.2278676105096271
0.26865370105952024,C57,-0.32472765342490945
9.57671144977212,C51,-2.632474123360186
6.666331798769534,C06,0.7552778173701566
0.7342780125327408,C04,0.21183286710656124
2.3936306103132665,C66,-0.6417746097125673
1.844176473096013,C97,0.5334973472448393
2.462096989620477,C33,3.0244775322937785
2.33453799970448,C54,3.422823031461715
2.2996996762230992,C08,2.0601974891809745
6.290414514951408,C35,0.09399944445383512
4.856033467222005,C00,-1.917392291552448
7.0381547953002155,C82,0.236958485613194
6.985907678026706,C01,-1.9273059902607448
3.6491525964811444,C01,-3.3143999041571237
6.318433629348874,C36,-1.2713592606335362
6.849833300802857,C01,-2.124637387942073
5.181690973695368,C15,-0.712279189417104
2.354087729472667,C31,2.0108828528963123
2.8460690123029053,C37,-1.1295866836914332
2.822959569748491,C03,0.7292833894515065
5.9928813157603145,C00,-1.4711678493555085
9.444378030020744,C19,-1.3923377192307949
4.0091601852327585,C06,0.01902945939165599
0.9901344054378569,C12,1.953787283905767
0.4327320493757725,C26,1.7311802193192833
4.560041867662221,C02,-3.18610038595571
4.09119987860322,C51,-4.1094076013177485
7.146886447444558,C39,0.6454406780647672
3.014167610090226,C37,-0.36974755436943696
9.877391785848886,C12,-0.4669102778592943
8.49154984112829,C00,-0.5285002277062518
6.871652982663363,C13,0.96486149992726
5.694471637252718,C78,-2.675027002861492
2.213422106578946,C26,1.099746033928859
2.0915238210000098,C00,-0.30964474716460866
4.4963199575431645,C17,-0.13462388746929443
4.7511491645127535,C18,-5.593396579700564
9.137047766707838,C27,-1.4098678559811404
0.584945201408118,C72,-1.2117017172936115
1.144401147030294,C56,1.8736006983755278
6.390639957971871,C74,-1.3345414032955332
6.483649311121553,C11,0.09871633131113687
3.1717429286800325,C90,-0.20469746187594046
0.7744509028270841,C56,0.08842588143345043
1.9265929306857288,C34,0.12807300977154212
6.234128458891064,C23,-1.407412754069172
0.9353592013940215,C26,2.0899688061002855
2.4176710075698793,C20,1.517168464364123
4.373891558498144,C03,1.9054502840546903
9.305386699270457,C06,1.56539814888534
5.209247835446149,C40,1.35539415389785
3.383362467866391,C03,1.6235039357652763
0.042213581036776304,C47,1.0688621018193856
7.9706389852799475,C99,3.379776177392725
9.27894180873409,C35,0.849126401344406
1.1432335991412401,C06,3.4314785979437876
1.0710498644039035,C00,-1.8606521209054971
4.657626471016556,C25,0.6730350398604711
0.45828382251784205,C12,0.04537542098658076
5.715007216203958,C84,-1.3121889759383203
7.731794943101704,C12,-0.8536538939826483
9.093786261510104,C67,0.4531784190487191
8.390485050622374,C39,-0.2388535214171137
1.6631874884478748,C59,-0.9119251131718082
3.4733947599306703,C09,-0.09839512832528219
0.08356711361557245,C47,0.5116235448756972
2.8556507197208703,C00,-4.001623408509532
1.103624093811959,C99,3.582915038340566
5.945382236968726,C00,-1.7913002286029265
4.886009301990271,C34,0.21534927940992343
4.709246042184532,C24,-2.155865146444669
0.8152463031001389,C17,2.9802186843035354
1.1711460934020579,C51,-1.4502364197302153
1.0660771699622273,C00,-1.5763485804294173
4.718571281991899,C47,0.39714387773158943
9.535897928290069,C73,-0.06262104527609846
8.10720607638359,C01,-2.476759834125588
9.97038135305047,C82,-2.37703965804823
8.0139827192761,C84,2.1578862070410074
1.3511467049829662,C77,1.4803649605990858
6.6187491454184055,C81,3.9815218556605827
3.30314397579059,C02,-0.7955148267689394
5.729010282084346,C03,1.1941534736181467
9.41858176374808,C89,-0.01987451922563399
2.4750660732388496,C45,-0.16262597950046398
7.763268742710352,C71,0.5174667596745556
8.765273375902325,C18,-2.9375192928247733
2.9125797795131803,C28,-2.4658997548826447
5.837286845780909,C11,-0.8075953604288943
9.473260468803346,C13,-0.2689640438637182
3.6611552350223064,C22,-1.047492674260599
1.968632664065808,C19,-0.7100787418993222
9.681575640570372,C19,-2.344089852409118
4.40230401000008,C68,-0.9852157261189096
9.871926144696772,C45,-0.6904138718576518
0.8279327256605029,C00,-1.142105103364581
7.061229599639773,C59,-1.910046805736641
2.154307560995221,C00,-3.750777428362202
9.25018954090774,C90,-0.04611880826693798
3.0986922048032284,C61,-0.24397336628699784
3.9414488710463047,C01,-3.5210120525597026
0.7062150072306395,C10,0.934385093212525
0.916935820132494,C17,1.8025132266977832
5.562888395506889,C99,1.0275939142008181
0.7635698956437409,C15,1.7026489904824322
1.8566206376999617,C31,1.2994572687968828
6.198508020024747,C04,-0.17593440940424565
4.478338551707566,C02,-3.465564583144886
0.5642757681198418,C71,-0.4031499027423573
4.272649560589343,C03,1.9404526561483904
4.756800418253988,C23,-1.813946912375305
1.945094745606184,C06,1.3408080937250346
5.312001809943467,C43,0.30039505456347704
7.639734677504748,C92,1.3698334199943185
7.047145196702331,C30,-0.8177637375053514
2.872690053191036,C62,-1.521173559795361
3.2008724939078093,C33,1.6736841267815885
5.048247775994241,C00,-3.621637441589427
6.2669557495974,C03,0.12941238289474866
5.733856265433133,C05,-0.8860582894837077
0.414743609726429,C74,-0.058622621468039815
1.1521855345927179,C32,2.3810470531809553
0.3451775573194027,C01,-1.316913277287798
3.3124249149113894,C01,-3.939508603080794
1.1265931744128466,C16,-1.7053085739484333
7.0179628022015095,C54,2.801902141073942
7.960945321246982,C28,-4.722909127584582
6.0952485469169915,C15,2.908467969071085
2.070887458976358,C92,1.4939959755022425
4.9586699972860515,C64,-0.5094572775343726
4.68782392796129,C27,-3.2260641326638133
7.995050526224077,C06,0.11908556140803861
1.315931067802012,C49,-0.9809967830635042
0.6412640167400241,C65,-0.5713964791276771
9.36726858606562,C02,-1.647244230423336
7.39515743451193,C04,1.2532262869911959
4.87434470327571,C39,-4.966170950175165
4.772451987955719,C26,1.0100355925145093
8.06743361754343,C63,-0.7021611321432594
6.654424513690174,C58,0.019233199462490913
5.864753739442676,C30,-1.7678655140234483
9.73717728862539,C02,-2.9927782895271284
2.5797413056716323,C00,-2.38613599011215
3.459066126961261,C06,-0.3749368570705841
0.15599695965647697,C09,1.3392208586809715
5.432355056982487,C60,1.3271247540664421
7.779561050701886,C34,3.3501347390887153
7.721926516387612,C15,0.949207221895771
6.946519298944622,C32,1.1457750910413789
6.3848742307163775,C52,1.492181276041867
1.311181418132037,C27,-1.0827415963814613
6.624700322281569,C52,2.457370951396587
3.5580266104079783,C57,-2.257812354484328
9.204905608203262,C00,-2.093037454887946
3.5866336640901864,C04,0.8884688467637646
3.3165723946876824,C91,0.30719339239276555
9.224175515118986,C02,-1.6552105225570681
0.5935891065746546,C06,1.2463358153560933
0.5740458308719099,C00,-0.8755712371742627
5.840688350144774,C88,-2.591340386566123
1.0652276524342597,C36,1.493926470690211
9.783128448762,C73,-0.7920584086460081
6.095546409487724,C17,1.936982371739166
7.294679230544716,C26,0.4985023031497178
0.33432651311159134,C25,0.6392953993937149
5.170745498035103,C46,-0.6820093207062897
7.098565082997084,C01,-1.957503642639581
5.108136513736099,C00,-3.7207442701606688
4.774248579051346,C24,-2.9219688403884208
6.556979219894856,C10,2.6455261664837373
0.2055317093618214,C19,0.28170443390038646
3.2853108714334667,C02,-1.9588908069163082
6.25030048424378,C59,-1.2808308125968384
4.39326430670917,C48,1.5461260037591469
8.959694914519787,C05,0.685506321826996
3.7939185043796897,C11,-0.12239125815913066
3.1869873963296413,C71,-0.7185173744235085
3.424189449287951,C04,0.9353324443817553
0.374872125685215,C00,-2.6985912931214457
0.17341777682304382,C78,-1.7985736548973157
6.996072037145495,C02,-1.795907490711069
9.03769712895155,C74,-0.10842298153815794
3.601877223700285,C00,-1.94031641827466
7.768443732056767,C00,-1.9255083325610594
0.2924420731142163,C54,0.6524674364427492
2.0760967629030347,C31,3.1891812053105966
6.530512555036694,C75,0.8349490546541888
5.334338166285306,C48,0.03644584130096051
1.1320588504895568,C77,2.4888035518129508
8.912341485265642,C67,1.5598402424165294
6.0239894688129425,C73,-1.2416122380020855
9.499970215838403,C02,-1.5076733244476832
7.9012397467158735,C48,3.005302392223274
9.800700510386378,C11,-2.6699824314510843
6.015044047962874,C67,1.531470789507987
7.633033432066441,C38,1.6968857608609025
0.6081940792500973,C30,-0.32487440730598555
3.353460666257888,C28,-2.0055627242339384
6.455249723512679,C61,-0.3166573802337762
6.807447669561952,C27,-0.19699503480846858
0.6685427040793002,C33,3.6913771431180304
4.051460358314216,C36,-2.654683456635016
1.5077742282301188,C04,3.2993342189191575
4.246928547509015,C20,1.0336993050189962
3.163633004296571,C08,1.287960737088602
9.107491876929998,C33,2.1989029108108515
9.325699503533542,C03,2.507036613213021
6.463553486391902,C02,-2.9213300608630215
1.955888862721622,C00,-1.223237221291211
6.121248081326485,C14,0.07620249431279036
5.27489478699863,C00,-1.9158802441611271
0.7814274495467544,C37,0.36464083229649424
7.950386316515505,C00,-2.7507651400891877
1.8349805078469217,C02,-1.0254320882100016
5.2062001009471714,C31,1.1266956956675822
4.685838515870273,C05,0.4661996078436596
4.119710230734199,C23,-2.4461332583514475
1.5136565431021154,C52,4.477092912070351
1.593037594575435,C38,0.6073284972071047
7.303264928050339,C35,0.7292486147199418
9.874182818457484,C40,1.6481128439448949
7.464188565500081,C16,-1.1774999266200936
0.08028038777410984,C54,1.163421161729635
9.582044074777514,C09,1.259079596556168
8.25954532949254,C38,1.1895902420205648
5.157736360561103,C19,-3.939093986686416
5.677357912063599,C10,1.7220619995715811
0.42044961359351873,C40,0.8463855782155553
5.025028290692717,C85,-2.8424178405611644
8.82143460214138,C14,-0.3845767577628834
9.651142004877329,C16,-1.3239321558559625
6.4272406487725675,C04,1.2854964863236866
8.347723584156483,C40,2.389318521579709
5.751251874025911,C27,-1.4087944009027082
4.962742170318961,C03,1.444405023447616
4.430515463463962,C41,-0.2021151797096098
9.63219911325723,C05,0.9213596487716688
5.022610996384174,C44,1.3479826017831615
9.598345847334713,C99,2.2613626103895452
7.365572096314281,C02,1.1480306661410968
8.390446424018592,C66,0.7356148288719421
9.559736580122262,C12,0.7079214229848495
2.0418760320171714,C95,0.5081651788703122
4.796948453877121,C63,0.3667376248251326
6.171736910473555,C26,0.5637223941856984
8.29062927979976,C00,-0.16492720340409783
7.757128109224141,C08,1.9779277504067938
9.142286197748035,C34,0.4079912583952632
8.815328483469784,C09,2.130869355536519
9.24678210169077,C53,-0.08490401028398331
6.445727134123445,C50,-3.246909986376183
2.933669371996075,C52,2.148454790645718
5.570737693924457,C00,-1.5556474426660332
4.814752822276205,C21,-3.5523644641157546
7.369554827455431,C00,-0.3118946176699703
9.074993403628469,C24,-0.7661534783296144
6.254234684165567,C01,-2.5613232086239894
6.586861340329051,C06,1.2197388749816196
0.785800137091428,C62,-0.16628794437542965
6.831716380547732,C81,2.962641062450725
9.860958082135767,C27,-2.121007078663571
1.990481826942414,C04,0.6890921225638613
8.729819867294282,C40,1.976579013196384
4.473218459170312,C85,-2.3935274148722114
1.678110386710614,C44,2.227542627632845
7.185060139745474,C00,0.781570828623388
4.461525983642787,C31,0.2963307078292561
3.4723572013899684,C85,-2.1280041729433243
5.061187753453851,C65,-1.0538053620900056
8.72250592103228,C40,0.8121518125646299
1.0761860315687954,C09,2.3298709476394017
1.0139231220819056,C09,1.6194260575560617
7.1062082052230835,C66,-1.0392483264259877
8.161942008882761,C05,2.6825860761333695
1.2544495845213532,C40,2.744043758746896
2.6144586107693613,C19,-1.918740336044746
8.87518348172307,C90,-1.245398319474913
5.656627602875233,C98,-1.7193557291509456
5.044212834909558,C28,-3.732331296843105
1.9954085629433393,C98,1.2306066261559712
0.3793850005604327,C68,0.09532952701940481
8.223351570777595,C51,-2.6767898746098604
9.569984432309866,C60,-0.13891708321499818
5.1435969094745815,C11,-1.0583240147451258
8.15777130657807,C19,-0.9672494659493125
9.291884538251907,C35,-0.8392449896050643
8.892137110233307,C33,2.6344082916331475
7.883922792971134,C18,-5.140604518940076
2.4449266865849495,C14,0.13647722106492843
6.205784527119249,C00,-0.20749887999786165
7.657320161815733,C03,2.293186317327091
0.9194822306744754,C71,-0.011679771090603863
4.058016401249915,C37,-1.2113527368218353
4.352874981705099,C84,2.851926013382341
4.367077169008553,C66,-0.6042588180797283
3.9078523335047066,C14,-2.2480832855514707
9.751510249916464,C12,-3.0507108970747563
3.0103470548056066,C36,-2.6982410729080883
2.8913707425817847,C64,-1.0149614290589302
8.67360535543412,C71,0.26557191033179717
3.8229698594659567,C00,-3.614999290746882
4.483539671637118,C01,-3.158506589337529
7.855672214645892,C00,-0.5697545594481619
5.865708920173347,C01,-2.275384592863471
3.4641605895012617,C04,0.14265023988597347
4.075367501936853,C00,-1.8660132121528779
3.394096833653748,C40,0.5074906416921762
2.755025732330978,C00,-3.810100423034241
2.256740645971149,C64,-2.1893652465520668
8.862543948926032,C00,-0.9542872804607594
0.870726692955941,C00,-0.8592424221395198
6.0554576315917075,C32,0.21025237095605576
2.6476293615996838,C43,1.8190225622804639
3.5542001854628325,C98,-1.8115410937996157
1.0377282602712512,C85,1.606789169915812
1.0311676003038883,C89,0.9964640827891704
5.340538220480084,C42,-0.5414014027413805
6.676550041884184,C23,-1.8582005596373958
5.729801105335355,C14,-2.417207901442212
1.6392025211825967,C13,3.526641675837001
9.835132458247244,C25,1.4124259410835607
4.045851284172386,C02,-4.394729511447987
8.709346340037882,C38,1.0672651978611583
2.0351712265983224,C57,-0.14345793867896717
9.283226686529815,C44,1.8721553214222988
7.21691737184301,C20,5.241374640180371
7.19583586556837,C39,-2.1159862880933353
5.72067883098498,C57,-1.4173186969789835
8.53542426135391,C58,1.5863336840002378
1.221735985018313,C04,2.1040955041458487
3.301725552882999,C10,1.9068467573804109
0.9391046990640461,C16,-2.1475147507123964
9.382792790420353,C60,1.2737505851865647
3.144170904997736,C10,2.5625194519380283
4.752310777548701,C25,0.17805786198239593
6.446145670488477,C10,3.669479002515307
6.66728078853339,C45,-2.065063125274507
2.637528139166534,C22,-0.3919726234074611
1.4563596388325095,C52,0.6379405321155978
3.854429991915822,C00,-1.3195471556597123
4.964900405611843,C00,-2.275054176367713
0.6455619772896171,C46,0.6077597772840085
9.90715124644339,C16,-1.6608465891709907
6.06450958410278,C00,-4.721045430141952
9.621953498572111,C03,0.08197329763305294
5.326454725582153,C25,1.5791818948887864
3.4049618314020336,C07,-0.8126201567923588
0.19458770286291838,C83,1.3626547339031867
3.3111250190995634,C00,-1.0440347741056035
3.509274129755795,C02,-1.522276203939166
4.535503713414073,C63,-1.6070443109248538
2.825231277383864,C00,-1.7583530673417236
9.860064103268087,C75,0.530878719130023
7.592223808169365,C54,3.0676217356738715
4.964875369332731,C35,-2.364924812872112
9.2092555295676,C04,-0.4997272640754129
9.919725987128913,C07,0.16747984212809597
8.059268817305565,C00,-3.2533626074061477
9.473408493213356,C80,-1.8045363266162624
3.593997685238719,C68,1.6065645462085318
4.506782491225749,C12,0.6063341931435984
5.771357910707593,C34,-1.3814779367778531
5.907253576442599,C55,3.050013702123482
1.2492205598391593,C16,-1.0588276902330493
3.008594282437116,C01,-4.161499343273457
5.827016844414175,C16,-3.34875446708574
1.339851466473192,C58,1.2263515100656595
9.950121159199625,C26,3.077118450993424
4.5506628206931055,C43,0.15687236113828307
2.730883159674704,C74,1.8460422925460678
0.9797812183387578,C15,-0.19391475546531667
7.11993029108271,C05,2.344357862044883
8.050547062885016,C61,-0.7482793188207015
0.8835627231746912,C05,2.0885508813609768
2.398304445669055,C78,0.009110902892681239
7.833297725301236,C11,0.8480779842347005
5.511600011959672,C02,-1.5056584116540328
4.12844289559871,C52,2.8570212733115516
8.569699299987406,C75,1.7526544006411018
2.8774535097181797,C07,2.4250922636036494
8.412830943707377,C02,0.2817039586826844
0.11218946659937501,C28,-3.1141441253434254
4.408872756175697,C95,-1.975615843164491
5.638883323408663,C09,-0.5731481848578666
2.4340013577602804,C21,-0.29766362092041576
4.3165655503980815,C03,0.08986476659506215
6.877837784122676,C82,-0.12507551660544536
4.946923162788153,C06,0.057625318990973895
5.385185347404331,C00,-2.423480818523194
0.6351956888101995,C06,1.8725475231186874
7.693038578145206,C15,0.8821414211975661
0.29024680610746145,C74,-2.2951488422200876
0.6890720501542091,C30,-1.5662731699296355
6.4265962690114975,C36,-0.7258925776392238
4.611900772433728,C48,0.36091178204854896
7.131562752183527,C35,1.9464675751160863
5.473933047614992,C18,-4.647131717341695
8.630879472475499,C00,-1.5361713522635387
9.97092064935714,C68,-0.5287386597074211
5.940258239861578,C11,1.2997519506883102
0.17888593953102827,C59,0.25469744109468806
1.251628512982279,C17,2.3241076345313916
2.8548189415596426,C75,-0.3124926461802384
8.669615460094064,C42,0.37125491183555237
4.918192892801017,C31,1.78399252407316
8.114095539785922,C03,2.32145307210648
2.82151538413018,C35,2.009616795929993
4.850247581489384,C24,-0.5558480430583839
4.013914540410042,C57,-0.5439289825089054
7.520529858302325,C00,-1.4004228916161634
2.227454395033419,C36,0.7474562384119263
3.9128273027017713,C20,1.4456316194110608
6.919503698591143,C75,1.0309186025316328
9.747728623915464,C89,1.4526425352430175
4.482735327910632,C00,-3.5354133996951607
2.4590802215971053,C25,2.0269800000117133
8.850880544632673,C25,1.3445475571103112
9.747538203373551,C26,0.8514744479351576
2.57101328112185,C97,0.4147827896343582
7.37836328567937,C12,1.1647242827016469
1.9387706113047898,C05,3.2308908938856016
9.857971370220184,C02,-4.168244217697318
9.001260064542294,C14,0.2884540091751183
5.4237357852980494,C01,-2.333932735609194
2.155763260088861,C16,-0.9229354883549569
1.2578307185322046,C30,1.1479519401781846
5.764873523730785,C03,-0.31911616019486866
3.588717768434435,C27,-1.0850676049876957
0.24205907946452498,C70,2.019726064347712
8.729538719635457,C76,-3.2111663413551472
2.6527264481410384,C90,-0.6811609167586643
2.6238770969212055,C10,0.5772184832324097
6.522267954424024,C66,-0.7337338108378235
6.161834325175732,C05,1.9196605583681638
0.5559453810565174,C03,3.6307456974177885
4.095263099297881,C76,-2.791832838637818
5.0487026502378285,C63,-1.242238067016649
6.887021702714264,C50,-1.2479123168489028
7.554504130966961,C70,3.7721204173424416
8.578447520267218,C61,-0.014615965718186574
4.157648973632604,C89,0.16783024627978205
6.498570058029145,C06,2.161733287133797
5.708078942261636,C27,-1.7344218829461187
2.170573289040476,C83,2.9322088719119233
7.949923574924469,C50,-1.7284536587561563
6.759578234050423,C92,-1.0725140496449381
0.12312664883211255,C30,0.6091299668529131
3.5075085726566613,C72,-0.4906285465971894
2.8137106099165976,C90,1.3106827258709937
9.753681300207973,C22,-1.9202164410933167
6.950886917766184,C15,1.1878391850078511
9.65145988855511,C35,1.0363078673219572
0.39967289427295327,C13,1.9545585544706037
5.232662898488343,C02,-2.112792271025456
3.7897769710980356,C16,-3.4183712753390725
2.406888073310256,C31,2.606264266528024
8.024042209144682,C03,4.431427807202876
2.350718027446419,C01,-0.018197034034411308
3.6964615317992866,C01,-2.466318715277798
0.3328834427520633,C12,-0.8065846277262971
9.173691920004785,C02,-2.1895123839817865
3.3243944542482495,C76,-2.9738238884009305
2.047142570372671,C95,2.769763799076486
1.2544544483534992,C02,-1.4483997000832698
9.460662722121924,C12,-1.0952830356553533
0.10062711546197534,C71,2.032140455320858
0.26993040926754475,C65,0.7239897794055798
9.110159745905548,C48,1.1017705469738928
9.873469497542828,C02,-4.268454725320294
7.5682545942254364,C00,-0.7575980085083113
9.112209416925907,C65,-2.2815930354902116
9.215547644998878,C34,2.2035183474302054
2.8540590521879494,C03,1.3006872439304558
2.815359199885279,C03,1.8842272110479839
3.2095324341207743,C08,-1.0456308406836485
7.877393537200987,C09,2.2153023104382936
4.351558696944267,C69,-2.086527231347863
3.5908480314537883,C01,-3.4591786489435754
9.858998339623213,C23,-0.8710836280666874
4.029698222875595,C22,-1.5320944784445447
6.881806605961174,C41,1.147946811736719
7.086860681883991,C06,1.4405025131057996
4.7700264025479555,C00,-3.149793423969025
6.391329849138856,C15,1.162464954953603
8.605785146355629,C73,0.05632518840784862
5.542567444499582,C25,0.5446819949020036
7.8287522052414715,C06,2.216725672456346
1.454745209775865,C05,3.877447523504344
4.425187790766358,C53,-4.784761728958987
9.730945450719446,C00,-3.3672909811232175
9.524245404172689,C48,0.6164814954535582
0.3359624999575317,C20,0.6836367955100844
1.051239725202322,C01,-2.2615922425434767
0.8820073143579066,C80,-0.39597950648548225
0.6361041939817369,C14,1.2200470400013537
2.8779528848826885,C60,-0.6466063597166194
4.474670810159296,C41,0.668588099909461
6.243680566549301,C87,0.695119963193497
9.741051255259663,C06,1.2731752622774524
5.103204066399485,C87,-1.5414307606475437
5.066217007115483,C44,-1.8940823406914609
5.249750961083919,C06,-0.8217551082297622
2.483104863204062,C03,0.3791848333695109
7.394655933603644,C10,2.1634346778266234
2.7891691285185516,C03,2.571266671555501
9.8395527433604,C18,-4.477727280720204
7.459105844609439,C99,2.9495509115025147
1.8203848996199667,C26,2.2746421136440946
8.148273988626897,C79,-0.40418952575551814
5.558419835288078,C00,-1.622545753798253
6.971851219423115,C73,0.09609223002493843
4.832926515955478,C13,0.21119727853100406
0.503278283867985,C34,2.2363402853018743
8.063373435288668,C32,1.9123952137765314
7.575019064825028,C99,1.1951448721214606
1.5169233945198357,C29,0.45869932349906617
0.49812276381999254,C00,-3.1130060054542303
0.9202874754555523,C01,-0.20735837181576167
8.431543034967035,C00,-1.6591882728124512
1.4313992741517723,C62,0.015984330216001805
0.31377145554870367,C08,-0.5324122319138261
8.757190920878202,C59,1.4098323569290536
5.960745576303452,C35,-1.0453744458560315
4.618750077206641,C91,-0.6645390261080014
1.28739592153579,C35,1.7912915539294554
0.765197672881186,C18,-3.823532328913376
3.475691983476281,C00,-2.537506216965282
9.385212883353233,C36,-0.059576008094951616
4.60389502113685,C39,-4.167554100134688
9.217117265798151,C07,1.4826778932494329
6.775135223288089,C02,-1.7092352568737095
9.627717402763665,C13,0.6096852854069954
3.080443690996617,C44,0.05275092496273981
1.0739098372869194,C05,1.8793484414446993
8.409474983345717,C00,-0.9627628394642492
8.518007334787399,C79,2.1055056903101845
0.03959463443607092,C12,1.1312013650855062
2.5996790127828717,C11,0.966627414209526
2.0126901660114527,C20,2.950557612125746
1.2453008955344558,C89,1.7944588236673873
6.470748900901526,C71,-0.5184101689170519
2.3227895237505436,C36,0.13858637589769962
8.5542117850855,C85,-0.1376261158830553
0.45506057795137167,C09,1.2364162574985593
0.5645708809606731,C58,0.6725329135599603
9.587382052559406,C73,-1.0512296545718607
0.11963071068748832,C01,-1.5794513569803876
4.254918424412608,C16,-2.014555142568123
6.723538476508111,C01,-2.492407652768748
2.5594083894975483,C27,0.3942215774746607
5.261959214694798,C41,0.5866216919260874
8.90045260777697,C00,-0.6186146511417105
2.389444236177951,C37,1.0906228170506005
2.412101817317307,C03,2.725749986276984
9.687986713834107,C35,0.8737141200167557
6.894576016347855,C12,0.0017639148876362754
8.043738291598856,C63,0.43850339805935945
4.049320137128234,C13,0.9352561470299756
5.341735996771604,C01,-3.1716535262114647
3.574337945319712,C28,-4.738297032532522
3.7335302541032434,C10,0.8612551090916118
9.261856046505272,C45,-0.8888631351146368
1.6225945227779448,C03,3.9944345185432533
2.0187225402332842,C18,-1.3667318539089268
9.277956958394498,C77,1.480539709290551
0.6054920749738812,C05,1.7860304251009909
8.609901641029865,C97,1.760315820605018
6.65924332337454,C49,0.19885083558026173
9.99274126952514,C61,-1.4946772217068611
0.3699821117334068,C07,0.9756294436612667
1.7414236953482032,C00,-0.4547585666861971
0.870862752199173,C43,3.289398047352231
9.454951421357691,C60,-0.6987430134021978
1.3679099525325,C82,-0.6590551352656824
2.116287772078067,C60,3.1378164509663296
0.5880184262059629,C03,2.7662873372742194
3.9761127158999443,C12,0.017167382729544656
7.1272189798764884,C02,-1.1710190596874541
2.4061502097174525,C70,3.057882625157091
2.791270262096077,C07,0.41667008083503015
9.339977777563035,C99,1.9117218112526237
2.471559017430991,C89,0.614626157348158
2.86056850804016,C63,0.48588279017724845
8.858563748653978,C30,1.5115351111020683
8.3433529548347,C93,2.284976016476406
5.854942707810551,C00,-1.5371204740537956
2.4593365425243974,C90,-0.3112255821483883
0.29023469192907214,C06,0.28157645253488006
1.3293243246152997,C64,1.7286480236785011
5.1331847393885255,C74,-3.4035449286240946
9.243889234494418,C53,-2.159143682259364
4.296070521231741,C34,0.7386183193068622
2.012025990989059,C04,1.6087805717485355
6.016876988578588,C40,-0.585624551141139
2.856083947699517,C42,0.11777234619932264
2.9467173339799047,C31,1.1424438626140008
1.1225793976336718,C00,-0.8518429421009466
4.54228809569031,C93,1.3726665198563115
9.544557207264006,C32,-0.14633405826430523
0.068398576695472,C61,-3.282952103103372
7.85954741993919,C00,-1.0899188258370203
5.499427220784128,C80,-1.5600413596413065
9.358965882565826,C53,-2.674352518988895
3.5621421155519783,C33,2.134303122028995
6.60023961449042,C47,3.8056244970837367
6.491410050075501,C10,2.4671246094464627
9.562346185557544,C01,-3.600989188397203
4.375142734497786,C02,-4.784419675690002
6.097578429616988,C23,-2.078097729458917
2.079613658133894,C09,2.2628362242350235
5.310458790045232,C02,-3.450093033618778
6.697664204984903,C12,0.8745778846658747
8.849523977842182,C91,2.0360544757412784
1.542816439177841,C31,0.6592894645549574
4.479480341542512,C42,-0.5283297338282182
0.7535283244214952,C45,-0.3759025413161232
5.705396397970617,C02,-0.7615721302822938
2.5646993797272444,C20,3.65853284326069
3.9074230124242604,C22,-3.3087503771333564
5.865568057633936,C58,-1.2556190646493
7.998702917248011,C87,0.5223254118851719
9.965346462558955,C51,-3.2510458338526798
9.369989808183163,C21,-0.6642689585822905
9.570029093883932,C63,-0.8870774731607981
5.931726212147623,C49,0.5315651269963042
3.316746992059052,C11,-1.0071815387694085
0.5148601019755006,C86,-2.02707043600297
7.093408943619579,C51,-1.4930076462427748
8.545518792234361,C56,1.0787638983779344
9.341243791859597,C02,-2.438333804022375
4.673675396479666,C17,-0.474753934127245
0.5415062373504043,C49,-0.44304055697205236
9.23806223552674,C19,0.6166003730799454
2.980929878540337,C60,2.708020216849111
2.561479366850108,C31,1.1038146321410933
2.6854654983617365,C59,-1.4022016654239509
8.96000832784921,C83,2.7371308669961367
4.3692023400217295,C34,-0.2650560325421788
1.761282926890999,C71,0.2724600254414048
3.704119874164462,C12,-0.5913676173770044
0.9206369146704674,C30,-1.0096459633126982
2.1483449172228575,C68,0.3871274856277578
2.5530113303102553,C71,-0.8880247332013107
5.877216211520135,C00,-1.8399643297877852
3.671469036489725,C33,1.968115273797482
9.996530159842223,C09,-0.04032386802653279
3.7310504214838147,C41,1.5477089212282085
8.753822399303317,C95,1.0337255323052685
5.1135914493352175,C72,-0.1679986695670881
6.226138640195131,C16,-1.6623691866511583
2.761212345212698,C07,0.1941764852904112
9.369636825285852,C15,0.4956130167931701
9.02403624728322,C58,-0.423710898840249
6.660539605654776,C18,-4.421138058852302
1.356284637004137,C29,1.118162194891436
1.6833297698758543,C28,-2.8870613977068977
9.18380832998082,C06,1.3764073406904827
6.08889430295676,C68,0.8679369122946918
9.887142055667937,C02,-1.2534275068900806
9.134180673863739,C03,3.636981793665628
2.863248123321682,C00,-2.386874088418311
8.442853158339858,C20,4.079389536140634
3.6186570418067276,C00,-3.475988504136515
9.925820273347199,C09,1.3902308858895478
9.767793375067413,C72,-0.49149862524290844
7.043652588035911,C19,-1.625182190796404
6.426855819299817,C34,1.2678721519400498
9.938772411551327,C00,-2.613184423427446
7.877181796357036,C50,-1.3460336814773537
1.381263192743063,C00,-1.1953358403994694
7.062626352999359,C30,0.4324796457595661
2.34657657565549,C01,-1.894595215263704
7.559304966125637,C04,1.545301024063483
6.4879090106114745,C92,0.9860287309242619
6.414957134984434,C24,-2.2758573426335245
2.7963454253040254,C00,-3.650538147202063
8.149898904375732,C24,1.7216216402262576
4.965991196222603,C68,0.1932206213859109
8.197000119835138,C68,-0.47379274938740135
7.554534086957574,C03,3.445593293987211
2.044917647726834,C28,-3.4967199010035195
4.956810707226396,C28,-4.0836960216783185
1.825454137288034,C31,0.5948902511970273
1.7607258073985577,C12,1.6186547828382811
9.21876683132723,C13,1.6047449919665635
7.937340149655938,C01,-1.4681481413182476
2.476444006897509,C29,-1.132545249549461
9.357277383096516,C32,0.41422336785695957
6.5658898232504725,C03,1.2024766251614172
1.9042348326183856,C07,2.1798835967756856
7.839168789796531,C23,-0.18503944316883844
3.818021530751139,C00,-4.0564036753581405
1.090536555275321,C03,2.1703258902244627
1.5336209372617304,C97,-0.10121762452569005
0.5694824224337935,C52,0.11454960457294572
6.081395628862083,C02,-3.09290454871845
2.840163598302752,C14,0.695339160572477
2.882877371739596,C15,1.5351153018520294
6.4044191455468535,C00,-1.645226241678669
0.7750554569065571,C10,2.633162445612221
5.055848329793662,C01,-3.842099636268042
8.055527561809868,C53,0.9198078735285156
4.29307108046487,C28,-4.401749388505724
4.518153872340918,C14,-0.9366666840918934
3.4154550498351455,C23,-0.3508781566474335
1.9489012565463781,C01,-1.8890276307516045
4.603875074535608,C73,-2.017049914310981
3.546332507394254,C75,-1.111939145800639
9.077801632229239,C43,0.352164973587467
3.0230490979738533,C00,-2.598521470790134
5.307111016009003,C68,-0.24231827658981675
8.883424752857536,C00,-3.915832684338824
5.3228492848575115,C58,0.08488670140381349
2.3747890000231564,C27,-1.6949089200395706
4.170737785752863,C80,-2.0337910798961483
3.7642336660064757,C37,-0.6490263280064196
3.432655963115394,C18,-3.8969721235887294
4.602897190488875,C80,-2.658357260654671
0.12978220358490944,C73,0.6082982564754004
9.938360408414155,C16,-2.0117357735059067
9.527063225395977,C00,-0.7785999339389651
0.39570716908201575,C48,1.4512086639989574
1.1468452424742281,C20,4.029706769278265
9.15313757257536,C59,-0.7415017853708068
3.4937541047111154,C24,-0.79778158684085
4.382126389537007,C96,-2.342072317674024
4.2822823277674615,C97,-0.5833638519197063
4.908857916016132,C19,-1.8217844078059386
0.1942513627000153,C15,0.7000655481736939
5.035393976140767,C29,-1.0865129295158322
3.564714028034359,C67,-0.3531172346639824
9.159057699143887,C31,-0.9639388475729727
9.250786702614278,C03,2.41421436574531
1.3751976797357202,C51,-3.1033876682420134
0.131655924487859,C67,0.1780281705618123
8.574640878941864,C20,4.528323873115095
1.7560399905778468,C32,2.2317402703354885
9.60547867231071,C10,2.6988413009134655
7.768285342026502,C51,0.4830934519648422
6.4147416688501835,C45,-0.8838747290615194
8.604690784122795,C60,1.3283817067975967
4.770683930255473,C58,-1.7654308445156104
2.197042282205075,C27,0.6677539504121789
1.1378806363791227,C41,1.7811087546872186
8.189488211646676,C00,-0.8482463384647545
8.460968232247978,C92,1.7242429018104402
5.887744496576488,C68,0.9209463279957039
8.903755941428244,C15,2.892719420245763
7.200864611659199,C09,0.8903205704233558
8.438308506738394,C70,2.8625971497233995
7.444536555558443,C05,2.126717048688284
0.9630945022217929,C70,3.951497165608192
8.800746547058225,C09,0.4089150025938859
1.9405479915440083,C71,0.7197920846040489
4.821725902147591,C99,-0.11655334850835508
8.52960922056809,C87,0.4035266360256493
4.03695547953248,C60,1.1415069005017897
4.174324858468026,C00,-3.2619994464509325
6.412697385530919,C90,-2.207689288324456
8.561653273645788,C32,0.8048408183808519
2.7074532979168,C05,1.3692868602233441
3.3001936646178365,C14,-1.398180744297628
2.626536500174552,C13,1.9374392104748022
6.94626929005608,C72,0.4821396156907998
9.29585088742897,C10,1.589026107106891
3.6320275091566145,C18,-6.617134553849378
9.375945429783314,C00,-2.2447543804931223
3.5771799692884088,C53,-2.223597723766591
1.2948751030489802,C67,1.0527861717354843
8.919568820856512,C79,0.5191365352220515
5.4706375347450376,C00,-1.8894904197216862
4.032964049838483,C30,-1.9757605278907973
3.497104337438941,C08,-1.1072315092776748
7.183702341280878,C18,-3.069906807580775
7.741963439621031,C50,-2.501420488753692
1.7956153978593647,C70,3.02062116055489
7.010822994634509,C01,-2.9864005433954706
4.658677421975881,C01,-4.529849110062326
7.841041125357151,C35,2.152891810953493
1.0465250257402658,C58,0.3396855327891473
6.069207282271236,C00,-0.8252494087973317
7.083796912338585,C83,2.6251054903197755
4.76676523219794,C44,-2.12297852449876
9.765842265915126,C58,-1.2570820326686099
0.7332635181955993,C00,-0.7383324267849981
4.322256951127201,C94,-0.7090773051231107
6.156553812325001,C44,0.35568286690655426
0.03800254547968507,C01,-2.24469201890768
4.887806125916541,C04,1.8720473837044564
9.021479745861143,C03,2.75642095019377
3.562139163259417,C25,1.3126820429181507
1.29574065329507,C31,2.266149638621182
0.30205265851691365,C01,-0.9566252454736859
7.295760549604893,C13,1.7319267090767951
1.2566778785549104,C65,-0.09408045070925569
9.033808009698987,C00,-1.1523179917483133
2.776953761931509,C20,3.2759508030663573
9.231812339276075,C10,3.3387145586095195
8.071469310671091,C00,-1.037103068975265
0.291748340241611,C14,-0.20723300827191848
1.4830280235037208,C30,0.28755886249998225
0.12823506025597453,C02,-1.8908194022319949
1.50635389611125,C78,-0.013845919274415808
8.5539083275944,C37,-1.0334689613831882
2.799149937927723,C57,-0.5243598753558569
1.1995516833849251,C60,1.8227396204706483
8.40446634683758,C63,0.6725496428648179
9.54423317220062,C07,1.3300422981655529
1.1872772546485066,C51,-0.8367342269052044
9.76344505790621,C00,-2.6407056020361352
2.593324645422399,C01,-1.9566129188848838
8.883599468972534,C17,2.4992034911603422
7.1274384297430515,C05,0.4477312156378854
9.015011098235846,C57,-0.3170631404416931
0.14544280944392085,C01,-2.7686875640319846
4.7820964944548905,C00,-3.8541607192357032
3.0938163422979414,C13,2.189714831719983
6.347371705342084,C30,-1.320560785129075
7.646939510013908,C02,-0.05971041869703497
6.540730760898441,C36,-1.1606394231013841
0.9944339352659881,C13,1.6735967621365893
2.030672733671963,C13,2.5494919652404517
0.3711313591338694,C37,-3.0241244871554933
2.8408240899443626,C00,-1.8904244622426531
8.297353673260659,C01,-2.772037686680405
6.028345553204417,C40,1.6495790997527506
4.214528340380639,C72,-0.11537107300254523
4.645582146476954,C21,-2.1173852834649907
9.115447998046875,C01,-1.88761592243127
3.7213486339896917,C33,2.991839900526598
1.8920797435566783,C01,0.11237777253871384
8.737344006076455,C34,0.5355278935719888
7.901961768511683,C00,-0.11265191697463517
5.032906441483647,C31,-0.5047510673186495
8.692613928578794,C52,2.2281577856938712
3.635708570946008,C16,-3.0183482329966225
5.0306504452601075,C00,-1.3180626520007115
7.504208039026707,C00,-0.8058026601984083
8.11315014725551,C83,2.1628768310550885
7.3084076680243015,C15,0.38689391472179
6.768115914892405,C61,-3.060770338762767
9.758868084754795,C13,0.42895458810733744
0.4314934159629047,C99,2.328059964438809
5.0681522488594055,C25,1.36693961411153
4.276923034340143,C80,-0.7658922712158387
8.146120796445757,C13,2.5855532732757256
4.056529654189944,C35,-0.4101906110794097
4.299668627791107,C12,-0.304985795223632
3.351171195972711,C06,1.8377939446762739
8.449125562328845,C20,2.7060991203522358
6.053169711958617,C62,-2.3644561946686817
3.407422425225377,C01,-3.4720481232296923
1.4276675833389163,C41,2.963457139703805
1.608655541203916,C32,2.5520636604873874
4.358073098119348,C25,-0.21687732855734698
2.6656462834216654,C49,1.279701266467669
5.85072570014745,C63,-0.5171137287186198
6.29122078884393,C14,0.20987300490999639
6.5597552084364,C23,-0.9841264872500919
7.2242988320067525,C39,-2.032995672170113
6.589457166846842,C11,0.030243673496220064
5.988925171550363,C32,-1.7323212144877767
9.068119374569505,C65,2.3282859933149544
1.944049191661179,C05,1.9473593317490383
7.596103104297072,C03,3.309216997492083
2.1941215079277754,C38,0.4087708282881175
7.682856544852257,C31,0.7358524038355574
6.303533292375505,C03,1.3558755149632007
7.241417320910841,C56,0.8297058386312978
5.43198571074754,C04,-2.1050550170872384
0.47316008247435093,C76,-2.897468390821218
6.007902123965323,C05,0.39241836198106206
1.2665227078832686,C44,0.6753554400567678
2.268116162158549,C38,2.547988004498886
1.1998910992406309,C15,0.6179496264902324
5.2966410387307405,C40,0.7102013191968735
6.590566206723452,C33,3.229702309617869
1.810424888972193,C28,-4.175156916197606
4.000951270572841,C14,-1.6580496653043095
1.5124879870563745,C35,-0.21929796633672327
6.393382272217423,C69,-1.1850595409975344
0.9198811650276184,C45,-1.4877898888417567
7.3237225017510355,C25,1.3869157050546408
5.633576097898185,C69,-1.5732737221681892
8.117416556924582,C65,1.3720118956246412
0.32580514904111624,C08,-2.109532256988496
0.07474980084225535,C56,-0.941407035236174
8.097063666209579,C86,-1.2778734045293876
9.338921282906085,C07,1.260156377816939
6.897480476181954,C15,0.9424921623337884
0.45924677746370435,C59,-2.6182835279052727
8.044187116902322,C68,-0.5597453002521845
2.002800179179758,C00,-0.5577960954799673
1.5714644035324454,C80,-1.1784587317891662
3.4120479435659945,C11,-1.2699549331366693
6.885115508921444,C97,2.194585687689595
0.5957498447969556,C74,2.252530937823985
0.06326236063614488,C38,0.5078401249250932
4.22085533849895,C12,0.34328842446017616
4.546891187783331,C43,1.0793978061026825
1.4180862810462713,C69,0.8540947019834203
5.517539954744279,C64,-0.04940075203609462
9.635541732423007,C55,1.5396081048253465
8.160117685329169,C90,-0.21764413612311095
8.773557785898447,C19,0.5953518930723053
8.508475073613226,C25,2.2642712461735544
8.115826293360442,C02,0.04234578629150332
3.312168607953936,C07,1.6444763860022853
3.1523227621801198,C03,0.7870258920090154
1.3161994935944676,C77,1.494149860649454
5.311341912019998,C03,-0.029983832735508642
2.503033939283341,C17,0.0772333073002347
0.3093127184547484,C00,-2.0942323284834594
3.1568396813236177,C00,-3.0673479836213935
8.61432297853753,C16,0.19357467023564423
3.9192333491519094,C07,-0.13500551692604537
2.9714421089738607,C26,1.8967331966122047
6.440678003709763,C09,-0.06930265306848393
2.53410937031731,C04,-0.012735362621184354
3.055042636115104,C62,0.3784259638200944
6.91458584042266,C39,-1.9353291777382766
8.707639975473285,C00,-1.3987387013749042
3.136544954031706,C52,3.046623498331537
8.271382276434451,C58,-0.5833497310343398
0.14899946516379714,C47,0.5854187920263347
3.0583142139948905,C37,-1.2678750089504283
8.987211531493813,C44,0.4363000815963193
8.847504523582757,C01,-3.0243167207672084
3.231130847707391,C16,-1.16115313677154
0.9565675188787282,C80,-0.07417168090492726
2.034887026529759,C93,2.0677696581100395
9.736226960085332,C02,-2.4934296105188594
2.751336491201073,C00,-2.174274061825986
8.333347295410931,C48,3.533464936274858
2.1426682686433196,C61,-0.5194723799173732
0.8460946287959814,C06,1.7143134074124018
3.034054550807923,C69,-2.321776370183445
6.715573915280402,C38,1.4070628785385066
2.641394571401179,C78,-1.6457676064660591
7.680428423918784,C76,-3.7316153892881108
0.6029435293748975,C39,-0.9474183545120929
8.347781614866108,C77,2.03436328498866
9.587043358478695,C54,2.0606804185713594
6.989339871797711,C81,4.922504875550294
0.6338805356062949,C53,-2.132280659093838
4.909133608452976,C27,-2.090503353264714
7.7435548370704055,C08,-0.234471159635669
8.964261000510305,C92,0.25529251568683353
7.979418123140931,C01,-1.5898804384240504
9.067055936902761,C02,-0.556761261257984
3.7054824852384627,C21,-3.3247244785821413
1.4730483246967196,C67,-0.21909103176787137
1.1795974289998412,C22,0.938114065999833
5.809221514500678,C27,-3.2641488685863527
3.4192407922819257,C21,-3.308964052412666
4.2722796369344,C16,-2.1711768168692784
2.137576558161527,C59,-0.5814175536031814
8.372330400161445,C00,-0.8949948014981102
7.009195182472467,C30,0.6935156293621234
7.3964743269607425,C42,0.40386148089937823
3.3725034934468567,C51,-2.757651466222225
0.26308795902878046,C67,1.8920528631007567
7.009320219513029,C29,-0.024807501438791513
2.067123195156455,C00,-1.327522074961423
2.474659220315516,C80,-0.1485235905189527
9.634756701998413,C15,-1.6083018766086798
2.82664260128513,C38,0.20036964358711162
5.742974781896919,C71,1.6645246140718941
0.7728839735500515,C68,0.3162261164889651
0.07121284492313862,C42,0.08863326642795849
5.679142905864865,C18,-3.962889605325606
1.232319143600762,C28,-2.074494860325488
4.737825889606029,C36,-1.609781423718628
7.161660215351731,C25,1.937467097102879
8.400123629253358,C10,2.242260185870091
2.6903075887821615,C58,0.013326100075178648
9.071225577499717,C84,0.3536128548409049
2.8721821773797274,C03,1.547397633106402
6.382261840626597,C02,-3.7196434157054963
4.514197681564838,C21,-3.489207072381339
2.9284825921058655,C28,-4.508013916015427
1.20325343683362,C66,1.4955297158117153
9.129522549919784,C54,0.9755129094190034
9.069641600362957,C92,-0.07121941525011422
6.7490293947048485,C28,-3.603231556515895
2.3738187132403255,C89,3.428773435168486
7.379617725964636,C00,-1.6249846093796454
8.268716111779213,C89,1.7934480046678984
0.9415052714757621,C00,-2.461043032555806
4.011849830858409,C86,-1.647338913714674
3.465061616152525,C64,1.3878743244114515
5.513855523895472,C09,0.325563117933511
4.4556274730712175,C04,0.7995589988294436
9.606723948381841,C17,1.4318522744418059
7.906667562201619,C91,-1.151310417944465
1.5262359147891402,C02,-0.8570801441816395
9.022444544825703,C61,-2.965678116054101
9.174914683680981,C74,-0.24258118568832016
1.601884989067912,C12,0.3273894838776313
1.9357529212720692,C15,3.666590998429861
0.9229878359474242,C53,0.13657413479134717
1.266486537642777,C93,1.743102422230572
9.254697745200247,C15,2.4012752306480114
7.529040139634162,C88,0.5119616373524054
8.58168694190681,C30,0.07374619130794674
2.882411240134388,C22,0.5063601379832908
9.732267057988793,C57,0.10601895533070771
4.490492877084762,C03,0.3102699848023133
4.714948011096567,C66,-2.7467065721506425
0.41916828136891127,C00,-1.7751071627822304
7.450166542548686,C00,-0.8105197711556735
9.383678110316396,C57,0.3178693025435023
1.0676063830032945,C55,3.175399767382251
8.222768544219434,C29,-0.662233543225242
9.114703384693712,C72,-1.615873917714517
3.18165474338457,C72,-0.453270090981506
2.2126702102832496,C04,3.945429651505158
2.6983547303825617,C03,2.7964253872168943
6.639764711726457,C73,-1.5412391162601569
9.883524808101356,C48,1.0878854204820183
1.302096985746175,C74,-0.4702150910972457
1.7473808326758444,C49,1.645638280956048
7.139831720851362,C16,-1.5910233825667046
9.654717487283051,C06,-0.11902035093278318
1.803822428919375,C21,-0.7007755651882189
0.8210899727419019,C16,-0.8665054442767187
4.002794721163809,C27,-1.198334391675592
5.451344542670995,C28,-2.9639938550696554
2.0691691245883703,C19,-0.3300230286271171
7.832614108920097,C02,0.3024289858127035
2.7230717008933425,C31,1.786009074701402
2.864526624325663,C26,1.337422224182104
3.3327592071145773,C93,2.5691460296640134
1.8869850970804691,C57,0.62018052476795
5.360170206986368,C24,-2.7613252925295457
9.99990752665326,C06,2.312682494266039
2.132458125706762,C98,0.9383411308473518
2.7263798005878925,C04,1.243062532032343
8.548442593310028,C80,-0.9139730500982801
2.959491154178977,C38,1.7857550141978717
1.8151807435788214,C04,1.063554667675601
4.485129627864808,C00,-2.7606985644676425
2.928223453927785,C28,-2.8705426404367174
2.8326163347810507,C09,0.6145919625335841
3.660263658966869,C52,3.2284382789685546
0.342371033038944,C19,-1.2242012158242621
8.684317653533071,C30,0.665804547099735
4.758095503784716,C47,-0.21828372122382453
6.002888106741011,C11,-0.390211535954215
2.3429878568276763,C54,2.8375269896083313
0.038107389118522406,C00,-0.43714247191875666
7.297072054352611,C98,-0.6527900025628458
0.32139657996594906,C48,2.394238633650594
2.3914840910583735,C22,-1.3138746362485068
1.3408132805489004,C29,-0.9332905445793963
2.427021728362888,C14,-0.8000959498892424
2.7749008126556873,C02,-2.337025854643734
2.182685793377459,C10,2.0827397693624885
2.919697854667902,C00,-0.26954352115933133
0.3440764546394348,C12,0.8013666757846232
4.679534686729312,C14,-2.5653679734485
8.135253496002406,C61,-0.5025997233108273
8.367987931706011,C06,0.7509291193255628
1.697198764886707,C02,-1.8244176496452527
9.524489978794008,C13,3.249833832607084
6.073001783806831,C31,1.4631778637150863
5.671008264180273,C63,-1.3486561174700826
6.240143238101155,C54,1.3553202700789972
1.8812401941977441,C32,2.845906398827947
5.968323347624391,C48,2.260801827834095
7.115940167568624,C80,-0.41016103412719307
8.381241266615689,C14,-0.22979303378826166
4.213178667705506,C09,-0.5709757510115168
9.524102557916194,C10,1.2671144416586284
1.7324096709489822,C11,1.057962445955734
3.8029383937828243,C41,2.3917465890355687
5.556518652010709,C15,-0.059175102078975056
6.782732305582613,C48,2.647289827324402
6.131831945385784,C13,-0.3913197026477877
5.58558986755088,C40,-0.3309858372974813
5.353070516139269,C97,-1.8437272556972555
6.291540628299117,C06,1.6937474735017748
9.46172475349158,C20,3.3791741862597977
3.3751810831017792,C12,-0.7932037595232343
7.2499323869124055,C00,-1.485139332920907
1.1437182454392314,C04,0.09506379202927961
6.591415584553033,C04,1.068206962540062
1.0676351143047214,C63,0.6432559317864417
2.471943765413016,C29,0.668820160421316
5.531633305363357,C07,-1.2629493417355149
5.303409057669342,C28,-3.8118950483125635
5.981488488614559,C86,-2.4705963715225217
4.191937213763595,C11,-0.5262032504867806
5.538313849829137,C05,1.4298385921874401
7.063210806809366,C05,1.4366071990310614
0.34639930818229914,C98,0.41435826567208567
7.072465973906219,C08,1.4823539303824211
6.934666451998055,C24,1.1215211744259013
9.327677674591541,C72,0.8652987574795431
2.011053536552936,C21,-1.1798642883794228
7.105927509255707,C20,4.948175017202013
8.325903760269284,C26,2.4121942934188274
8.30016379011795,C72,2.059915848661942
7.388488266151398,C32,1.0682301729415529
2.2699314286001027,C11,0.32162336403229663
9.026357964612544,C00,-3.082986361766716
0.35927114076912403,C04,2.86925328329622
8.379301107488573,C04,3.305981598331621
4.00501663563773,C00,-4.426871529587136
3.61230097245425,C04,0.8490930299153447
1.2532234680838883,C40,1.5441266884522546
3.804626923520118,C00,-2.6639488881173685
7.227231513243169,C40,0.39981877398804455
2.1337307384237647,C40,1.7615748032482845
2.891489688772708,C47,1.7460962470894497
6.475369497202337,C15,0.47672728783980856
4.08682648325339,C62,-3.0144970307758907
7.434790169354528,C82,-2.7119822968168728
5.043253819458187,C00,-1.974936244295101
6.370172090828419,C57,0.405942910062562
6.723908046260476,C26,3.421728350015117
9.594104788266122,C20,3.6860708188585853
1.660113821271807,C32,0.5063354398519742
2.3386554792523384,C30,-1.3258060752146847
4.9481378914788365,C10,1.4820783781775482
2.132415680680424,C34,1.2966053267683666
0.10632014833390713,C27,-2.183287220156314
3.156691521871835,C40,-0.8125420240869503
2.0323328184895217,C30,-1.9945349446460403
3.650453840382397,C61,-2.0066592956918785
2.785087691154331,C06,1.742540789224272
4.698245599865913,C83,-0.4416636814498984
5.758439041674137,C40,-0.37854701007910563
1.0115105472505093,C68,1.110142885523634
5.950770482886583,C37,-1.5207200269196883
5.390773511026055,C04,0.4063252095241565
9.974423912353814,C03,0.4525259556639827
7.642772623803467,C45,0.5894709531621715
3.4266309766098857,C04,0.6598417600998858
1.4438495482318103,C70,1.1276631029836275
6.475368780083954,C00,-2.6284511566574285
2.5676538213156164,C88,0.2946899088690672
0.8985293516889215,C01,-0.1744083064525308
2.20707785570994,C04,2.153131602174336
4.727244486566633,C82,-0.1846890479089618
9.877442703582346,C56,-1.2008511294337962
9.510972157586366,C45,-1.0867990671855983
6.345659440848976,C81,3.633056902784862
4.580314185004681,C83,1.443144715594196
6.8365781009197235,C34,-0.026203422466787085
7.698541784193367,C19,-0.7930841164667137
6.61093233153224,C25,0.7050593716909865
5.853464626707137,C17,2.427599526715519
0.8921990427188575,C77,0.9535303143326463
2.7956651151180267,C12,-0.07603574275798042
0.9268207149580121,C05,3.103841544732209
3.519726051017642,C00,-3.9054246491212585
4.788149006199092,C57,-0.04933531462712737
9.853363754227757,C52,0.48113825830748147
2.990250925067812,C08,0.5601531942181286
9.209675311576575,C08,1.1656730590576134
4.87202029209584,C69,-3.041771398922574
9.854969871230423,C05,1.3715103989891846
6.491606766358018,C51,-1.4336558854976396
1.849859724752605,C32,2.9891976690614346
6.907362486235797,C89,3.768825436257039
3.8210217747837305,C16,-2.0083673939923807
1.1077410634607077,C02,-0.8785002637885602
8.991346589755267,C02,-3.568695419098847
5.569870690815151,C52,3.3138485759143643
5.632455742452294,C92,-1.9113237101731757
1.4401512779295444,C13,3.992845723238254
3.8620348810218275,C67,-1.9729020224545288
3.3115875371731818,C98,0.3228589364059282
0.5098910280503333,C13,1.9927766733593042
0.46479222597554326,C03,3.0807330332296576
4.350310356821865,C74,-3.5347434091994487
2.6623229030519724,C82,1.0930762387619233
6.377611842472106,C37,-1.3276323882069188
8.909375271759927,C95,1.3922910649049602
2.0599014149047434,C16,-0.8881766795462287
5.164087302982807,C20,1.9704068911558283
3.973877625539899,C54,1.5836083224073616
0.2229713904671371,C44,1.2869516948164352
3.4353157714940608,C78,-1.913745144403571
0.1082903379574418,C02,-1.484322887496524
1.2306690029799938,C14,0.36081261879008525
4.101776864845306,C11,-1.8429489307791738
4.173355721868575,C06,1.9489228081331904
9.381164284422994,C57,0.36168648968864464
7.990656916517764,C04,2.383455010867463
0.9082644758746028,C12,1.2869441107616517
3.930892690550536,C97,-2.23365024056955
8.573258654214442,C83,1.7511477402180708
1.04945566970855,C11,1.27667534035478
3.5819014813750982,C27,-1.7482871631347885
2.602010304108262,C39,-2.2769115088457306
8.725397654343396,C47,1.2410838860476434
8.28960936050862,C19,1.8425473222093878
6.781688896007836,C45,-1.050966179030885
7.3386625945568085,C35,0.8338359463622866
8.49293522303924,C00,-1.0736729549281174
9.14918547263369,C61,0.39911066745748425
1.269509275443852,C11,0.004915655470484781
8.803358250297606,C02,-2.0728646645979674
0.6097300862893462,C40,-0.27496085943600646
6.121754548512399,C15,-0.2756027743744377
4.855203852057457,C58,-1.2377202783536125
0.8692134218290448,C98,0.5607770542588024
1.3227739627473056,C14,0.3431611761216723
4.318961116950959,C49,-1.476260441916898
7.969007110223174,C00,-0.1206708356464975
7.35150100197643,C10,3.097890765702426
5.959938487503678,C03,1.591993869867292
4.113329148385674,C00,-2.324702729942418
3.1723784981295466,C35,0.8974452624578315
2.170898935291916,C23,0.40684086950463805
7.846395673695952,C04,3.046671648123574
1.6266715433448553,C68,-0.15539068592986605
3.3881604252383113,C64,-0.5288490361658922
0.3324546036310494,C08,0.780924088457722
8.135268245823681,C21,-0.22548844433559523
0.6216375320218503,C02,-2.1054359599828554
4.789260826073587,C42,-1.4468965925405097
9.038670749869198,C22,-0.5605392019104067
7.721429271623492,C39,-3.3923669195576185
1.6376211843453348,C00,-1.7882718105579347
9.4321702956222,C02,-0.22231473195212437
3.6329500912688673,C15,0.0024200346486151214
3.688680734485388,C11,-0.6410220402007963
4.275613292120397,C50,-2.9111888524992158
0.1657986408099532,C02,-2.5141047250578215
1.6382211190648377,C18,-2.7777387505209927
5.615994217805564,C01,-4.1068759293156045
5.777624621987343,C31,0.6298169798017563
8.018720943946391,C23,0.7045229157406867
3.0035580648109317,C04,0.9379345965507977
6.10331850592047,C86,-2.3983368872401902
2.261018166318536,C09,1.7371893923177735
8.662299225106835,C63,0.16668097266822451
6.179085758049041,C02,-2.2083258203503857
2.9068401153199375,C00,0.2424419640993054
5.270839526783675,C70,0.14258959411255068
8.191278795711696,C42,1.7668309830717783
8.422611183486879,C38,2.03543781076507
6.656748696696013,C36,0.14050101046953867
2.227615285664797,C58,0.09976331467046273
5.122601450420916,C55,-0.7106726729230719
3.79171019885689,C00,-2.3586152467353383
7.412815915886313,C64,0.2579275957341345
3.8915068842470646,C97,0.5996318298115236
9.711596313863993,C01,-3.321380128779927
8.450186215341091,C60,2.335251324536658
5.926332324743271,C65,-0.9096361496044009
3.918885192833841,C83,0.3196836459461372
3.2970778574235737,C39,-1.315020506058458
1.1942661902867258,C03,2.3335419166568205
1.9512763805687428,C35,0.5007064200545642
0.8428612747229636,C04,1.077802238271277
6.197207558434457,C00,-2.526684728485738
8.636601939797401,C03,3.0464969515855813
6.009475078899413,C83,-1.465836931806436
8.938666172325611,C69,-0.6121632441132816
9.364142187405378,C20,1.7561737346339144
5.59332222212106,C14,-1.0530051578729718
3.915201318450272,C73,-2.3698137001110444
4.450458528008312,C00,-2.3590725468550082
1.7218062956817448,C42,1.267356186874651
4.625658101867884,C68,0.32538695081580826
8.447514234576374,C01,-0.012834636405986144
4.103896128945053,C40,0.8909173314883684
0.8732326352037489,C03,2.687563912760813
2.03321440378204,C01,-1.8086009366667266
3.897732333280146,C12,-0.6804254306022189
4.429255435243249,C84,-1.277451512804212
2.615502788685262,C08,-1.064859556949127
2.3719914304092526,C01,-0.5697994054387685
8.97218951722607,C91,-0.5854386648969472
5.947571287397295,C55,1.594737676530193
0.761531291063875,C23,-1.1483194808086816
0.788894291035831,C74,0.5758267090396125
5.4704492329619825,C69,-2.9216072706450023
8.089623001869768,C37,1.0500940209986986
6.82463486911729,C71,-0.7916218577555891
8.83577983127907,C55,3.5595961723808163
2.634737144690007,C00,-1.7837217831302492
1.919983138795942,C66,1.6468570907507505
8.270002347417176,C00,-0.8208254747348382
3.107019574381411,C30,-1.9926022958520289
2.990282734390348,C09,2.6152799018133424
3.5662238229997456,C00,0.20077966876648912
4.2845964059233665,C67,-0.7113910604836426
4.656205929350108,C20,0.9416633088363582
7.223001173697412,C05,2.049746317179566
6.709471552167088,C85,-0.5159989124845201
9.402998553123325,C36,-0.8675402116859593
7.320438290480524,C00,-1.807295064444013
2.121820184402168,C60,3.437449877164627
4.053409623447806,C00,-3.4071903529785637
7.172055358532816,C48,3.7568595290693425
3.0257878289557993,C18,-6.124949894790086
1.0112744173966348,C28,-4.0927934200971645
9.949470057617873,C00,-1.6445538415591558
9.979075568262488,C00,-2.0898759306294
9.499109203461558,C00,-2.173619132596067
0.27327723568305373,C10,1.055633190412371
8.667162945494056,C31,1.4782051128580833
2.5820237351581454,C00,-0.15165358780678972
9.50987194199115,C11,-0.6650829339241482
5.476902544032782,C52,0.09914154737294467
1.492781660053879,C84,2.040731981150957
9.613566440530121,C80,-0.7573318604654917
9.233257218729705,C07,-1.5559917302022601
0.18704377114772797,C19,-2.7948590180665365
5.851572102401406,C11,0.832801223939274
9.756125970743597,C61,-1.5976994246307212
0.17335830489173532,C07,1.6714813344120467
0.9139870526269078,C12,0.08724830638324166
8.782208464108407,C00,-0.18930676124686796
7.902939133346081,C05,3.6294709469911117
8.60268312972039,C77,1.6647445855339063
4.794145857449621,C62,-2.7346432157471336
9.366786328610033,C00,-3.290340768215593
4.6808091551065445,C40,-0.5641876270313884
3.3357585943304002,C70,3.013001537166776
8.278692907188088,C36,0.5717311688068369
8.670119072776288,C00,-0.5696212244459781
3.172745427582413,C11,0.5019538926961065
7.129104728810489,C04,0.42825379136825403
4.789359963033348,C25,0.5777988024084315
1.1955675715580583,C48,3.5484281026544497
5.487755304202437,C07,-2.5524490382088993
4.509284473024309,C39,-3.1989297233047234
6.332604237832129,C31,0.12749024943906817
6.7130584036931396,C01,-3.0949093121919833
6.061982132960111,C57,0.48581601378950723
7.4587578675709665,C10,1.439292254372901
5.70286629954353,C26,1.0314738554870615
8.212755925487727,C00,-0.09526974389377363
8.876418611034751,C40,0.14067157199362468
7.278762464411557,C29,-0.014509546463617795
0.7959673996083438,C02,-2.9904008109151476
7.756257271394134,C35,1.5369817470795148
3.2861575414426625,C42,-0.6958736487406445
9.715361101552844,C25,2.2159463865444815
5.417402887251228,C20,2.1184436865531655
8.18409237312153,C20,2.364695505670409
2.268885390367359,C73,2.263819405630844
0.8446073858067393,C23,1.8899455337465016
2.1157497563399374,C01,-2.105174155629915
2.2533293277956545,C95,1.4568111354442341
1.4068065909668803,C64,1.5424598248229269
9.85836488660425,C55,1.3028961367401544
0.06894906284287572,C44,-1.766521787570111
7.317684793379158,C84,0.9620795712901213
4.632591737899929,C50,-4.680248802866701
5.878896885551512,C01,-2.0117425368413477
2.144279982894659,C05,0.7953579486900877
8.035192664247006,C20,5.447572133433043
7.263526041060686,C00,-1.5881345802915954
3.01165958866477,C14,0.03686445279328743
5.475937493611127,C77,0.49312596543110493
0.6701421970501542,C01,-1.9560738323247822
4.004515174310654,C61,-2.6393272486915262
9.919928573071957,C01,-3.7118477837595596
7.214904495049268,C01,-3.360989508329409
1.8575466913171113,C58,0.6430489845320693
0.867861439473927,C07,2.0756797218246987
8.689559639897197,C15,1.5581308236472657
7.368914727121592,C00,-1.2056148152113746
2.55374496569857,C00,-1.9217019236303128
8.4867581166327,C33,3.038019297068499
0.7590017840266228,C44,1.1488138001939368
8.009130663704127,C33,4.99390329265921
4.046096773818135,C90,-0.2885733599869761
3.413856513798237,C06,-0.40044177378352475
9.697135637979954,C62,0.1254231756530515
8.844181986059994,C64,1.4452064598835614
2.3430600110441446,C26,2.4067644884629695
9.090638989582658,C00,-2.8550852687700186
7.201954573392868,C14,0.02757311091385134
8.176208327058703,C11,1.733969213200009
3.5681210248731077,C40,-1.59055616471302
2.4535167403519154,C06,2.498324687384538
6.103203122038394,C95,1.080397983068917
9.432163881137967,C21,-1.905499358493177
1.1420181300491095,C03,1.628488122520546
6.713745011948049,C16,-2.3573960324731162
9.662427715957165,C44,0.29422391066334597
6.875378687400371,C36,1.0708552821347057
6.421502032317221,C01,-1.852275102975332
7.454080565366894,C12,1.459345377243701
4.801093726418912,C66,-1.4420097075179905
4.2903699818998575,C90,-1.9762142791884676
1.847916217520833,C09,1.5793076323484663
4.887721224222332,C39,-3.3623011806257503
4.7806646674871445,C57,0.5961507244575563
7.104333280585706,C31,0.169632665377629
6.489098966121674,C39,-2.178332035626327
5.433234514202923,C00,-2.179873222869285
8.393876091577113,C68,-0.21836499284434585
2.7827196731232107,C46,-0.6176547203400731
8.579476485028863,C05,2.1061261048491784
9.881007412914187,C00,-3.456745031188565
8.479393909219652,C90,-0.6076190446025757
1.0415630880743265,C68,-1.2743908972118037
2.636616760864854,C07,1.2709182768804437
5.602610069327056,C09,-0.23305664519983288
2.2424211865291,C16,-0.34263627631821647
5.251033664681017,C51,-3.9341338679848854
3.7304931576363742,C20,2.34692112001151
0.9898320958018303,C42,-0.28336855564522434
8.962496309541166,C92,0.14729386237636993
4.229169171303511,C23,-3.319610148501477
0.3401078446768224,C17,3.139334190405843
4.572791981045157,C17,2.8382562608677255
3.1301973410882056,C33,4.218024349628276
8.894833738449961,C28,-5.386208932586882
3.0111685069277883,C33,2.6455246142253763
7.956391631159931,C11,0.37090462720071105
6.027394856791943,C05,-0.10411138321859892
7.478695351164788,C01,-0.6285499763339297
1.108472659252584,C26,2.364174703948401
3.4280314343050122,C19,-2.326677414998724
8.960806985851377,C57,2.1450980156968913
3.9209880330599844,C19,-4.117334969627548
4.020080561749637,C09,0.5137924524580485
0.3540246607735753,C30,-1.0134036615223838
5.174185987561941,C14,-1.3688765441085993
5.67672559292987,C02,-2.20839529868608
8.48098325310275,C30,0.8535804681903638
9.963057946879417,C02,-2.1672854925975145
8.989207446575165,C55,2.5867392377505656
2.005164858419448,C18,-4.653017123664803
6.587279171217233,C04,2.0805708454216374
0.8328528190031648,C24,-0.2810551224716288
4.9324831436388195,C81,1.151622566571798
4.303624746389687,C02,-1.454219187530967
2.7666780538856983,C00,-3.426603975949127
1.1372504918836057,C03,1.7279325326157167
0.20777005702257156,C02,0.7936802834604098
3.074689747299999,C62,-1.0563986415129452
6.1988573730923235,C38,-0.7014106562574259
4.823032070416957,C03,-0.7381527111139058
6.949156671762466,C12,0.7884437668782406
9.958977743517607,C43,1.1282680139474095
5.425353506579995,C29,-1.5667350949268544
3.680446434300393,C42,-0.374686950800384
5.361109243240207,C54,1.1344212281466768
0.7095433585345745,C29,0.28406555321082216
3.574123694561422,C08,0.45782597116392454
9.805281369481236,C32,-0.2403258064324615
5.47642815625295,C21,-2.867953696872948
8.901146678254008,C41,1.9692939287903954
0.4853590112179518,C19,-1.3939181542671932
8.696773955598474,C04,2.5197467168682173
0.45423445757478476,C08,-0.28247700109168483
0.6685070227831602,C05,1.9041092520479312
6.236589176114649,C19,-1.6907963843980502
8.579264970030636,C83,4.214930698242785
0.07442249683663249,C99,0.6988161967173883
8.122822667937726,C56,0.8871410414761077
4.559540944173932,C00,-2.828835169210966
2.6376052014529705,C93,0.7582198193027871
5.820256951265037,C00,-2.8023987310710843
8.318756485823542,C23,-0.9345590484547018
1.0318178124725819,C21,-0.7025231761159789
5.156199005432427,C04,-0.9061927007516055
7.352586660999805,C07,1.0567050221170686
2.911343090236187,C85,-1.1494735811836019
3.4395367396064103,C14,-1.1787526444865404
8.882475569844246,C22,0.11461153419801529
4.6352034248411655,C00,-4.290216933634636
2.362405457533896,C00,-0.013884486746085
1.9364482210949063,C03,1.5594039838531422
0.6574149103835225,C00,-3.9065856350137365
5.927230298984796,C05,0.31595809570100375
8.292628093622625,C46,1.6547322812750516
5.376735255122185,C54,1.9061526676392826
9.868391305208206,C76,-2.9165708909202857
7.635692360345274,C38,1.6261054415028444
2.267878381535411,C00,-0.3075464259048555
8.561208033934236,C01,-1.6079463984059843
1.946619674563408,C43,1.2191725379577298
8.208642858080566,C59,0.3520993423122951
0.5292605189606547,C00,-1.2751758402235576
5.3054831037297845,C00,-3.72211280175862
6.562615213915706,C36,0.731690139960383
0.7922151242382824,C00,-2.335087791530845
7.2405845345929265,C90,-0.5250364080312369
6.97642537066713,C21,-2.919887343020336
7.802401268854737,C27,1.3454649425975673
7.8468079306185246,C28,-3.5549033671880803
4.568125691730529,C82,-3.466126660973001
4.670586639549583,C57,0.1878594502396339
4.086278530303389,C06,1.0664728469631235
8.779615794774145,C00,-1.0073081379041966
7.61650177417323,C33,1.3575241769035928
4.311649187002331,C71,-2.582709592612985
9.605916764121503,C04,0.48035702367399913
4.70519598107785,C32,-2.403602060370852
4.791352900210768,C46,-1.4846229076736948
1.819454978685826,C98,0.9011078618353688
8.225424750708044,C40,1.8829847746968804
3.130939733237028,C03,1.3134091773329875
2.0587514457292855,C07,1.6391799399149345
7.183358282782137,C76,-4.257473581449517
9.35549751855433,C02,-0.939047558638016
3.6956581799313426,C25,1.7699296804416955
8.876977518666536,C97,1.5217040456465147
8.964901668950915,C70,2.8406460180012933
2.1894483431242406,C80,0.301936647295336
3.261991005856544,C18,-6.696692586688021
5.405577055644244,C46,0.25728446981654884
8.022174080833793,C00,-1.240037049004821
0.37689279532060027,C89,-0.9799482000277828
5.227363819722086,C02,-4.28030694409887
1.4395957184024155,C42,2.970802064484781
6.926418170332909,C23,-0.4276836331414089
8.696935924235731,C74,-0.20168059196869165
5.814151633530855,C02,0.5667962042296968
6.505699430126697,C11,0.7153274688489868
3.8572045671753585,C34,0.8384221933739479
6.700674726162106,C73,0.21873402828801597
8.38962619425729,C65,-0.06290959519681405
2.50023101689294,C00,-1.178619958242241
5.636506888549775,C68,-1.2733199765859975
1.481384178623557,C24,0.9891304252860346
7.975614415481687,C16,-0.9437995363835321
4.6452820976264775,C93,0.022123697210682858
4.326482156757265,C98,-0.9109661216009193
5.344844881910831,C71,-0.9195324797723141
1.539979912340641,C36,-0.7471962676926976
5.496953334659338,C30,-1.626656152580822
1.6838473500683904,C62,1.0357634991757827
7.341220951639116,C13,1.7252119446455152
0.6407109508290887,C14,0.8127257372411004
7.3860756773501635,C67,0.8361509584513268
4.175277177710086,C59,-2.3661681495812132
9.845153207425028,C37,-0.1336203670787519
8.892151636537164,C71,0.08698882662126012
3.896351307630539,C58,0.8580437804601112
4.568205166142434,C03,2.9248862048744977
8.563559490721673,C44,0.7189530396880063
8.116378954146057,C79,0.13583730178408898
3.4394963295198977,C07,-0.946706040554496
2.226077087689191,C62,-0.9639806565323302
8.107651378959417,C70,3.1120675163647333
4.793551035691053,C00,-2.0219323782860013
1.269207748118788,C64,0.5871725210550084
6.398835610598326,C59,-0.31567055579055403
5.323286764323711,C01,-3.037903303621278
4.253555880859494,C28,-4.6792832561836475
5.560640955809504,C79,-2.1913881499925525
6.817284163553268,C07,0.9805463880636243
2.583478221204132,C61,-2.473915354950879
1.4850438479334116,C86,-0.9138246632889916
7.491926101502031,C18,-2.9701278353839475
4.396725303959101,C05,0.5325842670608879
2.415828574448824,C25,1.5273987885423477
0.09312315611168742,C01,-3.6813367243030273
0.297765894792974,C35,1.2725822011127184
9.90351716754958,C23,-2.3674329144450974
9.453348638489842,C60,2.717132366066923
7.194813152309507,C28,-2.173640383866709
9.334726994857192,C68,0.004920615909813004
0.5866817780770361,C71,-0.8558665286270956
2.641798045951873,C17,1.6558820899776627
6.063997091259807,C07,-0.37229538092273734
5.556621542200446,C19,-1.5983242664199913
1.298493049107492,C48,2.105089216917524
6.446540809702128,C02,-3.0692884515525787
1.4524545287713408,C41,2.089834136750836
9.736612590495497,C40,0.04277784501299642
4.60147162899375,C86,-2.294633501588287
4.607965324539691,C10,-2.086590393006083
2.2370753274299204,C51,-2.5776386269421194
4.574819947592914,C88,-1.886287486439371
9.822638693731278,C07,0.30325320236481396
8.135772680398077,C12,2.0117896615078052
1.9991361233405769,C09,0.636316475878554
4.380023928824812,C10,0.0914909703492639
4.0051909210160375,C53,-1.419070475932172
5.630265641957521,C16,-3.1285071198901746
6.728313909843564,C08,-0.44133998409106223
7.536448591854423,C00,-2.741158930391271
0.395033888053149,C05,3.1414180089905153
3.72012454085052,C04,-0.8162644599776598
5.7487453846260905,C28,-6.252251377936173
9.044776288792491,C51,-2.6795342955591748
5.579620357602835,C61,-1.5590446861234595
8.19033581763506,C72,-0.0030509184605322925
8.301688691135496,C06,1.689298511183371
1.77650815108791,C00,0.7453959045008562
3.185064378194511,C24,-2.235191939667228
3.7651345203630626,C04,3.9213529296298106
3.46952679567039,C56,-1.99471888518576
4.122107028961182,C02,-2.3939786651728943
7.813625510316342,C19,0.02450807379004455
4.597581620328128,C01,-2.36077745567777
6.849257771391422,C17,2.1761446127262816
5.628254264593124,C72,0.4308543030805204
8.6685790726915,C01,-1.752177229668497
1.139145598281175,C74,0.27005603492937336
9.752165812533349,C29,0.08330845508357798
8.125930440146476,C24,1.8167041847369578
5.472041056491435,C15,-0.5302409170833924
2.7174401935189962,C04,2.010750798416996
1.3384093786589801,C44,0.7077774265503254
9.103005465585738,C01,-2.0124372850088936
7.348426203243434,C32,1.8454794204873282
5.3260136977769434,C11,-0.6740782620836874
5.460493480786681,C34,-1.5659836101226858
8.149511218070984,C05,1.6322930889443288
0.7011084374971688,C56,0.6943815864675003
6.7411839426495135,C44,0.5287370459228402
3.798789931461215,C62,-1.6149771604857075
1.6955728130415082,C19,-0.06133532572975747
1.004933814983815,C90,-0.29210347458740715
0.1238061161711812,C12,0.9994428180311414
3.115636515431106,C48,2.0753087642605905
6.853485899046063,C57,0.9535287149060863
0.26193040888756514,C45,1.1790565503822321
5.746010134462267,C01,-3.755042080640284
7.895578520838171,C36,-0.3069799715077922
9.432228887453675,C43,2.0816814162884913
7.627369277179241,C73,2.403754571371345
4.831626631785184,C72,0.006077420192115324
5.1502282824367285,C03,2.479080142493431
2.5316796638071537,C00,-1.8812189469636333
5.763749093748629,C45,-2.477987128640345
3.584110855590552,C45,-0.30115211422854715
5.358818012755364,C39,-2.0791198722546227
8.584602407645434,C66,0.7030012490020077
3.5568756354041398,C71,-1.8513266654291185
4.746300117112696,C13,-1.1984395053160244
5.9134155279025435,C02,-0.8215635329511672
8.265701292548329,C18,-2.4784306309099096
0.7131291436962783,C25,0.2927458860631864
5.4069560370408,C15,0.29021301207924977
7.7290956396609545,C60,1.4239933213421299
6.163492922205478,C00,0.03374000588532233
8.866276040207595,C19,-0.6449285565572688
6.0787406214512885,C48,-0.3791008467835666
7.1980319917202,C01,-2.1775638144823253
0.534326967317611,C92,2.458527695211599
3.2174830231815577,C06,-0.6959963906540187
0.854165768250823,C24,-0.29927148692174765
7.294869313482195,C02,-1.5821831392465766
1.6074249311350286,C40,1.247039309474526
7.140281710308045,C00,-2.016052509698973
1.4252371597103775,C60,2.8895718084535815
7.204291324596852,C00,-2.0977936164141338
6.65839996188879,C28,-5.5944222494907
1.8008495587855577,C27,-1.2395527411682248
8.677654995117337,C48,2.544436513338235
0.8881916268728673,C67,-0.4392289273910539
1.9592182873748243,C25,2.4376604389628933
0.46873163897544146,C26,2.074784789286536
1.4537354768253863,C75,3.536630407284866
2.1359728695824742,C00,-2.0294552268507835
6.128953935112804,C00,-4.222396736549616
0.772051487583667,C33,2.601421785962145
3.1554212188348174,C98,0.12000956719534617
4.16247425833717,C03,0.3493831221222319
6.011077563744038,C09,0.6083327189138392
8.146942560561001,C24,-0.10323568700310509
7.538006934337318,C45,0.09877889722370736
3.472742629237473,C01,-3.536159875212007
6.5417072852142155,C06,0.6284545549525457
7.794436616823077,C65,1.6974501648479807
6.787462050560862,C87,-0.37834866046629717
3.399616067763418,C27,-2.4462184262067637
6.747124674730003,C27,-1.820209148436785
2.4828784121200442,C11,-0.32480863576456354
1.0735293943434954,C25,1.2699125338709008
4.724935505073518,C00,-3.3618605672824984
5.864160875789821,C98,-0.24462755884035137
4.104233912657946,C36,-1.281692781663577
6.666134078986943,C35,-0.43376580695757355
1.8979074247181416,C19,-1.4894828435606389
5.989640897605568,C78,-1.5479998550811482
8.134126437362283,C08,1.3833330313497396
3.1768147903494537,C79,-1.0315712210644363
6.3636162132024765,C66,0.0589930977378178
5.236815565731376,C23,-2.7215703021860898
4.559476647991687,C47,-1.5708730776424664
5.289899634663016,C44,1.1068787973409333
7.563384948298335,C79,0.2525454825915799
4.508267769124359,C00,-4.095598354685251
6.081989235244691,C08,0.35556165137219137
5.206392155960202,C87,-1.2081478558654088
6.179379727691412,C08,-1.8372346437621818
0.7721564755775034,C05,2.8857844086235804
3.9017467061057687,C02,-2.8295430116977416
5.0130921811796725,C78,-4.413340620851775
8.926679654978216,C26,-0.5150418481857209
8.802748259622604,C04,0.1034178736799598
7.773354358505458,C64,2.6745387009350674
7.920435557607561,C32,1.5364393161489514
3.129459738265723,C88,-0.43316272479980034
3.246911335736513,C00,-1.7212269607717616
0.07788505405187607,C28,-3.965362342360652
7.727966739330441,C04,3.7975496597546514
8.993202866986394,C15,1.7139014629646887
5.523137003183365,C46,0.2920383541853542
1.965736667625606,C58,0.18622008772283627
4.423973546363413,C00,-0.77318714696731
8.17791668465361,C95,1.2651489515794987
6.211195487994701,C71,-0.03511762588430445
2.65321763465181,C01,-2.147809244879963
2.9969269409775734,C96,0.28545915756115026
6.747967111878097,C23,-0.10208800809397778
3.455424914136529,C30,-1.2405257143047304
4.121013022959232,C11,-0.76508365486525
9.059568766970187,C01,-2.631265872225069
6.392812973354012,C10,2.121311474350607
8.467015507631004,C18,-4.479381287475519
1.5556753589771688,C61,-2.0021931815858562
8.066846574656665,C07,0.4388080037030363
2.687968446407467,C45,0.7847819742857856
2.4114936916157603,C00,-0.21035707750619714
8.716150685213506,C22,0.4266935864024708
5.034565350506455,C44,0.2015638491805707
4.444533167406917,C02,-3.075570208021966
6.671579645480961,C05,0.7388794198630377
3.297261903062463,C26,0.5816385512576435
3.7646995950490236,C31,-1.2802334904904644
1.5787313901819289,C37,-0.10311086059474188
0.04735434893518686,C54,2.4098377633789467
9.327705318573862,C76,-3.401314940743108
8.945065708830953,C10,2.1236988268229102
4.025284345261753,C99,2.5527464866204808
2.3304805415682495,C72,-0.8833790789496169
4.011877970770001,C03,2.53203118732516
7.46020914753899,C54,3.2003634252971946
7.989624922629446,C00,-1.4658199816405464
5.405002890620381,C14,-2.1238261189617527
9.806999757420272,C50,-3.8108335288311346
4.568125356454402,C16,-1.822544700585723
4.046824674587697,C11,-0.7144673619384455
8.026993402745575,C04,2.84857578645874
5.035674795508385,C62,0.5154389835765065
5.672758601140231,C26,-1.417270859159012
3.41191889019683,C86,-1.867404226259028
4.722709897905588,C02,-2.5427511102112814
6.484976059291512,C01,-2.622766369925165
7.152117171790451,C05,1.0515904122710749
2.898277509957552,C09,1.3844682151299572
8.731068389024585,C09,-0.14734135190819697
9.949898386839777,C70,0.8780461822654788
1.986270451452583,C62,1.288357034836368
3.6248483904637396,C03,1.4542308646227982
0.051544958259910345,C67,0.7517888333297326
9.943139366805553,C40,0.960084026235529
7.148642262909561,C12,2.089488157342935
6.357866283506155,C80,-1.1454956587661782
0.9532081382349133,C40,0.9437230581719452
3.898723137099296,C30,-1.6211296347410342
4.969255649484694,C59,-3.0930489720484156
5.959810595959425,C92,-1.5283844657216181
9.530524788424373,C48,0.39307771181880313
5.66674622008577,C39,-2.845705390776546
3.8714446453377604,C08,-0.1589273648763913
8.059007804840803,C30,-0.22817601121541645
6.389683287125081,C29,0.8751387641118435
4.078504745848477,C40,0.9196256617604106
0.5973794776946306,C54,2.582658028731386
9.447265036869794,C11,0.280651143704044
7.129113934934139,C61,-1.2780263265362384
3.707771133631468,C10,1.0910659325940328
3.8972868444398046,C06,0.0770248796853704
8.260554997250438,C43,3.4678079373691375
5.339393413159996,C89,3.4137290486899423
9.30856209481135,C13,2.971448723769878
3.940389316994697,C08,-0.2182699292494651
4.764941919129342,C26,1.7242749395113557
8.403718089684844,C44,1.0501147092865888
1.1454096599482,C71,2.6922932206225907
9.387760835234076,C23,-1.9099497156815857
7.946625589393079,C01,-0.16342946584431295
2.5122464704327285,C77,-1.1342551725587076
5.574423065409064,C21,-1.3643401407538596
9.893781819846481,C25,1.7829845316860928
9.772080567199737,C58,0.09383374704287334
4.881819447036833,C20,0.9029350447905624
5.12080887099728,C36,-1.304493068731845
5.825555936899036,C19,-2.429707342769213
3.6216821265406907,C01,-3.0984294047706804
4.644363403785974,C81,1.8331972403935761
4.427063523326069,C94,-2.135453887036307
1.9621347379870713,C07,1.86242742829783
8.97964178584516,C36,0.5761300753508234
9.522087627556175,C34,0.7160557305020083
8.37623606203124,C26,0.7862580957835941
9.116528437007219,C20,4.001880628431409
9.524270554538816,C07,-0.17046450080526726
9.35533387819305,C00,-1.4680016629313717
5.93788871075958,C00,-5.0935447399835425
0.2090334170497954,C54,2.063689442641013
8.222075670491904,C25,1.1201798391076045
7.37215633969754,C67,2.208622314422064
2.2200631350278854,C13,2.184692629096499
7.013871199451387,C13,2.987598121050546
1.2859876384027302,C12,1.214442973651558
5.186671717092395,C06,-0.4928964152420028
4.628659256268293,C99,-0.4455768049526426
2.4728352623060346,C98,0.6939547465444165
2.5256610359065235,C47,0.8262249271626538
9.327250313945115,C38,0.8828222098480436
2.204132240731269,C42,1.1812599467264624
9.243894927203655,C00,-1.8375367514345418
3.1880658585578203,C08,1.8577249211686016
2.3989293328486383,C06,1.6668588106066422
7.656855839304626,C78,-2.58757400246618
6.038419078104198,C97,-0.31961030078383224
0.9644200652837753,C01,-1.6105532638706643
4.448786973953247,C08,-1.02674872570082
2.3351195477880538,C09,3.0799547671053187
2.809350620955229,C47,-0.35898134547821114
0.2564826491288841,C06,0.5008795021287928
7.0942856930196285,C84,1.822517462595722
1.478408882394433,C31,0.6360625119494483
8.737800803501159,C76,-1.628464880630912
5.984089942649007,C40,0.7202456311472527
7.358242976479232,C21,0.30057927002593665
4.010636075399816,C64,1.144455093917343
7.990215274039656,C87,-0.014401362711675747
4.055961091071367,C08,0.7815115114085981
5.6482345960102975,C45,-1.6720807689100596
2.801585525739938,C49,0.30997542619119056
1.1275791889056563,C06,0.7499457661706156
1.74695685505867,C75,0.9466086595884009
1.8418170092627406,C08,1.8752155505372077
3.5723798256367445,C21,-4.132839121914248
0.3325085062533617,C31,2.420076885747473
3.159612554591149,C37,-0.7707350815634094
8.15175516763702,C32,-0.717267255785446
7.541599755641073,C45,1.4120611963317953
5.256180928554386,C22,-1.9243477115609229
6.753453258424997,C04,0.7318592296603718
6.798301464878023,C26,1.807339372674123
6.565698774065822,C42,0.03818179774901975
6.579349637031555,C10,3.9517495329298375
4.858636108692735,C96,-2.2801279884708476
3.587648323737085,C14,-0.42939398295018816
1.5406859549693763,C54,3.1282622917624505
4.636323042213917,C79,-0.8062984825518997
4.1740365023724735,C82,-2.885488769270911
6.601701283361763,C89,1.9097138095767918
5.709051333833486,C29,-0.4881100047397473
2.472145848441869,C00,-0.2753516898074593
2.1116606541909277,C00,-0.8662270228276869
3.5869573056697845,C76,-1.8088900463780504
5.806384375318885,C36,-0.022543669005242295
0.6090362276881933,C43,2.674899609452188
3.8054882804863155,C97,0.366485979590762
3.6418912443332374,C29,-1.6160322970765924
0.43936498928815126,C06,0.9536526775141145
3.8065109867602587,C00,-2.4801127172065907
2.466226601973176,C26,2.264684446844995
3.6375019513070583,C58,-0.8297585659272304
9.252042551524937,C81,2.4367336368466
0.9918013075366616,C00,-2.1755859791423755
1.901809370610863,C90,1.194570234687171
7.289972242433578,C06,0.41871974054927197
4.288751841522753,C00,-3.0497111170087488
0.7545469049364328,C16,-1.4317445762125223
8.198045045137405,C26,0.7566223521895785
2.8520691976882517,C22,-0.07802074585921981
3.2526451186276972,C08,-0.24558030552457952
0.006387205794453621,C00,-1.951922580233242
0.001790081150829792,C27,0.46183000939908925
4.53585498733446,C65,-1.6921251422037618
2.712015863507986,C36,0.6567281356773504
0.48466711305081844,C03,2.360128217103657
3.411710828077048,C35,1.3409784065813861
6.083053553011268,C17,1.0162994082321766
7.984786049928516,C29,-0.11351499126815634
5.446913824416697,C26,0.8030180944860225
7.824030646588653,C30,-0.6071349817034212
7.535094155464321,C83,4.6119061582213
5.717942086048424,C00,0.8797730739683649
6.409314125776291,C12,-0.589213704460193
7.188161613885313,C83,2.630004812367112
5.651810932904482,C23,0.18200382732953502
5.4476982657797635,C18,-6.665341001127353
1.0647407523356378,C18,-3.406028632709435
0.7311974512413144,C09,2.590185619939375
9.567489363253117,C66,-0.7122949675263419
4.579175773542374,C93,2.613695024978335
4.806644557975233,C04,-0.46423262474287164
0.6179831665940583,C10,2.60835870184484
0.5699179647490382,C53,0.12650186838616673
6.8187124584801495,C00,-0.45936953045147444
3.8822077866643667,C24,-0.38951556653081254
7.398903917055577,C17,3.009891173730421
8.433837634511292,C65,1.3172044143503956
2.8528748103417456,C07,0.6073968160507766
3.0171049921773374,C88,-0.9555918882898012
9.7087916219607,C40,-0.1859901973677261
0.5365457618609071,C03,0.1186403764493782
3.047470008023083,C00,-1.8347380880419795
4.660764648579061,C12,-0.24815554367257464
8.85899790097028,C37,0.4806115962829107
0.9389702207408845,C03,2.4928233723013986
8.24861076194793,C86,0.06977088503005668
9.372726476285607,C00,-0.8101199828375165
1.9041629577986896,C24,-1.766411224369885
8.346695110667497,C01,-1.5076622539830502
8.015146437101066,C67,0.690564372955421
7.206265004351735,C21,0.1329626164352482
3.0934120365418494,C11,-1.2162054764459547
9.461404890753329,C52,2.558853298927672
5.273193498142064,C99,-0.6784561611555596
8.17273206077516,C83,2.463389831988824
1.59122385783121,C80,1.0829000785332095
9.19332357821986,C64,0.5381053755894907
3.481541038490832,C20,2.0401306297233996
6.631352165713906,C07,1.378462005002664
3.0807913071475923,C10,2.937599305336721
2.1631430345587432,C81,5.005251967982958
2.7713401219807565,C87,-1.948093030957446
2.588806916028261,C27,-2.225569129975636
6.381128171924502,C07,0.5467066971212082
8.539890262763947,C00,-1.3320117240114149
1.5406366740353405,C31,0.547337519510162
6.001771816518158,C04,1.7586803542805844
9.820631565526128,C93,-0.13728479129012594
3.9043167838826776,C01,-3.0170610020971864
5.630576498806477,C72,-1.6321508530278936
6.692826384678483,C59,-1.4454954122402996
6.038799409288913,C02,-1.6456040365269828
7.397315024863929,C92,-0.7695268996994811
5.104484986513853,C21,-1.5258040839008342
8.752794440370053,C27,0.36146172092603257
7.354662485886365,C45,-1.1989470386218772
9.026692998595536,C42,1.5084511165666559
2.9582651727832854,C90,-2.0607971833481282
2.103758887387812,C98,-0.5931216719757221
5.973513941280544,C21,-3.1939973968421547
2.1366340178065,C05,1.09424380128636
4.147404977120459,C00,-3.1134585602368
4.839934927877039,C90,-1.8687076066949295
9.069087984971702,C02,-2.3945355520719014
7.876636220607907,C23,-0.46126991699066466
7.7134303958155215,C04,1.1543473834419193
7.7362534939311445,C07,1.9394400769039264
3.7484950036741793,C00,-3.0803910866224467
1.1170279164798558,C07,0.4266475085582274
3.686184105463326,C05,0.3857808378490664
4.987374073825777,C42,0.36812331355402383
4.528886717744172,C02,-2.791053029306071
4.349475756753236,C08,-1.3105125945769736
1.5202316176146269,C26,3.9661657862564237
6.31482801400125,C63,-1.784890824590829
9.350575190037489,C82,-1.2249527114945005
6.057196739129722,C04,1.7071362303969753
6.802890065591782,C38,0.20612582878113206
8.176696083974093,C33,2.337993557200173
9.773228333797306,C84,1.3412196923548938
1.4358409610576928,C29,-0.2676505800016452
9.229346867650747,C34,2.8223614743665992
8.243959925603122,C15,1.9601960895508976
0.8505304623395205,C21,-1.0114194702225854
3.8049671542830765,C97,-0.07448388429312047
6.568525903858244,C33,2.537487010735121
0.19851076882332563,C05,0.20030289304403204
5.6979960249736905,C80,-1.2166496256481731
3.9361218363046646,C16,-2.9294195217858072
3.0887037818320096,C46,2.13657935761083
8.243545121513307,C83,2.105141676876105
9.708706347737461,C26,2.1174747455749516
2.759523494169116,C02,-0.7564852668027499
0.43227185029536486,C08,1.5380005151419682
7.953480922151357,C57,1.3495942159698502
3.404976441524923,C75,2.0860834153448327
4.241020451299846,C01,-3.8255526939310798
3.08413801016286,C12,-0.974966624753488
0.21627030102536082,C10,2.2005669119338336
9.554881104268134,C34,2.1582339109962962
8.914581157732755,C78,-2.284108132558046
2.317935370374471,C07,0.44322294162607156
3.3680721768178046,C13,-0.3990908412300267
2.4267077865079045,C80,-0.11221377978279051
3.283115604426712,C09,0.864435704959217
8.37320059305057,C16,-2.043815674567593
4.564775880426168,C97,-0.5892627352916091
1.9906635279767215,C00,-0.9510545068952416
8.929447429254651,C13,0.6680448254638691
0.9776067407801747,C67,-0.3633321422272713
9.292236417531967,C00,-2.283892711798608
0.1615705667063594,C47,1.0739307352241587
1.1363426805473864,C30,0.9632183442838497
9.29081629961729,C00,-1.9109400132028784
2.199530841317028,C23,-0.3394350260945182
6.401953191962093,C80,-0.9864868221619151
4.782630114350468,C41,0.8888395118009607
4.1155516053549945,C71,-0.39314124343806667
9.393625599332154,C03,0.31076988748713164
1.4011457818560302,C13,3.6487073224181303
0.22447202820330858,C77,2.0052088128581174
9.201810311060399,C00,-0.043044742294343186
0.3660360095091164,C03,1.2751383915324284
3.375459681265056,C48,1.3731197122123824
0.7681810692884028,C40,0.5173047590504359
1.6461890586651862,C06,1.9085713015232708
8.306535142473876,C13,1.7896412088833917
5.664689037948847,C47,-1.167500244019103
9.656814846675843,C07,0.8800709807523519
5.222701090388,C52,1.2413564141573796
8.163246440235525,C41,3.735892639291408
7.46136590372771,C35,1.5024477200202506
6.202801275067031,C34,0.6694891798153095
3.6228688270784914,C57,-0.5116564759001199
9.797881294507533,C30,-1.7490650362809061
7.778604605700821,C07,3.260534839993137
6.950827373657376,C72,-0.44390251683594295
3.848928241059184,C95,0.21294223220323827
4.295265567488968,C57,-0.23179101719998974
9.814719189889729,C01,-1.3911734736290517
5.916885351762176,C89,2.3948853623755664
0.5279312049970031,C14,-1.2489323758007114
5.871405426878482,C07,0.4094088833519209
4.094243161380291,C37,-1.0137452684604464
7.623958210460842,C03,2.8561702394989923
1.3882217230275273,C86,-1.2624029415139475
6.610497038345784,C06,1.464357722723643
1.4561379398219287,C64,2.174424284778524
9.018836303148419,C72,1.3696944841117038
3.874247409403324,C03,0.00711300556802319
1.5998813835904002,C36,0.8339805008133536
7.35385992564261,C02,-0.5863121686551565
8.027950306423008,C59,-0.4828268039111465
5.411008724477142,C96,-1.2684429050801167
5.288134685251862,C45,-0.7283443331652386
9.33867682237178,C30,-0.8809815695974668
9.63258907198906,C48,1.3109369118346494
6.861346380319446,C01,-2.068040744423057
3.931238038931042,C02,-2.8905093546382927
1.4244612609036267,C24,-0.8726538588929872
9.929607200901955,C91,-2.135437056543433
6.367575714830309,C00,-5.145911410049284
6.158310109749436,C79,-1.2491627829200669
1.6202061669901013,C02,-0.460695634858015
3.076946067158133,C55,1.4474057188984373
9.782279636710882,C76,-2.8752325396446183
6.097603056114167,C07,0.8475110059714354
4.0909983473829925,C18,-4.398716421044071
5.938736980315298,C34,0.6501949968376065
4.555131862871349,C52,2.051017634203814
4.688269135076553,C00,-4.184392656822059
4.1861474816687405,C08,-1.7097475437873992
3.168438319116831,C06,0.9327068582207855
1.1970584862865508,C97,1.4690085117210732
6.628415125887841,C11,0.39588219489577914
5.873620754573494,C85,-1.3161294626564257
8.66067938040942,C00,-1.8917454337016046
5.868514098692685,C68,-0.44827094126005296
0.9951421734876931,C05,0.7418293260405107
7.740394475404173,C70,2.4912729234994764
8.829281930811703,C07,1.0681662267165877
1.7476370884105563,C32,0.7374897766782289
8.2255654130131,C17,4.00239008705844
8.386298867408186,C26,2.4372863917296117
8.819280148018152,C02,-0.02128885797261182
8.130843399558216,C80,-0.7204956371937137
6.669762218371034,C00,-2.6442575263244246
1.3393655326217413,C10,1.7407058375406648
6.6642487701028585,C07,0.4381892935653248
9.196709950920194,C50,-3.0153390162883573
4.358729524537921,C37,-2.742269188044451
3.6430968926288188,C02,-3.129377779165501
4.196809765417129,C21,-2.896299016460091
4.333372714463621,C39,-5.326705257079775
0.6951891467906535,C15,2.5248192578350497
9.375016153790057,C65,0.7636860776245529
0.6180005590431392,C26,1.8693483906617447
9.906847039237618,C09,0.4518267322340488
9.805193990468979,C00,-2.338198076952607
7.593921748921275,C96,-0.05462935445731665
2.0478765130974352,C01,-2.495133949377273
1.2964705098420382,C00,-0.8244390857449693
4.644703166559339,C00,-3.0819531691408684
7.925698219332844,C03,3.4573973073055706
4.516498015727848,C00,-4.114605830126785
5.138806288596243,C08,-0.1143075087067531
6.0749317007139325,C53,-1.719335994323187
8.910845103673637,C12,1.612145748081411
4.48566225124523,C08,-0.7318352163069318
5.919152679853141,C43,0.960918754836676
1.6635558288544416,C27,0.5008030069143407
8.743965562898666,C72,0.7883410008991323
9.661909001879394,C14,-3.8529085249011255
3.102983373682946,C68,-1.1151117579982397
9.423436196520925,C94,-0.10995299472164977
3.8059295690618455,C00,-2.0982563890273482
6.695037146564573,C07,-1.0701083902871817
3.0507104890421033,C00,-0.46172867074138835
6.477925600484014,C24,-0.9053694186680489
1.0271482961252332,C59,0.22559718439828502
4.144816871266812,C06,-0.5316293559224059
7.895173751749098,C56,1.557275795626575
9.900738224387169,C97,-2.157845020135291
2.493010670877993,C08,1.2427336533305104
9.834872654173523,C02,-4.226206252664451
1.3444039993919432,C75,2.447820853178284
8.026450520846993,C39,-0.9019945584395849
0.5430198274552822,C17,2.7285026726799875
0.6133304047398269,C50,-0.17240765747242315
4.286379097029567,C27,-1.947840186786123
1.06933904113248,C71,-0.33353182987521945
3.7173409131355584,C41,0.44618205559919333
8.013987937010825,C14,-0.25747736136655486
6.201766275335103,C01,-2.884127678908646
7.662450321950018,C33,3.622190010364597
9.303999918047339,C25,1.2114276374152273
2.683721126522869,C96,-1.960743654890263
8.820809361059219,C78,-1.223582145298537
6.208790545351803,C25,0.3682543471994102
0.09979075286537409,C06,-0.05194149258274294
5.656924229115248,C60,-0.011768819158283705
4.114167052321136,C30,-1.936151264075121
9.84071345301345,C16,-0.09729633193771159
1.6637275321409106,C24,0.3293510250163607
4.951096493750811,C80,-1.071432914837583
7.008205146994442,C72,-0.5639143139493406
6.395224859006703,C97,1.4370405978241367
1.2685838644392788,C78,0.4243290144285714
3.403468355536461,C64,2.0291310110913012
5.753534778486937,C21,-2.534172604132881
4.219961971975863,C04,1.6249741813098786
7.452993583865464,C28,-2.7134488831235237
9.176109966356307,C11,0.34732258644087305
5.931644716765732,C05,1.9288190088868709
9.2289990442805,C97,1.4414845254993385
0.9404043829999864,C74,-0.557005177172435
2.8642581892199814,C00,-2.1540899396513553
9.25837318180129,C95,0.010066259612749207
8.139607040211558,C71,0.6506984694695667
1.7908400692977011,C29,1.5379922567077648
5.657453418243676,C12,-1.8955429537284916
1.3453771476633847,C96,-0.9883993427121501
1.9293378805741668,C80,-1.0016787022551963
0.6913098134100437,C90,-0.4336171702915499
0.7494311709888279,C36,0.06002543153565083
3.4269897313788533,C14,-1.004655985342978
1.4389130333438516,C92,0.15661912311030246
6.100966250523925,C28,-4.597305155334361
5.012079407460988,C00,-4.504260779708519
3.8168459851294756,C15,0.6361116822211688
4.222081848420203,C00,-2.940460103510131
1.5722992760129273,C01,-2.2250990149537184
0.839736582711339,C07,-0.39662114714642893
2.978445212356746,C57,-0.4157549661029206
4.374833982437849,C03,1.6439863531930108
9.832079743500799,C40,-1.1367970569122203
7.946295365691185,C55,2.593475050791406
1.2337130471132696,C64,0.7537792551434468
2.4057438015006483,C10,1.6410752870055805
5.281810746528208,C71,0.4165499598902951
8.946089213714004,C81,3.0517686980131224
3.3045483962632716,C66,-1.0044737506137198
5.5188976298086345,C58,-1.250772714363143
3.7791066570207477,C76,-5.14471414492794
2.7422181656584144,C71,-1.7858438932234662
2.3175487900152802,C58,2.1919084947529197
1.2208054936490953,C28,-3.1339909907305272
9.063471171539277,C04,1.1681523483058927
9.976056709419936,C89,1.022122729476616
3.8503891113214195,C46,-1.7834746459170094
0.7956794230267406,C07,0.5647147683965665
0.18931570928543806,C13,1.736788539420202
7.350688693113625,C48,2.035344353482061
1.5247368440032005,C05,2.4259521142893776
1.7605435941368341,C09,2.8273753448928454
2.3242616490460932,C01,-1.4573609553586677
5.188278858549893,C58,-1.8966540719975318
6.663151660468429,C69,-0.33145323377422364
5.827986423391849,C52,2.008690928582187
3.235291785094887,C46,1.8714286978089008
4.038515840657055,C33,3.7450350842654014
8.763706514146179,C28,-3.6080873250122263
8.140739023219794,C16,-1.1528280600987122
4.213826532941312,C18,-5.428216817816917
8.395283101126552,C69,-0.9623364687740315
7.5862414902076125,C06,1.696873048780059
3.597122277133167,C02,-2.982252669184059
0.8245530957356095,C53,-1.8139736038446304
2.1231359196826816,C94,-1.033233773132725
8.218379486352205,C20,1.5593006447547295
4.879680250305682,C03,0.4565859426612402
1.8123392458073795,C22,-1.2772455322235952
6.745662670582533,C01,-2.7973049519407356
7.831609309650958,C30,0.3672391528134439
6.984270524699241,C11,0.1569510671747244
2.1988602401688695,C20,1.5656496096043875
9.070675673428923,C09,0.3486917291829966
7.132363792043179,C20,3.8523683741747283
7.112754676491022,C76,-1.336860174275404
2.6111678313463926,C15,2.2309412203498513
5.186295383609831,C42,-2.343455066286623
5.015869834460318,C85,-0.5288909978999663
2.8895026026293635,C05,0.014494985411217076
5.095442263409495,C57,-0.5617353167324983
6.06246080249548,C84,0.8449668403039199
3.0821097060106695,C00,-0.3749599765744902
5.062729986384511,C70,1.2463576602455628
5.300607914105058,C04,1.0495406350557934
9.889392124023288,C28,-4.703051779075819
2.1703614783473313,C48,2.1645037476860782
5.017359696794301,C68,-0.0785887118894053
9.134575501084328,C73,0.32847571755758387
2.700670997146517,C73,-0.007492672808852352
8.422460102010518,C01,-0.9102915543054786
7.573653808794916,C48,3.1946247598529944
7.674927804619074,C16,-3.0079861976172375
2.2818931424990296,C61,-0.39191317190341857
8.126434702426195,C42,0.6804176387999437
2.249849857762456,C08,0.04216374953223245
2.9699100693687797,C00,-0.7122675188038647
0.8963488158769906,C26,1.4182278788392988
6.191325346007943,C18,-4.27414073990542
6.236096469219774,C19,0.42279256348118444
4.428868230897933,C34,0.4488655107980195
8.721746485680342,C80,-0.7832493777203466
8.766709852498025,C03,3.4446929286104044
6.394153626170009,C10,1.188357504017748
0.8440416748635471,C41,1.7604343068191242
4.978082408197224,C02,-1.3334969422398988
1.452790170442313,C88,0.5610123736519104
1.2350203609094024,C58,-0.6887600502062764
1.7433004430495203,C74,-2.0221777233445755
2.6302466122433543,C00,-0.7888847649687066
9.329659023787826,C00,-0.9763359848508205
5.6415437534451485,C27,0.28626350447003723
1.8500432604923844,C00,-1.294292681487514
6.971025916282088,C02,-2.0284691013584575
5.656097317114472,C09,1.7300680676837903
0.2830914664082229,C00,-1.7794806288831113
3.8534994004294276,C04,0.6781189132907478
3.8911379943601787,C30,-2.9952293621339017
6.040070247836411,C70,0.6972191236101091
8.094119785819203,C00,-0.7284663267396332
4.140800894238055,C43,1.0008624783925992
3.9592497586272657,C78,-2.0641098362050116
7.613701613154262,C06,1.801535911786845
9.19267070479691,C16,-0.9974567097475356
8.398188967257738,C27,1.2822645306844318
8.616842962801456,C00,-1.7148736436666308
7.160730182658881,C01,-3.120030236505224
6.713257713709027,C16,-1.2459013440814983
0.42942788219079375,C96,-0.9292996197423414
1.0350325098261237,C07,1.642749854467847
6.098895585164428,C08,-1.5007208964437364
9.172726680990309,C24,-1.0826416305673148
2.5725323846563697,C57,0.33492007413491853
7.4022204196080565,C50,-0.820942343316594
4.220630843192339,C00,-3.3437440099644613
1.026470281649381,C06,3.393999315633365
1.7089591035619378,C03,3.3263736810326527
0.6052700243890285,C15,2.2402113688443057
2.2788142086938024,C01,-0.8501118722396293
2.8759018471464515,C13,2.2213234647526536
6.681379647925496,C20,4.142023025019011
2.8412168100476265,C00,-1.4938412954064657
0.3387220320291817,C00,-3.0802458299437347
6.532179925125092,C07,-0.38035097749222446
4.3311827490106225,C04,1.5487334500012393
4.352357778698206,C06,0.2735168954160939
6.638324556406587,C02,0.1607107037474813
5.273683846462518,C12,0.8100550613019006
3.480351136531681,C24,-1.009411024104101
8.39831943390891,C02,-0.33257705984463815
4.620937157887965,C30,-1.6564528682359223
2.160880919545889,C62,-0.8231783149944978
8.503516078926623,C10,0.9531857987610539
6.774917929433286,C39,-3.234244398625054
1.7851895396597683,C03,2.993824480478266
3.2020562002435327,C00,-2.8470828406612405
2.537702878471464,C83,1.4152112161489427
1.2780362251214683,C29,1.4890309837734867
5.8932017418555915,C23,-1.3714739562245657
6.419000125024468,C38,0.881175797353394
6.3940250989981,C00,-1.8265275967020165
7.45951023651287,C18,-2.959481163936252
8.289743415080011,C89,2.7382824382085653
8.564518559724092,C36,0.658123009811914
2.2412593476474285,C52,1.7853847782205337
9.98345903120935,C94,-1.8582292309303499
3.4116987232118845,C41,-0.3122425819624599
2.3165315203368664,C63,0.651205958762767
4.585655310656875,C79,-1.8434430483655977
0.7187485322356224,C02,-2.5073146669418502
2.3759168572723866,C00,-1.1362683253134171
6.817039833404124,C62,-1.6317653475736233
8.25398167129606,C58,1.1511460026202807
5.997503080870956,C37,0.12897285696593497
5.926650178153068,C61,-0.9031855545327218
9.701722783502191,C97,1.2362074406373769
8.047100971452892,C62,0.7437887357121711
7.46834765188396,C17,1.8443412289287102
3.4436701983213425,C26,-0.6247125828987352
7.599388086237013,C08,1.999191398284602
4.007717969361693,C16,-1.9499571018352333
2.8007893916219473,C84,0.7429946456276112
4.466323826927692,C43,-0.5428825150359976
4.555681576021016,C13,-0.9570817266234756
6.4193388423882425,C40,0.47698837680766726
6.216974086128175,C83,1.0189781223408234
1.539344247430563,C49,0.41108128278647227
8.087790901772678,C00,-0.9703424724630899
7.091084362473339,C25,2.6393630441021063
3.824060461483896,C09,1.7768647509558781
0.7192764664068818,C54,1.817711541263849
0.03479756414890289,C03,1.194042796648678
4.484237453434616,C31,-1.723066046100078
2.769708354026079,C36,-1.2911978313295747
1.766100968234241,C01,-2.1396413927589677
9.042968433350325,C81,2.847973459956178
0.8581330790184438,C31,2.5577355398276866
5.170648521743715,C14,-0.7059512122637415
8.195457730907947,C74,1.118524968226843
8.573347402270883,C24,1.2108959691281682
4.026575323659927,C67,0.20661238489506423
1.8198232003487647,C00,0.3262012546071007
7.256954885087907,C45,-0.09145336275491023
0.9440219285897911,C58,1.190800448843641
9.317270887549967,C61,-1.1770730620178118
9.425102842506021,C21,-0.5303761259954654
3.815315484534949,C43,0.8176541125387993
1.7879147338680923,C82,1.620045612619718
8.772691409103572,C38,0.3119573835626056
7.373661571182311,C17,1.974504917896764
3.813976605888456,C03,3.019759184261246
6.086483425460756,C43,2.42449681849759
6.093594937119633,C00,-3.4260808650699586
8.508511951658875,C56,0.0707067016937063
4.951355145312846,C00,-4.115384505203264
7.493030442856252,C26,1.4363858556592253
9.09053947078064,C60,1.3041609595025228
8.22915889089927,C45,0.6838523928926922
2.1918324031867087,C11,2.31136740997589
3.569297769572586,C01,-4.198417055456997
7.1492350730113685,C00,-0.7737635878309369
0.18907356774434447,C48,0.26940437845804244
2.772685543168336,C40,2.35806988771351
3.889427196700126,C00,-4.947878903631814
3.2974149333313107,C41,0.9883070875092358
7.3260974255390465,C03,2.240475148835839
6.023693878669292,C32,0.8513825590259669
7.381421446334571,C86,-0.6596326093090642
8.042533183470368,C98,0.40449479525024556
1.0911605064757168,C10,3.1972087263790145
4.527233650442213,C81,2.511660400486603
9.351192403119057,C29,-1.0418614428480395
1.5492127696052194,C24,0.9874577463972921
0.10726008331403136,C14,0.14685781217582106
4.790038277860731,C69,-4.6006945999431
5.208030671346933,C13,1.221989978215569
9.864874598570168,C18,-4.421428742283368
9.716910102870315,C18,-4.977499746983592
8.308789308648556,C45,1.3157453932534922
8.1318105943501,C45,0.7549917836878443
2.9217839939519763,C46,2.330335927896571
5.91782407136634,C89,0.9658663283228699
5.261385783087462,C11,-1.4466315082031365
2.9273719270713627,C00,-3.098700226690827
7.072150816675276,C13,1.2767657092905922
5.847269110381603,C05,-0.5869031798131181
5.028768244665116,C15,-0.2985451645704804
8.04641718044877,C69,0.2009659579224493
6.643493000883609,C10,2.0827329578548244
7.0786161767318845,C18,-4.131636411738031
5.815921514295042,C00,-2.933188078962241
9.108055070973933,C17,2.3232505915336934
7.153307108674198,C00,-0.35594933004136875
0.9242725325748324,C40,2.024094659857565
8.992561071645468,C20,0.5321417185440369
1.2226199987344444,C03,2.029911332413039
1.9771691411733627,C74,1.3063701205139648
2.773617599159479,C03,2.5297546826514306
7.536746561527252,C81,5.165417121985184
0.016472497954964638,C00,-2.60590498158114
7.037713541649282,C39,-3.870289041675801
1.7550714360550046,C00,-3.3320681264024135
7.940690033137798,C48,2.0141854743402723
6.477835138794035,C11,1.448593165834335
4.517745138145983,C00,-2.9781575907070326
1.2343903467990458,C59,0.5478211005254312
3.1528780213557184,C12,-0.5834095267654061
9.044706204440445,C45,-0.32214441295914276
2.3223910271190107,C78,-1.2111026489056205
8.183156137820333,C02,-0.5810215519126792
6.305651043076068,C62,-1.8267935144783398
1.09110405202955,C23,2.2528940196896716
8.683386135380715,C45,-0.6175303632353297
4.6039869310334325,C04,0.48776637634196623
1.7319080978631973,C15,2.2992390858943375
3.926765446085483,C06,-0.665415864209053
7.117650124710053,C09,-1.4469354687628562
3.994589748326689,C55,1.455892522518684
9.771062766667455,C00,-3.220539473473939
6.668884921818972,C04,1.0837744635535849
6.038918553385884,C47,0.5343440020012562
1.7223570123314857,C00,-0.7035343578854385
0.7394595677033067,C33,3.8981841878496235
7.8086498263292015,C07,0.08391723396690187
5.906350577715784,C20,2.9123072605878715
8.438204172998667,C27,-1.54574282550597
2.0821639709174633,C00,-1.327354181694109
7.098815469071269,C46,0.23432285691421162
3.5088780685327947,C15,-1.1110252064028057
1.7717521567828953,C59,-1.2589265315422913
0.8351882849819958,C04,1.8619072213058208
7.73700974881649,C56,1.4804184475676911
0.4610574129037559,C11,1.325987445040541
0.3553771274164319,C30,-0.968336562921108
0.24077406618744135,C43,1.6073141314033437
1.5553335985168815,C10,4.637797076833868
1.6948343021795154,C17,3.6289584322716273
4.896589717827737,C40,1.9340506970020335
6.088306396268308,C24,-0.7528307106850277
9.37866380205378,C09,0.5262675605127585
0.7946665165945888,C77,-0.05625534035253987
2.6247032964602113,C40,1.015608665009801
1.988954022526741,C24,0.7467333801668501
9.206842153798789,C54,2.9490460547458497
7.284137201495469,C01,-1.2791212653565474
0.9650529618375003,C36,0.32958427580387817
6.933640378993005,C00,0.2255595130666912
1.876633889041841,C05,0.9182704840078675
0.5799565184861422,C00,-3.3979903487032868
4.731007348746061,C48,2.7092918733215443
0.08542803814634681,C69,-1.3448716062053694
6.907559938263148,C01,-1.5616781772558697
6.924972299020737,C96,-1.7098639574610828
0.3136921999976039,C04,0.867301072218949
9.78998719714582,C01,-3.125736052531748
1.4533562632277608,C04,2.295946746197923
8.957136268727481,C99,2.5497799593296353
0.5562022537924349,C29,2.843671805627584
2.745876177214086,C91,0.9561211668537383
3.013591149356216,C44,-0.4647351844395532
0.3001447324641049,C00,-0.668199612706436
9.745863026473671,C10,2.564692963105029
3.811938443686813,C64,-1.1362785503177155
3.933592843823135,C00,-2.565577826937557
8.709838944487274,C27,-1.11114400679662
3.9839465473778546,C01,-4.4000288006671795
1.5228415909223258,C46,1.0764937865341153
3.8368881959468126,C87,-1.104533650307022
9.669770973268896,C49,1.3348411575274275
5.485777826979756,C78,-1.4995696708558697
6.580337630584836,C29,0.5938371168674769
6.186161709483713,C28,-2.6702450545559437
4.122795679140836,C01,-4.106904384982083
0.20286109996959567,C10,3.1739887514304788
7.281133832875639,C07,0.3894004330861983
2.528595351614058,C00,-2.997553780334418
2.7696061064489186,C22,-1.7546190310000762
8.843553757760674,C22,-2.2443659898333204
7.5916812941432,C31,0.4740859200068359
1.5853358176536858,C50,-0.05401632204793194
1.1705973208881915,C00,-2.2367131563315246
9.321895996108651,C95,0.5255473432340556
9.435154693201184,C60,0.49340265372969705
1.018109975848347,C71,-0.4544913967839249
9.98116654343903,C62,-1.4776033847791092
5.900575551204383,C85,-1.176775062413103
3.002135914284736,C07,2.436811318996108
3.07898665079847,C51,-3.351898245432166
6.64120655041188,C05,2.9141961081946928
6.411565642338246,C08,0.5636375192543797
8.991828486323357,C01,-2.4482785220890233
9.344237400218844,C57,-0.39221064981684406
8.41561566805467,C01,-1.9116070652765356
8.03874006960541,C06,0.6672608426597189
4.465515427291393,C06,-1.295478911479825
6.019564545713365,C42,-0.13228955041942736
1.919877496547997,C69,1.110094950790466
1.7363732308149338,C39,-1.5869256232735
0.5841326178051531,C00,0.11611574664961166
5.098784053698182,C03,-0.7929199876098156
9.888002569787204,C57,0.3605056893993738
3.752825625706464,C79,-2.4686048795587117
8.148690268862993,C11,0.3018231764070809
4.433491327799857,C51,-3.1900367568327193
2.2067811456508934,C58,1.6984261751329486
9.125504677649587,C43,1.2034757097246085
0.12201398145407438,C06,1.7283755175988698
5.034591997973621,C02,-2.518319304415982
4.214895877521485,C01,-4.820170370583986
4.895772018935531,C27,-1.8724878038972332
4.753193720243871,C05,0.27639851587500963
3.5595611995086074,C13,1.2634649474425885
9.234035736881196,C34,0.14136888897087474
9.492067766841501,C59,-1.0626909334067332
9.486063190270215,C03,1.4741429113506261
9.125725275371224,C05,0.6014038980271982
5.524525681976229,C39,-1.8868405899911735
4.900880379136652,C57,-0.8870449192983407
9.338921322487295,C91,-2.329807307258381
0.90460907202214,C33,2.565963985854156
9.470650868024677,C66,-1.5237037179085977
3.616949326824397,C01,-3.0094455150874584
5.699573215097189,C00,-2.9714733350113565
9.17173060355708,C04,3.0376709831042223
4.772058823145926,C04,-1.5986006643398332
1.9529172754846513,C32,1.0158773553278153
1.202912526205182,C45,0.7128070945094632
2.9661490442231297,C00,-0.5889579300001484
6.294483819510788,C92,-0.07468464293472621
8.830988346599042,C00,-1.9548351634675023
4.4936342420987785,C46,-0.10870805018107443
3.0882259295322,C50,-3.1321985693207353
4.730888088233769,C06,0.3755158206743361
3.3815450174733996,C02,-3.063656092276821
3.011181396432221,C05,0.9925443842031647
2.6594339194707572,C56,0.42223893567628995
4.646240521688014,C15,-0.14092615806688266
7.979039752390236,C00,-2.5637337513416694
9.147508474998176,C92,-0.8590271630043553
7.08882613806054,C66,0.5960773929730713
0.4576485650613904,C54,3.442680741945128
1.8192013399675488,C06,-0.058914460261797696
8.43924754532054,C09,1.1940148821290455
2.891009538434446,C02,-0.7584441352497872
1.810102213639766,C23,0.9920231355297401
0.40683021768927574,C22,-0.6123206306909643
1.3213340635411441,C00,-0.7908425620964111
6.941877680364996,C89,2.64402881802417
1.6606762632727623,C64,0.12280892757135908
5.502998696174473,C13,0.8592499607770583
3.8946042442694306,C05,-1.1237039654466208
5.7125596748664975,C74,-1.94530129932666
2.4438485968858004,C00,-0.14958452702367953
3.5683123441413045,C14,-1.617462226024679
2.5918209948576987,C77,0.43913212572263693
7.417296054773033,C06,0.6850740306017395
5.510676777921617,C05,0.5405447095255212
1.1364293517544866,C17,3.6089340661701943
4.914905815385282,C37,-1.7955495274632256
9.656198180746287,C67,0.6071937901344554
7.796133738011122,C00,-2.7214799754861696
2.874547461979091,C04,2.118030255815157
1.4494795445352793,C72,0.8995913267357727
5.180519137065858,C09,-1.8056825132479417
9.88838525954634,C32,-1.5690484987628004
5.6848935363814235,C58,-0.7072220722570215
1.9603793579153717,C83,3.6458614209314577
4.964353400282562,C06,-0.05900087086062719
1.7074021184816957,C69,1.0132007571916968
3.741163117811084,C00,-1.1075378608174236
7.995319971814752,C68,-0.4794503396317933
3.6192570626735687,C07,0.7326216303275372
5.161331086419523,C44,-1.3431334363644427
6.491230875253677,C76,-2.981013579695541
8.286781194619834,C58,0.08472083752963944
3.9759504329413176,C07,-0.03422627565042785
3.209880064241588,C55,0.5609405204668245
5.8910381444729865,C21,-4.265566712781652
2.7103318669833243,C32,2.223870318269892
6.182220610789955,C80,-2.638898948820759
5.626010268460959,C04,0.695053391737751
5.942035329062492,C63,-1.6776476382848644
8.810711286496371,C00,-2.5226346942307396
8.665031201671809,C67,1.497991355392021
3.410484758205712,C00,-2.7271054401787134
9.918240632396191,C73,-1.8525931048442033
0.9805102692916989,C04,2.1916471397177673
1.4854381093755364,C01,-2.283529497374378
6.660320335067809,C37,-0.7645501976859322
8.55009047081694,C75,1.4681652943045465
9.746640166267753,C01,-2.0058376539400267
2.0890352595597506,C61,1.0233643274205537
2.177957782987505,C00,-0.340260161467531
8.269873899407685,C30,0.09723282948005926
8.992761101108044,C09,1.3722612484170853
9.649959849193692,C08,-0.1131917106507976
9.936567423865199,C24,-1.5746752699694122
9.391560193616897,C91,-0.6270277883125753
7.007742321584374,C00,-0.06363406780474423
8.013679382856935,C02,-1.6903499403028353
2.9162569739855826,C16,0.891318643811092
6.132172308862209,C31,1.1640043350145879
0.6207747710868716,C08,0.387931603704349
0.6602249899879098,C99,3.919445954689443
2.121741557493806,C92,1.9677969650223137
6.032203717622906,C61,-0.48850937698280994
5.432892160024494,C49,0.4329720689584886
9.43122933153063,C44,-0.9309347243315109
7.7203884976916015,C00,-1.1628742865665278
1.1874992121011019,C86,-1.8356622704420786
8.188229710794985,C05,2.65512221911146
3.484430988319218,C59,-1.4128750545272015
7.071942212060094,C33,3.3220897221111794
6.112625580281019,C47,0.8483678519803997
5.453422509599477,C82,-1.2184417009323643
8.204962427262217,C77,1.8370240974264025
2.3423528182320297,C00,-1.3689591119015558
9.868946922942996,C39,-4.387055665306855
6.585880380589515,C00,-2.549578739344605
0.5189847573637962,C59,-0.8597921652820109
7.868581130169332,C66,1.6935833190856748
5.986355463974178,C38,0.662937017141167
7.6843510824255645,C00,-1.8723800313555925
8.477032212540507,C13,1.2508955697005943
7.897361472714692,C90,0.3626067845347276
5.973534788936377,C60,-0.5798170591587994
3.6609486071392894,C39,-3.741091397546475
5.204074459616095,C09,0.22408096602219002
3.0221656430512667,C09,1.697470263913786
8.941079685464501,C67,0.19426502458536388
9.507251800969243,C48,2.129701254693688
1.8479630001820624,C07,1.3918220779924468
1.0433312691748142,C00,-1.8951432989506487
2.176787930075079,C05,-0.05200107534980347
0.648698122240603,C47,3.1982580917435577
5.387114025652409,C19,-2.0079336592082684
9.968611022923142,C46,-1.3059762966945292
7.932471483945847,C43,4.2559513470855475
0.26237492449581623,C71,-0.6069925089511633
5.835821507498622,C00,-0.888631567313029
7.856052408460528,C41,1.631398518831955
2.1081350441090763,C12,0.5041929392760395
6.21079062577337,C22,-2.1394822229117296
2.4355203239247203,C62,-1.2615597777033276
4.2374102701433,C50,-3.3720779318374654
8.653660707641393,C05,3.283546372550025
2.2534969518892467,C65,-0.43023935519630047
4.919268977828324,C00,-3.1016073474904213
5.33895970787853,C20,1.504058996425219
0.21150154061615467,C00,-0.34332132378808344
7.895011054351926,C68,-0.1651123335685073
1.3911648723296821,C00,-1.00345347577353
0.25349396746605635,C05,0.26652748710489615
8.196625399868935,C04,1.9320232166799212
6.345404183957726,C83,2.190212372514016
5.684291808865964,C65,-0.7775077203215146
9.491010359488428,C00,-2.695547055772817
8.636781240347773,C29,-0.676963044581439
2.7899834397248924,C63,1.1006028871495666
1.2882387428544462,C02,-1.8606826156358267
3.6438706913031638,C08,-1.2385833088414295
2.4996266094967723,C49,1.1263885236443365
1.0049859946593642,C00,-3.8717422661522276
6.350260386243463,C05,-0.46986633091134156
4.066319204866886,C46,-1.2356272907731647
1.4177920273505151,C50,-1.6439493148875721
4.735060145612806,C92,-0.546457264308892
7.394172204658389,C19,-0.6662393480845998
7.506784617435187,C05,1.9623945359371624
9.096694171894342,C49,-1.032332839738881
9.943545828573406,C58,-1.6485116473443497
8.689873267430812,C55,4.380541648589661
5.235811590682715,C01,-3.027324109043566
6.281252941116691,C00,-1.1583167452591292
8.205223022960126,C95,-0.096143736831247
5.886226210277528,C00,-1.7029929888558226
2.1313900989480317,C09,0.5657631484948591
0.9350959490984678,C01,-0.7370234751424893
1.8041367968544364,C00,-0.6825813546145412
9.64727830607444,C30,-1.6402663790664755
9.880457920953631,C00,-2.1406814673359937
9.054302014410496,C62,0.41303038110943024
3.034371428657323,C11,-0.6964302751631883
5.371068057138473,C29,-0.05944298933039349
7.382560938131064,C50,-2.7599002337233305
9.95968945324421,C55,1.008410272629522
6.7688614735379815,C02,-1.942293529178674
4.418438288848847,C03,1.1424063848124957
2.3011153913103044,C13,2.2549684582163487
9.739842796698213,C25,0.8746682996972076
1.716880954336375,C10,3.2265006690885247
8.330668094567955,C98,-1.0093054364298442
7.199501583818346,C37,-0.5703928638385741
3.1713889818638563,C09,0.6187129913001885
3.2982117705978453,C07,-0.9064657233228011
2.3868105257861316,C00,-2.3349315830562114
2.2504446748644114,C93,3.136867233762824
0.16923942836001515,C20,4.261328025986909
9.772465203423053,C31,0.49913302422746564
3.6758390138857067,C00,-4.516448648065694
6.234838720411062,C03,0.48608129516792364
8.36473761824891,C77,1.5194332178476437
4.29676367668435,C01,-4.735848443417855
1.0604530340060592,C39,-1.8465855707393668
2.056977280881256,C20,3.954601424711497
7.618686202913523,C13,2.05832330039818
8.215244251769036,C25,3.037974398033115
2.43086579721421,C27,0.06286663295186068
5.055331701878458,C74,-0.8183122874367292
7.571512495633215,C10,3.782302617783581
0.12781354831531644,C32,3.7040970922887153
4.158035507425666,C07,-0.6193130387776544
6.5808068215847015,C83,2.740205128186579
2.2869377653114498,C00,-1.6097788330320613
4.564055474475026,C82,-1.5078492029903048
3.556075335945934,C01,-2.2924963552775894
6.2135660531930625,C27,-0.5591709925191922
2.4521416798233986,C03,3.226024777646522
3.2386335940100253,C60,-0.5003257734430273
8.041616277769208,C83,4.032828832192674
8.02067321492359,C05,2.474222960126134
6.972181252203882,C11,0.9159848117390648
0.28179503977298737,C13,1.3230547010937959
2.6008154335431755,C03,2.845098655138053
1.684686322696507,C00,-0.023210298016231423
4.70435073133558,C49,-2.1723238010793637
8.444096602033824,C37,-0.793199368649132
2.7038145437836647,C19,-1.5258148447647697
2.659419171977788,C00,-1.568297372194354
3.960164338350296,C00,-2.057443748491047
7.8726407047361135,C88,-0.16669726382963407
8.007446981500834,C07,2.845300224410039
1.7864425526931882,C36,1.544285931868497
7.8807255532592535,C01,-0.5169543870599633
7.701431163586676,C09,2.8197566157834126
9.683031912427396,C10,1.9688322147501491
5.146684763021767,C01,-3.216887929196358
0.5948255374096334,C29,1.1456675733566177
1.9509263383224607,C20,3.610934685056427
1.8114224448800087,C38,2.085267864013157
1.8614803440868855,C79,0.150720631803781
8.005498491693288,C30,-0.9250558401320209
9.130720451939851,C51,-1.4270102980061101
9.982939909677953,C06,0.8964537962896664
8.466291637159884,C35,0.844539417818753
1.2697086413390934,C36,2.332676528068716
8.771677038166672,C00,-1.230962210337591
7.390105735976249,C00,-1.7952661815371895
7.1854436583817005,C56,1.3965185771848025
8.478900513146073,C97,0.7069917049073715
6.010096848476678,C08,0.4254992068502649
6.145444829016924,C66,0.6042909493314035
6.606516786850989,C65,-2.3329311962224573
0.665238001383841,C04,0.37440762633810354
7.637058573309332,C71,-0.057183514518937106
7.194023295305669,C01,-1.3074008836258106
9.965690297540277,C20,2.8303667841742874
5.389701873064041,C00,-4.644483039845725
7.963051029946655,C52,4.036754944308454
7.4353252607397735,C47,1.2704450261079856
2.4471443542279303,C20,3.8430109666074705
3.750565757509321,C00,-1.9204118769914262
9.943730055820197,C75,-1.1322480842650293
8.858219692483544,C33,3.811612846358801
6.867428955156356,C00,-2.157852710044916
0.5695524858310819,C11,-0.638219761155835
6.74269390059635,C39,-4.23810442610141
0.07475724909454584,C46,-0.80333236962538
4.298537229187787,C02,-3.541208305147885
6.650007623247802,C05,1.8647729476567183
0.5692114750854671,C06,0.9604100178602641
7.6962975156493485,C93,3.4502054329233403
7.412697819527239,C35,0.4871662291817639
2.4270759825594723,C00,-1.701015553399317
0.1066249911673367,C42,0.2007745761587677
5.932364235632122,C98,-0.619132436060289
6.121503412723541,C63,-0.26323127390498324
6.527409215923399,C77,2.9771873157646107
1.6292721102945507,C08,2.245652935757189
5.017664234619588,C01,-3.0999209276712576
0.16493136063218117,C84,-0.10169835629350055
6.180601858068258,C27,-1.080932023677713
9.892489407211542,C08,-2.456122613833511
5.431433701887727,C05,2.5473573246482375
1.444705289322883,C45,0.3307022524951758
4.790311683900654,C86,-3.1150368702450715
0.7311418326571584,C70,1.0512526353630127
3.6217093956656754,C18,-3.5629857134009093
5.709766875952482,C43,0.3133762276763641
3.2258997089229524,C01,-0.3727320273847434
7.338396497070789,C29,0.7811660290119288
0.7801025593653321,C58,-0.24673815655599363
3.5347670363262296,C50,-4.001316191758931
6.165790895465761,C99,2.4366202067255673
6.476137561257929,C62,-0.5531517126018314
5.8592855534516275,C02,-2.519169272453491
7.914299408439547,C03,3.0875942061621595
9.41591843497008,C03,0.14526389549914565
6.206553531810641,C04,1.5830032491794794
0.8941525663249195,C03,1.389041547545296
2.5585114397108555,C14,-2.36309322600229
5.338673545047641,C11,-1.4764849416538623
9.479903359897435,C16,-1.8106074213445655
2.8971168119460344,C15,2.8515107429983972
3.45607855822891,C01,-3.2252629270971918
8.303800493013114,C30,1.3482508418858505
0.035019221249967813,C43,3.037870421917707
1.0785445850342512,C57,2.088071178208372
6.5721446461975574,C35,0.06516477477540523
3.961072820238769,C77,0.3797436774386211
8.575707017444074,C70,1.7327798272674566
7.2445897362194955,C23,0.09900458164478676
1.6040191682986915,C00,-0.5217524239036382
3.63725547445938,C04,-0.32044377935977975
1.2303181923925877,C70,3.1210352499457272
7.601849720813334,C49,0.3945440641917246
9.931337211746722,C00,-3.001452853597558
8.37149569299072,C81,4.396332634053893
9.789694373030216,C39,-2.1097436756773704
8.500341328326613,C12,1.9592948410963082
9.256772338412702,C00,-1.159296504356957
7.191941335331649,C34,2.155000131574187
1.8612198904156685,C47,-0.03555170035127797
7.370432056486607,C63,2.0588000996131153
5.66258380189538,C28,-5.115963792607329
1.9285396579653025,C12,0.023629997500525857
5.404492898378521,C62,-1.0309206043923604
5.961662326008081,C01,-4.055967187323601
8.203260279260576,C67,0.8339436569361569
4.007149562239647,C68,0.03581175843744633
7.389155568089336,C25,2.470513230636121
0.9209732641465962,C42,-0.4221398260417948
6.415823227725923,C07,1.1929921761851334
6.355331921949983,C34,1.4722378394804716
5.476611910853535,C32,1.0401633512338306
3.9306054287590086,C00,-4.208183845339947
0.7524049421772361,C40,-0.7070540985087037
6.856216238811612,C38,1.5731590599190048
7.308139274828136,C07,1.9209826423578178
2.1107568708248436,C43,0.23427317345555076
8.1780384038575,C26,2.0374982765926806
7.412222255952656,C00,-0.28129013522458957
1.3167697028256953,C01,-2.297236379366475
7.979425163939595,C04,3.217296892219485
8.280159011483192,C63,1.2015139103797217
6.993871107697487,C06,3.0154553772399995
3.2204262306913733,C87,-2.5087940145287018
9.160140689928085,C12,1.2578888274841908
9.450465734116733,C03,1.7649730389966773
1.234264480881393,C32,1.3298196169742482
7.919693416915834,C02,-1.3504532804233664
0.22704167291522026,C98,-0.6725224563534826
2.964030799921602,C15,0.06431670617138685
4.486371588427573,C27,-2.817759778075538
5.176468181889504,C42,-2.473856733480136
0.3022607252933085,C95,2.1578315889385915
5.780786341056228,C03,1.946680476445358
3.6308797984384,C00,-2.782180019429735
3.6436200910247862,C03,0.9144691574417307
4.011453152634203,C64,-1.6256434166654823
3.63832927076146,C30,-2.323578256629956
8.546517142094672,C00,-0.46874280137025337
4.31604984216392,C03,0.8777953537176377
9.798775906674564,C00,-2.1369395389480133
5.625951932743192,C34,-0.610001452175831
1.4076348021626472,C00,-2.4473145658953683
8.383994984906167,C03,2.5846295216517787
1.1611520173028111,C20,2.262539091953629
4.133033738471568,C35,-0.730936792765366
5.481052612885833,C94,-3.5309304275360383
9.520231070928276,C28,-3.5012498368665494
5.592766383197159,C06,-0.15822192271290464
8.208152737934142,C65,-0.6023134893114419
3.915046430192888,C00,-4.106203988331024
5.2789709973149,C69,-1.1981570609666248
7.652820106595755,C02,-1.190571342941103
5.192739546764642,C11,1.4752652641638466
4.959088684991002,C95,-0.8217016685601584
6.653407383710146,C07,2.39130092994203
7.263098326511681,C85,-0.5623433870378709
1.4499053149484098,C41,2.0700516385843284
1.4961503725498915,C60,2.1608235045548385
9.028629632666707,C66,-0.5375421356798084
6.558053647167981,C42,0.9924777717151223
4.926168525125831,C46,-0.8127797675446287
2.900353365112096,C17,2.312699794724906
3.5820965259335935,C00,-2.13889414983449
6.779145528562367,C10,2.0818990966129074
9.163219397887588,C00,-1.2968439431319534
6.8708021100610495,C00,-2.0066234178952307
7.644490774255246,C06,0.3990411297189964
4.568644012324512,C00,-1.8393155787258215
7.635925272479653,C92,1.8125754463512855
4.835290394257754,C63,-1.4658321408855133
5.942156775854528,C49,-0.6489947343061623
3.728205463849008,C79,0.9883906541977541
2.4893407453782856,C00,-3.1170143763989206
7.793967337347567,C11,-0.07290528740771773
7.69948256900534,C34,2.559888024599827
4.597256595734507,C00,-3.239517405122341
2.6624557143077254,C17,2.5467184087632235
2.52070956164971,C17,2.0094956865414355
3.867857661098242,C01,-4.446100173852893
3.0112185701727867,C33,2.9758421754284408
8.664925703778863,C07,3.514243558811784
2.388043780811131,C08,1.115636837291923
5.316551404539496,C00,-2.3862548557926004
8.675241668242961,C04,1.6109499611748093
3.6908513912931085,C19,0.3584969037167698
3.096303071361035,C56,-1.6428196179080228
2.7749417209997773,C00,-2.077367123271027
4.885238164570183,C63,-2.064877743119804
9.646314855199307,C50,-2.4631091084747485
1.6652592667378485,C14,-0.01734826992929525
1.5931021375581622,C66,2.5147689818576127
2.0100291236303747,C41,2.3107099278414864
4.70075196120888,C21,-3.853539508184028
9.735530901234597,C04,0.10841466762479579
0.5070902151055634,C18,-3.3347311759187503
6.648380612023175,C02,-1.4982576569836095
6.922612565103918,C75,0.6995349378165678
7.644226620905101,C68,0.4183385653323508
3.834926087874919,C30,-1.3656019722703663
2.3451092187315226,C71,-0.29624270322264656
7.7560181939043105,C10,2.5530445950391942
8.259266142267734,C00,-0.16466697809417374
4.522801854182035,C04,-0.7863629574738447
6.406809347681701,C10,1.4743290624315766
1.6302124131470919,C01,-1.606200763571474
2.709413105621934,C15,0.7334213933931351
1.6986731975339353,C00,-1.4642257806819048
0.11127621633931994,C00,-1.2500284005933495
3.4021213930100203,C24,1.0430571497858125
5.142127156723291,C09,-0.14377847318967812
0.42826929362490773,C69,-0.3728578315729295
3.325609788298607,C00,-4.041649218124062
5.915936781093478,C10,1.4189888837668374
1.154111025389284,C00,-2.4817552550686806
9.195807632058859,C01,-1.0000432238704262
7.05234061460942,C25,0.7659565616991488
7.264713787008077,C86,-0.2891627047107389
2.1821527951397,C90,-0.45870508748811056
2.3041507741436362,C25,2.691822625766155
7.6355718821287155,C93,3.7752431952649994
0.6338461022824049,C15,2.4985241652506955
4.4084724062122405,C67,-0.9575620975066125
6.44960071425885,C38,0.8804099970994387
8.087007605936378,C03,2.9399665820067193
6.898278195876628,C12,-0.9529572764858343
9.950546883046627,C00,-3.1661615272615986
5.221701383125037,C19,-2.472622715525701
2.383115633856505,C07,0.08110555985622869
2.117874708492309,C31,2.8526265435639826
2.99413995584473,C01,-2.2827533995858635
8.660731054842472,C81,5.562411688705713
6.311528116930276,C02,-3.1833358372401888
3.432077942416072,C98,-2.3242099606393243
0.1257098582573235,C09,0.7640701524558922
0.5665204836986959,C23,-0.9442433111371614
4.911194804590195,C10,1.4913748358808556
4.309251976665109,C91,-2.3518205130587386
9.725486719980836,C91,-0.85751075326343
5.289416522718966,C02,-3.6414132307021023
4.305384068284184,C04,-0.2529142754056143
8.443308998830616,C14,-0.4496925673357596
9.32813648832962,C20,2.7567478233738756
6.599186670500785,C03,2.3054897481238927
5.961654756683856,C55,3.6388700302437984
8.617123304866254,C07,0.2101382783963589
0.6773309782147408,C07,1.9801495483598481
4.834832176566124,C06,-1.6815930656698774
7.790971335489303,C09,1.116844029719427
7.331224903464317,C04,2.6826325377204343
2.6835140865296125,C47,0.66680888607728
9.119153760839254,C01,-1.3738170389348858
5.930092926137149,C30,-0.4264053934560281
7.851482010446489,C41,1.8418587766366823
5.484305736608803,C49,0.20909954942667797
2.4713428248651326,C06,1.0237148092414066
6.208252958022058,C06,1.437241237475199
8.366278649773449,C01,-2.5379474994258127
9.464794166851789,C56,0.267833636439918
2.18322217464447,C06,1.317161041619487
4.8668161034584045,C07,-2.136908549524777
0.4436872433871031,C71,-0.07436230028222707
0.5161521164700389,C68,0.16114036656499683
4.552118030842394,C15,0.8347598039895051
9.641545130871236,C29,0.02228166826909428
1.6244906722567976,C04,-0.06532817822106018
4.102667656261474,C49,0.04279488247531052
1.382151278667152,C00,0.8238466705954932
3.051861224230379,C80,0.7098301765456463
5.608969435561448,C42,-0.4275960651644022
5.851009355392307,C00,-4.5490194104110095
7.479430215898901,C36,1.2048179082643735
2.893985768314451,C14,-0.533549273959956
1.776611430104822,C17,4.039469931193043
6.738495160825551,C01,0.3073732659137267
5.005584051832557,C26,-0.5045213771905175
9.41097310045734,C00,-2.2475074225739564
9.031153640244156,C21,-1.8499018546693708
8.435467053204775,C42,0.27445926351244
9.054364117328078,C03,2.2979383062965315
6.43170767929405,C39,-1.5578030483902094
8.665889010298997,C00,-0.8187773001577656
5.303206678945571,C31,-0.7375147503155932
4.1786698321811855,C00,-2.1452785541435033
3.757485141977668,C03,-0.9220471841013742
4.8688543029129505,C21,0.0016218684815649809
2.483629414346069,C58,-0.7185960935471489
2.2384985582903028,C47,-1.0203859868832064
6.459100290667266,C24,1.4559001872453479
5.23197665810585,C30,-2.402210823249758
4.709241772070527,C62,-3.4860945106963435
9.497152618132532,C35,1.079432043978678
7.053303827997297,C72,1.5265783202231147
7.871982636861503,C14,0.4799107954317191
6.197581279557198,C00,-2.9917889053026885
2.481164389755577,C18,-5.726443779798338
4.898042466957122,C30,-2.7153311896352728
1.1895981384441257,C07,0.7770783255755028
9.54949788749218,C09,-1.213925820965231
2.860208328347653,C59,-0.665850931495588
1.416880537290126,C56,-0.8309139730973185
6.640056793112308,C28,-4.321794876631602
5.392263212706894,C01,-2.250156456642502
1.1056139506399632,C03,3.236651770366114
3.2030875398777425,C73,-1.307532815623763
5.169659433886409,C05,1.7873846172290824
7.537398682907224,C05,1.1978732565481292
1.510839182883501,C30,-0.4023813999815498
6.148520004935563,C76,-1.1945575310091663
2.9710921621881425,C52,2.6208008490562973
5.815291034523398,C00,-2.588683104779604
4.495439920574427,C02,-3.212872999956308
7.583940317854285,C11,-1.2333070448183372
1.560706163290888,C02,-1.0023149330611298
9.839576554950327,C38,-0.3759189697249751
7.98220535274595,C11,1.858866922298776
6.9639276643283665,C75,1.187594230055316
4.936560241039842,C94,-2.5271151106378085
5.677213238086551,C90,-2.4801490979077343
2.7222462138161063,C14,1.0542799373737237
2.8912784880958498,C63,0.3473913784336858
8.122187198605388,C31,2.415679568786068
6.935305290389806,C33,5.083678215223499
0.6433730316348374,C00,-0.3295608036502742
9.854169872123748,C81,3.3989334064553347
2.8392682573758066,C27,0.7607678770359159
0.9375001187436283,C02,-1.316663310567453
4.799920308869332,C95,-1.2593962519709514
9.534328817389905,C18,-5.735128612611053
1.190183679573238,C03,2.609989890134139
1.1446383013390005,C25,2.6809349889992444
1.6205728170461953,C59,0.22900804869752883
0.8924532169476151,C61,-2.1842923277636777
9.395740565378219,C25,-1.2059555784608043
7.945407789666206,C48,4.099578430706657
1.787588659208268,C20,3.5880652586305843
4.990731147117913,C00,-2.228147942759795
0.19411506364122033,C72,-1.4754815346297696
5.2719037886708975,C12,0.04783425734934599
8.794483917299658,C10,1.7457623420619173
3.7936599389649928,C04,0.3312306599934331
4.610804175026715,C70,1.3138974401128256
9.034044756554067,C18,-3.767046866296638
4.815841391682625,C13,1.6041677317235257
7.936167211737484,C09,1.3898822898575423
5.906697271857411,C10,1.5542704872299051
9.105374386999756,C54,2.2865335391774657
2.874787950422615,C00,-2.882170252811142
4.2637748760171235,C08,-2.0908321774145433
7.721922274213284,C52,1.3708093174344496
2.040074486285448,C00,-0.6348723865246917
2.1253233030438423,C24,0.6054499697216835
3.7318004085682333,C84,1.5895819278680214
4.765258459374309,C10,1.9900889850919858
7.313772668130696,C12,0.718711303848093
2.483582408167422,C65,-0.5007304110972794
9.542050892487168,C00,-0.5929558076308448
4.297816858161241,C10,1.004560862908276
4.204367203637958,C00,-5.49759841915869
3.687008118722588,C75,-0.040641169873675234
4.03258342994377,C04,-0.8499789497193597
1.3249115529470146,C00,0.23036119043504333
7.155895363539457,C57,0.5326619427684992
9.98818313702941,C69,-1.18734325880178
0.7610117550939322,C01,-2.782221785175253
5.435611377470195,C13,2.786098189243749
9.328576324041933,C86,-2.962478521785333
9.526602546684444,C75,0.2834919666820099
7.427884950302541,C91,-0.5576225590334061
2.383700176142156,C16,-0.9772681406833206
8.938264125026762,C17,1.7479300503456936
9.556486513465643,C00,-1.1645876952707752
9.366978409234434,C09,0.581636167314487
7.177014269400388,C04,2.101249253816101
6.782989837229252,C30,0.08291873858920784
7.484574159607291,C43,2.9200217059845865
4.572627157904208,C00,-2.1283126679142743
7.230103786569089,C71,-0.6367942770976353
2.8917971276678145,C68,-0.36845383750366556
0.7541229552589357,C02,-1.7795891958885512
5.386383712757379,C17,-0.5811181652503975
0.6120020616799593,C95,1.2668686728325254
6.5881685027852654,C23,-0.9410313612586348
5.738469543866813,C25,0.702906419388112
6.022174675017595,C14,-0.9731279174545102
6.800777635071427,C00,-2.384719633875016
9.561160914599895,C01,-2.995177166548397
6.742504148278385,C61,-0.6427889446420443
9.248481960967183,C93,1.312416776201117
2.923187855631113,C37,-0.7477432538322634
6.37854379368946,C98,-1.4878272964724686
2.8321726014837623,C21,-3.9368906433536264
2.299545456189662,C70,2.4673810362005173
2.8735531657002866,C37,-1.3892901816850443
4.6591238072142005,C29,0.24345137127104066
2.9993665940128267,C07,1.3937524411455517
9.93185353698209,C08,1.7040970500608472
3.02237969590351,C07,-0.5957146262756219
7.034447172190994,C60,1.3554689834193734
3.0622827890329063,C64,1.1726701027645656
1.1352958995848894,C19,-0.905434897293399
7.93705778894946,C30,-0.015602908477728043
6.830404635984451,C77,-0.19835932416064272
0.9761081263422966,C01,-1.4973819527928098
1.7931518354453146,C44,0.46329815170806254
7.262185551226139,C87,-1.2056056850322219
5.599574684165418,C00,-3.691408417408783
7.416814810130745,C01,-0.2059463419534826
9.796950337477028,C80,0.7148625253956857
0.8638041652739048,C00,-1.0219766591210906
7.881723027676344,C01,-0.9366936561932833
3.619657375384122,C29,0.4401625784019003
4.993728892877698,C60,0.7445525112184711
4.471167377196252,C09,0.12167840893163834
8.311041987035424,C98,1.0844438338968516
7.96677378937602,C09,0.9946910893449735
1.9201648538000882,C28,-3.427371303691125
5.2725136280059814,C00,-3.6750838641182875
4.719975688494742,C41,-2.7486915370041682
6.959403718356043,C48,1.5560762946405908
1.3190057873725891,C77,1.4780475250217466
4.013218425679952,C18,-5.589736040876478
0.12143893400207162,C33,2.8471464809760794
3.2486955379135907,C05,0.7086031483226478
4.373611418996006,C28,-5.037144045958377
1.121601618360728,C05,1.6747044954576311
2.5600884412415326,C05,1.2874852800540704
9.179490925744176,C66,1.1115749899748641
9.59495808929205,C46,1.201274771854235
2.0178616046905518,C16,-0.8991629969470614
8.155448532197624,C55,2.5866043844993074
8.530980059877038,C02,-3.4617355046920517
6.380267301574349,C04,0.6431804010200789
3.745397301390767,C02,-1.1927512627834997
7.590014699380845,C11,0.9250478578366909
3.2872558757662773,C04,0.8655890517421614
3.0341220111586154,C30,-1.9158022932186767
0.724908949341625,C03,1.083763544387593
9.396916725672781,C72,1.0058788319271343
4.052459038794041,C00,-2.521355766535399
5.612646113149822,C53,-1.1909988112978682
3.3007519994862378,C69,-2.82003722028431
8.892040834762156,C32,0.7904057791829592
7.795809013769031,C23,2.537644108759277
8.884596819989383,C43,1.958729596962405
6.249322907533497,C93,0.42238694556699974
3.8663200731389225,C11,-0.0161798894453542
0.49275030847638845,C04,3.577407187015229
3.866033642552793,C07,-0.11561151631928196
3.954664864577353,C83,-0.21730312857675216
8.782291854731739,C61,0.08013133370153058
1.8986857985146344,C00,-1.451479670743772
4.240617109462619,C98,-0.7756134949234538
4.87083330983296,C05,1.5171733115965895
7.460947567597032,C51,-1.9855576806548743
8.494745609350502,C00,-2.1548651907873557
9.989087760914117,C04,0.07947603371921619
9.598269031848758,C53,-1.0711634986794818
8.753574083093554,C00,-2.12390765604043
0.723360194824636,C00,-1.495426681289773
3.379125422798097,C05,1.1385147827882913
9.594875315669924,C16,-2.6137045699167905
4.6619613957591355,C67,0.29967038683897307
5.770157880615443,C11,-0.9583388136834899
0.6934888986870646,C28,-4.037178541087303
1.096663165371865,C00,-2.960068840004666
3.09179047588259,C99,0.9681834378891827
4.7825220762752,C38,-1.1214806212559867
8.480932479724288,C06,2.3461580695252104
0.5783347436226904,C00,-1.0427789155379368
4.567295969463885,C94,-0.6229984505976744
1.3298334018327296,C29,0.796223340260889
8.15940355649218,C45,0.6436180751317208
1.4023723546415567,C05,3.5832028631362327
2.0310738310217857,C26,2.6334868050290767
3.166010167915374,C70,0.3300597216362169
9.877578150480986,C01,-2.9986628904733523
0.4512556712143123,C00,-2.2417044716532177
9.216651106253266,C04,2.841568001892431
4.060514166485518,C13,0.8687796273892265
6.522205360233784,C04,0.5606546587236235
4.7610282502137125,C75,-1.0101559932390045
6.8419264187105,C57,0.594946904619519
3.7257277802564204,C29,-2.448496326667843
0.6410234631039202,C43,2.517439007441213
7.315759188495576,C24,1.290060027378153
7.933724478352815,C12,0.17559426584411153
6.607043950352818,C14,-1.2968151474003302
2.412677309475839,C42,1.0290696679255782
6.571881624404341,C91,-1.698707183225208
2.4589581065811217,C95,2.4401124070529012
6.662086751312017,C37,0.3842205479352181
8.78090116661042,C98,-0.07271631578404866
5.648789242841303,C53,-3.7073582293659624
7.330357839819044,C52,2.770801642709788
4.341780347749591,C03,0.5250265181323979
3.2142393686808646,C34,0.6869119248980341
0.6587238796055317,C32,1.1016342237117396
7.9532790393568575,C49,5.267831728852354
9.837620914913714,C72,-1.0143646774486619
9.739835490472615,C14,-2.252183884362273
6.167412411887199,C33,2.161353563899778
4.071205847430974,C03,2.346836535123692
1.4846716169267893,C00,-3.062393244871995
9.69692911254242,C56,-0.2103371678327633
7.669858895242214,C56,0.880829614504088
8.747590307611972,C18,-5.268217676741305
0.6339661520905793,C76,0.5516488427931812
8.627941361628473,C18,-4.5677754667628125
3.451618105173111,C19,-2.559285103934802
4.45776971289888,C08,-2.118470351419415
2.6265937043353915,C48,2.5361298836145276
1.8891632766462862,C02,-2.772575669989179
5.716476454399526,C28,-4.680411524609813
9.062622741330415,C02,-2.0289489514954226
3.897778547834605,C00,-2.847697357100415
7.246001991443336,C04,2.1623297525006153
3.6678469134494662,C07,0.9594755767624858
3.0823385226540267,C12,3.164320458984293e-05
1.7456593620590866,C14,1.358833449229911
0.06220112554728985,C81,3.7093156954211737
2.0906863710843027,C10,3.365180070851044
6.166380336508155,C06,-1.2404356508050367
2.5527790235355496,C24,0.6355758867295752
3.114368971437216,C09,0.5139288376125468
7.8159271902404726,C84,2.2924716869616004
0.539239204954356,C89,3.061696819634181
9.640588376205415,C30,-1.318336970858957
9.451836217194796,C50,-1.8970025438797284
9.751273624133319,C01,-3.18153063967619
6.803600764833391,C03,0.9886844446595584
1.9546964881010354,C18,-3.5027190943082545
6.067091368604451,C36,-2.746376453630056
3.480776618234813,C57,0.06414119076176522
9.21659708255902,C05,-0.6337085387887205
7.279560905881226,C53,-1.204887042627232
0.49127092817798257,C15,0.07186155918122261
8.54671873152256,C13,0.039905526603297936
6.376105740200728,C62,-0.8860640159738689
3.2848825538530946,C60,1.08425838872626
6.27435905393213,C01,-3.2635159299015375
8.485582787543535,C40,2.5342727774565894
0.726520677562803,C26,0.8585037647159142
0.3001137403771281,C06,1.307593996847067
8.216520545538515,C63,-0.6712712024560925
2.481037904508412,C60,0.766583714342642
3.1948924041353166,C00,-2.4213854867482385
2.3598558246158063,C34,1.921620734792355
8.798481023404747,C11,1.3038676491235441
3.506958663929254,C42,0.9885899995552343
4.420525310561061,C02,-2.0852741233522223
0.31382192159071565,C74,-2.773548912132306
9.205200211144984,C59,0.9653482432200677
0.10663161519914865,C51,-3.8805728152086623
0.942231435328722,C92,-0.4565632849760276
1.8703870824538171,C41,2.9956305748543994
5.549276270903647,C00,-2.6572597522334944
6.707174375187606,C68,-0.7342227588574061
5.335586587898433,C06,-0.08260601982700214
0.5917774373665452,C06,3.2352176922899947
8.481179855298251,C71,0.5471067091789944
4.190737432800233,C00,-3.5907085622071993
7.146006061229855,C58,1.3082744855028872
3.983111698180437,C53,-2.9926584857139265
8.959300871938467,C29,0.7522765969927848
2.930321835447103,C04,2.2876210721474948
9.598920037969947,C00,-2.9781179228639987
4.630549026187509,C15,-0.6963632095963312
7.150100767612457,C20,2.081047816288603
8.54350759414956,C04,1.5254455184360949
7.602826056536287,C59,-0.23387802775201494
4.470489085651934,C12,-1.8622018612980558
0.3764074412174523,C02,-2.0098163383399528
2.951227454468608,C10,1.335839447513892
5.041667122859508,C07,-1.4169280669058268
8.998271687887609,C13,1.5503689577744804
7.712118923664093,C66,-0.5790334037674821
1.4158583455719054,C28,-3.144971292139435
1.6934241261333227,C00,-2.3847685732396986
9.821360260248184,C96,-1.8123476780615908
0.7655125204473734,C00,-1.7242078988742353
4.389061760157347,C95,-1.4238408280466397
6.23896068893373,C57,1.3859645806728433
0.09608163498342037,C12,-0.31352669471655165
7.344389038626105,C18,-3.2402169874225804
1.0217875451780856,C60,2.056258639340988
7.317582604009658,C37,-0.38490416822189155
5.498707646038383,C91,-3.1155686033976195
8.718616664409637,C20,4.279067485497146
9.577176882885396,C11,0.40240592317471346
5.954495726618916,C20,2.1693512892691653
5.6919957511126995,C02,-3.2586574086090243
9.226772771216929,C00,-0.9266358225999409
0.27198624331504107,C02,-1.5383194334224486
4.0426000114530325,C99,2.5540283357259517
7.1196204936131835,C70,4.088137146390011
2.273787057492882,C33,2.589363133591599
9.919573350343853,C06,0.3356796039321656
1.0163642559200525,C04,1.1040692292251275
0.5216621747240424,C48,3.319471270820036
3.0912737804464996,C05,0.1456852330629741
9.800725204404444,C47,0.5108089866361033
4.042816350702196,C07,-0.6267914122622544
7.9475131165236235,C88,-0.7509107945286838
9.141540029086173,C85,-2.034659612763919
4.99968065880239,C50,-1.7691659645292168
1.0014686710201204,C28,-3.0740802866732837
1.2250901223160326,C42,2.1514596276031837
0.892529571428895,C67,0.7061125927051356
1.1367993266321719,C01,-2.288379798010056
9.124674319755286,C23,0.47522482601708305
6.5543442661874,C16,-2.374419516857604
2.6042853808030486,C12,-1.0031613542299496
1.1584056471474469,C79,1.2325193719332788
7.286487170495093,C55,4.845751611606293
8.15767691237852,C35,0.19811671373600792
9.463520820718259,C77,1.3750019796577733
7.749170153401792,C01,-1.4874090084325322
6.548376218415797,C58,0.8068217717837052
8.38833224028349,C11,-0.06736089826141833
8.297834140248597,C05,1.1583609007848952
8.889092658646405,C94,-2.5620385223671436
0.9381580888293684,C01,-2.175870401428645
6.488129147328436,C02,-1.4395402422639063
7.641013502143323,C67,1.6435402513812827
2.2967139375396073,C00,-2.3489902986465125
2.492966721765697,C30,-0.3169791009788519
5.20962615031749,C19,-2.734338696627606
9.995915258768946,C00,-0.7554628441648255
7.4239430273883045,C04,0.934359915906317
1.6391966002993286,C14,0.5061623865909591
4.737171004526317,C72,0.6594820481984915
9.913861001841724,C00,-3.669612366933511
4.760688103269786,C26,-0.22685948150405533
2.154972639400512,C71,0.8040197066725687
5.273276616353542,C00,-2.280450894537355
5.757392174564302,C36,-1.3281301415549802
5.073090528603643,C49,0.10603041054424661
4.488805450964719,C44,-0.10877515522329373
9.377441199030727,C67,0.1544101586469121
4.026832194067538,C01,-2.2562748785733024
0.3646971471607685,C29,0.9698209998029532
6.215195897966623,C17,1.603719088419601
3.1613967241719365,C03,1.0754347406560725
2.3998595983721316,C59,0.6630139363371074
1.1658589751459658,C48,1.7017299148798535
3.6680268961936235,C17,0.3414206023536098
1.4813054003752768,C02,0.014291583330544144
9.584025531075895,C13,2.498192215054373
4.261017506942153,C25,-0.5001525794717104
4.365890834014863,C10,2.0017047167156794
2.0893758488819003,C48,2.755684439178085
0.5934144230559468,C00,-1.4435898726460825
4.249679727945477,C33,1.6578104178585353
9.852877715602517,C01,-2.5403028027013406
4.564910014159977,C91,-1.5293268304424792
6.576324829366058,C16,-1.1915044348471397
4.207066080998629,C45,-3.4561138760566834
1.389424812514335,C62,-0.09282056031030378
8.638147874735296,C54,2.7252313054086876
1.1378027638420463,C49,3.059140891429162
7.734633828513324,C95,3.014150505659825
2.5805990770459175,C09,1.5928015138167178
3.6674636602401733,C69,-2.7855256434627833
5.680567773524672,C01,-4.716628817370577
4.796428238041699,C40,-0.03197349992543269
0.04849365912377834,C40,-0.9509946242877253
3.108836419414729,C28,-4.8561488191552735
1.9406681787222624,C91,-0.6048399933961518
9.629587715025991,C19,-2.520328526386928
6.760742859914899,C24,0.6343141904398165
0.3426998225040734,C00,0.02869420863243244
8.587416680529714,C87,-0.06344289942004172
6.490147665608674,C59,-1.580117696375721
5.395832369104028,C10,-0.060097105983221044
5.018758527003229,C02,-2.6773396990609526
7.106529164593667,C06,1.5182252454782104
6.006335497368127,C49,-0.5325204793641245
8.889859709888697,C00,-2.4929833965295485
0.8241572300903499,C61,-0.787057223920426
8.238055219408125,C29,-0.2994377043186184
9.515588521026075,C60,1.9385318939043152
1.4639293355867267,C01,-1.1850012386140227
0.7216126169078052,C22,-0.33887803985648357
3.9548730524256825,C03,0.7086456313161711
7.333393257576972,C19,-1.5238935219435676
4.318165290169418,C00,-2.619697918231589
5.123093705624342,C99,0.9856368523500167
7.632715976797044,C02,0.2764591960387801
0.7415568456053734,C58,0.9352431104695422
7.934021074324846,C78,0.4359961496170244
9.947623452171683,C51,-3.9547968352523677
9.996577047277242,C10,0.41198897000717927
2.6991220517084002,C01,-3.726702913217859
0.08623004890978336,C01,-1.4888372332565512
9.035269736777991,C00,-4.085407210057318
2.204278437420726,C32,1.611255690943306
3.5515562421642244,C04,0.449838836051284
5.913182471413165,C00,-2.52383300778369
1.5240387036465108,C15,1.7990192661581004
4.965117073152214,C26,2.1413291763069866
2.156508732587099,C49,-0.6653080132416704
4.049616125412285,C64,-1.6571427138243435
3.031968758441508,C02,-4.352889545820611
3.3115843450650573,C68,-1.0182018872979302
3.7054832163266838,C24,-1.4028394968797115
2.108357483521104,C04,1.01766358623025
7.376765268854797,C42,0.8545567510785747
4.296605316922069,C20,2.4319239147773
6.887861862778664,C58,-0.14282344537282177
7.838738919235766,C97,0.8785683871503804
4.571149288676679,C05,1.0093620164704256
4.0002423245459795,C40,1.7994204071130062
1.573785007931292,C72,1.3005857330788333
5.764105117414147,C05,0.7289077710867097
1.1910192528739572,C01,-3.0771560117392998
9.786182201933116,C50,-1.8793138409789307
6.645847095642239,C81,3.2663228806312494
3.9839000906795263,C70,2.9285084646486936
8.768863014411181,C42,1.6124847487622476
1.1423038458451629,C35,3.1517683483086953
9.831844104919583,C93,0.7513053477512968
5.186002829577774,C63,-3.027591673183554
0.05855072056874633,C12,0.07343585914226036
6.57894532661885,C04,1.04317982620064
2.065123643260449,C00,-3.152558576256978
8.65768319927156,C06,2.430896050127485
9.442726701963693,C27,-2.089922105183447
7.3494183691218495,C95,0.8710632926319823
7.646106292959303,C36,0.7634576362753717
2.3783947178162634,C33,3.6721102037238103
7.490124490577728,C20,4.713805439706993
1.4457203983329237,C37,-0.7370307653401373
6.456972265150398,C07,-1.4279341961183938
2.0393399032764137,C04,2.792628909586991
0.6503710919059813,C35,-0.518982411737144
8.981116639915854,C20,2.2080318527447913
1.7461202875711024,C12,0.770154710504134
0.46276650158688426,C01,-2.3719074760740293
4.859379653353244,C60,-1.0015392409080752
4.476153419818729,C12,-1.5034062082382775
7.604659136850387,C77,2.9303054885499984
4.292745431885123,C92,0.4709619535729044
1.736767990514636,C32,2.1607551546327692
0.6786051508970559,C95,-0.16435772263808246
1.9436994520947337,C23,1.0832192893751087
4.040300473570824,C12,-0.6101795307415665
9.108306150883436,C31,2.4001158949642605
8.718922932166606,C76,-1.6486687675179452
5.484093569684774,C46,-1.2135198301861423
9.687501152511686,C98,-2.429161464867564
1.3095845934003592,C99,4.1273429192782185
3.940553115680814,C00,-1.8693190774814041
3.526866789907217,C07,-0.6759410843336273
1.0343797132372856,C83,3.230884409656236
8.342145499773324,C19,0.20723708113624195
3.056204761378467,C00,-0.28832874453765966
1.4227313711307943,C59,-0.37527580259785104
1.5586654678918421,C52,2.751043129897041
9.805679323617369,C04,0.9239640102894323
5.989196938462555,C74,-1.473283485766928
5.710397625807673,C26,0.4115058895289466
8.062878027558327,C09,2.166039297568163
4.336287900805473,C37,-1.4794583060622584
5.683658295311034,C35,-0.1446163351654277
4.356851598713547,C28,-5.038776662403306
2.9723388492129743,C98,-0.3831991389733177
8.259889290202409,C95,0.5755391947181948
8.795830653980374,C00,-1.7475153959138143
9.320423505268991,C16,-1.2787708533990345
2.432291703298688,C01,-1.108459296172461
7.190966147463769,C09,4.5574437574304305
9.701279825530946,C21,-2.2771597490022204
8.071795811410993,C05,2.894171161966942
0.7789660687558353,C59,-1.946444004908707
3.8685678457841277,C00,-1.408181355476275
7.469234520103782,C80,-0.11381698970938678
2.4407043983228505,C06,-0.2828505000201389
0.5763671244494617,C55,3.816519179959249
2.6423577428795397,C33,4.1202855520328034
8.169829866383225,C79,0.8484366510723468
7.0230810809880495,C62,2.3767163063887047
8.663770647253841,C12,2.4699905797845902
5.619223320391029,C00,-2.659489618342425
4.358729710802436,C05,0.41907760600181176
4.798458034638315,C09,-0.5637195129143096
3.026531988289207,C09,-0.7650916345526343
2.5625539082102478,C02,-1.1789953186328137
0.3800097852945328,C62,0.30106636100099093
9.65469096088782,C70,-0.5693187172089933
1.46863131551072,C92,2.3600087588047782
1.844398498069495,C42,2.487586275522208
5.872911217156798,C15,-0.45212892924293274
2.415184148121625,C84,0.9752890102644248
5.579677608329803,C00,-2.102173947391358
1.9287017034366727,C01,-0.4792238061160692
9.685622325632721,C45,-1.7771196911209737
5.550292702391744,C39,-2.8384615749153856
1.0808976250700653,C10,3.291508034668995
3.0847648438066244,C02,-0.21070047335377784
0.7479133317247033,C38,1.1050524595400124
2.379839012864977,C01,-0.127546787063765
4.821083559654653,C05,0.331505520698529
2.33904019696638,C45,-0.07734490163108693
6.995675771031529,C35,0.18972290229013597
4.244647684972733,C96,-2.523044471284351
9.762926786206663,C83,0.22753032868632284
9.778552472125739,C21,-3.339086546683343
3.8015295122750103,C27,-0.8455201640938291
6.966559726279229,C10,2.800959745520702
5.0814285525120795,C32,0.15631356096986215
6.054301217664033,C77,0.4946506662208189
3.9778227685019374,C93,0.13324528905948124
1.588107943534851,C81,4.411662703693553
5.940996233839542,C24,-1.4116667634965643
0.6523335701785982,C13,0.5783236699111212
2.6178940245881677,C85,-0.9806327527626139
7.936743788886815,C38,1.3042088195949948
2.0541588915511966,C34,0.9620477579813359
3.57669246615842,C01,-3.0217500105944883
5.279154807794839,C64,-1.0201036587985786
3.3713566744700074,C55,1.623872814535542
7.864431336056441,C26,1.851935198066924
6.221437812782824,C02,-1.0214750472209928
1.2179816444404423,C65,1.9496778733503897
9.585521316621453,C37,-0.11959238700391817
2.716094811912626,C17,1.4583016422002515
8.213850469328463,C02,-1.046098880996822
0.25380886159837246,C65,-0.09326923159109052
9.960710343439132,C09,0.28154491144687177
3.1299549783580005,C76,-4.089772569620257
6.550139195751399,C38,-0.758898430527252
1.7715448583476245,C15,3.626296995577551
8.232458592392504,C43,2.8107910358563144
4.3042968842200935,C97,-1.2438872782498387
8.834471146110445,C32,2.2068652112400993
8.707296035718173,C26,2.2084130586439885
5.914339234586805,C81,2.315932612309784
7.39684414351359,C78,0.3670140943806548
8.881564333569258,C00,-0.7228744649568064
7.8433577716350555,C50,0.2151395920521053
4.4618163630366325,C95,-1.3935467321902422
5.4951958218589425,C42,-4.038628720706595
1.5187010006047785,C61,-2.206606279315396
9.313440816476941,C27,0.05642038907682223
8.37990750093013,C49,2.8645900091956156
8.43137233518064,C00,-2.805020930843913
5.206002618651837,C06,-0.8043766722903176
3.55801455443725,C92,-0.12994164465949004
9.700597850605845,C11,-1.6881492168230565
4.069753533694893,C72,-1.673203077127841
8.210146629717201,C41,2.7257279320018504
7.7555219596251845,C16,-0.8484197214585824
8.874103464186192,C86,-1.6055785313114377
3.2950858445838094,C18,-4.1507018949378445
9.60310417227447,C00,-1.5508268583238007
1.374269595835358,C99,3.006983404543493
0.7483210042119026,C00,-1.0474090312412825
2.2804508614353836,C48,3.1032241795826834
0.6387410871684551,C60,1.1319814874814451
2.4021476693451405,C60,1.7649676916884915
5.43032918125391,C19,-2.8853527164160457
6.461050759535283,C96,-1.3561203956090457
9.439014208037406,C00,-1.19798930786369
2.7204685378819704,C92,-0.6891537614319245
2.0664696558378637,C62,1.0093437490331079
5.799959497526288,C55,1.1003231517323064
6.350366403348744,C00,-2.3561139711442607
2.6476846169680357,C34,2.6100512963125038
1.39267883496359,C83,1.6747228590520038
7.7982333092950284,C02,-1.0365093876364513
9.765494442544878,C44,0.23683560295569023
6.448144246824086,C00,-1.4609349633951998
3.5060739098116755,C00,-3.5984798753286498
4.314593181479722,C09,-1.98548795592265
5.89880803367123,C79,-0.40246170847320806
9.261885161977261,C52,2.50607325972072
7.324740735348314,C05,1.847796498864539
8.86270564980805,C01,-2.5455350661279113
3.819870646111667,C36,-0.3965559783509268
6.29928587237373,C79,-0.13197744964886748
1.5104354126378894,C30,-1.174101325250612
6.519085145555437,C99,2.2563370393380326
0.8290626155212522,C19,1.8989351120766682
9.72665689419955,C55,1.0405526113927268
2.5847082235850394,C00,-2.16067307874403
4.390503361355513,C02,-2.084555074507725
9.670673061627895,C65,-1.3204976570281577
5.8540264633484185,C70,-1.240664239820691
4.259010441601276,C58,-3.108011173554767
0.4754857998341322,C34,2.4012200752647104
8.798955408856273,C38,2.1661097609513535
4.180899262428284,C15,-0.9123417394739537
9.974438438657671,C95,-2.31411558772622
6.111505855806172,C23,-1.1234671367752491
5.237239468842745,C81,-0.23753380224881004
7.025364723522216,C00,-1.9919407657353962
2.596875091549009,C78,-2.1071661406914637
4.804804949089885,C32,0.360481876618428
5.387691427022219,C00,-3.0924323570063565
6.903534929733723,C14,-1.7257655486983925
3.742374435532838,C29,0.03330761113911773
9.556177258491516,C58,-0.6046564652187674
8.420006942469627,C02,-0.8517248770617377
1.5626046992838383,C18,-3.896022368944342
0.01559464493766427,C79,-0.19806954263204468
3.9251651195809245,C66,-1.5358471999399206
5.039966136682779,C10,0.9916000538965031
5.95596918836236,C10,0.572781452950775
9.955327257048339,C18,-4.750936080187986
1.9267033785581589,C86,-1.4488152346076215
9.247159259393811,C41,-0.40695829610516654
1.9579332577995956,C01,-1.3905490300754098
9.924630396999419,C17,2.278131695795361
5.144941930193454,C23,-2.832064190523102
0.8727562217973173,C98,-1.5910031023949451
5.358992516994476,C22,-1.793251313900238
0.6798246805556118,C13,2.2437469250398125
4.496152170468122,C04,0.6096153231800743
5.620967564173043,C00,-1.7816576780814948
0.8278936613351107,C16,-0.47448180586587774
8.89497818890959,C14,-1.261348061793511
5.058396647218615,C02,-2.520718882252501
8.858851527329534,C87,-0.6258882490828918
6.68837834848091,C02,-2.2900856489817802
3.859790537972003,C46,0.05888576982713939
2.8785469429567456,C84,2.5294784587772536
8.051886090543121,C30,1.6800381476788
5.835454983171076,C93,0.6837555665954047
6.641728316899389,C54,3.841024043392304
5.264107526745647,C97,-2.5954534339047277
8.603751533664763,C15,3.371432832807022
2.2823473252356052,C00,-1.3495521440417222
5.397678462322801,C15,-1.4483236733496776
7.6354875368997455,C00,0.7320588710909821
2.324154619127512,C53,-0.9604562347349088
1.282840073108673,C23,-1.0344756627515275
1.3765544164925814,C00,0.36838286375130513
9.24111942294985,C15,1.6036054378435391
1.6838385700248182,C50,-0.1512107325412273
8.182173401582986,C05,2.7816895019298755
0.07251487346366048,C38,1.5314352000923601
0.28520920081064105,C10,0.977543522511227
3.502067916560918,C20,2.1192517611767694
0.951231112703681,C98,-0.31785195578449266
6.844558280427009,C09,2.91649573924248
9.087391416542232,C36,-1.323677272134327
8.660337475594133,C02,-1.318003506126311
0.4871177952736616,C76,-1.4014080952088226
2.1647117286920547,C17,3.272077516425469
0.2104338724166155,C23,0.9186124498899888
0.7228519464842975,C33,4.878349274487163
4.975634126458317,C23,-3.5591877141356436
7.322766815777868,C10,3.5031029953138897
0.14010147424414754,C05,0.8781558731848348
7.745007195044309,C02,-1.1585561298987799
3.214336521923542,C65,-1.0644839216692819
1.835636175237596,C00,-0.26862756285535894
6.945748261641711,C85,-0.6832957461126442
2.1172321285121143,C01,-4.326344797409929
4.713394129648805,C06,-0.6381572766327489
6.4853635360486805,C37,-1.345521693124203
4.971579108387232,C07,0.5486205785616548
