x,category,y
1.5257730917073786,C01,2.5781984259767574
2.839586401823908,C27,0.9350026478437022
4.211208235938102,C88,-2.0294814103471737
7.988173961639404,C36,-0.26492894767694086
5.87869735667482,C15,0.6956752769351158
6.411985631566495,C05,-0.6307681842260677
8.278629719279706,C28,0.46086665373274793
1.6483230725862086,C32,-1.0570165741975819
6.108989415224642,C24,-3.353340277394779
7.770289108157158,C85,0.10447771951644746
5.065733215305954,C70,3.4716240212192675
4.771306207403541,C24,-1.6254413477753737
1.7678308114409447,C00,1.187980566161249
6.2852862640284,C00,-0.42447081217269544
6.982478559948504,C94,-0.16027391529673052
6.605775556527078,C19,-2.58719393981862
8.035872417967767,C01,1.300998648190308
6.568300242070109,C36,-2.113942064891667
0.8786751027218997,C83,-0.8802092519773898
6.335662319324911,C29,-0.8538242600772052
5.194235160015523,C37,-2.6816764473272037
8.695952168200165,C07,-0.4695677670863825
0.7315856381319463,C15,3.2732365789343323
9.929863961879164,C02,1.1875107310433037
2.008471190929413,C00,1.5528347912265636
5.241571930237114,C02,0.29596247270674086
3.1462401198223233,C63,2.888026930329069
6.305844895541668,C03,-0.609160784704682
1.9704672996886075,C10,2.6152389285543878
4.274425935000181,C00,0.6166226825366526
2.6379504916258156,C13,-3.1386260620663697
4.392479138914496,C04,-0.37512853360241305
5.048942747525871,C35,3.409046021699953
5.529487987514585,C36,-1.5972956903900417
7.119078820105642,C94,0.05029292292597165
7.7824288723059,C01,2.1288795586143454
6.255104867741466,C01,1.1275057658434333
5.744009134359658,C01,0.4627561053970636
4.206228661350906,C22,-2.17588510282749
6.840989326592535,C00,1.9863468642136648
2.1336811524815857,C13,-1.2327385012539724
2.6597438543103635,C00,0.03791363850684992
1.789271377492696,C00,1.0755607922827606
9.426693522837013,C21,0.3871395986090681
8.949148755054921,C62,-1.112815426925344
1.934946363326162,C02,3.2284886243409945
6.477728390600532,C04,3.0897208190391283
4.373075102921575,C22,-1.5593376986392844
5.9522523381747305,C63,1.6877072026855788
0.6030025170184672,C00,0.10470985670402289
4.10968704149127,C10,-0.5457315216070875
4.097131108865142,C19,-3.116263214486712
3.1806136178784072,C80,0.3405503117186456
7.301659246440977,C24,-1.2600444925281904
6.53263048036024,C97,1.461934153958136
1.7385233938694,C53,0.9457544674541731
7.127329893410206,C36,-1.9129469216113797
6.7651056637987494,C83,0.3646411442597269
0.7688776426948607,C04,2.02892468231912
8.485176945105195,C45,3.6618463745133107
0.9913716628216207,C21,2.2055595670758734
7.062525690998882,C19,-1.201209771271874
0.2051200228743255,C02,1.2189806873867535
9.60496760904789,C04,-0.4165329928816811
2.2356519289314747,C06,0.12715610883720935
5.747545654885471,C75,0.7892295633189006
6.2001635995693505,C02,1.6679138485282887
2.9166441736742854,C31,-0.5862392146791757
4.267889608163387,C09,-0.036317953341527875
9.625547782052308,C11,-3.4797626273108486
8.97214104887098,C03,1.9974050801711714
8.85318846674636,C60,-5.2589120333572525
8.099694934207946,C35,5.69463745438181
4.5581750851124525,C17,-0.22938726073634613
9.13020777516067,C59,-0.7636692076082938
5.7427458837628365,C14,-0.6302773251056111
7.947438634000719,C09,2.826279820515925
9.78190410649404,C81,-0.24936917672018077
3.34614843595773,C05,-2.4030896869581784
3.7148819025605917,C04,-0.8411111249726413
9.726263084448874,C03,0.4028071628063441
6.8312909617088735,C91,-0.8897587792739272
2.5478039169684052,C03,-0.5972458686174635
5.353713044896722,C04,-0.27006119959859953
8.708446698728949,C06,0.4639831989330858
4.205609317868948,C28,-1.0779428246714249
6.569145193789154,C50,-2.651236389548105
0.9826143993996084,C05,-1.6470283045856084
9.412741174455732,C38,-0.6867329379264276
3.8181743677705526,C69,0.4189386508355333
5.01173080643639,C00,-0.282839714082758
3.84348256746307,C61,-0.7986376838307669
4.646446239203215,C63,0.19579837342838555
5.228508000727743,C10,-0.1687836179105705
6.551296727266163,C14,1.9614697839741728
7.984476413112134,C06,-1.6794405746749275
0.9588693152181804,C00,-0.09980009009861668
2.752273944206536,C92,-0.45151172438292864
4.373885623645037,C48,-1.607267903600993
0.9571016044355929,C16,-0.13768935325887288
0.5180286592803895,C26,-2.652284221976346
4.855519367847592,C04,1.452383996937967
5.088362793903798,C76,0.22898664926842205
5.175820277072489,C06,-0.698092412236226
9.465666841715574,C02,1.7804145767296564
0.09439484449103475,C30,1.0028266310470586
3.876278616953641,C23,-4.290185590050617
8.66357556777075,C64,0.8967244571098989
1.371016891207546,C54,0.38276319633685646
2.7454947936348617,C12,3.2646832662310192
5.663859266787767,C06,-2.2378237591438976
8.14916358795017,C02,2.4698196049557306
0.1727730967104435,C43,-0.22991909340836358
3.6684241867624223,C00,0.2571379257952016
2.9218235798180103,C02,2.11857005541717
0.9408802003599703,C33,3.6623566469939526
0.4320602002553642,C86,-2.4423223637427434
6.300830382388085,C71,-0.7928687260873604
1.1739330342970788,C38,-2.607169789364453
4.471938642673194,C11,-3.2840053942879583
2.750108672771603,C40,0.26173055215568297
5.483573346864432,C02,-0.2078155395760828
8.37205114075914,C21,2.5644268429773565
0.6553579471074045,C10,1.4053950600951735
9.396521069575101,C00,0.3281937163138301
5.690039535984397,C24,-3.1899581546860936
0.5192758445627987,C00,0.4149743472608032
7.189427323173732,C77,-0.930923803965809
2.531333186198026,C03,0.9845198745831625
5.411783619783819,C06,-1.06112530440401
9.638950270600617,C32,-1.0244099117241836
4.1761060571298,C01,-0.03585934648342251
2.7084350190125406,C41,-0.5755749336605385
8.200174781959504,C37,-1.6979631646917306
3.3688957849517465,C01,1.9855664437612375
9.671735130250454,C11,-0.7370597061194057
8.677618862129748,C91,-0.3350181226294629
0.2731610951013863,C12,2.920079647476903
9.587078089825809,C64,0.5346178611354624
3.697135078255087,C22,-0.8854255677332055
8.843981032259762,C34,0.37587008898362634
3.381980564445257,C98,-1.1761818560432236
3.9998959796503186,C58,-2.4823996633776053
0.6368283135816455,C05,-2.0690855902155154
1.904891519807279,C06,0.208413490985449
2.906112822238356,C24,-3.8617906428772093
3.9741696417331696,C01,0.44953875087898
2.5931864394806325,C00,1.4497054562856995
2.6122317695990205,C31,-1.3558597960865566
5.104752494953573,C41,-1.8717205320751087
6.355905090458691,C48,0.2749644575832693
3.774051326327026,C58,-0.9771171647965388
0.1898244977928698,C75,0.9292837668423608
5.579958490561694,C04,0.8786323068291835
9.391085498500615,C56,-0.23001358124296242
3.9887461182661355,C47,1.9528292414260544
7.996083553880453,C00,1.8845771743982942
4.503345915582031,C07,-0.7991717620482555
7.306504885200411,C00,0.4729334680437931
6.539157370571047,C91,-0.956208191535115
1.156475788448006,C39,3.9682416134218936
5.425581287126988,C29,-0.9058103248028628
1.7654776340350509,C35,2.17706063239916
3.1508761481381953,C06,-1.2801953898897382
7.161591565236449,C81,1.162480008212912
8.766219411045313,C12,4.358558394605936
7.0383996539749205,C42,0.049520522395697986
6.392714385874569,C89,3.0556599013478185
5.22951991064474,C17,-0.581873998066986
3.23278070660308,C05,-2.7634044082303832
9.09281607484445,C11,-0.4580110468357106
7.267448217608035,C54,1.5093594155105352
2.4549904535524547,C88,-0.22752346376851484
7.793739123735577,C18,-1.1749950081957241
0.07278490113094449,C90,1.2412166402757319
4.185782033018768,C12,-0.1780871907918069
7.19969836063683,C01,0.7962709089420428
5.175598431378603,C27,-0.43395726511925636
4.008666109293699,C37,-2.4613334109460623
5.237749507650733,C04,-1.7707369449483057
3.741491991095245,C37,-1.5468618838320913
1.3222049293108284,C81,1.3097830683781084
0.410030041821301,C42,-0.7377416883462473
4.503460398409516,C05,-4.994807185777642
8.605204513296485,C70,5.115988689681405
0.20384931936860085,C57,1.0653581893773336
0.6275052740238607,C54,1.5269881529786657
8.718350089620799,C43,-0.2927683340551986
1.3460392411798239,C01,1.799949925363514
4.4699592143297195,C01,1.3915168086174672
5.792518511880189,C00,1.1841806181570314
7.7248191041871905,C20,1.7765541434835288
2.0372965512797236,C31,-0.04953913376757557
9.05289329122752,C23,-3.0323966526260175
6.792652136646211,C98,-1.327568017986615
2.3071660893037915,C49,-0.1587163076052927
7.969790876377374,C02,1.84851616019581
6.7351559875532985,C50,-0.3639947279859672
9.90834659198299,C90,1.3223778484524629
2.757577858865261,C00,-0.5924054376178802
4.729632358066738,C53,-0.9367421498230237
9.59789719665423,C09,0.1393705297890626
0.36679085111245513,C14,1.4385285806357453
0.9466428775340319,C44,0.5691409955450083
1.6288557718507946,C84,2.3032745679806745
7.13192944182083,C13,-2.4197028741234687
0.9526884788647294,C74,-2.132314733355139
6.262624028604478,C45,4.751654861157901
8.851129044778645,C75,-0.1344644096302443
2.873436526861042,C47,2.618110856157502
4.580630119889975,C10,-0.04911656921632171
9.846899921540171,C09,-0.8394563381399802
5.0181377260014415,C01,0.31744471913392663
7.729722894728184,C39,4.758663575953554
2.0863871998153627,C66,3.002700652524216
2.945104979444295,C16,-2.8726852722908474
6.641646001953632,C71,0.19179539506755094
7.1921983058564365,C00,1.6517366468303336
2.3603758588433266,C04,1.749263292380443
3.6656598886474967,C45,3.724420030666004
5.423541991040111,C00,-1.2286361502738237
0.1395374466665089,C04,0.4339553595938726
9.392114954534918,C30,-1.5274363549720298
4.055172947701067,C23,-4.771150994775079
0.8462497848086059,C00,0.6050269343916332
3.6453599855303764,C37,-1.4986026377596922
3.8917462690733373,C00,0.7398946634513831
0.5199955427087843,C50,-0.7336984250453423
1.0996352066285908,C12,1.987920476727766
5.716948150657117,C74,-1.934935208451704
8.564061061479151,C70,4.952583085036878
2.810955885797739,C00,0.333318532798926
3.0641155689954758,C01,0.9636370715017955
1.644884676206857,C78,-1.016052769317486
5.64933268353343,C17,2.7662462016888796
4.7760774893686175,C91,-2.463016111521538
7.6178479683585465,C32,-0.9433097975751719
7.016093330457807,C01,1.7659250703030522
1.3339015119709074,C02,2.7756653531130655
1.769364660140127,C08,1.7665252827420652
9.257223589811474,C48,2.2394858977134033
7.471016347408295,C99,-0.37247886530144414
5.465256578754634,C26,-2.8929074362546046
8.140164131764323,C29,2.2976713773664974
7.268594820052385,C00,1.0733293677801568
3.775995725300163,C02,0.7017299672357732
4.930280004628003,C75,-0.11331111704259167
5.430523012764752,C66,-0.10340304355889796
5.600486537441611,C17,0.6747731641273774
1.9178451504558325,C24,-1.0977424125496227
6.321068620309234,C25,2.797844631827213
5.0215980829671025,C14,0.10944509041981343
4.696299093775451,C77,-2.529315894991628
8.698069381061941,C01,1.9222094638116154
6.7779579549096525,C12,2.389095980637208
0.5063539813272655,C02,3.1702512054050835
5.467849639244378,C29,-0.39874294405155375
3.34693459328264,C04,0.003929041562282909
0.09596928022801876,C10,2.7227463734642834
0.9366858890280128,C72,1.4202653254054296
8.599586887285113,C24,-1.5617336556644514
5.95391804119572,C00,-0.41882115788551216
6.103617476765066,C02,2.0179817645239213
1.4154607499949634,C03,1.8387105361535308
9.737208078149706,C12,-1.227136358028849
5.973821913357824,C03,1.1671412043972749
3.382500794250518,C47,1.086455862383626
0.5910842563025653,C97,2.1709716446650718
4.37699468806386,C69,0.549847636912293
7.42012393893674,C18,-0.5216648565962729
4.768132495228201,C85,-0.9205362914637223
6.568770930171013,C01,1.7975313634353105
0.22540519014000893,C35,3.7242674515023144
1.0857630684040487,C26,-3.156476593276082
0.11396216228604317,C11,-2.1797615075399253
1.5774260368198156,C00,-0.024297187177620527
0.0366812152788043,C53,-3.8139747796654944
4.83562559587881,C03,0.8682083051357259
8.086097678169608,C42,1.3260015535631582
3.3198862499557436,C12,3.0395245572091136
3.1140122981742024,C01,2.2210133461296016
8.62175578251481,C27,-0.2010022852558626
2.6918590487912297,C50,-3.5517862246956695
0.8069655136205256,C35,4.522011185195673
0.6340180546976626,C65,-1.008441703495131
8.176119807176292,C05,-1.5246053251407974
9.872805739287287,C34,0.21822076501691023
2.944207787513733,C01,3.682278686212715
0.17654306488111615,C00,1.0847310297270036
9.55632702447474,C92,-2.476327411316126
7.501235350500792,C11,-0.6003733467739185
3.6364108487032354,C40,1.5597924432000514
2.2057522390969098,C04,2.8100026047710256
9.367736363783479,C08,-2.135885866197097
0.2465859684161842,C20,0.14032359196466104
7.27085396181792,C40,3.0724186240357643
4.483268731273711,C12,0.423991201645733
3.000633248593658,C71,-1.8610289273236935
1.553122764453292,C27,1.369227524435555
8.21994576137513,C89,3.8340048891966028
7.556475778110325,C06,0.5830182549110461
4.586203929502517,C04,-0.8005353728746931
8.967073475942016,C24,-2.3762353419680045
4.932877977844328,C01,-0.6042799265898763
6.515156575478613,C91,-0.952949519515366
8.454278579447418,C05,-0.23686094420437787
9.236429613083601,C70,4.6076130372513
6.274884776212275,C81,-0.5487648610456576
3.7686479976400733,C77,-0.5894352267975922
0.3610787517391145,C81,-0.2414913362955953
7.758952465374023,C67,3.655679227774489
4.466148384381086,C11,-2.500691671166244
1.0251205880194902,C06,0.8284461843030286
8.434234820306301,C00,2.4940541580217532
8.257647405844182,C70,4.743583032779339
1.7629409697838128,C52,3.3839881701340047
2.463328370358795,C26,-1.5463112176782825
0.1103473431430757,C83,-1.5087272101690417
5.4485011380165815,C63,-0.6250644323800945
7.952916983049363,C02,4.387372961587157
0.2784286509267986,C16,-0.0101430208173785
7.132924210745841,C00,1.9943087219486946
0.7807171903550625,C04,1.5520704250414263
6.4934269594959915,C57,0.40025674955917956
1.3895657402463257,C32,-0.5098849573472792
3.833438460715115,C00,-0.10319216970121606
2.415143740363419,C79,1.9075451061187039
1.7754149925895035,C12,5.002602003308304
6.1793282139115036,C72,1.8279006226859227
1.7024979973211884,C51,2.6066970918065855
5.874997500795871,C54,-1.346908060281097
9.443978753406554,C65,0.09947632715116095
5.810952722094953,C29,-1.4376701162763297
9.598502207081765,C59,-4.737580851010051
2.2889031120575964,C04,1.3701869289942419
8.28400052851066,C35,5.248693513263892
8.019295074045658,C02,2.4139105026091254
5.974281714297831,C17,1.2829001341345665
7.99594760639593,C56,-1.8765435789980947
9.388273612130433,C01,1.6374868944526026
4.583031095098704,C75,-0.5012639972100541
8.024796915706247,C47,2.357885316345719
9.544901736080647,C01,-1.9384212802699652
6.834404077380896,C17,3.1621658252476967
6.506100874394178,C71,0.0008711525268648712
7.161883907392621,C11,-0.41179513146105196
2.050326659809798,C63,1.6733557222349957
7.729795752093196,C48,0.9651696957458475
0.5686893174424767,C02,2.934400602652815
6.822579181753099,C48,-2.173249048894229
8.133400930091739,C03,0.6365737358310678
3.3007782557979226,C15,2.7608212019599456
9.346675230190158,C98,-0.45543710293433326
4.898008871823549,C78,-1.9235043027196026
3.5736199468374252,C12,2.8279551257677142
4.377884699497372,C97,-0.12886927015680993
4.62430200073868,C09,1.3182772318722273
2.0320180407725275,C43,-2.9522146975153354
4.711809568107128,C68,-4.606091517315623
8.132111066952348,C31,0.9387474966189263
5.032982432749122,C01,0.5811229546258968
5.3970549907535315,C04,0.16174808153709688
3.6706621572375298,C00,-0.11361423917066982
5.574022214859724,C04,0.6561063394267137
9.50975846964866,C00,-1.2249092798010084
9.418219653889537,C32,-2.5518023055276244
8.055665735155344,C77,0.3187060882068007
7.893731161020696,C04,1.8265434546187482
0.8393698534928262,C13,-1.6705741072762368
2.2685485938563943,C09,1.6773441381051353
0.02805281663313508,C00,-1.0169049361873914
1.7840848746709526,C35,3.1410278154798124
3.0234554898925126,C05,-1.8313194110100843
6.2195714469999075,C00,1.3290102386447167
3.0522991972975433,C00,-1.230915244077805
4.745862709823996,C17,2.67212010308968
4.82655844418332,C45,2.7319772210885613
7.371776928193867,C49,1.1461162191725527
1.4642260037362576,C03,1.4846163567035877
7.884710754733533,C40,1.549415595513738
0.12440731981769204,C21,2.058890618278251
1.5858406876213849,C17,2.93739628293715
5.3941261023283005,C10,-0.202918708824675
0.4317612759768963,C21,-2.7324431457654503
7.114626485854387,C27,3.0208127217363794
6.7177305510267615,C65,-0.9831377264133396
8.09853733284399,C37,-2.0683682174101374
4.7855636035092175,C79,2.431751665456828
9.776793618220836,C30,0.4521948140820857
3.877465701662004,C00,-0.8086112105889598
6.433997426647693,C96,1.0460427661807503
5.482951446902007,C10,1.4118668536367158
7.456840123049915,C04,2.7784495643268983
0.0034017465077340603,C53,-1.276944448102515
7.325165120419115,C48,0.4368371362135312
9.864867909345776,C10,-0.8037718562674452
6.178677848074585,C20,2.5213048279665067
1.7053010687232018,C10,4.133019547521329
4.344162011984736,C20,0.2996878443553888
6.387758722994477,C18,-0.3587015816064708
1.0999295976944268,C04,1.1839559367047725
5.92946618096903,C06,-1.3373152026166257
6.757940389215946,C00,0.03076841026191013
3.755843264516443,C01,-0.21719503841143373
5.23673573276028,C14,-0.4056547437795219
8.550114766694605,C07,-0.8909083923359891
9.391294843517244,C41,0.913224032600745
5.034528565593064,C52,0.2995180550460501
3.761381262447685,C32,-3.5706432305910276
6.543040184769779,C34,-0.23784255702018964
9.722694510128349,C01,-0.5600392789101329
3.5830002138391137,C00,-0.8628620252049339
2.1961526619270444,C03,-0.0966567057642842
5.898819586727768,C01,-0.01956056107822468
3.630081645678729,C17,1.5048298626897607
0.9919719095341861,C34,0.6554454561130862
2.7889874135144055,C53,-1.3179739763414244
7.375007558148354,C09,2.125722167671611
5.871812973637134,C22,-1.1033592497133171
5.339321061037481,C53,-2.190825621710975
0.08761505829170346,C94,-1.5037751559838632
9.6985809574835,C27,1.248441729721149
0.46559858368709683,C02,1.3644629576977159
0.5017878115177155,C76,2.334465962567704
8.531288160011172,C90,3.8936972388493274
7.439792931545526,C01,2.1401734357778937
0.7223465130664408,C04,0.27548359143411405
6.199540230445564,C84,0.0755797641471671
2.0506636518985033,C68,-3.834662173131945
2.385054563637823,C65,0.786965446518645
7.29866846697405,C94,-0.3966953085636442
2.991205360740423,C23,-2.337941551682972
0.35080953501164913,C81,-0.4881333201502228
0.6313175754621625,C95,0.1928675998795029
6.6610479657538235,C90,2.3247747075563625
5.546370663214475,C28,0.40406781905520184
9.878818814177066,C21,-0.6604356006566712
3.1830161437392235,C57,2.4867339195345974
6.305293971672654,C58,-0.06907171424545311
1.478824659716338,C17,3.1612546573289437
3.782772645354271,C54,0.13324459018239443
3.0441473610699177,C96,0.3619125548143196
9.33011319488287,C74,-2.1120768631255014
9.636784088797867,C81,-1.6210171871292198
8.508467951323837,C30,-1.0712535277528268
3.602354573085904,C09,2.220650457077366
0.06594307022169232,C01,0.9801438098006304
5.520592872053385,C15,2.8975457307979995
9.85239200759679,C18,-1.4081274985215089
7.669438638258725,C48,1.8146368639427635
5.766536651644856,C00,0.8770415481650696
9.416185778100044,C49,0.2579667585946299
8.456190542783588,C01,1.5687040631639186
1.727207105141133,C00,2.1409866925054932
5.108501177746803,C01,-2.4665236722072015
9.316966985352337,C74,-1.6039832184492524
6.2215137598104775,C77,-1.520806427479379
2.80423502670601,C10,1.0476953451407953
4.999641622416675,C21,-0.5642357009604152
5.999725952278823,C50,-1.9729299297913232
3.5865884204395115,C04,-0.616231441089563
7.181403392460197,C00,0.8475779837087104
5.74392779963091,C09,-1.1538058115017313
2.1472013508901,C38,-0.1353441047764935
1.6743148281238973,C05,-1.7933718680844153
4.652793039567769,C01,1.0518480226688554
4.54749597935006,C63,-1.1850140310506525
3.2835337123833597,C87,-1.1257840452160508
6.890074429102242,C34,0.5979113536890667
5.371792702935636,C95,-1.6913394011658407
1.2727227667346597,C35,4.66320342414065
9.942918305750936,C00,0.806705463220198
1.0697628953494132,C17,1.5642706269884934
7.729062547441572,C09,-0.9817855819219035
3.3996992697939277,C11,-3.377031601425818
9.206666147802025,C20,1.3523660064911012
2.8474545385688543,C76,1.2352608713201265
9.790226358454674,C51,1.2090544851323402
2.0631734025664628,C08,-0.6158350958414784
9.456559878308326,C03,0.8425914741069993
6.786348612513393,C00,0.9592467354742821
7.41390802199021,C20,2.5723569978016116
2.2966160625219345,C00,0.7757443329007068
8.78112354548648,C02,0.3969886286149862
2.2059214976616204,C60,-3.0339615371866593
7.3624384589493275,C96,0.7031606045507369
6.4415190438739955,C07,-1.0978952835820663
9.384303870610893,C00,0.7141909692562161
6.885505726095289,C80,1.3170418784841371
8.096840931102633,C27,0.8541807055585515
8.86253401869908,C04,-0.8221704606408289
5.391856143251061,C94,-1.1358285213795973
2.2110430686734617,C21,1.451970922892467
2.628962891176343,C78,0.9257981659003262
6.704441935289651,C03,0.5986056951574539
6.75465936306864,C08,-1.6781375891643955
3.229829741176218,C01,-0.12914861279569567
1.077178232371807,C11,-2.798111329490518
9.301665488164872,C59,-2.5008428540170655
5.788239524699748,C84,0.017581591306981226
8.199594807811081,C60,-4.850011873027496
1.9547282182611525,C91,0.6385941106150359
1.9859467819333076,C08,-0.5954658045890023
7.666669471655041,C21,2.0605562722042783
7.6416950463317335,C19,-2.024513528914579
1.76007583970204,C12,3.986254157404449
8.474624347873032,C12,1.9255216652024392
8.545248936861753,C06,-0.1534930553294464
8.130362937226892,C41,0.49584493210833236
6.842706468887627,C00,1.2426821605527552
3.909016796387732,C23,-2.8530354553473174
4.755809959024191,C36,-3.0410941068731976
6.50136370677501,C00,-1.0104510795833264
7.41401958046481,C38,-0.7799414480254294
3.5300815547816455,C12,1.6372523809791864
4.986039595678449,C33,-0.9301295488547422
5.542724844999611,C69,1.3868717525666319
8.521685169544071,C03,0.7582463345272954
4.032418716233224,C15,1.2130804698594904
2.0027541904710233,C14,1.129129163113351
0.976949748583138,C09,1.689105468179649
6.574577309656888,C75,1.1610456606359956
3.3097697561606765,C09,1.6321184982195414
2.2301012580282986,C91,-0.05802831500685707
7.096020968165249,C49,0.0646317004431663
2.795699071139097,C02,0.8348336790189566
2.7576947095803916,C03,-0.1881833053922427
0.6805105903185904,C12,0.9528837118358457
4.792303440626711,C20,-0.9771152937887566
2.5088162953034043,C49,0.5773510673566565
0.5693865031935275,C07,1.0550979215067713
6.702984918374568,C17,1.6969277958268896
9.995457958430052,C01,-0.3613329440313817
5.110082116443664,C10,0.747884540150457
8.03052430273965,C69,1.9022417513391068
3.6334002227522433,C51,1.2786044979335038
3.254306062590331,C12,1.9332908652678698
1.9102022191509604,C71,-1.0108657872456503
0.7043219264596701,C76,4.686659138497605
4.978699188213795,C96,-2.693581766491992
0.9849892440252006,C03,2.4320628906499397
7.8053496847860515,C02,1.7242423446049713
5.876668109558523,C07,-1.2028389179534495
4.368900484405458,C35,1.1091281005252058
6.214251825585961,C01,0.1648172971835904
2.2225485160015523,C09,2.9158851484656276
8.044485116843134,C60,-4.013968308856754
7.044715010561049,C72,0.20228352439094754
4.295874789822847,C56,-2.1142446683448957
3.816943415440619,C79,-0.6258824768985233
9.241292786318809,C41,-0.2235895351824495
5.590127615723759,C36,-0.8021056032260089
8.187365168705583,C39,3.387970697323213
9.98501286841929,C59,-5.095431215883336
6.721622592303902,C10,1.4224450159249828
9.711091169156134,C16,-0.6630620070737127
1.5541417011991143,C29,-0.20181155089308245
7.060548989102244,C46,0.4031075216190779
8.84000959340483,C87,-0.5319858098104868
0.5005428823642433,C64,2.1074765852459656
6.266190696042031,C08,-1.0987171401286167
6.127073862589896,C15,1.5706968252588072
5.059644333086908,C07,-0.10201666486549654
9.66625508852303,C67,-1.048509112671077
0.8560452004894614,C07,-1.1956326300589626
2.0617581414990127,C56,-0.4426719663688766
2.481811880134046,C13,-1.2504165914579102
3.2189807132817805,C32,-1.1086146630456395
0.15082440339028835,C17,1.0053138668677895
4.432966050226241,C81,-0.7815974313234085
1.7927035340107977,C44,-0.061866717907603536
1.4939769660122693,C56,-0.6884221675999577
6.688000857830048,C14,1.003339165047461
7.102236752398312,C57,1.402394334080131
7.451032930985093,C01,2.524322493592157
8.35326996864751,C27,2.493038904179193
8.912785721477121,C16,-1.3566535922314351
4.995196817908436,C00,-0.6188771255123025
8.952320576645434,C14,1.9326446867906122
1.2666084640659392,C59,-2.678923321588997
0.3998710075393319,C16,-0.42811278408122555
0.8680650894530118,C91,-0.2802788188667412
5.640626240056008,C85,-2.9975246476602795
1.1325116897933185,C00,3.2950044259780444
5.143337259069085,C61,-2.7178039632791595
1.9949074904434383,C14,0.12090624573557573
3.297988304402679,C95,-0.5085267792171628
6.678626700304449,C87,0.6427608703565255
4.484320376068354,C92,-3.906413100192664
5.623093408066779,C58,-1.2610486242420875
7.254825350828469,C10,2.0781439298610347
9.386339511256665,C01,-0.24220711993374922
6.479063364677131,C00,1.3198223619809795
5.987784871831536,C82,-1.293415105643948
2.3793451115489006,C55,4.51361442201588
8.092334202956408,C01,4.375032128027863
5.432286425493658,C04,0.6711385633368262
7.259905096143484,C34,1.7906495336571369
6.131558024790138,C14,0.48021221543776255
8.122485831845552,C55,4.825595649202625
5.7874588295817375,C64,0.9442455919975501
7.339237709529698,C66,5.016972983458171
4.46782796876505,C00,-0.12142465550469961
8.557924316264689,C71,1.1986049215745909
1.0625484003685415,C18,1.0374845521025131
8.47427970264107,C01,-0.11407608215300002
5.618062156718224,C14,0.7338686471705432
1.7842646269127727,C04,1.363369598806058
1.2932949559763074,C10,1.680260011681938
3.8873695279471576,C51,1.0473128870543236
9.387347637675703,C25,1.9830811454904809
1.959207586478442,C34,0.24032996271999518
1.2886818731203675,C28,3.06404640171697
5.279956336598843,C91,-2.7916261860954856
5.095533158164471,C86,-2.7942367568538815
8.762059747241437,C00,0.045231109936970215
4.655426626559347,C00,-0.5245694540288134
8.75096995383501,C00,0.5311839990595564
5.632629110477865,C30,-1.491062286311582
9.5167191256769,C03,-0.5545609132415794
0.2869669976644218,C11,-1.994555049345043
8.478521245997399,C04,1.65692225460767
7.76935254689306,C01,2.85753961022548
1.5500547573901713,C51,2.493210886287221
1.4719383209012449,C10,0.6479242365943045
8.133524074219167,C60,-2.589827513914155
7.784439190290868,C01,2.0436196108235682
9.88351177657023,C70,3.4211087180272517
2.9523010249249637,C03,-0.3896391740970844
2.8165528853423893,C02,2.9214817717132515
4.477427517995238,C01,0.7014129069479123
1.854611283633858,C09,3.410825226096688
6.0907476232387125,C75,0.4164340551137789
7.44948664214462,C01,1.136024992097619
4.462071645539254,C93,-3.4766280481410266
4.650388793088496,C31,-4.967892251049576
6.017622442450374,C69,-0.2167788226816194
2.6248317258432508,C00,1.0706471757234268
7.278472913894802,C07,2.599101524039437
7.0936552388593554,C05,-1.4778827538198467
1.148660855833441,C08,0.02558294360501137
2.0243208901956677,C18,0.2270827346896736
2.2244039294309914,C18,-1.0761723974980772
0.9541043359786272,C01,1.6949206425274361
9.21277447603643,C05,-1.93440459355082
2.9988557333126664,C44,-0.9489553460616476
8.10448701493442,C79,1.8638922581487094
6.882699774578214,C28,1.6538483560586268
6.960854157805443,C04,1.787355587447538
3.751892966683954,C04,0.2870531903997811
3.2201479049399495,C71,-0.48176005681330714
7.28158607147634,C06,-0.2926819047215433
4.403311801142991,C48,-2.2476310800819537
2.0901906862854958,C70,4.877501746117508
9.556675576604903,C01,1.3829398612415682
7.96935836551711,C30,0.29282089481155543
5.878640890587121,C23,-3.6473391102039834
5.233444017358124,C12,0.18111462538800682
2.772169769741595,C50,-1.9622515174175765
5.807066219858825,C09,-0.5641803416466584
8.29309284221381,C20,1.6745364153939046
5.908151699695736,C43,-2.295179620433866
8.214317904785275,C83,-1.8951427679294233
8.561664309818298,C65,-1.9431230851756558
1.5796246938407421,C38,-0.3578221205967735
2.247225819155574,C71,-1.396183200179651
6.730723863001913,C11,-2.2860646626461136
5.078711293172091,C57,-0.8867590317805473
0.0999133987352252,C47,0.13204355548884616
6.522302287630737,C11,-1.8793077019197517
4.981798771768808,C00,-1.1080047005341993
8.453113452997059,C63,1.397930665301954
5.884635201655328,C82,-2.700170024931253
8.223148346878588,C02,3.2933590371336643
3.5068655386567116,C16,-1.7045416729710654
9.430740063544363,C79,-0.921800914278823
8.851954655256122,C01,1.7740866239636195
3.8319950504228473,C04,1.771885959740858
6.965701982844621,C08,-2.7528944834470175
0.7468822994269431,C02,2.237398393785566
6.740355836227536,C06,-0.23302736370419108
1.494608426000923,C83,-1.4682790037237954
2.0499985269270837,C33,2.160136193678161
1.9249123032204807,C91,-0.9642834872701651
9.21678947750479,C25,3.7699641542199966
0.8910013874992728,C58,1.0926346454123892
1.2035531993024051,C71,-0.4753801171139241
7.5834997138008475,C43,-0.8044635055814211
8.540338121820241,C04,2.2821870899858006
3.550665231887251,C37,-3.436173350853511
0.7820026157423854,C57,0.6854449674229978
2.059232145547867,C42,1.0294331242301609
6.990319422911853,C18,-0.9559229333094716
6.689266653265804,C53,-1.0086268984816993
4.140254436060786,C27,-1.5824929250565254
2.713830699212849,C33,0.0599378650909006
7.89207917638123,C02,3.26515895241789
7.509874252136797,C18,-1.0877473713911123
2.839878648519516,C13,-0.3176228443082818
3.798713532742113,C09,-0.04453807084590605
2.354024783708155,C33,2.7198986489645547
0.9957441757433116,C44,1.1056954939641863
1.7318092519417405,C19,-1.850545608753921
3.9575444161891937,C11,-3.8491122434476273
5.266389502212405,C07,-3.034909830303995
7.4502202635630965,C40,2.2490633425285456
4.942144595552236,C38,-1.8588969550212604
0.9379687905311584,C03,0.7852159554351456
8.545993454754353,C77,-0.3477981373879365
8.156035353895277,C46,-0.6767200407435274
1.2097116908989847,C42,-1.041181597501396
6.800225262995809,C40,0.7421856265411636
1.7252970556728542,C08,-0.11629560644050518
0.24107499280944467,C17,0.6542407609368824
1.0571615118533373,C89,3.816634324311301
5.92815387994051,C31,-1.4184915884514562
7.612723323982209,C01,3.0220275715728
9.529147050343454,C01,1.2337015021038005
6.1910983407869935,C40,-0.27076913930136404
4.775283106137067,C44,-1.4931892345230615
0.05855583818629384,C06,-0.9545286241817303
5.562050298321992,C57,0.4589935894244358
7.69864116795361,C01,3.275553294392478
5.717201577499509,C97,0.14696741120995555
5.358756557106972,C36,-3.313274431486236
9.319281054195017,C78,-0.9255446544189627
3.5658581275492907,C31,-2.0610488679390015
7.7674423973076046,C93,0.6835506744977069
8.981025826651603,C05,-0.8369464349612377
6.28772254800424,C56,0.07373507215396898
5.294522040057927,C97,0.6872180970997204
4.815559815615416,C00,0.721396114297562
2.452930244617164,C92,0.22253540070229294
7.9953580419532955,C01,1.6440869699100875
5.100984582677484,C03,-0.9668874528166947
5.719484819564968,C47,1.3956848902254544
2.069420253392309,C76,2.827096519081485
2.224514465779066,C04,0.3043553249001252
6.616703632753342,C49,0.2636401578336886
3.7824639352038503,C44,-2.8373403123263228
7.289878774899989,C65,0.47793330230619946
8.08554695919156,C58,0.44848365992166905
9.111903281882405,C90,3.5172524684042505
6.995041302870959,C17,2.6143491581014735
0.6731774425134063,C00,1.308876289042077
6.223745541647077,C07,-0.103860660590672
9.501909506507218,C49,0.7827320543701158
6.7274692840874195,C15,3.1029071522115363
3.2908410392701626,C06,-0.028819498637167484
9.423916982486844,C84,1.7598981191672896
1.4851659093983471,C88,-1.7804548508352247
5.420424456242472,C57,-1.1003410501806803
1.9386833626776934,C00,2.8237748115053476
4.899652726016939,C00,1.9500328761468269
1.706635041628033,C00,1.599847950517699
2.9938850784674287,C20,1.1680937096209767
0.8025406859815121,C95,0.39356154951184175
2.3542556585744023,C84,-1.4582639888105962
9.858969876077026,C03,1.423198879261806
6.348069023806602,C65,-1.756043870954389
8.91274323221296,C78,-0.4171863373796455
7.806537032593042,C67,0.42307065728223403
2.8465842735022306,C04,-0.14292472910259124
0.1252038893289864,C57,1.5245480497846018
7.255583566147834,C02,3.5881668837723075
0.13160898117348552,C16,-1.3485961907420854
1.9043006957508624,C17,1.2303190586745272
9.84065412543714,C66,0.9767221304660858
6.6667661420069635,C54,0.35011740782837486
7.130929627455771,C13,-0.6272264558499839
2.782120816409588,C62,-0.024526222361433203
3.561997087672353,C88,-1.1830286376935555
4.760907639283687,C72,0.27836885084605645
2.0526291546411812,C58,-1.9755654339196893
9.781758298631757,C00,2.1883988407097936
1.3912939163856208,C15,3.880348673276951
7.537861866876483,C08,0.47151392252016633
9.980992327909917,C05,-2.641462550634496
9.257522635161877,C52,2.8273085413473886
8.036610442213714,C88,-0.6047940208229201
2.303766447585076,C13,-1.7713418952521494
8.203915439080447,C92,-0.12663820669811732
8.92265019705519,C25,4.956045029599353
2.0747793931514025,C40,2.7153863850588835
8.098928069230169,C00,1.3937334434608846
3.310277049895376,C07,-0.8413424927249489
4.745395453646779,C77,-1.921866470391459
7.68318340415135,C55,5.587412063386239
0.1291022077202797,C04,0.3239299295582301
3.817728718277067,C98,-2.340211657745981
2.195658690761775,C13,0.12740688219093133
3.8927995203994215,C79,-0.44870072125787586
8.109368055593222,C27,2.2738078984163628
9.457543666940182,C49,-1.303705852082563
8.89204847626388,C57,-0.9929852949065276
9.440161236561835,C40,1.3382641070716663
4.577042830642313,C00,-0.7366659532070572
6.938731912523508,C00,1.765822502535234
7.188497472088784,C12,4.2943527631301786
7.98572936328128,C77,0.21400978064199438
1.9412362854927778,C44,1.1963035990353785
6.107719810679555,C10,0.2855389439017244
2.104243226349354,C00,-0.02844191628297632
6.9671591417863965,C69,1.884632700168631
9.492939359042794,C37,-2.952740503368432
7.576870808843523,C29,0.38260429737132984
7.698648166842759,C08,1.9274788295873573
2.5969576882198453,C20,0.987450645150975
9.228912468533963,C63,1.5257591719614485
2.0821876591071486,C34,1.7028830642486388
1.3572620740160346,C05,-2.227026961935007
0.41182962246239185,C00,0.810499213423455
7.896960850339383,C11,-2.578193598685343
6.098614928778261,C15,2.773892529071331
1.1112420028075576,C05,-2.7733396069276877
9.803925245068967,C07,-2.420311792300881
2.983963710721582,C03,-0.2915187455182011
2.690366832539439,C95,-1.0105853595373406
0.8866681531071663,C05,-0.6750641718462937
2.686934678349644,C77,0.9649397099537207
0.7704005343839526,C84,-1.044362527469119
4.8590634018182755,C32,-2.362462182156175
7.643367450218648,C00,0.41552511666139935
0.4765407112427056,C01,0.782472458707753
6.833138102665544,C53,-0.11665141535579099
6.949102107901126,C07,-1.412498665081925
8.875176715664566,C29,1.9582731885221367
9.418842063751072,C02,2.7631498097415275
5.804807806853205,C01,-0.5051597850840531
9.499463827814907,C00,0.9087727735241098
9.627444485668093,C37,-1.7665898901033192
8.785751285031438,C01,1.942370197390205
1.7495121387764812,C01,1.34421487914499
5.46723339240998,C57,-0.13173517438649085
3.3775739930570126,C00,-1.6892256216561932
7.440246164333075,C02,1.93419005511742
1.5535434428602457,C02,2.603881007492085
7.754048176575452,C01,2.3864423923602094
2.936304952017963,C91,0.9272876915400126
3.3797934115864336,C05,-1.7618756621561664
7.618735670112073,C70,4.347225185489884
4.488941121380776,C00,-0.9596549999519659
7.726644864305854,C20,2.8900545755352964
0.3209042875096202,C42,-0.5977872859332821
4.394063809886575,C74,-4.340384854388643
6.112199788913131,C56,-0.758754323978163
2.290020559448749,C17,1.766017451616649
4.213878265582025,C22,-0.5752137053164454
9.704527794383466,C00,2.2958162899681356
0.6095324223861098,C00,-0.41698666661535144
5.2087686490267515,C11,-2.0645153642042025
6.464656013995409,C04,-0.24448251062388238
8.177534844726324,C28,3.8995975721190472
6.158756304066628,C35,2.7768124642453498
4.311745902523398,C01,1.0708048295140686
8.04683750262484,C19,-1.8633667408728356
3.2683587167412043,C13,-0.9989025897190764
2.4389195325784385,C38,-0.890051902722289
1.502079942729324,C97,1.9573643549841258
6.407259278930724,C21,-1.2396983009702927
0.18570620100945234,C30,0.8865256524662984
3.8566612266004086,C13,-2.6853820319772104
7.9061173112131655,C01,1.1625980809579866
8.948580843862146,C29,-1.106622345615756
7.020212686620653,C46,-0.4645615093322656
7.751653029117733,C18,1.3002210550161675
9.90048985928297,C00,-0.6711271722250596
8.85844906559214,C28,2.4838811964608905
3.444320480339229,C21,0.20763502537275283
7.543996355962008,C44,-0.46122462720668667
8.57258448144421,C10,2.1125517134339566
5.629338312428445,C76,-1.6351826837183512
6.1031569400802255,C75,-0.625500638592701
8.619385838974267,C07,1.0099426331177315
5.675696623511612,C36,-1.3807326580469508
6.331245400942862,C78,-0.17539538287480183
6.804254958406091,C58,-0.8452978272247154
5.404220619238913,C05,-3.7827075135440684
3.327825900632888,C23,-3.553462788427651
3.6278951237909496,C77,-0.8411805298338695
0.6822308269329369,C03,1.7778089879771999
4.84004104975611,C06,-3.0413708597815736
5.037531112320721,C00,0.3033260765395722
6.8768513086251915,C35,2.5441627058004146
9.515623012557626,C00,0.4931459569884073
2.263421786483377,C00,2.593125524275174
4.2754848836921155,C00,-0.877638506922444
2.6683440105989575,C05,-0.5339219158168862
5.149986625183374,C96,-2.3582668737271324
0.7197470404207706,C09,2.8642192882679107
2.208490017801523,C03,1.7220467981077898
1.887710823211819,C56,1.914634056865316
0.6603310536593199,C09,2.92974882497316
0.4009202728047967,C03,-1.3723061222105009
9.637617149855942,C10,0.7581209644319369
2.371619369369,C02,2.605940981825731
1.4830330875702202,C03,3.1947228519002513
8.927202250342816,C00,0.4400052020012388
3.5684436676092446,C76,2.032606164766732
9.47197696659714,C00,-0.5579770053750392
6.567168121691793,C19,-3.1282658542982853
1.584649533033371,C89,3.012011955163681
1.0847573052160442,C00,0.13276547617993728
3.986104999203235,C00,-1.6637957114469026
7.1200866042636335,C56,0.9519222912784979
3.404288359452039,C06,-1.0370794574476931
6.3100815820507705,C01,0.7995374105725696
3.4571853140369058,C78,-0.8135845891873249
6.36553572723642,C04,1.052533803152773
0.2886210335418582,C39,1.9611815737926128
1.3638071459718049,C18,-0.11350827366315197
7.735784302931279,C04,0.9487083442836
1.7535240412689745,C98,0.4331670953023942
5.797186228446662,C79,0.3412178432422225
2.9227769537828863,C00,-0.3241576413367153
9.645694254431874,C36,0.38991001602716513
8.777360308449715,C56,-0.14040684215079435
4.635435561649501,C41,-0.5331327290290029
0.7370261894538999,C00,1.0835533390659207
1.045114602893591,C65,2.0193002685570733
4.201229789759964,C43,-2.7920480524523863
2.3481301590800285,C01,2.4812941748923993
6.391701840329915,C24,-1.4654043647718695
1.6761829471215606,C18,-0.14805309451714588
3.6928147450089455,C00,-0.26602248611363466
9.324370543472469,C00,1.324040931918093
0.49327902495861053,C55,2.464916139919058
7.796660426538438,C95,-0.7325290348829779
3.2908844924531877,C18,-1.5048912307191016
9.029054590500891,C54,-0.7579016336131827
6.160929875914007,C73,-0.08562398458071564
8.360981210134923,C01,2.2323336037589403
5.363472767639905,C44,-2.6283467284715
0.3957099816761911,C47,0.8782920001900814
4.859972151461989,C00,-1.0190260417314392
3.1554186739958823,C00,1.2363521251702112
6.027730943169445,C86,-1.487427411233492
2.0017509162425995,C19,-1.4738503426326435
6.948788498993963,C06,-0.3587158660202058
2.073460773099214,C16,-0.7484514764480674
7.850325328763574,C04,1.8645930199039336
4.99008710263297,C41,-0.8374615628009505
1.1732362071052194,C00,-0.7381056927592637
4.84427735209465,C32,-3.0785778772437107
8.954588803462684,C35,3.6782888012884887
1.9434064510278404,C07,-0.5627359235495363
5.936041271779686,C00,0.503735048768531
0.1533819013275206,C00,0.3481207340110432
1.5220426116138697,C45,3.894790532494239
7.524836144875735,C06,-2.748008890091045
1.7286924389190972,C91,-0.3524344079633498
7.974690734408796,C44,-1.2094405262095786
6.893047648482025,C00,0.44288042957973417
0.8709603291936219,C19,-1.1940439563719698
4.779836579691619,C04,0.26299812886874707
3.785717971622944,C14,-1.0891057840633742
9.384543034248054,C90,2.7547346521865306
3.3124644961208105,C23,-3.8271888733260546
1.1688656569458544,C32,-2.7297666847797335
8.291488334070891,C23,0.07165085846408448
2.256192525383085,C08,1.0050084559554784
5.376081059221178,C39,2.152638591015446
4.718969510868192,C40,-0.5590990374366169
5.317265309859067,C00,-0.565009088429858
3.2243347028270364,C86,-4.452765208880091
2.848270011600107,C02,2.9156175837196088
3.1029144558124244,C97,1.0979553263499007
3.273351560346782,C68,-4.206645533687511
2.7623159578070045,C24,-3.9794502326337056
7.744275480508804,C95,0.9263383793601742
4.5613200520165265,C95,-0.9737255147535284
7.6607928005978465,C14,1.8183008243850953
7.128714092541486,C30,-0.9198775858685015
8.753450259100646,C75,2.2385349355498247
2.650591670535505,C00,1.484753794314989
0.959419859573245,C88,-2.2997128777756823
9.97406458016485,C39,2.9263688707315434
0.8061175118200481,C17,3.0870304688108297
1.520602167584002,C18,1.0326340081790757
3.666922519914806,C01,1.4675458184947274
5.72199460119009,C02,0.692908618563715
5.792638577986509,C68,-2.7625432449504963
8.49215441616252,C91,0.34791497444217073
3.5661748377606273,C44,-1.3307741476275192
4.894876442849636,C04,-0.9809802217368693
2.0445636683143675,C02,2.074389204615442
6.470652557909489,C00,-1.4875776119967679
7.863085370045155,C78,1.5785977455756475
9.970764028839767,C02,0.8206790116230669
7.652492942288518,C45,6.2755328433664275
8.599370287265629,C81,1.9118232414822813
0.7415356091223657,C40,2.7296038716840667
9.028210402466357,C39,4.298079763066818
9.6485546650365,C34,-0.6153531135595909
8.577857238706201,C16,-1.7893092921488436
0.984295061789453,C02,1.808321045490464
6.641282744240016,C62,-0.10343245155738473
1.287975290324539,C00,-0.03093947474980574
2.697425165679306,C18,-2.8040311598524523
7.1412341529503465,C79,1.0053368416677708
2.6458930340595543,C36,0.14197016763649487
4.717916215304285,C40,-0.5291637724326882
2.058236738666892,C47,1.810192859705141
1.618951230775565,C00,1.0587801162134227
7.123267918359488,C06,1.4591087332579589
4.875197240617126,C40,-0.7196797677290826
7.666169588919729,C21,0.7367753073817723
8.439777041785419,C04,1.3792005677837524
6.547832856886089,C12,-0.033052367885861855
0.47583169071003795,C20,2.581041383295563
6.4273912739008665,C70,4.299763274481727
8.614206204656512,C15,3.4832674773095937
1.6842898889444768,C28,2.5713957053203993
8.313500871881843,C10,1.7710351546191438
9.05629278626293,C00,2.2649571507103414
1.6878012008965015,C00,1.5940488367758006
6.4936353475786746,C24,-3.626635107113547
0.7585231657139957,C00,1.3351730928134113
0.10584027273580432,C00,2.488233854863947
1.6001784452237189,C01,1.2413797812762506
2.9557261569425464,C89,0.27590072581191194
2.6471788994967937,C74,-1.8012159750099743
4.2897350480780005,C49,-0.8744922711538321
4.209997144062072,C95,-1.011019900208038
3.4233176056295633,C13,-3.208181097184006
3.9301508758217096,C07,-2.1038010373217784
0.3282047435641289,C67,1.3300884959457926
2.105831594672054,C81,-1.3574199239595086
7.5975440931506455,C80,1.2384592190769252
4.440523728262633,C46,-0.5801468754697341
5.610414801631123,C47,0.6305662935125709
0.4988026269711554,C00,2.7082755075401597
0.08773957379162312,C72,1.0237750058471908
2.0255859778262675,C77,0.2926485435484365
3.9748356956988573,C87,-3.097159331539583
9.4684524461627,C95,0.008139908963201048
5.3661458170972764,C33,2.180252995660365
5.888227771501988,C58,-1.2665700839514278
9.830800159834325,C76,0.05512364213908483
6.067508491687477,C13,-2.845319716344982
9.434882048517466,C00,-0.9010665411869393
6.6651265462860465,C06,-0.6195246021721178
8.893275740556419,C06,-0.798927671620057
4.405192197300494,C33,0.12623159074333712
5.645553397480398,C20,-0.14315546178258243
7.829546835273504,C43,0.8381314416700242
8.823547300416976,C44,0.1479761316050674
2.4888255074620247,C70,4.222521736030912
2.5864734733477235,C89,1.7644507830223473
3.739093872718513,C40,1.321006177380865
0.04680629586800933,C21,0.5777131330436742
0.7884170091710985,C40,0.347216311637631
3.4913152339868248,C91,-1.1226069898287137
8.767063978593796,C75,0.2956227618408305
1.3374250591732562,C85,1.5714268991803373
4.16388054843992,C07,-0.23222649226507874
3.8600738486275077,C19,-3.6847354504797662
8.022932528983802,C14,-0.9412614288400576
1.8605138547718525,C00,2.1140729798888436
2.2907221410423517,C42,-0.09417854882368626
5.820767800323665,C00,-0.12097305232494376
4.7007794957607985,C43,-2.786370636919956
4.357954822480679,C24,-4.366587896900651
9.660069523379207,C01,0.3368430610920149
8.969042317476124,C02,2.865023557500389
3.2018883852288127,C11,-1.83130924045334
4.98119656695053,C14,-0.8850740945610006
3.798478238750249,C21,-1.4433242307301564
1.3386630569584668,C12,2.186396683200445
5.099207106977701,C00,-1.444510134800367
5.352299218066037,C04,0.18543924165060974
8.123168973252177,C89,3.9831322878056112
8.841513509396464,C85,0.8967695842205919
5.433526360429823,C36,-1.0425597316199608
7.1217991365119815,C06,-0.8794243906624027
8.404088707175106,C72,1.793628900917505
4.310868685133755,C12,1.9542404725180949
6.6733491769991815,C02,0.43824527780377753
1.055059356149286,C50,-1.210793617637566
2.716884908732027,C07,-0.5306952664516525
7.527925174217671,C53,-1.419208179162128
2.8434152551926672,C09,1.2732982062203078
9.613859881646931,C41,-2.403323321495855
2.486709535587579,C16,-0.5924551823886837
9.943242508452386,C09,-0.06423561116546517
7.160744017455727,C31,-1.6583575218450712
7.601592824794352,C15,3.8676056847951648
4.666327191516757,C00,-1.5054516837374456
5.666753055993468,C03,0.19229794085790908
7.195238985586911,C24,-2.4121068117431896
6.445263330824673,C21,0.6796686044741933
1.2965521775186062,C02,1.081657305314718
0.6865258980542421,C73,1.7199083456548265
2.434220847208053,C65,-0.8934958671792466
3.144580873195082,C25,0.4509183286741356
2.497947986703366,C01,1.240066847840423
5.421654803212732,C88,-3.3375880886112492
4.459012451115996,C13,-3.483148515105631
0.14030040707439184,C46,0.04379336051771765
4.852894691284746,C03,-0.029042579798688295
1.4774555736221373,C88,-1.2209158219138874
1.4410107489675283,C72,1.416885776120986
7.330221813172102,C34,1.2351430708921152
9.684831388294697,C78,-0.395019369875406
9.51936898753047,C36,-1.0385226504629501
5.251048493664712,C60,-5.434120822556412
9.053280444350094,C04,1.6108768689573454
9.183623883873224,C47,0.952739023488189
3.2278227852657437,C16,-1.2913545981945562
9.572622729465365,C67,0.038530296858004465
5.187355550006032,C02,-0.848725362279358
8.784900358878076,C71,0.7095326119126911
7.059490301180631,C96,0.12939379187581207
8.314128620550036,C38,-0.16994110230005122
6.882637043017894,C50,1.7451637850327861
0.5307039734907448,C00,-0.4926814621841953
2.240353194065392,C27,1.3083605811900783
3.486546464264393,C76,-0.08580290879606411
0.06699659861624241,C34,0.2579770618116367
4.386228860821575,C24,-2.683079112082276
6.622248841449618,C35,3.286444943240512
5.722648242954165,C00,-0.6577836218245796
7.844995439518243,C80,1.3200716847885365
8.005658243782818,C00,1.4929906367453156
3.873127221595496,C00,-0.2987353820762886
4.647426272276789,C28,0.6904167116281256
0.7845308678224683,C39,3.824239877804372
5.434600594453514,C31,-3.3855215102135996
0.7725806906819344,C00,1.21841995432987
5.6172118172980845,C23,-4.266381956743791
8.016927721910179,C82,0.9450798909544107
6.453068498522043,C80,1.2573261053951352
6.849921417888254,C86,-1.4181592693547105
9.602442907635123,C41,-0.735937222951575
7.762571130879223,C91,1.2184084849048653
4.507099345792085,C38,-3.6320131317350848
6.47379134548828,C29,-1.4515952722423546
1.012524797115475,C66,2.0048178739056635
1.237012129276991,C23,-3.5091814788881237
7.584835859015584,C31,-3.2695157173196012
5.382105675525963,C48,-1.774464038050833
0.0899236835539341,C03,1.4640908968819955
1.2945154984481633,C00,1.71456138919668
5.279102674685419,C26,-2.097399944617565
6.55138625530526,C07,-0.6321355110615601
8.204900731798261,C28,4.027335803665137
3.856180051807314,C00,0.16778076760462274
1.5708317118696868,C11,-1.1945929475603723
7.528337182011455,C65,-1.2407648023413924
6.138250278308988,C23,-1.949381323496528
5.62581893755123,C59,-4.921429230389429
9.714094903320074,C16,-3.3566128301971014
8.377308098133653,C54,0.6607770338271413
7.828833274543285,C78,0.7867731091108485
4.680316026788205,C58,-1.8957888517948691
9.080025586299598,C45,5.74204214047141
8.784801149740815,C76,1.3803024256330092
7.612967432942241,C35,4.59618723544768
6.394001008011401,C33,1.9198437441046567
0.7222475856542587,C80,2.5765845490594
3.7598994956351817,C23,-3.3125119716206455
8.904804117046297,C45,4.261688033704302
7.325713622849435,C14,1.0309484329393976
1.8894228269346058,C95,-1.2366669074406218
5.967714404687285,C68,-4.449429788184134
0.8858647546730936,C91,0.14387858692869332
0.5422169365920126,C60,-3.6092418580879135
3.451286880299449,C06,-0.24936132359779717
6.924552940763533,C00,2.714690082965257
1.0207955539226532,C06,-1.9466591680788086
4.753337686415762,C05,-2.3072000482205146
9.953363391105086,C00,-0.9423969530029762
3.9924680115655065,C37,-2.6097794522570656
9.979079831391573,C81,-1.3331544925921957
9.352531109470874,C04,1.8542355197648286
2.303540126886219,C39,1.1835204589935642
9.75948441773653,C06,-2.563614867528165
8.558776720892638,C35,3.92527676791638
5.882580119650811,C34,-0.33131710458727975
4.657242354005575,C12,1.945024014389611
8.772229764144868,C02,2.725116722455656
5.437066489830613,C18,-1.5136403365999882
5.3657198790460825,C01,-0.25110600796530147
9.211087273433805,C22,-1.1470412714161664
3.8600797089748085,C02,1.4063740402506955
1.9553438061848283,C30,0.9466489641394549
6.877973184455186,C06,-0.25266750912979613
1.8494095490314066,C79,0.5098554896986807
2.0301934075541794,C28,4.826859489610787
8.927185379434377,C10,2.7430054012208513
3.061581142246723,C38,-1.2336313101664986
0.0031792791560292244,C51,-0.6671476335605158
1.9793439074419439,C72,1.7771626849648554
3.481527727562934,C46,-1.3799720102449056
2.514402032829821,C22,-1.387341337481542
9.658407610841095,C22,-3.658050518046066
9.807833943050355,C99,1.6490922050661663
1.1645776126533747,C01,3.4768407392541274
4.41585652763024,C00,-1.0651075816137263
9.744808124378324,C19,-3.383118542657633
0.6975678005255759,C11,-2.1637637137747907
8.704727687872946,C54,-2.566495010465424
0.03446197370067239,C07,-0.1531333272695079
2.5416819960810244,C06,-1.1773564953745739
3.324838113039732,C00,1.40455485185254
6.592237330041826,C19,-3.1525168832723147
2.321838680654764,C03,1.5566346560114268
2.1246934542432427,C12,3.3223508713469454
0.5244262982159853,C15,4.864423404549562
5.372692137025297,C43,-2.3896093359516986
3.158976782578975,C07,-0.6381257875112903
9.374490620102733,C95,-0.1610906306520546
9.528213976882398,C67,-1.182652300927345
6.362050783354789,C00,0.4930652099166972
2.25663922727108,C03,0.8319521334982372
6.608739814255387,C14,-0.23083127366396894
5.988750706892461,C89,0.8814613640003613
2.525059615727514,C34,1.1579428425583709
0.9733972093090415,C64,2.4070634675310183
9.332462176680565,C60,-4.288545773277247
0.6002804380841553,C38,-0.9223822739328685
1.5106050693430007,C79,1.364927701936928
4.666173341684043,C26,-2.9579186593603453
2.457390322815627,C18,0.501373396649141
5.373977769631892,C09,0.536392150262267
8.919743231963366,C61,-1.4722347984145876
2.7020262251608074,C19,-2.5284890370785846
3.9800817822106183,C26,-4.895594390561658
1.117931460030377,C00,0.7018757871740471
5.741734993644059,C44,-1.60018433968847
9.462300059385598,C32,-1.798405219071853
9.686935949139297,C18,-2.5756004070038796
0.1517291832715273,C38,-1.5965523714624925
6.638622337486595,C08,-2.9447198013171416
8.670602389611304,C16,-0.6511751233518461
1.8250281736254692,C65,-1.1135688764415823
4.211664840113372,C04,-1.9279945404915295
5.418591864872724,C00,1.5442437526546842
0.7622168655507267,C28,2.5616596487164256
8.914700341410935,C60,-3.302258691565794
4.010721393860877,C09,1.54932792804076
0.26903203688561916,C27,-1.1501385344164776
8.525105372536927,C72,2.9062628042990313
3.8708056416362524,C85,-2.011028984594501
8.082724930718541,C25,3.6602836212562333
2.6472102757543325,C29,-0.5985706817612186
9.657897530123591,C56,-1.1635157631039996
4.029395943507552,C22,-2.2120061348996938
0.23390047252178192,C02,0.1631550332786691
6.061146294232458,C02,2.106774348637204
7.659820639528334,C00,0.5795637822016527
9.337936020456254,C25,-0.5362405824953562
3.0943284975364804,C51,0.046088625456160326
4.185462810564786,C16,-3.2296370196345787
5.806225128471851,C28,1.2961550251202705
2.7711932989768684,C16,-1.4706855880852632
8.554454662371427,C05,-1.195408760014154
8.659389796666801,C76,1.4214666957377993
6.704919976182282,C05,-2.5424307098837358
5.986026648897678,C64,1.5013639354092998
4.865963296033442,C01,-1.5317130674766843
0.7132490421645343,C42,0.8040546724705349
8.479142631404102,C26,-3.3322710078543745
4.180088366847485,C53,-2.1265813999503105
9.146511785220355,C27,1.0456117499732094
5.156746364664286,C74,-4.28063826054693
0.8731706254184246,C11,-1.8228727996314409
7.0944718876853585,C14,-0.49370002686850145
0.8108102064579725,C80,1.713265050542905
3.679806322325021,C41,-1.5194527271358658
6.48141200421378,C49,0.7947028047428438
8.040294745005667,C38,-1.4553595869557645
9.561965100001544,C00,-0.11831971755309512
4.562098903115839,C05,-4.257141419549239
5.458642868325114,C23,-2.184392539787062
6.689947159029543,C08,0.02063690084301134
2.22820793511346,C68,-2.0846201454607765
5.735115089919418,C50,-2.714109328460695
8.651095211971551,C62,0.8267796179393552
6.366041419096291,C17,-0.3411926375048927
8.98780636722222,C82,-1.7369569910336016
6.154886977747083,C17,1.2561609823700004
3.2868941221386194,C01,0.994461379878975
8.066657846793532,C03,1.2349029355788448
3.6870995233766735,C04,-0.09597329872275184
3.5689734062179923,C00,0.7282604932733057
7.085974265355617,C74,-0.5817647416714533
2.395191607065499,C83,-1.258508567698352
0.3272909368388355,C51,2.8847584025901005
3.1043673027306795,C17,-0.8023250192441996
4.656808825675398,C38,-2.4158583839742684
2.8774995892308652,C08,0.4686303170976336
0.11527898255735636,C19,-1.9205954014497801
0.18050306010991335,C93,-0.5587686656374738
9.110298918094486,C13,-0.9485631001457885
3.7310401862487197,C93,-2.097661415867315
9.214931048918515,C01,2.9390192087435643
0.4112495621666312,C02,2.118685599969247
6.6468908078968525,C00,-0.6754459771577181
1.663287386763841,C44,-0.2429985279902433
8.28430323395878,C73,3.4416464634902972
3.7745028315111995,C78,-1.165600696700553
3.29603937221691,C14,0.550767584661385
2.7124120527878404,C15,3.9557464819962895
3.363612680695951,C07,0.05725112538010557
2.9654705547727644,C84,-0.9319403104796475
9.592685424722731,C34,1.0480895559102466
3.9488738286308944,C14,-1.6791208846606804
0.23256657179445028,C32,-1.6189239388542949
4.893539941404015,C36,-0.7073545384309633
1.23528917087242,C32,-2.360626209970746
9.27907817531377,C00,-1.018536182412172
0.7184173143468797,C07,0.35293793460028855
0.9518868941813707,C12,2.8401087232223334
3.146139015443623,C13,-2.767106055473244
8.066677448805422,C00,2.3975112218749026
7.089404424186796,C00,2.933380810464488
8.933902932330966,C67,1.1820688439641183
1.6229567863047123,C75,3.2365079355810424
7.986292445566505,C72,2.5676075952155406
9.497603171039373,C57,1.2070649551074144
0.8552703447639942,C15,2.8381330789493835
6.146325140725821,C04,3.7147607566792398
3.5187218501232564,C95,-2.5963806382117216
3.61205329420045,C00,-0.07780024146590558
3.704925726633519,C02,1.8644497119702432
2.41586099145934,C57,2.874023368355819
1.7997214989736676,C00,1.533443511898664
6.910667577758431,C00,1.9046798960053035
6.0457252082414925,C36,-1.4255794727213675
2.2703773411922157,C12,3.6046789905694774
2.802141655702144,C34,1.5870315029792252
6.054174478631467,C71,-1.4399513363281087
1.3116161245852709,C00,2.0704414605623356
0.9974703635089099,C03,-0.6183594353840565
6.147077844943851,C30,0.2500951467797712
0.264878673478961,C30,2.0468788686446726
8.394197395537049,C35,6.548928437749799
5.510615797247738,C38,-2.4208732952729983
4.4995147990994155,C07,-2.8951746828228986
0.8452267898246646,C69,1.3823722485980667
9.015833653975278,C04,0.594736036328948
9.129712597932667,C00,0.5393976139637369
3.756565870717168,C16,-2.165435738388626
9.394983879756182,C16,-2.475331821385671
5.85889452137053,C90,2.6521032208927875
9.607232317794114,C06,-1.6363001858130972
7.544037192128599,C06,-0.5963831102462863
3.7766757095232606,C01,0.012563307701436183
7.388443348463625,C04,0.6785288752128913
4.568975849542767,C93,-2.9547018927435165
3.4056682232767344,C01,-0.0057694446161656865
5.664633819833398,C00,0.3616600648375733
2.5839159544557333,C78,1.0885671372998942
4.93931187549606,C00,1.7848120751663417
1.7308223783038557,C10,1.5725760250446248
6.3711188663728535,C31,-1.946680613355216
1.874731422867626,C69,2.404953076791657
4.1032725921832025,C00,-1.8307744557837027
4.0670121484436095,C06,-0.1627341962214537
3.6951943417079747,C51,2.0080794567810254
4.89857284585014,C19,-4.376713118626759
6.2649668008089066,C58,-0.7556279710870003
8.155577431898564,C64,3.010995024629776
3.7709964672103524,C01,2.1848980748935336
1.906481678597629,C03,0.5449761969888078
1.7645979463122785,C31,-0.3932812124753227
5.936045267153531,C19,-2.879870084440253
8.599951837677509,C36,-0.1581665764004765
9.236223304178566,C70,4.7990127006109935
0.6736744474619627,C61,-1.2059879509148295
9.597464397083968,C79,0.9686856574360034
8.625681609846652,C78,0.13733256599952148
3.283609477803111,C02,3.0299124720734265
7.641182988882065,C67,2.4735488786307642
5.521017834544182,C91,-2.597310077506292
6.326843660790473,C39,2.1031286246713004
5.882274149917066,C00,-0.05373924620801518
1.931698340922594,C69,2.9602063138285954
6.229310198687017,C10,1.3598168834716824
9.80974858161062,C21,1.229518463222842
8.3258165162988,C02,3.554822430800324
3.847838598303497,C05,-2.7212042654217923
7.70570654887706,C90,1.0423515267585937
2.9202585527673364,C18,0.610728456443102
3.394887219183147,C86,-3.132145440846011
1.916395127773285,C53,-0.9095406910222129
4.514276820700616,C58,-1.7460316127512892
3.834407553076744,C01,2.441468925098857
4.224023430142552,C74,-3.374565531582654
8.89798486372456,C19,-2.821633201368411
9.483751214575022,C22,-1.7782151781751114
4.0893056290224195,C03,-0.16427041636759016
2.1573687344789505,C40,-0.2623556586044089
0.21519252564758062,C34,0.4841208530992548
2.315038926899433,C01,2.4094038892159766
4.282070491462946,C00,0.11647039444902751
3.9024791307747364,C02,1.9795888822523573
7.268012249842286,C05,-1.4450064237698348
5.238114434760064,C30,0.3451937250045447
7.0775919407606125,C62,-1.0213321950883552
4.92981662042439,C77,-1.7252691957895958
3.7268377700820565,C04,-0.19278146200111596
0.6758381053805351,C10,0.3513151921007529
3.241018014959991,C24,-3.1508365475128985
9.723033716436476,C07,-1.0532847656996764
0.7872010767459869,C03,-1.4046123418836747
0.7906337198801339,C68,-2.109763309236177
7.003786719869822,C12,3.982999106719837
8.95007069222629,C25,2.2866411375255358
6.77327545825392,C87,-1.8152403793229834
4.242019085213542,C32,-1.4378019117483758
4.418087126687169,C87,-3.107097625169366
7.601285804994404,C11,-0.8739763442291127
7.727995726745576,C99,0.6212851259884318
2.536721699871123,C01,1.0848698651217918
1.763567163143307,C54,1.0954854746565947
9.994156693574041,C09,-0.9049678314738488
3.984751149546355,C30,-0.5582859472049733
6.0113369836471975,C14,0.20246646990867773
0.3971999790519476,C39,1.998049611639614
7.1105003147386014,C26,-2.503578165552727
0.9558635530993342,C38,-0.9034020972561765
9.862801397684962,C27,0.6502760117918666
4.516344107687473,C61,-3.190689652917326
3.018579848576337,C16,-1.527658976779505
6.895724653732032,C00,0.7725763657313429
9.707085276022553,C25,1.1901899394768667
8.194268071092665,C31,0.5315127202909306
5.2832599892281,C66,1.6312411289300077
2.4888923298567533,C95,0.1244875505036078
1.9938661972992122,C13,-1.937085391304028
4.5014658104628325,C09,-0.2829334212950016
0.22067805752158165,C47,1.0420930978994636
0.9906740114092827,C00,2.061737781284896
7.423564810305834,C08,0.7124378119307861
8.34943663328886,C88,-0.8918368437779629
6.290400025900453,C81,0.5109214324227827
1.4702424127608538,C87,-0.21681189482399477
5.543534024618566,C51,0.4483773480793761
0.9881325671449304,C97,0.9929234873553707
7.06212721997872,C50,-1.8917434932156394
3.8531491602770984,C00,0.5718621031068432
0.6672840029932559,C58,1.4585060122449978
8.840994283091277,C02,2.486386856989506
9.232830265536904,C06,-0.3141040607745143
6.222302534151822,C74,-3.7042584659627016
3.5077304020524025,C00,-0.582473408450673
9.235323453322053,C38,0.13666149253798898
7.503787209279835,C21,1.1538418022739618
6.5055416827090085,C50,-1.5020552233849034
0.35000420873984694,C29,-0.8077971252369665
5.376742645166814,C11,-2.623559595953968
5.28196208877489,C42,-3.7865739114089414
6.497447649016976,C85,-0.25081266252347134
0.07533451309427619,C37,-1.7724218185773772
0.16307475278154016,C11,-1.27535358725323
8.976726057007909,C02,2.017952143139662
0.6959169753827155,C00,1.8369998117614923
6.411406011320651,C67,2.191220126132145
1.5679558040574193,C00,0.48347783867863847
2.4904699623584747,C84,0.8094012587461095
0.9841338195838034,C95,0.2841406218706587
6.189708050806075,C19,-2.0066626742173046
0.7084716903045774,C12,2.7042131952715094
8.967717927880585,C50,-2.6389138531147474
6.003422092180699,C73,-0.08366915558787077
9.43330961978063,C03,0.7057631812564832
2.0535277272574604,C79,1.3720750251387677
8.943108986131847,C61,-2.0757862797822595
5.0513302511535585,C05,-2.9251084995651793
0.8733862731605768,C54,1.589556857330475
7.409798784647137,C00,1.1162851840371362
6.9648479600436985,C01,-0.548399052256485
1.47614108864218,C79,2.1365762440906826
8.046951924916357,C30,1.8531297628199233
1.5660718036815524,C00,0.9542349383630243
2.454427285119891,C37,-2.2485656490744925
7.186154113151133,C75,0.1990613484370578
9.9315255577676,C16,-2.248946951958483
4.55927848815918,C00,-0.8138149221257553
9.790309085510671,C40,0.8223931884225333
5.490398379042745,C01,-0.8339694484241463
1.086959303356707,C59,-1.9437660058415052
9.716874866280705,C25,2.9248254062152825
6.813674715813249,C48,0.2694319772157475
7.641147444956005,C22,0.9411049124095251
7.959304987452924,C77,-1.2132080209241574
3.9680799352936447,C29,-2.5625515957727463
4.718904241453856,C26,-3.4564961294938747
9.63395472150296,C63,1.9163396553768441
4.5954753854312,C09,-1.2492126541065423
0.4799534729681909,C40,0.531310567537526
5.580588765442371,C02,0.8985298983384714
0.5162593279965222,C23,-2.5070715284047513
7.093748969491571,C69,2.5637859524151003
6.652472442947328,C44,-1.6128082795926262
9.563416906166822,C68,-4.073233606184576
7.681603408418596,C16,1.0038947125319941
0.42115326737985015,C83,1.9182369299843025
2.1661178045906126,C09,2.4900737143488665
5.690195530187339,C81,-1.4840662160282458
7.388478368520737,C48,2.0788641523662568
7.4546054704114795,C34,0.044881214145603976
4.187282319180667,C61,-2.1799220638228096
4.314440723974258,C83,-0.672399702599946
9.764574954751879,C00,2.225417143784507
7.559179214295,C19,-0.3155936689226486
7.782222963869572,C00,3.2938665672326977
8.424943420104682,C07,-0.369005310751847
0.47601300524547696,C12,2.43503589807927
0.5724330991506577,C72,1.8154638619532648
6.045405259355903,C20,0.7425156452486888
8.991701039485633,C38,-0.6165448835167675
2.564165098592639,C60,-4.439461144401541
1.8282322492450476,C31,-0.6473421115287343
3.512366481591016,C31,-0.6987178631892532
3.0395427718758583,C45,4.176230251735687
0.02304633380845189,C23,-0.8935723235837318
3.5724351601675153,C45,3.1812069289292713
0.09585385210812092,C29,0.038232864350510654
9.787959938403219,C00,0.060239573971702834
2.566121402196586,C01,0.7242842287376896
3.0425289645791054,C11,-1.6066440863018
2.1609224006533623,C41,1.4853764244032905
6.922656460665166,C03,1.4600816832825005
5.889627328142524,C64,2.29985722534836
5.288114135619253,C04,0.6629694967255952
7.867580477613956,C08,-0.7519902890350035
5.644151798915118,C08,-2.0354571426345682
6.452096253633499,C52,2.7044933028799005
6.30988281685859,C00,1.0123869193086668
3.622250568587333,C10,0.8570766195150824
7.01810589293018,C56,0.4952509913816724
4.090873070526868,C02,0.6739913279872144
4.300392714794725,C14,-3.181975492691996
3.2930596661753953,C63,0.8893429771539108
2.766976652201265,C43,-1.6321793860308238
1.6533113946206868,C57,1.7830385709696317
9.858728856779635,C61,-2.14533660653326
6.746300207450986,C51,1.4885593900313148
9.325702844653279,C58,-0.7164371487311971
0.4944798955693841,C32,-3.013725779101578
6.236738287843764,C00,0.6330192198933312
2.9675138788297772,C07,-0.09250054352048254
2.1775909792631865,C02,3.196681789315597
2.946587798651308,C77,0.7537329756997019
7.0342036709189415,C29,0.10303211399272236
9.488258946221322,C13,-1.311176096800613
6.450684319715947,C11,-2.424854519590181
4.3796399724669755,C45,1.4647012420948722
7.071384782902896,C54,-0.8461630465900588
9.824865895789117,C03,0.007648151744005877
5.51212593447417,C08,-0.09707625370679174
1.794879192020744,C42,0.7185306521354338
9.322546503972262,C29,-0.45676148383234105
7.699849584605545,C82,-1.9322077360155663
1.1667703045532107,C52,1.5108647223330194
6.884909407235682,C23,0.06285023553440405
6.38538878178224,C00,2.0881555747852607
0.26207340881228447,C76,1.0742280691057873
6.258220924064517,C01,0.5815418946757561
6.269308170303702,C02,-1.2485688597019262e-05
2.5921985669992864,C68,-1.5835234950359465
5.596025867853314,C39,0.7456067534051021
2.229753246065229,C97,0.5215142288771848
6.964340293779969,C10,1.3759562720049645
4.279709525872022,C89,2.49748186267763
7.840337224770337,C03,2.651317916415933
3.359159752726555,C01,-0.14478529298179132
8.550533023662865,C12,4.024551313893724
7.684528562240303,C53,0.6377188810841126
4.649764797650278,C88,-1.1894371126874606
4.69991545425728,C05,-3.5607662049725746
3.529410467017442,C06,-2.5470579841713707
6.006744592450559,C12,2.321021229942788
8.955025610048324,C72,1.36015604962383
6.68863088125363,C15,1.7781295567825954
8.53385858470574,C99,1.2398475856288023
2.5000049150548875,C45,3.667006450281469
8.595005618408322,C64,0.9130896957778517
5.412802235223353,C21,0.45357968961501133
5.948181729763746,C17,-1.6050625698863155
5.233058789744973,C02,0.724324030902392
7.208050834015012,C72,1.442229822254687
4.489607340656221,C79,-0.09003229902297843
8.376475973054767,C60,-4.492853860638435
8.400101829320192,C33,1.082303573642234
4.999065441079438,C05,-3.136777613112595
7.819134457968175,C00,-0.5580661091756562
9.230396405328065,C01,1.5216459793891741
1.8188797449693084,C40,1.3121206379148544
4.754739485215396,C92,-1.9258526807848182
7.429539924487472,C22,1.4146436990339757
0.31267446698620915,C08,-1.6843152858774482
5.435025715269148,C01,1.489154803524738
3.3173832832835615,C17,2.3841074692830997
3.9979737321846187,C00,0.015085795978352523
5.860339940991253,C00,1.1863070397119506
9.539912468753755,C73,-0.22733736147326944
0.044790785759687424,C56,1.163328033216466
6.050549221690744,C09,1.224274983186009
0.6071606837213039,C63,1.3910011378508524
4.8653091955929995,C20,1.1323591332300347
5.255399385932833,C83,-1.4911748658628343
2.69402245990932,C93,-0.7772531720651272
9.497889096383005,C18,-0.5919404240438368
7.861804538406432,C48,1.0980925788356708
3.40681936359033,C00,0.15793883112381735
4.872197909280658,C19,-4.0543111551806765
1.230981913395226,C02,0.9383091693405112
4.193023815751076,C57,-0.7613099428501799
9.323583571240306,C89,2.3426989123308664
1.5352437226101756,C71,-0.3656219919425552
6.1615582392551005,C12,2.2442112810641532
5.721819002646953,C07,-0.6459148786184671
6.01119713159278,C82,-2.302808799349061
8.318904957268387,C00,-0.7422923370286638
4.134326830971986,C78,-0.9774619609785302
6.927497747819871,C00,0.4675726796930515
1.322201055008918,C46,0.9720725872372223
2.5690529914572835,C21,0.48361643759400974
6.844842650461942,C11,-0.24908663941906073
9.604484203737229,C02,2.2178861590238528
2.1963846893049777,C44,-0.1695206063116386
9.24844699446112,C60,-3.6821275369420854
2.9174332530237734,C00,-0.7227055463004602
2.833791794255376,C45,3.026547625882677
2.275013087783009,C00,0.7846143379713604
4.916289758402854,C51,2.097560237725557
9.00188462343067,C86,-4.43442943814661
1.4435948571190238,C54,1.3202797308365888
5.389659984502941,C93,-2.736173042182418
4.2790164006873965,C34,-0.165563779058028
9.003299216274172,C00,1.9121885766013254
3.1155520887114108,C01,-0.04810743560041142
8.885242040269077,C47,3.249981451013968
0.22210698341950774,C14,-1.6488044685326968
2.4859065609052777,C09,2.0270110194865536
7.242857848759741,C49,1.624214521131772
2.7329600392840803,C40,2.7975713560975244
6.728869904763997,C19,-2.9539771823445737
9.612905760295689,C00,1.531577954403509
4.22372488072142,C89,1.516250776912777
5.001264114398509,C16,-2.3145299722233856
0.16601442825049162,C23,-2.281780296743114
7.815901678986847,C84,1.2279891665992466
0.029173060320317745,C07,-2.074986103644961
8.905921482946724,C40,3.054161677010798
8.914987889584154,C27,0.04862783262361425
5.107455970719457,C31,-2.12531111084675
1.505539589561522,C92,0.21942145132838242
7.806209612172097,C06,-0.48859176616593825
1.457148075569421,C47,3.520665617844283
4.741227941121906,C05,-2.9892590164093136
3.1816895632073283,C01,0.6132426063279426
8.505171001888812,C30,3.6201843820874293
3.3040419477038085,C56,-1.4625710839172377
2.9091141535900533,C64,0.2072511102462491
1.1022049514576793,C00,3.0144711397029518
9.147910745814443,C11,-2.5602955358478443
9.167004537303,C69,0.8279013506330474
9.180043684318662,C12,1.8234648282993537
7.8065579873509705,C03,2.222211761811259
6.829824377782643,C30,-0.9439530646423973
3.9722218574024737,C09,0.947274828105793
6.996616006363183,C01,-1.2969949872694055
8.063172039110214,C60,-3.4725138726716374
1.321500139310956,C85,0.09407004181133713
5.857487635221332,C72,-0.5916850295555354
9.030433644074947,C21,2.344427522211057
3.3049680991098285,C25,1.8673625806420262
7.967734448611736,C42,1.8449225595060488
0.44654250610619783,C00,2.738272965274515
7.7422846388071775,C12,3.2910679435042196
2.3300580703653395,C66,1.9796358273776185
7.669695105869323,C63,2.910365697042648
2.1283293259330094,C20,1.2903540576632748
2.3125028028152883,C00,1.2624754413858448
2.2056745691224933,C16,1.2962848956661044
2.5263677863404155,C50,0.18630656647709554
3.973913984373212,C00,-0.225347098549391
4.60327846230939,C27,0.640253779633998
3.022655611857772,C11,-2.3103707997407894
1.1252381606027484,C00,-0.024103205006900552
2.544754771515727,C25,4.490328936797005
8.230491867288947,C02,5.973098948524425
3.7243886315263808,C00,1.7561092773925
4.705504300072789,C00,-1.2388816137898893
4.512431619223207,C68,-3.3807843701518587
2.8350971918553114,C02,4.0860531967042615
2.7789163240231574,C00,-0.11125815537761041
4.525215702597052,C50,-3.123838378875253
1.922538394574076,C13,-1.5062105005984523
4.661109747830778,C02,0.8224445140912258
2.5048185139894485,C11,-0.4727510496642342
8.746676582377404,C60,-3.3837270727458373
0.4558788170106709,C52,2.643670330838427
6.58343963092193,C80,-0.24242261163118006
3.7161174206994474,C00,-0.7021441216882964
1.6679942631162703,C03,2.4183631621333634
6.959706253837794,C13,-1.9436924713359156
9.474066856782883,C44,-2.0424843839065976
8.348377575166523,C62,-0.9225716196760035
0.4962498811073601,C08,0.5409005378834
7.381836585700512,C35,5.427776583987035
6.014828295446932,C01,1.6358819621798517
6.2122423318214715,C00,0.9398477531254412
4.7854851628653705,C12,0.7118883363231336
5.176227258052677,C44,-3.1327699647689076
6.927729323506355,C89,2.080668927875221
9.367684642784297,C20,1.8853819861517367
1.2985440832562745,C15,3.442219604323345
7.1425641677342355,C40,3.5743010067136876
8.024051336105913,C75,1.2468610916102163
0.7690402306616306,C00,1.6637110611376698
2.3722127825021744,C04,1.2841295047814145
5.508388893213123,C90,0.6012069166339096
9.065961467567831,C27,0.7814320842477538
4.50630871579051,C87,-2.1853068748211695
3.9340422861278057,C17,-1.149118988731761
0.09310737950727344,C77,-1.6930425561056026
3.2070853910408914,C68,-1.9329422376640286
8.370455030817538,C02,2.214849857250359
9.102988431695849,C00,2.03327464660984
4.35981233837083,C11,-2.096592264836044
7.5655946671031415,C46,-0.9374359715113163
9.837189784739166,C18,-0.7414578873620399
3.9737092098221183,C21,-0.06518378177615222
3.7195405294187367,C00,0.08257429264560621
4.050882733426988,C04,0.65161968572418
9.016707860864699,C28,0.340861996227225
7.406984188128263,C08,0.4829697334775437
9.835932285059243,C12,0.33098984632789197
0.8717703889124095,C24,-1.6008484194040458
2.852047928608954,C67,1.6103903274372833
1.1486964859068394,C48,1.4823728497159707
9.10093777347356,C43,-2.3156307977867128
6.47793953306973,C38,-0.34667531197646295
0.1873859646730125,C01,0.4467809152431822
5.864704980049282,C68,-5.338780496170159
6.044008848257363,C14,-0.14363485228984468
7.50964779406786,C77,0.30170636602083534
8.167487306054682,C40,2.6658207136425434
0.647703311406076,C88,-1.83419788009296
3.3610735763795674,C50,-2.7902879670495087
0.3754387074150145,C76,1.5813661939318826
0.7966977078467607,C00,-0.19119468482152002
4.446087405085564,C43,-2.3233524096270544
8.319362478796393,C65,-1.029633090524927
4.550834933761507,C93,-0.7430927832751004
6.1031619482673705,C49,-1.4732295142510725
6.372039730194956,C38,-2.4875552427350813
0.6957121263258159,C07,0.6353058450909868
9.72162141930312,C12,2.1374743417019744
1.4422573591582477,C93,-0.15591791516749504
5.404177189338952,C12,2.6147734283919517
9.504996435716748,C83,0.7069863704490347
5.7690819120034575,C64,2.372248572600304
8.596661509945989,C65,-0.06081101365114322
1.7244835407473147,C34,0.37892312073049417
9.278959976509213,C97,3.290296378783025
0.06749025778844953,C00,0.6618103968352336
5.102477013133466,C11,-2.8127341636840013
7.097201626747847,C51,2.735366675472269
0.48534112982451916,C00,2.413049644210065
3.4103636885993183,C49,0.4029886547626461
1.4578764443285763,C46,-0.8235470173891324
0.22245928179472685,C11,-3.550942198203328
4.3043077969923615,C85,-1.864921044841703
2.8972850646823645,C56,0.006491793703062992
4.060759567655623,C05,-3.7747956301757886
7.196495556272566,C06,-0.5112406980508142
4.418330278713256,C02,-0.1452457319032212
5.929858526214957,C07,-0.21352057124886303
5.79248305875808,C88,-0.8470877675404952
4.382875862065703,C07,-1.1059266886040349
8.117198671679944,C51,2.457699853289111
2.0031165704131126,C10,2.2975341185646885
3.666272445116192,C45,1.3144656694531558
9.75271467352286,C21,2.1697959305649106
7.530795244965702,C26,-0.8194005913808184
0.9940481116063893,C30,0.5439484775590551
4.060812070965767,C14,-2.551577439524569
5.78898390987888,C00,1.0163892426807635
4.869369897060096,C19,-2.7747031819204238
5.193227732088417,C02,-2.266594261849726
3.5000421153381467,C09,0.7642727314185654
3.6586026521399617,C42,-0.056864822647758495
1.5950271487236023,C37,0.32769653679484023
9.616402995306998,C23,-3.798682023331176
3.5673577152192593,C41,-1.850701378577941
1.0513090691529214,C48,2.5545062712193527
7.1447892021387815,C00,-0.16042296871325812
6.270679424051195,C37,-2.22435406424025
4.286114466376603,C01,-1.1991291769377441
1.8856216571293771,C09,1.9737443092180245
2.346103556919843,C00,1.2214142954769163
7.241325376089662,C32,-1.5493268784810423
5.825744646135718,C91,-2.991802721400747
5.031410618685186,C33,1.9706492501421597
8.460959049407393,C28,2.9733646030545207
1.8456482840701938,C62,-0.4645630314700071
5.052523624617606,C03,-1.1629146168046665
4.176375207025558,C03,0.33289683908736356
9.27855420159176,C38,-1.8049603032853454
3.611143578309566,C37,-3.5140407673405623
7.557619493454695,C47,2.6365701901650134
2.1247095544822514,C08,1.3875672433312856
7.734681267756969,C81,-0.043100418929648554
0.4002430848777294,C18,0.6374999817650813
3.747454409021884,C88,-2.631104260483049
5.758030558936298,C92,-1.1369776490224168
6.5308681526221335,C31,-1.0640328550574059
2.6530406903475523,C67,2.2820859150101516
6.680299318395555,C04,2.461196378894895
6.044502649456263,C52,1.0521671012963982
6.15928505314514,C74,-0.695633709762608
9.213620878290385,C74,-3.288851030677968
4.6867796941660345,C41,-1.9406564710303784
9.205923911649734,C50,-3.3033735995283395
5.113617095630616,C36,-1.8335044904051025
4.399802889674902,C04,1.3183489169783702
9.677503902930766,C29,-0.7667004307833245
8.900828983169049,C36,0.2612364154645674
3.714495892636478,C33,1.3925814218966022
0.2575021074153483,C33,0.8649923185229552
4.098294379655272,C17,-0.015112039439262787
4.0404540416784585,C07,-2.890922687620856
0.14568225014954805,C56,1.4936567806201368
6.292913609649986,C79,-0.6621973368207827
3.4232319379225373,C00,0.7416951863101948
2.9335760790854692,C97,1.2628328579961376
0.955695838201791,C48,0.41193843251505363
8.991951690986753,C58,-0.5677344057113078
8.742592798080295,C03,-1.3918523696887897
4.504049778915942,C73,-0.14176699009830007
1.4657077845185995,C30,1.3805780643754595
1.8629208183847368,C00,1.4930434203591012
4.229636776726693,C36,-1.216101629607809
2.6951380725950003,C53,-1.9767639343635808
0.4340813239105046,C37,-1.9342301117400655
0.5744743114337325,C48,0.2042862209782798
6.278119068592787,C89,2.4283187801081985
2.9736521933227777,C00,0.3181406556304554
6.839657963719219,C22,-0.22033304474082738
4.820796342100948,C88,-2.1767636589240205
5.492322484496981,C96,-2.232700810970827
5.3884963830932975,C01,0.1918758071397408
0.9730976959690452,C46,-1.7592198864528297
4.357220311649144,C76,1.358681218376018
0.7867204723879695,C94,-1.0783797697186215
8.018349579069763,C91,0.9231407813240038
3.8453719369135797,C09,-0.4735934057235591
7.286551566794515,C69,1.6136280162210688
7.143323139753193,C09,2.3348972754827533
2.262556287460029,C07,-0.07316858720241515
4.705402085091919,C45,2.7873014005817858
1.5299774822779,C60,-3.4456365409137324
3.240389486309141,C57,1.4626478585161338
4.491463915910572,C04,0.22414801548060714
7.586690450552851,C15,3.397632723259735
0.8883025054819882,C11,-1.8618043420149692
1.7607703199610114,C91,-0.5551344335905475
4.91610090713948,C23,-2.12024547397243
9.325359782669693,C08,-2.81275389948341
8.762504002079368,C56,1.3591897852933172
7.641244777478278,C13,-2.0285682111842114
0.4961849167011678,C01,2.697781971588105
3.6003057658672333,C36,-0.31017592701005814
4.2011889279820025,C20,1.640314427794058
2.68787560518831,C10,3.4914703989209492
4.535203401464969,C29,0.8394263134434234
9.74665008019656,C05,-3.547762134673125
2.7403221209533513,C55,1.7209974573489624
5.790737606585026,C35,2.8173160098697902
4.508925941772759,C25,0.5396891605830025
5.288016276899725,C01,-0.18751416285812672
2.89690681733191,C99,1.2074850972226812
3.8946969085372984,C01,1.0340270981120911
0.2711469284258783,C52,2.4660161885201948
0.5712252203375101,C43,-0.13882145959978331
8.359816067386419,C00,1.5021855009889313
7.8351506614126265,C71,0.10760499886572583
3.633972576353699,C97,0.7558374348050669
6.70919411117211,C10,0.9475254980338752
5.40243843337521,C12,2.2935414462698764
3.7375316582620144,C00,-0.70959686187371
2.3759638844057918,C75,3.418836546970674
8.713196250610054,C02,2.1491765534639424
1.383897545747459,C01,0.20931159384008535
4.358083517290652,C19,-2.224389750655412
7.583042397163808,C48,0.3584644213289155
3.947676809038967,C08,-1.8413149190031093
1.767414656933397,C91,0.06891953143550733
7.262503639794886,C00,1.9856795297380927
4.445730224251747,C17,0.5004236214690703
5.512705156579614,C10,-0.7665805282459681
0.8533624955452979,C91,1.0217059900887742
5.67859877133742,C01,-0.9996544342485494
4.25814172020182,C76,-0.2175891040093535
3.4820702439174056,C37,-4.4883645849856375
0.795702263712883,C74,-1.1336576681781354
6.912408540956676,C08,-0.7760269588436025
9.498152735177428,C14,1.3913677061187208
3.752888785675168,C04,0.5026469766082853
1.1693078954704106,C01,2.675157804949322
2.663930270355195,C12,1.3964456303465351
6.400387031026185,C81,-0.14443257254200825
4.554348420351744,C00,1.2529322519962522
1.6489021945744753,C05,-0.8238286470686036
6.964744140859693,C00,0.5374780905857542
5.594438081607223,C11,-1.8530150419465934
5.835487248841673,C23,-3.6946162232575523
3.118049723561853,C97,-0.07696079398902889
5.042279839981347,C04,-0.9768954583203563
7.1407086960971355,C82,-2.2429140385197406
9.330172163899988,C81,0.7888280034806181
9.454399482347071,C99,2.3458709570071146
1.8056236091069877,C06,-0.3394366749375898
4.33521534781903,C40,-0.7255533516489524
0.32975530019029975,C60,-3.9458185898232867
8.330698653589934,C09,1.54959655742887
9.062654685694724,C70,3.952158564102101
2.0001408085227013,C61,-2.1365205676769157
3.758656431455165,C89,1.4807693681725111
8.88920339057222,C23,-3.6692616588875904
6.959708186332136,C00,2.189981178406473
9.633883470669389,C28,1.9833015207725841
4.6821204968728125,C00,-0.7016464651562418
9.824203378520906,C05,-2.2353538799743404
2.8844343754462898,C45,3.994615062205125
5.09260862134397,C02,-0.9049097741231048
1.1977408127859235,C95,0.8591451147340483
2.9906203085556626,C62,-0.7205232160763442
9.72206782316789,C56,-0.9085859555316642
9.575579271186143,C19,-3.735394293164382
0.9991529677063227,C59,-4.724706373165473
6.240022163838148,C00,0.5896371915358846
5.074164546094835,C13,-3.406033905792856
6.2698807986453176,C27,1.3339270412138688
1.0454136622138321,C00,2.068338107988823
4.475619455333799,C08,-0.3931362767074851
1.976491566747427,C19,-1.2047234291756221
6.046420470811427,C01,-0.48536554762364514
4.044399941340089,C16,-3.312792530325547
6.672930044587702,C17,1.8234276958300186
5.140572104137391,C89,0.822148675675257
9.279836085624993,C04,0.40408640810020463
0.3048687637783587,C80,-0.24422542617200493
7.931893465574831,C06,0.8346911559816884
6.01083469344303,C65,-0.6877296956175031
2.164016228634864,C95,1.6745786763972323
4.548162170685828,C00,1.6182407992329557
9.232529203873128,C29,-1.4340362130488131
9.057806546334177,C30,-0.33429149347101184
3.022543708793819,C20,0.7549417191155114
1.5853381832130253,C01,1.804866430542341
9.497974838595837,C75,2.884336206118072
8.942896893713623,C32,-0.27533162760877183
5.72206667624414,C02,0.0012175307731283613
1.1991271050646901,C55,5.981019427246551
2.3006582562811673,C43,-0.007716528675542789
9.285217919386923,C05,-2.8905853152982623
9.783207746222615,C84,0.32818051521946956
7.952200409490615,C08,-1.490854874880557
9.601197401061654,C60,-4.343119354376848
9.667703271843493,C88,-1.0486291325834842
2.712949470151216,C58,-1.0865288430023534
2.1623828378506005,C03,1.2124388457434603
9.302412124816328,C29,-1.2641659752241328
8.168426724150777,C31,0.13329100666845006
8.933861686382443,C01,1.021606034710764
4.750408958643675,C13,-4.568383351236616
5.844030086882412,C39,1.4210499051864698
8.628325297031552,C20,2.263683897503332
5.3476271172985435,C00,-0.10549406625550126
5.126174292527139,C67,1.1728838763359892
5.407323972322047,C03,-1.8401443545746945
3.652836843393743,C18,-2.299670501668147
3.704202896915376,C44,-2.180698684612293
9.091988883446902,C16,0.28219723646844364
6.417282479815185,C85,0.13021809582289412
0.6039779423736036,C00,-0.5091386927325225
3.5174620081670582,C50,-0.6201171434875703
1.1707247328013182,C00,0.926317628489662
7.489441386424005,C03,0.45045775469900284
4.111631950363517,C54,-0.7313253960742024
8.421337939798832,C82,-1.3072177778328216
4.926429793704301,C01,0.9121476697321734
0.9004520229063928,C25,4.255535671801936
5.277141074184328,C02,2.476741373036743
9.652060959488153,C00,-0.09590785617879172
4.835643097758293,C12,2.283772433648993
2.390085661318153,C46,-0.7004249272709313
1.1161881126463413,C03,1.6268799875571274
5.753943321760744,C54,0.3056842533357411
3.6531851161271334,C00,-0.9228546416853733
7.808129251934588,C81,-0.6199829857554073
1.772764348424971,C00,1.415640103617836
8.904313668608665,C72,2.100911213823585
2.2111189435236156,C34,0.5745531276106098
3.7918562022969127,C03,-0.09674191343087837
9.521319377236068,C06,0.6348531009219691
0.6843402842059731,C12,2.557433219495905
9.743232945911586,C97,0.8617847419004019
7.213900021743029,C03,2.7498031152267863
5.417363324668258,C41,-2.681055406710127
0.8621272747404873,C74,-1.562649771230493
3.194984132423997,C22,-1.0091310012706014
2.0523317879997194,C85,-1.0174462062919234
7.482220295350999,C43,0.10115612380278083
6.3869701395742595,C23,-2.988907438464938
7.982227294705808,C14,0.8863669929144682
6.22611743863672,C48,-1.5669692186762056
3.217247952707112,C44,-2.20533026655516
8.692824938334525,C13,-0.4079657267448511
4.219368689227849,C40,-0.47878486685668464
7.30400858912617,C13,-1.2248987762747763
3.8586802780628204,C12,0.05787287394260998
5.262686449568719,C27,-1.5499028442712213
3.8250168529339135,C23,-3.792464723613819
6.568545836489648,C46,-1.4763295522032682
0.625274027697742,C59,-2.268640034190401
1.7942892923019826,C70,5.885589263970026
9.098805990070105,C13,-1.6296439456123797
0.25662790751084685,C04,0.18740125239619043
0.5821534898132086,C27,2.327549833636848
7.709619500674307,C15,3.9744339012080854
9.68422077363357,C55,1.8516016288052297
4.632571265101433,C92,-2.735442049940546
2.5095682498067617,C43,-0.9173399994280105
9.962685606442392,C72,-0.1211877862941722
9.938125188928097,C00,0.0662363309139376
9.030089343432337,C00,0.5686081533272189
5.349724835250527,C90,0.7325611607347936
7.576302452944219,C03,-0.7123451899164044
7.401561818551272,C38,-0.7496165064709549
1.486591121647507,C40,0.7083113426634524
2.157291283365339,C73,0.44689814794760135
8.314499377738684,C96,1.5511900435656538
9.142029397189617,C03,0.08978875050873913
8.854771368205547,C01,-0.4110130974285444
4.101163081359118,C64,-0.4281445014344655
0.6411306490190327,C09,1.4853296711126953
7.389446722809225,C19,-3.0359581368747293
5.868110889568925,C00,1.2048681942689123
1.9797011720947921,C00,2.0507974652221783
9.612984214909375,C10,0.3854473921446231
1.1593533004634082,C54,0.6520154239367171
9.564411998726428,C10,2.001258756569397
5.816968511790037,C31,-0.7357334048296449
4.290338666178286,C00,-0.5924704792742956
9.608743044082075,C67,2.666305073565539
7.215632440056652,C48,2.701726787148936
7.91592973517254,C00,-0.433599255125074
4.076266759075224,C56,-2.2648123552577224
2.933257455006242,C01,0.4676323661851267
2.5286432076245546,C17,2.840933622111608
4.607187560759485,C44,-1.2848762386796226
4.6768688363954425,C10,1.7721048023789747
8.93749862210825,C02,1.757701084174295
6.086555290967226,C04,0.3777110849408062
9.788500592112541,C00,-1.5926627727241947
4.011983803939074,C08,-1.158053605800323
1.1685953917913139,C17,1.1375322796303688
2.5593485357239842,C68,-2.799892054948897
9.468061632942408,C11,-2.1143609184485044
6.785208489745855,C05,-2.990361214242757
9.047158947214484,C77,0.587392925978852
9.906574403867126,C15,1.3412171778933915
1.656365452799946,C60,-4.221905223956548
2.356169919949025,C15,4.48985593964018
4.014774782117456,C94,-0.577166770834578
7.849102278705686,C33,3.827601176613752
6.997369814198464,C29,-1.8598021961279347
5.497365957126021,C03,-0.46677050242345874
7.731581886764616,C06,-1.0494448089668564
4.179425393231213,C57,-0.11495483571492107
1.9164192350581288,C47,3.0579781539919537
6.576990536414087,C00,1.7856518648485662
6.675304998643696,C84,0.3166601049029868
6.666029547341168,C38,-2.2690848455840227
7.872340329922736,C04,2.188456963436087
9.459693976677954,C20,3.1196412511478773
9.81603475054726,C04,1.1825226894954453
2.1972738509066403,C79,2.870562470215828
0.95972795272246,C59,-0.8701780248144815
6.495992266573012,C11,-1.894283403829085
8.47834218526259,C02,2.076267160776554
1.078471930231899,C01,0.8076328083156467
3.9025902561843395,C38,-1.9008461077703154
5.934189909603447,C52,1.0118507160532184
9.854089121799916,C01,-1.7500526165259156
9.258861201815307,C69,4.6622253852432
3.314538437407464,C59,-4.411905998069942
7.08749471232295,C00,0.9315393065670143
4.7219173377379775,C48,-0.05884571626118795
8.488050380256027,C13,-1.4026578930500733
1.5895212907344103,C42,0.02263744848546345
4.729636360425502,C29,-1.416550177640624
4.158777710981667,C96,-1.0620291843632346
5.436525095719844,C30,-1.0916709352952574
4.654336194507778,C85,-0.07505869732149817
7.186070131137967,C54,0.22036724440904382
9.134568844456226,C03,1.2625127501384465
0.650340321008116,C03,1.181165723747457
3.517279177904129,C95,-1.978461093197721
8.86599860386923,C02,2.265615487237929
9.484886727295816,C34,-0.58936838181803
9.53489218140021,C43,-1.594799897621258
6.610878941137344,C16,1.0073284891108902
6.903598736971617,C13,-1.0751295957508447
6.2249023746699095,C33,1.9034341598118403
5.412167955655605,C92,-2.513186953742015
8.149075787514448,C07,-1.7911899841995809
1.274959878064692,C17,2.7817289674870436
3.9800092531368136,C67,1.167411440838104
6.727410005405545,C48,0.6016286246918138
9.811938423663378,C93,-1.0727158993987655
9.213235939387232,C09,0.3548558587035342
0.7832484203390777,C67,2.8933408280440913
1.5536801307462156,C09,1.5791524366504004
7.8383602923713624,C08,-0.10879871678830588
2.878725982736796,C32,-1.3924350483893229
5.723475811537355,C03,0.7357706545700384
7.0261741313152015,C92,-0.5707626538604751
5.512481906916946,C52,1.7812612333494084
7.330602772999555,C11,0.06489542331412701
3.1175023899413645,C00,0.05536421042960116
0.5918652191758156,C00,0.490514543419579
2.240574504248798,C59,-2.2273245150321714
4.835312750656158,C06,-0.7358290304084134
3.622072823345661,C64,0.5474970524288646
7.763504453469068,C38,-1.8509060319451474
8.749054896179587,C21,2.48830644017963
6.281200158409774,C44,-1.6391157942233918
3.7462885794229805,C16,-1.9972550613622706
3.999114567413926,C13,-3.3880354132410435
5.374251620378345,C79,-1.243797540180759
6.0988208767957985,C13,-3.014991017789237
1.7372331907972693,C04,0.49349344451042754
7.974751680158079,C40,1.7539611651019396
9.663204199168831,C42,-2.267489991236813
7.5878751068376005,C01,2.219514721601819
1.6556916665285826,C12,1.9841516780186654
6.678963906597346,C42,0.45901270077157663
1.118368492461741,C43,0.2849440043850708
8.91579202376306,C26,-0.7971618495799151
2.8124340483918786,C00,1.3835663784574002
1.8698835209943354,C71,-0.9336515120877674
1.5959965344518423,C72,1.9413203826260605
1.2465477176010609,C28,2.2725888602817235
1.3858062727376819,C09,1.924154212842216
8.295684361364692,C87,-2.045709716563753
2.2111122217029333,C00,1.659426495337937
5.441210544668138,C17,1.001620740201397
2.24690243601799,C03,1.367411385885381
8.27482032822445,C36,0.7043383128115531
7.5358716188929975,C82,-0.6084391992453878
8.152172050904483,C03,2.954776977628401
9.185787576716393,C84,-0.8153582264136274
5.480844751000404,C20,0.6924680820331295
2.5808241055347025,C37,-2.2907488279578456
6.824887995608151,C21,0.7109710957371831
0.7651710323989391,C14,2.944150589753114
9.630456110462546,C00,0.2241027798939459
9.021129538305104,C38,-0.7474242630873511
8.20389449596405,C15,4.332303515316176
6.23262430774048,C15,0.903006736572878
0.9667281690053642,C35,3.6532561823766097
8.14175229985267,C42,1.8900573989548255
0.7254089135676622,C02,2.7884590280285217
6.47114273859188,C00,-1.056452547049437
2.474307185038924,C06,0.3171538979671662
7.324255758430809,C65,-1.2059075394720205
0.1660766825079918,C80,1.1838022436765054
8.015004547778517,C86,-3.456044511007375
7.056936400476843,C00,2.0050496920180616
3.876580975484103,C77,-1.8230198397169184
4.249050649814308,C00,-0.3656104495707786
8.052425410132855,C09,3.8729771392298993
7.1545134810730815,C44,0.5625954366742572
1.0880762129090726,C78,1.2199045630823164
2.384621724486351,C02,1.0131990660790957
5.489483415149152,C97,0.9385414847763681
7.871614710893482,C01,2.2013225557612044
6.981858625076711,C36,-0.2973145463764719
6.824156055226922,C00,0.2769492506520639
5.81614034017548,C34,1.0178115684614528
0.7503009564243257,C86,-2.165640487303731
8.049084865488112,C56,1.1543502715280436
0.351564371958375,C90,3.7003938008231936
9.422737527638674,C88,0.2621149108212124
7.2201375546865165,C45,4.774254365084297
3.7701741489581764,C04,0.687832236520906
5.952329039573669,C16,-0.8121333473969864
3.1196081661619246,C98,1.1137767524875337
5.309331784956157,C86,-3.7270168504283703
7.320787108037621,C09,2.257683040079712
5.877123747486621,C94,-1.182539172405959
7.320274319499731,C03,2.405792917022124
2.235701885074377,C00,0.5160262487177876
6.974605524446815,C30,1.2544405816675486
5.524308360181749,C02,0.3870607410566578
5.757192079909146,C05,-2.787479136316378
0.3997430414892733,C31,-2.5619137648850505
6.395023239310831,C00,-0.03303163641050788
0.8410951518453658,C01,0.9600644095050143
3.7822020146995783,C03,-1.0117864169066144
1.2672561430372298,C52,2.844065685121193
3.55527265695855,C68,-3.132537730832048
4.2800449300557375,C04,0.4451099629535217
5.329113116022199,C09,-0.329500986167223
7.739512149710208,C00,1.6233922750790406
9.648794170934707,C30,-0.7508092970513334
4.22476455103606,C27,-0.6926632383949585
4.398677533026785,C32,-2.1718633311000985
2.4872321519069374,C46,0.6124733180597848
6.493458410259336,C81,-1.1121942455854759
5.362403648905456,C99,-0.9499464324243233
5.8488942962139845,C08,-2.974863169090413
6.458839371334761,C50,-1.295760630501538
0.914228823967278,C85,0.21050604737388162
9.151184735819697,C18,-1.0310304447825387
3.8422244670800865,C28,0.3239531982660131
0.6569992820732296,C78,-0.02593731648505157
3.3069437788799405,C27,-0.36395096240050817
8.475302471779287,C55,2.957797908050287
4.495335281826556,C17,0.11546946293067345
7.661631365772337,C65,1.6947224603783304
3.752884599380195,C30,0.989118359871621
6.158583106007427,C00,-0.7171661393772595
7.077871987130493,C93,0.5963325193248459
7.6901228982023895,C00,1.8066647619825935
4.783669263124466,C01,-0.48535973504685404
7.519562360830605,C51,2.808997796822565
5.992278710473329,C58,-0.07197093327979609
1.4984537614509463,C10,1.6002941552794439
2.673063089605421,C04,0.3251311622058005
5.7210197555832565,C86,-3.673860524657936
5.076346832793206,C78,-0.9818936518409644
1.8515431857667863,C37,-2.293211906568456
1.2572330771945417,C00,2.754535737310488
8.868367441464216,C01,0.6608131622009251
7.840390347409993,C47,3.022219502062042
2.4592775711789727,C08,0.17213176020394422
7.535623784642667,C01,0.6356232662679056
2.5647750357165933,C00,2.7296827848976664
6.7514044139534235,C90,4.067839852055838
5.033516536932439,C18,-0.4687642906888356
5.5009035230614245,C72,0.05334189234719602
9.135723426006734,C28,3.0745784502644744
2.8524533635936677,C73,0.12753694820883488
9.923336177598685,C06,-2.6058937031466525
9.842721237801015,C27,2.473107881018806
5.142637444660068,C38,-2.8594295454134957
2.7103013126179576,C48,0.36115619309751074
0.21342037012800574,C70,4.946881635833201
0.31752235954627395,C69,2.227286542976307
0.9613263886421919,C12,2.305525561859657
6.831254828721285,C77,-0.7688932808749773
3.2535401871427894,C75,1.3386374882158538
8.453485779464245,C21,0.10604554050138204
6.953945243731141,C40,0.5070180595130367
8.674145541153848,C87,-0.6173194033079245
5.98336361348629,C23,-0.8980747301140521
7.2944584442302585,C34,1.923990577344796
0.12754291761666536,C43,1.4907144553142357
5.508231164421886,C01,1.1755059379706083
2.5372285139746964,C08,-1.3457168261809103
6.755655659362674,C68,-3.818097774890432
2.1828483045101166,C01,2.365669441750904
0.48493171110749245,C58,-0.23463400638297427
4.2452490190044045,C50,-3.5493259388918226
5.208422557916492,C80,0.2789561999580784
3.444757121615112,C01,1.3904099800777452
1.7662861477583647,C67,1.0302113649630964
8.953626367729157,C21,0.8746322105143705
7.724385145120323,C55,5.022670433914989
4.683571795467287,C58,-1.573126705198963
4.913404092658311,C71,-2.4495286279067376
0.9449028922244906,C24,-1.8178983895044196
1.256588432006538,C28,4.533841182197471
2.0383359119296074,C00,1.2291494269341054
6.767680577468127,C39,1.6299835456967622
3.0076607409864664,C20,2.5157505811489185
9.849296782631427,C02,2.8030380084813418
2.8476205258630216,C03,1.8460677603249898
2.864420737605542,C00,1.1914125304195022
6.211047433316708,C37,-1.7749457009281375
7.693831657525152,C22,-1.062641744779524
8.164775711484253,C00,2.132211635711178
0.6790318340063095,C57,1.8872654244134393
2.6903985859826207,C41,0.7060175156435295
4.929939385037869,C80,0.3773962664578415
6.5030177240259945,C11,-1.1477518943901774
3.082747554872185,C81,-1.1431746403696672
3.5132186603732407,C33,-0.6790108037739107
0.2391553157940507,C61,-1.1614122838551075
1.840057137887925,C72,2.3232351209725333
6.2956548715010285,C35,3.1821981800934416
3.979398834053427,C00,0.12828300196480769
9.846963023301214,C55,2.4382401131620157
5.58172702556476,C38,-1.7107212241272618
4.824191220104694,C24,-4.640355483481828
8.58764123171568,C87,-1.6087985511251743
4.176708173472434,C20,-0.975279692684126
9.142788022290915,C42,2.3287055348839707
7.713189492933452,C71,-1.321458343369645
5.012917616404593,C01,-0.21410412329131176
4.547518591862172,C47,1.0736928145285198
5.708634413313121,C00,0.08921388138657173
0.27779533062130213,C32,-3.385370742299366
9.201176187489182,C37,-2.328438665549377
0.3776683774776757,C27,1.8818520299238544
8.670917367562652,C81,0.6753358792270608
1.089744868222624,C10,2.6191410339641643
0.5281603429466486,C93,-1.5767495257164552
0.024637675378471613,C69,2.579231667471727
6.759430286474526,C33,3.071155950489781
5.272172822151333,C05,-3.7922212658496397
8.810631814412773,C05,-3.4480678915386394
5.389352960046381,C11,-1.7921947972493053
2.865702898707241,C92,-0.4192366658015595
0.1639447035267949,C39,1.1237682020817343
8.4852862986736,C19,-0.5685242985270875
0.8247149526141584,C48,1.344779634617565
5.714090806432068,C28,1.6757362155130022
7.511377725750208,C00,1.7653312948884547
9.978558938018978,C51,0.6920620477491993
2.127976631745696,C00,2.414402978734122
4.003327044192702,C79,-2.4166260792807526
4.69063994474709,C66,-1.9465812146923187
7.39651839248836,C48,-1.4226241071915433
7.6165260607376695,C21,0.8950981195781426
6.476703896187246,C43,-0.19786370865576153
0.8278548181988299,C01,2.009996145744119
0.13121611438691616,C65,0.8037405070055013
3.59302343102172,C00,1.0066936180225332
0.4560549510642886,C62,-0.8709750348629549
6.157531146891415,C16,-1.3994277214845505
7.691675785463303,C01,2.272936683379945
2.8619728051126003,C46,-0.6026704447273847
7.608266610186547,C00,2.2731123784847718
3.588521801866591,C08,-1.7587084194093414
5.652522491291165,C08,-0.3930291386106841
1.9451664807274938,C96,1.2874743719434987
8.304724008776248,C91,-1.1067209200464458
8.983044878114015,C49,-1.5213992144881228
3.8879439514130354,C00,0.7339179375852786
3.7135077733546495,C09,-0.7774455723253572
3.7670138478279114,C02,0.5769576902968117
1.0084944078698754,C49,1.4467273906668168
0.037857170682400465,C17,1.5181015470076509
4.582377318292856,C00,-0.8268140695975548
7.463233608286828,C59,-1.7684976764447458
0.8838344202376902,C24,-2.831849566338729
1.7217478645034134,C00,1.5091098263615723
4.4727151351980865,C45,3.9622701886059892
6.31501448340714,C54,-0.8689939769766659
9.158940017223358,C48,1.2358443677312043
0.9375619702041149,C90,3.0653919919487644
4.355756631121039,C11,-3.0833447416741095
2.7758473227731884,C52,3.366885860121429
3.0492860870435834,C61,-2.3059626071918493
8.781388320494443,C03,1.4030787295755571
4.456362251657993,C08,-4.76402765482794
6.283957692794502,C00,-1.4347088886610635
5.8583723357878625,C00,1.2365684719237184
5.405700688716024,C56,-2.0343947896376458
6.835550738032907,C07,-0.7082937417373115
8.881566121708602,C03,2.002013700092016
6.92464584717527,C37,-1.1334431333119495
4.464243650436401,C65,-1.9237775929598784
1.8201531888917089,C15,3.7739790165332563
5.351942873094231,C15,3.4456767481863846
3.6638442776165903,C62,-0.16495519298880978
5.346316755749285,C74,-3.629185448490634
9.316001187544316,C03,-1.5153561174837802
5.3468648553825915,C04,-1.344441328676893
4.390675942413509,C37,-2.917347345737742
5.900548349600285,C03,1.641628556237149
8.408500591758639,C01,1.8137207361179315
3.325105917174369,C25,1.4151902593719339
1.6485597915016115,C24,-1.5482751162974293
2.139178120996803,C43,-0.5243020943294797
0.011202623136341572,C10,0.09737908283286645
6.56814252724871,C39,1.645195712145737
7.407427581492811,C36,1.4469961570889702
6.782018260564655,C45,2.674108834335974
8.742028267588466,C98,-0.9678470829893899
3.4246069937944412,C07,1.464676339860009
5.906689430121332,C71,-1.1139881134853018
6.621653900947422,C06,-0.08306298042949567
7.12448263540864,C18,0.6907891206952224
5.254733755718917,C00,-0.5421023384478884
5.00067061977461,C29,-1.1135965464080706
9.014481925405562,C01,1.7123704459259232
4.411206080112606,C98,-1.1970759623524418
5.377896383870393,C82,-2.988037296799537
6.196339847519994,C07,-0.9449314202285476
2.678827738855034,C12,2.3709608088873515
0.9025574987754226,C06,-1.8376680535337444
2.380937139969319,C30,1.1181340812475828
0.2140401885844767,C39,2.4918745314677735
4.6373485843651,C09,0.7312374433384415
4.943252361845225,C00,-0.11615781585566781
6.972944268491119,C13,-1.6514793368500134
7.187795729842037,C54,-0.13246914987501118
7.161515376064926,C23,-2.5540664600787237
4.017452972475439,C43,-1.9691776203698526
4.233942166902125,C32,-2.9211918446369323
2.485165058169514,C22,0.7343965786642324
5.1374772493727505,C03,-0.6284894052743798
9.594239462167025,C14,-0.924891448753098
9.91994965588674,C00,0.5439419592507884
8.221778823062778,C12,3.326024866832783
7.623478618916124,C65,-1.7651794238881313
6.748864888213575,C02,1.4214039986513942
4.466039401013404,C88,-0.5468798042361023
8.58667450491339,C95,-0.9920058986636395
9.541176171042025,C17,-0.5904072222083767
8.36225492414087,C45,5.1707819245691615
9.586485298350453,C33,0.7724515729004724
4.749811242800206,C50,-0.3670156800884117
0.01469799317419529,C42,-0.9705786123613998
9.032171247527003,C04,1.9349091508587568
6.086435348261148,C35,3.0136772027503915
4.671917462255806,C31,-1.9960885888584678
2.3746348288841546,C29,-1.2756808530716623
9.120091898366809,C56,-0.1256299273269385
5.95504600321874,C23,-3.425973638583088
3.4422840201295912,C17,0.9425717290268151
3.4150242689065635,C00,1.7572697498603564
7.294293905142695,C08,1.2536652434532838
8.38927652221173,C76,3.1622074833259317
5.3026462299749255,C22,-2.9176280094518603
2.4572692369110882,C76,2.2200483444052326
3.5960018006153405,C67,1.553741782828468
9.30387589847669,C57,2.1745130599657303
7.701487599406391,C13,-1.4526232076731893
5.223384143318981,C84,-1.77809644371661
4.719572348985821,C18,-3.613123865136708
8.80014793947339,C02,3.1137943269709467
6.0250739636830986,C23,-2.5724816880023704
4.217460313811898,C00,-0.14430700756064632
6.375494266394526,C73,-0.6367051474078786
7.082553643267602,C29,-0.8812940152810627
8.714716327376664,C00,0.9100671637219738
0.6208057655021548,C97,1.8540546084816658
3.567993442993611,C27,1.0276943692555238
9.03795528691262,C05,-0.79624312711074
5.471973118837923,C39,0.899181080313427
2.5303500588051975,C06,-0.43006955527580015
6.478259840514511,C13,-3.931035731493457
7.5051833828911185,C03,-1.055454694477434
7.134411497972906,C00,2.096978429385954
7.219939758069813,C16,-1.1186115429388224
1.928151163738221,C09,1.1337096098452664
6.062378080096096,C09,1.2158541213524756
4.133636746555567,C05,-5.189694406875592
9.151230512652546,C71,-1.66520734725321
9.296324702445418,C85,-0.8656890672797435
8.525232975371182,C41,1.4113610647172843
2.5017444347031415,C01,0.09823181548813897
2.6404317165724933,C49,0.6030680599871976
8.83122374303639,C33,2.316326705528801
5.7876006513834,C26,-3.163897294844479
8.676296623889357,C16,0.6283641889245211
9.65829849941656,C98,-0.35228050479768847
0.3190471907146275,C15,3.5706233834049863
8.152005083393306,C07,0.18858730879212893
0.5275548226200044,C05,-2.001373833890346
5.069653727114201,C17,-1.1386541545582054
6.910655749961734,C22,-1.5909712126554667
9.197460983414203,C01,-0.4144679396476525
0.6667333492077887,C09,3.0258424800501666
4.538731111679226,C00,-0.4657495229943958
4.180948371067643,C70,1.7855247906992275
0.10219364427030087,C20,1.877569182996979
4.617235360201448,C48,-0.8524905079484365
0.5085829482413828,C01,-0.13088007473745922
0.34034089650958776,C08,2.943474101588736
2.9976708302274346,C06,-0.21577989595092828
5.835041219834238,C02,0.7367897858106807
4.612324356567115,C26,-4.137952754383219
4.8390617850236595,C44,-2.9912503920044755
2.497485240455717,C00,0.9779589874720753
9.458251134492457,C26,-4.609863253319691
3.8958635390736163,C32,-2.009455345873338
5.0851587834768,C46,-1.3307190006721723
6.3439282844774425,C79,-0.8128397291305602
7.245677378959954,C02,2.303483083583361
8.7816402153112,C01,1.9954995666423212
6.237845567520708,C94,-1.8976951282241028
9.09147021593526,C63,0.17978706094988084
8.009299566037953,C13,-0.26310721439558815
0.27296360582113266,C01,1.2315786755529792
1.6109208832494915,C30,-0.09640544191387967
3.088316891808063,C48,1.3238799489548128
6.514530412387103,C08,0.0923955293425005
3.8691696571186185,C12,1.7722736283069027
5.624648013617843,C03,-0.4500682205892221
6.001303989905864,C22,-3.3041896112673372
2.547323659528047,C64,2.3734801978669298
5.951903581153601,C10,-0.6674764481344085
1.4548698742873967,C22,-1.2966658486741118
7.193367967847735,C13,-1.3324569413771872
6.608947203494608,C50,-1.6958561908754293
9.784323095809668,C79,2.874429078598708
1.9591199816204607,C69,2.2720994132169956
1.253803544677794,C31,-0.12265488169407479
6.602957644499838,C28,0.828187691456929
8.780718920752406,C10,1.3724932074952048
0.9422532981261611,C30,-0.001845892802290361
4.932162673212588,C00,-0.7112117562703666
1.6644531209021807,C03,1.9236783725099094
8.961728867143393,C13,-2.164408907901467
6.6176289296709,C78,-1.4364799649741617
0.17390491673722863,C03,0.1453238503745331
6.205344032496214,C37,-3.1149825472233656
1.8691366515122354,C00,2.764764190268606
0.04287022165954113,C37,-0.3877770597209229
2.278812548611313,C00,0.8114251845713636
0.411804118193686,C09,-0.3947150882814845
1.8178235506638885,C48,0.9697015095873986
9.527626561466604,C13,-2.714571624202925
1.7642482742667198,C88,-0.653510208299954
2.5566235929727554,C27,2.3896098307942935
4.372943930793554,C59,-3.4681501529475702
9.694415833801031,C48,-0.9002154780857665
7.214119476266205,C38,1.2037576640963406
7.994123115204275,C28,1.9176313940795344
2.140138023532927,C99,2.7007158950332264
7.423288028221577,C06,0.8256251430865882
3.35123585537076,C49,-2.299089178245318
9.822506844066083,C04,0.910879610257511
3.2506560091860592,C00,-1.7249424448167232
8.980778525583446,C66,0.9059282456598725
3.8532058894634247,C15,1.3532840311055163
3.604221777059138,C86,-2.355317970711953
7.007716333027929,C04,1.7590443812622487
5.6074471841566265,C22,-1.7651617051510415
3.612507290672511,C17,0.5762766206445011
0.08365339133888483,C00,0.330561379066119
6.789455444086343,C66,2.3220158187571567
0.4875577799975872,C19,-2.0836718849547973
1.3222877751104534,C71,0.00046544473012642695
2.3492593900300562,C08,1.6631983638145564
5.127736525610089,C32,-2.7306483503827916
1.4328083861619234,C55,3.1774498738013492
9.206447980832309,C50,0.37235513363793027
8.661962943151593,C00,1.6777001730863654
0.9297722228802741,C06,0.4411837635889524
5.772574453148991,C54,-2.2567687953126687
7.27689873194322,C17,2.166167390066237
6.343727079220116,C26,-1.7956533829323114
3.4944944200105965,C66,1.7533358782052058
7.832795605063438,C18,0.5762033085648621
0.009672155138105154,C05,-1.7943556178650433
7.744918195530772,C62,1.1964985984054712
9.957280280068517,C91,-1.722028519007807
4.149409118108451,C53,-0.4865167695971333
0.6311827921308577,C00,0.5127448901666721
9.199841220397502,C59,-1.6638183942419194
4.218446002341807,C01,-0.11761010496122651
5.683904241304845,C00,1.6307248897614666
8.648106751497835,C27,2.2779311443616765
9.27194147137925,C23,-2.4183645462788355
4.602188980206847,C24,-2.2521569853830057
0.36878095706924796,C01,0.4412571336080624
2.4396056681871414,C13,-1.5354360589322804
1.5657567349262536,C21,2.9008867814367085
9.586105307098478,C24,-3.764888725036676
6.767575421836227,C88,-2.219633165418124
7.3150321817956865,C25,3.9335590199981
0.9821317135356367,C00,1.1843445030966246
2.032108304556459,C63,2.500501589903052
9.217561669647694,C44,-0.5254396375710096
3.160207732580602,C10,1.595478091063927
1.7936745192855597,C32,-0.5807182322792173
3.686082342173904,C27,0.7130598587175297
9.788325980771333,C29,-1.077346168739543
4.032468076329678,C67,0.08167698277420499
8.635404861997813,C03,2.2060238094988174
1.1098567862063646,C13,-2.8473645145953608
6.9796052435413,C02,1.8880297864266846
5.730315060354769,C48,-0.5381978236233231
0.7899201125837862,C00,0.8835403124439
3.761951446067542,C43,-0.8038522144961462
4.229106274433434,C00,0.9168887508987719
8.879256374202669,C14,-0.4011956514738081
1.3449237449094653,C07,-0.45287804498216194
7.415149360895157,C21,2.1224981549390725
5.349491799715906,C12,1.4361693134371323
2.7063984191045165,C20,0.3737882743440306
1.374628881458193,C29,-0.05324688094311969
0.16508234199136496,C84,0.22500367567150936
1.032894121017307,C27,1.7561288115926408
4.03883951716125,C06,-2.9611210796876675
6.97278760606423,C82,-1.9317951924822652
7.813300511334091,C28,3.0109852003496598
8.4795704879798,C04,1.6236487088245362
1.7221302003599703,C08,0.1294022349275714
5.125180161558092,C23,-4.911548291938264
6.609552768059075,C89,2.1909612234210045
3.8199872779659927,C08,-2.0474533713503336
1.0727888671681285,C43,-1.2011817499618207
3.520302234683186,C81,-0.1733936145017898
5.890284227207303,C42,-2.16664019488908
8.15806363010779,C00,1.4849995341053437
0.42286400217562914,C53,-0.8645687444453036
5.218455272261053,C96,-0.8571228935902206
7.067838429939002,C78,0.3619149499529488
0.7221669424325228,C84,-1.2272437175227502
1.0324861598201096,C62,0.28677034094205184
8.710100397001952,C10,0.5213276277544934
5.847041392698884,C51,1.0524976694139898
6.411105613224208,C15,3.9208716614015744
9.03170969337225,C31,0.42794280066127066
3.38917471235618,C72,0.05939620107362836
5.969456196762621,C30,0.2849968538489539
1.6356572625227273,C61,-0.41292264986747995
2.102541208732873,C00,1.8868837799580147
0.5033388594165444,C00,1.2027573098055937
7.539138600695878,C69,3.1616193260528975
7.6419196161441505,C43,-0.6646278013971053
2.7038094215095043,C29,-0.11950876742066063
4.492091494612396,C40,0.6695511851106016
2.4299323023296893,C10,1.5884596522888044
8.068462444934994,C44,0.42774841621867077
5.4673737729899585,C68,-3.903108094702696
9.732548266183585,C05,-3.4319607325835584
1.271547565702349,C03,1.9431458726391506
5.498912618495524,C57,0.9818534073309628
7.527458204422146,C23,-1.8214277474771141
0.8500897814519703,C58,0.21724387460280684
4.45546074770391,C07,-2.273266297277541
1.2272799434140325,C04,1.0576182482072616
6.770705501548946,C40,1.9554079549137333
0.7975127827376127,C33,2.0923637199031453
9.96078270021826,C36,-2.742345888428714
3.703098844271153,C00,1.0838464818980478
6.135856320615858,C06,-0.8951326312739376
8.964651206042618,C41,1.2375077585729657
0.9857684792950749,C50,-1.4889462661424038
4.418871444649994,C50,-4.331177631193995
4.631184374447912,C59,-4.172206524369062
5.505897419061512,C25,3.264505615577937
6.258310379926115,C46,-2.206421539157112
0.20069825928658247,C07,-0.019041272550327726
0.21263315808027983,C33,0.7665524247209152
3.178411803673953,C98,-1.0115149514863646
1.4631740259937942,C98,0.1217655721105527
0.4165799147449434,C63,1.027185925177359
2.578949760645628,C82,-2.767278443986814
8.955763771664351,C56,-1.5453741408442705
5.594105927739292,C01,0.7382444396731798
4.135903173591942,C54,-1.2805588672834425
7.971690252888948,C31,0.41122776271327044
3.7691014911979437,C40,0.6610741788243266
8.816829607822001,C07,-0.31294329772070206
1.1340584373101592,C19,-0.3483548017765745
7.270480820443481,C11,-1.2087430616199548
4.526763113681227,C38,-1.9100029361357007
3.6819242034107447,C33,-0.465254482847861
5.470567254815251,C01,-1.5577238227652312
7.3106788215227425,C40,2.8061957107058664
0.012208591215312481,C17,-0.18687063405527493
2.8117313724942505,C36,0.452602678996538
9.009146036114544,C55,4.561925241543962
8.956591107416898,C03,1.084352584412541
1.2307057273574173,C09,1.6057519913741019
1.9758910033851862,C39,3.6969796865177114
2.922605276107788,C46,-0.8541497494630635
0.5515989847481251,C82,-1.5816929930544454
0.7392708351835608,C10,-0.694133117075018
7.564478539861739,C00,1.530831681928122
0.29738741694018245,C08,-0.38248748356310913
9.437074549496174,C84,0.2437881922920841
6.060986102093011,C14,-2.6624460574520876
4.13164816563949,C45,4.34269557496952
7.897764360532165,C01,3.3605537377496875
8.41387459775433,C00,1.6057645426874145
3.4578507649712265,C10,1.8981080246295607
4.221780237276107,C72,0.814393948370193
5.546427161898464,C76,3.599325427606346
6.646995963528752,C03,-1.2515863155209428
7.188550115097314,C76,2.9317642365530148
1.1548586189746857,C23,-0.07979318508013877
2.0813764864578843,C01,1.3029645775263068
4.656134732067585,C14,-0.3594438287502858
5.496361069381237,C05,-4.053265430612656
9.851877673063427,C39,0.10680968899931131
6.817856291308999,C55,3.388419104348567
2.948725470341742,C73,-0.4891220226264871
7.45080295484513,C93,0.3201717866698194
3.722427636384964,C44,-0.8837607858126403
1.5706107788719237,C94,1.036522374827349
6.370419522281736,C00,-0.3143282606439778
3.3044623862951994,C66,-0.012602221259726099
8.034070341382176,C38,0.5348534053152773
7.211138210259378,C00,2.578943717724677
3.885146405082196,C00,-1.3007452637971246
6.28924053395167,C39,2.715435403550186
8.521760711446404,C09,1.0434134836340978
1.2434922228567302,C72,1.6897869023508156
7.798850825056434,C27,0.7216959648950333
2.0377105358056724,C98,0.6231754694172562
9.152308627963066,C37,-2.4121918047633018
4.484205667395145,C01,0.4017575325494921
8.947660974226892,C27,2.6111353467331164
0.9109814837574959,C78,0.4992434481716328
1.7339020245708525,C13,-1.8378685035453173
6.675340263172984,C05,-1.4443002730055468
0.29145083390176296,C43,-2.123992125623764
9.801826276816428,C42,0.36764581585470757
4.347610087133944,C04,-0.4003039343077033
3.5862752120010555,C77,-2.1326087853501456
3.6911721201613545,C92,-2.509028426878343
9.462666949257255,C66,2.6302634180383877
9.971103151328862,C03,0.16604739057394657
0.5478097195737064,C35,2.388730031568488
7.270580807235092,C87,-2.5253265579892665
7.907392175402492,C00,2.744591857550823
3.4585209749639034,C16,-1.823974341602132
0.7163893152028322,C94,-0.028877381322704454
0.4014471056871116,C00,0.07664030835335467
4.869109014980495,C86,-3.174247933511757
1.4392121089622378,C83,-0.5574388582256863
1.3854504260234535,C79,1.7452266519028894
7.983178973663598,C82,-1.422181947650406
6.898278731387109,C55,3.1714799297607295
0.8022908307611942,C73,0.37473608158634764
8.820117942523211,C03,3.482800670739862
7.142347600311041,C56,1.6075275800666755
3.884768954012543,C19,-5.044663295435032
0.33288204576820135,C59,-4.1036749940554245
1.5270944172516465,C87,-2.0214117269324046
6.466598336119205,C40,2.193075206091451
7.375335083343089,C28,3.545612539002327
9.681668635457754,C13,-3.1176281244375477
4.43165784701705,C03,-0.46981394436051754
0.7497600396163762,C79,3.862353572305003
7.591131692752242,C44,-0.04937155463300155
1.914691524580121,C38,-0.47556194649578865
4.146222972776741,C21,0.07738778085638157
3.4874673234298825,C00,-1.3387926055995067
8.179309186525643,C00,0.21471228457060243
3.484506974928081,C66,1.1318833895382487
2.255665047559887,C37,-0.29926846222491565
9.602306394372135,C05,-2.2691114701049955
4.5776344975456595,C61,-2.6272204614235393
8.733084565028548,C52,2.5399219666380946
0.9216742310672998,C72,0.30228505620998813
2.568751440849155,C48,1.6326683190376945
9.72607507603243,C07,-1.0722511499505227
9.833319482859224,C97,2.555188051240398
6.863589545246214,C35,3.602961420262497
8.063736252952367,C52,2.2414991810178364
2.3649753141216934,C78,0.5121740027174864
8.833550706040114,C83,-0.7007182163065948
2.2768291109241545,C00,2.0670495777207885
9.889382501132786,C43,-2.2479116700160935
5.841241099406034,C41,-0.6364319360649281
3.536295851226896,C37,-1.887201392866347
0.5378022557124496,C04,0.5814171394898867
5.832833687309176,C06,-2.179004340372283
1.192549995612353,C01,1.9668338802649659
6.930951338727027,C32,-1.6113976597175559
2.6496105268597603,C10,1.1021660702914011
2.1741453371942043,C00,2.320093494849025
4.054846945218742,C51,1.6979216384991407
2.7864821860566735,C77,0.010884840274643648
3.898772019892931,C28,-0.682318388084055
3.6408784822560847,C03,0.03876160438172532
0.9669207688421011,C02,1.9484591944851823
9.549225894734263,C12,2.439707424269284
5.770980136003345,C54,-0.6538128035625992
9.048720656428486,C78,-0.2844105127220474
5.466072582639754,C10,-0.36019357495888005
1.8194277654401958,C28,0.9138291564483147
8.01038435427472,C30,2.144811932277067
2.7991767530329525,C65,-1.0428524495822482
0.997026925906539,C44,-1.073422813496643
9.361201343126595,C85,0.926331958893276
3.35871389368549,C86,-2.2709911268534904
7.400113858748227,C21,0.23850101567285442
5.401643649674952,C00,-0.4184287095041286
3.134963735938072,C08,-0.05740877273493361
3.485614184755832,C08,-0.6630841383876471
7.624770486727357,C59,-3.4173873133998414
9.041098430752754,C91,-2.151677713745009
7.049547829665244,C00,1.8180498080406384
5.128328015562147,C00,-1.54591775306577
7.97807453898713,C59,-1.7680443915418822
5.5312553979456425,C09,-0.8724681073151764
5.357451997697353,C12,1.526461780997645
9.65011990396306,C33,1.2860775800989614
8.725133470725268,C34,0.2766169000076136
5.941744970623404,C90,2.2433574070108184
4.060560443904251,C99,-1.499700228210541
5.185261177830398,C17,-0.029736417740863802
6.139979937579483,C01,-1.1032064420491516
0.19725315505638719,C96,-0.921724420765732
0.07720180787146091,C00,1.5997443059720275
7.138584074564278,C49,-0.4863510525196373
3.9663420454598963,C01,-0.880381956173996
4.7351266094483435,C68,-4.107118434337998
0.6035670824348927,C00,0.22032024294278407
5.920081420335919,C80,1.94413725623499
5.49746171804145,C62,-2.3687599076870653
3.3499915502034128,C08,-1.081591960809849
7.502914564684033,C81,-0.11240761713705094
2.4521688278764486,C00,1.6898994652604529
8.670242333319038,C81,-0.16050037353455304
3.86435589985922,C00,0.08564075677485197
0.2353716641664505,C01,1.1728019848809867
2.8118790476582944,C00,-1.3540577243146128
4.910705923102796,C19,-2.5845003080103153
6.54870736412704,C34,0.1078431052920146
3.2370571326464415,C52,0.6094706765946607
4.016495533287525,C30,-0.6585544053251537
8.317753877490759,C01,1.8274224708350988
9.242869501467794,C01,0.27640699081556397
3.8621801207773387,C16,-2.6570828436852354
0.9089643624611199,C17,1.2708105000035363
5.175246542785317,C11,-2.6360567796000134
1.84903628192842,C20,1.3696062737339751
5.367529457435012,C86,-2.773532363004805
0.8265613112598658,C01,0.9627220597916378
7.528930583503097,C39,3.8146523285968614
2.574415933340788,C08,0.4829328201516061
6.3566739577800035,C34,-0.23551748923216279
7.099894878920168,C26,-3.4479978073075315
9.752979660406709,C35,2.2398377935127716
9.873958197422326,C51,2.547195883205774
2.5727990199811757,C00,0.8896152862325486
8.0360640399158,C29,-0.38885930076893294
3.191922134719789,C88,-1.6178287400005527
1.6883557615801692,C00,1.0074610812922702
1.1934670573100448,C45,4.162451512001323
0.09041679557412863,C02,0.17594680082721714
6.27002805005759,C35,4.401870412597462
6.247326978482306,C00,0.05808944849009556
5.999982273206115,C06,0.9767479380703112
9.10704838577658,C19,-2.8285806783983416
1.9082159851677716,C00,-0.042075436179383585
5.865869321860373,C01,0.23322950399762155
0.10336484527215362,C06,0.11882411019731931
8.474306589923799,C05,-1.282677853917106
6.663800375536084,C27,2.5634728239488007
4.795911891851574,C00,-0.25426445005308007
1.5768982050940394,C83,1.1798222692139513
4.062104998156428,C24,-5.79741626484863
0.39952167542651296,C15,2.6988249154881037
5.912480873521417,C53,-1.084160193694641
0.5938651203177869,C47,0.8204779597942189
4.462069475557655,C20,0.5387924167337776
1.4863093476742506,C17,1.264821739269164
1.8354384833946824,C00,1.849323155008778
6.796748233027756,C80,2.994878638636879
4.166012825444341,C78,-1.6431467892949345
4.548294153064489,C17,-1.6224337057941056
8.170822558458894,C98,0.687339732083049
1.0734959598630667,C00,1.645291935850243
8.247160771861672,C02,3.1284189475636377
0.21402948070317507,C01,0.7017513631106311
3.3925204910337925,C79,-0.11819192456371219
6.73838431481272,C00,-0.7446870033184637
1.6005491651594639,C88,-0.37773480469683784
6.729522473178804,C07,0.9827452231469755
6.468971588183194,C30,0.9822022414868988
4.695855211466551,C93,-1.6357903571850616
7.650041240267456,C62,0.23077439291051283
8.479506282601506,C48,-0.5251040937825261
6.028841393999755,C33,0.4728060824410594
8.022205848246813,C21,2.1396805947185915
6.1637384770438075,C09,0.6472341559006027
8.700827185530216,C42,-0.9589220293147496
8.904713538940996,C00,2.7460590980089927
5.5213375692255795,C27,2.7443444194001003
7.46433041524142,C89,4.463511324164701
6.012711424846202,C73,-1.5271104634943544
6.7048116540536284,C30,-0.20616272819279335
9.798368662595749,C71,-1.5705926148531537
4.050900738220662,C05,-3.342641152291711
3.2793529611080885,C09,0.750181917028021
8.639364338014275,C35,3.9761621880699334
5.4669653763994575,C00,1.6878006048299525
4.61620535235852,C01,0.7665446329652008
0.8129338431172073,C88,0.7426518120353154
1.6860273061320186,C11,0.3594410149129609
4.601428797468543,C19,-3.3639885702335417
7.338443002663553,C05,-2.5304066193055013
1.6836277744732797,C01,4.242979188702487
3.1034419033676386,C69,1.790114591083559
2.3378018592484295,C12,2.28229185881499
3.8135947193950415,C13,-3.745876545082005
7.652165668550879,C00,2.92619633344694
5.8574633952230215,C41,-3.59859094444593
1.9340625358745456,C12,3.84334157508439
4.329662239179015,C15,0.6630589056074314
1.619792664423585,C43,-1.064321151370648
6.102424648124725,C26,-3.196154825414813
9.226276900153607,C01,0.5292489058698655
1.2794047221541405,C21,1.7872991475693112
7.813651019241661,C05,-0.9801700230567777
1.0336498613469303,C82,-2.0893416447665
8.944735708646476,C03,0.616813802069828
5.447122985497117,C29,-2.0439343488095645
2.931640821043402,C92,-1.169903168151821
6.063544929493219,C62,-0.6470916637638326
4.692744731437415,C67,-1.698793772413506
3.1107772537507117,C16,-1.0280236731477883
5.7299846527166665,C22,-1.1766054422926695
0.9828243404626846,C67,2.0396518009659497
8.935463819652796,C05,-2.5647205970514135
1.8822695198468864,C01,2.0614684504572365
6.997690259013325,C04,2.4952565719388486
4.269438683986664,C84,-1.1713362334513058
6.9039702555164695,C63,0.674360120865477
7.181385098956525,C27,1.5385595062189437
6.633603612426668,C22,1.165152372020396
1.5540841966867447,C16,-1.4947929601821586
3.7384341028518975,C05,-2.9410484483190515
1.575258627999574,C16,-1.7004267299345575
1.4175234106369317,C03,1.3584830919112032
8.785810160916299,C99,-1.0134894350742345
3.157210322096944,C23,-1.8042900374002389
9.033514466136694,C29,-0.3381277909658632
2.3825731314718723,C00,0.8308998334123785
9.006893723271787,C04,2.9831957029814173
7.991792389657348,C11,-0.12241687201874996
9.13906781701371,C16,-1.8458759441352146
8.8320426736027,C55,4.367194433159495
4.955245100427419,C09,-0.9505514718349491
6.9516932289116085,C77,0.09310673089856913
9.321553423069417,C96,-2.412711597676964
2.7104889997281134,C66,0.5436983659903525
9.253208977170289,C94,-0.5005029067235861
8.323839376680553,C04,2.206816617684593
8.889514964539558,C11,-2.3311556334348484
3.6589189525693655,C90,1.9710360688659354
4.288186924532056,C22,-0.5829047710910435
4.3267072341404855,C50,-3.702235768998529
3.8507557613775134,C15,2.795615552412365
3.4535196307115257,C09,0.7266612595402426
2.228985335677862,C72,1.6903815072113058
1.0233223484829068,C00,1.3391020184470435
2.5606212159618735,C00,2.1538088903975208
1.3463329384103417,C00,0.1108229692726368
1.1426047631539404,C30,1.380492559988385
0.7000852189958096,C04,-0.6475348233126315
5.793098036665469,C27,0.06405964056706828
4.192994760815054,C27,1.2377864369266338
0.9476151876151562,C61,-3.63406167458744
5.883628588635474,C04,-1.858190613257757
7.2323757177218795,C15,4.309392076937205
1.3850414217449725,C31,0.42674877782296095
1.3307190220803022,C44,0.2878832557895339
7.3684943141415715,C01,2.6440576559298394
3.5953753162175417,C11,-1.0369581560761973
2.932761514093727,C10,2.3520119385324545
7.865778591949493,C98,-0.6671524313592715
0.2748523512855172,C09,1.5425162773891912
9.70585849834606,C73,0.353416170696638
3.2654261752031744,C56,0.9496918269382173
6.63451719796285,C55,1.720485636368475
1.677544666454196,C03,1.0485943246227118
5.08616320323199,C68,-1.3134696897287466
1.9492133148014545,C02,2.5008542833523464
2.775815692730248,C70,5.436845479336031
1.1713448096998036,C24,-3.1303754886112474
3.280748079996556,C27,0.43508286322686995
5.566922654397786,C39,1.6177563368870491
2.398488859180361,C41,-0.98609984146876
9.974348861724138,C64,1.7666141354018756
1.5925768972374499,C27,0.6534607044164698
2.8147023799829185,C50,-2.1537495351749554
8.423874778673053,C37,-2.9335998621208565
2.712571460288018,C11,-0.672933865106839
5.4047633754089475,C73,1.808242117139977
6.4393066498450935,C00,0.6294293564573337
4.845691993832588,C01,-0.11152365583113609
3.650230406783521,C45,1.8190996463273532
7.4032683949917555,C00,2.3130030116627265
8.760528441052884,C97,-0.8510205001712092
1.25702632823959,C01,0.5618271369372125
2.2536011692136526,C05,-2.1639884124121602
6.775389353279024,C18,-0.7285816128756254
4.253223608247936,C18,-3.842198872754039
5.71536815026775,C85,-2.1715534601137185
6.2134100194089115,C61,-2.566811926244438
9.205972054041922,C12,1.7025628000441462
5.78108107438311,C01,0.09389318938413205
6.776933229994029,C00,1.4160945993186411
8.979720924980938,C62,0.42125468849278225
4.474477923940867,C08,-1.2176776283722184
7.2362985531799495,C51,4.131020412946461
6.692553185857832,C97,3.259109358992321
1.411873607430607,C64,2.9129432587063846
6.275000374298543,C31,-2.264257751406892
9.61772516136989,C11,-1.2338682589792827
9.683232649695128,C91,-1.045758048319974
0.8858705894090235,C29,-0.2835335979822837
7.457755848299712,C25,4.357740365991383
2.7407814539037645,C09,1.8488196226176639
8.170504034496844,C45,5.241090248285075
1.9423685246147215,C00,1.6651785906327237
3.4427033620886505,C69,0.06964638083549146
3.969448881689459,C14,0.062274059714279906
3.8184527261182666,C66,1.435844360878178
2.3127004131674767,C00,-0.08315494932786782
7.3618310946039855,C00,2.7156077695765957
5.6259355042129755,C08,0.2874732771998778
9.082665559835732,C97,0.8876240209863239
9.31468014838174,C09,2.076567308679685
3.091876250691712,C14,0.6016244437840939
5.696987994015217,C36,0.3325169848138676
0.7313771406188607,C78,0.18983973004759042
4.580743520054966,C00,-0.3482914675217161
7.560526612214744,C14,3.3483928768460087
6.831545350141823,C02,1.4068725138309925
7.898340011015534,C17,1.2464183603339298
5.338297106791288,C07,-2.451609418436132
8.328331427183002,C02,2.9078097890685597
2.712189839221537,C14,-0.8793340725461092
6.425831140950322,C00,1.1333218242523568
6.865376241039485,C37,-1.2420066918775157
8.744811352808028,C16,-0.9416564841288977
9.369674583431333,C92,-3.698106395922094
5.448690999764949,C01,1.7494214331689486
8.530018252786249,C00,1.1675239170658471
5.010819570161402,C16,-1.7314197613141515
3.276326183695346,C03,1.5243702090203268
7.844262728467584,C46,1.3475881425982172
9.402738043572754,C26,-1.8535630287632945
1.9088754313997924,C09,2.1566932243793775
4.284483324736357,C25,1.9654237868087978
5.703301038593054,C53,-0.5927195947441406
1.1135857668705285,C74,-1.5023920126940857
8.979333119932562,C12,0.2423477453616174
4.972061936277896,C27,-1.6691186435479115
7.390256489161402,C00,1.8661884169701786
9.87733340356499,C12,4.757480588331455
3.0463335593231022,C63,2.2146834915099762
9.765897688921541,C11,-0.9803503269026006
3.404418637510389,C45,2.3376725312787374
1.3652891642414033,C02,3.6766373696286427
9.489430577959865,C69,2.7521901210671853
1.3301230035722256,C97,2.469850792344915
8.858369356021285,C11,-0.8169854466695404
2.0141279534436762,C60,-2.045290160891885
5.770358280278742,C54,-1.5535386947301157
1.342571408022195,C02,4.417906263073933
3.793089829850942,C51,0.7873947361633916
2.1855937410146,C20,0.9331614667186363
4.66766697820276,C38,-2.355301041209196
6.004783029202372,C66,2.299017245402814
5.3592683910392225,C92,-1.9657453304080539
1.3742660032585263,C71,2.4689777328695808
6.071566820610315,C09,-0.09594108436828486
8.302292248699814,C29,-0.382196810423224
7.720957342535257,C91,0.44992079510127997
4.646882170345634,C81,-2.4783370565232654
9.061157347168773,C39,3.38899927399403
5.399068498518318,C49,-1.4800513318180102
6.907992078922689,C68,-3.1106475634422317
0.4144648648798466,C18,-0.29616979320615455
7.699380142148584,C15,3.8111956229679915
3.417573410551995,C00,0.18791728635342073
0.9542533196508884,C56,2.3357057269291253
6.893366368021816,C68,-0.3135716904219008
2.536526257172227,C68,-2.845745116221231
3.465747043956071,C47,-0.19706844423238
7.721304213628173,C04,2.3509617974613115
1.2532787001691759,C37,0.6781136846017504
0.43926218757405877,C00,1.734202723734367
7.2531802742742,C57,1.4508907076420403
7.85793227609247,C53,-0.4944802592432751
7.152281862217933,C25,4.83644858807945
2.019592598080635,C40,-0.13108064270468045
5.2119896351359785,C16,-1.9032268744287908
6.033294340595603,C04,-1.285183223133631
8.345610075630248,C51,2.211970120036892
2.649874205235392,C34,1.21472516988239
8.668439930770546,C17,2.463816033128992
6.668942926917225,C18,-0.7404767172422699
9.746683852281421,C84,-0.47848817779125735
4.961970967706293,C11,-3.98717999480389
7.672486219089478,C31,-0.7117398094853684
3.333294407930225,C05,-2.479818489592608
0.8688190137036145,C97,3.016378151843453
6.992791621014476,C10,-0.054462328768870805
0.28332490008324385,C10,0.8479905311560073
1.759799113497138,C25,3.124282944995123
0.677113370038569,C21,0.659912635461172
7.082726012449712,C10,1.186431252510071
1.1992324772290885,C21,0.6608327664901015
5.690565467812121,C68,-4.097569195252952
5.965886176563799,C00,1.3047629333545097
5.111992307938635,C57,-1.402813598907359
1.5668401727452874,C00,1.7862333331021434
4.237451006192714,C11,-3.3580160679567115
9.577559875324368,C43,-2.688173941279537
8.468529237434268,C32,-1.0722802762288794
4.843739529605955,C48,-0.6317802833300931
0.7138583576306701,C22,-2.549212308443255
5.009032597299665,C05,-3.6316886263402375
0.5715762986801565,C64,1.0739684408053183
2.8909253142774105,C78,-1.2525169425242282
4.714971766807139,C00,1.516626808074194
6.741958945058286,C24,-1.8444134561418215
8.73605266911909,C16,-0.49089175346173125
7.452234697993845,C17,1.3922676981105815
3.2591839344240725,C82,-1.9440058484648683
8.22102578356862,C01,3.0978857149555665
8.924616039730608,C67,1.363813102160311
6.866438186261803,C05,-1.9601680342842853
5.301346762571484,C47,2.0601981937853266
0.21953231655061245,C24,-2.20575911707111
5.513928378932178,C28,1.2675628820384566
6.049395764712244,C31,-1.5178301556742022
8.697261025663465,C93,1.8743423420740077
4.1104118106886744,C04,-1.0424776323331366
1.5386619558557868,C32,-0.8466026685798854
3.3178044576197863,C52,1.3461741600450514
0.42394187301397324,C02,1.0117002082768902
3.9334965590387583,C23,-3.0206308005363485
1.73374995123595,C11,-1.168240377493131
1.963550343643874,C93,-0.36233945577064197
9.683276840951294,C30,-2.157210333935661
5.674199943896383,C08,0.2664313002368297
5.506086514797062,C19,-4.194816601826435
2.0588903804309666,C85,1.0714354974701317
4.492879293393344,C08,-1.7910152946920261
5.451309180352837,C15,1.7761135515881632
7.547379527240992,C61,1.0557998478786301
6.855320332106203,C12,1.3567308211344153
2.411666214466095,C56,0.2693958474406279
5.642063939012587,C00,-0.5650535886625297
7.106433534063399,C97,2.534957816705119
2.1163868927396834,C48,1.1584073147009377
8.80055311601609,C17,-0.1016857639437505
5.498053564224392,C31,-3.239910505567468
4.337881663814187,C47,1.005975742063176
9.298379011452198,C00,1.194180716360866
7.963310573250055,C00,2.9903382516696793
3.6548428214155138,C51,0.2653288504755976
8.512535230256617,C12,3.0880907657239405
5.611161298584193,C03,-0.39084705057466107
2.316471212543547,C03,1.382848661805678
5.598797034472227,C01,0.9883702593577041
7.929423816967756,C23,-1.8855728244223293
7.897252626717091,C81,0.7431397000069648
2.500590037088841,C00,0.4040000195495108
0.3094954532571137,C12,3.3424420653283082
9.18824597960338,C17,-0.5969023677013419
0.6381994998082519,C24,-1.65663318866036
4.292834794614464,C02,0.2855189849180444
8.639074745588005,C03,1.7116040578056684
5.979464892297983,C95,-0.37574200220594234
3.8682768074795604,C04,-0.19172669253096813
7.56350522628054,C17,1.8168616250576246
6.584184251260012,C17,2.000237758292799
9.97957969084382,C07,0.047270400540738944
7.442848505452275,C09,0.47934808195550294
1.379283785354346,C18,0.015643770767047024
2.0713150734081864,C28,1.995934244341911
0.3613449353724718,C00,0.3600162848421966
8.251647688448429,C46,0.670897439794457
5.77506884932518,C05,-2.068009918773905
1.0889411764219403,C14,0.6735957721183802
0.7618704345077276,C23,-2.656515184977186
2.6758428337052464,C22,-1.122887295616823
2.891153304371983,C17,2.0582799871308266
0.3488678182475269,C20,1.2182266569423068
1.2775633204728365,C91,-0.6111050943220249
4.033659987617284,C80,0.08327434127739222
6.368405490648001,C01,0.7768037651343253
7.339138053357601,C76,4.525495042053643
1.0051428666338325,C00,2.2619494775552553
9.083675886504352,C18,-2.8243598888619696
2.525294052902609,C00,2.043353335936728
9.761115349829197,C49,0.11684047716278312
1.63408458000049,C42,0.49107612851773913
8.09089130954817,C77,0.8697104801972093
5.699335290119052,C39,-0.407177176463684
0.24150774348527193,C54,-1.298205344411659
3.535286032129079,C20,0.8590995502248858
6.808335531968623,C23,-1.804312602244525
5.910533610731363,C42,-1.741116135143436
8.556574580725282,C37,-0.13852064754472782
1.4344198792241514,C00,0.754047751856254
7.610989911481738,C30,-0.07254370251427655
6.330231798347086,C34,1.0609321520862167
4.275311136152595,C77,-1.441407402935842
8.032836739439517,C75,0.8660503567733995
4.648630328010768,C02,1.1995657526651864
4.880250215064734,C67,-1.0411060960872596
7.049439761321992,C88,0.5006470559897191
9.474777199793607,C05,-1.6739999218234645
0.5735400062985718,C26,-2.6970006199533203
0.8219275763258338,C07,0.27534182801775675
7.801673146896064,C01,2.0321213474788244
3.7151787104085088,C14,0.31031414974255833
3.480823969002813,C11,-1.5014484153847105
9.841929660178721,C02,0.38010232521362464
6.90923789748922,C83,-0.43245757718754235
0.675500356592238,C51,1.1740347340476922
6.413420313037932,C99,-1.073116500879641
0.9308517444878817,C00,0.854560952450858
5.044389681424946,C10,0.39667828082460055
1.612543670926243,C05,-2.072784853376739
0.5998266185633838,C98,-0.09986765083652836
7.97582472441718,C00,1.3500467277630341
6.249671790283173,C59,-2.8470271490480203
1.736654443666339,C12,3.4793519553252286
0.892709034960717,C03,-0.20651544641965858
5.797187113203108,C09,1.256496930739445
6.691389954648912,C23,-2.725426804827716
4.738637383561581,C36,-1.9486258687270281
4.079531684983522,C44,-0.72927588218667
5.237580840475857,C33,-0.7255744651996987
6.291555303614587,C00,-0.12119664615196846
2.9554934543557465,C00,0.6572935011681273
8.635813188739121,C89,1.4622977381269968
7.207277070265263,C02,1.2281046065804906
9.692490086890757,C00,-0.534762367192749
9.65653020190075,C02,0.9934326544473143
5.383038730360568,C37,-1.5637071272199357
7.698145075701177,C14,0.30489773617019034
0.23957927012816072,C43,0.6673335574847559
4.075656333006918,C82,-2.1568486603556822
8.932607679162174,C56,-0.2796844399042019
2.65105094993487,C27,1.835932602008623
9.187202018219978,C00,1.1069562199289347
1.7331831506453454,C76,4.17227875821019
6.972689237445593,C54,0.3279543733417721
6.47609465289861,C27,1.1124517594592138
3.816415078472346,C19,-3.7209878743562164
5.988513103220612,C79,-0.583384128453679
0.36839113337919116,C01,-0.6684676228322453
9.567037394735962,C00,-0.3964468066003169
6.605864681769162,C00,-1.793956415749778
0.9197512618266046,C46,0.05874465830477987
3.772591524757445,C42,-1.3353337966288668
6.75559111405164,C01,1.1845452547404158
0.2162141539156437,C02,0.3015530046495418
4.016297934576869,C91,-1.7504530998264696
0.3729929099790752,C45,3.956191117067554
1.8913488648831844,C86,-1.3470206890681937
2.611309429630637,C66,2.478051748891665
8.275622325018048,C23,-2.654042168892183
4.470859095454216,C15,1.9748053556394478
9.46349471108988,C73,0.3411014997863542
2.5188142713159323,C59,-2.527208794968512
8.52682696422562,C31,-1.951174455078669
8.24423081241548,C02,3.092843063288683
2.561292799655348,C08,0.008101001884943643
9.71176219638437,C23,-2.765767710977938
9.16183880995959,C44,-0.5944207765920653
8.568091799970716,C05,-2.5610764785383275
9.996951830107719,C27,0.5819382624730403
7.754235805477947,C00,0.15385616642520805
4.160798972006887,C68,-3.9251510920361863
8.652367920149118,C16,-0.454268636282383
9.422824955545366,C01,2.2041602004225145
2.4895603815093637,C29,0.11625313949174809
9.86989256227389,C81,0.713699758480868
2.7378720277920365,C73,-0.10056759113344443
8.862334173172712,C41,-0.7107063195341641
3.150880034081638,C77,-2.9656713628056295
4.744974649511278,C33,-0.42593198888700134
9.210119608324021,C00,0.7689081997817157
2.827617833390832,C80,3.054681815073364
9.031723781954497,C96,-2.7274927403832576
7.666387655772269,C72,0.7717775040345964
5.339467604644597,C00,-2.0282548860298757
5.579775138758123,C56,0.23196836703999213
1.0868230182677507,C03,0.4008377235292314
4.284907241817564,C51,0.861864133162195
6.2468355894088745,C47,0.9247233329495077
5.801218785345554,C12,1.8746287116205407
9.33714066632092,C27,0.4385729203404562
9.019034255761653,C37,-1.5025387301466029
0.5200902093201876,C23,-2.6222595321666438
5.384499649517238,C23,-2.749515913676861
4.171925717964768,C94,-2.861573098742167
4.04077808605507,C24,-5.162977921000448
1.5865697688423097,C00,1.9401309314983775
9.91695690434426,C22,-2.066699644932118
2.194189054425806,C09,-0.37743627515801337
0.6174661964178085,C41,0.08598666346658901
3.211470067035407,C00,0.1307266233612911
7.608859061729163,C00,1.249511110283635
5.756750614382327,C14,-1.8412447046206089
8.94588952884078,C19,-1.769823410670642
1.875654135365039,C06,-1.299043017419577
9.573492428753525,C62,-0.24859957948512934
0.4293093364685774,C01,0.5375384333714281
9.603002949152142,C00,0.23801627197874148
9.925238005816936,C00,-0.24933823175092434
7.019555622246116,C14,0.1725596880604714
2.9746104194782674,C24,-2.539962249861666
7.418644933495671,C10,-0.40555875600479085
9.191747480072081,C20,-0.0070602092987366305
3.7094842176884413,C29,-1.9522044990899214
7.5379679701291025,C53,-1.363282620057586
5.102036481257528,C48,-1.7681561403097148
1.483906996436417,C21,1.5716984438559525
5.64211614895612,C08,-1.6576024842942114
4.405784318223596,C00,-0.9131676734319487
8.587457647081465,C00,1.8930733372981976
7.046384937129915,C45,3.3820187219574436
1.4968536468222737,C37,0.06843106600679727
8.98437483701855,C57,1.2301857893699641
9.33015959104523,C00,-1.2746642135233661
1.7590775340795517,C00,0.4481145366443373
9.854746081400663,C24,-4.606974895538514
5.293662438634783,C00,-0.8394451089308739
4.039229291956872,C02,2.3918069511592916
3.985896015074104,C41,-1.5176399171734567
6.265470925718546,C02,1.9574104908965506
9.259780512657017,C75,-0.24958530166082404
4.773079103324562,C56,-1.0218010391425314
6.390244262292981,C18,-1.3652742665480653
7.504113200120628,C47,1.6866952600607505
2.2120723430998623,C85,-1.5597191055300306
9.999067585449666,C00,-0.025597713701640074
3.979890630580485,C67,0.427214330860043
0.7319554034620523,C30,0.0031185873482842963
9.902282771654427,C13,-4.2326333152103395
7.913370835594833,C08,-0.31363635058402217
3.191002425737679,C16,-0.8725309602780656
4.11000857129693,C01,-0.46014627945814457
5.970060210675001,C36,0.6759218943436844
6.6073632799088955,C96,-1.1340293076031112
3.352332159411162,C17,0.8616524316169198
4.310813657939434,C45,2.090836957886209
4.1921419207938015,C54,-0.11151374936485747
0.6289236946031451,C03,1.3665488990155303
2.1746161370538175,C27,0.06891921448625227
5.1960937841795385,C60,-5.5408884656419195
0.06339763756841421,C22,-1.5125620173434913
9.787541793193668,C44,-2.945844031727191
7.820338325109333,C00,-0.014189194690093831
2.407629464287311,C02,0.46835143534383383
3.1049817451275885,C40,2.1475616426585273
2.395743322558701,C19,-3.2608621975809946
0.6272876425646245,C70,4.021380550552856
4.873098898679018,C25,1.8946271110685775
2.878679968416691,C86,-2.3642603218871763
3.0988837429322302,C22,-2.74816010585507
5.685367579571903,C46,-1.4141129715686624
6.756084507796913,C98,-1.358680213760303
2.8326230123639107,C83,-1.455932088323765
4.050455398391932,C79,1.0457282269327943
6.900347101036459,C01,1.346781139616275
6.817878626752645,C26,-2.346555022719776
7.5557507132180035,C54,1.3513439495745705
7.590310343075544,C20,2.293413135467576
5.988408348057419,C17,-0.7073910785886397
0.9859254932962358,C56,0.3654265590356911
9.52766144881025,C04,1.6844515556221162
0.9447471285238862,C10,1.1491564646766879
1.4181226445361972,C99,0.6197043179875598
3.116152819711715,C13,-0.9453527971369131
7.443557551596314,C10,2.196032099239598
5.749054627958685,C09,1.3003422370363662
2.4632898531854153,C05,-2.4460850961208243
5.2870630659163,C11,-3.1583385243751723
2.9004576010629535,C10,1.360256529906904
5.247591573279351,C82,-3.9994196502345707
3.468029003124684,C03,0.5602610047591808
0.5782776279374957,C96,-1.132435527770728
7.289051373954862,C90,2.6615558948198603
4.510647275019437,C13,-2.66617239363301
1.5869359695352614,C18,-0.3872827716501097
2.3429183289408684,C04,0.15675941256325698
2.462919361423701,C44,-0.4638483592246531
9.110020492225885,C11,-0.6331062925769848
1.0726492456160486,C18,-1.3285523794942007
6.129417780321091,C05,-1.5572017979383426
7.457652825396508,C92,1.0990853391457973
6.837036854121834,C05,0.17603727323477925
6.593333089258522,C02,0.5684309980768074
9.937952549662441,C98,-1.6433826684212565
9.816017763223499,C09,-1.1592711528091688
1.6593698225915432,C10,2.0594053432174695
7.47950742719695,C00,-0.3953179161787723
0.6963813630864024,C41,1.2345513719843355
6.901717239525169,C15,2.3861413548788644
5.23114548297599,C00,-0.1818247545453601
9.735439186915755,C75,1.2531419664908254
2.642528552096337,C02,3.7789779951884306
1.4530048030428588,C08,0.12547799463518602
1.9704713439568877,C09,2.5099950650404557
4.325249844696373,C07,-1.3037862357374208
1.6520633245818317,C05,-0.07088927374603804
7.1382459346205,C04,3.6378500205571003
5.902758387383074,C00,-0.5121565472124856
2.4575760192237794,C10,2.7275335022839124
6.220250723417848,C64,1.4799369477354027
6.494694564025849,C08,1.7392759893517107
7.682214241940528,C23,-1.6859045975758156
5.054116465616971,C00,0.36801852007395175
7.966802951414138,C04,2.9598135468772933
9.576268210075796,C27,-0.887632489377382
6.18068790063262,C45,1.6222639708396929
8.935537284705788,C86,-2.1042607733811196
5.770480278879404,C02,1.0102291197448885
1.1415400891564786,C64,1.1868759848110861
9.292100097518414,C24,-3.0436842788122513
6.704305752646178,C70,6.137125293606279
8.710152606945485,C06,-2.325740480034265
8.274536461103708,C22,0.2740848712498899
3.4973101830109954,C00,0.5412372374950083
5.0824013305827975,C30,-1.1977464105722364
0.5271738371811807,C11,0.1352309971414858
3.748179238755256,C97,0.7876345004784724
2.3431066214106977,C15,4.397518928108444
2.2121310490183532,C36,-0.5497294149035762
7.651074579916894,C00,2.3524823457106976
8.066652088891715,C96,0.1946892026503747
0.7711336296051741,C31,-1.9605544886387527
5.370980289299041,C41,-1.6223940571536573
2.84638304496184,C66,0.14688463979153044
3.8584600621834397,C85,-1.7441908351778865
4.876823264639825,C00,-1.5172779081458612
8.354866802692413,C14,0.7141432044497547
3.7810559128411114,C61,-1.8109462034622066
7.608546505216509,C05,1.312205297501962
2.664877325296402,C73,1.7102628794850516
7.086618526373059,C00,0.6534709082469339
9.340667186770588,C01,0.11298689675958717
5.118216511327773,C71,-2.726027922024364
7.91866134153679,C29,-1.0943000822952957
5.931696665938944,C94,-0.3902410434391903
4.380298093892634,C67,-0.23776943085529578
7.190706271212548,C67,3.9187053624587547
0.9635143028572202,C03,-0.4245900041029771
8.603455510456115,C91,0.236192518786224
0.16767082503065467,C27,1.367581695940522
3.6572822462767363,C00,-0.5765058887408518
5.011947539169341,C04,0.0064231863431199465
8.60617353580892,C05,-4.191328943041749
9.18041812023148,C08,0.005537202345565484
2.4523185240104795,C32,-0.7095171773257622
1.643808912485838,C57,1.0083008507568167
1.8832873948849738,C00,2.9611336122470027
3.6842480371706188,C06,-0.7165644183804084
4.308732163626701,C02,0.625881434048949
2.5320305884815753,C01,0.9908480250422813
3.9188054483383894,C17,0.49591799226684335
3.642155739944428,C82,-2.9153737235854558
1.4274679706431925,C70,4.710448722766295
9.348071173299104,C67,1.1521268811995609
6.236226686742157,C81,-0.5142954876105361
0.18901720875874162,C73,0.9711184515616637
2.069632012862712,C28,1.3731673612512083
3.345013544894755,C07,-1.7020964068585487
1.020643673837185,C15,3.6671575615138083
6.682080642785877,C01,2.420578715056156
2.939859121106565,C23,-2.4631749177951208
3.876106762327254,C00,0.08783858025411176
0.7285131607204676,C47,1.470396448985896
0.7092643482610583,C01,1.7606096067464359
0.7022662297822535,C53,-0.9616441333569442
0.9061918989755213,C08,0.4593065719303591
1.2826748145744205,C03,1.5164017140103812
5.3630935051478446,C05,-2.7619355864887956
8.899235376156867,C00,1.6385303016878003
6.6826117294840515,C16,-0.7188584515200962
4.472272989805788,C46,-2.790147594577694
8.57099826913327,C07,-0.20025415029936197
5.589878547471017,C27,-0.23527841172021652
3.0782533274032176,C01,-0.1481838617537602
0.2042529685422778,C00,1.4957159904515702
0.8333457540720701,C02,2.840949638305358
1.9181931018829346,C08,-0.33995495955612465
4.5010160049423575,C00,-0.114965355872446
3.997254481073469,C60,-4.394279356657907
0.4585481993854046,C00,2.3533273781728106
9.199926177971065,C00,0.3266163794740908
9.895025256555527,C38,-2.046272286968434
1.8926547397859395,C13,-2.298939461594001
8.361066265497357,C72,2.615316888902418
5.6587665574625134,C51,0.05048377020534334
7.928357066120952,C15,3.856263566175225
3.029537769034505,C70,1.4658095599465821
1.0543275950476527,C99,0.3104351295367125
5.404898794367909,C03,0.5655895199955805
8.688553622923791,C60,-4.636874164388975
7.440718389116228,C58,0.3031589079871255
2.0774710550904274,C81,0.04057761754531311
5.118353865109384,C00,-0.3268196068707258
1.481550969183445,C05,-1.7535565561942743
7.460470793303102,C05,-2.182454335701736
0.6442077993415296,C08,0.20904835763627738
3.3955822931602597,C12,2.9086159603589152
8.80104920361191,C39,4.747638595798221
9.191814938094467,C07,-0.8811898036020465
6.578996307216585,C46,-2.035121743212704
3.4190246742218733,C60,-5.389350244580051
5.9082151018083096,C48,-0.2675335264094632
0.797705571167171,C02,3.857134501870189
0.9408665844239295,C07,-0.9397394128683223
8.624795007053763,C33,1.190144826582422
3.5551772499457,C44,-0.6106300803930772
5.80330467550084,C00,1.1871500082321056
7.356236497871578,C32,-0.4003150426886606
0.5625044857151806,C12,3.4909643590395296
9.304601594340056,C11,-2.5161073522103052
8.555555283091962,C64,3.2460308351548286
1.6534390696324408,C43,-0.5047620825336465
0.3071797825396061,C18,-0.009525069590489932
6.872667239513248,C40,2.8252756776905636
5.175314962398261,C06,-2.8798318429119085
0.23758238181471825,C35,4.802044807239779
7.568459890317172,C70,3.5413154398362114
1.0640376317314804,C67,4.103876792048771
2.4038212187588215,C43,-1.2677831732418983
5.06426343228668,C52,0.3359877601853347
5.986921351868659,C27,-0.7850622993530672
4.8336688335984945,C13,-2.868007467174108
6.86405346961692,C23,-1.8767508938881665
3.761148238554597,C37,-1.1338836329034048
8.861154061742127,C59,-2.941698309767396
1.5943947993218899,C07,2.2633714062020616
6.1970458179712296,C05,-3.7551331922913205
5.245097873266786,C00,-0.6384522847866093
4.114060811698437,C51,0.055729013680282435
3.3435574965551496,C75,0.6292944805448978
6.713586177211255,C16,-0.16390391812528982
2.0237345062196255,C29,-0.17341326962255071
9.07530211377889,C80,-0.061879231736985396
7.575792912393808,C65,-0.7553643323192616
5.651987774763256,C19,-2.9608621535870894
2.0941827027127147,C39,5.382727279861348
1.0416147019714117,C15,3.890711900731661
0.07066338555887341,C17,2.0420267015136786
2.0749453781172633,C56,-0.45596647560499115
7.928673946298659,C37,-2.641315189270849
7.41737156175077,C14,1.8539806308902929
9.351420977618545,C43,-0.678854448069775
4.427412636578083,C00,0.6748975678150055
9.309959853999317,C18,-0.9859405302231155
1.0955510893836617,C65,0.5451612054418722
2.7446103608235717,C43,-1.2864719701383016
0.20573309855535626,C16,-0.2980024490626947
7.3939032456837595,C03,0.4638724389350998
8.057091059163213,C60,-3.9489945181307284
0.418479444924742,C00,0.3307264906008194
1.1406311742030084,C29,-0.17187548260884844
9.166488053742796,C69,3.270404818159923
2.696247179992497,C06,-1.205800990039338
8.285823878832161,C01,1.2086626882409166
5.710571254603565,C26,-2.8430684019938663
8.640357714612037,C80,0.4032399929516872
7.065545299556106,C41,0.5397886448197109
0.7950981031171978,C20,4.058857802638113
5.142937689088285,C47,1.1451351313017937
6.587386354804039,C54,-0.08851142218568608
2.1584932319819927,C01,1.1011441234340986
7.307007033377886,C29,-0.7032004627196011
8.78957617096603,C06,1.4883277269897466
2.22390542505309,C18,-0.04913562731710039
3.010962523985654,C12,0.9832550669441253
1.1860023951157928,C52,1.6433165492642137
0.8838129602372646,C28,3.9357806928110604
3.876191838644445,C02,1.14070771240153
5.716212298721075,C28,2.222687137231515
6.0483890934847295,C08,-1.1570425532997157
4.447029761504382,C19,-3.426936468921981
3.52905860170722,C69,1.037992681498086
6.77550929132849,C02,1.9833299444701689
9.064871633891016,C97,1.4082042326028072
2.152004507370293,C93,-0.15602704234583195
0.07041535340249538,C05,-2.834734820971253
4.3760010111145675,C29,-0.5057000224425301
8.762958445586264,C61,-0.5749794759453533
8.229394953232259,C71,-1.6557355088149133
8.811028324998915,C45,4.763646836808355
5.260217620525509,C04,-1.518512464963415
7.365814519580454,C30,0.8387042643014639
7.838003211654723,C74,0.05020501018250134
3.286719163879752,C05,-2.9592768933578153
6.038215146400034,C90,2.1747761239822627
0.41001445380970836,C23,-1.2450906316384642
3.1373030063696206,C12,3.061481303616156
6.513699835631996,C52,3.224570184288381
5.366095409262925,C05,-1.3593524450571879
1.7126004491001368,C00,-0.18307468847481534
4.259371992666274,C44,-2.4005476600136735
2.852636156603694,C16,-0.7141801374406324
0.15184619463980198,C05,-1.7352768815519695
5.90246660169214,C92,-0.07968193076748142
5.050689077470452,C00,0.4122078415733308
9.009230197407305,C15,3.150590050933034
8.624171749688685,C55,1.5623047672962485
4.762481392826885,C41,-2.6029401729477026
7.109879006166011,C90,3.137441866877551
2.0098666846752167,C05,-0.15798531020295714
5.245596512686461,C20,0.05352870935305393
4.738066871650517,C53,-2.7903929020614013
2.280873730778694,C30,-0.36268121750556404
5.22828642744571,C33,0.8256192350476871
4.989482304081321,C85,-2.682201545053796
1.9540532818064094,C84,-1.0313018216888619
4.928997582755983,C27,-1.7655476177670524
2.913710097782314,C00,0.8373473914379124
7.6767916372045875,C01,-1.0662966017314202
4.003673065453768,C32,-3.5944543339988635
8.370464090257883,C01,1.697655665111829
0.1489609945565462,C34,1.5627173327631945
5.763100413605571,C53,-2.294154242653557
9.773363801650703,C60,-5.482586397022475
8.976676748134196,C12,3.3871322450106236
1.191019625402987,C77,-0.17138583929899315
5.228440943174064,C37,-2.8671633396201885
2.875982034020126,C17,0.9641517844755882
7.822243969421834,C04,-0.2136354202850046
1.298462045378983,C44,2.3771621207189657
7.67265364760533,C52,1.5700691923245866
3.6475190869532526,C67,1.5016211063623057
0.8473039395175874,C08,0.011627035486010188
3.6380013241432607,C61,-2.0290469961809445
8.683510071132332,C18,-0.09527286363463588
6.680981705430895,C21,0.5912152446534557
7.134043702390045,C08,-0.20458055980673623
3.6931158625520766,C31,-1.6747550736233912
5.48663841560483,C15,1.5300205733233412
1.544819176197052,C03,2.4477903635086875
9.250548142008483,C11,-2.000407600002661
1.5557825448922813,C47,3.5976232165574853
3.2052831118926406,C13,-3.8939513358232887
5.9951771423220634,C28,0.5736973863521314
6.55503339599818,C06,-0.5506709586149505
3.287121099419892,C28,1.890719578814536
5.38828648859635,C57,-0.17700016787425032
1.3167181750759482,C21,-0.06332129385961549
8.478534049354494,C00,2.092087034407217
0.9195133671164513,C88,0.6681122506940037
7.636259053833783,C32,0.7307142656540391
8.871074796188623,C02,2.2079885948795592
3.887295904569328,C01,-0.6441862705679627
5.5625420599244535,C02,0.41886376453398155
7.883017617277801,C15,2.724985575374123
9.908179726917297,C03,-0.43807556148699534
4.353909387718886,C65,-3.185295897287973
1.714740819297731,C05,-3.069207902207817
5.491339818108827,C41,-1.397678297021479
6.354390329215676,C35,2.059241025580657
6.75274153938517,C03,1.2273221507383294
2.868242838885635,C35,4.4097071746957734
5.4974801652133465,C07,-1.6625139814462937
8.70258018374443,C52,1.741757988773832
1.363291849847883,C08,-0.4251239850862055
1.702689912635833,C02,2.3260350886765897
2.090749694034457,C02,1.115363583665479
2.597754036542028,C26,-1.280968756913583
6.798354354687035,C68,-2.5371260701723446
3.641832284629345,C32,-2.549831297613515
2.72659047273919,C37,-0.6328496493698537
3.5150132374837995,C03,-0.08377285457360972
2.775484877638519,C42,0.4421104846352905
5.941453515551984,C00,3.287932387917131
8.211045560892671,C57,0.7857726202154021
9.392013035248965,C14,-0.1517137099418289
2.6044394657947123,C53,-0.11401068389961527
0.9270377457141876,C61,-0.6255965339620787
5.26956613175571,C73,-0.4759384573846079
3.1727485661394894,C35,3.586267268653978
0.16836142167448997,C40,1.180595496821789
1.3282590243034065,C00,-0.4715474593759499
1.266479839105159,C11,-0.6056007309819382
1.3308650674298406,C04,2.0754705309642723
6.297465367242694,C02,1.9876409276383153
5.250745918601751,C18,-2.319778880260203
5.400940980762243,C37,-3.664608524612588
7.732769586145878,C96,-0.06051885261525358
2.313275942578912,C00,3.5731903430735645
1.7598263453692198,C70,4.495089507807009
1.1827956535853446,C79,1.3159334800246776
4.044058483559638,C09,-0.2956093972499979
8.820124389603734,C39,4.4828119938223665
5.377556085586548,C64,0.3902047886991534
7.8204316343180835,C15,3.55978755361298
0.03523390041664243,C00,1.0931182782358984
1.956615091767162,C78,0.3798770917678329
1.0192099283449352,C87,-0.562532485664265
5.850446640979499,C95,-0.5384553837645565
4.955262613948435,C66,-1.0306362319082503
8.610069963615388,C00,1.8740953981640287
1.9442711118608713,C00,3.059596640840283
5.811410036403686,C56,-0.6642790918317708
3.3610180346295238,C14,-2.16598507227126
4.244896445889026,C52,1.2966221469087171
3.6641016765497625,C05,-3.74318593276009
6.952708791941404,C79,3.268811215648057
2.3771093669347465,C94,-0.2572105282497823
3.164698875043541,C01,1.5827259536228713
6.726286537013948,C02,4.625223288140067
2.114755364600569,C42,0.7336996876674661
0.8119925251230597,C30,0.04740618498747712
7.065203418023884,C01,1.583740430997586
3.5861210781149566,C08,-1.410166171615388
8.675730475224555,C09,2.0472140372062584
9.079697709530592,C16,-1.5144036328472161
1.4493433269672096,C41,0.9064124402423751
6.251906922552735,C52,2.1308862208869463
5.898248217999935,C54,-1.538044595368977
4.9063567840494215,C89,0.7363001383165895
7.295589309651405,C05,-2.817923738899367
9.791951468214393,C55,3.4097614776940928
1.5318205580115318,C25,3.7338597271205485
3.633708336856216,C02,-1.0082111605686201
2.1221183729358017,C05,-1.876672301974964
1.0079026105813682,C08,-1.1584548901349228
6.01150169968605,C17,-1.4674221101213085
5.082339767832309,C07,-2.5378989816787834
3.322373398113996,C20,1.032324735001601
0.14487683307379484,C04,0.5149654355939159
6.857820446603,C84,-0.19311364523487506
1.474668150767684,C10,3.120183685094611
8.793669485021383,C81,-2.0547173682968207
6.995703510474414,C84,0.7681496034445493
3.2436669315211475,C21,1.5972218288658397
3.9050843520089984,C00,-1.0216217229323843
6.260617054067552,C26,-0.9799502234834001
3.614844272378832,C64,1.54847011318949
2.3291956214234233,C02,2.2193291919633342
3.6293901945464313,C55,1.8506617754996622
7.472610408440232,C01,1.3003548670888723
0.19495478831231594,C71,0.31493287461652464
9.19986791908741,C01,-0.7232145421636629
1.9580850494094193,C00,1.6464064336380058
6.1397964879870415,C06,-2.5052356460360357
6.1215742863714695,C07,-2.505056982104392
5.151328558567911,C57,-0.27831143455051777
7.9030971974134445,C33,2.532361961825942
0.10067863622680306,C05,-0.763166113823605
0.1732953218743205,C12,0.8774920872945948
2.9886041954159737,C95,-4.800077707891286
5.219922321848571,C52,1.485232262448144
3.7352354917675257,C12,1.4535844496758932
9.23011259175837,C01,1.0304557818379907
2.1121498802676797,C00,0.886440067644253
6.628362773917615,C83,-0.6645525676433242
5.295231379568577,C02,1.6506697796615357
4.873600320424885,C08,-5.181709394531645
9.947809614241123,C01,0.3910805773445059
4.689476462081075,C70,1.4898713347500459
8.459548731334507,C97,1.7945614799837344
5.9257533377967775,C29,0.1325159244361196
5.445111677981913,C63,1.8831238480687942
8.658022414892912,C86,-3.1945664109479948
3.207313921302557,C46,-1.129008444454892
4.740558310877532,C81,-2.0249198484745112
0.37043768214061856,C01,0.9178946870040889
2.3741656937636435,C67,2.032747420722042
2.165448125451803,C04,2.5614819099838666
4.51764287892729,C02,1.3673498575578662
4.498815052211285,C99,-2.2087920542325525
6.498430399224162,C27,1.155024313053665
4.779868123587221,C20,-0.7662769297160275
7.885464855935425,C17,1.142782740987598
4.68540855916217,C07,-1.1940576015986584
2.1999456197954714,C15,2.2152503577348996
6.094292965717614,C95,-0.6593613484300873
6.008676814381033,C29,-2.5600369361198663
3.926004327367991,C61,-1.8740317134125253
2.5889952178113163,C36,0.1116505709535876
2.651388228405267,C00,1.7456268010574831
5.246093494351953,C74,-3.838595674304512
4.087360177654773,C90,1.9254976717740029
7.005530323367566,C32,-0.6672407863284953
4.511512308381498,C94,-1.889537088504307
1.441735413391143,C01,1.9022142327392444
4.094308810308576,C77,-1.9965892406827304
9.626753483898938,C10,0.8346058092774389
3.3370775915682316,C25,4.879389410109941
6.940151215530932,C00,0.6536645325896624
5.300171074923128,C09,1.5095905353208812
7.7207737672142684,C00,1.1091997666947981
1.7017574119381607,C00,2.553815796502652
9.183697586413473,C00,1.292386703834942
6.136038531549275,C04,0.2428159827751672
7.994232240598649,C28,0.6097532806338237
6.143448723014444,C12,1.6150674620898382
4.772659700829536,C97,-0.7749956710235991
0.6030523986555636,C25,2.516066518463338
9.44394155871123,C03,-0.3075404782113444
1.3558858563192189,C35,2.5670571023359683
8.699282116722316,C00,3.969916401633903
1.9826097320765257,C01,1.8730600276735472
1.5950777428224683,C01,-0.03400758731309894
2.932484115008265,C81,-0.4003685969829633
7.940056114457548,C00,0.802341477700394
1.188346950802952,C26,-1.5639793299415141
6.574166270438582,C84,0.6027733055200275
3.976923576556146,C00,-0.8366844500803086
9.628344487864524,C02,0.23943584202720247
4.8572380491532385,C42,-0.7862083480874428
7.9878139472566545,C21,1.4524441410206919
0.8968582144007087,C01,1.8182443183489714
0.23807197343558073,C12,1.114368372099611
3.4813274699263275,C03,2.3074157765262773
3.0743678845465183,C16,-0.9922736052754002
6.8607916054315865,C84,-0.8488500007971849
4.236992949154228,C20,0.3510862414811825
0.1326126861386001,C47,1.7546835173324986
7.8942436701618135,C55,3.645679410085126
0.29052971163764596,C19,-2.6183849938423993
6.768679118249565,C29,0.7062373946092342
2.955727253574878,C07,-0.6388528164851978
8.308936122339219,C49,-0.594341481439478
4.329441168811172,C19,-3.00536793730104
8.243958507664502,C28,2.304172694760694
0.6657314114272594,C68,-2.886795086930655
8.109576397109777,C09,0.8223877332044451
8.240273508708924,C09,1.7407865599756907
6.859187074005604,C61,-2.4128071711096117
3.917866654228419,C42,-0.7561762375713903
7.725725427735597,C19,-0.8479696002682486
5.305850093718618,C54,-1.4856348674633553
2.8805611515417695,C07,0.6179369058654511
8.669529424514621,C63,0.795315537690604
6.928363514598459,C57,1.1437341446319107
6.840305586811155,C26,-2.069531183453926
9.487553827930242,C00,1.7410949075683666
7.405542298220098,C48,1.5893397880464892
0.27631985722109675,C13,-1.4004200935235769
4.158208549488336,C08,-2.2215562906520905
9.856204420793802,C42,-3.0759907925540255
3.5871765459887683,C00,1.648340331797062
1.4069237932562828,C93,1.1841027198276775
1.6719038295559585,C01,-0.06774546054166697
4.476818649563938,C32,-2.6230921235058204
2.863870628643781,C57,0.9341691887279819
9.269233862869442,C12,1.1774496177687275
6.124542537145317,C72,0.6521917230111379
3.1393266352824867,C00,0.9229934718989665
2.1436055609956384,C24,-1.1874529307618895
8.82554390002042,C55,4.681043146938325
6.607240387238562,C08,-0.2102663460435998
0.34165247343480587,C00,0.5680127824655739
5.328778475522995,C02,0.6510853035646776
6.524861177895218,C79,0.22125378652778482
5.108963225502521,C23,-4.63018209246521
8.05701405275613,C01,2.8655735531236806
1.4615879952907562,C26,-2.914679314627739
0.9823712008073926,C07,-0.9301577358949665
8.608808335848153,C49,-0.23832542707507448
6.01941981818527,C14,-0.9810200289603895
0.8533958066254854,C30,1.0054529240318741
5.49894310766831,C77,-3.596112487930479
5.895127959083766,C45,2.0890099698526194
0.23109016008675098,C72,0.11170210656786284
3.6481777555309236,C26,-3.5151438060855367
5.9897278365679085,C40,0.6631098382717785
5.557418349198997,C01,-0.23393989129085646
5.238649337552488,C06,-0.5759288321015941
0.20042509073391557,C00,1.819243303999004
7.701312620192766,C07,-1.9051853180418394
3.3587284083478153,C39,2.4531519833304265
3.765053628012538,C00,0.2588448003354632
5.082354552578181,C68,-3.72195020212329
2.2301464225165546,C01,2.022936472780368
6.108202876057476,C95,-0.9442854299098642
2.456824060063809,C10,0.45667176183580827
1.2698508077301085,C83,0.7688807277610793
8.810676680877805,C11,-2.491482579213259
4.77280112914741,C16,-0.6417781664816913
9.037965612951666,C17,0.8702806917491372
0.19253534032031894,C07,-0.034885346624150104
8.697455287910998,C39,4.655401102417387
8.780246248934418,C00,0.7813018399392428
9.19196292757988,C21,-0.02683312231498347
1.4128034585155547,C52,1.7534609719361287
4.321515201590955,C05,-3.087594632542177
8.401100211776793,C78,2.2670004388870586
4.517058744095266,C00,0.41512330364196115
7.68328299978748,C61,-1.0222573115041298
7.933691078796983,C64,1.107651790878703
2.5318495905958116,C68,-1.4089834729776016
6.799017440062016,C58,0.9996211598900882
5.149527471512556,C56,-0.36229251388427275
6.176511391531676,C09,0.32327345941365915
9.248347016982734,C44,-0.34297389339917583
2.7938442840240896,C11,-2.2746833481672293
1.7352697136811912,C04,1.1620531450954625
0.49115482717752457,C55,3.112856338277354
6.989083560183644,C29,1.684072102411839
6.502928449772298,C01,1.924847195276496
4.323810038622469,C09,-0.07353395979861249
8.757374978158623,C77,-1.3085078635433467
0.575194654520601,C83,-1.732458911686181
0.6764211435802281,C07,-0.734598433407184
7.7991740754805505,C13,-0.9056547053263061
5.576251167804003,C59,-2.3320428671743514
1.0247007384896278,C08,1.579164189626713
9.473122055642307,C97,0.25826185517238187
6.989962786901742,C21,0.7982436766751372
7.601713144686073,C64,1.1483852436060316
7.492774119600654,C00,3.565080937764286
5.665334437508136,C05,-2.47983172208696
9.466111422516406,C09,0.7864639719698003
0.7762417965568602,C04,1.3057596070026891
5.079146875068545,C03,-0.809511904758042
5.41020801756531,C43,-2.1918427343520017
8.230474484153092,C68,-2.894527444107889
8.67233547847718,C03,0.388814525924726
5.680624179076403,C53,-0.8943322551242929
5.6914968974888325,C16,-2.214913476736125
2.4210713943466544,C24,-1.2010769114635502
9.944871391635388,C50,-2.1179187070653116
5.637927933130413,C75,0.466214193570449
2.5853199185803533,C03,3.299761510255975
6.244048608932644,C14,1.108340939961907
6.800467090215534,C80,2.3648609203448276
2.556308030616492,C29,0.7974515148785675
3.9665769087150693,C08,-1.067160337666747
5.892103917431086,C10,0.15999241247821194
9.142523752525449,C12,-0.4475209278705621
7.351805884391069,C17,1.4817530499189189
0.33860797993838787,C91,0.08511950437382476
9.219334474764764,C02,1.1804287702183702
0.6402495596557856,C01,1.9654508446073442
7.182523552328348,C15,3.0110291072789233
9.200062556192279,C09,2.080577272031136
0.5176164070144296,C02,1.0703797760813778
3.9159193681553006,C09,-0.5409685826227493
2.737132594920695,C03,1.3383880992314796
9.858443140983582,C14,-0.10297864246306707
6.53901778627187,C20,1.0077833381524455
2.0994805032387376,C17,3.8022009833476638
2.5330273201689124,C01,1.9135860735720036
8.304109100718051,C41,1.1452822701909493
8.707018848508596,C17,0.09004119585850634
1.6503036068752408,C24,-2.553256814692101
3.37002839660272,C20,1.1168439716841465
4.325877609662712,C89,0.1423007694014804
9.69733651028946,C82,-2.9208697944492354
5.771700805053115,C09,0.9017752740174203
8.350084857083857,C84,1.61591400101779
0.6897049979306757,C44,-0.6600837347186908
5.168736996129155,C20,0.5312959014486303
3.5832221806049347,C00,0.33777161432079533
6.275104768574238,C03,-0.25423497558598274
3.877808463294059,C45,4.799904751320063
9.251668199431151,C22,0.5069967208745125
3.3293498400598764,C03,0.9632381762671248
6.370920257177204,C22,0.6577438692465354
4.2594110942445695,C93,-1.387331072407869
7.223383449018002,C31,-1.316903074806329
2.5977912498638034,C29,0.35490769232266084
0.34251792589202523,C24,-1.510380045072839
3.052590345032513,C19,-1.7298992461453067
3.4102816064842045,C00,-2.0687506659515655
5.229279312770814,C67,-0.11879182571469726
8.780728199053556,C76,1.217157354305956
5.098618343472481,C27,-0.6979224252332397
3.3606004901230335,C12,1.1528602477288163
0.17971614142879844,C53,-1.8056069208267935
8.96534291561693,C32,-0.8933760605933003
1.8242220836691558,C65,-0.15655504890261815
6.494240625761449,C92,-2.176548060430234
3.0627563316375017,C78,0.8335726547684414
0.7381298788823187,C01,1.3254431582889112
1.4049875177443027,C24,-2.4412006303127867
4.921725729946047,C03,-1.338277036241223
6.726684733293951,C20,1.5909213711448424
7.514896639622748,C75,1.9704403849689704
7.75030150776729,C47,3.96518239843176
3.2191171147860587,C34,2.904619687159255
5.449393943417817,C49,0.3485149074529992
6.610646075569093,C68,-1.2129175277634223
5.983835214283317,C05,-3.09011798452731
0.47772687627002597,C03,0.3061234691597832
2.9442756017670035,C00,1.402317525678502
0.6943947193212807,C35,5.110034276825335
8.572298323269933,C07,0.21424557246738096
5.880998782813549,C04,-0.3196499706129379
5.35301208961755,C03,-1.9454674138912902
9.324080673977733,C72,-1.0118039280443876
9.900930298026651,C61,-1.4742912454712833
7.694081165827811,C25,4.289961124540853
5.832447032444179,C45,3.135798692181018
3.226356697268784,C40,-0.3602887658500882
8.785489106085151,C14,0.04962792077018574
6.13910085754469,C34,-1.7238612672821947
9.565706346184015,C82,-3.0398073103217373
6.111150893848389,C14,-0.5027761626101548
8.767320800106972,C62,0.27869186115787536
1.0199716198258102,C85,2.5205710058532182
3.2458597677759826,C10,-1.3095230781986054
6.015610450413078,C25,3.284683893189638
7.1540793078020215,C05,-2.2813357222106707
9.55629434203729,C28,1.98008654325576
4.095815583132207,C00,-0.764759361338045
0.46501638600602746,C15,1.1960476409225915
0.5579535476863384,C09,1.638545038278476
4.859401257708669,C69,-2.4765938959477776
8.814998141024262,C66,2.0162446296065433
5.264448502566665,C90,0.3829677633381412
6.867060500662774,C21,0.4511701418370869
7.640748047269881,C06,0.46148748811577767
6.666665771044791,C16,-1.788935292821451
2.1422673505730927,C38,0.9067507621663793
9.831935064867139,C00,-0.6186273020513362
5.532635524868965,C58,-3.1856235682952674
5.133409695699811,C10,-1.984632469137913
1.1433073063381016,C25,3.262383479536759
9.133413434028625,C31,-2.530974518430972
1.367969661951065,C95,-0.7667950545147683
8.991594894323498,C02,1.5994524201203908
7.152489305008203,C73,-0.2325739439324398
4.244443119969219,C09,2.2437512767699284
5.86517748888582,C96,-0.8319037427248104
3.241183676291257,C00,-0.23495199873481398
1.5897788386791945,C16,0.39432894848588074
5.9894287516362965,C04,0.05667427883874654
3.7792952032759786,C36,-2.2508043653170016
3.38787910528481,C18,-1.7024820383155368
7.5341643881984055,C49,0.012449452592710297
7.529433786403388,C48,-0.054427586433530406
6.182198692113161,C10,0.7005584420156018
3.3381415554322302,C53,-1.069375880961979
2.7239175676368177,C55,3.0770221749165194
0.9569582040421665,C63,2.9264229598346105
4.024193349760026,C01,-0.3166780740347028
7.845586258918047,C02,2.486983164859583
6.5800910838879645,C05,-0.46707933718529904
7.310530734248459,C05,-2.95732749426697
9.95141286868602,C55,-0.061241977013270166
2.566391075961292,C17,0.29364175392627523
9.428977135103196,C24,-2.7017497533839574
1.054854397661984,C75,2.0778834341863894
0.9995304397307336,C10,2.809962664855587
3.7766324845142663,C19,-3.418847819628253
4.6979395020753145,C00,-0.35829400385315413
1.5013072593137622,C12,4.065721232410277
4.563957415521145,C99,-1.4773950279040204
0.8728023082949221,C14,1.4742392850517754
9.725900192279369,C35,2.849656827641907
9.173463333863765,C00,0.9681037753385566
4.858815651386976,C06,-1.6855813177324184
9.453032359015197,C00,0.09708123990051953
6.995624161791056,C00,1.1999929872769264
7.264123810455203,C41,-0.7769036034499646
4.374105783645064,C36,-2.4158732296432035
7.132120651658624,C23,-2.9300645791968245
2.7991878753528,C66,2.3417322877863938
1.2010932457633317,C03,0.7815798223832127
3.012408029753715,C00,2.2247769023347934
3.594622800592333,C40,-0.1607345106300868
5.233007543720305,C20,-0.1482924143747426
7.995736300945282,C02,0.8206829686844432
8.39189913822338,C30,0.9893155676018195
7.640462056733668,C54,0.2371834525619867
8.222401812672615,C02,1.6191199045730262
5.765146699268371,C35,3.044892660016643
4.5290219760499895,C00,-3.415987137030838
6.258874479681253,C09,-0.8389682788687792
7.753804249223322,C04,1.3977621950167052
9.145066756755114,C83,-0.603411178840566
8.01455506356433,C92,-0.9339323678955959
9.891447322443128,C00,1.1586980868356018
0.5036181956529617,C22,-0.16019113399332086
7.077970753889531,C00,1.3691503494487687
3.486368707381189,C40,-0.43355356556140257
8.840788337402046,C36,1.0476188552973105
0.9658023249357939,C06,-1.989041650023349
1.7234293790534139,C04,0.5931774575764803
2.19900916563347,C50,-0.032310317941871114
1.1023749923333526,C64,1.8352185913352352
8.51914843544364,C44,-0.8742955564070607
3.5763165983371437,C91,-2.3646818117811
6.9359869114123285,C30,-0.23607696482048057
7.015502622816712,C62,-1.392830596434411
4.9923541862517595,C00,-0.0581995156962789
9.297265901695937,C20,1.8236030672839059
3.460051049478352,C71,-0.5945890558892098
7.526048969011754,C04,0.494064657855126
5.653532512951642,C00,-0.8643641261692916
0.33526048995554447,C66,3.571851018076416
9.310983719769865,C30,-0.24284297637737454
5.147414212115109,C06,-3.1214919505792844
3.2357309572398663,C43,-0.7861227983498245
3.8407285208813846,C44,-2.6627319050941165
3.764971422497183,C05,-3.4308208786814665
6.491882952395827,C92,-1.3112479479654224
1.9893668964505196,C07,-0.6983981743384524
6.531928477343172,C27,-0.5293775701872231
7.0935047790408134,C00,1.6323408547573024
7.750741725321859,C00,0.2055217813676311
2.7239061682485044,C29,-0.5992897067682521
3.324924709741026,C00,0.43073264349341683
2.9408792522735894,C32,-1.8913785238037994
9.288855257909745,C02,1.9207874410805177
9.67804451007396,C41,-0.6112173775242792
5.40865525836125,C08,-2.5800743437524294
8.53082176996395,C74,-0.8212736534260219
0.257912240922451,C61,0.7055054725391889
7.585311408620328,C88,1.079020319949211
7.707237692084163,C24,-0.9170142508063258
8.264473103918135,C28,2.517488231292368
6.656657578423619,C06,-0.21047876755151812
6.072531642857939,C71,-1.1688356913221474
9.596446373034269,C06,0.25126462363611046
9.059566864743829,C98,-0.8232326596187611
8.724133053328842,C00,1.8170569616466916
7.8923987201415,C10,0.8941923036423076
2.19548991182819,C00,2.15216522370528
1.2672103103250265,C94,1.4786181560491385
6.1450890731066465,C48,-1.1872302930010075
2.9043099842965603,C09,0.40586634953770295
0.12630610493943095,C12,2.3159207955640655
2.455302628222853,C22,-0.9622804165630967
6.976865995675325,C00,0.0842912933260258
0.33579243114218116,C37,-2.6232942249836957
0.7580454624257982,C94,-0.8220078082858318
6.466450169682503,C03,-0.5214949731891221
3.823033377993852,C42,-1.9546320808963025
5.816311084199697,C28,1.6587510587780454
4.942651628516614,C93,-2.6296733657453215
4.128729354124516,C81,-2.6544810118801214
7.263212555553764,C07,-1.865189488051242
3.9896092587150633,C83,-2.369366960319648
7.85322017269209,C18,-1.221833974624055
1.7204801249317825,C10,2.7978757873080355
6.372720287181437,C77,0.1302452955915976
6.468329329509288,C00,-0.9440613240675446
7.3909936379641294,C53,-0.4100358109668911
9.567057469394058,C32,-4.157423424068696
6.421963362954557,C39,3.126476914488382
2.496446561999619,C06,-1.1929772297634225
6.0745589807629585,C19,-3.2899613406163697
9.86283544683829,C00,1.3331696115299057
1.9060501013882458,C53,-1.9795037823768427
9.67337803915143,C28,2.8177969506397966
4.521227800287306,C70,1.4146454919953702
3.2181338989175856,C01,0.43671105627691476
1.6655707638710737,C00,2.310471980322246
8.279961568769068,C38,-0.5420625230770411
2.4130406882613897,C01,0.7577152433726798
1.4070986839942634,C06,-0.4914489591415244
4.814177092630416,C93,-1.4165756916079664
9.266292883548886,C01,1.6196535814509039
1.313967069145292,C44,-1.6433969782433904
6.09038126654923,C04,0.6980555849669244
3.7452352978289127,C09,1.3916287541340875
9.01216801488772,C63,2.0008508495137587
0.1135604060254991,C16,-3.268594189257257
7.468331300187856,C80,2.589318801435441
5.313124670647085,C02,1.2275866332907692
1.150175929069519,C77,-0.8793212878539516
5.863723594229668,C39,1.6584274503008607
7.369345354381949,C00,1.210719125975651
0.33427566522732377,C48,1.257583393650856
0.8932028245180845,C00,0.7997661259169817
6.09321697615087,C11,-1.4130670537529808
8.300318284891546,C00,1.4770351427435282
9.219675408676267,C20,2.940097964663252
7.31792721664533,C11,-0.8927555057088967
5.825983521062881,C00,-0.1381557702908082
0.1062848069705069,C18,-2.688286563571051
6.217738830018789,C64,2.6134641409449904
9.174071599263698,C11,-0.1674805733184448
4.807194753084332,C03,-0.4525430807381068
2.2616814635694027,C52,2.606317577376355
4.826481037307531,C32,-3.174510447889637
0.6702007702551782,C00,0.2422084919580091
7.724450740497559,C24,-4.247301948000289
2.191511851269752,C13,-2.658421184464053
8.671397473663092,C14,2.4015763055259063
8.965708680916578,C07,0.7901302486912891
6.490151546895504,C59,-1.7580847729057387
9.724248049315065,C20,1.2452760118206319
3.2344600278884172,C03,-0.6626548777962111
5.293216607533395,C50,-2.912656718399925
7.096094409935176,C01,0.881084088985234
0.08767059305682778,C51,1.2432524911705902
8.605004856362939,C31,-3.5545503427129934
5.031048441305757,C29,-1.7254965728967098
7.724427517969161,C34,2.035440974551063
0.6856398354284465,C22,-0.3800032093245189
5.094841651152819,C13,-3.144671986971284
2.4384511238895357,C49,0.6210113623980436
2.701409470755607,C03,1.860468838212129
4.167208215221763,C58,-0.796992841850483
6.79061230737716,C08,-0.762433117700853
3.7224770546890795,C13,-2.9635529356622032
7.6134929014369845,C36,1.167555879522604
2.431993291247636,C66,2.1923943123241383
0.4080940177664161,C63,1.529379907662814
0.9931815508753061,C79,1.7156383812024456
1.3227942562662065,C25,2.5827072387938905
8.22425791528076,C01,2.3160522773175902
2.768725687637925,C06,-2.3387491314487265
9.770821388810873,C00,0.8568958950256268
9.37817397993058,C01,0.5781837932959744
4.192369966767728,C14,0.05414917570280586
2.6086884015239775,C11,-0.5091610790458051
9.194389441981912,C39,2.7435630912333204
2.4123988021165133,C33,0.7044538705459436
2.629338603001088,C15,3.436807338931818
4.634518418461084,C10,-0.4420077024510751
0.4898137436248362,C00,-0.15799398366488382
2.3659283109009266,C01,3.780507622944785
6.481977452058345,C20,-0.9125181988581399
3.0861317762173712,C59,-4.772502559073796
4.204026858787984,C02,-0.4568035765206274
9.691522021312267,C52,2.2819763567990945
6.652272299397737,C35,3.2134659054786407
9.794257839675993,C67,2.4535695932324844
6.767213193234056,C64,2.0106298620823773
6.481155310757458,C18,-1.6990481558419002
8.546795537695289,C18,0.2812574962770149
6.904070689342916,C01,1.0319355301930329
5.1982066803611815,C02,-0.07250357874440816
9.100477728061378,C79,0.6129813163705847
0.7011155341751873,C00,0.4788078737608996
0.34218836575746536,C35,3.207679757949064
3.874137280508876,C75,0.4107938989584807
2.068241056986153,C02,1.3049135405817622
8.534575595986098,C72,1.4694172497296356
2.3161692498251796,C96,0.40581859150419397
2.763660647906363,C63,0.3797626767109058
5.725668775849044,C32,-3.536688185014289
5.7320426451042295,C06,-3.4103055270858817
0.850386309903115,C02,1.0699680503289237
6.663764284458011,C02,2.3393456354267834
5.204092331696302,C51,0.2927783380174808
8.95856952527538,C67,1.2578896475962276
8.55424267007038,C11,-1.3729964478955297
4.927905015647411,C04,-1.7414109322800553
0.06570389028638601,C06,-2.159058280056615
6.35121738538146,C00,-2.0577052485309295
2.4275898141786456,C70,4.944736259900753
0.07794815581291914,C11,-1.4696375692262025
2.5179218081757426,C08,-0.7422527584804725
5.1973085617646575,C08,-2.1047305396180094
7.58177726296708,C02,3.4141648802988005
4.365682832431048,C60,-5.792409495424912
0.6001051841303706,C63,4.097257508314327
7.25714597851038,C02,4.092505270693768
7.183341048657894,C33,2.2357050780668444
6.369020226411521,C15,1.1509806993010159
7.559322798624635,C24,-2.7286593677068804
3.340925278607756,C02,2.341306032388954
9.576424113474786,C11,-1.58582955359888
3.726429929956794,C03,-0.14412891855155413
9.998432963620871,C43,1.0236558803644884
1.6219679336063564,C32,-1.69906507230953
7.950286043342203,C34,-0.03924060249340422
9.33792428812012,C26,-3.8447079404672158
2.792631099000573,C27,0.5988752250719083
7.963708171155304,C47,5.2780877787614
4.816156371962279,C00,-0.9479175532423116
7.396278127562255,C08,-0.38837346124183436
1.5904943086206913,C56,1.6137202226320655
7.220516470260918,C52,1.1793407877818043
3.0005304724909365,C52,2.261551398337265
7.944214870221913,C81,1.4145519530846966
3.914695605635643,C48,-1.180862115959338
9.297975788358599,C00,0.7012776749142335
1.7021159338764846,C31,-0.813208168700689
7.551922092679888,C00,0.8915096439252509
7.163228110875934,C53,-1.0957933829873991
8.683701751288027,C06,-0.44816457891499795
7.106639603152871,C42,1.3747685405042867
5.491816422436386,C45,3.9802303028552974
1.0093192453496158,C34,0.5887178497907106
6.811238566879183,C38,-0.8213124327217225
2.881947080604732,C33,1.651666239134403
3.915069317445159,C00,-0.4375110069714848
6.532230630982667,C16,-0.32028673474970315
0.7465128763578832,C67,1.538902969741517
2.0008905977010727,C00,0.7931027032077852
4.079967986326665,C12,-0.7755233317174242
5.271705738268793,C12,1.807128283045233
8.411731403321028,C90,2.5593731653370435
0.7831732393242419,C12,3.6886371435825955
9.839248408097774,C00,1.1618180422322522
5.111609096638858,C41,-1.1654337471665959
9.267318230122328,C93,-1.58782867076561
6.351955928839743,C72,-0.5175841190776893
7.7373207081109285,C09,1.460401722767464
1.070195131469518,C41,1.1587807725724488
4.678247591946274,C45,4.7258671016407705
6.770358441863209,C07,-1.7043425128027017
2.1928690653294325,C15,5.832990568140907
3.3847546856850386,C25,2.846008241307329
7.46256637154147,C03,-0.005473247840992901
5.45226083137095,C98,-0.9497328830618983
5.8013629307970405,C16,-0.6600942094368436
1.2306481413543224,C18,-0.0669672390582533
7.525014095008373,C25,3.264111109366872
7.650563307106495,C13,-1.9819629756686106
7.791243777610362,C40,0.7539402428949056
1.5028182161040604,C71,2.0892666978634797
7.489556458313018,C00,0.3625264161435817
5.882800375111401,C00,0.48971394467391577
1.0148793482221663,C29,2.5382099343257996
6.569900545291603,C34,-0.3998909041909708
1.3066849997267127,C86,-0.9976336158359107
8.033088252414018,C02,1.6197561813344281
3.029524127487093,C55,0.8584444534900126
4.2149965930730104,C02,-1.1198156167710844
5.236705748829991,C03,-0.5166231789162476
9.139662117231637,C36,1.713396263894682
3.1300727487541735,C51,1.6398082917077343
4.232873769942671,C00,-0.05574555971207412
4.249062659218907,C89,2.38884157365563
1.5437055216170847,C07,-0.48387939466393926
8.447469840757549,C47,2.8476357466949116
0.30906039057299495,C48,-0.9119227707389757
6.580085516907275,C17,2.944952007246398
2.3837173404172063,C93,-0.9141829052801744
1.679001187440008,C59,-1.471137155617182
9.430420477874577,C27,-1.0558992351207692
2.919527217745781,C56,0.65870153203565
6.530920099467039,C46,-0.4387047339954947
9.796457916963845,C85,-1.7079604464521259
2.5939276767894626,C00,1.5094381334326608
8.080717867705971,C10,3.037174154602323
8.791775121353567,C01,1.0323298053525518
5.721102773677558,C05,-2.0596828659678277
5.681004850193858,C15,1.604866988063392
7.733728587627411,C00,1.925439551600967
2.465486398432404,C10,1.2177607778080273
0.4420731053687632,C55,3.5519777877963126
5.010766612831503,C20,0.11141652031843666
1.0765155893750489,C09,2.011388812103939
5.219370531849563,C27,0.6214657313360297
4.597727316431701,C07,-2.0982047609768806
7.762377040926367,C03,-0.1513340068666753
7.032357766292989,C33,0.3345912141362857
7.879486130550504,C01,2.16753924418615
0.918517280369997,C04,0.6083743781596926
2.6321254880167544,C02,1.7235753268817442
8.412865542341024,C68,-2.499251631021693
5.175519506447017,C17,-0.3818220397761626
1.1231308546848595,C26,-0.3499952141013265
4.723072543274611,C65,-2.916053620229575
8.808970220852643,C01,0.6705557879060323
1.117101025301963,C18,0.1125818466895126
1.023047340568155,C40,0.2524573873481877
1.8960331147536635,C55,4.915475170526316
4.954268028959632,C02,1.609398749343565
6.017649522982538,C33,1.035745627154956
1.9181780121289194,C06,-0.04842204707598785
3.7658997112885118,C00,0.480585186871501
0.7697636494413018,C13,-0.8206595274939434
8.043535277247429,C09,1.8524909881606337
7.576117352582514,C34,0.12740654960611997
1.3842799188569188,C00,0.8881356098309432
5.740107288584113,C16,0.4384902336095877
9.417218095622957,C33,0.9470128215601833
4.273388662841171,C14,-1.9941746815547385
8.975288912188262,C40,1.8960668986222147
3.6395177128724754,C11,-2.6978127145560933
3.3795895404182374,C11,-2.753690592183665
0.45540151419118047,C16,-0.4569314030708249
9.725123478565365,C49,-1.955125172798407
7.188023864291608,C86,-2.7381026808300852
1.2965918588452041,C73,0.32141197699121693
1.7805509082973003,C05,-1.0866627183125361
7.187582303304225,C03,1.8357647354529636
4.082578062079847,C01,1.1101472508921026
2.182793845422566,C46,-0.5557130868768055
3.4186704945750535,C56,-1.4800645286742453
7.786490228027105,C37,-0.1627173572986691
4.225441680755466,C11,-3.460470303574246
8.819338863249868,C00,2.513492582194333
2.1854256209917367,C69,0.5391901591434529
6.153603005222976,C06,-2.614495824055993
9.982944936491549,C11,-3.516364081046468
5.982884254772216,C22,-2.0073716369904484
9.779812751803547,C03,-0.5972781330455126
9.544341547880322,C00,-0.6644299866177283
1.0558830620720983,C01,-0.2857471032431964
2.8697461308911443,C03,0.8901101785753414
0.1800145534798503,C08,-0.7082138007080467
5.307545815594494,C28,0.9453672566388909
5.791526404209435,C01,0.8995044088266754
2.432430889457464,C00,1.101756298663
2.2232265933416784,C59,-3.766521086698864
8.885846985504031,C15,2.2092340842021425
9.484335151501,C96,-0.7004232706085278
3.47372974967584,C58,-2.9495781842746243
9.50323500437662,C04,-0.4727378896995026
4.299315577372909,C33,-0.8483692859120886
9.180457282345742,C95,-1.1145223057626552
9.475423316471279,C94,0.0585135987281582
6.089816500898451,C04,1.4165524611279137
2.128904110286385,C52,2.929779891340755
7.045868763234466,C19,-2.351185493130375
5.839027049951255,C00,0.27025017296563303
5.170040130615234,C19,-3.336627381300113
7.841596370562911,C45,4.985268324704234
5.59984362218529,C11,-1.2371968556173514
9.646883665118366,C16,-1.027565004880389
7.2275401977822185,C21,0.6257182939096563
8.410609560087323,C23,-2.5412747511060845
9.377597831189632,C64,-0.6047078595933182
4.973226611036807,C34,1.194917215528041
1.10030333744362,C57,1.7166614961464863
7.475266435649246,C15,3.1091397789524464
3.778002781327814,C21,1.2506423614615576
8.84463501162827,C39,1.5530279531215803
5.768992532975972,C93,-0.9059676395565224
2.4650436895899475,C40,2.1608542624895226
9.584596201311797,C52,2.800293617070789
1.5907581057399511,C29,-0.5907900858483838
1.4002427295781672,C00,0.8032463428538364
9.430493293330073,C57,1.9229144773952953
0.1148910028859973,C05,-2.0228742427554667
1.82432830799371,C00,0.8647586833457113
4.13101562531665,C59,-4.297896532583506
3.670298212673515,C06,-2.000220717409902
9.916945984587073,C70,2.8123093658840856
0.9192715841345489,C43,-0.3264502237313669
2.192127052694559,C06,-0.11236149874034497
6.651300876401365,C47,0.06800657394044296
3.0345204449258745,C01,-1.0217520150374249
3.309242161922157,C15,1.805513015786611
6.550070105586201,C64,0.5382955830769774
6.483791552018374,C00,1.3748198481471294
7.235431338194758,C24,0.6144206147167055
2.4238817300647497,C37,-0.768323731813497
9.077457373496145,C36,0.6416330127436514
9.411909368354827,C88,-0.5655134756982937
9.856742746196687,C29,-2.0559796997204236
7.0498923771083355,C39,2.716856763685398
9.403390996158123,C25,3.178661788485815
2.0701081375591457,C10,1.3932119122282427
0.50192502560094,C46,1.0537028370652024
9.825406232848763,C47,1.1453648330152124
4.2915390082634985,C84,-1.038280766019763
2.735795113258064,C35,3.818133352765867
0.27812763350084424,C21,2.0516855797651097
1.049567754380405,C97,1.185987223326363
5.164733179844916,C19,-2.6978799029894764
7.366251070052385,C01,1.600933398169809
6.911872709169984,C01,2.1810497481102993
0.9427342866547406,C11,-1.3457750640925967
0.932232413906604,C07,-1.2981780116074955
8.436698170844465,C66,2.182263330255302
3.980896300636232,C00,-1.340814665957211
9.053782478440553,C83,-1.3978469711367243
3.6473639705218375,C00,0.14513212748964965
3.693498333450407,C15,0.5811426277288938
1.2412670720368624,C16,-0.4684326136305025
2.4780728481709957,C39,4.018706063795421
9.708335979375988,C40,0.1423255094805672
0.7639308110810816,C13,-2.085326228650647
1.7779143177904189,C21,2.1708861871872966
2.7731754863634706,C60,-3.4287163768272313
7.38400163827464,C02,2.719071982795042
4.918649105820805,C17,0.64581879679339
5.889024117495865,C00,1.0116498266827703
7.320002666674554,C28,2.3533535189547163
7.4713229783810675,C30,0.9786343513065494
2.6699147513136268,C41,-0.9302487692715116
8.387048142030835,C18,1.061486392034625
7.430868318770081,C29,0.9517741202392426
8.840075151529163,C00,0.9765238000851988
2.7694423543289304,C03,-0.0664233618642237
5.871121648233384,C67,1.2653986309184422
0.8741363952867687,C00,1.425672584496408
3.0671755387447774,C00,0.7380623645469777
3.126098932698369,C13,-1.5955661242955181
5.488090091384947,C58,-1.9740552682419652
0.7403118629008532,C31,-1.9992771459000367
5.009755382779986,C43,-3.4394025501069145
1.6270111734047532,C86,-1.3318936770061134
3.616333771497011,C06,-2.0311200693056484
8.897338253445923,C47,1.8763307582123248
3.2749271276406944,C08,-3.1620824585553944
0.650048959068954,C45,5.292164189095974
0.7851219968870282,C24,-2.846146953255131
1.1050594644621015,C56,1.5526924222390346
8.74476760160178,C41,-0.4461121847984073
1.0770992771722376,C03,1.0778236332127893
0.5153564969077706,C93,1.1386992613256406
8.783030544873327,C97,3.7112064444260895
4.335173785220832,C42,-0.559307805207254
7.239466630853713,C00,1.7967631412413683
0.9883429482579231,C05,-0.7499076533919501
6.579440061468631,C98,0.5974105834441648
3.0018344218842685,C60,-2.5247131380591625
1.3563921628519893,C47,0.8590417078382977
7.526347367092967,C83,0.539013693064808
5.4985424992628396,C01,-0.5598033112099928
9.056504957843572,C35,3.6629937870660845
3.077856309246272,C75,0.7587288943027357
9.178899007383734,C90,3.0820708871621276
8.193623390980065,C52,0.6307847799144226
1.4144623442552984,C00,2.3604977208579343
9.353836951777339,C51,1.9107650654532127
4.535986734554172,C61,-3.366301732791753
9.684136472642422,C55,3.3534611928176536
5.814406301360577,C18,-1.3950111379806243
7.289484264329076,C78,2.2558133811571035
6.148112586233765,C50,-1.8066494919216738
3.5638468945398927,C07,-0.8780170235965729
4.516040601301938,C18,-3.18344115849618
8.989061745814979,C05,-4.22257500953012
5.948864372912794,C23,-2.391205624589672
1.4218398462980986,C00,0.9306039643524625
8.608082039281726,C00,0.05376303353182443
6.665358324535191,C06,1.2869358202950625
2.1404293621890247,C15,3.597348687241641
0.008720157202333212,C46,-0.6771488948358624
0.8868364500813186,C23,-1.2995952221621732
4.768144974950701,C54,-1.1142992286059397
7.072013979777694,C57,2.4769198334304785
5.6533004669472575,C36,-1.3084219262215324
3.915037913247943,C67,-0.5187229342286682
1.603908003307879,C23,-2.5279101497118064
3.9428132446482778,C00,-0.7464843113142655
0.6397502357140183,C63,1.5222471214063977
2.653556049335748,C01,-0.6000681640469725
1.5722715738229454,C83,-0.9849427286088949
9.34653325472027,C36,0.02029406381137744
2.3235388845205307,C24,-2.782817978247963
5.446596413385123,C71,-0.7243651025421285
6.8310262891463935,C41,0.6300021247981897
1.5084929578006268,C22,1.2681533289829794
9.749666748102754,C19,-3.8402650088636086
0.5637015891261399,C05,-2.0580251920077117
7.338268079329282,C20,0.3584497714157553
1.810335956979543,C63,2.7769200406461327
6.131845752242953,C39,2.7966362183383704
5.748177208006382,C80,-0.899105497366377
7.089116449933499,C39,3.3070415440805094
3.161142715252936,C22,-0.3644630961967026
7.042837827466428,C85,-0.772451199524499
4.062179154716432,C00,-0.4130928179442417
9.803465742152184,C99,0.7013125252322434
6.209682901389897,C86,-2.9408814027435386
7.998875081539154,C07,1.5675642100284162
9.87881364999339,C47,2.248754210055842
5.541034226771444,C69,2.5068626882774363
6.990579834673554,C92,-2.4665041324830668
6.8833420984447,C33,1.7079602991004874
0.5127113615162671,C66,2.1671330105905913
1.9962158077396452,C16,-2.096033783036104
8.024221330415457,C04,2.319795186575536
4.297683420591056,C60,-5.886937318276478
0.8112869318574667,C19,-2.4631270696108283
6.028028896544129,C55,3.8410537346260094
9.273018604144454,C43,1.2502110311870562
3.624009236227721,C38,-1.1017422944216726
3.710975858848542,C27,0.22898046840525504
8.057951924856752,C49,0.902685980152981
0.4651734745129943,C00,1.4046556428039918
2.105515596922487,C17,1.1852605872950193
5.331799865234643,C38,-0.7675722098136133
8.85012332117185,C23,-2.8100430674371943
9.5892911311239,C76,1.6613275290551486
6.499263411387801,C09,1.6072215254458198
6.732526200357825,C63,1.3746063006748848
0.6763713620603085,C11,-1.6839701806242189
3.409517116378993,C06,-2.177099136556901
8.886365722864866,C04,1.7222390300413166
9.646247911732644,C58,-1.9577504648872048
6.054591701831669,C11,0.17858732956695844
2.9997196956537664,C32,-0.7059257463322253
6.58515925751999,C89,1.5892231270212474
5.405384183395654,C00,0.01573022204482394
9.866801903117448,C00,0.06788602618844419
2.3980145528912544,C10,0.8272126133711498
2.7073467732407153,C15,3.5547459806891295
6.720588686875999,C71,-0.9794833986641995
9.139545650687069,C72,3.5033786102179034
5.00134356552735,C74,-2.96371371977582
0.6686175800859928,C71,-0.5162949196882759
1.6742442222312093,C54,0.8421362312678643
1.7014531581662595,C84,-0.42006928387812026
9.255753247998655,C63,1.797093585425606
7.032502400688827,C00,0.7627285058731379
0.44193232199177146,C03,0.4289872068972984
6.979084934573621,C14,0.4635770370041493
3.0354580678977072,C12,3.084069303765795
7.663604242261499,C00,0.27037572116856334
0.6085237651132047,C39,4.157876445836074
0.23190371226519346,C69,0.5355429609080504
2.473585077095777,C85,0.18379185109741197
4.082768624648452,C96,-1.1960776077700133
0.04090123111382127,C59,-3.6850137827655423
5.871183173730969,C02,-0.40850619204380245
2.481760021764785,C65,-0.7974132675579533
8.181001867633313,C91,0.5953796010115902
6.010012023616582,C00,0.01721676056365734
2.149934754706919,C80,0.788937783760719
8.601376747246832,C18,-1.4839421771940198
0.13240570202469826,C00,0.6785110468077655
0.7992706750519574,C61,-1.4066537063652462
6.827758178114891,C25,2.752547076923857
1.3819741900078952,C53,1.244819605862692
2.740091267041862,C68,-4.561139640263795
0.003834562376141548,C59,-4.306102375722742
2.21614703303203,C01,-0.028850433997143154
1.6675042524002492,C00,1.4834689102272607
6.953521117102355,C04,2.6831127672985247
6.445693832356483,C47,1.1859489043899591
8.617806676775217,C29,0.8383439052558975
3.411901311483234,C01,0.7425536079189815
2.582913541700691,C04,1.2807790539071433
2.432960933074355,C09,1.6779343130337523
5.612780565861613,C05,-3.205016516914717
0.746629680506885,C05,-1.1612961611193278
5.016484607476741,C00,0.2675782965575755
3.1413522688671947,C98,-2.067323395799017
2.292099001351744,C95,-0.956805822334619
4.533541628625244,C06,-1.4990218614854018
8.872734557371587,C00,2.712045205920936
8.990194611251354,C00,0.3437738817583983
7.368303949479014,C46,-0.46312244870321007
8.132835023570806,C22,-0.3931807593570355
1.6675500408746302,C13,-3.0651159530296983
8.354787873104215,C21,1.986884365372603
2.416215429548174,C77,-0.7186197199575782
2.1618324238806963,C42,2.2054045443072
9.539021770469844,C08,-0.9624111556051441
2.9604048538021743,C89,2.2952221880924775
7.761206671129912,C74,-0.8321283708612739
0.23022497072815895,C08,-0.40618986464758544
5.743412687443197,C01,-0.7150983475039144
6.02382937213406,C15,2.229781634663822
9.027841403149068,C17,0.5535796672351658
6.2613720004446805,C79,2.949251109166786
9.153328677639365,C86,-4.12779123246496
2.8269975585862994,C10,2.135417592811482
9.820801492314786,C38,-0.7826080632147256
9.647215269505978,C30,-0.22624650915655298
4.011792393866926,C61,-3.9068379325683504
9.4872638839297,C79,1.4669671512709341
8.722969891969115,C14,1.6279260821865877
7.398342965170741,C54,0.35739137961933176
5.673787568230182,C84,0.48073192701518164
0.21895998623222113,C51,3.062803714977954
1.8410823866724968,C00,2.583725996805278
3.586216380354017,C67,0.6799235317853134
2.5608345004729927,C00,2.7354943457510923
5.228529104497284,C69,0.30787437708791515
1.824204889126122,C02,1.7720074559153527
0.16861070413142443,C86,-2.6183753928037765
3.5863722930662334,C01,-1.1885928503183325
0.09445344097912312,C22,-0.15428977477007166
0.6635349476709962,C00,1.5558433530062274
8.092982964590192,C68,-1.7093241054380794
7.062907316721976,C27,-0.25339705924525346
1.9250898738391697,C13,-0.70634306793605
1.4571440313011408,C40,2.3379468517757775
3.6211563437245786,C32,-1.5671351686538475
4.950854419730604,C08,-3.208408809004612
8.601268334314227,C30,-0.14389455048719524
7.20980801153928,C50,-0.7064474638001277
6.199115228373557,C59,-3.545073785929958
5.626587548758835,C54,-1.5085105926230027
7.90857617277652,C77,-1.3151267873193058
7.910447074100375,C26,-2.33421841512211
2.926365251187235,C02,0.9735846679759047
5.72187771089375,C34,-0.3554119482886843
3.4980970807373524,C35,3.611422211633524
1.8771243607625365,C11,-0.5162113864639273
3.9296362083405256,C94,-1.4824752190230754
9.617588082328439,C29,-0.8855904295724156
2.32901559676975,C28,3.8729963291787337
0.529199605807662,C40,2.5732326580755496
8.151907271239907,C38,-1.4037717027782448
1.1447255010716617,C69,0.6325109600067249
4.204578825738281,C16,-1.7681671596110493
4.965367722325027,C29,-1.6456909319071202
3.9602747606113553,C00,-0.5712090318487766
5.945847905240953,C08,-0.7637851585814344
2.1065981313586235,C05,-1.5629067962459438
6.3362922007218,C30,0.2229840330784112
3.9995393715798855,C08,-0.8317601051023327
8.509446738753468,C62,1.0055658680535293
4.978082242887467,C01,-0.6306240186904686
2.190603669732809,C45,3.520616494140353
8.428419441916049,C46,-0.8650463694447545
3.6483449628576636,C20,0.48116989035097146
0.06924346787855029,C17,1.271992561163097
1.1580409365706146,C15,3.602116787621925
8.39653902919963,C02,2.8177149938132175
8.67644217563793,C00,1.688052922012982
4.635830782353878,C35,2.799862510016222
0.6904889945872128,C88,0.43641753053750376
3.0775652872398496,C29,-1.3191570358525206
2.3203566623851657,C61,-0.5621620025969671
1.1043943325057626,C04,1.6691292959494082
7.560761580243707,C63,2.640993257634098
7.753509918693453,C78,0.21280169779297242
4.318846471142024,C79,0.6102146013571979
7.085836119949818,C40,0.5157162348505544
8.142427324783057,C36,-0.9688877650988323
2.419191785156727,C53,-1.3500851555934394
1.220737942494452,C02,1.4901046648335377
3.434585623908788,C89,-0.16019562647456587
9.837482229340822,C57,0.7533050685197122
9.946820002514869,C96,-1.714606911795644
8.094957456924021,C65,-0.30803467429819775
6.654317018110305,C82,-2.4006388815588267
9.468998350203037,C75,2.3986374565865254
7.5829774886369705,C29,-0.322914561849167
5.1904937834478915,C00,-1.1861088972939133
1.5121269854716957,C05,-1.2589295453843732
0.8751722984015942,C02,1.3766068561642928
7.069444768130779,C22,0.822951110347537
7.731301784515381,C09,1.5156470641072217
3.0978605640120804,C02,2.477218551089745
5.864897668361664,C31,-2.9351423183887246
3.0283771851100028,C03,0.6782089582508123
6.21520716464147,C00,0.08366698676921441
4.914991550613195,C18,-1.2249419497690643
8.36676815059036,C35,3.7944871362754844
8.932149971369654,C59,-1.1766948067357719
0.8373477356508374,C00,2.057786438005175
9.170616648625582,C25,4.010502860934582
3.1414126558229327,C51,1.3409479344516004
0.3560844878666103,C05,-1.6778023950290577
9.922361569479108,C71,-0.31981434184833013
6.8870849488303065,C42,0.06902124558002692
6.999102961272001,C00,1.1002465388253837
0.9869693196378648,C06,-0.6253582016057367
9.366197772324085,C81,-2.4562713880378046
3.4769688290543854,C29,-1.4630417857576765
4.784693238325417,C85,-2.1748043234637335
6.751555765513331,C03,2.223651736652905
8.85337661486119,C06,1.1330887059473609
5.990867291111499,C00,-0.7590710948458967
3.201205269433558,C12,2.5190572454778337
4.248979662079364,C10,-0.35607099997232483
6.980362767353654,C77,-2.1711924217204475
7.563237373251468,C42,0.688401969977288
2.731405757367611,C31,-2.3651638190983393
4.362859309185296,C54,0.060790151896574995
7.165405985433608,C42,0.9395619122691533
6.1476952489465475,C15,4.603606572288884
0.1878838101401925,C01,0.8406866964633084
9.512908793985844,C24,-3.553553797467742
8.511499417945743,C35,2.7779290946764648
3.7261199485510588,C01,-0.3400810322636181
5.407723486423492,C24,-3.405424756156523
7.707109928596765,C05,-2.323821410641351
6.104354839771986,C45,2.9486566696855387
4.25846096361056,C71,-1.7274330961050148
4.29016939131543,C72,-0.5893658888871451
6.569387463387102,C04,0.10733899205307462
8.641299216542393,C23,-2.139221699561892
7.6577006676234305,C74,-2.8293964727504073
8.815238168463111,C55,3.192735242771961
3.032455842476338,C67,0.46136635193524644
4.264843352138996,C76,-1.4371293781765748
9.38635147176683,C73,-1.0389006829148486
2.9002450266852975,C63,-0.8480266876386104
1.8195896013639867,C07,0.42115140913269966
5.272816466167569,C25,0.9153045169795225
4.379481761716306,C02,-0.08224308112263645
2.4906396213918924,C98,0.40411246659977584
0.8835711446590722,C37,-0.7413662323204226
8.442424279637635,C04,-0.5036147274676028
7.854287296067923,C00,1.6289998067289342
0.9532369626685977,C73,2.2657907941029563
4.364462443627417,C09,1.0472394405198675
6.245245095342398,C31,-1.2094659712612832
9.07083741389215,C02,2.971385265576995
3.414568218868226,C08,0.1998617801439022
0.7474534446373582,C74,-2.3069386715818023
1.8505099276080728,C01,1.4642955778912907
2.763388426974416,C21,0.511148360181148
1.9618154363706708,C39,3.048155848328579
1.6914882324635983,C65,-0.25360823500540314
2.3308145068585873,C00,-0.5173770466163286
3.2533245463855565,C60,-3.861086658030993
9.587436008732766,C11,-1.4265287773417776
1.7341874330304563,C39,4.341161849070807
9.552262735087425,C11,-2.2718125835318053
1.567259645089507,C09,0.37340005576554103
8.89585105003789,C38,-0.9379271190971525
5.185366829391569,C01,1.2451706959634246
9.55150472233072,C27,0.41180951149532447
3.820518080610782,C07,-0.5268264077304268
2.2907796502113342,C99,2.1661965162424375
5.951109321322292,C87,-1.9595570496727222
5.209327309858054,C75,-0.3026560178345586
3.6608746112324297,C44,-1.2890214662464088
5.990949310362339,C22,-0.12990624238666104
7.9882388189435005,C00,0.5602350168767414
5.349454651586711,C00,0.7792610419340404
0.6172344065271318,C10,1.167150121668568
1.0757912788540125,C20,1.3316043426287876
0.656567495316267,C00,1.1392424792031721
3.868371043354273,C20,1.0306069259224824
2.477928304579109,C00,1.6621972034530959
9.587214747443795,C38,-0.4056848705745355
6.1545838648453355,C73,2.118173019123467
3.2153602060861886,C73,0.34691812611935147
5.893870603758842,C19,-2.7777469287992624
1.260645780712366,C20,2.0579100099280545
9.890048450324684,C45,3.5940439879628174
5.415975239593536,C02,0.94407890458725
7.252908647060394,C00,0.7884547420526035
3.38735927361995,C15,2.318098762063153
3.965088629629463,C00,-1.2201535777182864
6.03646305622533,C00,-1.0319651783758972
2.2958181030116975,C11,-2.0369224589281734
2.634529611095786,C00,1.3769050814250912
4.289040977600962,C95,-0.7557774177522694
4.13400816032663,C27,0.10106082817189066
3.870718979742378,C85,-2.1323227481025366
3.465677173808217,C49,-0.5750778233891436
4.983045349363238,C00,0.17604612355325744
3.829585863277316,C12,-0.384471437903098
6.122900298796594,C23,-3.4066913985920624
8.5808868939057,C11,-2.792866273245335
0.8559768367558718,C01,2.6591002219873268
5.996313716750592,C75,0.43477956269035134
1.6794661991298199,C55,2.0103370008602672
6.767784976400435,C12,1.6446667435899167
4.81246987124905,C05,-4.08083948054598
0.8235141192562878,C29,-0.6670906861753293
2.849146460648626,C06,-0.3756126943116244
2.9966662265360355,C08,-0.0764046478082061
5.11352613568306,C74,-3.398424014236995
5.5992054753005505,C85,-1.3196362149152994
3.5932972142472863,C61,-2.3474991493951256
2.9011516110040247,C02,2.278034932301922
1.5021002246066928,C23,-3.423071755738747
2.2268310142681003,C30,0.7377329471093821
0.6953689665533602,C90,3.286183574156888
8.235030474606901,C49,0.575042035041957
7.128228053916246,C02,1.9498899452236294
1.0298221930861473,C00,-0.5152420060910532
2.4628561246208847,C14,0.007657093897756373
3.832614663988352,C12,2.1691474445914434
5.528020998463035,C41,-3.0469145777073248
1.5688865329138935,C67,2.2999797555079153
6.053443236742169,C29,-0.13205713792098406
8.172191041521728,C00,1.2108066756471305
9.51572363032028,C74,-0.6225992138540442
6.025189489591867,C60,-3.650740619045722
7.702180352061987,C34,1.1924262960676753
7.103222485166043,C44,-0.9443751133635853
6.188297930639237,C05,-2.442486536099805
4.556769798509777,C00,0.8334529757079738
9.448019457049668,C89,0.8289380780699256
4.637198052369058,C72,-1.4398080856230266
2.518260523211211,C62,-0.4453174585085513
3.697765152901411,C91,-2.09860472915384
0.6186361354775727,C81,-0.2611623482040378
6.20444601168856,C71,1.0384110928062507
0.3431790485046804,C11,-2.232043901623684
0.9093891945667565,C99,-0.30052074977712984
9.024020766373724,C00,-0.4004595725800486
5.578579029534012,C78,-0.9453288236392479
4.526338882278651,C05,-3.8630297648466922
4.383925744332373,C11,-2.8666509393785136
8.654442760162055,C61,-2.3202912752626412
8.264921512454748,C80,0.42848364106767045
2.0883473893627524,C04,-0.7173253645820998
4.897022726945579,C17,-1.7811330480220375
2.2267756005749106,C34,1.0176044266977375
4.803429313469678,C04,-1.131795537854164
8.172161055263132,C53,0.8760037479751476
5.635605507995933,C03,-2.591218913081854
5.095268350560218,C00,-0.07005535973273797
8.66201377240941,C13,-0.4430257897130847
3.397926166653633,C74,-1.549061897237904
8.85007016826421,C71,-0.9197606700761756
8.19167640293017,C74,-0.5090335746556305
4.290042440406978,C12,1.6827069397710968
1.3801379106007516,C20,2.1052863525478163
8.630394900683314,C28,4.5357070770610175
6.274982623290271,C00,-0.820437099228815
7.43336760206148,C00,0.7813847648131089
6.228406932204962,C13,-1.919657208024565
1.729442779906094,C00,0.9746016902050368
3.122362189460546,C53,0.7044279206412729
2.2676888830028474,C97,1.823298887624217
5.386478542350233,C91,-2.7554838188381625
3.285625451244414,C00,2.0604094423355326
2.294247173704207,C00,0.44176498273625275
4.960131538100541,C18,-1.6811672857134619
7.637713723815978,C12,2.9624946396725957
3.9551563281565905,C92,-0.707039698999167
2.9913987079635262,C01,1.7509090060029027
2.2979848133400083,C38,-1.6939887301881886
9.788423816207796,C27,-0.8551653147076257
9.858075061347336,C08,-2.0793765523761136
6.163449173327535,C17,2.3406186948215377
8.326110888738185,C32,-1.5569302504517313
7.916151778772473,C32,-2.5648667673170227
5.558253230992705,C35,1.9597249769081604
4.239473326597363,C30,-0.04812033330067256
7.410914404317737,C00,1.972190478143078
9.591347810346633,C07,-3.07457912583381
2.814877761993557,C55,5.518885592511467
4.687229273840785,C37,-2.4119353599000846
8.195466035977006,C00,2.261473692346941
4.213360319845378,C01,-0.12969468765273398
9.826786972116679,C39,2.0306667276739705
2.981969176325947,C90,0.8421414137590131
1.3527356437407434,C33,0.7553615786880716
5.536499726586044,C34,-1.0696030033648736
9.132770590949804,C99,1.0065987940450598
9.812774613965303,C01,0.27506822603410086
3.203188350889832,C44,-0.43648980112242264
4.65186569839716,C10,-0.7594869507814052
6.363731445744634,C50,-1.79544388200339
7.328356774523854,C07,1.2208556150471537
1.5752794034779072,C89,2.0017592929840577
3.786335007753223,C41,-0.36910771991000024
2.1231457754038274,C17,0.7800288490884908
6.758659235201776,C69,0.6766793773310613
6.033017970621586,C49,-0.07068062047881063
3.741483027115464,C85,-1.0658006849562354
5.213805916719139,C07,-3.8258986729748883
5.963356159627438,C18,-0.8260632772656
6.085527103859931,C95,-0.8488821615296781
4.8205438745208085,C53,-2.788991817439813
7.633697399869561,C03,2.037892208495245
2.2100961301475763,C41,-0.6101380366218891
6.292934000957757,C27,0.3179726302140511
3.5138743463903666,C41,-0.694314897931017
3.16206764196977,C50,-1.2036090455495323
1.3110799505375326,C28,1.2647739033372256
3.466465137898922,C07,-1.528479824110661
6.3304409477859735,C85,-0.2327334939738016
0.7804491836577654,C19,-1.8550056477581016
5.458026910200715,C47,-0.025257688194824324
3.018578444607556,C14,1.1371376951557726
7.198227788321674,C25,4.0029810019459005
6.386909533757716,C03,-0.03965804249479843
9.73654169589281,C13,-3.6799271004783085
5.958868078887463,C12,1.8214560953041272
6.022438416257501,C21,0.1830306073707182
3.594210504088551,C84,-0.1384345323219533
2.611048521939665,C00,2.0913611613263816
3.266013180837035,C12,2.367787741859127
0.4373901803046465,C30,0.9508451169964208
6.563248944003135,C37,-0.5589074970231855
9.465192519128323,C76,3.0461744241542816
6.092792844865471,C12,2.8490574674665345
5.492526907473803,C06,-0.32366830362982646
6.3291052263230085,C79,-0.4532095522263584
6.954892762005329,C06,-0.20248523592764994
2.9419751511886716,C12,3.3614974711948467
6.52415641117841,C00,1.8880322338953235
0.9443132625892758,C50,-0.06763793204440849
5.1388086611405015,C04,-1.1296305537571403
4.194592374842614,C87,-3.7219187462170584
9.13025478599593,C00,0.5128122809910327
7.450047933962196,C02,4.206244819280837
9.843268594704568,C10,0.772450394850097
5.710771281737834,C16,-1.038707315950969
6.38874989701435,C00,0.7702869494693433
5.3016914264298975,C93,-2.1154390074972538
5.07522651925683,C00,-0.055417478482711835
1.7853163508698344,C62,-0.35881018296323475
8.407423289027065,C28,2.6768391295498293
2.481068903580308,C26,-2.3084716066618354
3.3572895196266472,C08,-0.9307070246385946
8.345317579805851,C33,2.6675484783355636
6.72894743969664,C00,2.4527196609613204
3.0771073536016047,C03,-0.7962102629179874
9.160321871750057,C00,0.1711583641784934
3.6087865685112774,C66,0.26733544753425076
1.7821653466671705,C07,-0.4538368085432505
0.5720574618317187,C60,-2.91839752781331
3.92686233157292,C14,0.9993738168631582
4.221159289591014,C71,-3.1666682140733706
3.2963537704199553,C84,-0.36708529098713366
0.18308553146198392,C13,0.2388922812886407
2.4370491527952254,C14,-0.11913745343670179
5.571778239682317,C23,-4.396608713174461
0.4570913757197559,C13,-2.1655290817031867
9.94779780972749,C43,-1.0818269574787855
7.433139723725617,C88,2.0364780584267232
4.972336336504668,C50,-2.2468824479099285
5.346913957037032,C00,-0.6153053440551882
9.144982318393886,C13,-2.7037372609395156
5.648740595206618,C20,0.9686069742010658
1.7029557772912085,C02,2.3359125491718813
1.4065098599530756,C94,0.07614889952599085
4.335309844464064,C37,-3.1400455845452266
2.184801164548844,C00,2.151707431352995
4.4823183584958315,C37,-2.0399400416376996
0.8028239361010492,C62,-0.9788986969952933
4.54562783241272,C00,-2.475690250029786
1.0519148176535964,C44,-0.5936490097732291
3.094773185439408,C85,-0.03217119882333641
8.059998557437211,C60,-4.083609592433495
0.5440028966404498,C01,3.0953927644580173
3.2930788258090615,C26,-2.0086482326825728
5.417434484697878,C30,-1.010615677595534
8.432434778660536,C00,0.7184255552953323
2.4905156204476953,C27,0.7790385850848418
9.086979613639414,C00,0.7018294542099203
0.7896308344788849,C47,1.2096097964170536
2.1981740463525057,C50,0.8643363919119005
8.905288816895336,C93,-1.2134399709816321
3.9432520722039044,C91,-0.06782354423833059
5.536963802296668,C04,0.21650289339552845
7.310323980636895,C30,0.12997570640973266
9.914154489524662,C80,0.681339123365477
6.07146353693679,C16,-2.7867678927183634
0.24615104077383876,C16,-2.6405672850024544
0.5214784853160381,C01,0.9831214673895441
6.849669355433434,C55,3.842245921068108
8.059529818128794,C20,3.067617330107655
9.481586592737585,C12,1.4124369739566511
1.7859431612305343,C13,-2.6745728876531323
9.874531738460064,C06,-1.0232401162314393
4.920300208032131,C00,0.060471835432064025
8.706986950710416,C68,-3.501135897994736
8.049800004810095,C94,-0.6803875138338744
1.8507969076745212,C87,-1.429184011671941
3.62969454145059,C29,-1.713827057730502
2.5113879097625613,C63,1.502618365303908
1.4409979525953531,C00,0.8670707478171773
4.153675176203251,C43,-2.352453789304989
2.339126013685018,C01,1.6218254882762715
7.352259354665875,C54,0.7171546736978354
3.430379971396178,C04,0.3949955987823061
0.03549803979694843,C30,-0.2561613257900939
0.7573732873424888,C00,-0.7878619955481703
8.14382784999907,C00,1.770816752105048
2.1728972299024463,C01,1.8226524870232161
7.039571274071932,C09,1.6813334001015157
0.7121205586008728,C09,2.87986528243096
5.060681707691401,C09,-0.8956617665411394
3.615099296439439,C04,1.7958816430929947
4.135108049958944,C05,-3.462710147923523
2.095723219681531,C60,-3.833932470887471
9.459326160140336,C89,2.283257622149094
7.859999663196504,C00,1.7476985831908727
0.6275553931482136,C94,0.02149064723730154
4.210157587658614,C12,0.06119008139231419
5.9224240318872035,C29,-1.354873944121827
1.4014802081510425,C07,0.3880424516336932
1.5601698565296829,C91,-0.12563117915394093
9.988314828369766,C80,0.8654599820340089
6.644214999396354,C75,0.4141724158634562
1.2489657034166157,C02,4.219697531302717
6.834713756106794,C00,2.314521618841958
8.786810878664255,C98,1.897285755600731
0.37861969554796815,C00,0.1126612802529412
2.3802369832992554,C01,1.9814340321283592
7.812937633134425,C03,0.9000611656004597
6.955889959353954,C80,2.8580533882941728
2.472795934882015,C64,1.269915920527943
7.687411429360509,C94,-2.1195738186408124
1.5757197397761047,C29,0.13504822676932132
5.589731780346483,C94,-0.6380528492152988
2.2964899661019444,C11,-1.9004090749870524
5.905010150745511,C06,-0.3158059217260558
1.2604787456803024,C08,0.9513690427409787
9.43205850198865,C11,-2.8172773337407415
0.3264049091376364,C52,1.9240722913347286
5.104388801846653,C16,-1.6876457669629028
5.8441092586144805,C71,-2.163759602867956
9.697581552900374,C17,-0.37610201449335556
7.358497651293874,C00,1.7907032158882699
7.69108428619802,C99,1.24294189562687
5.698677306063473,C35,3.886491664405156
8.004373663570732,C43,-1.179230064941923
3.1619830639101565,C00,1.8534672292626813
8.1131487688981,C27,0.5049944984199948
6.179789116140455,C26,-2.24058809529003
4.378369892947376,C00,1.0575921091689757
4.333608485758305,C35,3.678569784598543
2.600567729678005,C19,-0.6085413984740278
1.3535235146991909,C15,4.338577885008296
0.43846292421221733,C14,0.6261181325650274
5.627455934882164,C18,-1.393998491763825
5.957674742676318,C32,-2.229617355449954
3.237360971979797,C00,0.3925292475873361
6.0818067961372435,C16,-0.6868821450543978
6.676421498414129,C70,4.5787393097388085
7.555666521657258,C24,-1.9063279183884811
2.4037481541745365,C17,0.9451262577247661
9.865455047693104,C24,-2.508198717546297
6.0566732892766595,C03,0.8412281310065923
8.238787243608385,C20,2.308827674298131
3.902374415192753,C85,-1.3945518159779395
3.812697345856577,C03,-0.9031066271955885
7.686643726192415,C91,-1.2177343939316883
4.452523493673652,C42,-1.3312246029928443
9.336476239841431,C97,-0.05330539098101572
4.929376896470785,C36,-3.040438486866357
1.610577164683491,C03,0.8592867300990816
8.64423924824223,C44,-0.19705410663293693
2.044207213912159,C00,0.6412648660878624
2.511246493086219,C00,1.4655287173059204
4.760666312649846,C43,-1.8365569786814033
5.898720824625343,C23,-2.5855839422847238
7.250324618071318,C07,0.27811862923157366
0.9208630048669875,C66,1.0837833419576135
0.4082801775075495,C01,1.1506368236371127
4.225394264794886,C73,-2.2480543796496524
2.9932670947164297,C00,1.666964756150314
3.357015075162053,C41,1.746698933598089
3.644011972937733,C43,-0.6912124254443357
8.751470365095884,C37,0.3146139378575026
4.277644474059343,C09,1.1307964663001302
4.750410856213421,C36,-1.9638992195981027
3.7771580135449767,C00,-1.0396732353655715
0.2732576848939061,C01,-0.5130793260609883
7.065235755871981,C16,-1.955628478608066
2.020493110176176,C07,1.334086573874853
2.872039773501456,C00,2.182183289091116
3.496899027377367,C14,1.0406543949508258
3.612109678797424,C70,2.5068355841313537
7.562565398402512,C23,-3.099606979374956
8.26167093589902,C28,3.3301468972962858
7.716349770780653,C05,-1.8196355619887075
9.858393424656242,C00,-0.30128962508099355
1.2985705840401351,C50,0.6546854621118439
5.129521111957729,C18,-0.5240884709480171
2.461778235156089,C13,-1.3211052559999599
2.513547104317695,C01,1.0452280969509804
0.10201685130596161,C28,1.1664873909968123
0.8107369742356241,C04,2.4647092615307455
7.710815316531807,C66,1.865426160943187
6.7355927801691,C57,0.8261381895945432
6.896193798165768,C05,-1.6650124955890855
7.911037774756551,C71,0.16103122047604398
0.5778639274649322,C95,0.5461717337822405
7.9945580288767815,C00,0.1581715718299832
5.288796809036285,C50,-0.7419369806132177
6.59566096495837,C02,2.396728347772968
2.965381315443665,C31,-0.7232531137811272
1.995755445677787,C59,-0.407105047692466
1.9008332095108926,C37,-2.803791508682375
1.3422092096880078,C73,2.2465638479461325
6.815596702508628,C01,1.3489361599388006
3.5072928271256387,C30,0.6004610680056922
2.168360650539398,C04,1.9213304660495332
9.756827985402197,C18,-2.882485007171958
7.492876900359988,C00,0.5104795085205115
7.3996083228848875,C39,4.025524933016768
7.091008326970041,C35,2.3910536039317547
0.38377848686650395,C27,1.8064200624294742
6.116950502619147,C16,-0.012156607927677365
8.178439915645868,C30,0.9768098556011655
8.472247761674225,C00,-0.3061274136143799
9.631462355609983,C54,-2.2850052585782943
6.290141514036804,C24,-4.005804338423754
3.3556337258778512,C59,-4.205668847764194
9.831373924389482,C50,-0.18233305950734424
3.9803762082010508,C37,-1.1488385557597056
1.3231289549730718,C36,-0.19684241454273
6.969587069470435,C12,2.744222949417258
0.32677321461960673,C49,0.6232587287296751
3.4940614528022707,C13,-2.236905907434701
8.6968300701119,C04,2.000216093844747
0.5363305658102036,C46,-0.8347034151049273
4.383845839183778,C83,-2.1383402367776605
4.534758764784783,C04,0.8428051004179571
8.732518386095762,C00,-1.3092649876391549
9.981023862492293,C52,2.3662783479210017
4.284499282948673,C68,-4.246114821719678
0.9019221039488912,C06,-0.8667343513070094
8.923705187626183,C24,-1.939919937228292
8.718617451377213,C88,-0.5580095381982558
1.0176946315914392,C09,3.3683563662473457
8.4418202098459,C09,1.73024460626291
8.98979561869055,C40,-0.8318660410444862
0.3798849298618734,C14,0.42231474415171155
2.498657100368291,C47,1.0903508291925728
9.503731350414455,C22,-2.5781365183757434
0.13239851919934154,C54,-1.9053146771715832
0.4829010018147528,C00,0.7585717916014661
6.185685587115586,C09,1.7692167534285683
5.364455145318061,C00,0.363446057960777
4.895687708631158,C71,-3.176516042574737
7.387036792933941,C00,1.1590010493596976
1.1378655978478491,C14,1.5076359367280558
3.935216977261007,C55,1.9542273244060673
6.807719182688743,C63,0.36577590250112757
1.7341011459939182,C28,3.551375816957759
3.5594984493218362,C13,-0.009313591974804858
5.239010094664991,C07,-1.1340861458084117
2.101989211514592,C73,0.8310813369122667
0.6452701473608613,C00,0.9292701920745927
3.0357278091832995,C03,2.593763562482687
9.631903790868819,C02,0.9374255618922502
8.795691775158048,C09,2.125420319711275
0.240926721598953,C00,0.3665305940458458
7.58940763073042,C20,2.031804865670206
4.50785217108205,C17,0.5714178477955084
7.276069449726492,C00,2.902120107809419
2.9588226205669343,C04,1.6660121833437507
3.6720958002842963,C01,-0.2513293672253123
4.290795088745654,C02,-0.7052415794925256
0.06620963336899877,C23,-3.2742499825570732
9.460975776892155,C63,1.0951573326683328
9.648366654291749,C77,-1.2414755984076218
1.8267139373347163,C96,-0.306512892397416
4.947798536159098,C79,-1.03944501343434
2.3455851222388446,C02,3.9505301751019344
5.043435695115477,C00,0.6182827429250861
4.7294672136195,C82,-3.8215499548269705
6.1558195715770125,C53,-2.504318294127366
5.491943135857582,C14,0.014948106354151447
5.845731485169381,C81,-1.340809922251014
4.633729332126677,C34,-1.4277998427131802
1.5471421810798347,C62,0.05833605852137015
1.9437064952217042,C01,3.0883085255216534
1.6138684703037143,C20,1.5450657706650337
1.941710989922285,C10,1.2297350772686277
7.393187708221376,C44,-0.7979804865630987
8.929091158788651,C23,-1.320447786353231
2.7267657942138612,C01,0.9585718028321536
7.857423275709152,C30,0.5304780288616908
4.291833296883851,C12,3.336662797743528
8.003807694185525,C02,3.2629202696490163
1.7610962456092238,C47,1.1151427238715637
2.531347735784948,C58,-1.395822654558722
6.076931892894208,C26,-2.9947333885561744
2.7720315498299897,C00,0.759120930945799
6.945903229061514,C25,3.6740053165919053
5.630475615616888,C79,1.517035318385382
2.4666228564456105,C05,-1.086306208228422
6.324721872806549,C28,0.7128305499441429
8.601820555049926,C02,3.0016993796267024
8.433672259561718,C36,0.5524865146944646
3.9840887184254825,C68,-3.26453526794822
5.939637301489711,C14,0.7471912337352427
6.6482104966416955,C31,-2.287645115753174
9.811591967009008,C22,-1.135170042504098
1.7669290816411376,C81,0.053851361113497476
2.9383895616047084,C14,0.5062248367003559
5.471422034315765,C20,-0.746758621436627
5.225332141853869,C00,-1.2868172109606957
1.223754903767258,C76,2.668848589595475
5.203846099320799,C46,-1.829190083314613
3.3082777401432395,C44,-0.5250416757700624
2.7327008033171296,C61,1.4476272153311893
9.435232700780034,C91,-1.1300221217352784
7.4934209836646914,C81,-0.35014390975119203
6.966183020267636,C43,1.6614088336067505
7.885071749333292,C04,1.8985648471008505
7.405290745664388,C04,1.794069414665005
9.98537270585075,C16,-2.6813918093659592
5.77107913326472,C79,2.0257160399632035
5.678269853815436,C18,-1.8494163831141524
9.396846524905413,C99,1.6129790453664932
9.686251224484295,C03,0.3560902043586776
6.859937682747841,C35,3.343972197687024
7.650502505712211,C12,1.410710361875657
5.624232292175293,C01,1.3976751325872276
9.386941154953092,C16,-1.5104881821101004
4.835451373364776,C81,-1.6466628986909795
0.15779046807438135,C21,1.186451402636067
4.468063453678042,C01,-0.8713020871164359
1.351080306340009,C39,2.138134556908444
1.742383528035134,C21,3.0039695046149033
9.6296073240228,C01,0.9364473702401546
3.2771359151229262,C25,2.6999704177727497
5.069678744766861,C42,-0.23683499451753676
7.202877083327621,C74,-0.49583373308199163
3.6653397418558598,C20,-0.003214286833166713
8.0593400914222,C83,0.6039534980381743
2.191444921772927,C45,5.201775226647772
0.2886374923400581,C57,3.2300968519438498
9.621940494980663,C82,-2.5255056197031513
7.114814787637442,C03,1.6950555039424884
9.410212505608797,C23,-2.1182530788313243
2.1078157844021916,C30,0.5489332252442782
6.371674812398851,C27,-0.1526846781149087
4.307950267102569,C57,1.8073304976314066
5.633525182493031,C18,-2.568800189522679
9.265400008298457,C58,0.06857354914311808
5.5778151005506516,C00,-0.9700732756620131
7.842580208089203,C00,0.945537545759315
5.018731921445578,C24,-3.508543095059637
8.532028116751462,C22,0.8268185249247727
0.16638500150293112,C84,-0.591964202276628
2.717055540997535,C38,-2.7878419754691164
8.671314846724272,C98,-0.2887086050984849
1.5601096651516855,C05,-0.49363056567495156
1.5524112479761243,C78,1.0615262601867603
0.5090588540770113,C00,1.7460533682424404
4.550082115456462,C22,-2.974159796039119
4.177534165792167,C72,1.128356931256929
6.6809121845290065,C10,1.7952442566344606
5.220913093071431,C00,-0.8004003785950762
4.938481703866273,C23,-3.730890862424118
5.252916589379311,C41,-0.41488382340634467
3.0238341027870774,C11,-3.291564336983011
9.351133846212178,C27,-0.7326584621636257
7.454444968607277,C03,-0.011842495832682154
6.74397201044485,C13,-0.5698889646503447
8.35188175085932,C62,-0.9235617088027678
0.4012619238346815,C31,-2.2595850085423064
5.336531021166593,C01,0.8875600598446673
4.280851557850838,C00,-1.2826289634636951
7.779612622689456,C00,1.5330454344622044
1.2042278749868274,C46,0.4374263853633985
0.4690930969081819,C07,-0.7743266501578676
9.72918463172391,C26,-3.6185912700796594
9.813405897002667,C04,1.399536061295532
7.635013237595558,C01,1.6701660870017323
2.0007336395792663,C55,3.6395553855920673
7.857883968390524,C35,5.573090620813178
4.075733814388514,C13,-4.816048816384074
9.751905100420117,C35,4.009458067252359
1.2277100724168122,C50,-0.7373296037228331
3.317116426769644,C28,3.6465865039530545
3.6439145635813475,C12,0.8807479550498937
5.855329278856516,C00,0.07486763857980533
3.21606621844694,C29,-0.5760558899504444
0.35960983484983444,C69,3.182633607028249
9.168497484643012,C04,1.5733684247102104
9.994433901738375,C90,2.3522180008009315
2.370727665256709,C65,0.413997417275495
2.1397176035679877,C11,-0.7308777999220886
8.072283552028239,C15,4.63334442336777
1.4006488677114248,C25,4.967963010460306
7.529890802688897,C98,1.4230012900546591
3.4124022000469267,C29,-0.7218897371741563
3.620527700986713,C02,1.2884031523043256
1.4274549973197281,C36,-1.6034004472501846
3.15246056066826,C84,-0.33421918104392373
7.959409388713539,C36,0.7786442373924671
8.790419052820653,C90,2.3162013601681704
1.3987047737464309,C05,-0.4094729114213902
0.695752608589828,C10,1.8809637977036566
9.896161719225347,C04,-0.7899015161746257
2.1685598022304475,C00,2.705323299267831
5.665769807528704,C03,0.8486218324822026
4.297614288516343,C05,-2.9505669789355418
4.026902092155069,C09,-0.16844968949778916
4.945808963384479,C29,-0.41774420426998504
0.014659473672509193,C69,0.5929614799511548
4.139834840316325,C50,-2.1496868214132867
1.3057983270846307,C08,0.6677586591246347
8.695724215358496,C15,3.442023113584578
8.782455641776323,C22,-0.8873135463467441
9.372808923944831,C05,-1.9814051575408773
3.143972910474986,C34,1.485114030942693
2.2231548721902072,C97,4.475276775982871
7.785136427264661,C00,0.46800991088155497
4.289564730133861,C01,-0.6111713340539883
3.028719569556415,C05,-1.5173353362558664
9.277733259368688,C00,0.5113146134794925
4.793419891502708,C00,-1.560488573423369
9.445695781614631,C07,1.5251428690322877
0.09885493433102965,C30,0.6781755713207578
0.05319562740623951,C56,0.7407413771108509
7.584392374847084,C00,1.2501925558577485
1.4220378152094781,C06,1.5920894666210406
9.390259350184351,C54,0.3421235386675304
6.050028710160404,C01,2.1958205080003244
3.2392125809565187,C59,-2.356219978907449
5.684701879508793,C13,-2.166168666037339
9.267647594679147,C74,-1.0582820221185747
8.296376424841583,C39,4.663740330856773
9.658926052507013,C31,-2.5205724157674374
1.3470526598393917,C09,1.444632226596088
8.650563058909029,C11,0.17676885794660047
4.488349775783718,C46,-3.341057978612591
7.1379777253605425,C45,3.402594023535049
9.961757650598884,C58,-0.914001317409738
9.685193507466465,C67,2.563091585990311
6.915267717558891,C70,4.411248947997525
4.0912497183308005,C17,0.25245082090800836
7.405264710541815,C07,-2.079182101590258
9.739053517114371,C03,-0.8724371083857738
1.1293444316834211,C30,0.41994411843065604
9.849814069457352,C21,0.9387351478634178
1.580565432086587,C01,3.2867934708749154
5.161763052456081,C31,-2.6632081445553895
3.8224906427785754,C77,-2.3575637879278286
8.661916144192219,C78,-0.6093812338258665
0.365411841776222,C19,-1.6176614343858797
0.2005806495435536,C01,-0.03101177127052801
0.6557240849360824,C19,-3.2946935972350584
1.6743873502127826,C96,-1.147441174893303
5.054906175937504,C58,-1.8863977252011455
6.8903645244427025,C15,3.681766956435554
1.7629026644863188,C44,-0.5292267794850076
0.5585482274182141,C29,0.8077857141066206
6.982127565424889,C28,3.0021863295270466
1.3710749545134604,C29,-0.19897302235426478
4.597653765231371,C03,-1.1076840911661434
6.592296585440636,C39,3.3474796249556613
8.697849893942475,C48,-1.4757010648190596
1.8828915199264884,C90,3.3216731314200527
3.938398500904441,C77,-0.47138854969370514
7.686413845513016,C25,3.228415774111696
1.4072906062938273,C01,2.293768186986388
8.376071064267308,C01,3.19538477437317
8.38133449666202,C37,-0.27819721496353256
8.875754738692194,C00,1.1018701798133823
4.922841670922935,C07,-1.6965957915653391
5.0578308920376,C03,-2.129322067519211
4.248345645610243,C12,0.8826635500471525
1.9895387394353747,C96,0.13184424882514137
0.4435587511397898,C00,0.6643859754271011
8.064773357473314,C42,0.0856165949648714
9.033148819580674,C01,0.698672281535909
4.382777949795127,C19,-2.2636340698660966
3.377237585373223,C67,2.557317811111944
9.130991923157126,C05,-1.503927382538195
7.336713094264269,C02,1.3280816203757697
4.410949274897575,C29,-2.146472884753203
2.419678815640509,C19,-0.3746747862778179
0.008667001966387033,C02,3.62368112388648
5.716908362228423,C05,-3.126734511786429
0.34410133259370923,C11,-1.531956317203691
4.405082399025559,C90,-0.21446855392243092
4.27628070814535,C00,-2.1067403582789703
9.978453777730465,C51,0.03348980273193536
7.905484521761537,C18,-0.6424204847274764
9.924457254819572,C72,1.846738266198959
9.012569338083267,C10,1.1099645715764286
0.9948257566429675,C28,1.2960679168739417
5.978275809902698,C01,1.0653588842203683
0.43861738173291087,C01,1.970528036286995
4.378366915043443,C03,-0.41572432570377804
7.936498732306063,C30,1.6736906447973565
1.8838749546557665,C02,1.4539580397779628
9.589728927239776,C11,-3.4178848388743575
5.963698974810541,C91,-3.7314361949969683
9.26729509839788,C26,-1.1003293962120901
7.173587770666927,C85,1.626472298392148
0.9716050885617733,C14,1.3224188449108507
2.3890571389347315,C02,1.5390082578692041
5.57698892429471,C73,0.5482823591631599
1.1696460586972535,C12,4.809094041473264
1.8860306032001972,C72,-0.5631782055518799
2.8667715773917735,C24,-4.579952433271719
1.528095593675971,C31,1.0607617281664201
1.82312635704875,C89,3.2940851438958547
8.507948233745992,C03,1.2757002158412478
8.002880832646042,C34,0.4123703149633863
0.36642890190705657,C99,-0.1693973344001376
4.729386637918651,C05,-2.9334055437244015
2.368521112948656,C49,-0.9556206526801425
4.35143934097141,C19,-2.116690230719176
6.657646500971168,C03,0.39067128134971973
8.102188792545348,C90,2.885804806720465
4.3269854644313455,C53,-1.000736166031849
2.683929274789989,C20,1.507103026970187
0.4407920246012509,C88,-1.6122872437127058
3.370690697338432,C03,-0.24828984406829474
2.4691978469491005,C30,-0.6816030841834071
3.9534956007264555,C49,-2.991661749449822
8.335328963585198,C13,-1.1009816957117773
0.05538597470149398,C73,0.3342154292218048
6.058336414862424,C46,-1.7065461614328807
3.6188967037014663,C30,-2.7486493855354523
7.493686971720308,C30,0.19229153848014663
3.3563295612111688,C86,-1.5085264961896923
9.316152699757367,C04,1.7332579486563677
2.7326578623615205,C25,3.4401739227886337
5.0432758359238505,C05,-1.209200556854101
4.9775542807765305,C17,-0.554453943087754
5.325217894278467,C01,-0.8367013788749778
3.9746289933100343,C48,-1.5989065700030067
7.825661168899387,C48,-0.9846311818513165
9.324365539941937,C15,4.784027837276846
4.6115870284847915,C13,-2.0206541749522486
3.700239690952003,C65,-1.553205938050269
3.119977852329612,C00,1.1541150575508619
4.6599713829346,C21,-0.4206196647170558
0.15729611739516258,C04,0.9403351688620953
5.874796488787979,C45,2.59123477891246
7.658828040584922,C38,-1.6687473745074122
9.810271121095866,C62,-1.4487152755262678
8.235314961057156,C72,0.5621422275769024
7.65797616681084,C13,-3.423421770706775
8.985869027674198,C00,1.8249296161282338
2.8340131230652332,C56,-1.183220436701797
9.209694608580321,C29,1.1655777530370726
4.336992928292602,C56,-0.8372301840858637
4.4923990266397595,C77,-1.219268128937896
7.812437526881695,C04,1.9442920342829872
4.458870938979089,C07,-1.5276141974845712
1.6169369872659445,C46,1.6413099403160394
9.510378811974078,C05,-3.625391963016902
1.706764828413725,C00,2.7429599354763754
9.338055972475559,C07,-0.4198848719774085
5.266723758541048,C55,1.6253390888573083
2.3302489100024104,C88,-1.6979931018018384
7.958307007793337,C02,3.57436103278631
0.9461775119416416,C11,-1.6789231345690985
4.641025175806135,C44,-1.7698205600098529
1.9109344528988004,C16,0.049346978195307034
0.7061465457081795,C84,1.0650494783446782
9.007846422027797,C00,0.9871802869909407
1.6037098155356944,C63,1.7099907633437592
6.415623729117215,C28,2.3658006716858075
1.1701902654021978,C51,1.6310135687868992
9.928427597042173,C92,-2.041431593392204
9.907224115449935,C00,-0.06980515275237595
8.062899615615606,C22,0.719018717285884
1.3956391741521657,C01,1.65599920451128
8.002399813849479,C28,3.210951016181567
2.4380771117284894,C21,1.6359395321161072
9.713558496441692,C16,-0.24862966762334304
0.4186622891575098,C51,2.7676607402606144
1.958126244135201,C25,4.350532165664671
2.8521315939724445,C09,1.1437182471684773
2.7006376651115716,C00,1.167863915072185
2.020838491152972,C32,0.5025771165946507
1.9902377133257687,C00,0.5191780390445281
9.493186080362648,C56,-0.44618044029091597
1.2640081043355167,C00,1.6886117722885943
8.430417638737708,C00,2.1417302503326487
2.276688371784985,C25,3.0544701692372866
2.098972375970334,C00,1.415342554991308
8.286753629799932,C25,2.3258293841059654
4.802175418008119,C02,-1.100818782063128
7.381926882080734,C28,1.984549576233293
9.740992118604481,C01,-0.6487965350823455
9.031226972583681,C00,0.6067445796547914
8.997419783845544,C58,0.37884247168434987
1.6262436099350452,C25,2.728506681294821
3.7896340480074286,C18,-1.9798628836699041
5.006482354365289,C57,0.182629387211075
6.759875915013254,C94,-0.9091287862153163
4.947301272768527,C70,4.184546608853253
7.973594912327826,C89,4.058750667281612
9.539735140278935,C21,-0.30594525787858473
9.285075957886875,C47,1.6732670212948817
3.9920674287714064,C04,-0.8079906103818488
5.708428418729454,C17,0.0018923347637579968
7.676353910937905,C00,0.03983169828601962
8.714920829515904,C05,-1.7079958135569795
6.18765466613695,C01,0.9098354879858075
3.3394616097211838,C52,0.7236617729746505
8.265529114287347,C98,0.4630390214565413
7.0838456600904465,C46,-0.4981865628705102
4.741927615832537,C53,-0.15663653944163713
8.918371975887567,C25,4.117721307899799
7.957329556811601,C01,1.8059041143962835
5.43967915000394,C47,1.1695353641109385
0.24784671375527978,C40,1.1414080191420697
3.526012203656137,C16,-2.454953771239364
8.847582479938865,C45,3.0327618597784083
4.978525033220649,C02,0.320371176410011
0.7172529702074826,C75,0.9348514450183105
0.7253419747576118,C13,-0.8902812435837043
9.155754437670112,C04,0.7233891000547283
3.2855832669883966,C07,2.298416964878488
9.953541641589254,C00,-1.5037831028499073
7.363763272296637,C11,-0.6777521359913956
1.0291130957193673,C00,0.7622631039103194
8.371066190302372,C69,1.4006086229578014
3.5224056150764227,C55,2.762501618934297
4.683337735477835,C11,-3.6625993291399963
0.503349001519382,C47,1.8760241186950937
5.034365952014923,C78,-3.110147694077779
5.574858668260276,C41,-0.9400996176064971
6.030721988063306,C62,-0.2055925223707763
9.21538914553821,C00,0.4640197239716866
9.962501842528582,C94,-1.287627016009946
2.2069093049503863,C03,0.8943090709684989
7.07821840653196,C34,-1.721342592766931
3.765784935094416,C61,-2.1877661178337657
1.9401716417632997,C00,0.7132620647542445
0.6595340836793184,C46,-1.913997148175504
2.376240452285856,C15,3.14324969903668
5.011516639497131,C62,-0.14341228902073877
7.34731673495844,C16,-1.5546447428129997
4.3800910748541355,C06,-1.4021875848863892
2.368786719162017,C74,-2.699324007130036
3.101809953805059,C02,-0.10429368944781658
3.2735413196496665,C07,-1.2905079795694656
5.092471037060022,C35,2.2170309196907603
0.17576516140252352,C84,1.8814321456702365
0.5120075563900173,C40,1.2719394446144479
0.5903908330947161,C22,0.7353992188955847
0.6626623962074518,C12,2.4064151026180673
0.15952221350744367,C00,2.289601069207456
5.592580586671829,C71,0.17117282455865368
6.06304838322103,C35,4.779026845643015
3.601162019185722,C59,-2.479618408419494
9.021092162001878,C75,0.35278021392178727
4.316929632332176,C13,-2.6422115236537476
0.8198307384736836,C05,-1.8920566907573624
0.14643982984125614,C41,-1.4501306052142877
9.77456778055057,C03,-0.9307894383351848
0.85261519998312,C49,1.4740632616032823
1.1035378463566303,C42,2.3547003258731882
7.543348071631044,C36,-0.3719174475092548
9.45904816268012,C18,-0.7574865435185245
5.728903978597373,C86,-3.200427204335477
4.676568552386016,C52,1.4623002060172035
6.415441422723234,C12,3.135313401854087
7.925922158174217,C00,1.473635090071505
1.5063149528577924,C26,-0.6313505984284333
6.045696493238211,C48,-1.3326843986487338
7.529771765694022,C25,3.8715170150950198
8.560245730914176,C21,2.0446076870361054
7.351047194097191,C30,2.139963560028359
9.762900827918202,C25,0.9057722834104873
4.479895019903779,C00,-0.6122874529599961
1.5959240426309407,C63,1.763964776545621
1.2099759909324348,C46,0.6712795530762405
2.3257176764309406,C09,2.1750625841451714
7.552963716443628,C25,3.949012740832808
3.130824724212289,C02,2.6700476971798093
9.332550030667335,C00,0.7389178185810983
8.421332309953868,C18,0.26025855650017937
6.805695719085634,C03,2.747721258811917
0.45435752253979445,C66,2.7819685259486837
2.539128605276346,C61,-1.2120505577707585
8.368332146201283,C43,-0.23344452331054097
1.7738639703020453,C42,0.8323809878778808
5.449018832296133,C43,-3.6554662760496432
1.6131216706708074,C61,-2.3749069165721126
3.0114894709549844,C01,3.706007520684941
6.039322530850768,C53,-2.646577903239098
3.764592967927456,C20,0.8430212058226039
1.6156689869239926,C60,-3.9312434366768483
9.527416322380304,C25,1.4204512573081454
6.175498098600656,C13,-2.6280864972917737
8.575647827237844,C00,1.1481410633405866
4.465109882876277,C33,0.602278442054105
1.0382144944742322,C55,4.1859287455818075
2.5432329205796123,C92,-1.8302199256670058
8.365324740298092,C01,1.3142402802628292
2.860950999893248,C11,-0.006634270041741885
0.8934142417274415,C00,1.272256415268588
4.912873110733926,C35,1.12594673344209
7.573464931920171,C02,2.615502435707658
3.4578172536566854,C01,-1.0471211742527262
1.7979864520020783,C58,0.5465686942920112
2.659321802202612,C93,0.5168045070191865
9.503038679249585,C44,-1.7021095693489365
4.471847517415881,C51,0.5802607462028151
2.229488417506218,C06,-1.3733387842272036
2.6063863397575915,C55,3.413941455427326
2.32333384687081,C34,1.316227299085186
5.414083786308765,C18,-1.8217725637028799
9.273407342843711,C21,2.1786075924763644
7.780589242465794,C32,0.01751961249669942
6.134434544946998,C32,-0.42674592628699703
4.629511840175837,C18,-3.4966991571656965
0.38433973444625735,C37,-1.3909228787028431
6.124239834025502,C82,-1.3486351964436059
3.2950722333043814,C34,0.8205294482111459
8.902954827062786,C31,0.05710922407929053
8.099522665143013,C89,1.7408513813611628
9.174449811689556,C35,4.117872308460567
7.559430429246277,C89,3.3400834530167285
8.161921850405633,C98,-0.04730034256741472
7.307280155364424,C71,-0.5234702947091185
6.696423143148422,C44,1.1106270375450045
0.9165072999894619,C14,0.758531344289795
9.302267949096859,C72,1.9269291471381544
2.863323353230953,C05,-2.2907535013614253
9.231901068706065,C64,0.6516295653414593
0.372028648853302,C56,1.6671268175818803
4.600699692964554,C12,0.4804593022733017
6.841785458382219,C10,1.3806514779415873
8.033323388081044,C85,0.4391603261923084
1.2374603794887662,C76,4.010799688780201
9.65410660719499,C13,-3.389951997655095
6.260145956184715,C88,-1.899363004212545
7.143191765062511,C09,3.4928781304539154
4.375080328900367,C57,0.9125427799365722
9.256526599638164,C65,0.052468647158970816
8.650043073575944,C12,1.4162802069023799
5.7003538543358445,C32,-2.2151162671786655
0.962558074388653,C00,0.9188674768595886
0.8639638335444033,C36,-0.19325114910144497
6.351853318046778,C05,-2.6314360163353667
1.9277260778471828,C03,2.694968756681389
0.7905720663256943,C25,4.783468093490179
4.266690267249942,C63,1.9509307427535205
2.7710250252857804,C24,-1.5381449762731683
2.177511516492814,C17,1.1427099309933846
0.11057207826524973,C06,-0.1670769843882962
1.0319030121900141,C09,0.474742381502792
1.5290802321396768,C24,-1.4607516446438298
9.53274650266394,C78,0.7113600649289678
9.922210457734764,C27,-0.36146161001849275
9.318263756576926,C03,0.2521030425976314
6.348111694678664,C83,-0.4084080117029818
6.5394900110550225,C46,-1.527776481271935
1.3689044676721096,C09,2.7516926212233757
1.2043953780084848,C53,0.14288296898174768
0.1453096279874444,C54,-1.015036246185292
6.576687321066856,C28,2.0557088155510224
8.353209875058383,C00,1.2212537918086248
0.010865838266909122,C07,-1.3336131991899973
6.102871377952397,C04,0.35095020530541987
6.784416153095663,C13,-1.9074855617692184
5.968232264276594,C10,0.06548920881555031
0.8549028309062123,C96,-1.3883245834921913
0.7578879711218178,C53,0.5486150181708996
6.532979749608785,C07,-2.740889143770711
1.3760156673379242,C64,2.8836045609170045
5.0661801267415285,C10,2.129983348627122
6.043186553288251,C22,-1.8399411624864963
0.5965811992064118,C42,0.861366660088287
3.225563163869083,C06,-0.6118286591234718
6.78009808761999,C57,2.377562915997612
8.94440021365881,C97,2.557896330576772
9.954562105704099,C09,0.935924180781198
8.530442465562373,C40,0.928917943152601
4.0251124650239944,C82,-4.183359664420287
9.308642335236073,C52,2.037739009795274
0.35013502230867743,C31,0.332451208571511
5.002490980550647,C37,-5.045439087363769
4.683193655218929,C00,-0.6874225043498792
5.553970166947693,C56,-0.33492469942424097
3.948573525995016,C56,-1.7562400867392307
3.044895676430315,C78,1.7002218116248773
7.9803261323831975,C51,2.859778308803166
0.8704042318277061,C25,3.714891997489981
9.831997596193105,C04,0.2541324918001504
4.953818719368428,C74,-3.551043369819265
6.772203373257071,C91,0.6620407567909901
9.875348943751305,C31,-2.166689538793001
2.3812664090655744,C32,-2.8097247326908015
6.598473556805402,C79,2.739320941535464
4.245481479447335,C58,-1.3885383867046555
1.7321170051582158,C12,4.715190178251087
3.8985195895656943,C40,-0.17873514726437395
4.537060402799398,C53,-1.936534323928931
5.817562462761998,C00,-0.009057484817790298
4.885519077070057,C97,0.0985401184041682
0.4233400011435151,C54,-1.17243179169453
7.180026709102094,C24,-1.9405086058032943
7.9467206983827055,C70,3.165296513063774
3.739106673747301,C78,-1.247266952139999
9.674055594950914,C04,1.440737561495638
4.101524574216455,C07,-1.974051059169208
4.0432910900563,C19,-4.510485095731095
3.038382774684578,C27,1.3364923064672687
9.818411525338888,C05,-3.38839387515103
3.2734050950966775,C39,1.9092972453350174
6.929362101946026,C51,1.5886143012063179
5.120974450837821,C07,0.025022813421689216
5.990226485300809,C01,0.6458706155338145
2.605416504666209,C29,-1.8484762828664985
5.271137971431017,C64,-0.2697220995902513
1.8592372792772949,C19,-2.1543164649586517
2.4690023600123823,C02,1.6958970380554428
0.2934448537416756,C49,-0.7654730672746217
4.785141786560416,C00,-0.3206762658998382
2.7515238360501826,C46,-1.1960866450819712
8.342795139178634,C06,0.3817314227375408
4.792785621248186,C99,-0.4397590312307341
8.919355543330312,C02,2.889992170927777
6.941100270487368,C51,1.7141787713257952
5.62739310786128,C11,-2.2277995199821667
6.840789271518588,C11,0.025768343508276947
2.9867764771915972,C66,1.4906568657711154
6.348786163143814,C07,-0.5295490884725754
5.065147788263857,C01,-0.4785854706531295
3.0705648474395275,C24,-2.8398112538063836
5.804658122360706,C25,3.3404003996152003
8.7201969162561,C80,1.6171135377808177
7.529897715430707,C02,0.6693261534963657
6.025834095198661,C02,2.01284919524684
8.976840847171843,C82,-1.593917994134445
0.583548832219094,C01,0.41139705838931206
9.965360758360475,C54,0.9603121272135042
2.4543608259409666,C12,3.380547803827278
6.620771987363696,C02,3.0375018992767715
4.450262759346515,C00,0.5124150691190148
1.724166830535978,C05,-2.9356786021440104
1.2431061617098749,C98,-0.4079910510761351
4.004832138307393,C00,-1.1155364692055783
8.294759364798665,C77,0.2333760721722481
1.8009931012056768,C06,-0.35970128675910185
0.3941206051968038,C38,-0.16035219197217243
3.2306813960894942,C04,1.6929175621299035
7.002086890861392,C92,-0.5046446885382474
0.13878794619813561,C83,-0.8918082621335253
3.3169724186882377,C23,-1.797485849920459
8.859296245500445,C76,1.7181380771325472
4.863552125170827,C06,-2.2164317718196607
0.38083453429862857,C30,0.6123927225324244
7.964659412391484,C28,0.9592082102858659
0.45534965116530657,C37,-1.2945924547477465
0.36317770136520267,C60,-3.6494984042088854
5.94886131118983,C00,-0.7410856829444681
0.08438330609351397,C17,0.9707376920394243
2.2269234899431467,C00,-0.8934325550968429
6.558741559274495,C47,2.2357272888494144
2.1622375887818635,C02,3.05630530578728
6.517615590710193,C11,-2.4211092625639203
7.538308638613671,C01,1.180603759709025
2.766225642990321,C12,1.6318903151222135
6.018560524098575,C99,-0.6753990688123508
4.239129128400236,C15,2.577066977469177
6.143854456022382,C04,-0.24347031068568026
6.0687427362427115,C50,-3.0492315549776103
7.494210640434176,C93,-1.0383387702262619
8.967178422026336,C48,-0.47528920325607527
9.029073675628752,C23,-3.0292340990696536
3.962201187387109,C26,-3.1299824671793735
9.475600477308035,C63,0.3524328220920516
3.35654862690717,C00,1.1045166720162278
6.981147984042764,C59,-2.874602006704158
7.505334471352398,C04,1.9159869255128037
8.500958827789873,C81,-1.3225242617984594
0.9074794803746045,C02,2.325116821460928
1.6067674290388823,C86,-1.822889633229486
6.20376031845808,C09,-0.3463931572789527
6.933806093875319,C24,-2.933249232495221
5.28863514540717,C07,-1.2549400866604916
7.075544930994511,C32,1.3895372108234783
0.8694334607571363,C46,0.20879621419279626
2.7563742571510375,C06,0.2886098062951633
9.173547001555562,C25,3.252267785647984
1.81504926411435,C18,1.4293746856909033
8.123632923234254,C34,0.31103225036488513
6.771968987304717,C82,-0.8996882655005262
4.343247541692108,C22,-1.3314361977413802
3.5966392350383103,C84,-0.38152481687577255
1.5448041376657784,C05,-1.8153052260852722
6.952275549992919,C24,-3.020529877274228
8.445103310514241,C79,0.6156255555536798
7.323402569163591,C44,-0.8817029573627366
2.721166454721242,C03,0.887376719199435
1.210165792144835,C16,-1.2453291607994832
2.2335839457809925,C70,4.307277265713587
5.619224244728684,C45,3.419092041318445
6.816118180286139,C11,-1.0998989491253077
8.206157409586012,C28,2.440297228484141
3.0828946200199425,C78,-1.5274943795338662
8.873535341117531,C26,-2.4207647866332556
9.995077336207032,C97,0.47675510676972316
3.4389794059097767,C00,-1.1742172602329197
7.259861784987152,C44,-2.0178008469902284
2.946560364216566,C20,1.670016903719784
1.448315978050232,C02,3.992156544204688
9.331693446729332,C97,2.099104795064456
6.984379296191037,C68,-3.748089560605025
4.619908933527768,C97,-0.8169927393649553
8.826000418048352,C79,0.7522081944375287
0.9534510131925344,C44,-2.0458136044954145
2.8203151747584343,C87,-2.619686501080896
0.9461538353934884,C84,1.7671659020317905
0.4133405047468841,C52,2.3671314373743444
3.0482926638796926,C05,-2.5037846828834955
5.315379053354263,C61,-3.256660932061683
7.974878672976047,C08,2.1247875473018314
2.1701130643486977,C79,1.6498796161749572
1.0673411935567856,C36,-0.5776675806897404
0.7449587434530258,C00,0.9309567402399173
1.3707769475877285,C06,-0.7124142710090557
9.475629501976073,C10,0.8925049582331593
5.4621362197212875,C26,-2.819874827468049
5.587005787529051,C85,-1.8668518915197814
4.354394429828972,C63,-2.330816831837881
3.058035164140165,C02,2.477984909954018
3.509613515343517,C53,-2.3197627433618546
4.677465683780611,C38,-4.762460337198285
9.7399598849006,C05,-3.1582341379077272
0.9470216184854507,C03,1.1212074233554319
2.4987250845879316,C03,0.5391248090894571
0.43271909235045314,C42,2.175114484875111
8.986335159279406,C88,-1.9748849825420494
6.133814800996333,C49,-2.0348525213306408
7.6192320813424885,C00,1.1916330593354083
9.225134442094713,C00,2.0683103807095278
3.6176338233053684,C61,-1.14617787564848
1.046159800607711,C07,-0.6786530777277378
8.174169964622706,C50,-0.9702938884023018
1.916443263180554,C06,0.8330043301001205
2.1464324509724975,C00,-0.017451387017695552
9.31712758494541,C06,-1.7816957669282372
4.437132519669831,C24,-2.5205624485661233
4.513309677131474,C63,0.7625726743394565
7.6747388183139265,C06,-0.8442487337384661
6.875472781248391,C67,2.323466589283849
3.5436599142849445,C82,-3.0944409185841235
5.168717806227505,C10,1.7633582743241276
9.869954660534859,C59,-2.61608045108152
0.7315146108157933,C37,-0.1655368320528825
5.4013718268834054,C49,-1.7209273788735715
7.9705396899953485,C12,2.794738771122885
4.034338020719588,C01,0.8364841857314583
8.781304145231843,C75,0.849227038512916
2.3642344097606838,C02,2.1354383926243354
8.86980734532699,C89,1.9815245551816814
1.8670352385379374,C03,0.28190455126496117
6.891631339676678,C02,3.5614347392371357
4.818095434457064,C10,-1.5162077457560013
1.6695523681119084,C43,0.9861502170445834
4.9566197139211,C00,0.6014641635518742
9.501300887204707,C15,2.802425812523269
5.334202784579247,C00,1.9037354571860134
9.005652249325067,C62,0.680558861884897
7.584644572343677,C82,-2.0636450161008906
9.696755970362574,C10,0.7509790402782689
1.1038892134092748,C29,-0.7205237859596162
6.170645318925381,C80,1.2272581627556833
7.930814030114561,C54,-1.560003149471009
9.736479565035552,C18,-0.407407037608742
0.3925199806690216,C64,2.525057317306821
1.2881476106122136,C31,-1.5846825038990908
2.5500343879684806,C78,-1.2421978584813647
1.80353875271976,C70,5.409107298595096
9.497406110167503,C33,3.1126998930753222
9.727296307682991,C05,-0.790217714193171
4.13830227451399,C28,0.3772027785522554
5.371784556191415,C14,-0.46905549732318813
6.498534041456878,C48,-1.3066534664011538
4.20481264591217,C35,4.873271940843006
6.544307777658105,C00,0.9339277931988432
9.353645388036966,C01,1.5807047282286768
9.060194003395736,C03,1.2797875300268502
3.377810069359839,C00,0.9004157774753364
0.7491639931686223,C37,-1.9050150216747435
6.617524116300046,C88,0.5513074208416981
3.3682837057858706,C85,-0.7049080244894608
7.433127800468355,C37,-1.9725285829889905
0.23930535186082125,C20,3.5269199598471856
4.521739538758993,C00,-1.456680433536825
2.003184042405337,C49,0.9373616507164924
6.496865719091147,C06,-1.4863326260642427
8.64924888825044,C96,-1.2544211309452056
7.458374644629657,C51,2.090757034729255
7.274806604254991,C59,-1.8473214218017757
7.032393931876868,C03,-0.35337754765514684
0.6196870352141559,C65,-1.4732878817981294
0.4245901317335665,C35,5.596003504590114
6.338109476491809,C34,0.16424150697945533
0.200120045337826,C85,0.23128580066794135
2.713457182981074,C97,0.9257118458125284
3.8145194249227643,C85,-1.6051405461549368
5.6618598010391,C07,-1.3027871645102804
5.497836254071444,C01,-1.817257074065817
7.792253792285919,C13,0.02245899551996411
6.665659314021468,C79,1.6796218669413885
9.388548072893173,C24,-3.3855897633103216
1.273666494525969,C28,3.754589419761193
7.66127067618072,C00,0.8942797807007562
8.520650370046496,C22,-0.3868539231442929
3.127041654661298,C01,2.2908642488803945
2.7192943915724754,C10,1.7171099657522686
8.220871158409864,C01,1.9037945107178753
7.7390445349738,C01,2.7513214677288884
7.968660024926066,C16,0.10893717370656214
7.304962652269751,C16,-0.6843556086697087
0.02523044589906931,C16,-1.9628296958319744
4.5303133013658226,C06,-3.350491479718555
4.571862672455609,C54,-2.9642634455503787
9.392091347835958,C00,0.20700272375967282
9.38206132967025,C86,-3.648353801333709
1.0051141981966794,C64,1.4297282977857089
4.879952783230692,C36,-2.55725969968315
7.181627729441971,C73,0.048670444193426476
9.44601085735485,C00,0.8862445924259865
1.0877815028652549,C57,0.79741439640833
1.0111583187244833,C00,2.143504708538464
2.546131550334394,C42,1.5868246078795474
7.945033800788224,C66,3.747353237820205
9.859365776646882,C11,-2.7536565495134964
9.734144422691315,C29,-0.8741125120850283
6.16655781166628,C19,-2.982968391586019
2.3518636194057763,C20,1.4656193545341296
5.487108426168561,C83,-1.4744537404985616
3.816933282651007,C67,1.0838177534341873
8.883071991149336,C28,2.920366998640043
6.099952876102179,C01,1.494055682052542
8.987146408762783,C11,-1.157355638215277
6.838828979525715,C07,-1.6592047054063637
1.9492077780887485,C08,-0.06230697016832609
1.4915838628076017,C13,0.19548332882704833
9.433563239872456,C16,-0.31127049596343104
9.910758130718023,C91,-0.5574460828265634
3.7659339839592576,C28,0.6306956887208456
1.2062738207168877,C06,-1.4771386454460147
4.073066439013928,C41,-1.4288012416961804
5.809500387404114,C22,-4.18472339035521
1.8580565671436489,C73,-0.3901656496327357
2.2407119628041983,C65,-1.3166507196095854
1.5821918891742826,C99,0.6658643012822218
9.779971190728247,C74,-2.6559443295859464
2.506018034182489,C39,2.5241607480587893
2.8099289489910007,C15,2.5896699079922203
3.3723928639665246,C49,-0.9828728173030862
3.5271658143028617,C31,-2.011880031067597
8.366581208538264,C09,1.6715913997704814
8.931718168314546,C59,-3.459528609225327
7.287808717228472,C86,-2.001505381634353
2.4265428818762302,C00,0.3781913658089263
