x0,x1,x2,x3,x4,x5,x6,x7,x8,x9,y
0.9998110907617956,0.2764023437630385,0.5294158514589071,0.05911232368089259,0.06335184047929943,0.7444168063811958,0.04357191896997392,0.06202760012820363,0.8796317493543029,0.18985832459293306,9.024612803920705
0.9349795780144632,0.056866421131417155,0.45619077794253826,0.2724529686383903,0.36254486558027565,0.6928040732163936,0.6998170984443277,0.9354661486577243,0.23863060493022203,0.05749509809538722,4.455242743438867
0.6298280928749591,0.4240723631810397,0.8191759581677616,0.6760667422786355,0.6218105920124799,0.992705846671015,0.2508444800041616,0.5887437583878636,0.22941048233769834,0.01322477194480598,20.473711744923513
0.5126417467836291,0.9066580259241164,0.7605199841782451,0.7928912981878966,0.9991872578393668,0.5468598410952836,0.7150209583342075,0.2989443028345704,0.26296936767175794,0.7966865710914135,24.070905862155453
0.5122111425735056,0.7481135518755764,0.8011741968803108,0.19189641787670553,0.7557280352339149,0.10438856878317893,0.9511112081818283,0.8859090032055974,0.07677683467045426,0.9748767574783415,16.0951709086587
0.05545523250475526,0.41812413022853434,0.9554508533328772,0.8222249271348119,0.9030522301327437,0.9169739976059645,0.6321503957733512,0.18746575922705233,0.07365431659854949,0.7879843227565289,16.740306856841446
0.7135195073205978,0.8393284333869815,0.9181898513343185,0.9584955610334873,0.9456489535514265,0.2751116016879678,0.37477509677410126,0.3243574183434248,0.5841155182570219,0.031031244434416294,28.19292523770253
0.4502649521455169,0.7115145691204816,0.13396911043673754,0.16015374474227428,0.5741878980770707,0.16646992624737322,0.7569169334601611,0.8542206631973386,0.19056416838429868,0.30741752148605883,14.799053680256973
0.29839750146493316,0.5076905514579266,0.8356979337986559,0.8849712493829429,0.6567339785397053,0.06791581423021853,0.3994464064016938,0.7189535337965935,0.25321461306884885,0.4532281009014696,19.752468199922784
0.40655486984178424,0.456636794609949,0.4919733596034348,0.6720184239093214,0.3404305553995073,0.12485357909463346,0.17884838464669883,0.11375849391333759,0.4595334979239851,0.49311727774329484,15.819556871200765
0.7723569576628506,0.8233714399393648,0.9444565745070577,0.6500283444765955,0.670986499171704,0.14759897720068693,0.9784312262199819,0.24888906232081354,0.23239879962056875,0.5865445651579648,23.973600231963253
0.24596748198382556,0.7200085453223437,0.6617416623048484,0.5640409106854349,0.9790311215911061,0.2498765958007425,0.2185971464496106,0.38486328860744834,0.3383179565425962,0.9513612526934594,18.268821708994892
0.8782617612741888,0.9073405442759395,0.48554205941036344,0.9756326447241008,0.5036011973861605,0.49505383404903114,0.49309490295127034,0.23371013579890132,0.6540099091362208,0.933501185849309,20.329806428173132
0.8332239037845284,0.3936676362063736,0.7975993228610605,0.5002757799811661,0.4098916524089873,0.6443948610685766,0.49554050364531577,0.15962708392180502,0.680945415282622,0.6654148669913411,14.632163102113577
0.7388113336637616,0.1543164411559701,0.7400989101734012,0.7886722148396075,0.1779756781179458,0.2965955687686801,0.7672306068707258,0.6208526622503996,0.16985308402217925,0.8381377421319485,13.270071558611804
0.7257184907793999,0.21621021744795144,0.15109732444398105,0.11971464287489653,0.6546813405584544,0.4096548231318593,0.9540320329833776,0.4615077059715986,0.5391993790399283,0.22677570604719222,9.321876892118663
0.9272830502595752,0.8047863959800452,0.3224212881177664,0.024884346639737487,0.28927508112974465,0.042172968154773116,0.2744031890761107,0.5435690579470247,0.04553665383718908,0.38570487359538674,9.682415462296458
0.1696097683161497,0.16370376013219357,0.9227604505140334,0.24493627436459064,0.8231297158636153,0.2424735687673092,0.8362063930835575,0.29213141999207437,0.5622937008738518,0.7710981837008148,9.685913751728128
0.6975009634625167,0.4858527521137148,0.41016766685061157,0.8679686037357897,0.5791589473374188,0.6122744823805988,0.4258968385402113,0.19984901905991137,0.1003604019060731,0.6993862865492702,21.190083157638945
0.4113949181046337,0.8673340477980673,0.3808576441369951,0.5864831244107336,0.7777201205026358,0.8328031247947365,0.8352301162667572,0.14567746757529676,0.3341084970161319,0.4151909889187664,19.69313212931667
0.11443747347220778,0.6054945094510913,0.49681297643110156,0.27253139135427773,0.36370466253720224,0.4186732778325677,0.6245098761282861,0.17681530280970037,0.3667217923793942,0.3103270425926894,5.7593503279743885
0.3577759047038853,0.8064171506557614,0.0663789720274508,0.14115413697436452,0.8308353945612907,0.4477667317260057,0.07972556352615356,0.9627075190655887,0.23787228972651064,0.6422067461535335,18.843400591998574
0.8806647954043001,0.9868808181490749,0.4462641100399196,0.3197304140776396,0.6548986388370395,0.6025172977242619,0.009250158676877618,0.556972447084263,0.29607968661002815,0.5400866905692965,9.495889514618547
0.314166130265221,0.8914527171291411,0.9454823003616184,0.4873686369974166,0.7544284428004175,0.5164060436654836,0.6361941338982433,0.03823832981288433,0.34770639799535275,0.7654149278532714,18.678580976101276
0.7314078637864441,0.29360436904244125,0.7660343083553016,0.5617441048379987,0.17797818896360695,0.912096923450008,0.00047129951417446136,0.7760090162046254,0.7832060430664569,0.9164786296896636,13.905431528453926
0.7982442900538445,0.637709649046883,0.7347689801827073,0.3013870273716748,0.9454554803669453,0.17100767022930086,0.48306345543824136,0.1463150733616203,0.9597575285006315,0.2521393664646894,19.817281778273045
0.47707820939831436,0.645037712296471,0.17953334003686905,0.7697278845589608,0.8280077551025897,0.13514458341524005,0.7315717069432139,0.5405328830238432,0.29429320339113474,0.8164336970075965,22.218924528204237
0.25361410714685917,0.4196774794254452,0.9013852407224476,0.019370447378605604,0.9580000310670584,0.6905930801294744,0.5628569340333343,0.09195746039040387,0.11934983660466969,0.9563369895331562,11.172469884586215
0.6933983631897718,0.18314912426285446,0.7228965109679848,0.8241645442321897,0.38058329559862614,0.7228434483986348,0.011528563685715199,0.7402430102229118,0.9679732590448111,0.36361764487810433,14.479166785122414
0.4484267246443778,0.7060379988979548,0.8681121740955859,0.48006424424238503,0.5651214586105198,0.9264200010802597,0.6664274255745113,0.5907580964267254,0.6985973308328539,0.7671531324740499,18.951369667061407
0.16414993163198233,0.20724151167087257,0.3786581875756383,0.032389311119914055,0.14570881891995668,0.4720816877670586,0.3570749256759882,0.8389396567363292,0.37432545563206077,0.8278426700271666,2.0767261924333607
0.20718116080388427,0.16655495739541948,0.7152802518103272,0.9417708853725344,0.8981506146956235,0.6906259981915355,0.8700694991275668,0.1057532923296094,0.45804259995929897,0.11133031640201807,15.961565056815802
0.39602302899584174,0.3399811666458845,0.9465849276166409,0.2516845704521984,0.1366883860900998,0.9362858876120299,0.7268526579719037,0.13495150674134493,0.05748109822161496,0.05520395329222083,11.893266148418384
0.44216497312299907,0.9584654443897307,0.458064925391227,0.9426904146093875,0.1568194222636521,0.21853180113248527,0.9542796830646694,0.4713305493351072,0.5888277539052069,0.7491753492504358,20.714615193907203
0.5477700028568506,0.9985151523724198,0.49332406325265765,0.06252864561975002,0.026716948486864567,0.5433541766833514,0.800398959312588,0.8277233052067459,0.7570852299686521,0.7233770887833089,10.19762484588025
0.24731114436872303,0.17038028896786273,0.9703456300776452,0.9538973988965154,0.5923197325319052,0.9115405520424247,0.10771797480992973,0.3905884465202689,0.8786095483228564,0.9543067652266473,17.21383841771874
0.9347148705273867,0.6830779134761542,0.05612288694828749,0.8789420688990504,0.8206565356813371,0.6720921397209167,0.15144749521277845,0.3089939041528851,0.08003397891297936,0.3484994131140411,26.20095998960439
0.32670099986717105,0.48139507230371237,0.625175625551492,0.3823484762106091,0.9983839211054146,0.8127171306405216,0.30425022612325847,0.7243645340204239,0.6393568525090814,0.7748937231954187,13.697113543606987
0.05764778470620513,0.9615770233795047,0.616049462929368,0.9266195420641452,0.13606849079951644,0.6140688296873122,0.03808148228563368,0.7722613299265504,0.7031796898227185,0.7288593563716859,11.966551870836385
0.9730196744203568,0.59063087310642,0.980970915639773,0.09264527214691043,0.8035233423579484,0.6233471052255481,0.8073115772567689,0.44975975318811834,0.7928406640421599,0.5574659374542534,18.73518737333145
0.06831475161015987,0.9986476104240865,0.43112039286643267,0.992019931320101,0.9080733738373965,0.4621585989370942,0.05201206891797483,0.3309736573137343,0.8219790109433234,0.06997346668504179,16.94953724230844
0.2592797081451863,0.0828404005151242,0.4370685205794871,0.2694316254928708,0.10585302021354437,0.24797381064854562,0.4522523346822709,0.7028053081594408,0.692455668700859,0.8249350360129029,4.003333120436125
0.9001545459032059,0.791182657238096,0.24895309563726187,0.8645602569449693,0.22274767560884356,0.09590889466926455,0.38881737855263054,0.705416705692187,0.05687151453457773,0.011929053347557783,17.7956466375409
0.30244909529574215,0.8302831675391644,0.18590393103659153,0.717453901655972,0.8102806240785867,0.861774914432317,0.4929487928748131,0.3723748824559152,0.44736790587194264,0.7534789652563632,20.812589855511817
0.7199530822690576,0.3230198572855443,0.05499871773645282,0.6402167624328285,0.9599553251173347,0.2340640698093921,0.6682043927721679,0.1439085474703461,0.9750547679141164,0.8808232946321368,20.627199771255423
0.9338142785709351,0.66615094919689,0.847691091010347,0.457033502869308,0.014479543315246701,0.48454368812963367,0.7797820034902543,0.971863851416856,0.39814681909047067,0.8198609291575849,15.79872031479259
0.8508409603964537,0.40626510977745056,0.9812433053739369,0.7564189045224339,0.9308301587589085,0.24407975934445858,0.23822623281739652,0.6122179760131985,0.8002597147133201,0.1302314407657832,24.518080759488917
0.6136277071200311,0.2463234206661582,0.8878776433411986,0.5404656159225851,0.8776475684717298,0.11943180370144546,0.825892326887697,0.06189604080282152,0.27507254923693836,0.5420215546619147,16.786843418468973
0.9782756022177637,0.3468245917465538,0.7181699872016907,0.04374307533726096,0.5668946271762252,0.27162487944588065,0.4634849599096924,0.01676123379729688,0.6023171660490334,0.5226154692936689,13.89176725533104
0.1770791041199118,0.9733422121498734,0.6873663309961557,0.22923310636542737,0.3222060617990792,0.02449993323534727,0.7931845302227885,0.13250608532689512,0.38722564559429884,0.9557860014028847,10.1569173309244
0.17520393431186676,0.007718025706708431,0.704121919348836,0.18405951745808125,0.8042456042021513,0.2904363637790084,0.4324434008449316,0.0791401332244277,0.006950365379452705,0.8420376575086266,6.831347674205923
0.4533876159694046,0.12457189476117492,0.3416129646357149,0.12176441866904497,0.2063418198376894,0.1648641638457775,0.008523183641955256,0.4155995245091617,0.09910650947131217,0.621490856166929,3.1413072392371983
0.1211545541882515,0.44354783184826374,0.510802707169205,0.13205690891481936,0.2497052305843681,0.058921811170876026,0.04095870442688465,0.816424359800294,0.1578388602938503,0.8232523284386843,4.465174297282486
0.8684139014221728,0.8501377934589982,0.5783340430352837,0.2885277643799782,0.09010031865909696,0.493817052571103,0.7178536779247224,0.26420625345781446,0.9121626508422196,0.7878994392231107,10.598916803943702
0.12516485201194882,0.08665829570963979,0.4922566250897944,0.9813329775352031,0.3364048064686358,0.6955808971542865,0.008704231819137931,0.9356413679197431,0.08331862208433449,0.4472979081328958,10.941746241443152
0.019098960794508457,0.6214382608886808,0.17541988589800894,0.6153879654593766,0.9542331146076322,0.6685092656407505,0.6853379600215703,0.8868647783529013,0.18923342181369662,0.5284121597651392,12.96122008685092
0.19164995523169637,0.6545191996265203,0.11129571218043566,0.6158757044468075,0.9176714066416025,0.6362721524201334,0.9987788579892367,0.03742031706497073,0.1936499106232077,0.20399016607552767,18.817896325537156
0.48457574495114386,0.10375480586662889,0.23830959317274392,0.3901424303185195,0.33478082437068224,0.21457821154035628,0.23336380068212748,0.9985254951752722,0.31578505225479603,0.7973729462828487,8.075068724130746
0.7407205512281507,0.0009155303705483675,0.9413072871975601,0.37675773655064404,0.20036756782792509,0.5537033278960735,0.892908917972818,0.2114033366087824,0.30650388495996594,0.9232267118059099,9.209824442632506
0.9648321471177042,0.9906341535970569,0.6042038591112942,0.6825967556796968,0.5729719565715641,0.6544257674831897,0.35252346144989133,0.600329446606338,0.7936856867745519,0.14055843488313258,10.616657201473465
0.9684212238062173,0.791761526139453,0.353007037891075,0.30290849623270333,0.33532137772999704,0.2786678369157016,0.6714628499466926,0.9658551970496774,0.6958880880847573,0.6582088866271079,10.374990120026643
0.8771797167137265,0.575282244477421,0.7259063760284334,0.6802865478675812,0.8058371320366859,0.5668544704094529,0.4002801098395139,0.009564233710989356,0.7544736985582858,0.17748799710534513,19.59955156131936
0.9478861258830875,0.3588576354086399,0.6870983871631324,0.08496108022518456,0.09134737541899085,0.21806300221942365,0.16103642131201923,0.9821877318900079,0.9867172257509083,0.10423539788462222,10.507649910751626
0.3544744369573891,0.577354421839118,0.07662026095204055,0.3681566617451608,0.44535328168421984,0.39856499107554555,0.5742487877141684,0.15519405296072364,0.003298243973404169,0.9876518314704299,15.889832620087137
0.6438215414527804,0.7107289803680032,0.6932211783714592,0.7920744956936687,0.41972451261244714,0.8564136901404709,0.8114694743417203,0.08940340159460902,0.05704844486899674,0.9740723688155413,19.76893682111315
0.7447821735404432,0.600026082014665,0.622951154364273,0.8349041091278195,0.6040045223198831,0.2991907980758697,0.8386887980159372,0.16097190254367888,0.4988112987484783,0.6029376261867583,22.68271471856462
0.043664093827828765,0.32821822562254965,0.7666070074774325,0.8692304489668459,0.5375798773020506,0.25006158580072224,0.9619954961817712,0.4493380696512759,0.05742372735403478,0.4528598370961845,12.622772048847581
0.6343080145306885,0.6227784163784236,0.3988818374928087,0.9111148449592292,0.2132313249167055,0.4528699603397399,0.637941804016009,0.99235132872127,0.6231607974041253,0.7185520937200636,19.36701033405988
0.7372426397632807,0.5714722552802414,0.5559682855382562,0.7061668483074754,0.42083905590698123,0.044991514179855585,0.8074418420437723,0.8972870467696339,0.11204500659368932,0.45646883035078645,19.027290567045387
0.05333329504355788,0.27673642383888364,0.13612582255154848,0.7913610991090536,0.34589306241832674,0.918575338087976,0.4483070783317089,0.15585911343805492,0.5307336233090609,0.8942986452020705,11.937530640817155
0.27204434643499553,0.3020345866680145,0.31545357196591794,0.29986172914505005,0.3485090802423656,0.6621319632977247,0.47130675590597093,0.28330912603996694,0.8044519538525492,0.5814056154340506,7.342347803586387
0.10939382645301521,0.4342711220961064,0.8815171823371202,0.24474288010969758,0.8733377039898187,0.8989013507962227,0.8542745921295136,0.9067732987459749,0.3948185187764466,0.5090260233264416,11.784643911242828
0.8108869353309274,0.9821838811039925,0.3604077957570553,0.8003513279836625,0.7765150284394622,0.08347716857679188,0.5638937244657427,0.25415801838971674,0.6341233586426824,0.0969349613878876,17.478937054575386
0.3099938847590238,0.4010611497797072,0.4732521770056337,0.540258233435452,0.18692326243035495,0.8336284658871591,0.3638320118188858,0.7574515785090625,0.41471728030592203,0.4308079422917217,7.872917082941241
0.46959876152686775,0.9308680831454694,0.5164659961592406,0.03693032497540116,0.3368555177003145,0.1561347940005362,0.18390019237995148,0.25933286058716476,0.2613554794806987,0.45788936014287174,12.289431355804952
0.9434647846501321,0.33782571996562183,0.8253524550236762,0.5790009559132159,0.09431325807236135,0.26354553014971316,0.009109934326261282,0.1730717229656875,0.4925726782530546,0.9756106387358159,17.370639788549404
0.11656984267756343,0.7881998680531979,0.9374820203520358,0.31011841259896755,0.09147170768119395,0.7884264911990613,0.7357291607186198,0.6394260174129158,0.7821891503408551,0.1380529694724828,12.22015758752829
0.9040623889304698,0.36705406103283167,0.11628981400281191,0.1563495302107185,0.9802101685199887,0.052108041709288955,0.5612796733621508,0.20871802233159542,0.7846967568621039,0.4402852952480316,18.285651549235727
0.2105405346956104,0.7954170447774231,0.43012637295760214,0.9001332542393357,0.0017521788831800222,0.060355631401762366,0.05856397817842662,0.8991959525737911,0.01902541215531528,0.7023497007321566,14.226243266029234
0.18493664893321693,0.7266816550400108,0.26961256191134453,0.9472739363554865,0.379797947127372,0.9440174426417798,0.13484074734151363,0.24552383879199624,0.180129149928689,0.6344312706496567,16.673111804449956
0.5519695151597261,0.5485078694764525,0.8305606357753277,0.10629889508709311,0.558438929496333,0.17950514960102737,0.3387310653924942,0.40649928944185376,0.3769827298820019,0.6045369037892669,14.958296127700647
0.7507544576656073,0.6741580253001302,0.5293440197128803,0.93337333179079,0.5623021512292325,0.8296004186850041,0.6329173708800226,0.4899250257294625,0.11238426296040416,0.8953765179030597,23.854316753354684
0.17462484957650304,0.5632572337053716,0.4893355667591095,0.29307265602983534,0.28834747755900025,0.4821642010938376,0.2984799947589636,0.9252377280499786,0.5207076428923756,0.5186910866759717,5.430833048633154
0.5002981706056744,0.11611767648719251,0.9900382217019796,0.5218755137175322,0.4061094019562006,0.4154605509247631,0.39157982426695526,0.10631212894804776,0.420779024483636,0.80557826673612,15.35835757618575
0.02178022312000394,0.11739877029322088,0.3111396993044764,0.35128338751383126,0.48112820624373853,0.022226479602977633,0.5414923948701471,0.7737017893232405,0.0457682975102216,0.1069795023649931,6.799633480472302
0.7325178608298302,0.031648832838982344,0.647976681124419,0.387666086666286,0.7957304413430393,0.9181497702375054,0.25522798602469265,0.8085475007537752,0.46639569848775864,0.4256852881517261,9.886755752223714
0.09844245784915984,0.011417413363233209,0.0051472794730216265,0.251534013543278,0.6358262321446091,0.19891009666025639,0.9652102407999337,0.7145008719526231,0.4185941661708057,0.5290837346110493,10.947521771805865
0.2025379987899214,0.5916345592122525,0.8172328453511,0.8589930126909167,0.21705411071889102,0.13577142474241555,0.5953928243834525,0.9110044909175485,0.8109077489934862,0.5255886830855161,15.527090819016898
0.1838097246363759,0.18234778032638133,0.10296890628524125,0.8761014160700142,0.19709237408824265,0.5488843298517168,0.6220881044864655,0.21524212369695306,0.8839686629362404,0.9713798891752958,15.056599239903683
0.22207916341722012,0.6819115225225687,0.4173365100286901,0.19412642600946128,0.6510502228047699,0.07584771141409874,0.5766818800475448,0.034585737623274326,0.10100028663873672,0.4160364691633731,10.00548071809728
0.2659748117439449,0.4221351109445095,0.44078616867773235,0.9104385206010193,0.7626243098638952,0.5472509455867112,0.8860466764308512,0.5163505440577865,0.8411574016790837,0.5074139575008303,16.04668136618033
0.6304365391843021,0.6149748493917286,0.31637522601522505,0.6440870300866663,0.8447338475380093,0.859608260449022,0.7854843172244728,0.45985735533759,0.21904409141279757,0.15198263269849122,21.8040691147512
0.573319915914908,0.4858879684470594,0.19439816824160516,0.28783644712530077,0.09315756475552917,0.29021690343506634,0.7422948381863534,0.24404164659790695,0.060267595341429114,0.08484968007542193,13.640111839719209
0.9814213840290904,0.943252787226811,0.2717094721738249,0.2753888692241162,0.7137415430042893,0.023053866811096668,0.20617755455896258,0.5791133958846331,0.9100217798259109,0.44410191802307963,10.628188532650126
0.741290309233591,0.2261205492541194,0.9826559941284359,0.5415066594723612,0.08310339413583279,0.3429780991282314,0.4716672687791288,0.41629382595419884,0.7967696413397789,0.19377189734950662,15.098932924351159
0.18023565225303173,0.9663296304643154,0.6046726123895496,0.7619782167021185,0.740308498730883,0.5252292298246175,0.724559451919049,0.8054488627240062,0.3250281950458884,0.7753108683973551,16.04654736817511
0.5079503594897687,0.2769107325002551,0.8337892342824489,0.42177721904590726,0.9267412081826478,0.08876206446439028,0.7395923144649714,0.39224517229013145,0.10299008199945092,0.36646499251946807,15.163718392680401
0.7857393259182572,0.6857057760935277,0.6006070477887988,0.5380616968031973,0.9881471800617874,0.06682661548256874,0.7313635805621743,0.2045191756915301,0.6481270459480584,0.33745530201122165,19.755573503257
0.9854814794380218,0.4079091609455645,0.5375283253379166,0.9516881024464965,0.7565386351197958,0.34814276616089046,0.2933430173434317,0.7636755642015487,0.9703407413326204,0.8572312120813876,22.54473725784982
0.7326794324908406,0.9224869178142399,0.4162252794485539,0.27931215870194137,0.9304761551320553,0.9420756520703435,0.6110018258914351,0.057623563800007105,0.8499775598756969,0.9314983163494617,14.563794364942549
0.5381216767709702,0.17729696910828352,0.38290598220191896,0.8857471328228712,0.9231757041998208,0.6730051310732961,0.338858206756413,0.5137062082067132,0.06172522250562906,0.9581153641920537,14.937889878600181
0.30603732564486563,0.6687408627476543,0.2508182772435248,0.8990710494108498,0.1297602318227291,0.7548824467230588,0.23765859147533774,0.12838129745796323,0.06044394336640835,0.30949529469944537,17.005479297839937
0.5101508812513202,0.9677073745988309,0.061797249829396605,0.9452627524733543,0.9556058808229864,0.345515652326867,0.46344620548188686,0.41284069046378136,0.4479504865594208,0.6075227740220726,26.427778263264717
0.025569578865543008,0.5148620309773833,0.06508524529635906,0.4961234999354929,0.186758519615978,0.45599349052645266,0.17551802308298647,0.49657364934682846,0.6567778349854052,0.6849662524182349,11.06922413897235
0.9778931331820786,0.3713769258465618,0.3649716558866203,0.5550408456474543,0.8572560122702271,0.4436727992724627,0.8791629117913544,0.07945391372777522,0.4946799573954195,0.26503623533062637,18.026114723134718
0.734083837363869,0.29343190626241267,0.8309937096200883,0.7582016938831657,0.40891516325064003,0.4346857808995992,0.15199116594158113,0.8361646810080856,0.9880812882911414,0.252836026949808,17.759957111252525
0.25763067975640297,0.13524806639179587,0.5757713199127465,0.9888029934372753,0.745860144495964,0.3140435379464179,0.3648088776972145,0.7362450161017478,0.5791490080300719,0.9085656537208706,16.988784299443097
0.4020132638979703,0.008599629392847419,0.9272246316540986,0.3571824780665338,0.4046159174758941,0.007850103778764606,0.6901267156936228,0.9693252423312515,0.5483983906451613,0.14081781171262264,9.092624766640437
0.14693985017947853,0.9625688313972205,0.40054054581560194,0.05485125258564949,0.7756270035170019,0.4422170394100249,0.538666698615998,0.30051853274926543,0.5994132009800524,0.5130844474770129,9.172754145521768
0.06750090117566288,0.9031356410123408,0.5201085621956736,0.8784680888056755,0.7660783436149359,0.8550667138770223,0.4208368312101811,0.7779796172399074,0.7354192084167153,0.16278304904699326,13.733762043381288
0.17041433602571487,0.09317291062325239,0.09625642444007099,0.0848669889383018,0.5801098851952702,0.9676240379922092,0.1520328971091658,0.38423182675614953,0.6341863314155489,0.5549861893523484,8.04801278716964
0.3120897563640028,0.3011205159127712,0.06706800521351397,0.36284399149008095,0.43991708010435104,0.6384827625006437,0.6061350849922746,0.9675649194978178,0.006986898835748434,0.913786495802924,11.478471823617959
0.554233992472291,0.9970300714485347,0.6527241652365774,0.10225936747156084,0.4354291628114879,0.9754344979301095,0.488026590552181,0.754343299428001,0.6713876849971712,0.9842635740060359,13.92273498270661
0.047070872969925404,0.013609159737825394,0.6954703549854457,0.8767805290408432,0.4385772638488561,0.09077620948664844,0.39073750376701355,0.27880569570697844,0.5601137385237962,0.07812035223469138,13.699424849229919
0.9690870712511241,0.17763244756497443,0.8143134946003556,0.4312726624775678,0.0396420881152153,0.21310732420533895,0.25428957329131663,0.1483902712352574,0.7446361305192113,0.943618695018813,11.651469086023338
0.57696094061248,0.949546063086018,0.7026669755578041,0.9965422002132982,0.38457846990786493,0.8834489108994603,0.10657253116369247,0.7714866332244128,0.2287047568242997,0.8342666220851243,23.820208159842977
0.30241243820637465,0.2833524253219366,0.9339042699430138,0.2914337345864624,0.44666828447952867,0.1454632463864982,0.9210284401196986,0.32050284487195313,0.7349930841010064,0.31326589547097683,12.549374537420501
0.7577996230684221,0.9728280787821859,0.9695417932234704,0.11879035388119519,0.7174267258960754,0.2939059210475534,0.6149890914093703,0.06112306495197117,0.3446625913493335,0.8702083213720471,16.712890198011973
0.9803922805003822,0.6681320013012737,0.8389881395269185,0.2598918001167476,0.6843171366490424,0.9428798297885805,0.30009699729271233,0.2157268866430968,0.5988068678416312,0.1231716179754585,16.637566863108578
0.5431670751422644,0.5912299347110093,0.6123135932721198,0.4054337926208973,0.218090180773288,0.023954583564773202,0.22035869653336704,0.7754375848453492,0.8490386130288243,0.9837456848472357,13.78249315255616
0.8090784838423133,0.777284889947623,0.9467632053419948,0.1303639414254576,0.8580575305968523,0.5696306994650513,0.5811455291695893,0.031232044799253345,0.298626858741045,0.0022514653392136097,18.795290441951494
0.6344037461094558,0.2393337704706937,0.22432992211543024,0.6330707706511021,0.9953166376799345,0.27598502673208714,0.8774336513597518,0.1060602085199207,0.7874037437140942,0.7275657076388597,17.947526130828244
0.008836908265948296,0.909884138032794,0.1587955050636083,0.7729626903310418,0.7239183636847883,0.308911697473377,0.6892780680209398,0.2975604191888124,0.7498358797747642,0.43087664945051074,13.992577543206608
0.7738538377452642,0.3894746114965528,0.01790582248941064,0.9748377944342792,0.829947269288823,0.4600651089567691,0.9991888725198805,0.6189763899892569,0.703183495439589,0.8928936258889735,26.129885909130714
0.49924278049729764,0.6802063197828829,0.5661285179667175,0.14466809248551726,0.9966608465183526,0.07571936817839742,0.571544828126207,0.009666578378528357,0.24471002793870866,0.671162114944309,14.09722243401512
0.46549102291464806,0.9276521743740886,0.06429823185317218,0.9532381154131144,0.11704573268070817,0.5936314738355577,0.041947874473407865,0.08930797781795263,0.8089084115345031,0.6611624581273645,23.028632251069254
0.7353209888096899,0.5895193365868181,0.4577370707411319,0.7947759781964123,0.7348146997392178,0.15879880683496594,0.4105173288844526,0.0850023499224335,0.3027742311824113,0.8581975342240185,22.55725172043501
0.5819372434634715,0.5231916522607207,0.6558268319349736,0.20596990920603275,0.14104232052341104,0.4218444915022701,0.6775975855998695,0.7781838048249483,0.29687989107333124,0.5455498131923378,12.643824001809316
0.2544094044715166,0.9968186176847667,0.41810238221660256,0.4864360832143575,0.6898780288174748,0.21610359591431916,0.9435833145398647,0.8838610404636711,0.13703175797127187,0.6838593005668372,13.690337260236767
0.647334688808769,0.8276903361547738,0.4242533636279404,0.5711851466912776,0.23204450262710452,0.0019241245463490486,0.49998185667209327,0.8240464334376156,0.6267578892875463,0.28317798860371113,18.627728255041593
0.3562661826144904,0.1283864334691316,0.31262008752673864,0.9699685960076749,0.8107691365294158,0.28329889685846865,0.5054229313973337,0.6901127710007131,0.233317339560017,0.36471534124575555,16.181454249603497
0.4257451854646206,0.26351468567736447,0.03679588972590864,0.8012316392268986,0.17307290178723633,0.6408261968754232,0.24449503212235868,0.5790901561267674,0.4520213946234435,0.7294391989707947,17.10925541325822
0.702513116877526,0.6971340051386505,0.43744416371919215,0.8797089785803109,0.8415755380410701,0.6403797990642488,0.394208671990782,0.2207783255726099,0.22817468992434442,0.6597212380729616,23.104902997224674
0.49381618946790695,0.8409624649211764,0.3047475179191679,0.5165967512875795,0.5800280978437513,0.2986661207396537,0.8168351615313441,0.3608697080053389,0.8219594238325953,0.7187933321110904,19.263041871613606
0.5968359510879964,0.2108169374987483,0.1686822532210499,0.08698645513504744,0.9845901499502361,0.508597711334005,0.09551215334795415,0.968306427821517,0.8604801134206355,0.7816313370130956,12.62003548668081
0.45765623170882463,0.19362840754911304,0.4030966719146818,0.3614211706444621,0.9881981534417719,0.023451710352674127,0.7020226288586855,0.431842097081244,0.8706218812149018,0.1946925395168364,13.020829794871457
0.2145160010550171,0.37948205531574786,0.5221931808628142,0.8582972001750022,0.8416739786043763,0.8096598580013961,0.05792914447374642,0.7163754825014621,0.3109976453706622,0.9293406058568507,17.216635410362564
0.047952849650755525,0.6259815993253142,0.0742867065127939,0.10240715299732983,0.16562060615979135,0.8580185058526695,0.79401382105425,0.869199066888541,0.668046833248809,0.2948470471892506,6.8975376318315345
0.8717146371491253,0.5757029918022454,0.3312440006993711,0.8670346622820944,0.44930233526974916,0.04665634338743985,0.11697845486924052,0.3037240691483021,0.8485819052439183,0.4322501427959651,20.559005579924918
0.2666267699096352,0.7718769998755306,0.41307814279571176,0.6206730240955949,0.5162366414442658,0.39367692917585373,0.15716383839026093,0.4994063666090369,0.14632350206375122,0.45618164469487965,15.48524284879185
0.15748949069529772,0.47040699259378016,0.04091023234650493,0.11197541444562376,0.4544495779555291,0.727435247739777,0.5445605705026537,0.23779849475249648,0.8236401306930929,0.5585996403824538,9.601643086696875
0.5924997830297798,0.37439305195584893,0.8300912564154714,0.920155216474086,0.7650510556995869,0.1592012217734009,0.9202432790771127,0.9415449739899486,0.04712220258079469,0.8797946444246918,22.644385593814068
0.16091431421227753,0.8672666635829955,0.4067180424463004,0.9089229051023722,0.12807518104091287,0.16980372625403106,0.34127132035791874,0.3563883653841913,0.9509950883220881,0.8343223507981747,14.146739326821226
0.7791440112050623,0.922691862564534,0.7038167077116668,0.33742752321995795,0.8632298819720745,0.4527180667500943,0.15924792550504208,0.35645738057792187,0.6174727620091289,0.2960932282730937,16.643087830628943
0.4997545981314033,0.5210426687262952,0.5126410941593349,0.11320774699561298,0.39943903405219316,0.8933054201770574,0.4643321391195059,0.4242874493356794,0.2699387068860233,0.8172528743743896,11.820736369267872
0.47969809360802174,0.5055603364016861,0.3454935534391552,0.2122060381807387,0.7672158025670797,0.5272921852301806,0.10513470973819494,0.6999058020301163,0.8703275732696056,0.3695803333539516,12.760724772705712
0.7736565195955336,0.6110098359640688,0.23031057231128216,0.21141908271238208,0.25828468799591064,0.8381910205353051,0.601832672720775,0.44203695748001337,0.579985603922978,0.49076247378252447,15.058884558503573
0.28458662307821214,0.4026028742082417,0.3705282206647098,0.9620490164961666,0.24059535167180002,0.08047211566008627,0.19887568172998726,0.12097455188632011,0.820398572133854,0.11329262307845056,15.248623357362115
0.16846310603432357,0.4385356029961258,0.5925168469548225,0.3512871181592345,0.4035696149803698,0.23748798784799874,0.7535468058194965,0.5983754720073193,0.1338100447319448,0.4557790437247604,7.70586396293967
0.47432830068282783,0.5273501477204263,0.3241743070539087,0.6978018651716411,0.5930738889146596,0.43299049767665565,0.6971218348480761,0.4371490618214011,0.02350636082701385,0.08336690627038479,16.86982893383348
0.6537234804127365,0.12683909526094794,0.41154109477065504,0.8369411856401712,0.8365974090993404,0.42995380237698555,0.24260697118006647,0.5059276211541146,0.5301879937760532,0.6929925901349634,16.80007711027757
0.29702344443649054,0.576954698888585,0.803227772237733,0.7404418250080198,0.18983709649182856,0.8304814274888486,0.3566458597779274,0.2775634219869971,0.57092179893516,0.4282365539111197,15.3407976972312
0.22414868883788586,0.007964670192450285,0.7644931769464165,0.3429195308126509,0.18087870185263455,0.079032241133973,0.3945851712487638,0.8335638009011745,0.0777566647157073,0.2851790268905461,6.0339554322307105
0.35746079683303833,0.9762007649987936,0.6434271070174873,0.800637518754229,0.5360421556979418,0.8491506637074053,0.06178223737515509,0.6793459113687277,0.02092168340459466,0.27047505252994597,21.307973338553015
0.11546226707287133,0.5499360088724643,0.22502830112352967,0.5107135826256126,0.6853544770274311,0.2851014498155564,0.9302719424013048,0.17128218221478164,0.8295208120252937,0.6248030811548233,10.680593948778029
0.43135251058265567,0.9979609977453947,0.3408328278455883,0.4123322647064924,0.9530583575833589,0.057951704831793904,0.15218553831800818,0.04884473863057792,0.27877851109951735,0.03795809531584382,19.4318480152865
0.8900029640644789,0.5221855388954282,0.42776030860841274,0.6112708940636367,0.1351664352696389,0.8406825310084969,0.18438248941674829,0.8385707584675401,0.608988139545545,0.9531845541205257,17.964217303863
0.8887267052195966,0.7117871881928295,0.9875022813212126,0.9894023027736694,0.018158525694161654,0.9854545507114381,0.9223089318256825,0.18867078213952482,0.8422387929167598,0.5943784061819315,25.399215112397183
0.12225646805018187,0.13750582630746067,0.24718353641219437,0.1702614591922611,0.9312638598494232,0.21702499059028924,0.7220843981485814,0.45691076572984457,0.864720695419237,0.8186680448707193,8.816014361977551
0.9036105542909354,0.4821584892924875,0.04689731844700873,0.7638557986356318,0.21640718402341008,0.36262987391091883,0.2611908121034503,0.17220425745472312,0.5325993048027158,0.3439685329794884,23.106822129027496
0.34494034736417234,0.5678758441936225,0.8249981459230185,0.08040456799790263,0.8888018357101828,0.25564470794051886,0.5719181185122579,0.6728694105986506,0.058641603915020823,0.5017106109298766,12.06594574511301
0.8232127239461988,0.9436393438372761,0.4002756194677204,0.023979123448953032,0.3017947203479707,0.4003146046306938,0.31007483997382224,0.24034694908186793,0.8140231310389936,0.22009493643417954,9.259913842533127
0.8111850847490132,0.7688532681204379,0.8915358670055866,0.5171819617971778,0.04610243649221957,0.19125488586723804,0.6839221997652203,0.7813998979981989,0.3252175103407353,0.7864744600374252,17.770932660895095
0.19949951628223062,0.5027758108917624,0.9368621134199202,0.556656327098608,0.9497567329090089,0.18206305988132954,0.5956204868853092,0.32208823855035007,0.5449146083556116,0.1346552011091262,17.886859263625507
0.5065118512138724,0.3862382769584656,0.6188916065730155,0.17193744145333767,0.6442372933961451,0.47527884412556887,0.5408300394192338,0.49640970723703504,0.34694904088974,0.8292864258401096,9.812702340131182
0.4255913309752941,0.6645434072706848,0.696462872903794,0.48823958612047136,0.36681361217051744,0.8653093955945224,0.5999726573936641,0.8405719394795597,0.21903527015820146,0.21676849736832082,13.823999637460075
0.9670984474942088,0.6289545469917357,0.42808450548909605,0.002449635649099946,0.0693580477964133,0.697395539842546,0.6264282278716564,0.9469557760749012,0.41066065384075046,0.65664485655725,8.515886928455926
0.7550657272804528,0.3340080166235566,0.7033113837242126,0.09018388437107205,0.5268984497524798,0.24822501558810472,0.21030754572711885,0.7325242690276355,0.3306521747726947,0.8448975670617074,11.332367508121376
0.5543838862795383,0.6436554326210171,0.13260947330854833,0.5396206914447248,0.42983504803851247,0.19550396595150232,0.010009732795879245,0.8199894409626722,0.540045332396403,0.5629038871265948,20.43974396482803
0.568078335840255,0.6245065904222429,0.715884497622028,0.06533725815825164,0.270084579475224,0.5649450405035168,0.0772434575483203,0.20151595072820783,0.4398553650826216,0.06897409516386688,13.709958035883902
0.9602196360938251,0.5511096322443336,0.9993874009232968,0.09961584047414362,0.9335295527707785,0.6093736195471138,0.2081956695765257,0.6639624231029302,0.3245625481940806,0.2828597684856504,21.464008594160664
0.21818749094381928,0.9217208384070545,0.44625905505381525,0.3243905436247587,0.4283630137797445,0.3265235039871186,0.8605070526245981,0.6769198239780962,0.07335348823107779,0.746530355187133,12.811841404476851
0.9816660762298852,0.05335205630399287,0.9370946201961488,0.12722909334115684,0.9205553983338177,0.626429179450497,0.9481973249930888,0.15643827058374882,0.2604918817523867,0.2755434231366962,11.468150000539284
0.6180891117546707,0.34409297723323107,0.8967916334513575,0.8150411259848624,0.7995305466465652,0.07729273033328354,0.6178436123300344,0.5115407889243215,0.1563370735384524,0.9515653988346457,21.786574555008084
0.5314077790826559,0.8068923640530556,0.009914835914969444,0.9860468928236514,0.9616447284352034,0.4338235354516655,0.380975074833259,0.3302993404213339,0.8012306499294937,0.7435269972775131,29.92184986642099
0.8841674672439694,0.49439270212315023,0.8840528691653162,0.5926973023451865,0.7365920182783157,0.38967172452248633,0.743025767384097,0.6713337164837867,0.3843737666029483,0.5734464703127742,22.008673144742218
0.2238527424633503,0.2958440270740539,0.3920367006212473,0.19175113178789616,0.030621435958892107,0.8361669809091836,0.30939134163782,0.06423094170168042,0.010955400997772813,0.3664373578503728,5.506113179310918
0.060605310602113605,0.15798889566212893,0.6299992469139397,0.18951884121634066,0.9169637246523052,0.6060367012396455,0.498192663770169,0.8310112464241683,0.527398842619732,0.4401903096586466,6.784582446110744
0.7466523030307144,0.9535358543507755,0.6570265023037791,0.1895888054277748,0.46116161718964577,0.324766089906916,0.125643267063424,0.20829383982345462,0.20671093347482383,0.2759296882431954,13.867727379791697
0.44903529225848615,0.18378220568411052,0.7646147140767425,0.12464976124465466,0.9428809133823961,0.10091219912283123,0.6975307604297996,0.703943649539724,0.8938173213973641,0.5017164130695164,9.968902421848563
0.524697310756892,0.2614550164435059,0.06268754368647933,0.6258334347512573,0.5000491100363433,0.020926042459905148,0.18093965481966734,0.9797206339426339,0.723422187147662,0.3845903961919248,17.898247701819873
0.3570731161162257,0.12872663140296936,0.6846987507306039,0.7343587239738554,0.6921797008253634,0.3021289110183716,0.4436455359682441,0.5618780779186636,0.27722770371474326,0.7174078633543104,12.614700439859257
0.7599758475553244,0.3558177058584988,0.12714161071926355,0.06875358475372195,0.600444273557514,0.7462079089600593,0.32272482360713184,0.9328619358129799,0.30063251918181777,0.07910714112222195,13.623607508601232
0.7068488728255033,0.9168937786016613,0.08822136628441513,0.12703522783704102,0.46284672315232456,0.9764061495661736,0.4854087973944843,0.881102716550231,0.9306566440500319,0.15457220654934645,17.36934480685642
0.6553442797157913,0.9075556967873126,0.8990701870061457,0.878714237594977,0.044880235102027655,0.8309723150450736,0.5792460748925805,0.2077532960101962,0.0864299179520458,0.23385396203957498,22.186059832896646
0.11398852407000959,0.6339041476603597,0.4518152344971895,0.05965303583070636,0.07086387975141406,0.7257157675921917,0.09206590801477432,0.6193473027087748,0.4243180120829493,0.9221593665424734,3.9965898948686247
0.5059187137521803,0.3828788904938847,0.2575458053033799,0.7500987953972071,0.37023400608450174,0.19347995962016284,0.4642302345018834,0.051750976126641035,0.9960045902989805,0.6098274784162641,16.97327161508874
0.3595525179989636,0.9048684039153159,0.7055070090573281,0.5343508068472147,0.26201565423980355,0.6343321418389678,0.4258130288217217,0.26010193629190326,0.4151075284462422,0.8602914270013571,14.833010881655238
0.21292996453121305,0.877242096234113,0.4949246668256819,0.09884433727711439,0.004283855436369777,0.6855125569272786,0.1876343828625977,0.27806569915264845,0.4254742921330035,0.3919423962943256,6.860894958772842
0.5032061028759927,0.33403418003581464,0.8236344631295651,0.1746421898715198,0.375355688855052,0.599944207817316,0.013544221641495824,0.5589291583746672,0.9906571677420288,0.30032135965302587,9.68256528033703
0.8847067966125906,0.9636500095948577,0.23211542121134698,0.529244280885905,0.9393361483234912,0.08824398275464773,0.29153549391776323,0.7879345705732703,0.6725512421689928,0.03520411206409335,15.748447531986358
0.9755882064346224,0.2848078205715865,0.24008489679545164,0.6831223331391811,0.5575689598917961,0.5906805922277272,0.7785213682800531,0.6468296304810792,0.4376804609782994,0.3225640896707773,19.23182806683851
0.843293925980106,0.327705595176667,0.305098780663684,0.5883100929204375,0.6081999752204865,0.9789041199255735,0.7005605280864984,0.12377866520546377,0.35678859730251133,0.049446999095380306,17.840289298022793
0.23498325725086033,0.7240014455746859,0.42575428262352943,0.21598451933823526,0.7886583760846406,0.8471608785912395,0.20411207573488355,0.6772486243862659,0.1993205628823489,0.6649382135365158,12.240548986307942
0.24301615916192532,0.9379206686280668,0.23025132482871413,0.4961263861041516,0.2825251885224134,0.8834812864661217,0.3487485081423074,0.18825383251532912,0.08666635258123279,0.011152053019031882,14.886569460880603
0.3572285855188966,0.6678752996958792,0.2952404955867678,0.09345867717638612,0.2961713259574026,0.7833565417677164,0.663285396527499,0.06964051933027804,0.9824428139254451,0.36962464242242277,9.22570271049501
0.04112816066481173,0.2681523566134274,0.603993987897411,0.8082346974406391,0.9411009948235005,0.3181827461812645,0.3742402878124267,0.3734037613030523,0.7092273253947496,0.9330048796255141,12.327124713909217
0.11338901589624584,0.39116431795991957,0.41928798286244273,0.43756205192767084,0.37390899704769254,0.47456320794299245,0.7358620932791382,0.35304420813918114,0.07816383498720825,0.5454663357231766,7.518466452294942
0.012436518911272287,0.8191806599497795,0.9663264055270702,0.9690584817435592,0.9690661944914609,0.34389210236258805,0.6581329309847206,0.19656406668946147,0.7636306607164443,0.8999945253599435,19.192716442539222
0.8911837970372289,0.32212350820191205,0.06114295800216496,0.9331603266764432,0.5677430459763855,0.6927233259193599,0.7608561946544796,0.3473319411277771,0.6932683659251779,0.8956727732438594,24.69851622486163
0.014393455116078258,0.01504619768820703,0.48358787572942674,0.3311966636683792,0.44301328086294234,0.6906957377213985,0.9844447153154761,0.010627370793372393,0.9136584640946239,0.5337655174080282,6.568666128770426
0.8845780324190855,0.6449467316269875,0.44087549252435565,0.5104311723262072,0.3965086580719799,0.14618603931739926,0.8400424357969314,0.24589309422299266,0.47067060810513794,0.3299648812972009,17.042788619275953
0.41475653275847435,0.43403102457523346,0.9911195503082126,0.319355407031253,0.3955154570285231,0.6342827219050378,0.07078919210471213,0.4293683760333806,0.15450008655898273,0.7822992540895939,15.925725280455655
0.6490334919653833,0.7089455167297274,0.6731512350961566,0.4529388453811407,0.21777196740731597,0.1556136596482247,0.2989969488698989,0.16443524369969964,0.23224871000275016,0.8153515383601189,15.559882707122648
0.9552337245550007,0.3014703730586916,0.5497776116244495,0.5233197801280767,0.4295203839428723,0.9853983151260763,0.1098853494040668,0.2062917915172875,0.981277413899079,0.6509251771494746,15.880826831248745
0.20409339689649642,0.723705219104886,0.1772426194511354,0.8120250501669943,0.22631161520257592,0.5080272958148271,0.4626574390567839,0.31715323752723634,0.2576945109758526,0.5600461245048791,16.539634139586408
0.19901434401981533,0.7167828669771552,0.7207503635436296,0.9247913851868361,0.6045037980657071,0.2654399930033833,0.4268703160341829,0.03737823851406574,0.3026106178294867,0.550228018546477,16.221308881172785
0.34402285306714475,0.48866718518547714,0.7867096781264991,0.9860044892411679,0.9200954777188599,0.40430034371092916,0.34594913478940725,0.5528858250472695,0.4147086078301072,0.6422800202853978,22.514249109576234
0.8907212859485298,0.7779012769460678,0.8059761917684227,0.11040777340531349,0.22059419471770525,0.8463362480979413,0.5314698764123023,0.07426644186489284,0.8086475150194019,0.3790120913181454,12.952562034396848
0.7553832288831472,0.27451034635305405,0.8451500022783875,0.03100097505375743,0.0008274379651993513,0.992163963150233,0.1314800779800862,0.834667397197336,0.2530055078677833,0.5062705376185477,9.546489064505463
0.3404173527378589,0.21108984551392496,0.46599489916116,0.8526063046883792,0.6192263108678162,0.36271675722673535,0.5795627227053046,0.6251135733909905,0.20632743369787931,0.3929013879969716,15.472649320794575
0.11578459641896188,0.46155759529210627,0.40341643686406314,0.8728914214298129,0.7322832855861634,0.790427855681628,0.7452038240153342,0.7777175984811038,0.7314935564063489,0.06887110858224332,14.28601256814032
0.7608615157660097,0.6998747745528817,0.25838984292931855,0.12810947163961828,0.025337514700368047,0.013752080965787172,0.8484586344566196,0.961304557044059,0.15751135256141424,0.5654945678543299,12.596205736714381
0.7254262431524694,0.37570260534994304,0.23390856571495533,0.5845725070685148,0.9391171268653125,0.5204592612572014,0.9844358421396464,0.7802971536293626,0.3161613408010453,0.7811492718756199,20.072445387689857
0.423829898936674,0.25168810226023197,0.2136935938615352,0.07100890320725739,0.801946516847238,0.045458320528268814,0.5315460674464703,0.9637496103532612,0.6173802653793246,0.41394164389930665,9.028478500300471
0.46969176991842687,0.09404133982025087,0.4179795498494059,0.053098589181900024,0.45943811209872365,0.05634569888934493,0.8281020806171,0.9555538755375892,0.36605939362198114,0.1286093790549785,4.086109764672715
0.6717279006261379,0.7123458310961723,0.23414203501306474,0.8694501696154475,0.5199039846193045,0.5090556296054274,0.1065987094771117,0.7509860564023256,0.044288169825449586,0.2578517929650843,22.495729292297646
0.7805229017976671,0.03305351105518639,0.31569236353971064,0.3262239499017596,0.4260626460891217,0.7004835219122469,0.03585473820567131,0.7019111521076411,0.19430241640657187,0.17425182252191007,7.676127661359255
0.9310607083607465,0.15574686764739454,0.3108943267725408,0.07061291229911149,0.12953322287648916,0.3949304004199803,0.9151923267636448,0.04111600806936622,0.4200919207651168,0.5206003456842154,6.0390938184316205
0.4841051916591823,0.5162252665031701,0.9554531518369913,0.44862265745177865,0.6657523880712688,0.3868201873265207,0.8822964278515428,0.029648010386154056,0.7705302287358791,0.9827598363626748,18.655654783278564
0.14698569616302848,0.12153916130773723,0.5197810134850442,0.6204728742595762,0.5463857387658209,0.9218581290915608,0.7950777967926115,0.8320900818798691,0.30108902021311224,0.3337447694502771,8.514272716868643
0.8451824057847261,0.3889949172735214,0.5442585349082947,0.4077556785196066,0.14930306165479124,0.6002697295043617,0.8858396750874817,0.7523814470041543,0.4307105066254735,0.5320957608055323,11.412693634830983
0.9875966934487224,0.8752235188148916,0.26870699087157845,0.4227248451206833,0.3383566939737648,0.09763764077797532,0.3835567773785442,0.23624328174628317,0.6791622592136264,0.5466068885289133,11.390852585692695
0.5085311967413872,0.623117106501013,0.02721135877072811,0.9281240038108081,0.09963760641403496,0.7172049393411726,0.5369210292119533,0.16605562740005553,0.8351918410044163,0.34320496628060937,23.07113252536297
0.21968798781745136,0.5484823593869805,0.300053235841915,0.4513810481876135,0.5903991344384849,0.7817983140703291,0.6583402478136122,0.7424323433078825,0.6062653684057295,0.4651504911016673,12.88664078438822
0.7159374072216451,0.6819672645069659,0.7466740447562188,0.06831012410111725,0.9038737823721021,0.1486693792976439,0.9702267870306969,0.8120292539242655,0.5042659086175263,0.9524557695258409,16.691578197571854
0.9842813657596707,0.6808583298698068,0.043910715728998184,0.6818852587603033,0.7651597047224641,0.5345759957563132,0.869857472833246,0.728906033327803,0.8108715126290917,0.5934739774093032,24.795570749992386
0.21278354455716908,0.4316283848602325,0.05240011774003506,0.4042334230616689,0.760826803278178,0.9583081530872732,0.23429894144646823,0.8902832069434226,0.903970031067729,0.8829386199358851,14.064756542015548
0.49969917605631053,0.8696228491608053,0.8053705364000052,0.423898613313213,0.20469057210721076,0.660621888237074,0.1192183424718678,0.92769611813128,0.4661132041364908,0.8783446648158133,16.570402070253373
0.470218013972044,0.9392174328677356,0.9291342291980982,0.6020439006388187,0.18436100892722607,0.44585705432109535,0.275074003264308,0.5579269370064139,0.9042351241223514,0.11332294158637524,22.54355312828933
0.9446940678171813,0.2430669330060482,0.750230920733884,0.44765549595467746,0.9042048931587487,0.9213693328201771,0.3337625989224762,0.8781523094512522,0.39344124076887965,0.09354970068670809,18.339625183318926
0.04771101078949869,0.862978003686294,0.7145345448516309,0.11119215143844485,0.1786279792431742,0.5234128525480628,0.985617526806891,0.9526415052823722,0.8516092237550765,0.10519177140668035,3.46392220107764
0.7825809386558831,0.10313166212290525,0.33009310020133853,0.8173021750990301,0.901729472912848,0.1667737897951156,0.08690786152146757,0.9998021645005792,0.3907386374194175,0.3357794436160475,16.8421634971675
0.07031375705264509,0.23270995472557843,0.7912104916758835,0.21314415475353599,0.050470240879803896,0.700904932571575,0.48000392713584006,0.5848691503051668,0.24531649891287088,0.2003774882759899,4.401968291703051
0.17507488932460546,0.9432292121928185,0.8258220413699746,0.8217306691221893,0.6541829844936728,0.49890762218274176,0.7353840074501932,0.28596145543269813,0.8663104001898319,0.3262730995193124,18.48418387247493
0.815384530229494,0.9348157576750964,0.9919820907525718,0.8167213127017021,0.5811672124546021,0.2843136715237051,0.8205817660782486,0.517393357353285,0.4309785587247461,0.2731042029336095,22.086366745140296
0.6516663725487888,0.41304810950532556,0.5897733315359801,0.584025603486225,0.5672710449434817,0.03778581437654793,0.08567795669659972,0.8436240591108799,0.9187202008906752,0.4066036166623235,16.314493634508036
0.8695794874802232,0.9231257864739746,0.23828375875018537,0.6668964882846922,0.1388347027823329,0.9937471752054989,0.7277682116255164,0.79885194869712,0.3828885753173381,0.10651723458431661,15.377196274056734
0.9453305166680366,0.2131259855814278,0.9131247028708458,0.9319038144312799,0.7608940077479929,0.9808459836058319,0.9546995596028864,0.28485233965329826,0.5527796854730695,0.03366441582329571,22.695740222545254
0.0980352305341512,0.3731894821394235,0.12202495872043073,0.41941428068093956,0.4213542649522424,0.8775467339437455,0.23565265838988125,0.5544829631689936,0.7802567919716239,0.28477686224505305,11.67369939000767
0.75301751983352,0.44296863256022334,0.8145613013766706,0.39599655847996473,0.8764763856306672,0.3807344352826476,0.8208023344632238,0.1072631855495274,0.5671847029589117,0.20493256277404726,19.86599395873955
0.5894135956186801,0.09479264332912862,0.08861235645599663,0.5493652485311031,0.04941721842624247,0.20649812743067741,0.976741190534085,0.6266429033130407,0.2674064745660871,0.21715970407240093,11.770127099213843
0.17337621003389359,0.185058155329898,0.8290883714798838,0.34108676784671843,0.22731884033419192,0.0957555437926203,0.42821003845892847,0.4832806803751737,0.3393788789398968,0.9460592078976333,8.904062938093189
0.8311923420988023,0.3416288709267974,0.6339602805674076,0.652281638700515,0.9464302535634488,0.3494179113768041,0.05094393319450319,0.8844300142955035,0.1377159447874874,0.9681771546602249,18.794674680209795
0.48581668781116605,0.4068979206494987,0.022954395506531,0.009918155614286661,0.12862542364746332,0.9914526215288788,0.4030196527019143,0.6614320946391672,0.6184694820549339,0.5070462031289935,11.292494049030182
0.7568321041762829,0.7841209080070257,0.29428613651543856,0.7179288850165904,0.38919128058478236,0.056524567771703005,0.38410915760323405,0.09861235693097115,0.22796692652627826,0.8982915489468724,17.804155693206923
0.7066387517843395,0.3390841439832002,0.3637519923504442,0.42984789540059865,0.35943916090764105,0.7540654623880982,0.6066832193173468,0.6713826591148973,0.512299532070756,0.8130203715991229,13.83459196851396
0.332096190424636,0.0976208325009793,0.9423381125088781,0.08169674943201244,0.19627470150589943,0.5354980898555368,0.9015067846048623,0.31101759732700884,0.27967524994164705,0.4310747985728085,7.201485405543655
0.4445348344743252,0.43142248038202524,0.7762236150447279,0.5031708814203739,0.81659015128389,0.5799653383437544,0.9716533967293799,0.8295285908970982,0.541214999742806,0.632864841260016,15.712669410258851
0.5981177971698344,0.9754488130565733,0.6999361892230809,0.2449906039983034,0.04338511731475592,0.07351565035060048,0.8327878890559077,0.44286252348683774,0.7048707066569477,0.20524047501385212,12.774100762178213
0.761126030003652,0.7366352174431086,0.14759883075021207,0.1033407615032047,0.10208044317550957,0.4804560015909374,0.23066622484475374,0.32183284498751163,0.6607839420903474,0.5117825849447399,13.016582391866955
0.6929110439959913,0.8669124969746917,0.016661809291690588,0.5308470113668591,0.8259103677701205,0.8293599837925285,0.6101035298779607,0.7674620260950178,0.658595968503505,0.7973934677429497,23.520418806635796
0.8253773923497647,0.26686641946434975,0.4741697476711124,0.2396959327161312,0.720966252265498,0.6635641781613231,0.8757052603177726,0.5410939941648394,0.041902025463059545,0.14619587850756943,10.87023274231482
0.7684719560202211,0.47774009918794036,0.4771713924128562,0.03684442350640893,0.9369303099811077,0.6580546512268484,0.10896169953048229,0.06009628903120756,0.4181278075557202,0.40048268460668623,12.973234635400447
0.6156355997081846,0.38214013748802245,0.4004472305532545,0.745325987925753,0.6425451566465199,0.3809970731381327,0.31866253772750497,0.18393180356360972,0.491401135455817,0.5466516877058893,17.36299994174563
0.06874791905283928,0.6805750853382051,0.2636846420355141,0.5315323190297931,0.14889928000047803,0.6794642095919698,0.5328046218492091,0.38393371854908764,0.9396811779588461,0.305222567403689,10.619254520671271
0.2568122942466289,0.25502360705286264,0.8678514077328146,0.734565382823348,0.6084994168486446,0.40157926664687693,0.6474101757630706,0.9087987658567727,0.8427766296081245,0.21650722832418978,15.549909776662941
0.47858095238916576,0.9265917565207928,0.3447035658173263,0.5344941250514239,0.90420779469423,0.9748091117944568,0.7340906830504537,0.7378241876140237,0.9527476695366204,0.4575753656681627,20.777644332082197
0.2359374698717147,0.14342624810524285,0.6614313528407365,0.9526081345975399,0.18430519592948258,0.13719778507947922,0.9413934238255024,0.8153869749512523,0.42506395443342626,0.22044271975755692,13.05980739936475
0.5720989203546196,0.5542393799405545,0.6356795167084783,0.8305083296727389,0.3261437921319157,0.9189942269586027,0.40766966342926025,0.6351751277688891,0.04558293707668781,0.5359677404630929,17.469035311134572
0.4749510942492634,0.3428326465655118,0.12128265062347054,0.8869792204350233,0.7078565745614469,0.47526925755664706,0.5740952887572348,0.220917543862015,0.43398122442886233,0.17142792232334614,21.489509434047406
0.3954151361249387,0.2291135024279356,0.004799188114702702,0.44087519915774465,0.005508552072569728,0.9595811690669507,0.5237388988025486,0.6654825177974999,0.9877135502174497,0.07282178662717342,10.906919960566935
0.5967187634669244,0.4768353227991611,0.7413223737385124,0.8587835649959743,0.13610932021401823,0.6979772918857634,0.623165552970022,0.7342799766920507,0.15436734980903566,0.16491500637494028,17.360433584662815
0.6951392940245569,0.49408246483653784,0.2799127872567624,0.6376099165063351,0.15821124333888292,0.3132035480812192,0.457153816241771,0.025698960293084383,0.8908973638899624,0.14276506612077355,16.038066189517856
0.9349693462718278,0.9009552886709571,0.056698736269026995,0.33549070823937654,0.016940846806392074,0.13793515833094716,0.8542698821984231,0.771184335462749,0.22611622186377645,0.09707817784510553,13.167671966757117
0.4460024074651301,0.21786251105368137,0.8553514094091952,5.440413951873779e-05,0.9265244633425027,0.495000287424773,0.36745814187452197,0.6783132404088974,0.8326946035958827,0.692263015313074,10.007872389173565
0.3039736377540976,0.30750537011772394,0.6215565709862858,0.9416346151847392,0.9478021424729377,0.8821802954189479,0.6173160742036998,0.5498508717864752,0.02634346461854875,0.4231796837411821,15.972603799510274
0.12264004559256136,0.24378845375031233,0.29467543051578104,0.851492362562567,0.9278634586371481,0.20031438046135008,0.07074480853043497,0.938773064641282,0.8212323253974319,0.2491981133352965,13.755380109852268
0.8221464725211263,0.7913107802160084,0.38130459771491587,0.8102251354139298,0.3216174244880676,0.012816816801205277,0.5524596853647381,0.014568760059773922,0.223627723287791,0.48616750771179795,19.12810558183998
0.9777762212324888,0.45946397446095943,0.0964499197434634,0.8618058166466653,0.9383891818579286,0.5137108792550862,0.22085042437538505,0.4442811403423548,0.7793131107464433,0.4866999613586813,26.321014231627917
0.0747397446539253,0.15319678746163845,0.6664608181454241,0.36203167331404984,0.6373239259701222,0.2899541361257434,0.9307717178016901,0.07001064834184945,0.9797048412729055,0.20627849083393812,8.62823958738749
0.9870992859359831,0.5574040417559445,0.937575594522059,0.9362575605046004,0.5063557848334312,0.8461537468247116,0.09108850662596524,0.5621060135308653,0.2508099772967398,0.8730955941136926,25.050789971130687
0.32544459286145866,0.9583436602260917,0.7741703893989325,0.22821008902974427,0.48197677615098655,0.14838399132713675,0.7482121614739299,0.03380117891356349,0.2718968717381358,0.8161316830664873,12.258329033712563
0.40160618047229946,0.20016784756444395,0.9142602561041713,0.46611454081721604,0.7933997383806854,0.3124953480437398,0.6091963741928339,0.7702068635262549,0.007027508690953255,0.831488334108144,15.273627220092658
0.4253873941488564,0.2938243616372347,0.3715006527490914,0.004825038369745016,0.6109725127462298,0.8396357712335885,0.5061781755648553,0.762234432157129,0.2235762132331729,0.0934561025351286,6.986728021095562
0.2543115499429405,0.35795348742976785,0.1722920665051788,0.05972149665467441,0.25834903377108276,0.8896290909033269,0.8868645830079913,0.5403738203458488,0.8484039925970137,0.7836747968103737,6.018687509866379
0.5723749534226954,0.3743731842841953,0.9559033375699073,0.3778137906920165,0.14705588878132403,0.22951237368397415,0.38779459963552654,0.19955056929029524,0.5102521074004471,0.17411887552589178,13.426520668256785
0.14551652688533068,0.3180723786354065,0.7439168409910053,0.3800915831234306,0.9328360587824136,0.89406245527789,0.34590277378447354,0.6476875294465572,0.2336214305832982,0.9920162113849074,13.007678635157689
0.8142382253427058,0.06610171031206846,0.4091568631120026,0.6199960322119296,0.9718151115812361,0.3128007531631738,0.601341096451506,0.05768484389409423,0.6561390331480652,0.9396999990567565,13.746882885859113
0.03443410596810281,0.6396921083796769,0.979481041431427,0.10877522244118154,0.43249044101685286,0.7632392982486635,0.31410677288658917,0.26115670427680016,0.3597403282765299,0.2418842006009072,6.233494839099958
0.7769280427601188,0.35298702656291425,0.03833611495792866,0.18098851409740746,0.34533198131248355,0.7531065738294274,0.3013377271126956,0.6048501266632229,0.9235855978913605,0.6614192612469196,16.9153830190398
0.5185508551076055,0.5094112602528185,0.6396904848515987,0.6223668025340885,0.9754373859614134,0.719180632615462,0.8731480771675706,0.8169632323551923,0.39854875137098134,0.9921741501893848,18.61366642455696
0.196663664188236,0.07576561789028347,0.9006809908896685,0.4747015496250242,0.9690757731441408,0.4618550091981888,0.32339892722666264,0.02599733858369291,0.4815637827850878,0.6564836499746889,12.699577249204513
0.12203926290385425,0.13006492820568383,0.6569555378518999,0.8123767296783626,0.6993302283808589,0.9766026008874178,0.1869521525222808,0.8407359709963202,0.04655414237640798,0.45449151494540274,12.849146189496599
0.541690276004374,0.18525174376554787,0.9554814619477838,0.8378337740432471,0.46776359691284597,0.30786752980202436,0.5802811705507338,0.8878393527120352,0.06665694783441722,0.3608451341278851,17.287953671360707
0.48290592757984996,0.08285239199176431,0.8051386480219662,0.13498364691622555,0.7759381714276969,0.5680118887685239,0.5838449872098863,0.843255910789594,0.13668125472031534,0.04282176890410483,9.120658227319552
0.7385011580772698,0.45838418463245034,0.30457460950128734,0.7414812555070966,0.946646663127467,0.5353175003547221,0.8387491530738771,0.5348146469332278,0.623328496934846,0.31262463866733015,21.592496800994304
0.7457131859846413,0.3682912599761039,0.8233094154857099,0.5690935107413679,0.1510925623588264,0.045925231417641044,0.008917439030483365,0.7232159294653684,0.8046084640081972,0.7716056541539729,14.152949543367987
0.8411742155440152,0.5804898331407458,0.502848754869774,0.10802939929999411,0.4589481570292264,0.5459140511229634,0.33426874387077987,0.8336925408802927,0.7106212314683944,0.8608549905475229,13.77731566712036
0.6985851714853197,0.4978360063396394,0.5353580489754677,0.642131571425125,0.5238404301926494,0.19562291773036122,0.5580198669340461,0.15515056462027133,0.4784533253405243,0.9980314204003662,17.53546934561903
0.7628514773678035,0.6558175054378808,0.5332024544477463,0.3842290607281029,0.11411728733219206,0.7023577280342579,0.9286507710348815,0.2887050281278789,0.30480363336391747,0.5200713716913015,14.315960120298149
0.22928211954422295,0.6163275532890111,0.12229535402730107,0.8269504494965076,0.686833409126848,0.457200781442225,0.2405390366911888,0.04386419802904129,0.3541184572968632,0.04415963962674141,17.699193597563973
0.0636488744057715,0.2761266983579844,0.5455837810877711,0.362581851426512,0.4136343856807798,0.24161151610314846,0.5378809003159404,0.03386708931066096,0.04369034431874752,0.5631200671195984,6.592402370322079
0.022082378389313817,0.08876978699117899,0.3584929946810007,0.02454001223668456,0.3829133021645248,0.9919119160622358,0.3790386172477156,0.4090589261613786,0.16502977325581014,0.7607995653524995,2.1991401736042673
0.382153483806178,0.058709807228296995,0.31332536856643856,0.3248225806746632,0.5304937870241702,0.36191822099499404,0.6725623442325741,0.2871319381520152,0.6905206954106688,0.5296827624551952,6.332415188661858
0.8664096940774471,0.4181529595516622,0.516052174847573,0.7661494840867817,0.9343652001116425,0.9169193468987942,0.4433040793519467,0.058743004221469164,0.9619681716430932,0.3737011479679495,20.924476068382795
0.8519520263653249,0.5473734010010958,0.303551375400275,0.796792893204838,0.5085895080119371,0.7156457921955734,0.9470367459580302,0.7238404420204461,0.8920368382241577,0.5490042821038514,20.356126305239272
0.9042083250824362,0.48460350884124637,0.7776357755064964,0.39450424863025546,0.7732736335601658,0.09128308552317321,0.6530177199747413,0.9677921466063708,0.79430435388349,0.8298618886619806,18.90634206474845
0.8691126920748502,0.745511605637148,0.0017606527544558048,0.9714938094839454,0.18947398522868752,0.0949395492207259,0.8405665617901832,0.8761835750192404,0.45388419297523797,0.3986336188390851,23.50607161467354
0.02605613204650581,0.41206128406338394,0.11809483612887561,0.9237155762966722,0.1179483188316226,0.22991508175618947,0.727089884923771,0.48188984324224293,0.7604479084257036,0.20372112770564854,11.81982690432956
0.9067632693331689,0.5190631998702884,0.3555675852112472,0.41052068024873734,0.38365236949175596,0.9762403860222548,0.3279338595457375,0.9386645497288555,0.477178298169747,0.94454285223037,16.703687866776516
0.7249320303089917,0.5547852832823992,0.28396449983119965,0.17601466341875494,0.9867004714906216,0.2771627374459058,0.02472981344908476,0.6678385250270367,0.12103793537244201,0.01829733233898878,17.772346015426653
0.9707233840599656,0.5134042529389262,0.7020924733951688,0.6827418890316039,0.012402261840179563,0.37241179100237787,0.005957522429525852,0.4270167211070657,0.1750970110297203,0.7310757339000702,16.66977250140102
0.22101027192547917,0.6087610390968621,0.2858138650190085,0.08240099251270294,0.9288639998994768,0.8325907296966761,0.6511764409951866,0.5888301827944815,0.03069396293722093,0.40144542534835637,10.059617619825591
0.42959229880943894,0.6105093969963491,0.4142701346427202,0.8022157496307045,0.3444591909646988,0.7685350547544658,0.40779971168376505,0.5064966294448823,0.40452408394776285,0.3682215348817408,16.020700537513516
0.2846511551178992,0.6586017399094999,0.5756420900579542,0.3816855454351753,0.5898245067801327,0.1839949288405478,0.963157344609499,0.46648683538660407,0.8378944857977331,0.3704115035943687,14.022988706422474
0.12025315640494227,0.6783807359170169,0.6832968280650675,0.6775531079620123,0.5466676957439631,0.5233617823105305,0.6301888250745833,0.6415664935484529,0.18183872429654002,0.028811805183067918,12.894028909423994
0.056714915204793215,0.29635307542048395,0.6238066544756293,0.8517434583045542,0.6704165530391037,0.4497296253684908,0.4361377125605941,0.23336535482667387,0.883624856127426,0.025371140567585826,12.071114481560514
0.08529428765177727,0.05879460950382054,0.6259098798036575,0.6856839661486447,0.05296592530794442,0.05935932695865631,0.8365608139429241,0.46574264485388994,0.3971976824104786,0.24887535884045064,4.093040116645801
0.6203393742907792,0.9361731538083404,0.5638057880569249,0.11162605788558722,0.6791972175706178,0.6012878709007055,0.7292039159219712,0.2627138497773558,0.2424954699818045,0.9273947470355779,13.914330078011206
0.7171676002908498,0.5837673647329211,0.12005631113424897,0.8506407246459275,0.8705635454971343,0.516591388033703,0.3086121301166713,0.6804486659821123,0.13595768297091126,0.5479947042185813,25.297987116748473
0.19710313458926976,0.6774113068822771,0.10935786901973188,0.4211394975427538,0.23052502376958728,0.13164120679721236,0.1458999807946384,0.06800662842579186,0.6069521673489362,0.4405000985134393,12.71892899458841
0.8935085590928793,0.12199208117090166,0.19944065110757947,0.5185913343448192,0.8467479615937918,0.49711066111922264,0.3233922228682786,0.2379394518211484,0.9190109972842038,0.585109420819208,12.995270501158107
0.6665185985621065,0.43385021667927504,0.28594131115823984,0.5208482614252716,0.9336991033051163,0.7457331367768347,0.3349784517195076,0.2834604741074145,0.4097310926299542,0.7766904688905925,19.510039222164366
0.04364155977964401,0.7038761640433222,0.29369276063516736,0.157645107479766,0.8162476886063814,0.7567631516139954,0.2622280560899526,0.17817390989512205,0.7409939675126225,0.6780589811969548,6.427438239337695
0.3889769525267184,0.7960093063302338,0.5715656662359834,0.511343153193593,0.6417327385861427,0.1906162842642516,0.14001910551451147,0.8209338667802513,0.237067332258448,0.20768569130450487,17.033777122388646
0.976094339042902,0.0527124535292387,0.13469602563418448,0.22740260511636734,0.8964906595647335,0.6697943804319948,0.5970149782951921,0.3328671173658222,0.8169924598187208,0.8386243004351854,11.096702501876168
0.9536058139055967,0.5027701908256859,0.9683883397374302,0.5329274823889136,0.011062281439080834,0.007237608311697841,0.33558996114879847,0.26044421596452594,0.5643360239919275,0.9496836573816836,19.897795687591532
0.23406608868390322,0.8254256814252585,0.04583086399361491,0.22839731886051595,0.008579494897276163,0.6536333383992314,0.6992538343183696,0.870495893061161,0.864278361434117,0.7329930025152862,11.625661077910717
0.03227658732794225,0.22280365671031177,0.06207260279916227,0.981476717395708,0.3779563419520855,0.6804824785795063,0.9578947999980301,0.09401787468232214,0.33969529857859015,0.162001496180892,14.591226846062327
0.9156682607717812,0.01443431293591857,0.45291292178444564,0.20529945963062346,0.5878167299088091,0.37592541496269405,0.47988706082105637,0.10097463917918503,0.11069404613226652,0.9403108318801969,5.760656070076695
0.28588143247179687,0.8108145361766219,0.05256368103437126,0.6785448873415589,0.9372537836898118,0.2350628268904984,0.5616924171335995,0.47925480152480304,0.39727157610468566,0.9991371610667557,22.612132057276575
0.0651957334484905,0.46055892016738653,0.4555825188290328,0.36077911080792546,0.867841066326946,0.1784572780597955,0.8995024070609361,0.9722750566434115,0.3376687942072749,0.8947160965763032,7.296234445986668
0.9257062315009534,0.31511582364328206,0.9206922745797783,0.5263538111466914,0.15900445962324739,0.19969901163130999,0.1669393174815923,0.17487377510406077,0.41637497255578637,0.6549609028734267,18.05463963860453
0.03212161874398589,0.9724082755856216,0.5790292196907103,0.7331931334920228,0.5880627217702568,0.32166958251036704,0.5213832319714129,0.7923820619471371,0.5125438610557467,0.2964211811777204,10.12422217388425
0.08616090449504554,0.8711744227912277,0.3731321597006172,0.17932688095606863,0.6476041849236935,0.6561368200927973,0.5856563141569495,0.9746524363290519,0.5900575497653335,0.4932108665816486,6.682195310303538
0.9606913109309971,0.9686477822251618,0.2347129879053682,0.9867496828082949,0.332485708873719,0.4566101252567023,0.4470720118843019,0.2982222742866725,0.06891548843123019,0.31248920876532793,16.119282786970853
0.574083334999159,0.5856204035226256,0.9889721728395671,0.7477744750212878,0.41961509571410716,0.8702121542301029,0.20958712394349277,0.7579957861453295,0.37643051892518997,0.544135570526123,21.153381270375018
0.19646698329597712,0.6268047925550491,0.1906398730352521,0.036435323767364025,0.7641300796531141,0.17781053809449077,0.46925662155263126,0.5465506105683744,0.43090390670113266,0.8555822549387813,7.944192969193772
0.3243169579654932,0.4871443132869899,0.19197418610565364,0.32723001879639924,0.676887592067942,0.1313112375792116,0.6406753913033754,0.7978142444044352,0.8833310112822801,0.23657638090662658,13.596826661896692
0.11824829573743045,0.6509839792270213,0.0782513024751097,0.5387753441464156,0.5147092118859291,0.4965319251641631,0.384334044996649,0.3196039875037968,0.0037111472338438034,0.3087309058755636,13.812051285264284
0.4835664089769125,0.5105594510678202,0.09169576084241271,0.41494743898510933,0.18062592833302915,0.41942275036126375,0.21778299775905907,0.7749393235426396,0.9621892662253231,0.41118749673478305,15.807756765628962
0.9043760851491243,0.5912939189001918,0.6395272449590266,0.23899264028295875,0.14178470708429813,0.41067907004617155,0.57707992894575,0.3239138936623931,0.6655198992229998,0.7656645840033889,12.485107978754604
0.032578842248767614,0.5874536861665547,0.4691131126601249,0.8275766675360501,0.7255354078952223,0.4390216819010675,0.14341411087661982,0.531925595831126,0.6290118955075741,0.8622288962360471,13.00545757526861
0.2977407986763865,0.3601554704364389,0.5407119819428772,0.20124727208167315,0.22830270254053175,0.10799710638821125,0.933943627635017,0.18732253019697964,0.6773327339906245,0.3210592092946172,7.117052503046948
0.47632128722034395,0.13261538464576006,0.9797136101406068,0.02443556603975594,0.6289883919525892,0.4876194014213979,0.4725892257411033,0.6638366053812206,0.17243497376330197,0.8558222246356308,8.206324406634923
0.7868995247408748,0.5244789875578135,0.4900846991222352,0.3583277454599738,0.42035697563551366,0.7632988835684955,0.6974938632920384,0.8383809286169708,0.72009023767896,0.4207750151399523,15.179219457811511
0.7092567507643253,0.8734793902840465,0.21595001290552318,0.5834820785094053,0.585538802202791,0.15815240400843322,0.33861924172379076,0.1197376714553684,0.8192742567043751,0.3726881188340485,19.296251116272646
0.35743769677355886,0.140758762601763,0.655705229146406,0.6919060470536351,0.7033254744019359,0.49298522528260946,0.22189268982037902,0.0656487145461142,0.5538865835405886,0.6494620533194393,13.088571583414058
0.841949975816533,0.5844062210526317,0.4828253809828311,0.11180212232284248,0.770827149739489,0.943280391395092,0.7560290838591754,0.5886916276067495,0.0714106229133904,0.8932122245896608,16.33736259020354
0.9982776655815542,0.5449736784212291,0.5350589640438557,0.07452528807334602,0.5141781894490123,0.9066055400762707,0.3080312176607549,0.41362915374338627,0.3019846298266202,0.05730125238187611,11.364701827821044
0.6883681968320161,0.8501063459552824,0.6288103559054434,0.4507952434942126,0.7120910952799022,0.7413488323800266,0.10442760190926492,0.48205186845734715,0.5402804983314127,0.9180670159403235,20.225163074844
0.8234051372855902,0.9436706567648798,0.21101739490404725,0.9106170125305653,0.733154326910153,0.9630308144260198,0.5462576521094888,0.838872749125585,0.8058429947122931,0.13471721089445055,21.442148889936494
0.573238265234977,0.24403604352846742,0.7561328047886491,0.05690411338582635,0.6742005569394678,0.48850251361727715,0.4407293137628585,0.8430207397323102,0.41505118925124407,0.5726486998610198,11.252135289040737
0.5541494239587337,0.5780226197093725,0.9368799619842321,0.07090839045122266,0.24006928387098014,0.5297296505887061,0.6344553448725492,0.703807570040226,0.9511690081562847,0.8135674849618226,14.7153042512715
0.8478628799784929,0.925723375286907,0.7698509248439223,0.004060548730194569,0.38027672097086906,0.8634402465540916,0.25984071171842515,0.9658177420496941,0.4941072347573936,0.29761061631143093,11.191409025124578
0.6975317329633981,0.6821682057343423,0.9945050815586001,0.3526331214234233,0.46303372783586383,0.4542089430615306,0.2051650509238243,0.1876112837344408,0.9921260543633252,0.8461826217826456,21.30540962949962
0.6037792491260916,0.6867949243169278,0.8162275550421327,0.9536111557390541,0.12017495604231954,0.055707747815176845,0.554655707674101,0.21534663811326027,0.41494237072765827,0.39184174267575145,21.0534533949223
0.2505125163588673,0.4276583236642182,0.619822580832988,0.404885895550251,0.9659512992948294,0.5090695391409099,0.5986627130769193,0.5921713318675756,0.0945675065740943,0.012598516652360559,15.344930436328008
0.1174065270461142,0.1840870303567499,0.5971299959346652,0.569245126331225,0.5455580458510667,0.43353992351330817,0.10927998996339738,0.7590594852808863,0.8042334192432463,0.09165719873271883,6.761675051871807
0.9488548601511866,0.11241756100207567,0.13063119864091277,0.9697020484600216,0.31577971624210477,0.33066540909931064,0.5518269080203027,0.5884300614707172,0.07348413416184485,0.8406612677499652,16.27954641518853
0.380166077055037,0.45621282374486327,0.12106928857974708,0.30447949236258864,0.747941505163908,0.6038349403534085,0.4819744254928082,0.5021958195138723,0.17457188153639436,0.6357216064352542,13.961133273198914
0.3042085987981409,0.5162170687690377,0.855549949221313,0.7663108450360596,0.9792056996375322,0.743118392303586,0.8004248074721545,0.24778063083067536,0.18329441430978477,0.9915039744228125,19.1066636431077
0.7619134655687958,0.42074564890936017,0.834101194050163,0.6329722027294338,0.05037194234319031,0.5162326144054532,0.11604204587638378,0.8026856465730816,0.01994126639328897,0.9428993803448975,17.86622538698517
0.08538269530981779,0.6961877555586398,0.8396943674888462,0.29653409915044904,0.33163565141148865,0.5701932935044169,0.25310093350708485,0.7320790889207274,0.26219503255560994,0.5772093774285167,9.694601491407592
0.09127446776255965,0.8141703959554434,0.9909486109390855,0.4311163949314505,0.5802816671784967,0.12009276147000492,0.18035122798755765,0.46414438518695533,0.8281475114636123,0.3320941012352705,13.702935309636123
0.6434679417870939,0.7230929848738015,0.04099148930981755,0.9189214536454529,0.28374602156691253,0.6019396167248487,0.4520768942311406,0.40512231877073646,0.6732654238585383,0.20189654175192118,22.55273924705504
0.9706199623178691,0.24886656878516078,0.8654762615915388,0.9872012513224036,0.5185305611230433,0.9687832924537361,0.45990874664857984,0.30210943846032023,0.2532312257681042,0.15381418098695576,23.29814168021875
0.5256823049858212,0.3170002135448158,0.00021655461750924587,0.7948040734045208,0.26033158134669065,0.33813485805876553,0.53627610206604,0.9426711357664317,0.6210065146442503,0.9397084168158472,20.426162935588657
0.9058026596903801,0.5393343442119658,0.4475890707690269,0.6988937996793538,0.009101790841668844,0.5127769550308585,0.2070529239717871,0.9004944525659084,0.14786088257096708,0.8168908378574997,16.895520711682863
0.45178911834955215,0.9321251369547099,0.5125376887153834,0.8167452744673938,0.6675150201190263,0.6073496055323631,0.4788484100718051,0.20094744488596916,0.39818637794815004,0.8102685096673667,21.215009047179095
0.6910563667770475,0.15239365585148335,0.2352154180407524,0.7765856101177633,0.7115346896462142,0.3068223367445171,0.601452314760536,0.5383282222319394,0.45498212124221027,0.07116703665815294,16.944587340812447
0.5674741971306503,0.15533581539057195,0.5538689894601703,0.2955337231978774,0.5486383412498981,0.28771202079951763,0.9158979670610279,0.9630171137396246,0.007510577794164419,0.1771636155899614,9.3968078803888
0.1973553749267012,0.7828284853603691,0.143604010110721,0.023206903832033277,0.07874309248290956,0.7182881818152964,0.13414718490093946,0.6499318911228329,0.35560091282241046,0.8501699762418866,7.572687334899361
0.5495954079087824,0.7430925879161805,0.5702810187358409,0.08132828841917217,0.9036677328404039,0.3020687005482614,0.8367959624156356,0.5926563397515565,0.38841640553437173,0.20283021545037627,15.665983133883786
0.28443542192690074,0.4892029338516295,0.2772958092391491,0.5606838488020003,0.4075166955590248,0.8762928298674524,0.5171396925579756,0.46054906328208745,0.02836524066515267,0.8148422045633197,13.025053284088926
0.027053486788645387,0.469144269824028,0.06341628055088222,0.6534624136984348,0.30647407472133636,0.8153659191448241,0.09655819041654468,0.30817068042233586,0.47876095259562135,0.15551581815816462,12.313149162658986
0.9581484580412507,0.9177017610054463,0.02847921778447926,0.8544251206330955,0.6499628720339388,0.3179983904119581,0.1931244758889079,0.2788198324851692,0.6849712126422673,0.09466134943068027,20.15592416518557
0.5386184689123183,0.10947077721357346,0.29985106247477233,0.8991787934210151,0.9798235844355077,0.9427638864144683,0.9114402025006711,0.19559211377054453,0.3939806129783392,0.014699264662340283,14.380089757455284
0.9428149317391217,0.7144972642417997,0.6471192764583975,0.7142591034062207,0.5751630573067814,0.7121122507378459,0.7504587271250784,0.4650837865192443,0.6849951590411365,0.4676840347237885,18.80839490360449
0.0799545852933079,0.8590804408304393,0.8905166075564921,0.5783135360106826,0.819751798408106,0.9700341839343309,0.0806205237749964,0.54189472948201,0.330344932153821,0.3715456142090261,15.11841290595072
0.9675406436435878,0.8602135900873691,0.8818770572543144,0.8216144156176597,0.9419016272295266,0.7772754214238375,0.8756000529974699,0.1917264515068382,0.5543522695079446,0.08278895146213472,20.316159418993884
0.37377059273421764,0.7968796994537115,0.5292833887506276,0.6036905809305608,0.26865575299598277,0.7410339254420251,0.9560507361311466,0.18310417444445193,0.41566596436314285,0.47339098528027534,15.153204483972955
0.4105243547819555,0.034379928605630994,0.23010921920649707,0.644916289485991,0.2974508935585618,0.6582083189859986,0.2234877406153828,0.33756180363707244,0.47980969911441207,0.4664951767772436,9.692949752295466
0.8355810162611306,0.03821990545839071,0.6439169950317591,0.6263505895622075,0.855915314052254,0.1222146232612431,0.34702834766358137,0.032330740708857775,0.499126672744751,0.9532587081193924,11.374335780669494
0.9727430627681315,0.6612012283876538,0.6102785682305694,0.6291783463675529,0.38719972549006343,0.5804145215079188,0.39132628473453224,0.4862784422002733,0.0653970732819289,0.9903995860368013,17.671518049423007
0.5622678862418979,0.49048286862671375,0.6823515887372196,0.6002680733799934,0.6643028343096375,0.04520252603106201,0.8145592296496034,0.9228168029803783,0.34760797768831253,0.07506788265891373,15.796257103761302
0.6017370582558215,0.001375280786305666,0.1146376442629844,0.5253766030073166,0.7309802379459143,0.6251988362055272,0.4155400723684579,0.36130545823834836,0.6032341518439353,0.8284067516215146,12.613925693380626
0.7458418214228004,0.9246816595550627,0.4943469662684947,0.4212947462219745,0.12875611009076238,0.6374360632617027,0.2216568235307932,0.3599181280005723,0.026001188438385725,0.7946402453817427,12.219843114955793
0.5176301258616149,0.07567763747647405,0.6530568622983992,0.17996097798459232,0.9951938537415117,0.649096756009385,0.5329648009501398,0.3862649176735431,0.6790305606555194,0.6034150836057961,7.892345741509485
0.024592764675617218,0.6742015921045095,0.0019159354269504547,0.18953318381682038,0.5258996735792607,0.3420476352330297,0.8904533933382481,0.8500678932759911,0.5019315325189382,0.7104606893844903,10.070015339360333
0.945608395151794,0.35090291243977845,0.3152451869100332,0.44537975755520165,0.22323316102847457,0.5283673086669296,0.46220811479724944,0.43240923155099154,0.7546239595394582,0.6812914891634136,15.215186399306537
0.7949365994427353,0.8867238331586123,0.7270855240058154,0.7052607273217291,0.8627834441140294,0.3137528880033642,0.7004642398096621,0.3339986791834235,0.2545011208858341,0.548912993632257,20.14977397528277
0.18241316941566765,0.39247004268690944,0.34266682993620634,0.08113016257993877,0.7484577961731702,0.07630691747181118,0.394298424012959,0.22215801500715315,0.5766171312425286,0.7555181796196848,5.414163720391117
0.28716960619203746,0.5816926476545632,0.12582407030276954,0.41168526001274586,0.3314426934812218,0.2905309433117509,0.15628622309304774,0.7759866723790765,0.49455354805104434,0.8533766407053918,14.729215758939437
0.32679043454118073,0.18285898957401514,0.6565466958563775,0.2796407542191446,0.0956645559053868,0.9644908851478249,0.8276516613550484,0.32567001692950726,0.3277774911839515,0.5748591173905879,6.576660393327253
0.4261656724847853,0.24099140777252614,0.7565332378726453,0.9128805736545473,0.7441947485785931,0.7430328528862447,0.21781118516810238,0.5071945779491216,0.7783832871355116,0.0785632620099932,15.321573041065566
0.09028171794489026,0.6797296446748078,0.2627249672077596,0.4193945701699704,0.06935732834972441,0.5430805596988648,0.9619492148049176,0.1516323471441865,0.4338082601316273,0.5266720498912036,7.38059862731911
0.6166352326981723,0.8603558843024075,0.921821623807773,0.10953644989058375,0.9620661826338619,0.6170221825595945,0.7519070783164352,0.055614628829061985,0.19582913373596966,0.05617933184839785,19.638346765038683
0.6407396411523223,0.5735395874362439,0.9245753011200577,0.3767227712087333,0.47548744338564575,0.14078637911006808,0.32668395689688623,0.8652020636945963,0.9235850700642914,0.30077254422940314,18.415492535769324
0.8655438295099884,0.9922882162500173,0.5504062594845891,0.6398011220153421,0.82168107945472,0.7739835202228278,0.34763708151876926,0.48171085049398243,0.17678366997279227,0.6513521994929761,16.809940654948246
0.30330134206451476,0.19991522189229727,0.5793832214549184,0.4988797188270837,0.18705268763005733,0.6170855844393373,0.9528833879157901,0.2906109346076846,0.2745924300979823,0.6129341325722635,6.618262188403213
0.5980288498103619,0.38317129807546735,0.18474923679605126,0.035857738461345434,0.49500292795710266,0.4525958022568375,0.2056968833785504,0.14148232340812683,0.802118428517133,0.5773020021151751,11.772626575059324
0.0690247684251517,0.5304603739641607,0.4943500030785799,0.9489143267273903,0.26669276668690145,0.8450878337025642,0.5857980458531529,0.3036079262383282,0.0664123366586864,0.9375077863223851,10.488403050725466
0.6783636813051999,0.8782143658027053,0.6844051468651742,0.051585821667686105,0.8531226969789714,0.8212299337610602,0.5917043148074299,0.4965394954197109,0.11607043910771608,0.5502194135915488,15.26744668988059
0.7881372778210789,0.7549219853244722,0.2392900064587593,0.4230143064633012,0.6267969841137528,0.6937379059381783,0.6347297446336597,0.5568920662626624,0.7097021189983934,0.8972343490459025,17.846155375505955
0.1823944563511759,0.009997518500313163,0.5972674314398319,0.8416383625008166,0.7851410966832191,0.6819786715786904,0.19456921867094934,0.8389812188688666,0.054156376514583826,0.32325182436034083,12.148344367255767
0.2531632592435926,0.33362404094077647,0.18080411455594003,0.07294355193153024,0.5079888175241649,0.30636371904984117,0.22775437962263823,0.5949572643730789,0.9051521711517125,0.5611267082858831,8.522837533107598
0.3644777382723987,0.36024398705922067,0.7636016821488738,0.8836361235007644,0.17203309130854905,0.6844359175302088,0.7186272665858269,0.6962047796696424,0.1095607082825154,0.37521693482995033,14.963484718478808
0.7586248642764986,0.3115842652041465,0.8524987283162773,0.4828931801021099,0.8038550093770027,0.6887367723975331,0.41573651251383126,0.07625346933491528,0.9396141690667719,0.16872656322084367,17.641973768349995
0.6015416984446347,0.16396125918254256,0.6914390486199409,0.8761596819385886,0.5406156233511865,0.8169185142032802,0.811674861703068,0.19912139605730772,0.9257001846563071,0.7565988074056804,15.291362824080638
0.47017554682679474,0.44278737367130816,0.6080136036034673,0.07448405446484685,0.5990008024964482,0.835777674568817,0.8201470542699099,0.41332656145095825,0.5990812119562179,0.36710935179144144,9.913992861999786
0.223597516072914,0.6340509175788611,0.5991029490251094,0.004591000732034445,0.257416311185807,0.31081139435991645,0.2325808838941157,0.7564283292740583,0.5146258072927594,0.651594489114359,5.227449323762886
0.5626802037004381,0.7890968334395438,0.26854209252633154,0.3571493874769658,0.2584513323381543,0.622042786097154,0.4522034984547645,0.4349283925257623,0.5584545764140785,0.4701005171518773,16.044145547298957
0.11397818080149591,0.44370704889297485,0.037095728097483516,0.7252722471021116,0.5017690164968371,0.20696797221899033,0.9934313893318176,0.23764321580529213,0.9008166496641934,0.08038592897355556,15.194264370299976
0.8990114466287196,0.4657719887327403,0.7988173405174166,0.44807997555471957,0.018921931041404605,0.7668523159809411,0.7533587021753192,0.11526846699416637,0.34160337364301085,0.7740201577544212,16.820740336920647
0.7818505121394992,0.7622410687617958,0.27077017189003527,0.6077882533427328,0.26835291692987084,0.32860356546007097,0.9987039314582944,0.5692569124512374,0.3883988519664854,0.3326561441645026,17.870905920688884
0.27696720021776855,0.8791043953970075,0.9309361083433032,0.9995577882509679,0.6532827683258802,0.23435768112540245,0.7698276401497424,0.8874232620000839,0.20911935530602932,0.9285646388307214,23.126437281155166
0.8897499735467136,0.32477645110338926,0.09468461410142481,0.09416009322740138,0.9997565525118262,0.65373514755629,0.9792747849132866,0.07765307859517634,0.23351048165932298,0.31670800293795764,17.550385126851896
0.5206382484175265,0.09939274983480573,0.6693727776873857,0.5736953401938081,0.5679913726635277,0.48670862172730267,0.769045062828809,0.9952353232074529,0.5922867667395622,0.47891514166258276,10.556516457454382
0.9278195004444569,0.673820992698893,0.6003377435263246,0.9060262052807957,0.9540239328052849,0.6974711085204035,0.3077276311814785,0.7752461333293468,0.22587011056020856,0.6552651955280453,22.91156117520712
0.8541724763344973,0.7302439175546169,0.43480749358423054,0.7975845518521965,0.6703649687115103,0.8041589211206883,0.16214617108926177,0.9241872322745621,0.16208916390314698,0.6732943169772625,19.688879923221627
0.4845151863992214,0.275700350292027,0.6681433108169585,0.4101332142017782,0.7321558690164238,0.7388273074757308,0.3660204838961363,0.7739205635152757,0.23084066295996308,0.8056274019181728,15.244400364465477
0.2644424932077527,0.5407186683733016,0.696653098333627,0.9009257811121643,0.8279286476317793,0.22035084036178887,0.09507629973813891,0.9152584213297814,0.7416189920622855,0.32695084623992443,16.222690573225155
0.282302065519616,0.9155694569926709,0.6835645854007453,0.18107565981335938,0.4235924507956952,0.596419119508937,0.04639227967709303,0.42939936160109937,0.13812599168159068,0.3287174478173256,11.785584247496715
0.11858298140577972,0.8854836428072304,0.7254995286930352,0.5069817281328142,0.20711041428148746,0.8821857371367514,0.5409612355288118,0.9845450583379716,0.01939626783132553,0.6663181660696864,9.827788976423248
0.8034362336620688,0.8150767886545509,0.3535129188094288,0.0492666051723063,0.22317779902368784,0.5302023910917342,0.5305874063633382,0.8404031456448138,0.2757107336074114,0.4537548928055912,9.749397172243336
0.16758919064886868,0.12782903108745813,0.12785936892032623,0.8867230347823352,0.57644839794375,0.3283148594200611,0.5848833390045911,0.13826209167018533,0.7761323370505124,0.34260382130742073,15.44666512501891
0.9466780917719007,0.7096752405632287,0.37164746108464897,0.49798055784776807,0.5898985671810806,0.15171828214079142,0.8643614354077727,0.3396737799048424,0.5262936186045408,0.9103170169983059,17.850050588055176
0.6179749220609665,0.5771621188614517,0.614498857408762,0.9159202496521175,0.596595442853868,0.6778210245538503,0.1313366482499987,0.04993149056099355,0.4253003674093634,0.5365133720915765,20.248551440619806
0.22315740725025535,0.7506091084796935,0.5724002153147012,0.8538574313279241,0.9663462515454739,0.8930199141614139,0.028312666341662407,0.07589891809038818,0.6949775209650397,0.9851460307836533,19.676855273857324
0.6013821896631271,0.5549219562672079,0.35106341424398124,0.4740317752584815,0.7499617324210703,0.8919456449802965,0.36566106718964875,0.6039012558758259,0.3795894158538431,0.278658157447353,18.156782615891196
0.4116973616182804,0.08079542126506567,0.35887354938313365,0.06778859347105026,0.7029296199325472,0.8754318603314459,0.6751161334104836,0.5367706681136042,0.2705119685269892,0.4418438377324492,4.062856610688471
0.011668052757158875,0.4347997778095305,0.45411928929388523,0.0764752144459635,0.0490377324167639,0.8374786847271025,0.39164741593413055,0.28369601839222014,0.5827078719157726,0.7243136886972934,0.9246360218311906
0.8736080890521407,0.9998191837221384,0.20134416548535228,0.7549673130270094,0.008666829438880086,0.2495431755669415,0.9962386174593121,0.3704212959855795,0.7704971716739237,0.4633709192276001,12.464974433796737
0.6115522873587906,0.905066849431023,0.24486177321523428,0.9182969513349235,0.32209388026967645,0.23306025308556855,0.7122232199180871,0.19817384285852313,0.2377464110031724,0.5392642344813794,22.735974583160946
0.6137243576813489,0.9729786787647754,0.5967973754741251,0.9343274096027017,0.5825071700382978,0.5542160661425442,0.8348518270067871,0.8765900412108749,0.3743241757620126,0.4326181565411389,22.101037141145742
0.8344194150995463,0.8767893787007779,0.036882486660033464,0.30692117917351425,0.5527323347050697,0.4877291638404131,0.10891804099082947,0.07492613978683949,0.6200782775413245,0.6869961081538349,17.769788659548905
0.02913038758561015,0.9029018750879914,0.9514053806196898,0.825453694909811,0.6519202566705644,0.14591208449564874,0.3701151879504323,0.364653451833874,0.3772424377966672,0.3425351972691715,16.80488017059141
0.13323769764974713,0.8060213418211788,0.3617890849709511,0.02933644223958254,0.6912369220517576,0.721706751966849,0.5089404524769634,0.7118051638826728,0.4601449049077928,0.20117312693037093,6.220063049412746
0.8026891292538494,0.5174111376982182,0.9992661799769849,0.8365713658276945,0.7836105234455317,0.010760335950180888,0.8615639756899327,0.566849475260824,0.26476867962628603,0.5201646382920444,28.235204177632124
0.30469997110776603,0.08397756260819733,0.51102200220339,0.9175495696254075,0.5699024759232998,0.7974189997185022,0.7055373101029545,0.43516856664791703,0.7705079580191523,0.24097921117208898,14.657791776068
0.5695065560285002,0.2208853776101023,0.32422825670801103,0.41192769608460367,0.9159894969779998,0.39342443249188364,0.3829517678823322,0.8898803782649338,0.7978241115342826,0.011927871499210596,12.262654264256007
0.0697390295099467,0.14084884244948626,0.5419332161545753,0.2629952544812113,0.7010424735490233,0.08540880912914872,0.8005746395792812,0.7085857554338872,0.0665848006028682,0.23410670226439834,7.283525795526247
0.6375713378656656,0.6083726265933365,0.24825429101474583,0.5027745908591896,0.5432531845290214,0.4844735153019428,0.4586021355353296,0.002885158872231841,0.044409491354599595,0.33075005537830293,17.908116445309805
0.7228407089132816,0.2425681499298662,0.16223820974119008,0.50294472835958,0.6990433712489903,0.9767705290578306,0.7616111922543496,0.7681295566726476,0.7478360636159778,0.5077459355816245,15.26922629660431
0.7513723962474614,0.146510943537578,0.33009208319708705,0.11022314126603305,0.6313904689159244,0.17998274066485465,0.6044505885802209,0.017909739864990115,0.6233674080576748,0.7564347565639764,7.660423171264772
0.5135520191397518,0.2756739144679159,0.2732995131518692,0.6337838091421872,0.8424616314005107,0.8015224975533783,0.4909803671762347,0.8174058545846492,0.9658568857703358,0.19678356521762908,15.45591055829939
0.8256315786857158,0.20004386780783534,0.5608598564285785,0.8035043524578214,0.9172857438679785,0.10224814969114959,0.08720872248522937,0.5481676089111716,0.24119425169192255,0.647101187845692,16.841486054729756
0.7051904674153775,0.061670321272686124,0.8391221005003899,0.8478177743963897,0.8608518606051803,0.44525846536271274,0.12591634434647858,0.9691740421112627,0.9043188935611397,0.9162504868581891,16.570263986920555
0.7088463625404984,0.7605730665381998,0.5014391874428838,0.2867538733407855,0.8680416701827198,0.8596358122304082,0.09983322466723621,0.23187118070200086,0.647548949578777,0.6205697206314653,17.206223971621647
0.5381765463389456,0.20893309055827558,0.40634482027962804,0.5148970244918019,0.5800755526870489,0.7062172319274396,0.6625750826206058,0.6552180419676006,0.7775034781079739,0.3364720894023776,12.466110905868291
0.5635230797342956,0.8456196654587984,0.7922808367293328,0.7423900149296969,0.9033760011661798,0.05458959867246449,0.7884870271664113,0.45499135344289243,0.0014137898106127977,0.3483043957967311,25.80313219673138
0.17524261376820505,0.9759903638623655,0.633115564705804,0.505941498791799,0.8931406955234706,0.5947121132630855,0.11273366375826299,0.25525425374507904,0.793220940278843,0.4157746499404311,16.68645891954696
0.25673449132591486,0.5265089678578079,0.30710448510944843,0.05215415614657104,0.2880713096819818,0.07727293996140361,0.06793490471318364,0.4292437725234777,0.985514979576692,0.26918936776928604,5.186786795459273
0.2706995429471135,0.407579711638391,0.01505287317559123,0.4608359965495765,0.4140962508972734,0.9887373016681522,0.09228122606873512,0.015511454315856099,0.500472119776532,0.44464967446401715,16.496464887413964
0.7351322842296213,0.0415761664044112,0.5126609376166016,0.36975092301145196,0.39979999093338847,0.10127575788646936,0.12206040252931416,0.702234870288521,0.8364128966350108,0.3707703452091664,7.145807065681747
0.9241600185632706,0.011521660722792149,0.9307212438434362,0.6853171291295439,0.400576313957572,0.6805442946497351,0.731865412555635,0.8019208167679608,0.7206335894297808,0.9966490941587836,13.099676328245387
0.3842947781085968,0.29260953865014017,0.7123693395406008,0.18640225171111524,0.888149598846212,0.3007412892766297,0.4585869365837425,0.23343252460472286,0.5382978725247085,0.49685451458208263,12.226432675933282
0.1289514999371022,0.07908903225325048,0.4397736343089491,0.6996221386361867,0.8951913386117667,0.032912478083744645,0.7460433836095035,0.7454996409360319,0.8058141996152699,0.025904316687956452,10.119568514505053
0.4274068216327578,0.7930430215783417,0.42430156096816063,0.9065022128634155,0.5715929507277906,0.8792303286027163,0.15779052465222776,0.5636092452332377,0.0313389147631824,0.8661113320849836,21.45957960328367
0.8263330506160855,0.5209843129850924,0.7852809687610716,0.5662213624455035,0.7477723062038422,0.8439350633416325,0.026439352659508586,0.29152066679671407,0.13292375905439258,0.6224563459400088,21.27679888244628
0.5922739459201694,0.012365638744086027,0.3309960509650409,0.9200136656872928,0.2507304549217224,0.15850955876521766,0.3862414851319045,0.9841144876554608,0.28421619185246527,0.6451576799154282,10.680621144618717
0.6944510606117547,0.40625290968455374,0.700794481439516,0.5929429461248219,0.044151323614642024,0.5098045670893043,0.21206330391578376,0.4761039081495255,0.8177839026320726,0.8623004318214953,15.091160834400224
0.5269622493069619,0.8353037817869335,0.7494841567240655,0.9154882107395679,0.33824866404756904,0.16162360203452408,0.6520099143963307,0.5069391091819853,0.17724939435720444,0.4535926685202867,22.102989192855105
0.7387400027364492,0.5837100266944617,0.3537935165222734,0.16336490586400032,0.9140059165656567,0.8768380638211966,0.4927472388371825,0.44030016590841115,0.7538903877139091,0.610413920134306,15.423237424400005
0.2056337867397815,0.8070635001640767,0.029475154355168343,0.9124100520275533,0.852308812784031,0.995117447571829,0.1982286861166358,0.59800840402022,0.6620758478529751,0.5986114307306707,23.95848695663688
0.4166782693937421,0.5998681434430182,0.2188312290236354,0.17208629217930138,0.8203975139185786,0.3958395221270621,0.9925065133720636,0.903770406730473,0.08906394406221807,0.4261233932338655,15.61381765504998
0.7393673106562346,0.8219818219076842,0.9268705532886088,0.9094721346627921,0.9657636708579957,0.16627751640044153,0.17970235785469413,0.180754964472726,0.1559931335505098,0.027741618687286973,26.71164356302781
0.11153956176713109,0.37390693952329457,0.013439584756270051,0.7618317308370024,0.8646506874356419,0.13759209867566824,0.8871980914846063,0.1676039902959019,0.7334262630902231,0.29350888123735785,16.70967316387526
0.9495496051385999,0.24743024492636323,0.19247823557816446,0.8470891371835023,0.2968937652185559,0.5047799376770854,0.43016872741281986,0.0887133227661252,0.09008071362040937,0.43034828011877835,19.69803880379662
0.41480045625939965,0.8257216438651085,0.5455245196353644,0.7176850626710802,0.5531041875947267,0.8040825703646988,0.09565628040581942,0.7741946715395898,0.13320599915459752,0.38340452197007835,18.390788552456193
0.34501157980412245,0.8685448656324297,0.7145212010946125,0.3153125059325248,0.577156578656286,0.543124602874741,0.7139298550318927,0.8404798470437527,0.18286439287476242,0.13869787496514618,15.481576237322518
0.02028038026764989,0.17691501695662737,0.044211586471647024,0.8003754843957722,0.9358327549416572,0.9689215768594295,0.8618635742459446,0.9382396563887596,0.8861483938526362,0.4565460765734315,17.32428482385186
0.15133429667912424,0.9191237699706107,0.46771322027780116,0.2371338817756623,0.108993238536641,0.1276593804359436,0.06144652375951409,0.42018088954500854,0.4309917672071606,0.20364275248721242,9.053245452726426
0.28269596002064645,0.7903498308733106,0.9075090091209859,0.9754106604959816,0.1583800297230482,0.7015223344787955,0.3196260672993958,0.11138127464801073,0.6078870072960854,0.5393603891134262,21.038290801130895
0.37728141993284225,0.3789974404498935,0.44138422911055386,0.5545163452625275,0.1454515263903886,0.7812245148234069,0.9191630049608648,0.837631709408015,0.20135271013714373,0.49700309219770133,9.849502516363527
0.5323063763789833,0.7266627615317702,0.17384021799080074,0.16915404004976153,0.9528055472765118,0.3221105707343668,0.5479136148933321,0.37440922390669584,0.6939821208361536,0.20181329431943595,18.625116532289496
0.6237556063570082,0.0076318413484841585,0.9486083630472422,0.5310769695788622,0.2468568878248334,0.42175074154511094,0.16563531523570418,0.8731231919955462,0.9379579881206155,0.27512711891904473,10.373975573981637
0.8344355637673289,0.770821162732318,0.07439771201461554,0.19000720023177564,0.2558536210563034,0.4273326308466494,0.6542300195433199,0.29372277739457786,0.7683518351987004,0.4763112731743604,15.05677386462647
0.1214543713722378,0.6662483769468963,0.19750667037442327,0.3344035816844553,0.7083023383747786,0.11596531723625958,0.9378113995771855,0.3431664486415684,0.6364971792791039,0.9000110344495624,13.159770020161126
0.8322329265065491,0.6727187216747552,0.6477768977638334,0.10374223813414574,0.7227700266521424,0.8550948204938322,0.7918380685150623,0.6474458109587431,0.7079504178836942,0.31308588758111,14.824015467675732
0.6318893732968718,0.40206537186168134,0.5990093832369894,0.2766931445803493,0.08258954994380474,0.5163678624667227,0.8654016021173447,0.7804121086373925,0.710268443915993,0.03590633883140981,10.376906074734038
0.6383948863949627,0.10185135155916214,0.8537871295120567,0.3584118257276714,0.1802338610868901,0.09986112709157169,0.5416913502849638,0.3668889456894249,0.5410242467187345,0.17608898226171732,7.725501502072524
0.26335689215920866,0.932729022577405,0.7041410154197365,0.9647715231403708,0.4069227313157171,0.19408332952298224,0.6198174434248358,0.7554735103622079,0.7284149825572968,0.9103298920672387,18.690839832419684
0.46728124213404953,0.9378858348354697,0.6342412228696048,0.4154489722568542,0.15118065802380443,0.9213161272928119,0.2027508548926562,0.12323705293238163,0.41498289559967816,0.37930108583532274,15.537931970510815
0.4048453758005053,0.28008211497217417,0.06930426484905183,0.8922132407315075,0.5300082822795957,0.45885856985114515,0.4721343661658466,0.39194280933588743,0.2443390239495784,0.11552550597116351,19.974050606880482
0.5858242770191282,0.8341347123496234,0.49917489872314036,0.5454963569063693,0.5912336180917919,0.6007219785824418,0.8367477720603347,0.33461733837611973,0.18377626733854413,0.6295241715852171,18.651826421158834
0.4993425030261278,0.9097174424678087,0.13481071242131293,0.9855079399421811,0.34769960306584835,0.5035061105154455,0.08183472882956266,0.6588149413000792,0.06441126042045653,0.04650974622927606,24.82373071167351
0.29183196392841637,0.9720580889843404,0.8540643537417054,0.5141262481920421,0.9796942165121436,0.540553699247539,0.8031813804991543,0.6356178394053131,0.34219802217558026,0.2123579471372068,19.25720584343367
0.5326334424316883,0.9426751311402768,0.7521094030234963,0.13570459373295307,0.14763548108749092,0.9392227253410965,0.17364350985735655,0.976610932033509,0.19841468799859285,0.9093201919458807,13.036937962145762
0.11232301942072809,0.3765557704027742,0.30142993829213083,0.20764779951423407,0.2385929781012237,0.819127544760704,0.033432012889534235,0.5519244347233325,0.3354881836567074,0.1755882315337658,6.3629408047010365
0.836605436168611,0.9127051215618849,0.9511358991730958,0.2022552511189133,0.35576756694354117,0.04643494193442166,0.4450815743766725,0.14795967168174684,0.1416349436622113,0.30803017038851976,15.643996930480533
0.7862401138991117,0.3541896909009665,0.4219209714792669,0.5891800487879664,0.48238974902778864,0.16157921659760177,0.6259004748426378,0.0016077382024377584,0.682100209640339,0.73690802953206,14.848384034254513
0.32413062965497375,0.5780090366024524,0.3102551915217191,0.7913822010159492,0.7216383127961308,0.5073849954642355,0.4502869537100196,0.18234206293709576,0.9979650171007961,0.7799823435489088,17.74108712188931
0.3745800342876464,0.9240808384492993,0.3966925630811602,0.8135461476631463,0.8761813337914646,0.7236557868309319,0.5816623356658965,0.10536517715081573,0.5340783668216318,0.6403841776773334,22.65807717196233
0.665635128505528,0.3581969444639981,0.13572454941459,0.7368586524389684,0.12409943668171763,0.5902640307322145,0.1715267701074481,0.07006807043217123,0.41873037861660123,0.35812428733333945,17.019644101123852
0.9154955768026412,0.8692535210866481,0.8882688346784562,0.6852256723213941,0.5658833826892078,0.283073837403208,0.9084458712022752,0.3285705812741071,0.6444448907859623,0.9759300400037318,18.625471863472434
0.9022344304248691,0.8971160731744021,0.5180196934379637,0.021981092868372798,0.46606256416998804,0.9457419200334698,0.010386827867478132,0.9971016556955874,0.19694330776110291,0.20844239136204123,9.428614087291622
0.017794023966416717,0.31022568233311176,0.48540958017110825,0.013071309309452772,0.8924341928213835,0.7539254799485207,0.4499986555892974,0.8459769911132753,0.09893492911942303,0.5124291244428605,4.099522398877692
0.1299232393503189,0.7878941092640162,0.709588524652645,0.63017882197164,0.6226352045778185,0.8115131782833487,0.4366598608903587,0.0032146514859050512,0.11374622350558639,0.782767306547612,14.935483541636001
0.7998552285134792,0.7542146306950599,0.9822105872444808,0.2422513673081994,0.035411591874435544,0.5615665474906564,0.13924748008139431,0.002609953982755542,0.7978164607193321,0.6399536104872823,15.6150879694907
0.6679243475664407,0.551645417464897,0.699599142652005,0.2754688551649451,0.5434831934981048,0.856507234275341,0.8382581903133541,0.9504370829090476,0.7211692244745791,0.8826114442199469,14.886481040317284
0.8989258883520961,0.5745529234409332,0.6633074569981545,0.6121680210344493,0.3737644590437412,0.17582258628681302,0.2403850550763309,0.2143588112667203,0.49888030905276537,0.6533458060584962,20.25602442491065
0.8461530732456595,0.6988831467460841,0.21949744643643498,0.8723313410300761,0.9005372822284698,0.9808024414815009,0.006344136083498597,0.11471759295091033,0.279698675731197,0.06543883145786822,25.971409037230735
0.3808854629751295,0.2070798552595079,0.3933963233139366,0.014274759450927377,0.21147244470193982,0.31276877340860665,0.9996192986145616,0.490298037417233,0.31486705993302166,0.3473053260240704,4.929647416243327
0.3659315397962928,0.5620329477824271,0.7771880503278226,0.6884294811170548,0.21592103666625917,0.8682338672224432,0.2625917431432754,0.1971217927057296,0.4115990325808525,0.9071775348857045,14.996659321776386
0.5299958053510636,0.5282333781942725,0.5301393659319729,0.8820587361697108,0.8014337478671223,0.811892167199403,0.7849060280714184,0.8474835208617151,0.9763889838941395,0.10687050223350525,22.610284845918848
0.4520100597292185,0.5996880226302892,0.5533677979838103,0.773771850625053,0.6738083753734827,0.5816145641729236,0.8719031710643321,0.26329091005027294,0.15321275172755122,0.7549787878524512,18.94026021690111
0.01645193900913,0.6899015873204917,0.8163051006849855,0.6939391945488751,0.7790090425405651,0.35973472497425973,0.56644222070463,0.8622578850481659,0.11242140899412334,0.38988658343441784,12.825536097139693
