x0,x1,x2,x3,x4,x5,x6,x7,x8,x9,y
0.2604658124037087,0.8048227655235678,0.5408715349622071,0.6902434257790446,0.001138708321377635,0.8175430877599865,0.011350846383720636,0.10543650342151523,0.3965785033069551,0.6709415460936725,13.939294636287617
0.3388576880097389,0.7264174856245518,0.2530496595427394,0.18753175903111696,0.4581664816942066,0.7659944982733577,0.49177114968188107,0.2729956773109734,0.5568143366836011,0.7622525214683264,12.514967348983271
0.9713686569593847,0.5187679124064744,0.2609049342572689,0.9621196761727333,0.20959845115430653,0.4560541172977537,0.6881904061883688,0.3912546515930444,0.2976127783767879,0.24224883294664323,20.606120670805964
0.9029321006964892,0.19232684699818492,0.8165316765662283,0.48579341638833284,0.6054988519754261,0.7014950935263187,0.758824085816741,0.27715714019723237,0.5925015930552036,0.7683444588910788,15.678450089965782
0.020865107653662562,0.6463659456931055,0.9900751041714102,0.5443437828216702,0.29651767294853926,0.7218904078472406,0.8209137294907123,0.49954757606610656,0.6995668967720121,0.2544417961034924,10.904989331108549
0.7677935846149921,0.14941574004478753,0.741016612155363,0.08640255592763424,0.2753030564635992,0.6309011320117861,0.374352072365582,0.33482157019898295,0.8485501427203417,0.06687737558968365,8.620129267367776
0.5657897121272981,0.5575338951312006,0.7180131340865046,0.010643379995599389,0.9982764488086104,0.8322235653176904,0.18348384858109057,0.5733241140842438,0.7942746796179563,0.9404107287991792,14.898060698212252
0.40964562771841884,0.6924490588717163,0.4948191372677684,0.8688769349828362,0.39568725577555597,0.4437707830220461,0.07891993201337755,0.04262429242953658,0.854251031531021,0.36174704204313457,19.83719756283835
0.7443175446242094,0.7985407069791108,0.8952499709557742,0.3296879814006388,0.036787261022254825,0.8390347014646977,0.601705881068483,0.8271077007520944,0.19899036060087383,0.9919055784121156,17.099523169759014
0.5367283222731203,0.31720404606312513,0.464870800729841,0.3330060471780598,0.15812684642150998,0.48112111794762313,0.7075158024672419,0.15261259605176747,0.574014576850459,0.5000603862572461,8.358899065363492
0.6098299962468445,0.22007392928935587,0.0806249335873872,0.99284871481359,0.43759502191096544,0.5407512253150344,0.671530531719327,0.8671529982239008,0.67926149466075,0.2666714037768543,18.929719549085014
0.9368014729116112,0.7501272147055715,0.9563197086099535,0.9459941098466516,0.5058174442965537,0.2155381510965526,0.35558778140693903,0.8936894135549664,0.6783378184773028,0.15332058514468372,25.25300659275767
0.2940225477796048,0.045436557149514556,0.6994538905564696,0.10910728923045099,0.9790283238980919,0.46475504082627594,0.3887682834174484,0.8160851404536515,0.9985487158410251,0.8309918381273746,5.506575563544382
0.13052445114590228,0.26542000262998044,0.1803986825980246,0.07307497272267938,0.6693210592493415,0.5051333724986762,0.16287377919070423,0.7423221354838461,0.4023390163201839,0.4235469331033528,8.17418464812876
0.7983255598228425,0.5833157631568611,0.2258792866487056,0.3178290498908609,0.0258316183462739,0.07433119742199779,0.06073467526584864,0.5597470793873072,0.8559482037089765,0.5649727010168135,12.885435636100697
0.3385467501357198,0.8739507112186402,0.5503266069572419,0.8676266802940518,0.2068206227850169,0.4542075623758137,0.6258301483467221,0.10594324581325054,0.5586181071121246,0.05137871438637376,17.546756437094444
0.5140059965196997,0.23852205090224743,0.351833043852821,0.513335479889065,0.3958531375974417,0.7288796855136752,0.5229679839685559,0.8998233140446246,0.8311022003181279,0.6373353849630803,10.122068887731444
0.8858459533657879,0.26354240137152374,0.22778303059749305,0.37590353516861796,0.9720309716649354,0.4285655505955219,0.5592983029782772,0.7545848756562918,0.8628258965909481,0.7168859010562301,19.774952286391468
0.07293224288150668,0.6546245289500803,0.7659339117817581,0.8350685264449567,0.45177122205495834,0.3423779101576656,0.5193634934257716,0.13378661242313683,0.1692172975745052,0.5046243262477219,12.698855702560872
0.056982313515618443,0.7853676155209541,0.10684423730708659,0.6018477536272258,0.5157670397311449,0.6790802581235766,0.30685662548057735,0.15866377763450146,0.4422826296649873,0.6536268191412091,11.59611393828856
0.3279582909308374,0.5285501074977219,0.050396999111399055,0.54556196462363,0.4009657381102443,0.1529353118967265,0.24329441925510764,0.14956733537837863,0.613947369158268,0.052372902398929,18.33107539378544
0.5484180864877999,0.39390016440302134,0.04624580405652523,0.8595185962039977,0.011910649947822094,0.7607735816854984,0.8092568553984165,0.3161066717002541,0.8100150702521205,0.6259954106062651,17.054004897441857
0.1567081161774695,0.8638470964506269,0.14587878296151757,0.24320057407021523,0.7187682101503015,0.25269790436141193,0.2550378062296659,0.8838814003393054,0.9194879175629467,0.6649673865176737,13.384032337868804
0.6678886043373495,0.33195463893935084,0.8508401270955801,0.47620773082599044,0.4262302606366575,0.28347114543430507,0.9154763086698949,0.2504456171300262,0.1408979871775955,0.7447582059539855,17.100889753907907
0.754158798372373,0.9093786873854697,0.692940192995593,0.36013472569175065,0.3841118148993701,0.7740821915213019,0.44719052175059915,0.8768638393376023,0.7189958144444972,0.7975461084861308,15.195855639634551
0.5571994495112449,0.418250591494143,0.10462020034901798,0.049614326329901814,0.9380725098308176,0.40632170578464866,0.08045825129374862,0.8827107853721827,0.49142947513610125,0.4653601988684386,14.422911780790002
0.9087159263435751,0.635619523236528,0.2628548089414835,0.5364677840843797,0.676323629450053,0.46052081882953644,0.8790563002694398,0.7714269205462188,0.6906721775885671,0.9865232130978256,19.838489959887674
0.3781088141258806,0.5266562758479267,0.5269886606838554,0.8117763053160161,0.41547766886651516,0.8879684843122959,0.8081354715395719,0.2452651143539697,0.5491129218135029,0.7346188102383167,16.717142672957905
0.22831924282945693,0.4039508830755949,0.4388142223469913,0.5091295775491744,0.4077836386859417,0.04191066278144717,0.8706456320360303,0.951702353078872,0.19135283608920872,0.11179866688326001,11.318517169115047
0.5288993683643639,0.7620343153830618,0.7859961879439652,0.13262592046521604,0.0726205687969923,0.7265995221678168,0.7009815755300224,0.9318074169568717,0.4806949987541884,0.8068453399464488,11.961276785060592
0.864160991506651,0.6856966633349657,0.611709565622732,0.06380674452520907,0.43751362175680697,0.7057155992370099,0.33827020856551826,0.9091156914364547,0.3151249270886183,0.8994474539067596,13.245489721890209
0.5243081168737262,0.17775208759121597,0.8597824450116605,0.25914030079729855,0.9356501221191138,0.976916007231921,0.4353868360631168,0.007546534761786461,0.6929449068848044,0.10315284109674394,12.237693003780695
0.44872310757637024,0.3625791217200458,0.09867466962896287,0.7827035791706294,0.17268775310367346,0.9471505128312856,0.7096809111535549,0.9604988424107432,0.8058281536214054,0.7922554560936987,15.180801797918777
0.11636946769431233,0.37434230698272586,0.6432940613012761,0.984746818896383,0.8774074639659375,0.09622993227094412,0.8049879206810147,0.12418231926858425,0.5379172929096967,0.7580460018943995,17.50665664369656
0.24165714252740145,0.13853333494625986,0.00960402493365109,0.34667325229384005,0.44900762662291527,0.2106697813142091,0.34123601973988116,0.4378835146781057,0.47760996292345226,0.02330650296062231,12.002493175288262
0.1471180785447359,0.7965590653475374,0.6739811638835818,0.41650953562930226,0.4572544856928289,0.0744512954261154,0.9458192696329206,0.37043811357580125,0.708228746894747,0.12238432234153152,9.10294809366798
0.3079626099206507,0.48844390735030174,0.1354841322172433,0.3299863722641021,0.16052256105467677,0.8278409990016371,0.4785377182997763,0.4201385073829442,0.9499013291206211,0.27477007219567895,10.40609726684453
0.0221939068287611,0.9433780079707503,0.2839540254790336,0.26249790773727,0.03374013118445873,0.7298971491400152,0.12235986674204469,0.23217618535272777,0.5012657679617405,0.7361651051323861,5.3272483156620085
0.1669087167829275,0.9890276726800948,0.6754405980464071,0.4338952659163624,0.26717328862287104,0.6721600720193237,0.1614990362431854,0.13506431877613068,0.6772544370032847,0.04312710906378925,10.39799468443353
0.6266697719693184,0.7679338380694389,0.8647544519044459,0.27954046055674553,0.5001555513590574,0.5630371887236834,0.6829980993643403,0.9690847599413246,0.7283619190566242,0.20678541157394648,18.704423291388917
0.9097050891723484,0.48579706344753504,0.5370973797980696,0.9718961305916309,0.7932499272283167,0.5830742574762553,0.5153632240835577,0.5132383287418634,0.5700293893460184,0.9448881398420781,24.15478715860027
0.39142977725714445,0.794552240986377,0.9328732553403825,0.6555941412225366,0.08829066320322454,0.8393012883607298,0.9943950998131186,0.01181651558727026,0.01859898166731,0.08629401121288538,18.20995326042452
0.9336643733549863,0.499702236847952,0.24678554479032755,0.6863760419655591,0.6835364734288305,0.08163053286261857,0.9552156792487949,0.8356347514782101,0.13460787292569876,0.6451225199270993,18.978648123726845
0.043859938159585,0.3085325825959444,0.6425431263633072,0.26768063427880406,0.7646095575764775,0.11106475885026157,0.3659819581080228,0.26965976669453084,0.8536173889879137,0.3431582108605653,8.35426296360182
0.033736562356352806,0.20293297711759806,0.27506707003340125,0.127346201101318,0.46545173577032983,0.36968336510472,0.6038040432613343,0.4748381625395268,0.24203900108113885,0.15508598391897976,3.9654679569560827
0.33371634199284017,0.1120041913818568,0.4570780552458018,0.02901866938918829,0.3970071414951235,0.3840429810807109,0.8457987878937274,0.5055069418158382,0.31721349200233817,0.29560649092309177,3.6272650926155614
0.5477480802219361,0.5403946414589882,0.8379220583010465,0.6876151848118752,0.836824024328962,0.5803707018494606,0.5407058352138847,0.818349807523191,0.7266505078878254,0.7931769040878862,21.212855960885257
0.5726962154731154,0.645080950576812,0.6434189521241933,0.5425653632264584,0.45532440138049424,0.051692152163013816,0.09232842596247792,0.6428891555406153,0.018372320337221026,0.7405958818271756,16.08923030655991
0.8876819957513362,0.6942909269127995,0.7209173813462257,0.4268716871738434,0.923368935007602,0.9588080446701497,0.6601201582234353,0.15082729421555996,0.28982847835868597,0.2867120588198304,18.837361863838932
0.9213451268151402,0.09490047488361597,0.0236991997808218,0.27394068241119385,0.6041983729228377,0.8966463706456125,0.6967716326471418,0.22564704390242696,0.57565808435902,0.17285639140754938,13.521011716179796
0.5812150673009455,0.019670867593958974,0.6931886568199843,0.015592867275699973,0.22967830183915794,0.5762244432698935,0.8097763191908598,0.16079597943462431,0.09525021677836776,0.05852497322484851,3.1656193424539465
0.3080679902341217,0.01730253966525197,0.8476346284151077,0.615280007943511,0.7794184889644384,0.43195445695891976,0.41301022679544985,0.8205796231050044,0.901421575807035,0.08810313954018056,15.695542432826073
0.5198509967885911,0.22844516206532717,0.17380620446056128,0.10822141286917031,0.725128015736118,0.6247781733982265,0.254687886685133,0.12132919230498374,0.22868093545548618,0.37038458371534944,13.179519753798036
0.5862543701659888,0.08902940060943365,0.47501815552823246,0.5248335169162601,0.8618507590144873,0.32016926049254835,0.24511541449464858,0.9490900610107929,0.996886698063463,0.9939900471363217,9.012835379413175
0.31981260050088167,0.5917153160553426,0.4683850344736129,0.3764019953086972,0.10992797813378274,0.7348043660167605,0.360326454276219,0.008239295100793242,0.11114123067818582,0.7187389668542892,8.745041624261972
0.8516979259438813,0.6567561675328761,0.8925125778187066,0.948454313678667,0.45319484174251556,0.36784124933183193,0.8008009358309209,0.5935714880470186,0.3182101109996438,0.708440029527992,25.109775201734358
0.5350426770746708,0.7719431212171912,0.008020970271900296,0.7941456963308156,0.09873021743260324,0.8043399727903306,0.9968127894680947,0.6028331525158137,0.15231851232238114,0.39372712350450456,22.816133456029668
0.6017165803350508,0.3785230612847954,0.14318644208833575,0.8085369614418596,0.4574503053445369,0.5111431449186057,0.7334016601089388,0.46471660095267,0.8122305264696479,0.7793029486201704,20.25797822587968
0.5123955458402634,0.9148128917440772,0.035049436846747994,0.0980392403434962,0.48193826130591333,0.18591675558127463,0.6797774450387806,0.8761826597619802,0.772344765951857,0.7460834798403084,18.677361297570094
0.7033578215632588,0.7957274143118411,0.733019799226895,0.6881788750179112,0.9793955006171018,0.6777033929247409,0.6552728693932295,0.5291405636817217,0.11720602377317846,0.10243570432066917,21.48092872386094
0.43382908101193607,0.8961460797581822,0.7578335695434362,0.5254169404506683,0.047230553813278675,0.9247296459507197,0.02160286740399897,0.3157336974982172,0.36114767170511186,0.9658309770748019,15.649125096572025
0.9115109040867537,0.6949142091907561,0.9019512834493071,0.2767892321571708,0.012169889872893691,0.13847687747329473,0.3849961895029992,0.7973456545732915,0.05272705154493451,0.6430195174179971,15.433548711026734
0.052286341320723295,0.9315365252550691,0.8801038060337305,0.11432783328928053,0.9337508925236762,0.49689684761688113,0.4908154821023345,0.13915301742963493,0.4765359975863248,0.4668751619756222,9.234833329835078
0.05897869379259646,0.5189567431807518,0.09047836088575423,0.5060537832323462,0.805287302006036,0.4618447618559003,0.8444181282538921,0.9781382842920721,0.6813482930883765,0.018371221143752337,14.833224424622168
0.7816454968415201,0.12236134614795446,0.2311219577677548,0.6664703402202576,0.6540569176431745,0.734568320447579,0.29649290069937706,0.5274830453563482,0.34756315196864307,0.04321431741118431,13.566565170354128
0.403771432582289,0.5338042350485921,0.26326928939670324,0.7188989983405918,0.42275766911916435,0.41936872666701674,0.30599846108816564,0.41023971140384674,0.5837177357170731,0.2371814379002899,17.089729708063302
0.6898708427324891,0.8598605000879616,0.37217205110937357,0.5818533194251359,0.15633376012556255,0.44164022034965456,0.47868686029687524,0.6972222425974905,0.6634654451627284,0.11775477509945631,17.311726219032906
0.45399770769290626,0.4429246033541858,0.7967867616098374,0.2966533489525318,0.466214157640934,0.9610997082199901,0.5910336810629815,0.5891129930969328,0.6525506440084428,0.6175656626001,13.725800383586087
0.43606468732468784,0.4046789819840342,0.6253009422216564,0.34291506255976856,0.3221631564665586,0.48738728929311037,0.09782865061424673,0.7232024255208671,0.0210220436565578,0.8370276263449341,10.59672036507245
0.5917728338390589,0.9929765190463513,0.3586382339708507,0.8498593498952687,0.6808490760158747,0.5590518177486956,0.6024705411400646,0.7013989589177072,0.12296812515705824,0.9485449939966202,22.388263227907913
0.1795982695184648,0.9633208937011659,0.39376800786703825,0.6008977820165455,0.41225191322155297,0.17297367053106427,0.5030116604175419,0.8582470761612058,0.6656141823623329,0.759348078398034,12.714782880358507
0.3272717210929841,0.409781688824296,0.636102819815278,0.4183654673397541,0.9200413725338876,0.054890841245651245,0.3906229475978762,0.8281112264376134,0.04058937891386449,0.17171528143808246,13.97292594923378
0.6547411500941962,0.7380136507563293,0.5939960000105202,0.6779442774131894,0.2983160244766623,0.010380439227446914,0.688139486592263,0.5818014787510037,0.33086434262804687,0.3874251744709909,18.482068296261378
0.6722134666051716,0.8703320061322302,0.282149774255231,0.89354915660806,0.5408257506787777,0.12738659395836294,0.24472462898120284,0.7559346484486014,0.8160545928403735,0.8626301931217313,21.018844036597407
0.9334695760626346,0.02518297778442502,0.377517445711419,0.48092355532571673,0.18751025293022394,0.7978766248561442,0.4277658525388688,0.7901133599225432,0.6917022848501801,0.4305131684523076,5.15188503346096
0.7163201186340302,0.8646879559382796,0.4591198747511953,0.48363859113305807,0.9537091401871294,0.0996995298191905,0.6838418787810951,0.24232863425277174,0.6058809526730329,0.5045644224155694,18.228504318264594
0.4439703794196248,0.9212886891327798,0.23029247135855258,0.21007039677351713,0.33241356955841184,0.2536670467816293,0.9839943510014564,0.7922864372376353,0.6942420040722936,0.6741670649498701,14.253227299413497
0.13518092082813382,0.8920487456489354,0.4810514897108078,0.6892692362889647,0.38115623383782804,0.7529127902816981,0.13956186594441533,0.13707795599475503,0.720714182825759,0.13368603074923158,12.059429100810538
0.45881070103496313,0.4275339737068862,0.6287845342885703,0.5901391194202006,0.5201920422259718,0.43134750123135746,0.9821776230819523,0.9365493510849774,0.4537489521317184,0.6900907177478075,16.024583785911023
0.1748985934536904,0.6678267337847501,0.7290977495722473,0.3308668185491115,0.6248041451908648,0.45300626335665584,0.5183471946511418,0.3596555353142321,0.4742766262497753,0.39104081434197724,11.202076547772405
0.06527818366885185,0.8967623237986118,0.29369506030343473,0.10073930933140218,0.3310666694305837,0.889249503146857,0.9448164459317923,0.10869675246067345,0.6440247020218521,0.04925160785205662,5.192835333643565
0.6212722409982234,0.3754979274235666,0.7940000675152987,0.15852485899813473,0.026628998573869467,0.8229774560313672,0.1724931609351188,0.4750494596082717,0.40498806117102504,0.3081971399951726,10.914499830760905
0.5677620524074882,0.7976103364489973,0.23277806444093585,0.4055722353514284,0.45842522010207176,0.43950418406166136,0.7729310789145529,0.07488648360595107,0.1346388882957399,0.040594715159386396,16.972815624821315
0.7260579317808151,0.9452858441509306,0.9898066113237292,0.7432181204203516,0.8776861464139074,0.37102325772866607,0.9723637769930065,0.8195131451357156,0.9588917130604386,0.9364570481702685,24.765436434658486
0.945265547838062,0.5937887676991522,0.23057826794683933,0.28807771019637585,0.3979832110926509,0.5967484882567078,0.20762617071159184,0.35551315848715603,0.2983164095785469,0.9699662867933512,17.97101249586807
0.7013026187196374,0.6632580836303532,0.20590279111638665,0.8798153528477997,0.6187532432377338,0.22831942210905254,0.13728116382844746,0.3277383672539145,0.3120159315876663,0.4845259722787887,24.01497367976896
0.9771088764537126,0.4493387199472636,0.036891509080305696,0.2658741439227015,0.9770168252289295,0.2571572079323232,0.12953824363648891,0.4955867910757661,0.6919374244753271,0.4567796583287418,20.76351001640147
0.3141117093618959,0.8591130042914301,0.3002444771118462,0.7327408080454916,0.006065338850021362,0.9960158606991172,0.9930988210253417,0.6183046682272106,0.8789283218793571,0.47148053883574903,15.932426079831721
0.10466109868139029,0.10812318278476596,0.3596277760807425,0.7829964605625719,0.5586118407081813,0.23563014878891408,0.5344132389873266,0.30894686677493155,0.16661174013279378,0.3023077982943505,11.372829800267867
0.5210480999667197,0.31694081448949873,0.6879927450791001,0.4390481668524444,0.7404744902160019,0.4712011693045497,0.8194284841883928,0.5446753862779588,0.3127172396052629,0.6915813696105033,12.973517817040888
0.46463159238919616,0.08012808975763619,0.46659443504177034,0.13587377755902708,0.5257476328406483,0.051521975779905915,0.7013139850459993,0.8712490929756314,0.596612079301849,0.9121366643812507,4.982166559044664
0.4534094142727554,0.6376657597720623,0.032565558329224586,0.008076411206275225,0.1986196676734835,0.8657758815679699,0.23454007925465703,0.8130106132011861,0.6611379708629102,0.6750966478139162,11.931977389702007
0.06904605007730424,0.7072786560747772,0.7898907887283713,0.5578037563245744,0.17611247580498457,0.3701387154869735,0.28001956711523235,0.7746513420715928,0.9251657333225012,0.9919550456106663,10.340395684254908
0.6175012970343232,0.698699145577848,0.770398641936481,0.923992637777701,0.012850174447521567,0.3035428316798061,0.31760573922656476,0.42603196087293327,0.1692908527329564,0.2362653377931565,18.911109263128708
0.9299609595909715,0.9327676584944129,0.14946069056168199,0.16210723971016705,0.37473868066444993,0.6054602097719908,0.0654657504055649,0.6346469251438975,0.30947475763969123,0.20578586589545012,9.804789440870636
0.13597913645207882,0.4047830109484494,0.651059610536322,0.7188444847706705,0.22207711334340274,0.35669583710841835,0.49475885834544897,0.10903163813054562,0.07540565589442849,0.11703720060177147,10.56310165393528
0.4016195472795516,0.879953658208251,0.08139324747025967,0.175211874069646,0.6716993215959519,0.8551116853486747,0.32675690948963165,0.930706450715661,0.5640316524077207,0.35430930787697434,19.866582969506926
0.3564544527325779,0.39660561736673117,0.415585158392787,0.7742619649507105,0.29864715808071196,0.20650817803107202,0.36113120964728296,0.08422422385774553,0.6437094646971673,0.7887572655454278,14.323992721938843
0.6922792966943234,0.9145617266185582,0.18629121221601963,0.49692628788761795,0.5731600616127253,0.07131415815092623,0.14609564910642803,0.5479835281148553,0.3451466360129416,0.19428249588236213,19.55856582275844
0.40379042574204504,0.5005751056596637,0.968067359412089,0.8321326579898596,0.36555151431821287,0.3607699144631624,0.9886007751338184,0.24686007318086922,0.7947097641881555,0.39145434531383216,20.586864719795848
0.7435523660387844,0.3583466524723917,0.547285886714235,0.30769446794874966,0.3111703342292458,0.6251394632272422,0.6122708912007511,0.5741461692377925,0.8990050118882209,0.5752828978002071,11.990727543914755
0.9576584890019149,0.29521238105371594,0.19268259056843817,0.13793126307427883,0.1677975000347942,0.5642799632623792,0.5541027889121324,0.41899866121821105,0.33229310088790953,0.3963366716634482,10.681497351894686
0.5783709411043674,0.6727108564227819,0.8223466954659671,0.02671004948206246,0.6721768323332071,0.6529094895813614,0.6699510710313916,0.5071138718631119,0.3426685512531549,0.870976431062445,16.647766712089833
0.6006435977760702,0.9113827301189303,0.23132088663987815,0.38459539553150535,0.5398218091577291,0.15162905491888523,0.5977948729414493,0.7122516629751772,0.08701038709841669,0.9558697373140603,16.880490285682384
0.2593654945958406,0.9896239913068712,0.49141836422495544,0.41069518052972853,0.6087428682949394,0.9181728058028966,0.7675423566251993,0.1233972345944494,0.18697184952907264,0.22487790416926146,13.404381010747674
0.6175752591807395,0.4690440371632576,0.04141777101904154,0.8142814068123698,0.6918429050128907,0.13296110066585243,0.9101328905671835,0.7284835949540138,0.5064331593457609,0.9083047620952129,23.21131430956182
0.7968674302101135,0.14662144775502384,0.8403632887639105,0.40059424471110106,0.39613563381135464,0.9308452962432057,0.23324208869598806,0.02377138240262866,0.37351384153589606,0.2912544901482761,11.139769076750325
0.5709207484032959,0.9545710417442024,0.9720066990703344,0.026239172322675586,0.43255558609962463,0.9794047882314771,0.28399314056150615,0.7465045761782676,0.1294417877215892,0.9792747667524964,17.02078336065178
0.45423803338781,0.7985420862678438,0.23092708620242774,0.20550664397887886,0.45585006731562316,0.8557718005031347,0.29861360718496144,0.1375642225611955,0.15088137448765337,0.21686620195396245,15.268349563740404
0.36786126741208136,0.6333663151599467,0.771219061454758,0.05157896946184337,0.024835363030433655,0.8058970691636205,0.7654662895947695,0.18985978490673006,0.7725706396158785,0.7222033070866019,7.05094886014611
0.4831258684862405,0.3376633385196328,0.650998157216236,0.866503115510568,0.8052869536913931,0.9825014935340732,0.03132112440653145,0.7965204359497875,0.7256822474300861,0.24528742069378495,17.83448095478815
0.6594379728194326,0.5049057367723435,0.34459326206706464,0.5213727380614728,0.8825926831923425,0.19711508741602302,0.28109283186495304,0.04227075167000294,0.5561256550718099,0.26559747173450887,19.40156143135568
0.9421580282505602,0.7230294588953257,0.30642783269286156,0.2966686193831265,0.06082702474668622,0.030504564056172967,0.0925837317481637,0.6548795900307596,0.614616135135293,0.44647997594438493,13.028300301588054
0.6775592893827707,0.9929291219450533,0.195533660473302,0.4352443653624505,0.5064025609754026,0.16646380233578384,0.8815645948052406,0.24344648513942957,0.8036697886418551,0.8169696510303766,16.718239853542478
0.7420424348674715,0.09577358211390674,0.7184606441296637,0.8438115757890046,0.07661779620684683,0.5155227347277105,0.07600125693716109,0.18028101860545576,0.2541484609246254,0.6620032032951713,13.445515365679725
0.6333427315112203,0.25357020320370793,0.7961844520177692,0.4993343383539468,0.9724723161198199,0.09167662682011724,0.5404544821940362,0.3247704815585166,0.6900052730925381,0.7078978463541716,17.08098782234252
0.7084125324618071,0.8466438255272806,0.25484768743626773,0.7685004172381014,0.9075167190749198,0.11143495421856642,0.06854294193908572,0.31672921497374773,0.7143779941834509,0.16229020548053086,22.435063468257912
0.38939217338338494,0.19864179519936442,0.5128395089413971,0.08181196171790361,0.9018747035879642,0.2537715444341302,0.29344478412531316,0.7624702325556427,0.8625545715913177,0.26065755682066083,8.551073339264207
0.39935925928875804,0.5221874990966171,0.7949153701774776,0.21486455108970404,0.9421001961454749,0.03368082595989108,0.8124586874619126,0.8445742896292359,0.39980433927848935,0.5311593234073371,16.46741850181149
0.05160774081014097,0.17524056881666183,0.7774979916866869,0.876050915569067,0.5896802472416312,0.6745440443046391,0.614441879093647,0.5941819697618484,0.5077069161925465,0.3369586276821792,14.807899287177808
0.47773000271990895,0.5216968520544469,0.0025776633992791176,0.8214079372119159,0.7818825144786388,0.13444609148427844,0.7509313721675426,0.6236694136168808,0.5642166656907648,0.3092292477376759,24.249602445677635
0.5335738968569785,0.6826691229362041,0.859317421913147,0.27161777042783797,0.31256543821655214,0.47448403062298894,0.9441015566699207,0.8558849680703133,0.8077804651111364,0.9353767579887062,16.338564220113817
0.38476963457651436,0.8483393359929323,0.24863242008723319,0.23435765760950744,0.6740675703622401,0.23865107586607337,0.8962695000227541,0.1962041389197111,0.4946413899306208,0.4629036874976009,15.429451018798712
0.8249390888959169,0.41691029560752213,0.2782688105944544,0.3758641080930829,0.7782936405856162,0.6269374589901417,0.19308878225274384,0.12158807669766247,0.7818504818715155,0.7430938889738172,18.269935685746752
0.025889431359246373,0.8050377448089421,0.03510039648972452,0.35982420528307557,0.10633604298345745,0.40674328058958054,0.1688704544212669,0.5647791153751314,0.8587251941207796,0.6400887030176818,10.29103604867021
0.908292000181973,0.41003934596665204,0.12108209752477705,0.5665957890450954,0.838879199931398,0.7381199703086168,0.69591543241404,0.0853502731770277,0.28347049513831735,0.08483681408688426,21.908294997611115
0.6983044082298875,0.09765255870297551,0.38653711206279695,0.8859959389083087,0.6611612851265818,0.8175323088653386,0.42270075902342796,0.30286229331977665,0.003976142732426524,0.7950094863772392,14.764460613831822
0.558866209583357,0.7506065624766052,0.01833137823268771,0.11484338599257171,0.3087551724165678,0.2816678967792541,0.38359531201422215,0.7511319555342197,0.6739899409003556,0.15709718852303922,16.183288673627004
0.47267051483504474,0.29238058836199343,0.8413531165570021,0.395197780104354,0.06487927073612809,0.9284992220345885,0.6796507462859154,0.9735666422639042,0.42979040392674506,0.8982386181596667,9.683949836045947
0.7552308004815131,0.3923466468695551,0.34991577127948403,0.7141878861002624,0.8844495911616832,0.290191865991801,0.2536964821629226,0.41332764527760446,0.6585762619506568,0.9510680178645998,22.830196877959914
0.17881742282770574,0.6114335611928254,0.8720336249098182,0.3555108681321144,0.512340588029474,0.8225767631083727,0.01062914077192545,0.5428588469512761,0.7285525295883417,0.7577505132649094,11.156666709599646
0.5771855132188648,0.2951059688348323,0.4476329321041703,0.6713513780850917,0.8623477921355516,0.9538487591780722,0.30575294070877135,0.269965412793681,0.7348709108773619,0.17055303347297013,18.130310840270727
0.7820788961835206,0.35875343973748386,0.6260213556233793,0.5320766062941402,0.6971664638258517,0.3889550396706909,0.6055086625274271,0.9662019091192633,0.526068597799167,0.8384232614189386,15.433385924704739
0.1289235702715814,0.023540679132565856,0.6548376926220953,0.45475575188174844,0.3700073594227433,0.47325730160810053,0.034144567558541894,0.5372767907101661,0.6685287947766483,0.9001995327416807,6.550956971123146
0.14187539857812226,0.9973968325648457,0.8280828620772809,0.20686244871467352,0.0836377136874944,0.8980047642253339,0.17210937943309546,0.29869022336788476,0.9066820109728724,0.46784912538714707,9.804754857077038
0.3926352420821786,0.06007272098213434,0.5530571076087654,0.7807422019541264,0.5631140982732177,0.3895571476314217,0.8951600843574852,0.7408823615405709,0.0359804870095104,0.09385649277828634,11.456883783745278
0.8317142683081329,0.19506366574205458,0.9021334005519748,0.95933379791677,0.8786497295368463,0.3162544476799667,0.19457603222690523,0.9819131421390921,0.7916195683646947,0.7300359054934233,20.994884405766012
0.15419221599586308,0.0955469748005271,0.9230313207954168,0.025225267745554447,0.6620473915245384,0.8697352877352387,0.2911286521703005,0.8946614786982536,0.38888196274638176,0.5268047030549496,7.956068814784433
0.6153786431532353,0.29740866948850453,0.7617798980791122,0.6170658338814974,0.13315181550569832,0.4756989802699536,0.11384724918752909,0.5301621104590595,0.47335256915539503,0.6614026948809624,13.352566582223421
0.6579903203528374,0.669045559829101,0.08894216828048229,0.796316236956045,0.8441801816225052,0.06758396257646382,0.7133725904859602,0.27246388071216643,0.24234198196791112,0.7693928200751543,25.092017192794266
0.31251535029150546,0.8833537762984633,0.6671348724048585,0.8403615821152925,0.1558155552484095,0.8153556829784065,0.10069462563842535,0.46005677501671016,0.7836279992479831,0.14166595530696213,17.043139021896465
0.36725732195191085,0.7352328184060752,0.9489128445275128,0.03144880500622094,0.7077702865935862,0.24618241912685335,0.3429915939923376,0.15509258629754186,0.5821090545505285,0.7516194474883378,15.129044543762523
0.7508834870532155,0.9112444799393415,0.5687921049539,0.4566254997625947,0.3273801929317415,0.9721037291456014,0.7177497590892017,0.730220565572381,0.5261148884892464,0.7513450440019369,13.415074718151441
0.9888719338923693,0.5054160435684025,0.5640134087298065,0.8017855018842965,0.6035267871338874,0.1804505200125277,0.8248134579043835,0.5355810658074915,0.9847164722159505,0.7692452317569405,22.743347243970174
0.9239692809060216,0.4391717608086765,0.2184402991551906,0.1538801861461252,0.0843907124362886,0.1577658059541136,0.9901051055639982,0.88103610672988,0.5301849576644599,0.9974751188419759,13.726332648249775
0.7385786508675665,0.23411678173579276,0.6187542830593884,0.8009346497710794,0.7824907775502652,0.32252927031368017,0.9681279305368662,0.5843084005173296,0.8134295772761106,0.030531357740983367,16.594916152835044
0.8047307224478573,0.422370427288115,0.22572762449271977,0.08329968200996518,0.6768124136142433,0.7951439244206995,0.4466170279774815,0.5519308396615088,0.08449392556212842,0.7518213773146272,14.296122816871117
0.3282436188310385,0.32495988835580647,0.32777085644192994,0.3023447261657566,0.37922850623726845,0.5094462058041245,0.8462352447677404,0.4009784492664039,0.3247110587544739,0.21420820150524378,6.611631704407316
0.9660449684597552,0.8964175684377551,0.024797059129923582,0.5485523350071162,0.9429661754984409,0.3319667463656515,0.47298113186843693,0.8269656365737319,0.9604578264988959,0.1561687437351793,19.501672497447146
0.27252426254563034,0.11282338900491595,0.6933835863601416,0.2001520551275462,0.7388591282069683,0.17419082135893404,0.14712050650268793,0.7683812873438001,0.17288529453799129,0.05876885377801955,6.876732529300938
0.33442911016754806,0.34517764998599887,0.1955543749500066,0.28508862969465554,0.023971162969246507,0.1277945446781814,0.7136126330588013,0.34020388685166836,0.5123850821983069,0.7201032941229641,8.0492706103879
0.17633875855244696,0.541271609487012,0.7199938513804227,0.23814126336947083,0.22971124085597694,0.6727939287666231,0.576422568410635,0.13077816436998546,0.43264483474195004,0.8033718937076628,7.85447131892727
0.4658990784082562,0.5526639185845852,0.33205504855141044,0.5197877208702266,0.5043398330453783,0.19591477536596358,0.13623646833002567,0.44412465929053724,0.06958104413934052,0.024242436746135354,16.18784613310043
0.10829649888910353,0.3461485570296645,0.8507701782509685,0.7828289808239788,0.7143639978021383,0.23977284249849617,0.8244538714643568,0.10447405558079481,0.39118574699386954,0.2392479891423136,13.166741466323334
0.3594931273255497,0.18995012529194355,0.9467403322923928,0.7992169216740876,0.651634706184268,0.5346805187873542,0.17996430722996593,0.8336445852182806,0.06973567046225071,0.5482675698585808,19.718609115841396
0.8018066422082484,0.22710582613945007,0.8440206786617637,0.36283958377316594,0.5137670722324401,0.6721933598164469,0.6288023749366403,0.0013811592943966389,0.3461941776331514,0.8445576406084001,15.219486037432153
0.7331428236793727,0.4303041729144752,0.6567142815329134,0.33633808861486614,0.5131714676972479,0.3445207898039371,0.4273294566664845,0.908571689389646,0.36720302840694785,0.1954386702273041,14.467435494812573
0.943074099952355,0.2554433641489595,0.27072968101128936,0.8285869115497917,0.5791960365604609,0.9911871643271297,0.4150017218198627,0.7142561546061188,0.659510969882831,0.523606542730704,18.183509744677654
0.44330273824743927,0.5712124831043184,0.30419681780040264,0.11086876830086112,0.6914846252184361,0.42637600051239133,0.5585316789802164,0.5980796660296619,0.8412258429452777,0.7256480646319687,11.766541476841523
0.022681817412376404,0.8501257630996406,0.20528791355900466,0.33777084946632385,0.5590083261486143,0.11116291489452124,0.8605904099531472,0.13609439344145358,0.941782636102289,0.1292225127108395,7.60996921276195
0.7441943420562893,0.4969451483339071,0.800661081681028,0.6724480318371207,0.4471668864134699,0.8208288289606571,0.4940208613406867,0.3189421957358718,0.6759775206446648,0.10380892385728657,18.453104900804913
0.893577408278361,0.709278626833111,0.9554064793046564,0.562709684483707,0.8913802467286587,0.7284966059960425,0.33143938099965453,0.8871655424591154,0.7437652857042849,0.20757145411334932,23.302127764209082
0.26954025449231267,0.5965309129096568,0.7060781933832914,0.4642437163274735,0.046573686646297574,0.11282062553800642,0.6500802834052593,0.04329620394855738,0.7588282064534724,0.02868360234424472,9.843615819230624
0.862577413674444,0.6001699937041849,0.0706530197057873,0.10555214481428266,0.5668137019965798,0.10608124849386513,0.1329010184854269,0.5042018357198685,0.9748637948650867,0.8192580626346171,19.70415755552574
0.4018932464532554,0.5149210093077272,0.23109609656967223,0.4036478544585407,0.48642154736444354,0.22534821298904717,0.03419883898459375,0.7764389547519386,0.3430203255265951,0.9282061343546957,15.081560181025113
0.7043525890912861,0.5299871186725795,0.9826877031009644,0.08925200812518597,0.4873429937288165,0.6258292377460748,0.560139843961224,0.42595396959222853,0.3493292569182813,0.01551263709552586,16.680635275331475
0.9293999983929098,0.6857989872805774,0.18821636564098299,0.46588887902908027,0.7656551646068692,0.8448177734389901,0.7149854172021151,0.057581343688070774,0.4931678988505155,0.1953384787775576,19.27546264629917
0.45632293657399714,0.22674443386495113,0.14452987210825086,0.26379873463883996,0.3524616453796625,0.5967902897391468,0.5125099571887404,0.36635626712813973,0.0033616081345826387,0.0538948371540755,7.741848360416858
0.37197615834884346,0.32497502700425684,0.8474438257981092,0.041774194687604904,0.3051216914318502,0.9755555435549468,0.7405268852598965,0.4936185497790575,0.9480648569297045,0.5603468474000692,8.27183891789798
0.7837845089379698,0.6146549987606704,0.029329279670491815,0.7215446613263339,0.33621462248265743,0.33703867020085454,0.13885091454721987,0.15962017909623682,0.3409808943979442,0.6456928011029959,21.95475494903755
0.7993335388600826,0.0644082254730165,0.5405782337766141,0.15160037949681282,0.43209455884061754,0.1379360428545624,0.3127208212390542,0.11697154818102717,0.6059019640088081,0.023919738363474607,6.130740844095094
0.6100641537923366,0.3437673095613718,0.10441136150620878,0.9661416204180568,0.21317172376438975,0.44014001195318997,0.09694774122908711,0.13172520138323307,0.10474622366018593,0.07600350445136428,19.203572134325213
0.4656545193865895,0.13481398369185627,0.06149579747579992,0.8126880791969597,0.1963169404771179,0.7432170712854713,0.7796671658288687,0.12546531134285033,0.8181440124753863,0.37914012046530843,13.826080073320314
0.893694905564189,0.7400834118016064,0.22678550402633846,0.8026563602034003,0.25985147594474256,0.19846251141279936,0.2757911020889878,0.2144108982756734,0.2841070496942848,0.1060323768761009,19.132449545041677
0.24197758873924613,0.8840574014466256,0.33229592884890735,0.16785537404939532,0.02647594129666686,0.967190011870116,0.641270466381684,0.13882983988150954,0.632958045694977,0.7304629872087389,11.1369305245873
0.7092590627726167,0.9064700733870268,0.6573438781779259,0.005721194203943014,0.09483698988333344,0.7435856142546982,0.8811441764701158,0.2096627082210034,0.09426295710727572,0.7570912018418312,9.76577494784154
0.6140181752853096,0.777548108715564,0.7648188683670014,0.7623079421464354,0.640179137699306,0.5680683837272227,0.3423348746728152,0.7537719917017967,0.09876402467489243,0.08868770068511367,22.00387835913964
0.392232017358765,0.5029336265288293,0.14580714982002974,0.14805380417965353,0.9497098191641271,0.4572889592964202,0.6076391926035285,0.5212598370853812,0.6710966110695153,0.21585852443240583,15.751196631511807
0.593417102470994,0.7885120445862412,0.9100630048196763,0.8921811308246106,0.28224650328047574,0.7679344424977899,0.9926692214794457,0.9324419982731342,0.8155574523843825,0.1369424955919385,23.533715913156044
0.4285922071430832,0.5408062818460166,0.07804529997520149,0.5322294537909329,0.07208419288508594,0.9448906371835619,0.4431018861941993,0.6665415584575385,0.3932722769677639,0.9550471210386604,16.96669835266613
0.7314623240381479,0.7646341247018427,0.3853458904195577,0.8094885894097388,0.3124579768627882,0.013999530579894781,0.2291953677777201,0.8700105515308678,0.8912047769408673,0.6216834236402065,19.130726073755145
0.63322374667041,0.11695833038538694,0.6076613294426352,0.7046324631664902,0.051216389052569866,0.7097582446876913,0.8764517160598189,0.029912583529949188,0.826552372192964,0.8738551780115813,10.20430775438856
0.5921503477729857,0.006730103166773915,0.24467135639861226,0.30191107420250773,0.6528495599050075,0.46270778332836926,0.7269522694405168,0.7093604356050491,0.8890410182066262,0.20603688340634108,7.38192891005406
0.4255364041309804,0.7972066437359899,0.2833811091259122,0.547546210931614,0.2080159371253103,0.3027976506855339,0.6342008076608181,0.23764083301648498,0.9599312872160226,0.8120035680476576,15.683736698188055
0.0718144301790744,0.7865891202818602,0.4241225051227957,0.004434812813997269,0.7097152229398489,0.19587735389359295,0.9917158684693277,0.6977522824890912,0.4934042850509286,0.9984301133081317,5.27317974875802
0.10657062334939837,0.9028258549515158,0.6759903500787914,0.09707548096776009,0.3903141403570771,0.434136844240129,0.15707460464909673,0.0714629190042615,0.8204514312092215,0.322240301175043,7.613653237785663
0.6452276601921767,0.6111536489333957,0.29271848616190255,0.033412437653169036,0.01843741163611412,0.7150867530144751,0.5984687495511025,0.19050040747970343,0.1020626483950764,0.4802382974885404,10.871604372934243
0.8348613060079515,0.5189537117257714,0.434854201041162,0.37947807274758816,0.18024951103143394,0.38430765573866665,0.033546240301802754,0.8749455488286912,0.2316938480362296,0.8108000885695219,15.305377900185471
0.0903615653514862,0.8987660598941147,0.9047123214695603,0.9490563946310431,0.7170259063132107,0.9392879435326904,0.42522063245996833,0.9599925770889968,0.32455812580883503,0.13840595819056034,18.593859680484663
0.871129895793274,0.5529397935606539,0.03424127912148833,0.5226649583783001,0.7859212702605873,0.10181808075867593,0.8227022239007056,0.2301482232287526,0.2761915703304112,0.9434164015110582,24.313376432179393
0.2473220475949347,0.07164614205248654,0.6630726235453039,0.5561226853169501,0.15072216233238578,0.46972196735441685,0.9602342308498919,0.9363691592589021,0.0030369702726602554,0.652524990728125,8.251426791928852
0.18842637026682496,0.33213463448919356,0.32694221567362547,0.8159682042896748,0.7410526014864445,0.6918751315679401,0.1057060663588345,0.6685233027674258,0.25628858990967274,0.8407855145633221,14.569032528861765
0.5128129308577627,0.1738125034607947,0.3005201749037951,0.9653384941630065,0.495391441276297,0.8488178518600762,0.7152530192397535,0.9028717465698719,0.46913365577347577,0.9717897553928196,14.765496977813951
0.854467025725171,0.15811631362885237,0.2571999665815383,0.6066796220839024,0.5579232464078814,0.3760487255640328,0.1500172889791429,0.18198148859664798,0.1651695363689214,0.47007136791944504,14.458766918129742
0.4318551169708371,0.9670603813137859,0.9441226099152118,0.8638525058049709,0.21270844130776823,0.28650187235325575,0.26039361860603094,0.8355185894761235,0.9829860350582749,0.08870657160878181,22.102628092170534
0.525127372937277,0.5050834403373301,0.07783812074922025,0.36362778954207897,0.967807267094031,0.6679308041930199,0.7156276265159249,0.6854694259818643,0.7529197819530964,0.40964029007591307,19.280982710851127
0.6776767957489938,0.6333195450715721,0.8050932306796312,0.3646938931196928,0.6437381349969655,0.03866572235710919,0.17550798458978534,0.7250328573863953,0.3193344783503562,0.9392258680891246,18.420254033191842
0.4303386921528727,0.9195924962405115,0.4655065576080233,0.6596512079704553,0.5765725336968899,0.9969939917791635,0.19029510719701648,0.08108913246542215,0.427919466746971,0.7716369940899312,18.68527759752523
0.9131065276451409,0.8226726455613971,0.473759681917727,0.1787374303676188,0.9395809061825275,0.9457462981808931,0.9777163558173925,0.8640926100779325,0.0778485219925642,0.1602224730886519,12.375787279693178
0.6766104486305267,0.548987696878612,0.18666147906333208,0.35001939651556313,0.539576118811965,0.592407523887232,0.41873123962432146,0.6069823789875954,0.022121645510196686,0.9805024010129273,17.350856892040184
0.9849151510279626,0.19424923486076295,0.7136007905937731,0.7211422880645841,0.9009363590739667,0.5257152328267694,0.6772078282665461,0.7196085397154093,0.007082886761054397,0.9394451437983662,17.838660224199106
0.6134270818438381,0.8890945599414408,0.4740619275253266,0.46025431738235056,0.7028080055024475,0.8542091995477676,0.5988667672500014,0.6333627111744136,0.4191884493920952,0.0660260240547359,17.37366968803905
0.8659050937276334,0.10924474708735943,0.05170893156901002,0.7230839261319488,0.8107625474222004,0.8743843862321228,0.6028785242233425,0.1588756963610649,0.18551303097046912,0.3233222842682153,20.444403501896897
0.8133456818759441,0.2563464962877333,0.6088938664179295,0.30074565997347236,0.22098589036613703,0.31119688623584807,0.7044095494784415,0.7429163905326277,0.1038393781054765,0.20719570270739496,10.619441334297683
0.13907921058125794,0.5416940762661397,0.49434972112067044,0.7222167477011681,0.4592501507140696,0.9326389222405851,0.188849811675027,0.8222622510511428,0.27150059840641916,0.7150313251186162,12.288781962017959
0.07742468593642116,0.6760761111509055,0.36175956879742444,0.5106199013534933,0.4054722646251321,0.4356235039886087,0.01466711051762104,0.6728092385455966,0.6734911242965609,0.538672883529216,8.155533168772243
0.9876449904404581,0.945688892621547,0.8972978130914271,0.7535129697062075,0.8233360920567065,0.6416122678201646,0.6748746712692082,0.2141311839222908,0.9361375116277486,0.031298439018428326,17.183826922815438
0.5831411124672741,0.24585721967741847,0.4285033755004406,0.6357179707847536,0.7490909399930388,0.08093891362659633,0.8410307492595166,0.3881875090301037,0.13088941224850714,0.6709207422100008,13.552980146271725
0.9001931380480528,0.9816555655561388,0.14649599185213447,0.9646013956516981,0.9113033446483314,0.7558627689722925,0.7564084213227034,0.3741786191239953,0.7768408954143524,0.39035073132254183,21.048971396003935
0.6508700114209205,0.858914113137871,0.860447193030268,0.11198345851153135,0.8189050599467009,0.5579062732867897,0.9231024312321097,0.1197930620983243,0.9489144003018737,0.4420029385946691,19.177753426844678
0.06284393253736198,0.4125311153475195,0.790717399911955,0.19151531299576163,0.04551465273834765,0.824700046563521,0.6326844710856676,0.854784969938919,0.8156248291488737,0.5392409497871995,5.266974647371727
0.5316956134047359,0.3065900984220207,0.8705149632878602,0.5426647677086294,0.01742907310836017,0.5255972708109766,0.26009312155656517,0.8047151062637568,0.2502403515391052,0.16906900284811854,13.875554324170578
0.4478566022589803,0.8240765270311385,0.5915214435663074,0.44388245488516986,0.28289988706819713,0.8883864805102348,0.6529723855201155,0.21413941425271332,0.7196747101843357,0.03842895128764212,13.692673270728033
0.13071055291220546,0.2447728666011244,0.39353276207111776,0.027675539255142212,0.6874263326171786,0.11177509929984808,0.8794005671516061,0.10596889583393931,0.1551587104331702,0.5203689767513424,5.578324390964866
0.6938573813531548,0.042316107545048,0.2925588784273714,0.986650109756738,0.02854610630311072,0.8175437855534256,0.11252757650800049,0.28026493126526475,0.7220024904236197,0.6972530449274927,11.740228861989943
0.16388366650789976,0.6940888911485672,0.4018680041190237,0.48047881247475743,0.3068243188317865,0.5143174950499088,0.9771078734192997,0.30913522094488144,0.6826228080317378,0.859293099027127,10.22172353165328
0.9490041863173246,0.12817391846328974,0.11870960821397603,0.5570886854548007,0.030717991990968585,0.9153088396415114,0.00532575324177742,0.4281350872479379,0.9627658808603883,0.120164614636451,11.222702959902321
0.30270307091996074,0.7578041488304734,0.47215631720609963,0.00851194723509252,0.6580393714830279,0.5412258941214532,0.1399743992369622,0.69420564500615,0.20839773281477392,0.21419659513048828,8.9066329385563
0.6739080199040473,0.8383892383426428,0.6421451710630208,0.5180530790239573,0.9268398261629045,0.8270332543179393,0.19002131302841008,0.7795143439434469,0.1868982003070414,0.6234889281913638,19.443858740283922
0.5215329055208713,0.9000402574893087,0.04161487123928964,0.36916538048535585,0.5620363226626068,0.9787708565127105,0.7114920481108129,0.06742668873630464,0.1379720182158053,0.6840595644898713,20.617479715833042
0.9817762905731797,0.14296833844855428,0.9140717913396657,0.4711023161653429,0.4493934770580381,0.7539401147514582,0.7703039101324975,0.45590923726558685,0.08338721236214042,0.3127043512649834,15.428976159188453
0.592755860183388,0.7130434678401798,0.4192038835026324,0.18317545694299042,0.10393115831539035,0.6892395205795765,0.655319610144943,0.3386116574984044,0.4253669916652143,0.31241192086599767,12.567957948828225
0.9949198456015438,0.4343749398831278,0.3252724485937506,0.04804785829037428,0.9977245454210788,0.12830471131019294,0.6584555075969547,0.9326169334817678,0.3478764588944614,0.3153771448414773,17.731926725034068
0.20882560312747955,0.2848137228284031,0.5901820943690836,0.7278324726503342,0.3840608634054661,0.8110578295309097,0.6436795813497156,0.7371602854691446,0.13620201568119228,0.5381188038736582,11.198626287344878
0.18302588118240237,0.8864056353922933,0.6078138400334865,0.9851821050979197,0.5859168285969645,0.9216291510965675,0.9065530097577721,0.03636379633098841,0.11816503712907434,0.608042822452262,17.780152157335134
0.8346441660542041,0.5654921296518296,0.4630744431633502,0.593080603517592,0.33989183278754354,0.7058574850670993,0.30954020004719496,0.9205345655791461,0.09860881953500211,0.3416000341530889,17.822024179641176
0.901766306720674,0.22168216458521783,0.4409351018257439,0.43773883557878435,0.6138550715986639,0.30989088863134384,0.8075214182026684,0.5275880773551762,0.2096274783834815,0.8338777862954885,14.696544494988949
0.13635718962177634,0.16283808462321758,0.4879416467156261,0.5994096191134304,0.4477941603399813,0.8050710430834442,0.1801887087058276,0.5067610836122185,0.39860010519623756,0.1781561782117933,9.31579238732928
0.9647941554430872,0.5189968252088875,0.03975015436299145,0.8685464258305728,0.7350590287242085,0.30662908032536507,0.7505666497163475,0.25785761699080467,0.5964265340007842,0.04556997260078788,27.056787563066095
0.4851004173979163,0.45555538474582136,0.07873484375886619,0.4152898653410375,0.7671045456081629,0.9080997295677662,0.934129374101758,0.1791592831723392,0.6425406229682267,0.6201226222328842,17.80741561747865
0.3074257855769247,0.4588035249616951,0.42864441010169685,0.41472111409530044,0.457271360559389,0.27550650970079005,0.9909607756417245,0.31307277432642877,0.8681124178692698,0.9685746128670871,10.929812061416724
0.580362938111648,0.056020227959379554,0.9922653939574957,0.7008256218396127,0.8938883079681545,0.2861968334764242,0.5083823238965124,0.4712379998527467,0.3078698664903641,0.5932478418108076,17.43407768800305
0.1310600226279348,0.25468467525206506,0.4833064847625792,0.638859314378351,0.7219255799427629,0.6510470109060407,0.29517670068889856,0.5820534795057029,0.9900063995737582,0.5350473511498421,11.502424411552372
0.061408939538523555,0.12422422412782907,0.5854422845877707,0.8445860797073692,0.4361226896289736,0.9839503460098058,0.12726690783165395,0.8681252107489854,0.6601143470034003,0.25983962952159345,11.70564064882929
0.57247604127042,0.27059832587838173,0.1770312301814556,0.490900274598971,0.190801301272586,0.8172427844256163,0.11745347548276186,0.19345725839957595,0.548023026669398,0.31494023255072534,13.853039573673883
0.743863234994933,0.6664605259429663,0.5232639901805669,0.9594262756872922,0.0933159023988992,0.7431061337701976,0.1486598919145763,0.11747629009187222,0.1173794164787978,0.8216210992541164,19.21946640395363
0.7578377407044172,0.008476728340610862,0.5393649411853403,0.07176941027864814,0.8623232862446457,0.6027446226216853,0.5091236010193825,0.5367501610890031,0.007817109813913703,0.013457979075610638,4.740544219265828
0.12460201373323798,0.251842595404014,0.8960232543759048,0.6769836542662233,0.4201715493109077,0.4154754306655377,0.9942755789961666,0.5284149684011936,0.7585001008119434,0.7298086720984429,11.072276432727206
0.34646675176918507,0.43128919159062207,0.43119649961590767,0.4431905548553914,0.5686507790815085,0.8096923693083227,0.8368521339725703,0.9960287376306951,0.5355690848082304,0.9540684591047466,11.695078902571911
0.6528319402132183,0.02124492800794542,0.5444213903974742,0.9586809773463756,0.7486182381398976,0.30781683791428804,0.8136503084097058,0.17996157985180616,0.9486788464710116,0.30863499036058784,14.365360766803933
0.6454425761476159,0.9792608548887074,0.6434205491095781,0.6138082290999591,0.8976239119656384,0.17775696492753923,0.33026844495907426,0.7756773985456675,0.7433408554643393,0.4090185556560755,19.074211575270034
0.9835434500128031,0.7158936960622668,0.24912065966054797,0.2717743569519371,0.584964097244665,0.6506097398232669,0.9280298766680062,0.38704930432140827,0.19751967256888747,0.8879847673233598,15.26817995225153
0.16565148020163178,0.9764729999005795,0.2656293762847781,0.3458589743822813,0.21229581627994776,0.08266751701012254,0.5176907838322222,0.06900674314238131,0.14070197567343712,0.0668367890175432,11.01067352129343
0.5218950072303414,0.284811626188457,0.7559143218677491,0.1668336889706552,0.36097255116328597,0.8270375065039843,0.5925710040610284,0.366548141464591,0.996560160536319,0.11974177276715636,10.786708205102302
0.7513292527291924,0.42273705801926553,0.4267364703118801,0.2126455067191273,0.4329901372548193,0.9311501008924097,0.8952970211394131,0.6064069685526192,0.5820883156266063,0.7705207946710289,12.693983282663055
0.36499673617072403,0.7692115514073521,0.008281097514554858,0.5647211223840714,0.28875129763036966,0.3586274932604283,0.5480339189525694,0.40402870811522007,0.2784193200059235,0.45602571521885693,17.82818550452735
0.7765676064882427,0.20580462226644158,0.5679177960846573,0.058753967517986894,0.7706441849004477,0.5506080752238631,0.97988002281636,0.040720762917771935,0.9627922053914517,0.001685804920271039,10.202219979725575
0.39148235763423145,0.3188013893086463,0.018632711609825492,0.6813908508047462,0.0873999921604991,0.5780073492787778,0.43205169518478215,0.8291856166906655,0.2036964180879295,0.026290037436410785,15.88144176275439
0.36161712487228215,0.34167989483103156,0.5007337986025959,0.40363107481971383,0.6487661472056061,0.1821801122277975,0.04299181094393134,0.12532289349474013,0.8210788953583688,0.02251477469690144,12.158864830046749
0.7407964852172881,0.11229780758731067,0.972393216798082,0.9496005789842457,0.6712303110398352,0.40880192210897803,0.7330694480333477,0.06436291942372918,0.5450196620076895,0.29528786381706595,18.74908366069893
0.6564433216117322,0.0844603895675391,0.6102519975975156,0.3236190804746002,0.6442362740635872,0.8793548315297812,0.5184989389963448,0.8730722367763519,0.6909747319296002,0.40701330499723554,8.166361450405056
0.42909017112106085,0.8478173215407878,0.09033181960694492,0.7440485148690641,0.7451254569459707,0.2070978528354317,0.1071119774132967,0.3232221561484039,0.9479383251164109,0.0760801185388118,22.026277101949265
0.7157316263765097,0.9274840257130563,0.4253474192228168,0.6852265344932675,0.4654050092212856,0.6939017684198916,0.08457049797289073,0.41946005960926414,0.22539177746511996,0.0715795538853854,19.08672431722865
0.1516735863406211,0.3660185590852052,0.8455465224105865,0.07800264819525182,0.2145946656819433,0.27225356502458453,0.9312005473766476,0.8670544628985226,0.5832236404530704,0.24777477770112455,3.779854335097487
0.5987177842762321,0.9066688125021756,0.5952688767574728,0.7481602877378464,0.9572185932192951,0.2432666828390211,0.42304231552407146,0.08966847136616707,0.7350856082048267,0.6237539225257933,22.6621412152144
0.42511311010457575,0.6468204637058079,0.019060797058045864,0.5994784899521619,0.3272750792093575,0.9718213712330908,0.6495718092191964,0.4712283555418253,0.21049049822613597,0.979272142983973,20.24850119870586
0.3085772276390344,0.44916556356474757,0.7444460273254663,0.8599208157975227,0.8679538061842322,0.5240680132992566,0.7337672552093863,0.6494862884283066,0.062942128861323,0.6166338596958667,17.89266333412571
0.8257727464661002,0.7725723914336413,0.3241710979491472,0.22977180895395577,0.3071138709783554,0.03441096772439778,0.007036993280053139,0.6583746406249702,0.46006191917695105,0.16187590267509222,14.899656672062479
0.5988749964162707,0.4594736215658486,0.5907908785156906,0.987530744401738,0.25746238487772644,0.292860860703513,0.3853412040043622,0.1196149974130094,0.9535450430121273,0.5311197869013995,18.11299671832777
0.9644637622404844,0.8970049167983234,0.17878439812920988,0.9260954083874822,0.4042220404371619,0.8843516877386719,0.13702611788176,0.9312829107511789,0.6790203708223999,0.28296021767891943,17.058080851106592
0.25790246739052236,0.09660895122215152,0.9956971192732453,0.8104919393081218,0.9474890124984086,0.73156204726547,0.7918181126005948,0.5603881359566003,0.7790894436184317,0.9343243157491088,18.341444642719505
0.6360254525206983,0.8940190335270017,0.08858187543228269,0.9918711751233786,0.7302070416044444,0.8573487030807883,0.6408629114739597,0.9837563873734325,0.22418789914809167,0.1481007426045835,27.049795064160264
0.8134354210924357,0.9647773718461394,0.9941484523005784,0.637291677063331,0.3228843384422362,0.26652303407900035,0.09514975524507463,0.4553493328858167,0.12694901204667985,0.7901849260088056,18.71580353573273
0.3461597301065922,0.567943039117381,0.25328082544729114,0.05148733104579151,0.4291147240437567,0.20304090133868158,0.8936988783534616,0.6277910352218896,0.19693027483299375,0.3100074422545731,9.628962799322492
0.5389029355719686,0.5034545925445855,0.3600517113227397,0.7076873176265508,0.28105756896547973,0.996381328208372,0.03911719913594425,0.215643425937742,0.37612908496521413,0.6915051562245935,15.059281443543222
0.3493525758385658,0.6331840083003044,0.3161955960094929,0.49231774150393903,0.29744868353009224,0.11122566391713917,0.3080886125098914,0.9033604499418288,0.26419788785278797,0.14312269305810332,14.787118191844513
0.6629608294460922,0.44621784845367074,0.40752053959295154,0.735476590692997,0.9109760103747249,0.9568240183871239,0.6547270114533603,0.6379142843652517,0.5174053004011512,0.6834180771838874,21.272416927968532
0.15067235892638564,0.1068470876198262,0.19438368431292474,0.6667855903506279,0.9637150831986219,0.07887476938776672,0.458745292853564,0.23475049016997218,0.9926634612493217,0.90040985471569,12.125183940391159
0.04308091220445931,0.1328692629467696,0.2507133742328733,0.14923835545778275,0.42769067268818617,0.9163889954797924,0.12658437574282289,0.42901989724487066,0.25649714143946767,0.8067809334024787,3.858730778370946
0.3809018889442086,0.8934805614408106,0.18933436181396246,0.7196762980893254,0.4017547962721437,0.28810093854554,0.5509485744405538,0.08698378247208893,0.28146213036961854,0.07082459842786193,19.420976171103618
0.9424714711494744,0.7975035416893661,0.03898364887572825,0.15589568694122136,0.8519205134361982,0.25725209759548306,0.09840887831524014,0.07499998458661139,0.5561683767009526,0.21862230473197997,16.92723126341353
0.014088013907894492,0.9060478156898171,0.27157549164257944,0.3511212232988328,0.07831423752941191,0.7278703390620649,0.003109046258032322,0.8033585923258215,0.19440295500680804,0.3588052385021001,5.616875638158076
0.8780000144615769,0.5400116124656051,0.941332824062556,0.5300838202238083,0.6357687830459327,0.3805168147664517,0.7911324359010905,0.0014216566924005747,0.5666920582298189,0.8261230601929128,21.923812201575814
0.2492085206322372,0.837342118145898,0.9354528344701976,0.8654999325517565,0.5060686215292662,0.887700708815828,0.7913305275142193,0.8957007441204041,0.8979459654074162,0.52244588220492,20.82094966782664
0.014384530717507005,0.25744514586403966,0.05523650208488107,0.19088911567814648,0.24308945913799107,0.6229346750769764,0.9062411885242909,0.2622614174615592,0.6065545415040106,0.3429079547058791,6.293908235673775
0.8676013064105064,0.14202133426442742,0.8384578200057149,0.01763360225595534,0.03360586753115058,0.1481210698839277,0.7998545891605318,0.6525268782861531,0.8927111332304776,0.36034430959261954,5.759657067945114
0.36783146974630654,0.604305564193055,0.2601798214018345,0.46379551268182695,0.14073255471885204,0.5979476161301136,0.10957315703853965,0.26677897316403687,0.29479707148857415,0.7113705668598413,13.905070149281327
0.6570415238384157,0.5563148530200124,0.5534692713990808,0.9419777852017432,0.5773717993870378,0.4745174618437886,0.8574408169370145,0.31781091215088964,0.0782410055398941,0.24981877789832652,20.781432243017655
0.5153615677263588,0.765081899240613,0.870203820290044,0.08458105474710464,0.719883271958679,0.5079440490808338,0.4555820382665843,0.8911706402432173,0.27959707542322576,0.8412199427839369,16.781511366858002
0.8325672310311347,0.4992296143900603,0.05735356663353741,0.8950434068683535,0.1872323015704751,0.621870611095801,0.9092723890207708,0.17091975104995072,0.17129968223161995,0.09353531850501895,24.34384869799922
0.6385855556000024,0.3665180276148021,0.24178281100466847,0.3061107511166483,0.6651921675074846,0.4244096651673317,0.2503217663615942,0.6367122053634375,0.6113209594041109,0.5951057537458837,15.334574383506753
0.49909847090020776,0.7442379076965153,0.8130148358177394,0.7125853071920574,0.01393209770321846,0.4800469521433115,0.12543396023102105,0.4987571856472641,0.6457232648972422,0.3632735994178802,18.53244249493528
0.7348484643734992,0.07639450440183282,0.02273414353840053,0.30626924568787217,0.5406781111378223,0.2737163123674691,0.4291687130462378,0.5134597446303815,0.7231886978261173,0.05282420967705548,10.88257792776959
0.5772278024815023,0.12102890014648438,0.3324861859437078,0.8298462715465575,0.041854547802358866,0.6211070213466883,0.003588035237044096,0.5607581038493663,0.6301103057339787,0.8298156321980059,11.465797033465863
0.7009412341285497,0.4352482983376831,0.9176774707157165,0.38364246604032815,0.7301566086243838,0.33424113201908767,0.10542184580117464,0.2526164830196649,0.5350680856499821,0.6055060485377908,19.263939313708452
0.7644396789837629,0.2285545589402318,0.15403943276032805,0.28901014826260507,0.5339136978145689,0.6682200611103326,0.9666930933017284,0.9188322690315545,0.4251429131254554,0.06788128660991788,12.447279001471937
0.005650989478453994,0.20149709144607186,0.5159656032919884,0.8628996664192528,0.2285804613493383,0.80315096443519,0.21135209663771093,0.07036012737080455,0.2596463200170547,0.2066650646738708,9.962737091789904
0.23242534906603396,0.7815127247013152,0.05121369706466794,0.5053576685022563,0.2272973470389843,0.0757201046217233,0.6559165120124817,0.3817045970354229,0.93360486603342,0.9589931075461209,16.643910296628157
0.3309217777568847,0.5635017997119576,0.9602128483820707,0.8330961966421455,0.11427473439835012,0.853994277305901,0.21487852511927485,0.381840713089332,0.7009579371660948,0.4169885185547173,17.80920317183975
0.6519215069711208,0.48099086014553905,0.5777841035742313,0.8637241902761161,0.37723432620987296,0.9448172193951905,0.8651093824300915,0.846704768249765,0.21705272956751287,0.8790150145068765,19.8423746632355
0.6327701478730887,0.9723489615134895,0.6893785193096846,0.47354851476848125,0.07822321471758187,0.5030862020794302,0.6122903833165765,0.7130407069344074,0.13723374088294804,0.6470421499107033,16.5933048222885
0.6260158694349229,0.11200214782729745,0.8365772133693099,0.22316510090604424,0.951175267342478,0.0011875070631504059,0.46919938060455024,0.2903829272836447,0.35910004447214305,0.9676482332870364,11.980336885943197
0.6096877113450319,0.6524900197982788,0.5508370054885745,0.7381710703484714,0.006530293030664325,0.17291703121736646,0.06739153550006449,0.5143612110987306,0.22337646270170808,0.8097287134733051,17.0279493989459
0.04119527363218367,0.2511595906689763,0.17874128697440028,0.7139956331811845,0.4555483350995928,0.3203878605272621,0.43973144656047225,0.4308830816298723,0.22194212046451867,0.8929461711086333,12.346353337127804
0.7646332737058401,0.0037912463303655386,0.8725581848993897,0.1062541794963181,0.06224580621346831,0.14850176498293877,0.5051393595058471,0.19857982266694307,0.8589314832352102,0.6280601646285504,5.852667165310503
0.11500891065225005,0.16001086751930416,0.23952560313045979,0.4533733727876097,0.23343340517021716,0.12129358714446425,0.18760396679863334,0.9321373091079295,0.8573331008665264,0.5613695182837546,9.329878352304007
0.9345896465238184,0.5090959877707064,0.7245761882513762,0.307047160807997,0.6971413819119334,0.8460372746922076,0.5487951077520847,0.7479996904730797,0.9391758851706982,0.2697380119934678,18.90392691028442
0.01616018731147051,0.6443660983350128,0.9566986847203225,0.5398900341242552,0.5379611873067915,0.017815257189795375,0.06401339988224208,0.7403449411503971,0.3866802647244185,0.4533190706279129,12.85411018130717
0.2029634714126587,0.311109087895602,0.7598850070498884,0.010810851585119963,0.9740838373545557,0.5864830114878714,0.10730110085569322,0.9898946788161993,0.6913816353771836,0.46547786775045097,7.1637539761248
0.5143661226611584,0.4440794172696769,0.6395039141643792,0.62569982977584,0.9449528569821268,0.5504465405829251,0.7663155451882631,0.6427765339612961,0.7278781486675143,0.6750887834932655,16.739377034650353
0.14882695791311562,0.2532329512760043,0.0085302519146353,0.6318129091523588,0.20582599053159356,0.5915069391485304,0.36784931062720716,0.920577556360513,0.05623401654884219,0.9389814524911344,12.153002141806926
0.70681596477516,0.8727482752874494,0.38225274137221277,0.40181326144374907,0.8105559383984655,0.2058812789618969,0.18992231786251068,0.018827307038009167,0.4804137118626386,0.275948001537472,16.46326442635041
0.9424546195659786,0.257714434992522,0.3492517687845975,0.242969433311373,0.9289130640681833,0.5600751081947237,0.014931153738871217,0.7498710853978992,0.4076553622726351,0.47049091290682554,14.786769831703173
0.4339848004747182,0.44678851147182286,0.6179452538490295,0.2684283321723342,0.5629715144168586,0.11991592682898045,0.247775663388893,0.5601080027408898,0.7879067684989423,0.5336938255932182,10.403557484343906
0.6681566038168967,0.5433293965179473,0.6067991037853062,0.8158591997344047,0.45996532170102,0.8818636890500784,0.9471837296150625,0.43939422722905874,0.8198140782769769,0.5292964982800186,20.04360954893988
0.6787906864192337,0.86788957612589,0.22085147467441857,0.9535165841225535,0.5586028448306024,0.08202510443516076,0.9637221971061081,0.09784471685998142,0.7782273008488119,0.04623694228939712,23.07702340824758
0.9090992915444076,0.8463693719822913,0.5765548339113593,0.8480188106186688,0.4800163183826953,0.3527212112676352,0.7438038648106158,0.7848529138136655,0.7804612787440419,0.39918543910607696,17.575497143365986
0.38484696415252984,0.6423079259693623,0.5038311933167279,0.7532968602608889,0.46691882354207337,0.4222703331615776,0.6385895521380007,0.9546319793444127,0.8994603948667645,0.14393602474592626,18.55540987115386
0.22683029575273395,0.6152969039976597,0.7770553284790367,0.23406593594700098,0.3056825837120414,0.5954220958519727,0.2833322836086154,0.9222050860989839,0.067775784060359,0.1654172413982451,9.20500757619376
0.10037358198314905,0.24269741377793252,0.9902028450742364,0.07187329442240298,0.2658137949183583,0.14937803405337036,0.23800649214535952,0.8406372091267258,0.2233732370659709,0.012374555226415396,8.059068913898003
0.16388301458209753,0.26299575716257095,0.1099970699287951,0.45709906402044,0.8622287430334836,0.07973155216313899,0.12533457181416452,0.9860102876555175,0.34062133729457855,0.3809126152191311,13.361462966614523
0.8059084841515869,0.5501196426339447,0.09867926011793315,0.1268867722246796,0.38615103531628847,0.07180314417928457,0.8779749071691185,0.06413445225916803,0.4050351439509541,0.3261158980894834,15.823707303638715
0.47055366775020957,0.27566070202738047,0.7211967951152474,0.2839230797253549,0.9666080395691097,0.3523262650705874,0.4083823000546545,0.2602847027592361,0.13263379130512476,0.7855592975392938,12.960691403175467
0.6254904293455184,0.45193995418958366,0.03472849330864847,0.20293560740537941,0.2708376001100987,0.4032961865887046,0.9205951986368746,0.9876843288075179,0.570354416500777,0.972540033981204,16.35687749787377
0.03854819945991039,0.11907626735046506,0.707249334314838,0.6428510178811848,0.5222296491265297,0.8696550170425326,0.610028634313494,0.27101378119550645,0.7112893252633512,0.2459963127039373,8.592403480152301
0.3471934439148754,0.14540092181414366,0.825183616252616,0.413088965928182,0.9313738667406142,0.6767041373532265,0.47218623058870435,0.06971776625141501,0.20165417110547423,0.011393430875614285,14.239398500495353
0.5158402172382921,0.9605724753346294,0.5727483017835766,0.6586181353777647,0.46890292689204216,0.32724081235937774,0.08720393059775233,0.29004268790595233,0.48864607186987996,0.11981386411935091,19.954440171802723
0.15318055637180805,0.5199061918538064,0.5688719190657139,0.662053307518363,0.6452472687233239,0.6256009393837303,0.5508574601262808,0.2393719602841884,0.6335002561099827,0.7737110760062933,12.289060088726846
0.6063414341770113,0.6082304560113698,0.4758928855881095,0.030284319771453738,0.40501202503219247,0.8750936898868531,0.7207572618499398,0.9214179820846766,0.008981755468994379,0.8931114990264177,12.082418844093217
0.11618000478483737,0.05768902879208326,0.05441515380516648,0.8382966874632984,0.15780927520245314,0.9740569549612701,0.2550701641011983,0.8688978240825236,0.6681707284878939,0.7615552861243486,14.5579621319221
0.5719435377977788,0.3308175716083497,0.9531365593429655,0.11965113203041255,0.6116966537665576,0.10543235344812274,0.02079998655244708,0.8423404763452709,0.8045541029423475,0.4275226497557014,13.887961453241651
0.5262245931662619,0.3691959122661501,0.24542133044451475,0.14782252884469926,0.4305643124971539,0.567619995912537,0.8419183073565364,0.9184227962978184,0.33206030330620706,0.3233014673460275,11.0540433314671
0.68110381369479,0.24776316294446588,0.5966548800934106,0.8149113168474287,0.34848917624913156,0.8339609091635793,0.40337530919350684,0.7663514357991517,0.23352296883240342,0.8483885342720896,14.062969690847481
0.924268217291683,0.32303108694031835,0.4127969464752823,0.3596433480270207,0.0857977382838726,0.8449982251040637,0.26224908977746964,0.12418234325014055,0.6212886590510607,0.7804739507846534,11.699153440221522
0.8130605283658952,0.585513751488179,0.1660809109453112,0.629804952070117,0.42350313533097506,0.6703231062274426,0.9563850129488856,0.22042676340788603,0.6450092152226716,0.8081419144291431,20.24080321184623
0.43940081098116934,0.6513917793054134,0.603282124735415,0.1826775160152465,0.750722270226106,0.14306785888038576,0.771887210663408,0.4566702130250633,0.34906944003887475,0.3800546561833471,12.988816912985438
0.6584259171504527,0.5976056617219001,0.1371247770730406,0.49582272372208536,0.6878480822779238,0.47496275743469596,0.5906620738096535,0.21840078430250287,0.4734666447620839,0.7259867074899375,18.902886247269752
0.9386943539138883,0.41672213445417583,0.05423697060905397,0.11138784466311336,0.8674096169415861,0.7529028363060206,0.026438608998432755,0.5332965662237257,0.4518229281529784,0.38455968583002687,18.967125606663373
0.647207654081285,0.616935774916783,0.7586181573569775,0.8153691031038761,0.5191298627760261,0.08399561420083046,0.4529276262037456,0.6783346466254443,0.8863581609912217,0.6053558883722872,21.95501761288899
0.0747011851053685,0.7891001503448933,0.5674678185023367,0.4156434319447726,0.4790620584972203,0.16783899487927556,0.37993541499599814,0.8936280135530978,0.28975277417339385,0.18144418951123953,9.526049275336671
0.20206234976649284,0.7245311280712485,0.7437628745101392,0.14943399466574192,0.5968298292718828,0.6612730033230036,0.6091887715738267,0.12543052434921265,0.44314298150129616,0.33329964871518314,9.997647618313895
0.28464130382053554,0.43941571353934705,0.3402635718230158,0.32732511777430773,0.03302760259248316,0.8022927537094802,0.9283140599727631,0.6757055639754981,0.4850731403566897,0.47219267301261425,6.450761638850905
0.5788564069662243,0.9472069959156215,0.7875273514073342,0.7411612877622247,0.8992225835099816,0.7225122216623276,0.8233405069913715,0.43429096322506666,0.953113894443959,0.6925044658128172,20.713358793081028
0.6175125972367823,0.9726811186410487,0.6728079775348306,0.8443107721395791,0.6159538479987532,0.020371877821162343,0.3727419872302562,0.9553263795096427,0.030198475811630487,0.9469615006819367,22.759062533686535
0.7229675073176622,0.16595026548020542,0.36569739785045385,0.3493312783539295,0.4822325985878706,0.6925368779338896,0.5153656988404691,0.4714085594750941,0.2291483257431537,0.654420759761706,9.103008299210247
0.5465645920485258,0.5128599426243454,0.3314364142715931,0.4780650257598609,0.941984276752919,0.13066599308513105,0.6159457606263459,0.9371963918674737,0.37393921986222267,0.6828185613267124,18.188644306864077
0.9967071604914963,0.9856441016308963,0.9826863042544574,0.7239247313700616,0.28653592616319656,0.35607031313702464,0.6208721029106528,0.8783845505677164,0.7506466007325798,0.18603216717019677,12.852312611093417
0.2480973012279719,0.8902448480948806,0.12835036776959896,0.5916077101137489,0.9174812699202448,0.13719373056665063,0.24384784628637135,0.6139351043384522,0.5057384921237826,0.3528690089005977,20.532121005744457
0.3198468484915793,0.4636300499550998,0.924496978521347,0.6024046163074672,0.888546638423577,0.6894364012405276,0.39434381015598774,0.7054566915612668,0.7581531803589314,0.6889764734078199,18.31736613544017
0.898545098491013,0.46124861133284867,0.4174742435570806,0.3960115222726017,0.3953155854251236,0.1424656172748655,0.8129135461058468,0.9230006956495345,0.9066009349189699,0.4901777030900121,16.99553175180086
0.36877864436246455,0.9152377040591091,0.6887424476444721,0.8436766003724188,0.1949851473327726,0.5115142420399934,0.8826160016469657,0.6121978857554495,0.3703496800735593,0.9587159047368914,17.614359395696336
0.9109128571581095,0.5105632706545293,0.21078787418082356,0.14144426630809903,0.1092836749739945,0.43956474284641445,0.33323183469474316,0.05349246948026121,0.5326825284864753,0.13789405906572938,13.698455752981147
0.8747359020635486,0.6554414629936218,0.6390767963603139,0.6920494518708438,0.6553405192680657,0.7876373007893562,0.9092215299606323,0.7015201186295599,0.80779088428244,0.8478118891362101,22.274654271262577
0.5862768972292542,0.0890157085377723,0.26377957849763334,0.7924178934190422,0.7412341516464949,0.08620915561914444,0.08075793762691319,0.4059582771733403,0.5337824285961688,0.41322447755374014,15.783647175332845
0.5397247991058975,0.5696450620889664,0.9951823092997074,0.46626789402216673,0.5512658818624914,0.9223801533225924,0.8578024932648987,0.5772259889636189,0.3166430303826928,0.38161158096045256,19.385226488212847
0.8271404879633337,0.22371034184470773,0.5988404487725347,0.648262693779543,0.4175073953811079,0.25558492075651884,0.7474298099987209,0.5373155307024717,0.5400597488041967,0.550945136230439,14.778842967657864
0.8082134120631963,0.7441182546317577,0.22227022796869278,0.1989880504552275,0.5034124869853258,0.39927546377293766,0.9841067690867931,0.1512813896406442,0.3129301769658923,0.023841995047405362,14.52034086529391
0.09443422523327172,0.37314302544109523,0.4728752369992435,0.10869143437594175,0.118012058082968,0.3434119918383658,0.7561979729216546,0.8360875819344074,0.6426304830238223,0.8236325238831341,3.578461059284389
0.10545635875314474,0.8488570651970804,0.1930309720337391,0.4052388546988368,0.6660553803667426,0.8602920915000141,0.4023681490216404,0.1646783552132547,0.4283418629784137,0.37040518573485315,12.150597717501006
0.4204373636748642,0.10611851350404322,0.9162767578382045,0.11970663163810968,0.09930453216657043,0.550967805320397,0.8406294863671064,0.5105391219258308,0.005574656184762716,0.46891995146870613,5.074479086439691
0.6993470494635403,0.5798169744666666,0.14952957746572793,0.6132812458090484,0.5337244749534875,0.6102493577636778,0.5823286361992359,0.669134691124782,0.23681303905323148,0.9292826314922422,21.768753595430493
0.5913448925130069,0.2811824798118323,0.7326000041794032,0.7670939869713038,0.7854662167374045,0.05164904985576868,0.04184834682382643,0.8688670301344246,0.12450341274961829,0.7407263750210404,18.29371454626602
0.6262265746481717,0.8925863122567534,0.3025309396907687,0.00885559362359345,0.15633078757673502,0.9730449200142175,0.9010619223117828,0.390422290423885,0.8576292975340039,0.688575254753232,9.528349700183897
0.5370765367988497,0.8229459072463214,0.9864634887780994,0.212415014160797,0.6840076905209571,0.39912156015634537,0.22199476370587945,0.30883230711333454,0.9198012717533857,0.583540857071057,20.73649364096313
0.943410080159083,0.7427114322781563,0.47336307796649635,0.926762145711109,0.7082199070136994,0.4062160332687199,0.4123633997514844,0.16726499353535473,0.7887387252412736,0.6697053629904985,20.03285026426265
0.5464018804486841,0.8677762784063816,0.5478646531701088,0.7721155693288893,0.569164585089311,0.05655295308679342,0.5473974528722465,0.8252538717351854,0.4944013226777315,0.23035180172882974,20.33438093755285
0.5449231932871044,0.6947948460001498,0.5764631666243076,0.04542937478981912,0.4607237670570612,0.42321720952168107,0.23581642657518387,0.7606790114659816,0.057566913310438395,0.40104452846571803,10.685946211213981
0.45881899376399815,0.4878386741038412,0.10083493147976696,0.5283459986094385,0.523149472894147,0.9191393787041306,0.8717071779537946,0.715841869590804,0.951564809307456,0.9638287734705955,16.90028721785356
0.9502013446763158,0.0063214958645403385,0.1739262198098004,0.6798732851166278,0.5672454836312681,0.05492110922932625,0.7511351692955941,0.9899755760561675,0.12519151321612298,0.4477567966096103,12.849179834306172
0.6414890363812447,0.6593008835334331,0.41458127461373806,0.1673022396862507,0.31705938442610204,0.35534852906130254,0.3468749125022441,0.7517428703140467,0.8866984085179865,0.18062947504222393,12.255982944032077
0.4228496958967298,8.968799374997616e-05,0.2248051082715392,0.7314500259235501,0.6392691661603749,0.5524918984156102,0.874111891258508,0.514634502120316,0.4838494947180152,0.39056470757350326,14.193460904864537
0.5046556626912206,0.7443565418943763,0.9156859507784247,0.5080171281006187,0.3808699685614556,0.5801280243322253,0.34369527734816074,0.5003479211591184,0.9691604680847377,0.10543255973607302,21.007387515949233
0.8708990789018571,0.43537144269794226,0.21157664665952325,0.49081410374492407,0.01598768658004701,0.3203080405946821,0.4668087710160762,0.11249947804026306,0.4770798394456506,0.010445256950333714,16.95303519991412
0.4361885704565793,0.1001804736442864,0.3376602861098945,0.3082015991676599,0.759499954758212,0.7011285736225545,0.1617135382257402,0.650529908016324,0.480143825057894,0.6172607049811631,9.20446853609555
0.7561298555228859,0.23361203470267355,0.14155875449068844,0.8974764412268996,0.20040537440218031,0.729616530938074,0.39068316691555083,0.4439031267538667,0.45019223098643124,0.21854851697571576,19.355725446623097
0.4633318136911839,0.06412383331917226,0.6687973863445222,0.8075325593817979,0.19515822548419237,0.5273401418235153,0.9491965491324663,0.23823645384982228,0.7906015971675515,0.2676413736771792,9.688948815845643
0.921624232782051,0.3662388522643596,0.07854915363714099,0.27260604896582663,0.6985616041347384,0.775609307223931,0.9462490624282509,0.14459482883103192,0.13635705737397075,0.4610096758697182,19.812129771396332
0.7105936489533633,0.9270906045567244,0.20987209561280906,0.14084703428670764,0.7658739485777915,0.12317521637305617,0.9713915805332363,0.8246042560786009,0.677913733990863,0.5373113704845309,16.538060533690064
0.7641620284412056,0.4881123520899564,0.2727331251371652,0.08661948004737496,0.9879352205898613,0.04010246065445244,0.30748391686938703,0.06740429671481252,0.9662033871281892,0.6370360059663653,16.49850880426483
0.26828358392231166,0.28488412499427795,0.741639316547662,0.10974590224213898,0.6051481943577528,0.012772053247317672,0.8764768627006561,0.8562753188889474,0.6523774233646691,0.8362771451938897,6.719029505007476
0.251829965505749,0.7935358271934092,0.8382709599100053,0.08217546995729208,0.38252148404717445,0.8038200351875275,0.7391893884632736,0.5826161378063262,0.8924789549782872,0.7411978130694479,10.070112744929864
0.4851747010834515,0.7704113947693259,0.5259992762003094,0.584531111875549,0.3503056075423956,0.7463122899644077,0.4278210822958499,0.5636358135379851,0.554529954912141,0.5209407338406891,17.653881542039375
0.6483453512191772,0.2733686186838895,0.8146710919681937,0.7580766214523464,0.3964801621623337,0.38633973128162324,0.41335846041329205,0.05806668917648494,0.571930295554921,0.9801372196525335,16.230105678790846
0.8838883510325104,0.048174678813666105,0.13357983552850783,0.2839687841478735,0.7487769508734345,0.4099448136985302,0.2876719564665109,0.08923631417565048,0.257725621573627,0.799407743383199,9.828481406289434
0.3311364157125354,0.2647698214277625,0.023551694117486477,0.7958313915878534,0.45812512654811144,0.5595771323423833,0.5289057297632098,0.890768937766552,0.014428804628551006,0.48342166584916413,17.572797238664407
0.02540956810116768,0.8198701394721866,0.43794790119864047,0.6378128135111183,0.7035530174616724,0.3818218349479139,0.02456941711716354,0.12991215009242296,0.30467081582173705,0.3901479297783226,10.460984831981506
0.8560730833560228,0.2852724741678685,0.5573490706738085,0.008651659358292818,0.0829905429854989,0.16883778991177678,0.35686666099354625,0.7486225336324424,0.24414523178711534,0.19845886365510523,7.985376942245853
0.788400371093303,0.7424456255976111,0.287040087627247,0.5019762683659792,0.5289278822019696,0.5294661154039204,0.12115605105645955,0.7454797613900155,0.30684147914871573,0.7248718487098813,18.391456687918012
0.7078876770101488,0.8366713747382164,0.30981318932026625,0.509544124128297,0.6293228631839156,0.7664609709754586,0.8797339797019958,0.2650665051769465,0.19203259074129164,0.6493404833599925,19.047329353695904
0.08301605773158371,0.8354261321946979,0.9672172563150525,0.01577554177492857,0.2619561010506004,0.15082444087602198,0.593698602868244,0.07593371672555804,0.9534719833172858,0.26430952129885554,7.127018791253958
0.07690428220666945,0.41176839685067534,0.7516251427587122,0.096270453883335,0.07405284442938864,0.3325180795509368,0.6991115841083229,0.7387922760099173,0.8593732209410518,0.09691093116998672,3.1590770297103257
0.8319745983462781,0.3649713736958802,0.5089564800728112,0.009179655695334077,0.6481284662149847,0.39809667877852917,0.5339253558777273,0.5080202303361148,0.9327298044227064,0.03712189570069313,9.737242645040743
0.7606109713669866,0.020829792134463787,0.5917169016320258,0.7235199413262308,0.27121684700250626,0.48168568732216954,0.27783430460840464,0.06953724683262408,0.7711084962356836,0.26684730779379606,7.575786365208265
0.5490041326265782,0.3229038412682712,0.18867951002903283,0.7634712818544358,0.5775178775656968,0.22222631867043674,0.5534154123160988,0.7098564698826522,0.19889018591493368,0.8120920821093023,16.871018091854037
0.3170562342274934,0.4577053873799741,0.22494940250180662,0.5902129493188113,0.46371685015037656,0.3875324805267155,0.29626190569251776,0.7260062634013593,0.6483728853054345,0.7399197604972869,14.511651981409328
0.22624528175219893,0.8271716053131968,0.3693977918010205,0.3371796428691596,0.10275721899233758,0.9142585310619324,0.5186167603824288,0.8934955839067698,0.745563970413059,0.31418923125602305,8.841228009083272
0.6911489425692707,0.9942994550801814,0.4887357142288238,0.5236089553218335,0.08212328772060573,0.31085210642777383,0.32124303886666894,0.8693524033296853,0.14140525739639997,0.415034600533545,14.387426965616534
0.12473908043466508,0.2881113348994404,0.6580671011470258,0.5239266224671155,0.5182925264816731,0.21717743878252804,0.1970619240310043,0.6475233749952167,0.09748342074453831,0.7917881044559181,8.146182746817404
0.9604456785600632,0.1082912168931216,0.2529062482062727,0.5563814234919846,0.6353233966510743,0.7923276561778039,0.06724062515422702,0.08614217699505389,0.24079032614827156,0.52743188617751,13.547924466457516
0.7246755640953779,0.19436829420737922,0.07597717898897827,0.17300743446685374,0.4856890249066055,0.6429557469673455,0.4702477364335209,0.8896154121030122,0.053403305588290095,0.4246430357452482,12.670029381771537
0.9770210792776197,0.5813600968103856,0.19463747343979776,0.4235294321551919,0.8714122411329299,0.777727221371606,0.9512678817845881,0.9112705159932375,0.945422934833914,0.4811368021182716,21.092616550166802
0.850472992984578,0.24507200927473605,0.2523334545549005,0.022913613356649876,0.23673553648404777,0.6492836705874652,0.4271869875956327,0.4456874125171453,0.16732939146459103,0.3590863093268126,9.291596357667748
0.48440584749914706,0.5718681889120489,0.1051041807513684,0.14200776698999107,0.9395243774633855,0.1720671288203448,0.11808257084339857,0.8328233049251139,0.7572471911553293,0.668801392428577,17.05148684985447
0.053081327583640814,0.2337487314362079,0.6310512297786772,0.5053902401123196,0.15447490476071835,0.7186280915047973,0.15366793097928166,0.6888777795247734,0.43752012751065195,0.4862042129971087,7.969507429385269
0.4759528108406812,0.7069647081661969,0.18526188004761934,0.8455400944221765,0.748345956671983,0.9735194828826934,0.6769367600791156,0.19684172188863158,0.001964729046449065,0.362458715448156,22.32113864841523
0.8876772201620042,0.45089655416086316,0.7947195919696242,0.04147029132582247,0.09386296523734927,0.4330604141578078,0.3236862663179636,0.01364785386249423,0.1682108964305371,0.14517769846133888,11.460829612916413
0.31292012915946543,0.6790978477802128,0.42461525090038776,0.35417563072405756,0.1733641168102622,0.9118507113307714,0.7504093854222447,0.9677431914024055,0.018836956238374114,0.46894489927217364,10.652566048866248
0.4951117921154946,0.7030141407158226,0.14892689394764602,0.7834563350770622,0.33166256034746766,0.33064183592796326,0.4046062878333032,0.027394894743338227,0.2683649663813412,0.3685118278954178,21.1277934753972
0.9485611987765878,0.689891156507656,0.5254599952604622,0.5573050617240369,0.09341240813955665,0.27751487540081143,0.030337714590132236,0.9025489781051874,0.32356567471288145,0.3397175478748977,16.076494680603645
0.47497351304627955,0.05630183778703213,0.254159368108958,0.5252531860023737,0.4511065958067775,0.3232844206504524,0.9125230452045798,0.058011810993775725,0.0950255156494677,0.9002520244102925,8.65027644629272
0.06039106985554099,0.559122750069946,0.005282467231154442,0.6080539301037788,0.5590321463532746,0.6175927785225213,0.2224274359177798,0.2558285996783525,0.753428069408983,0.29207980795763433,15.01910747174694
0.22555047320201993,0.6780490828678012,0.8374850198160857,0.057736886432394385,0.5424163781572133,0.21028324589133263,0.9971067358274013,0.8161730871070176,0.8757752913516015,0.4475502436980605,11.49182760773042
0.043695265194401145,0.25716358004137874,0.7991015103179961,0.5620820594485849,0.07568985456600785,0.09083115332759917,0.2728806671220809,0.28971722442656755,0.10557859973050654,0.5870954662095755,6.9448334875612385
0.05352940387092531,0.5250823879614472,0.8332438783254474,0.503310255240649,0.044589137425646186,0.00992185389623046,0.9339489482808858,0.640879180515185,0.6806092408951372,0.8012555905152112,8.333292334377225
0.5774151012301445,0.8820054405368865,0.4828650332055986,0.7444134198594838,0.4002538628410548,0.06399207678623497,0.5145248081535101,0.9108176545705646,0.8351112406235188,0.38706305902451277,19.411684253468565
0.9793235955294222,0.051807411247864366,0.5839861282147467,0.8289391375146806,0.022573573049157858,0.3429782639723271,0.896470759762451,0.6028598097618669,0.20796435861848295,0.12170898076146841,9.985702881951045
0.6396961878053844,0.1585696735419333,0.7401537748519331,0.5295600697863847,0.6409857349935919,0.9841593676246703,0.23753885179758072,0.7298406769987196,0.22614166024141014,0.23826673184521496,13.291135170324335
0.5575872510671616,0.1749329320155084,0.7386126460041851,0.7709740097634494,0.8099506248254329,0.3399713698308915,0.5854700969066471,0.9323011478409171,0.4863820269238204,0.8310804264619946,16.663464518279877
0.5751432639081031,0.41527391970157623,0.24644061690196395,0.7633687553461641,0.32743997732177377,0.8232801693957299,0.2640642086043954,0.6071470507886261,0.48426543758250773,0.8462699889205396,16.227528481962636
0.6268161493353546,0.36290192347951233,0.779162040213123,0.9296612306497991,0.5344592253677547,0.6220909750554711,0.6710416940040886,0.2676460035145283,0.539312447886914,0.1001030714251101,18.84509798997604
0.8623727951198816,0.11973447422496974,0.4586796199437231,0.31477750721387565,0.9221176244318485,0.7297582579776645,0.5728760433848947,0.5177781630773097,0.11574766086414456,0.0016586887650191784,11.945759866890993
0.061958449659869075,0.6506624552421272,0.10010051005519927,0.09803355834446847,0.49808360170572996,0.21222680108621716,0.9034243817441165,0.630939100869,0.7669733131770045,0.542660562787205,7.894820266753435
0.39668241050094366,0.9619740282651037,0.005788199137896299,0.7665055776014924,0.31428770651109517,0.9256201058160514,0.40161133324727416,0.2034129451494664,0.959791658911854,0.5558998081833124,23.728195564830582
0.82035206630826,0.44517317856661975,0.26739375945180655,0.593009453266859,0.7656453032977879,0.7814008267596364,0.5445782663300633,0.8206653301604092,0.8830360742285848,0.3260021444875747,20.13814991848419
0.3740032925270498,0.47562292823567986,0.7493205007631332,0.13992569502443075,0.8821394774131477,0.737387981498614,0.29862655280157924,0.003414297942072153,0.7592449220828712,0.15294293174520135,12.005578639364572
0.1672544030006975,0.5857481602579355,0.0776916453614831,0.9223835538141429,0.5984654671046883,0.8321550195105374,0.0999927818775177,0.9532611158210784,0.6534666116349399,0.9501011332031339,18.457305890575295
0.5844417402986437,0.2337198017630726,0.7870901653077453,0.39502075826749206,0.09806306543760002,0.28502870723605156,0.350236673373729,0.5476830976549536,0.06708628055639565,0.7449417682364583,9.57959936465785
0.24198555620387197,0.4823844451457262,0.7179969940334558,0.029473033035174012,0.12683222256600857,0.7847076328471303,0.49390142946504056,0.3539460382889956,0.5394754819571972,0.9373805862851441,4.5470471415536995
0.17581804585643113,0.155079249991104,0.28371760016307235,0.8355122357606888,0.36735964845865965,0.34658675407990813,0.6779631460085511,0.731386183295399,0.4539083568379283,0.19131805677898228,12.379404879923506
0.2827961703296751,0.7735783758107573,0.2887686516623944,0.17890543793328106,0.09680511779151857,0.0685644350014627,0.4880217984318733,0.08348293765448034,0.02072135778144002,0.12247080588713288,10.030148104729408
0.23667994467541575,0.12832502787932754,0.39622585964389145,0.02450982271693647,0.688997954595834,0.0256732446141541,0.861372800078243,0.9503537903074175,0.4652459511999041,0.09325983421877027,3.7151252826385743
0.5434555925894529,0.4927418199367821,0.7659837056417018,0.24685808084905148,0.24042914947494864,0.4746082969941199,0.1380809899419546,0.6364835046697408,0.7164720189757645,0.9390973018016666,12.409250329736834
0.9122092854231596,0.0762406475841999,0.12560839229263365,0.35372824082151055,0.43228984880261123,0.8182899416424334,0.12891933787614107,0.5069332052953541,0.7453933483920991,0.8653014209121466,9.372036540090658
0.19770611496642232,0.7699046223424375,0.7321795485913754,0.2972274518106133,0.20340070477686822,0.1438101609237492,0.2086152422707528,0.9977654663380235,0.518037938978523,0.3788983947597444,12.290164826783077
0.20000830059871078,0.5255467046517879,0.22998169623315334,0.9571320386603475,0.7099405536428094,0.9344264098908752,0.4558348678983748,0.7670021266676486,0.5855695914942771,0.31077487021684647,17.689452164332067
0.0075249457731842995,0.8392023576889187,0.5275589530356228,0.2765482447575778,0.989455749746412,0.6209968130569905,0.9069763985462487,0.40547891333699226,0.017309432150796056,0.07339020376093686,8.730981327751007
0.8053545590955764,0.903481611981988,0.07748545543290675,0.9384221693035215,0.11216221423819661,0.407996752532199,0.9351105969399214,0.16451443103142083,0.4687981391325593,0.30383229115977883,22.131540794916734
0.5235599814914167,0.6214531287550926,0.1008554007858038,0.6829375769011676,0.7802247626241297,0.5103619946166873,0.5266011015046388,0.8947792879771441,0.24251658446155488,0.8386747736949474,21.16312674561699
0.5803668096195906,0.2897060269024223,0.43913604808039963,0.3376194010488689,0.04884712491184473,0.16146389371715486,0.857711155898869,0.7529947471339256,0.19187570246867836,0.6481336688157171,7.213136372624252
0.3363111091312021,0.26590710668824613,0.669283350231126,0.5137084310408682,0.6784641176927835,0.3054843896534294,0.42403634265065193,0.22472820989787579,0.6354276943020523,0.5924476245418191,11.42322052222579
0.7723460551351309,0.7185455735307187,0.5912453813944012,0.7119732249993831,0.5641067372635007,0.49662191537208855,0.087119797244668,0.669924377463758,0.18096389761194587,0.48376553668640554,20.8505436485857
0.13088952680118382,0.27642608201131225,0.9765310385264456,0.8085751084145159,0.577356786467135,0.7043007269967347,0.09771746909245849,0.5395929024089128,0.8801795784384012,0.5685707035008818,15.397800775604507
0.19978511496447027,0.7406770621892065,0.9627353667747229,0.8751985537819564,0.7582461889833212,0.8913288512267172,0.26278830342926085,0.6522416172083467,0.42005316028371453,0.9545160396955907,20.94796522348977
0.8709986126050353,0.8922854184638709,0.896226963493973,0.34221077035181224,0.5997340367175639,0.8092027914244682,0.4412541827186942,0.761968829901889,0.08945658220909536,0.3395916793961078,15.872271169384657
0.366735955234617,0.1939922182355076,0.3631035340949893,0.14121843129396439,0.43224546662531793,0.4788460691925138,0.30345820682123303,0.8074822020716965,0.6934164233971387,0.06967357755638659,6.606439749349196
0.05135176866315305,0.6133694734890014,0.43896651617251337,0.005572223803028464,0.4838609457947314,0.4180810989346355,0.7233122298493981,0.13190824165940285,0.22925571375526488,0.017182793468236923,3.7541047009448842
0.9568691765889525,0.6328066398855299,0.09124924684874713,0.6099216127768159,0.8130209769587964,0.8263410367071629,0.4327200900297612,0.9695155792869627,0.45899957208894193,0.8592490735463798,22.861176687587303
0.5251254974864423,0.41926133655942976,0.3722488274797797,0.32245760201476514,0.10059765120968223,0.1046147330198437,0.28926853160373867,0.9505110024474561,0.19089227193035185,0.4138419646769762,10.378479904068458
0.5747917566914111,0.7371527838986367,0.1314796870574355,0.48403657623566687,0.18146920413710177,0.08729206770658493,0.6617004827130586,0.6636974574066699,0.883297162828967,0.7473116975743324,18.816253170390517
0.8238604464568198,0.13141911593265831,0.7328850077465177,0.15547107649035752,0.061665983870625496,0.7534168181009591,0.0381322018802166,0.5756173406261951,0.6627787521574646,0.5085262248758227,5.593051898931086
0.7253243036102504,0.49241583002731204,0.7020900934003294,0.7298918573651463,0.04145693755708635,0.8564333980903029,0.6604493129998446,0.5305211558006704,0.4963208148255944,0.4709397971164435,15.682285045899269
0.9866587319411337,0.3369766229297966,0.039460396161302924,0.2554479113314301,0.0144137111492455,0.5364085959736258,0.6205826448276639,0.943869328359142,0.3859901004470885,0.8737076590768993,14.372031183399482
0.8865974782966077,0.11259089643135667,0.659454608336091,0.49055364821106195,0.3172527188435197,0.28752017952501774,0.13751660729758441,0.06581474421545863,0.6509135127998888,0.8397310259751976,10.83669270060068
0.20140635268762708,0.6670699673704803,0.5382421743124723,0.7372601453680545,0.5005325532983989,0.6837375371251255,0.00016534700989723206,0.7604440914001316,0.833455623826012,0.038718412863090634,14.881627728066992
0.3295675788540393,0.7022079708985984,0.7040274115279317,0.6634345687925816,0.5049736222717911,0.4968632778618485,0.5613486599177122,0.41161950142122805,0.9487139077391475,0.03304173983633518,17.019589479993993
0.9240671542938799,0.9923082280438393,0.7632166191469878,0.5560851732734591,0.8854398387484252,0.9026492980774492,0.16513457242399454,0.7300726217217743,0.46624640724621713,0.8076351422350854,14.529553616659388
0.13627832615748048,0.6597101723309606,0.16422813525423408,0.5141682995017618,0.520409923279658,0.2408745118882507,0.32200246397405863,0.19011784461326897,0.5017722179181874,0.4288724069483578,13.606893960018855
0.653533983277157,0.6327160699293017,0.4704093944747001,0.02826138329692185,0.23088613105937839,0.3459563597571105,0.05695105972699821,0.7782674292102456,0.17726355930790305,0.3535497230477631,12.332562916214012
0.6090216191951185,0.8089921686332673,0.1689562874380499,0.09545630076900125,0.4858392470050603,0.453446731204167,0.4533978099934757,0.28683273354545236,0.3531196464318782,0.17382043274119496,14.61711606143307
0.0772918020375073,0.7262100789230317,0.10827330965548754,0.7157944969367236,0.649693259736523,0.5286841560155153,0.4604720880743116,0.16486349957995117,0.3128691795282066,0.14019142743200064,15.070865447264268
0.20292201871052384,0.2802618173882365,0.31709718774072826,0.5554592481348664,0.7242510414216667,0.7551161819137633,0.9909825439099222,0.8890779726207256,0.2211429427843541,0.9315766419749707,11.682357055176027
0.5821062682662159,0.6669445778243244,0.3351720152422786,0.16690484387800097,0.6039453314151615,0.5261472119018435,0.42177427001297474,0.61347850644961,0.09486282663419843,0.7594230819959193,15.066603368631911
0.1767906693276018,0.10138207860291004,0.4841712701600045,0.6939475534018129,0.7357949095312506,0.6939103491604328,0.7140671964734793,0.7904503818135709,0.1043301357422024,0.5545101799070835,12.247336878666236
0.5589423016645014,0.2728850187268108,0.23601847956888378,0.4087155519519001,0.87155058584176,0.4153179165441543,0.3050280543975532,0.28027315880171955,0.07857239269651473,0.14548045652918518,15.430239930107726
0.6042329070623964,0.6819988784845918,0.8475650025065988,0.08784058759920299,0.5802623340860009,0.0968785819131881,0.19051301572471857,0.14103226969018579,0.23529000650160015,0.9059502559248358,15.357424848531116
0.1628541045356542,0.6179671266581863,0.8508236005436629,0.8060026648454368,0.20606141025200486,0.8333535932470113,0.48700923775322735,0.05893471511080861,0.5588637953624129,0.7118730382062495,15.530471688935599
0.732523474143818,0.8083647694438696,0.12116557359695435,0.08301076875068247,0.7229132696520537,0.8949210389982909,0.9283665269613266,0.7739085776265711,0.41691295662894845,0.5161209469661117,17.265621206386534
0.34443822456523776,0.7163358926773071,0.3181187442969531,0.44912002608180046,0.8468765919096768,0.918504711939022,0.6159579616505653,0.6865726446267217,0.46216057846322656,0.3726426986977458,17.86405784196966
0.31657222262583673,0.989069962175563,0.4480201832484454,0.531297231093049,0.6372142685577273,0.5796285360120237,0.2815483291633427,0.2136361044831574,0.07076154532842338,0.41479422501288354,17.374478629303525
0.8397591912653297,0.4169532279483974,0.7316225511021912,0.8186323621775955,0.7220160171855241,0.7743999168742448,0.07356155477464199,0.17163010383956134,0.9978486017789692,0.5812298124656081,21.64270529031085
0.0934726798441261,0.5950233715120703,0.0397739780601114,0.4788343471009284,0.049704075790941715,0.820724054472521,0.7971654185093939,0.7773936134763062,0.9977910304442048,0.0008719088509678841,9.561903404153945
0.8591902407351881,0.9229798333253711,0.2644083814229816,0.858687638072297,0.7642946257255971,0.5958822537213564,0.3504794982727617,0.6541205369867384,0.23945491993799806,0.6537391035817564,18.666382431406557
0.22993685025721788,0.8648629104718566,0.2342361866030842,0.19799334788694978,0.7259013412985951,0.9336312732193619,0.7674335886258632,0.4056448598857969,0.7407451113685966,0.8894007464405149,13.782912653981125
0.959398376988247,0.45811370853334665,0.492266733199358,0.9719561419915408,0.9112849009688944,0.7958518217783421,0.8743726774118841,0.12196001084521413,0.2574881026521325,0.1269473268184811,23.463866458111028
0.2727922173216939,0.9442918254062533,0.4139134348370135,0.49081938061863184,0.45774880424141884,0.15555815654806793,0.4164658554363996,0.8141007730737329,0.7211612199898809,0.690786991501227,17.082368880976823
0.6262364813592285,0.5311623949091882,0.76626066560857,0.5704363384284079,0.6843308105599135,0.4890304480213672,0.21336958650499582,0.3778973363805562,0.15160826942883432,0.6950409463606775,20.634159139772045
0.9582992179784924,0.1707008364610374,0.2043181974440813,0.4038064375054091,0.7614106752444059,0.9134162361733615,0.4054360054433346,0.5742973557207733,0.2172606021631509,0.11472485144622624,16.06088549703712
0.4727777319494635,0.4188793587964028,0.8179899419192225,0.5588281410746276,0.04576159850694239,0.732198154553771,0.9136425091419369,0.13150502275675535,0.5811449715401977,0.6250930516980588,12.2750814614193
0.9155820484738797,0.5271232048980892,0.05912672006525099,0.7939856247976422,0.48506229440681636,0.18269637343473732,0.22813703236170113,0.26007230510003865,0.0216796335298568,0.7889688736759126,25.40294534187515
0.2650433222297579,0.7440030344296247,0.8528247242793441,0.5534250813070685,0.07144841342233121,0.25143425399437547,0.010818903800100088,0.01997490762732923,0.42122547910548747,0.7145802024751902,15.721868222890237
0.6781204172875732,0.4817608301527798,0.08393409848213196,0.47091409796848893,0.726600187132135,0.6428141980431974,0.1907526624854654,0.33704336010850966,0.7837847378104925,0.8879910323303193,20.494023386651815
0.6463287915103137,0.7530231871642172,0.8101366437040269,0.9546392131596804,0.08653699024580419,0.5953567074611783,0.905364706646651,0.020687179872766137,0.11516496911644936,0.24248478165827692,21.257774105502595
0.5822402467019856,0.5531901849899441,0.7659539899323136,0.5623912424780428,0.43553631054237485,0.40635308297351,0.6288710762746632,0.5825317224953324,0.1309840597677976,0.2904005702584982,16.960865861793007
0.053555131889879704,0.5702362710144371,0.44194942410103977,0.4676815625280142,0.5747806837316602,0.0052429616916924715,0.11188354203477502,0.5096904821693897,0.7620717838872224,0.8811380716506392,8.189137365227065
0.6475851053837687,0.9669312762562186,0.17561533208936453,0.33848208258859813,0.16038344847038388,0.409885676112026,0.9936587149277329,0.019581867149099708,0.08507706760428846,0.8109676390886307,15.467157772044423
0.04446328361518681,0.5415958384983242,0.6092706718482077,0.0009883244056254625,0.9897255960386246,0.9825421816203743,0.6825218154117465,0.8167172714602202,0.049133317079395056,0.7270845179446042,6.582788536370711
0.4150147915352136,0.3727684502955526,0.4166656597517431,0.6379953394643962,0.8624524713959545,0.05906617152504623,0.038916696328669786,0.9747699867002666,0.07600994198583066,0.5731214524712414,15.409839682318106
0.3021776278037578,0.3580058750230819,0.41100076818838716,0.8588248679880053,0.3750041660387069,0.5678702690638602,0.8367004496976733,0.45408102846704423,0.31226737843826413,0.24208396021276712,12.473425275186061
0.35805526771582663,0.20427306811325252,0.9874784413259476,0.8848943326156586,0.3646266383584589,0.6027967124246061,0.9861542419530451,0.7825688766315579,0.7843035960104316,0.03079239814542234,18.112265126038867
0.4049025201238692,0.40706608234904706,0.955336541403085,0.5970927802845836,0.7487530142534524,0.7163019080180675,0.7367965045850724,0.9613990797661245,0.483868706272915,0.3327396248932928,17.57970498156348
0.1618458570446819,0.37342143151909113,0.9482506304048002,0.28665370936505497,0.7095262133516371,0.6702817983459681,0.44802480284124613,0.14641641359776258,0.4819833522196859,0.6925733839161694,13.323250462324648
0.777329221367836,0.9620556822046638,0.005208598915487528,0.8589694108814001,0.42376300995238125,0.7652021667454392,0.4727711889427155,0.5107214672025293,0.6449424019083381,0.16781781683675945,21.957972963330047
0.35759475780650973,0.5253343232907355,0.059203185606747866,0.9600849554408342,0.30745504540391266,0.06278258934617043,0.02344143227674067,0.3772555573377758,0.1688988609239459,0.8099732140544802,20.376978302738344
0.4703321368433535,0.0005878449883311987,0.28893770719878376,0.8001334979198873,0.07443710579536855,0.8065141902770847,0.9547567770350724,0.12461746111512184,0.10940219950862229,0.26689380034804344,9.278639386093019
0.2175567492377013,0.7832886788528413,0.9803685219958425,0.10879289009608328,0.2165956909302622,0.8071600769180804,0.29294117586687207,0.5490685412660241,0.18217038339935243,0.6009091013111174,12.601152701098508
0.905415611108765,7.429160177707672e-06,0.998178412206471,0.32798312697559595,0.7860609188210219,0.2968667212408036,0.5766648831777275,0.04923457745462656,0.5623121738899499,0.16650354932062328,12.597249299813708
0.16804815852083266,0.804423188790679,0.5653519742190838,0.5147852224763483,0.24066710425540805,0.13855215883813798,0.14006124739535153,0.3103556507267058,0.06843941914848983,0.915063489926979,11.995790939956741
0.25047505064867437,0.9105899462010711,0.10854066628962755,0.530221996596083,0.4724996092263609,0.30026952852495015,0.09102816972881556,0.47028948017396033,0.3741886094212532,0.5158504480496049,15.657895798110852
0.5859811722766608,0.7201294803526253,0.2657108888961375,0.6181594422087073,0.027767985127866268,0.23738766578026116,0.43301484594121575,0.27528399555012584,0.9475248348899186,0.3960789265111089,17.207968766545626
0.4137955957558006,0.33155943802557886,0.2224599295295775,0.980428418610245,0.00036919256672263145,0.962923725368455,0.4879247562494129,0.25201759790070355,0.6572572553995997,0.5622407395858318,15.221258246985167
0.9283947609364986,0.20758481952361763,0.6819316186010838,0.8769216414075345,0.3826177848968655,0.2991202403791249,0.5880402941256762,0.09943660884164274,0.9508725106716156,0.13690017070621252,16.365586575642553
0.849692962365225,0.9819392380304635,0.33723106142133474,0.23647197522222996,0.13313240511342883,0.14662393787875772,0.29301129234954715,0.8035177811980247,0.13695516297593713,0.007779029663652182,8.640653040154346
0.8865428171120584,0.17886417638510466,0.06557773449458182,0.7073385978583246,0.07378475274890661,0.03035784955136478,0.1140610568691045,0.8121798569336534,0.15853317570872605,0.30269796634092927,15.085016550062438
0.07948963134549558,0.16185844945721328,0.8661792946513742,0.5073743523098528,0.09077126020565629,0.9206998967565596,0.2113906240556389,0.6437878012657166,0.956654978916049,0.17255482426844537,10.014435626387884
0.6050177477300167,0.2534824158065021,0.46496442914940417,0.26144855027087033,0.8545027682557702,0.416790469083935,0.5531262604054064,0.2033350015990436,0.510197656461969,0.320261258399114,11.686849628984847
0.41561421542428434,0.8894778408575803,0.8880489110015333,0.8853485223371536,0.3232086170464754,0.5532868700101972,0.10805418295785785,0.4045861568301916,0.4488507197238505,0.8327427327167243,23.312492776487932
0.46869994420558214,0.739575560670346,0.6408092826604843,0.9360106033273041,0.883240582421422,0.716070099035278,0.5282628266140819,0.6831575063988566,0.4950916797388345,0.2367416440974921,23.96677315822882
0.2580507241655141,0.40447994135320187,0.5100364275276661,0.36055809538811445,0.8282166295684874,0.27359402389265597,0.7618793831206858,0.8611874496564269,0.36053792340680957,0.8586858212947845,11.83873685013982
0.18759348196908832,0.8587398680392653,0.6725986870005727,0.12190049700438976,0.6972203208133578,0.13030883786268532,0.6522885248996317,0.27777581196278334,0.2999476441182196,0.03750550257973373,10.427183381256201
0.7554650797974318,0.2365191881544888,0.5233301345724612,0.6881060788873583,0.2959316095802933,0.29015435348264873,0.39631026121787727,0.41951589146628976,0.26416233158670366,0.6549210965167731,15.786532555355258
0.6857464958447963,0.5679419573862106,0.6194032649509609,0.9473793262150139,0.7496869361493737,0.523003337206319,0.45132327848114073,0.3088390091434121,0.02206434728577733,0.2708842873107642,25.026224499325515
0.9776536889839917,0.04852132056839764,0.10713150957599282,0.9708082226570696,0.7685779645107687,0.8636952412780374,0.4383261960465461,0.13969907583668828,0.899176687002182,0.9338899923022836,17.280961714658062
0.14161962433718145,0.7622750522568822,0.18500553932972252,0.7511285520158708,0.5709789625834674,0.42286318028345704,0.4463749111164361,0.649889073567465,0.2540408878121525,0.938708633184433,16.68594363486042
0.5108147657010704,0.286857504863292,0.49427127093076706,0.15645935270003974,0.7025251016020775,0.1896942425519228,0.4052022092510015,0.9683873809408396,0.7877409977372736,0.3940962532069534,8.145472065512873
0.4578190320171416,0.029900166671723127,0.3503416439052671,0.20600388664752245,0.786186947952956,0.22831200808286667,0.8419688658323139,0.07459275191649795,0.08311370015144348,0.6325528586748987,6.524965045665834
0.47390060569159687,0.4192587223369628,0.988520854152739,0.1332000927068293,0.1327918057795614,0.8462725372519344,0.3542896397411823,0.48961471184156835,0.2543869442306459,0.8204849304165691,12.789310640460233
0.05013752868399024,0.874298251233995,0.7557975377421826,0.21808109106495976,0.07442244072444737,0.4100082570221275,0.7979794051498175,0.13542395900003612,0.48617488890886307,0.20627382677048445,4.6518519794013145
0.12287643295712769,0.08365226350724697,0.9251312846317887,0.35696543054655194,0.38657924672588706,0.019441425567492843,0.2998408321291208,0.31728781177662313,0.9736658758483827,0.5583193895872682,8.639922382873166
0.21641804580576718,0.5348918531090021,0.37225921591743827,0.7486388075631112,0.5306902665179223,0.6348397855181247,0.5076083100866526,0.2553231720812619,0.3913056873716414,0.790216667810455,13.808489101911311
0.9173051544930786,0.5916549286339432,0.081858976976946,0.4182897110003978,0.6051067237276584,0.024099977454170585,0.12401387724094093,0.9554964262060821,0.1405169980134815,0.7496120971627533,20.81448462402671
0.8380392855033278,0.312536631943658,0.11701085511595011,0.560380349168554,0.2757247290574014,0.47240939107723534,0.6099963029846549,0.9399590902030468,0.9831318729557097,0.370385255664587,17.049336882853027
0.544832143234089,0.7742733245249838,0.26002581138163805,0.09447755967266858,0.3134879369754344,0.8175868028774858,0.06439845520071685,0.9583666394464672,0.675616831285879,0.9234742869157344,13.1922021140399
0.17159428750164807,0.39246450760401785,0.6598987968172878,0.8311506677418947,0.26150201191194355,0.025638477643951774,0.9932785388082266,0.7965008453465998,0.8608565502800047,0.21771395555697381,11.834194489080426
0.7923123566433787,0.24667108128778636,0.403080677613616,0.885150728514418,0.205963549669832,0.5721264036837965,0.6594141365494579,0.4586991658434272,0.19171376270242035,0.001355601940304041,14.41724099606395
0.5538461999967694,0.1631887024268508,0.4933809901122004,0.917526972014457,0.6208339117001742,0.5428289189003408,0.39099690644070506,0.7482416287530214,0.7038277538958937,0.8441624601837248,14.416454036866556
0.890554667217657,0.029244420351460576,0.8643026084173471,0.4065952245146036,0.8606389646884054,0.40976340509951115,0.46385163301602006,0.5570423363242298,0.7925414040219039,0.7570000390987843,12.47130643830488
0.19728107145056129,0.238439429551363,0.7503381888382137,0.5589842521585524,0.7832555058412254,0.9702326573897153,0.20375660038553178,0.09367041871882975,0.46126949321478605,0.7493927306495607,12.355048672913535
0.7862556949257851,0.8521667825989425,0.38225936773233116,0.8508646914269775,0.17859452194534242,0.8869386569131166,0.8891450497321784,0.11465813941322267,0.5930984073784202,0.8239151865709573,19.330418765529707
0.45348781696520746,0.5950100335758179,0.8558071700390428,0.46023657778277993,0.5809720922261477,0.26635384769178927,0.3979944728780538,0.03552217595279217,0.17211242485791445,0.12778454506769776,16.999660097195495
0.49611960886977613,0.6668136029038578,0.8296641930937767,0.6105500382836908,0.7895671678707004,0.9892492152284831,0.8537188558839262,0.7573705762624741,0.7847354013938457,0.5137364447582513,22.026837178856358
0.3711090665310621,0.22905102837830782,0.3459137051831931,0.9090649101417512,0.8884878158569336,0.13848062325268984,0.015063546597957611,0.5781543259508908,0.20056915539316833,0.8247727968264371,16.933955961576324
0.9282013936899602,0.35276477388106287,0.4703171653673053,0.9799915042240173,0.34480780037119985,0.7937553911469877,0.7318587498739362,0.9703682959079742,0.6359080118127167,0.7016718238592148,18.383784575529827
0.7934197017457336,0.8954366077668965,0.8729433440603316,0.2423435803502798,0.41394036798737943,0.8370773554779589,0.35261308401823044,0.9021853299345821,0.7062284667044878,0.12752411072142422,16.65525214901069
0.6706940182484686,0.5549467620439827,0.957325738389045,0.36351910093799233,0.5660969787277281,0.47867607907392085,0.5571835085283965,0.4506734795868397,0.4736813185736537,0.31595802400261164,21.0003038208097
0.25493346992880106,0.47095055133104324,0.34705507033504546,0.3836699065286666,0.6419342863373458,0.3947267164476216,0.8482156628742814,0.9960298577789217,0.08435706957243383,0.9513175091706216,12.227466771920964
0.6232191331218928,0.29791432502679527,0.9627067076507956,0.7551268131937832,0.9591646641492844,0.8370072273537517,0.9683082895353436,0.9438704494386911,0.2960517765022814,0.8279783113393933,21.765987325138862
0.1615943091455847,0.28232657234184444,0.12926576915197074,0.9092071007471532,0.6478260594885796,0.7654043650254607,0.3631759041454643,0.08170475042425096,0.319625687552616,0.4778587019536644,16.296124204348555
0.5997170137707144,0.4500016407109797,0.043471063021570444,0.4442952726967633,0.17208011634647846,0.5644083044026047,0.08904226194135845,0.4145101495087147,0.07435356476344168,0.5796324622351676,16.14975394199876
0.9486431626137346,0.05276024341583252,0.2976638439577073,0.17376856575720012,0.6738989348523319,0.013231863966211677,0.9447048676665872,0.6140410359948874,0.5179565967991948,0.4240298585500568,8.12463360261622
0.42006541253067553,0.5036087948828936,0.7403274131938815,0.8494218357373029,0.5147971867118031,0.7191327437758446,0.1563616255298257,0.4873804091475904,0.8855801413301378,0.3294272085186094,18.464493554180095
0.9608227845747024,0.5736978112254292,0.141197738237679,0.809031224809587,0.7719338308088481,0.699065649881959,0.7842652965337038,0.29510050057433546,0.1269353828392923,0.45439061941578984,25.59950943473152
0.036777895176783204,0.17875926801934838,0.4152927447576076,0.0900414283387363,0.7751256073825061,0.0020338515751063824,0.6342008281499147,0.6728729824535549,0.5854737476911396,0.08141086040996015,6.571586222270127
0.6223921910859644,0.9017179422080517,0.15215077623724937,0.9261221983470023,0.5640717146452516,0.405180377420038,0.2731763895135373,0.49363694665953517,0.9473871763329953,0.7758469847030938,25.473957378216724
0.22922853124327958,0.04193609859794378,0.7577128019183874,0.5174686363898218,0.4459866154938936,0.46258152718655765,0.8423206720035523,0.641006767982617,0.7029398025479168,0.7203921915497631,9.278305425726044
0.22061115759424865,0.8230380839668214,0.5712091436143965,0.987563208444044,0.05169494287110865,0.2104122657328844,0.004255606327205896,0.12188856559805572,0.5739710011985153,0.3973808418959379,17.142862669843428
0.6364718975964934,0.003950174432247877,0.9419424165971577,0.5398650937713683,0.9541324141900986,0.7328616029117256,0.8611560633871704,0.39915067283436656,0.43642101320438087,0.8022647793404758,14.631215538819426
0.9086192003451288,0.797822164837271,0.9240452705416828,0.4208115835208446,0.15607711556367576,0.6043018887285143,0.8174337844830006,0.3271813227329403,0.5298563714604825,0.7060450336430222,16.565035388564155
0.5443871526513249,0.9618337894789875,0.31287173251621425,0.5371144427917898,0.4380258151795715,0.8065258807037026,0.9717162065207958,0.5696918396279216,0.70658411947079,0.32735541881993413,17.28057465171129
0.3269716294016689,0.9158032804261893,0.7235780963674188,0.1940310364589095,0.04603669815696776,0.3802767754532397,0.07258906518109143,0.5714035488199443,0.2119602516759187,0.48909221729263663,12.600691490392878
0.6314094795379788,0.48313468880951405,0.06688011181540787,0.22367313248105347,0.1706646967213601,0.45021571684628725,0.8096771077252924,0.34063944430090487,0.17876981617882848,0.44896126678213477,13.230208729355038
0.6931535508483648,0.3634369126521051,0.015840625390410423,0.3561334200203419,0.19762306683696806,0.5667276908643544,0.4709041453897953,0.8534722975455225,0.04395595099776983,0.44175159535370767,14.719346872187636
0.1718586552888155,0.4123105157632381,0.1774015431292355,0.9654643128160387,0.7688087532296777,0.7664612277876586,0.47459510108456016,0.9453889662399888,0.6846380515489727,0.3049124605022371,17.90367080725431
0.10454432317055762,0.8392346005421132,0.759822103427723,0.660945893265307,0.984195415629074,0.7083074846304953,0.0928722103126347,0.49931382294744253,0.2401013581547886,0.9741762864869088,15.588161120753455
0.454435583204031,0.1936953237745911,0.9812992757651955,0.8134119894821197,0.24163506273180246,0.7118147439323366,0.15853259060531855,0.24733286746777594,0.875197894172743,0.23252883809618652,15.933622324651235
0.1633622939698398,0.5652912512887269,0.9080759300850332,0.8276900304481387,0.05581905273720622,0.8708409159444273,0.3966611581854522,0.5338869509287179,0.7264465175103396,0.41913008294068277,14.739305286202573
0.23450810578651726,0.7946491558104753,0.9769392248708755,0.633515031542629,0.7354306865017861,0.27022446086630225,0.9143936233595014,0.1938949804753065,0.27402743021957576,0.5555537224281579,20.91303847352316
0.7805547136813402,0.8431619766633958,0.1759842641185969,0.09912527888081968,0.04104619543068111,0.5671250259038061,0.9085335223935544,0.06024527340196073,0.13330046157352626,0.6494228357914835,12.49812646562679
0.12777432170696557,0.38824047753587365,0.39947334793396294,0.6122905840165913,0.9798729559406638,0.812276538927108,0.7275938901584595,0.7398493108339608,0.8993069287389517,0.3748268918134272,14.090833910471657
0.2218501241877675,0.7264072985854,0.9209175230935216,0.13729175785556436,0.4317345975432545,0.8306747812312096,0.8392507068347186,0.802042415831238,0.38188543962314725,0.9447472679894418,10.743850300257213
0.110893948469311,0.6608145136851817,0.7812404586002231,0.7054291486274451,0.9851795046124607,0.5146059019025415,0.6672053667716682,0.5662232132162899,0.6306660308036953,0.3152914084494114,16.17015081979768
0.10431346180848777,0.01873326487839222,0.8644926880951971,0.9033871870487928,0.13639318873174489,0.518549807369709,0.5532198823057115,0.050372147001326084,0.01895697764120996,0.94630172313191,10.601834405125581
0.5434937479440123,0.9870568837504834,0.9558237551245838,0.5244633750990033,0.2184651659335941,0.7627732898108661,0.48094084137119353,0.10897725587710738,0.5225337503943592,0.7304218735080212,21.10780187659675
0.2329164131078869,0.960732257924974,0.37894200859591365,0.7390782211441547,0.7987667752895504,0.7927643470466137,0.662841311423108,0.995905649382621,0.5555234309285879,0.8069290784187615,18.684095207440915
0.48577652033418417,0.04525253502652049,0.29710035352036357,0.37476601637899876,0.7255887247156352,0.844685131451115,0.11695373896509409,0.46499036136083305,0.9085894876625389,0.45178945269435644,9.634146815371043
0.6471095215529203,0.3201888829935342,0.21164842718280852,0.49853931786492467,0.03905054181814194,0.43437675293534994,0.2706239349208772,0.7965875747613609,0.5453525402117521,0.6136788628064096,12.731278761897554
0.815237780334428,0.9329103732015938,0.04030592064373195,0.44869231060147285,0.17261892976239324,0.046376605750992894,0.5718630224000663,0.39166301116347313,0.11027238168753684,0.8543335839640349,16.87999731735659
0.08113542781211436,0.4910399317741394,0.18942613201215863,0.5686332338955253,0.11191966757178307,0.606913341442123,0.4062018587719649,0.6797610633075237,0.89922198606655,0.3494059951044619,7.468635706030936
0.05352786951698363,0.6086341107729822,0.10570986522361636,0.5036598981823772,0.6091039378661662,0.1537554138340056,0.6004224875941873,0.4023091602139175,0.6075640649069101,0.3602859645616263,11.01697347536347
0.5486668471712619,0.7100225370377302,0.0529382664244622,0.8543248290661722,0.07652760180644691,0.5373798997607082,0.5010968102142215,0.7260728774126619,0.7956445682793856,0.44422495807521045,22.06663097896677
0.10410958039574325,0.9182573691941798,0.7658092142082751,0.901419171364978,0.9794201131444424,0.20171621441841125,0.28141615143977106,0.8039627938997,0.8783240178599954,0.7649828980211169,19.30488620501189
0.3710134772118181,0.8282431750558317,0.7294039546977729,0.5713441732805222,0.0037124815862625837,0.6153828718233854,0.15877499501220882,0.1050583147443831,0.49329523788765073,0.9994133647996932,15.140926297444592
0.6735388862434775,0.6970977915916592,0.8168282208498567,0.05047578876838088,0.5792608584742993,0.19055131380446255,0.5348786395043135,0.3279760244768113,0.38188670156523585,0.944379507098347,17.250538007721165
0.2957614252809435,0.7507531044539064,0.10094580007717013,0.9723905059508979,0.8118304712697864,0.5556011896114796,0.35104021267034113,0.32779933139681816,0.883886712603271,0.4854080048389733,23.061812571559567
0.07391770649701357,0.717090601567179,0.66432592459023,0.6798836942762136,0.3880740993190557,0.564996246015653,0.15098735666833818,0.8573040466289967,0.026011778973042965,0.810875587631017,12.28797635599667
0.9503229837864637,0.1955368802882731,0.8122934461571276,0.3767159590497613,0.17859912035055459,0.7460530293174088,0.061311137629672885,0.9767649036366493,0.7831432330422103,0.5930611016228795,11.242551042110764
0.6793847675435245,0.8198788750451058,0.12951351236552,0.654895574785769,0.7369641640689224,0.049857035744935274,0.5482565057463944,0.38400099822320044,0.7972397548146546,0.11217888561077416,21.816234411860886
0.26758335530757904,0.027233259519562125,0.4300700530875474,0.7091389836277813,0.15326449391432106,0.3376894055400044,0.8157577945385128,0.85455003217794,0.8210161505267024,0.04688412300311029,8.451620792670475
0.5565411732532084,0.36147345905192196,0.04765853891149163,0.7919568172656,0.2745049537625164,0.7676477450877428,0.6730733932927251,0.07932420796714723,0.9728910373523831,0.6882363872136921,17.841917345219763
0.9705138206481934,0.6436174344271421,0.6277252093423158,0.4857455596793443,0.2470156925264746,0.6823684021364897,0.1601119665428996,0.4166916678659618,0.5639517959207296,0.7624361179769039,15.388276258927677
0.32989499089308083,0.20407524891197681,0.8631360540166497,0.5416441522538662,0.912159273866564,0.010652076220139861,0.5760169327259064,0.14996529300697148,0.660879083443433,0.9569385945796967,15.04437742391658
0.3088854565285146,0.6979164106305689,0.9678022600710392,0.0481376126408577,0.053549209143966436,0.9020914086140692,0.975752524100244,0.8983910009264946,0.48447018722072244,0.19007202563807368,11.292572586588548
0.40063495631329715,0.22520105936564505,0.947805707808584,0.6130120176821947,0.8332028074655682,0.9977083776611835,0.9363221933599561,0.6796653289347887,0.14996559149585664,0.3008526300545782,17.368997277706704
0.04661191627383232,0.08369923173449934,0.8184262500144541,0.9475070035550743,0.3712092705536634,0.27222199249081314,0.9309129938483238,0.12143398099578917,0.2141874493099749,0.07280955207534134,13.797598381582816
0.0013173758052289486,0.8582696649245918,0.9846909656189382,0.7214548629708588,0.18160053389146924,0.7918495927006006,0.7822271529585123,0.25625372934155166,0.7789341378957033,0.18588707013987005,13.37922497938593
0.4993529806379229,0.2424031642731279,0.04572930024005473,0.4696421881671995,0.8019916615448892,0.29987696558237076,0.22792505426332355,0.7921358204912394,0.5354123229626566,0.2795362980104983,18.01589783355057
0.43054689513519406,0.544354748679325,0.5750519384164363,0.695202800212428,0.0685182677116245,0.5722283835057169,0.06194618158042431,0.1171956064645201,0.003426791401579976,0.4465597211383283,14.477093570585314
0.17493689619004726,0.27302789757959545,0.7625856720842421,0.43081652210094035,0.5822572093456984,0.8701678309589624,0.7851264663040638,0.007540962193161249,0.07675193017348647,0.9475204944610596,9.202464798898742
0.7490836575161666,0.27701341500505805,0.9500745700206608,0.5851462604478002,0.39655033336021006,0.39986110129393637,0.7897685773205012,0.589885231340304,0.4414046462625265,0.471811426570639,16.163365030243682
0.4575800714083016,0.3712731711566448,0.04882809007540345,0.4860969844739884,0.3613873615395278,0.8199015676509589,0.804554499918595,0.8775558129418641,0.9001567659433931,0.47398002562113106,15.699100795953349
0.31478448235429823,0.3390032770112157,0.26484645949676633,0.7213504700921476,0.02831012988463044,0.07854369119741023,0.4565038133878261,0.002871274948120117,0.1964588314294815,0.6535889569204301,13.458445580343021
0.48240423761308193,0.5216414618771523,0.03886976162903011,0.5066480762325227,0.10269085667096078,0.9039506886620075,0.9711436131037772,0.9695859916973859,0.6365296058356762,0.14463271340355277,17.48868029836013
0.7302330024540424,0.8171095659490675,0.5259343800134957,0.8052226328290999,0.7244294092524797,0.38815615489147604,0.06798116490244865,0.48592111375182867,0.964079002616927,0.1220422531478107,20.951638903945636
0.21311645838432014,0.5023263697512448,0.16847818857058883,0.6892482079565525,0.36911332979798317,0.04767936933785677,0.1251235723029822,0.9971891816239804,0.2911624691914767,0.8948287495877594,14.836483387740463
0.3696525823324919,0.5467090669553727,0.9217204453889281,0.1934509079437703,0.729378460906446,0.4489490417763591,0.7620610734447837,0.7852249648422003,0.8604363375343382,0.5681882984936237,15.995675471111161
0.0447555489372462,0.11308751488104463,0.13052555127069354,0.7125001235399395,0.22567118215374649,0.701012175064534,0.5106966439634562,0.5607122811488807,0.02846039435826242,0.6822995792608708,10.003467619291275
0.1396121270954609,0.4893013492692262,0.5781103854533285,0.20168536738492548,0.09804121102206409,0.6855065929703414,0.16231414303183556,0.5538870608434081,0.4484344709198922,0.7828019259031862,3.2983666027456344
0.5255695204250515,0.746085894992575,0.9116901084780693,0.25773453526198864,0.646697198972106,0.9135769701097161,0.14562641503289342,0.47252187482081354,0.4631377225741744,0.2293442403897643,17.720966710087282
0.13792988820932806,0.01499446714296937,0.8807985852472484,0.020620704861357808,0.7155654372181743,0.9777705944143236,0.4443103759549558,0.009364085039123893,0.9948860052973032,0.13106434675864875,7.588246752449766
0.23878878145478666,0.7786555255297571,0.316834953147918,0.4615188406314701,0.3728660671040416,0.19431314035318792,0.5047178333625197,0.667283260030672,0.18678265949711204,0.91272131819278,13.316508892647102
0.9244606217835099,0.8860058821737766,0.3055224735289812,0.4470808419864625,0.2338510830886662,0.903079841285944,0.1281905632931739,0.0875110486522317,0.5237291732337326,0.9563755192793906,12.794652839460333
0.8728589119855314,0.4511114878114313,0.12689522095024586,0.22575028659775853,0.4074961240403354,0.18534396565519273,0.06518534361384809,0.14307157788425684,0.4077505082823336,0.23958859406411648,16.691340848663344
0.023394500371068716,0.48931724415160716,0.7708049872890115,0.9375815794337541,0.5698350176680833,0.9807453125249594,0.058427033480256796,0.8523913361132145,0.5949234657455236,0.7446581071708351,14.547783986743973
0.011419533286243677,0.1993123348802328,0.1919419087935239,0.6604408861603588,0.6865389046724886,0.40352942049503326,0.4548008122947067,0.14742705109529197,0.9867463812697679,0.11173385288566351,12.854228161725485
0.629870320437476,0.12309323996305466,0.31057071941904724,0.10194673063233495,0.17255759239196777,0.08025235310196877,0.6112075643613935,0.9895221542101353,0.043265883810818195,0.7295277293305844,5.314017846186064
0.7047179290093482,0.8729463985655457,0.2626219701487571,0.41389721422456205,0.5384011752903461,0.5609867747407407,0.11591204162687063,0.10425239661708474,0.6028348822146654,0.1025271755643189,17.086288153633642
0.2366794040426612,0.3941842170897871,0.9772819424979389,0.2891760775819421,0.38653720542788506,0.8514510388486087,0.24352137139067054,0.2711419693659991,0.11354326107539237,0.1581309644971043,11.924946434377858
0.1391965129878372,0.21761899860575795,0.4003989396151155,0.11104961507953703,0.15848123794421554,0.3164044553413987,0.2647786645684391,0.4944209430832416,0.7634035639930516,0.43520655925385654,4.5822688393992275
0.9806640043389052,0.3078740967903286,0.5888277422636747,0.09603795339353383,0.016595662338659167,0.7236042795702815,0.4549416620284319,0.5709870385471731,0.7519543305970728,0.0611603781580925,9.27839839247578
0.19168332405388355,0.17888717632740736,0.8097536026034504,0.9012185267638415,0.6467523670289665,0.15473683131858706,0.7127122604288161,0.806960036046803,0.8540408317930996,0.20551090012304485,15.090223148878344
0.2235913483891636,0.15756117599084973,0.2993981607723981,0.5123360513243824,0.25075554521754384,0.8030404285527766,0.12525416654534638,0.2563063798006624,0.1301026006694883,0.5816835137084126,7.925591899009425
0.10968890460208058,0.80421067844145,0.6571936851833016,0.7125015133060515,0.37660574610345066,0.008219390641897917,0.7563786180689931,0.6846732546109706,0.8478340778965503,0.7827915428206325,12.974021609325522
0.13991828123107553,0.5565893219318241,0.9790169962216169,0.374190425965935,0.8905187696218491,0.8894256704952568,0.5181601557414979,0.8703479950781912,0.3200891758315265,0.9845802313648164,16.028612010829846
0.8467567446641624,0.7436949936673045,0.3839735973160714,0.09816677612252533,0.28744236729107797,0.7187257916666567,0.3948902611155063,0.7031650107819587,0.5391870180610567,0.12185462447814643,14.233534911362854
0.8749708314426243,0.14933815691620111,0.5597931470256299,0.10622045304626226,0.4916696031577885,5.20399771630764e-05,0.6573206421453506,0.09681978565640748,0.34388221288099885,0.020684728864580393,7.519627095027292
0.48126008943654597,0.33608114696107805,0.7532478664070368,0.9933345483150333,0.03763238643296063,0.6619692682288587,0.6244476560968906,0.9812240283936262,0.5704627626109868,0.6228965246118605,15.778952018416415
0.5317771404515952,0.7000208313111216,0.859320530667901,0.10740609490312636,0.5603079525753856,0.559197812108323,0.09713236289098859,0.917390349553898,0.5946210219990462,0.7465503097046167,15.792878904093016
0.43130148365162313,0.5546660788822919,0.647214793600142,0.07449246593751013,0.46826059091836214,0.11273496341891587,0.07369750668294728,0.19916788232512772,0.681468227179721,0.259250609902665,10.759071633360849
0.8908330118283629,0.36888166959397495,0.3692546901293099,0.33471138239838183,0.08582594408653677,0.7595673161558807,0.7523534141946584,0.41892181034199893,0.805313732707873,0.5347159148659557,14.398523178066965
0.8245780882425606,0.9344970332458615,0.7926731267943978,0.9560779382009059,0.2563447509892285,0.08642046945169568,0.8292064892593771,0.1960082300938666,0.5600720657967031,0.6434643496759236,19.256133006070254
0.9902032206300646,0.5695985581260175,0.8170053812209517,0.10392924607731402,0.1702197715640068,0.41411583218723536,0.5467944166157395,0.339245131239295,0.33341755252331495,0.7643463790882379,13.925523496924287
0.8155007793102413,0.8693930164445192,0.8222101090941578,0.7352468799799681,0.5358117483556271,0.8928749826736748,0.9754516733810306,0.07043419475667179,0.3540326142683625,0.4017302244901657,19.701412428788217
0.8361273612827063,0.624468884896487,0.9280148448888212,0.5225827859248966,0.02500046929344535,0.5072694246191531,0.09945124853402376,0.45854864083230495,0.15237568318843842,0.532909152796492,21.28401817362095
0.9343214645050466,0.18138966686092317,0.06121571594849229,0.8527030861005187,0.22887566988356411,0.3202806261833757,0.8362598100211471,0.5236334668006748,0.06460105068981647,0.8585099137853831,17.472227758759896
0.18633861490525305,0.9695502810645849,0.1161047036293894,0.9268713314086199,0.7587419184856117,0.23045064765028656,0.4903802687767893,0.3482053307816386,0.5912347806151956,0.8910484663210809,20.47418756468551
0.3652163075748831,0.4388343177270144,0.7633455593604594,0.037583850556984544,0.08005910110659897,0.9871219941414893,0.7722803922370076,0.09068068908527493,0.33788025355897844,0.258998638484627,6.881917519370045
0.13128239917568862,0.20799234160222113,0.6987802516669035,0.7493097356054932,0.6310226221103221,0.5505723534151912,0.23075204226188362,0.8097172642592341,0.9601985863409936,0.31840598955750465,10.784416274990358
0.40954879275523126,0.3539560011122376,0.8791814388241619,0.78207100299187,0.7578470958396792,0.028224905487149954,0.06593170389533043,0.6641001896932721,0.48804297600872815,0.3612681261729449,20.575123729635514
0.0010479104239493608,0.619263561675325,0.5738207288086414,0.049438575049862266,0.8847843944095075,0.10876604658551514,0.05556516582146287,0.2438221664633602,0.8235354204662144,0.11550453607924283,5.133578444807766
0.7364631805103272,0.8269540728069842,0.18507536919787526,0.355718758655712,0.542283286806196,0.24909316818229854,0.1663677638862282,0.12022669636644423,0.8010197321418673,0.8543363104108721,17.35122278294812
0.4175855207722634,0.5261930993292481,0.9485535600688308,0.2903117430396378,0.5041974622290581,0.6585330611560494,0.5006939268205315,0.15391519898548722,0.08250989485532045,0.9456852481234819,15.580163459321604
0.10746710700914264,0.8428742606192827,0.5443097141105682,0.1612100126221776,0.6859410032629967,0.04493011930026114,0.4333419937174767,0.29288593935780227,0.8816629522480071,0.47919531469233334,7.881219671281265
0.3748185101430863,0.924366842256859,0.6968848071992397,0.8484283902216703,0.5074582481756806,0.014002031879499555,0.44032410834915936,0.609377718763426,0.7789480988867581,0.9923067349009216,22.5581620191234
0.29260086035355926,0.8100232407450676,0.4114409734029323,0.06440358655527234,0.9785552753601223,0.6520252567715943,0.8288767952471972,0.035392801044508815,0.6225193759892136,0.21509149041958153,12.917861536170562
0.9194652691949159,0.9164915459696203,0.036553274374455214,0.8490899938624352,0.9865804468281567,0.0012285567354410887,0.857619100715965,0.23686118889600039,0.3423004823271185,0.45416398136876523,20.732777447684345
0.7595216347835958,0.6156626380980015,0.3947586575523019,0.09091839310713112,0.9811542823445052,0.2987710894085467,0.1247245839331299,0.8685475578531623,0.3011276700999588,0.8736702678725123,16.67729817141513
0.48455922421999276,0.854814232327044,0.23377403733320534,0.7988669166807085,0.04371813661418855,0.9065136609133333,0.5627884236164391,0.2227582975756377,0.7634062105789781,0.9889467195607722,17.251345545628613
0.7737454273737967,0.38432585005648434,0.8106017275713384,0.5298433206044137,0.43530173716135323,0.6815454519819468,0.8910420667380095,0.4426248122472316,0.8747270186431706,0.3218399116303772,16.26795157532901
0.6049993967171758,0.0661561693996191,0.9631269590463489,0.9057278619147837,0.42022429779171944,0.6739180567674339,0.9290897706523538,0.7537877808790654,0.025664825458079576,0.5878280585166067,16.659042450378195
0.3752435245551169,0.517872104421258,0.01481221430003643,0.40030572400428355,0.390594843076542,0.727987814694643,0.16830755560658872,0.38996865996159613,0.18016545963473618,0.963557762093842,17.016063473634535
0.7768410895951092,0.4630052512511611,0.11205886770039797,0.44035385083407164,0.8928233487531543,0.8829822009429336,0.13119440735317767,0.0027421130798757076,0.09969983762130141,0.5691944307181984,21.728780222108426
0.29000106710009277,0.021447313018143177,0.38266873778775334,0.915882462868467,0.3927593887783587,0.2964246878400445,0.5466250858735293,0.7265803276095539,0.08837222028523684,0.2464565879199654,13.152769895034345
0.9824205590412021,0.2940853519830853,0.8281043616589159,0.32668486679904163,0.08795678894966841,0.4750787350349128,0.10467005358077586,0.8453692132607102,0.6855254645925015,0.3504435122013092,13.165200004779585
0.048834324814379215,0.6260727590415627,0.8012016662396491,0.4271705981809646,0.03751320135779679,0.32291787723079324,0.9242012531030923,0.2891510212793946,0.16915915859863162,0.9042667676694691,9.168516660590782
0.023768501123413444,0.5570423086173832,0.5227507632225752,0.8499560111667961,0.8984132360201329,0.18614986282773316,0.8161089872010052,0.4485334581695497,0.8714620221871883,0.9263779507018626,14.66409899253947
0.7720742865931243,0.25637786323204637,0.36086770449765027,0.9056299093645066,0.958231344120577,0.8935611322522163,0.24573906953446567,0.7050481904298067,0.6945877647958696,0.7471530402544886,18.865954207489857
0.532736168242991,0.7692429847083986,0.32215348561294377,0.5995476755779237,0.16010206658393145,0.10659368778578937,0.05045309220440686,0.09216870926320553,0.29248682921752334,0.22880928125232458,15.953151241069138
0.9226491705048829,0.8860122938640416,0.6573891986627132,0.0344434839207679,0.08431763760745525,0.8468960851896554,0.19582898798398674,0.6095342636108398,0.21679067378863692,0.7979169266764075,6.961268246767169
0.5010913910809904,0.5365522133652121,0.5156865564640611,0.6567346188239753,0.5953704651910812,0.9789149288553745,0.19267058093100786,0.16671803477220237,0.8792715547606349,0.4292395790107548,18.687115113655985
0.1680884410161525,0.11500802077353,0.7669753807131201,0.5067939173895866,0.3634828762151301,0.21448835008777678,0.03852609870955348,0.9045726200565696,0.6554729815106839,0.008756446884945035,7.480632385878611
0.09694565134122968,0.9156060758978128,0.9016961886081845,0.6546198374126107,0.9980333691928536,0.7538122488185763,0.7370277552399784,0.6553889962378889,0.7618795046582818,0.6789935089182109,17.20689264229878
0.5549047368112952,0.08572643087245524,0.07914446038194001,0.9923083519097418,0.3856261121109128,0.6389801213517785,0.4822560742031783,0.1358901192434132,0.30941921449266374,0.1037735992576927,16.961806751660642
0.9115231679752469,0.06337729189544916,0.062347553903236985,0.06630666507408023,0.15146810445003211,0.14245777484029531,0.4296207574661821,0.8367997880559415,0.5196857347618788,0.22706391452811658,6.39165010527444
0.09642805345356464,0.8587210525292903,0.3684770211111754,0.5735442203003913,0.8161499153356999,0.3094856694806367,0.9842827832326293,0.35140032274648547,0.7652073262725025,0.8807906364090741,13.752026904441449
0.5353044206276536,0.8908547030296177,0.9015183721203357,0.7150218221358955,0.4695352087728679,0.46356685971841216,0.10247969394549727,0.8703108893241733,0.0324865544680506,0.6062647090293467,23.514017735239225
0.5892972745932639,0.3597894632257521,0.16929039964452386,0.224929410032928,0.9844527563545853,0.024105906253680587,0.14575940021313727,0.6451465589925647,0.8674043843057007,0.23916683602146804,15.72170359263847
0.29422135069034994,0.7178117295261472,0.21282988833263516,0.44534038682468235,0.22879830840975046,0.7745772837661207,0.31578915542922914,0.9972915828693658,0.2359262073878199,0.16132523608393967,12.200409240654162
0.24565944471396506,0.929316375637427,0.934361674124375,0.8437495643738657,0.280954904621467,0.642557883867994,0.10650120093487203,0.7221983945928514,0.9826098917983472,0.8340612608008087,19.49099263732941
0.3249429876450449,0.5241783685050905,0.9020319413393736,0.8123247602488846,0.8623683333862573,0.4731015886645764,0.9676582680549473,0.8012952173594385,0.8337359761353582,0.6973394628148526,21.284897803183874
0.9156587272882462,0.7436157495249063,0.22146974923089147,0.016980212414637208,0.9231398976407945,0.38176836003549397,0.13788544572889805,0.37143632816150784,0.5639872793108225,0.18306820187717676,15.307362537378763
0.5558364321477711,0.22247844724915922,0.0560132407117635,0.7404024708084762,0.4867010577581823,0.9970886425580829,0.6041598960291594,0.6912455128040165,0.39590383670292795,0.6085825429763645,16.52901747770211
0.6279055655468255,0.6824394091963768,0.5822445880621672,0.853012987645343,0.27849732618778944,0.7536738025955856,0.04327157116495073,0.6335707870312035,0.7148455956485122,0.3861908493563533,21.08471989067798
0.13884311681613326,0.32674630638211966,0.24708930309861898,0.005702774040400982,0.596878148149699,0.0428836178034544,0.17117343773134053,0.00882411701604724,0.4965651771053672,0.9196804668754339,5.606483410359963
0.8518935816828161,0.5985256228595972,0.7502114262897521,0.6816281315404922,0.47785743372514844,0.33807641197927296,0.8979923431761563,0.2911782180890441,0.2936395111028105,0.9163383624982089,21.67939408445122
0.6170362106058747,0.27094091451726854,0.5749339540489018,0.8256381584797055,0.10000805486924946,0.3324652484152466,0.8495396270882338,0.23961643991060555,0.9788368176668882,0.6710955800954252,14.4822731392536
0.24038569163531065,0.050682408502325416,0.02882030140608549,0.6052757757715881,0.15118435607291758,0.6305824564769864,0.8043868115637451,0.26609454373829067,0.28977342415601015,0.6554542279336601,12.976903570686897
0.1642965478822589,0.37652395968325436,0.12608013860881329,0.1719392549712211,0.19657846773043275,0.8463561227545142,0.6347040717955679,0.6001249838154763,0.4935501420404762,0.9081453927792609,8.00556962815067
0.24816553946584463,0.9852654554415494,0.48211814370006323,0.45890462468378246,0.7910495132673532,0.9981525226030499,0.6445837391074747,0.36608089692890644,0.5683553195558488,0.5121663312893361,18.388097979538465
0.36962133063934743,0.18850576924160123,0.4975810390897095,0.1279440459329635,0.6898570402991027,0.9094638018868864,0.949885462410748,0.44704293622635305,0.9119136952795088,0.6183775975368917,5.66809549421556
0.37519782688468695,0.5722295974846929,0.9025870230980217,0.040752691915258765,0.7601013169623911,0.67791812797077,0.0931033540982753,0.6471414756961167,0.852743610739708,0.3552381698973477,12.193510077963136
0.15836450108326972,0.6110958228819072,0.4041820294223726,0.28160406509414315,0.7971885695587844,0.9706705147400498,0.2812193729914725,0.46765602147206664,0.8280328745022416,0.3883079618681222,11.48239356794526
0.10753401997499168,0.3168617095798254,0.8598705772310495,0.254504302283749,0.8148728339001536,0.7947421458084136,0.44688939675688744,0.24030836625024676,0.4479869408532977,0.13621880928985775,9.630959251317803
0.6318164826370776,0.41555369063280523,0.18142928485758603,0.8167996583506465,0.07863209908828139,0.7393011793028563,0.9630580386146903,0.21835160860791802,0.8743665574584156,0.28374921763315797,19.112185056032175
0.49203167809173465,0.048627792624756694,0.7303372053429484,0.1411481131799519,0.7553498127963394,0.45352266379632056,0.8059370242990553,0.5264338138513267,0.5161756409797817,0.5531930618453771,7.781864068919437
0.4681823863647878,0.4375780269037932,0.5862390941474587,0.8378154060337692,0.8057763755787164,0.9534393465146422,0.631554170511663,0.7428704251069576,0.558392392238602,0.46231754100881517,18.32748571052278
0.9679776369594038,0.48837526235729456,0.9413824893999845,0.9389703131746501,0.3534230478107929,0.47208780655637383,0.7331776602659374,0.37753508472815156,0.5993832973763347,0.9895307994447649,24.597606744762302
0.7837207396514714,0.5287012110929936,0.3321157426107675,0.4218394032213837,0.9878952100407332,0.6476521843578666,0.2626667672302574,0.20385231031104922,0.6574764244724065,0.5729061921592802,20.219785960779884
0.012934044934809208,0.8086149906739593,0.7279820437543094,0.1855698456056416,0.39021574635989964,0.6562255613971502,0.6589469970203936,0.06449300539679825,0.2670563079882413,0.6229057647287846,6.0711643228446475
0.6426979172974825,0.6260457434691489,0.07634816085919738,0.5468203925993294,0.5022988459095359,0.15179394278675318,0.25940139102749527,0.9086669895332307,0.48999677365645766,0.41524778539314866,20.63964136052351
0.8226546270307153,0.7214324339292943,0.4001170063856989,0.6008870953228325,0.828501719981432,0.5860606608912349,0.25358011084608734,0.6846464490517974,0.4741946642752737,0.2520118576940149,19.457710040298974
0.18334998982027173,0.31592014990746975,0.05659419531002641,0.18663209723308682,0.08875026227906346,0.48347099451348186,0.6760179158300161,0.5475425138138235,0.023143908940255642,0.23438959079794586,7.45348744802156
0.47817539190873504,0.6848246732261032,0.9582762196660042,0.7417948138900101,0.4496166908647865,0.011842656647786498,0.4060814776457846,0.5607001746539026,0.38157635019160807,0.23484477354213595,24.307331340981158
0.5894455555826426,0.6934393597766757,0.010630357079207897,0.7168206511996686,0.3074170211330056,0.6859416007064283,0.19809312233701348,0.29951225547119975,0.8913374606054276,0.08716878551058471,23.337548512921618
0.3268001878168434,0.542868024436757,0.16409130580723286,0.3363317099865526,0.6371160761918873,0.7383049784693867,0.5003439052961767,0.7126578551251441,0.1730540064163506,0.05709975981153548,12.855209784545234
0.47181196860037744,0.7653564373031259,0.21402899827808142,0.7322343306150287,0.242399015231058,0.4960154672153294,0.2540146193932742,0.011516669765114784,0.500170576153323,0.5255482031498104,18.42044938340755
0.9118511041160673,0.7978510321117938,0.7209301763214171,0.5292819153983146,0.09997613611631095,0.9282858164515346,0.24904543720185757,0.4852239799220115,0.8038257420994341,0.039199308725073934,14.808890811149118
0.502878392348066,0.02853405987843871,0.1969713568687439,0.3261995178181678,0.686454504262656,0.9128168094903231,0.6933196876198053,0.8531993960496038,0.2724730030167848,0.1998410983942449,9.777113456267402
0.1887226589024067,0.4920022420119494,0.7375491329003125,0.9977597496472299,0.1748701494652778,0.8492472684010863,0.6471866781357676,0.624144435627386,0.42463582078926265,0.9492258883547038,12.247433754207961
0.3756948420777917,0.9348514208104461,0.9198006258811802,0.653708494734019,0.3775309850461781,0.32040335168130696,0.11802736017853022,0.7841574740596116,0.8041446711868048,0.936757129849866,20.153903611256517
0.572679630946368,0.9059617074672133,0.8041242335457355,0.5481467067729682,0.833367126993835,0.5802702561486512,0.09550111507996917,0.9491809213068336,0.07948246714659035,0.214936348143965,21.607847463572647
0.7863836293108761,0.9395024366676807,0.1338367343414575,0.02746829786337912,0.5687767448835075,0.1148662178311497,0.049243103712797165,0.3275065952911973,0.05607963865622878,0.564524490153417,12.398676079942048
0.882350324653089,0.9515560520812869,0.11632877052761614,0.22885687672533095,0.6518739904277027,0.5133376740850508,0.8476733572315425,0.5679194470867515,0.5008982738945633,0.30504679027944803,14.225873662246586
0.18798818346112967,0.9990602759644389,0.9188431445509195,0.8576042491476983,0.6756337461993098,0.7769251363351941,0.7426140524912626,0.48723644739948213,0.38132370985113084,0.9024637341499329,21.359248355653616
0.4520232279319316,0.8548007817007601,0.8858803664334118,0.16928301379084587,0.3114763870835304,0.22478152764961123,0.9698798239696771,0.8163913865573704,0.3894084417261183,0.2360500532668084,17.135946313436087
0.1705639164429158,0.20463103731162846,0.32501865713857114,0.4641752785537392,0.5070398750249296,0.8798691115807742,0.7001445142086595,0.4386548532638699,0.23051600437611341,0.05335150915198028,7.450801686192967
0.9107906150165945,0.36607963661663234,0.27696790383197367,0.8640524800866842,0.5169660558458418,0.25082302861846983,0.1490285957697779,0.9346247669309378,0.4116595189552754,0.1859822787810117,23.977406967579537
0.7121647302992642,0.25771951163187623,0.9269374739378691,0.5256308950483799,0.7699148638639599,0.24412907962687314,0.15633862768299878,0.37208188767544925,0.43681754753924906,0.25321548408828676,19.10811057548455
0.2619378149975091,0.09634914551861584,0.5034296337980777,0.9449506986420602,0.7624067799188197,0.1257376568391919,0.24944983585737646,0.1339319150429219,0.8739202891010791,0.31524093030020595,13.996243081695395
0.9797856656368822,0.7003874825313687,0.8344159151893109,0.4511634479276836,0.2824968434870243,0.5030374005436897,0.658130147960037,0.5612988744396716,0.005488096037879586,0.865848321467638,16.517563694344254
0.8445463245734572,0.9512628098018467,0.7267062976025045,0.5681614151690155,0.21052692038938403,0.660847689025104,0.6144072557799518,0.995800718665123,0.9142419009003788,0.36054523359052837,12.10144465724926
0.3850219107698649,0.40943254600279033,0.4498964953236282,0.12650746828876436,0.3851539141032845,0.9619889380410314,0.1205875906161964,0.38444926403462887,0.7547800133470446,0.7593039590865374,7.798382355929238
0.9511723737232387,0.10638099047355354,0.6577522198203951,0.787154097110033,0.6662808677647263,0.2784637336153537,0.39317589183337986,0.5077904188074172,0.3819538389798254,0.8799036303535104,14.228510036528451
0.4767753172200173,0.13694710657000542,0.06077181687578559,0.17387354746460915,0.44544385909102857,0.35362593783065677,0.2385484476108104,0.0029746878426522017,0.4639698148239404,0.6626749569550157,7.767129755427003
0.7855478306300938,0.8510329895652831,0.7681209174916148,0.37497146031819284,0.6523936467710882,0.7437713674735278,0.10804591747000813,0.34466186980716884,0.15035686315968633,0.2733698261436075,17.55264656476226
0.26800930919125676,0.669789097039029,0.13730104849673808,0.23662510584108531,0.8332443635445088,0.8949983124621212,0.9610963189043105,0.057389328023418784,0.3460523060057312,0.9191568680107594,15.730994008138047
0.7193245613016188,0.07283758884295821,0.8940249516163021,0.9225554903969169,0.856512441765517,0.8336717502679676,0.9257358077447861,0.849476589821279,0.2748759782407433,0.23873673402704298,18.551878238605642
0.3333908189088106,0.45805274113081396,0.04175956477411091,0.8785870466381311,0.44536550296470523,0.06058967486023903,0.7826966431457549,0.9486117551568896,0.4100840841419995,0.4464939672034234,18.850573473594803
0.992826167261228,0.9111008869949728,0.21538675832562149,0.9219369937200099,0.9016904106829315,0.5630065111909062,0.018960343208163977,0.9353957681450993,0.8073257871437818,0.23568990593776107,16.831493285356654
0.7688126137945801,0.39351670327596366,0.6325063668191433,0.8581288948189467,0.1772559026721865,0.43057350371964276,0.8103946130722761,0.6009491635486484,0.060190239921212196,0.7030441169627011,17.722097515878527
0.08712676377035677,0.9895667547825724,0.3381320044863969,0.14255669922567904,0.7775285330135375,0.5466841757297516,0.9787146281450987,0.7739997452590615,0.9481180747970939,0.6970442864112556,10.003502927352832
0.3364353869110346,0.4799124011769891,0.531601452967152,0.6597621694672853,0.900173043133691,0.18462867988273501,0.4788386858999729,0.4790525776334107,0.8494442293886095,0.9413981272373348,16.28657281754624
0.9942379523999989,0.5569619399029762,0.7054859753698111,0.253623154014349,0.18594535696320236,0.2938147762324661,0.8633128199726343,0.5585966184735298,0.25874976930208504,0.33082303730770946,12.975350768267587
0.47729136515408754,0.9675348573364317,0.23022774513810873,0.7885155361145735,0.5881904892157763,0.3687386526726186,0.6340045379474759,0.8790828136261553,0.14015231700614095,0.06139948754571378,22.769140009304177
0.2935850606299937,0.623352310154587,0.52112871943973,0.1171210331376642,0.517624291125685,0.6965120285749435,0.8486427175812423,0.6369586614891887,0.16131027252413332,0.834887285484001,11.1787803383129
0.7287028909195215,0.5902759528253227,0.6218902722466737,0.7065786058083177,0.18751428951509297,0.20861738827079535,0.8099560304544866,0.7027761021163315,0.202534836018458,0.9303241318557411,18.080652597586216
0.3521218046080321,0.8619830787647516,0.6130883025471121,0.30782724474556744,0.6549043257255107,0.5854500241111964,0.1450410762336105,0.28439326328225434,0.08104424155317247,0.8885832808446139,13.90817918545193
0.5976375897880644,0.8294367433991283,0.869060899829492,0.6806809997651726,0.5211817482486367,0.9507719618268311,0.014604046242311597,0.40137519780546427,0.7472171883564442,0.9302070115227252,23.015633864641256
0.9603398069739342,0.21619120752438903,0.9682142636738718,0.06259040115401149,0.9879009234718978,0.3308787664864212,0.47495037177577615,0.04236660408787429,0.426272863522172,0.21032682503573596,14.419018176807246
0.6998784048482776,0.9178000050596893,0.11388224828988314,0.5914283904712647,0.9185128712560982,0.7019205461256206,0.8944386201910675,0.970275727333501,0.6297077443450689,0.9885807849932462,21.518314302994067
0.5240813745185733,0.3818176379427314,0.16580898500978947,0.03053549095056951,0.0023817310575395823,0.9828396148514003,0.189678315538913,0.872843130491674,0.5217111301608384,0.8906969265080988,8.31568344844591
0.6391499424353242,0.4119183565489948,0.6350980361457914,0.08788273250684142,0.6862271928694099,0.44517469545826316,0.007934174733236432,0.02609499217942357,0.9525598955806345,0.5253202929161489,12.324050211184447
0.8985561437439173,0.8682971161324531,0.17258999892510474,0.45423481869511306,0.8406210006214678,0.22956033563241363,0.023199104936793447,0.49022147874347866,0.4158883187919855,0.440116795245558,17.168370832688407
0.6055174067150801,0.6095662743318826,0.18545028381049633,0.7564887807238847,0.9920399629045278,0.8659218004904687,0.6740154370199889,0.5549519008491188,0.5377987462561578,0.022460021544247866,22.072086267308162
0.20532400906085968,0.0019016172736883163,0.16246225964277983,0.9564957551192492,0.41058158269152045,0.43713062768802047,0.4521087948232889,0.8256928375922143,0.9612943581305444,0.35535079427063465,11.003565153129111
0.24753310112282634,0.49776405980810523,0.7043856102973223,0.46246286015957594,0.5883415031712502,0.5773521778173745,0.8312381645664573,0.3973393717315048,0.9251007542479783,0.6955976777244359,13.774407932510687
0.5525582251138985,0.23953732335940003,0.8372759805060923,0.54285998782143,0.683099901303649,0.8105522296391428,0.21203289297409356,0.004100677091628313,0.8830345303285867,0.5828387634828687,16.23545369675564
0.2659640416968614,0.31073888833634555,0.39569789404049516,0.2697250449564308,0.439268468413502,0.7577566003892571,0.3243758687749505,0.4699420516844839,0.32016636361368,0.1123933291528374,8.201764770996958
0.6925531558226794,0.31007665605284274,0.24524691957049072,0.5225456315092742,0.13131680293008685,0.19525914499536157,0.6055290377698839,0.12378773931413889,0.33015491138212383,0.6785810929723084,13.222985268715526
0.13399267569184303,0.8562307383399457,0.5981512179132551,0.8900113217532635,0.49142934125848114,0.9414127874188125,0.22705771657638252,0.5489291700068861,0.2774288486689329,0.5746386267710477,14.6290093568084
0.5272741164080799,0.34367360291071236,0.7197083397768438,0.8383558678906411,0.6437894375994802,0.342667484190315,0.33966433838941157,0.7114796780515462,0.502434141933918,0.9036404243670404,18.69656262730981
0.5929201517719775,0.3252563865389675,0.8332560381386429,0.741623759502545,0.5674351172056049,0.030804759357124567,0.3455468520987779,0.7701497385278344,0.8996844545472413,0.25441498262807727,16.57855025023553
0.2478930107317865,0.4832775879185647,0.5253058408852667,0.5164236694108695,0.9615017552860081,0.04402497783303261,0.5696364918258041,0.6317948519717902,0.3632549892645329,0.4659118074923754,13.067530856197981
0.9139165258966386,0.8959664104040712,0.49952931492589414,0.3194658472202718,0.32466985867358744,0.5566480101551861,0.8284005967434496,0.40397929307073355,0.9689027247950435,0.6271169674582779,12.347175033768513
0.7775600273162127,0.932239513611421,0.6292189476080239,0.7857808794360608,0.6193951908499002,0.896631577052176,0.13941902271471918,0.04187486250884831,0.8631794755347073,0.7717880518175662,20.651998440413177
0.2345098126679659,0.5008787903934717,0.5141128050163388,0.7612486034631729,0.07356950454413891,0.08754410152323544,0.15844514151103795,0.7443096821662039,0.18285340489819646,0.8393487525172532,11.612489414607014
0.6125477044843137,0.23898908426053822,0.7342098015360534,0.26783639402128756,0.604784243972972,0.688710878835991,0.1400645268149674,0.13150346698239446,0.4554863516241312,0.4976007656659931,10.162516980099173
0.23994136089459062,0.6913080324884504,0.7427313751541078,0.9262647484429181,0.2689955460373312,0.9276002128608525,0.6852446005214006,0.13794015091843903,0.6056074067018926,0.8335031128954142,16.841988586926444
0.1469653167296201,0.5707408767193556,0.5778452949598432,0.9796245135366917,0.5414168084971607,0.7704578684642911,0.061588318552821875,0.411205911077559,0.021563852904364467,0.3625005518551916,14.581079357878627
0.5295901130884886,0.13148955162614584,0.08073421311564744,0.4966583359055221,0.23146871314384043,0.4060906912200153,0.39724663575179875,0.43943898705765605,0.6037833956070244,0.3563547255471349,11.01742078540065
0.5894965145271271,0.40656221797689795,0.7876383501570672,0.4554540973622352,0.7868652646429837,0.7961491942405701,0.44944745278917253,0.7513513485901058,0.3151018174830824,0.06186941149644554,15.553921698899709
0.6065138548146933,0.6674246934708208,0.3004209438804537,0.2885745312087238,0.9472054534126073,0.20717771351337433,0.950788137735799,0.36968984198756516,0.9503167360089719,0.03629265632480383,18.628832646483506
0.9768679686821997,0.08881018101237714,0.12573377694934607,0.46685295924544334,0.666663731681183,0.7154723205603659,0.5094897402450442,0.571209859335795,0.3227966877166182,0.16294471826404333,13.780619924653914
0.571590578649193,0.9790277837309986,0.13271378772333264,0.7733008803334087,0.45186160667799413,0.26729491632431746,0.31492904480546713,0.23602025536820292,0.9569984884001315,0.21850886545144022,22.925471664572676
0.6321584181860089,0.7630780916661024,0.7181398856919259,0.2145339995622635,0.3649145953822881,0.44564362871460617,0.6414047544822097,0.10993966250680387,0.3004970527254045,0.05388728016987443,13.378953249067786
0.8531771688722074,0.05182608892209828,0.7135001525748521,0.35979626583866775,0.40614202176220715,0.6447725617326796,0.9700545405503362,0.9421010159421712,0.09154625213705003,0.3223655824549496,8.09406597446812
0.33101104525849223,0.7178165423683822,0.7481990761589259,0.8714175384957343,0.4414554457180202,0.28631640993990004,0.13981084106490016,0.7098759992513806,0.36242605349980295,0.7688710677903146,19.524571031375533
0.8499397025443614,0.5170718291774392,0.7080601470079273,0.9305159465875477,0.8219978522974998,0.5168944981414825,0.785798147553578,0.8822007158305496,0.8220785090234131,0.2174411891028285,24.011019053679526
0.46703627170063555,0.39496991015039384,0.13268801756203175,0.3667384337168187,0.473813429242,0.35048630367964506,0.35464114928618073,0.2695111916400492,0.9976810773368925,0.3951262105256319,14.135731451898051
0.041785564040765166,0.4467546525411308,0.04414670285768807,0.12468643207103014,0.5346589263062924,0.41685118759050965,0.44055589009076357,0.10089484951458871,0.033885441487655044,0.20085996366105974,6.639174211125502
0.8857574153225869,0.1440628794953227,0.17395230080001056,0.9429708682000637,0.7992583215236664,0.12123337481170893,0.6936621072236449,0.2291821464896202,0.8860258827917278,0.3974368437193334,19.229190327370127
0.2155659068375826,0.6490621550474316,0.42446190514601767,0.19024267280474305,0.48093364434316754,0.48091971152462065,0.8714157012291253,0.5722614915575832,0.2766570330131799,0.9493389946874231,7.328216857170414
0.8572912202216685,0.4637684137560427,0.7795705280732363,0.773508264683187,0.4751227959059179,0.6570970606990159,0.7702107671648264,0.1975975229870528,0.8783214332070202,0.3858342089224607,20.942742084674503
0.8724964074790478,0.3229435095563531,0.2563744557555765,0.16162531217560172,0.2263912211637944,0.4523575350176543,0.544499026145786,0.2180506440345198,0.2832891570869833,0.08214082149788737,11.517218250083404
0.011169547447934747,0.40030778711661696,0.8585144858807325,0.6426583975553513,0.4589535042177886,0.8355040361639112,0.8659670755732805,0.524493690347299,0.2472499473951757,0.04143232386559248,11.41330204507742
0.24790934729389846,0.2553550647571683,0.5893206840846688,0.47885645600035787,0.8353415192104876,0.026776215061545372,0.851900526555255,0.54881308414042,0.6571617659647018,0.670434832572937,11.173463615096205
0.10444851382635534,0.48697547474876046,0.9092936997767538,0.9160940886940807,0.9481146086473018,0.45293557015247643,0.2809611882548779,0.5619988820981234,0.04664991167373955,0.3116292101331055,17.87455862951414
0.396804217947647,0.15862625720910728,0.11411652434617281,0.8927850665058941,0.71789381490089,0.8679748615249991,0.02619742415845394,0.4077948918566108,0.9045722298324108,0.4252035499084741,16.283509749381807
0.21734893647953868,0.3714504132512957,0.7932801854331046,0.44928552326746285,0.1398384424392134,0.7081998472567648,0.49682564777322114,0.33011495927348733,0.8027568401303142,0.17271494772285223,10.10248441664724
0.6109514012932777,0.4790600810665637,0.4554722458124161,0.9454108492936939,0.0637527103535831,0.6487776150461286,0.38119490910321474,0.5270680158864707,0.23811652977019548,0.6253126307856292,17.649672082894583
0.9715955439023674,0.039137698244303465,0.46325341844931245,0.45662907394580543,0.8671433934941888,0.5920678002294153,0.46519606304354966,0.7684894476551563,0.4590899059548974,0.9018666576594114,10.657334106323237
0.4541861868929118,0.9592278548516333,0.6072136799339205,0.15139613579958677,0.24005913408473134,0.7849485764745623,0.34103794232942164,0.1906106653623283,0.5243762684985995,0.7764019356109202,12.708779535969793
0.5706101045943797,0.30019107554107904,0.04906036285683513,0.11784424213692546,0.6049366500228643,0.14063662383705378,0.3362685148604214,0.3768738857470453,0.4138465274590999,0.6280857033561915,13.629569682492738
0.1255478768143803,0.33928553154692054,0.9117670522537082,0.4211830487474799,0.9436761233955622,0.9684492775704712,0.9872591462917626,0.49972506146878004,0.42680053948424757,0.7937103908043355,15.081318906853312
0.09729382302612066,0.0718480572104454,0.9814883673097938,0.7857909889426082,0.013245219131931663,0.4742221664637327,0.9974854066967964,0.1980042476207018,0.980274242348969,0.258619416737929,12.113318600583325
0.8326789964921772,0.3272473916877061,0.7157173589803278,0.7920625130645931,0.6759545940440148,0.860656522680074,0.703230980085209,0.38118712324649096,0.32257011625915766,0.5680043909233063,20.19738819674835
0.9293908127583563,0.6702843324746937,0.15087943361140788,0.049323427490890026,0.3390606876928359,0.8745894080493599,0.23539177188649774,0.9270895784720778,0.6341249286197126,0.32556615700013936,15.415887211130547
0.6461411602795124,0.5204453857149929,0.0628720719832927,0.39358788705430925,0.31200234848074615,0.44976897933520377,0.8801373650785536,0.6907645692117512,0.01851281733252108,0.7566703902557492,17.478058033346443
0.26267578382976353,0.022195744095370173,0.5540043783839792,0.4789117167238146,0.6006925676483661,0.5346184885129333,0.2871752411592752,0.9153135872911662,0.8932066250126809,0.5672332283575088,8.481682946209114
0.5371866535861045,0.24080427712760866,0.7887894960585982,0.6064061962533742,0.22021940792910755,0.09307310706935823,0.1114470362663269,0.35863896808587015,0.7108091709669679,0.22735702781938016,11.431218107965943
0.18200679193250835,0.5403726627118886,0.007345549063757062,0.4847490133251995,0.9212412957567722,0.33634342812001705,0.4075717267114669,0.5984594256151468,0.7747756347525865,0.23100348538719118,16.315716221354656
0.35881577734835446,0.3503380478359759,0.9436028082855046,0.338456658879295,0.5889898356981575,0.007252425653859973,0.9084511701948941,0.8806257902178913,0.2693247066345066,0.940607767784968,12.618717915464966
0.7495338914450258,0.7783274056855589,0.9956855056807399,0.04922892013564706,0.7102765457239002,0.8950379034504294,0.5165544180199504,0.8983321343548596,0.900989476358518,0.10716398991644382,19.488760713446613
0.6948518767021596,0.1908404075074941,0.6751415135804564,0.7908236775547266,0.10392374289222062,0.742238397244364,0.12076636147685349,0.029924077913165092,0.2587377617601305,0.596903475234285,14.080724763844488
0.09730869554914534,0.318220482673496,0.3695457282010466,0.4287972245365381,0.2017205753363669,0.12239915109239519,0.19535370473749936,0.42483394406735897,0.9367465830873698,0.10572717571631074,7.145034832820748
0.1742895352654159,0.5364691209979355,0.7532328693196177,0.6211150689050555,0.825720472028479,0.5518091062549502,0.9141831486485898,0.254736173665151,0.359962176065892,0.36846869881264865,13.455361734414373
0.6617089232895523,0.5489099144469947,0.18005821341648698,0.0790851719211787,0.05801912513561547,0.8330898014828563,0.01999794435687363,0.18788320664316416,0.29957575048319995,0.7089226329699159,12.83857098251889
0.11743519967421889,0.18937654071487486,0.9432660134043545,0.4825135536957532,0.8205548364203423,0.7731848505791277,0.38653928111307323,0.6456230473704636,0.3660459336824715,0.23235331987962127,12.572734641366802
0.13382069976069033,0.5621566870249808,0.7668959621805698,0.6090800226666033,0.1706658462062478,0.6313919858075678,0.6997987704817206,0.2558305128477514,0.188174159033224,0.5256523683201522,11.862534468061341
0.6203291753772646,0.5474633146077394,0.9553482769988477,0.002375826006755233,0.6098856686148793,0.3900697319768369,0.6735751663800329,0.43102867319248617,0.6289734593592584,0.8849323843605816,16.900066686384097
0.2464942573569715,0.20958781521767378,0.29741283459588885,0.6771507263183594,0.2979503027163446,0.571961048990488,0.22316536447033286,0.23087153397500515,0.4513609006535262,0.9463268611580133,10.54261926678435
0.5538495348300785,0.28990308684296906,0.4282613534014672,0.5525371741969138,0.9589001254644245,0.6017379858531058,0.6862997862044722,0.5879231593571603,0.9706683335825801,0.004879541927948594,14.335251298400811
0.6258323395159096,0.07264498597942293,0.25538012059405446,0.9948333911597729,0.313863730058074,0.9930786599870771,0.952759045176208,0.027303403476253152,0.001198567682877183,0.3359322960022837,15.09312228656616
0.7138417148962617,0.565588420489803,0.014903134666383266,0.49085050262510777,0.478607882745564,0.2647297375369817,0.8633127771317959,0.9704211633652449,0.199017898645252,0.9681790170725435,21.92000065670333
0.03267751028761268,0.707515029469505,0.9785954370163381,0.49113738839514554,0.9620790251065046,0.7149351385887712,0.7332172153983265,0.1363856280222535,0.2636030775029212,0.5757103092037141,16.679108029368127
0.739018022082746,0.5143680539913476,0.6341172610409558,0.7480363086797297,0.23611554154194891,0.35385247599333525,0.8311750807333738,0.3569715633057058,0.9798169152345508,0.6357059325091541,18.19728683843517
0.392223228700459,0.23160660453140736,0.6361616300418973,0.6836857623420656,0.9904209231026471,0.7326279631815851,0.5980722336098552,0.48963174829259515,0.8395689281169325,0.783598430454731,14.779263062252662
0.3102114980574697,0.22602993994951248,0.7150070599745959,0.08398811123333871,0.41559156938456,0.3502622281666845,0.17721509677357972,0.5031351186335087,0.20701285335235298,0.3799079458694905,7.669562498377143
0.8227463962975889,0.7889109393581748,0.8454236895777285,0.7359742897097021,0.9301790087483823,0.5823102896101773,0.18791059800423682,0.4173647116404027,0.3126191389746964,0.6256172202993184,23.343049703378725
0.9144754006993026,0.8563445080071688,0.9404099092353135,0.912486914312467,0.866816915338859,0.7014245009049773,0.4520527692511678,0.3473268556408584,0.8079071235843003,0.7549122541677207,25.797569415675724
0.25041593867354095,0.6810890794731677,0.8668616723734885,0.6889247845392674,0.040279587265104055,0.4881376817356795,0.9599538901820779,0.8266673563048244,0.20063722133636475,0.7529979278333485,14.739311644753247
0.5482262265868485,0.579401028342545,0.6575245351996273,0.5823070583865047,0.725159048801288,0.11950514651834965,0.3550853303167969,0.1395724501926452,0.47866692999377847,0.8478095447644591,19.73887926189908
0.7620148528367281,0.8326637132558972,0.15443653496913612,0.4347985393833369,0.9335096734575927,0.021763472352176905,0.49045892409048975,0.1704383937176317,0.43920111400075257,0.4298199210315943,20.52474203216079
0.6683047625701874,0.7628570927772671,0.550070937955752,0.6699407277628779,0.49092468642629683,0.9600100845564157,0.9552766701672226,0.8504693428985775,0.17222690768539906,0.05008896579965949,20.01044163881213
0.6127684786915779,0.9549688291735947,0.5623676471877843,0.1870596338994801,0.7279335495550185,0.7908904706127942,0.246381743112579,0.20028224447742105,0.590432528173551,0.9524739752523601,15.516743925531497
0.2757548049557954,0.7760547297075391,0.48173314961604774,0.8618669086135924,0.6756813309621066,0.36587157170288265,0.5669083541724831,0.755508475471288,0.7170167884323746,0.9521602059248835,19.36085404472819
0.5239398945122957,0.04515828168950975,0.3534289363306016,0.46317221713252366,0.8061604436952621,0.12597071123309433,0.6635679143946618,0.2680896930396557,0.6689682027790695,0.3693709580693394,10.799321595056936
0.49343178258277476,0.20768753509037197,0.7800608975812793,0.1683153121266514,0.3829017491079867,0.35271353647112846,0.45573863317258656,0.5932001846376806,0.05339665012434125,0.6606417866423726,9.013862831528547
0.2701755810994655,0.263478729641065,0.46531791938468814,0.09181620413437486,0.25923166307620704,0.3646924386266619,0.9227978982962668,0.15893574431538582,0.05860569956712425,0.25915454304777086,5.375103541934621
0.102605547523126,0.5950426575727761,0.6955363391898572,0.902584545314312,0.9553272379562259,0.6397810792550445,0.5063882495742291,0.2672764058224857,0.2435565225314349,0.3045865874737501,16.39155069550262
0.7809932897798717,0.58631820557639,0.889500834280625,0.07743822131305933,0.25380116957239807,0.5960045848041773,0.08392018335871398,0.002074561081826687,0.10806281422264874,0.11289961356669664,16.62386844308214
0.7376088623423129,0.43292895378544927,0.921050337376073,0.8166817941237241,0.4873694053385407,0.09799724048934877,0.31821854691952467,0.5786549930926412,0.15435568802058697,0.23143552243709564,22.92901092509553
0.8683165649417788,0.7254779732320458,0.40889161522500217,0.17819641530513763,0.17436817404814065,0.6708909620065242,0.19517764076590538,0.005165745737031102,0.12362783192656934,0.5843815049156547,12.606592585266945
0.3732003103941679,0.39978308556601405,0.5910684387199581,0.7372931230347604,0.9532085442915559,0.9329331477638334,0.6730759970378131,0.8437114390544593,0.8947824100032449,0.6417363442014903,17.08166680009794
0.2260483973659575,0.9382447658572346,0.6483317038509995,0.17446714756079018,0.24913888494484127,0.4029165569227189,0.43383291736245155,0.3370370324701071,0.07334844674915075,0.7773675094358623,10.156214400626997
0.3543103083502501,0.8950373141560704,0.5337722471449524,0.8323403005488217,0.48495625238865614,0.03701140847988427,0.1978920502588153,0.9258034811355174,0.002144266851246357,0.0668358146212995,20.07470954072812
0.7666288071777672,0.6538949583191425,0.9525485611520708,0.8126627514138818,0.47513182112015784,0.9750284359324723,0.25204359204508364,0.69798724190332,0.46527637797407806,0.5087023279629648,24.98208617163353
0.4567749919369817,0.19929327978752553,0.2167889524716884,0.8894144501537085,0.3897703110706061,0.1800491556059569,0.7779155934695154,0.7009563262108713,0.555812525562942,0.7867463240399957,14.797004793263707
0.012316716136410832,0.4211171066854149,0.336722293170169,0.9946654257364571,0.9162494065240026,0.7556549473665655,0.5610122221987695,0.7788635245524347,0.6544495655689389,0.3982283379882574,13.487938370782182
0.6886010013986379,0.7230148580856621,0.7440682454034686,0.4624354902189225,0.41320654517039657,0.9960020494181663,0.613607476465404,0.6990913981571794,0.8516033950727433,0.7322786406148225,17.24869626705601
0.6100540733896196,0.04472075938247144,0.8188410971779376,0.19494409416802227,0.761578714242205,0.05251896823756397,0.1963813602924347,0.6274573216214776,0.6959105727728456,0.4858591817319393,8.750453020431355
0.21935672243125737,0.7839075243100524,0.5020965537987649,0.7384961252100766,0.2701913749333471,0.6416946668177843,0.6167221297509968,0.5843617224600166,0.8622760972939432,0.16262752516195178,14.230702745467966
0.2650724505074322,0.9755711969919503,0.22839286155067384,0.8849224080331624,0.6927176134195179,0.3076489786617458,0.3528991509228945,0.7145068671088666,0.45456445310264826,0.6055122301913798,20.01595293207367
0.4410276466514915,0.39958419487811625,0.3393130674958229,0.8682463685981929,0.005582493729889393,0.23076257039792836,0.1330826971679926,0.00748637062497437,0.4645788688212633,0.596642539370805,14.901637535103564
0.35692840884439647,0.43133839243091643,0.46748001128435135,0.37652502255514264,0.3011030259076506,0.26548969419673085,0.9389914833009243,0.4489364845212549,0.5874036035966128,0.2813897819723934,11.66673069226584
0.15735964803025126,0.23476234823465347,0.34753777738660574,0.059564967174082994,0.19644393166527152,0.2231733372900635,0.8966790838167071,0.697136698057875,0.9897304649930447,0.8573132380843163,1.7428228024122308
0.720355719095096,0.23659813310950994,0.7936614311765879,0.9617505564820021,0.4723254353739321,0.6569578847847879,0.49332408769987524,0.23049008520320058,0.8359211513306946,0.997530534863472,18.646920924911978
0.6876697591505945,0.20556825795210898,0.5284892728086561,0.7512484302278608,0.7204477286431938,0.5146018627565354,0.36007863958366215,0.7965024516452104,0.4487000850494951,0.7406401636544615,14.645002772865357
0.04018203029409051,0.07369613996706903,0.32321213046088815,0.10171693027950823,0.747899062698707,0.09067584038712084,0.9473473611287773,0.25133635848760605,0.3356484763789922,0.019983815727755427,6.878105504714828
0.6611168445087969,0.9338211526628584,0.929785578744486,0.0318563322070986,0.18928728019818664,0.9129939102567732,0.08990193088538945,0.06078472547233105,0.6267917074728757,0.2328498347196728,13.910269414281071
0.6573299239389598,0.9935943838208914,0.8433305064681917,0.38158525060862303,0.12187605514191091,0.9449769277125597,0.4334939739201218,0.5621453132480383,0.9335040540900081,0.3591937709134072,13.825286528136937
0.17646227055229247,0.9089605419430882,0.5474234470166266,0.6672328803688288,0.8220746705774218,0.14257175289094448,0.9749542933423072,0.16193146584555507,0.5588171959389001,0.1913480127695948,14.681420039612892
0.6762242638505995,0.10878777038305998,0.7320709021296352,0.8450891706161201,0.8930205816868693,0.39168580435216427,0.907312142662704,0.32269322383217514,0.22258283803239465,0.45424704696051776,16.100223790690265
0.48468688782304525,0.6238526511006057,0.7818922246806324,0.9672784868162125,0.5298868592362851,0.29368903976865113,0.6164871675428003,0.19458507932722569,0.8893152142409235,0.8717116920743138,21.72611496002165
0.9478751444257796,0.24956092122010887,0.5761463395319879,0.36281014629639685,0.10643519484438002,0.9051791511010379,0.8635062037501484,0.8334860182367265,0.08298184000886977,0.10620621498674154,11.998342999584457
0.9160039271228015,0.047488725278526545,0.5422613047994673,0.1374100528191775,0.543399702757597,0.689508889336139,0.09662469080649316,0.702365240547806,0.6372095325496048,0.2797628799453378,3.3580176909045956
0.22542283846996725,0.40854978980496526,0.7016647455748171,0.05786078469827771,0.5820094398222864,0.14713327679783106,0.4143270687200129,0.5139225509483367,0.863424512790516,0.9282958027906716,6.01330843662854
0.8549521344248205,0.7842324026860297,0.28816714650020003,0.7252732249908149,0.6611492636147887,0.8475832934491336,0.6046404230874032,0.15863056317903101,0.04306498495861888,0.5265182652510703,20.23654111233102
0.34384412853978574,0.6107518272474408,0.4820227585732937,0.5000019094441086,0.16710104327648878,0.9938240200281143,0.15155057655647397,0.937511844560504,0.9682306917384267,0.19790074392221868,11.447543179018211
0.7589087435044348,0.0003367613535374403,0.23637235164642334,0.11010710103437304,0.2796985348686576,0.7011535081546754,0.41437015356495976,0.24428805685602129,0.6771422785241157,0.5526208954397589,3.9064627678463175
0.912801687605679,0.7430881655309349,0.6774419215507805,0.1502475468441844,0.46690061199478805,0.18080154061317444,0.7646539772395045,0.08118432271294296,0.28292311495169997,0.13784034457057714,13.985349463963445
0.5127360434271395,0.5241540311835706,0.7761080088093877,0.7359800005797297,0.37755137123167515,0.3008074974641204,0.28413364524021745,0.24997514975257218,0.5444829254411161,0.30695218965411186,19.03611838765356
0.6824730942025781,0.14960477710701525,0.25584371318109334,0.3556839057710022,0.6698069225531071,0.47151155420579016,0.13306145509704947,0.5209352076053619,0.6488522393628955,0.4645028568338603,10.601496168049646
0.2619133754633367,0.2873514820821583,0.7925641334149987,0.8089530838187784,0.3282515632454306,0.5648802232462913,0.26585967699065804,0.8194485881831497,0.4965682739857584,0.8007982335984707,14.299824835725573
0.7957527220714837,0.06359294941648841,0.1621842449530959,0.004782514646649361,0.23663584073074162,0.5222545429132879,0.2978681684471667,0.564629164757207,0.05627204105257988,0.3231785702519119,5.298104217710395
0.9825380046386272,0.8296361102256924,0.4826853219419718,0.31664872937835753,0.2669432992115617,0.6288671852089465,0.1759988081175834,0.6346875119488686,0.48744188714772463,0.8878340658266097,9.395711129913842
0.25539400218985975,0.12097884085960686,0.8415973677765578,0.4301379551179707,0.756919109961018,0.27659606118686497,0.22508158744312823,0.5959299644455314,0.7513034623116255,0.20194234000518918,11.336099247081902
0.3063462907448411,0.697987481020391,0.5268740344326943,0.9436878606211394,0.0766849524807185,0.7184155045542866,0.5016205094289035,0.38156968099065125,0.9070192100480199,0.13323927973397076,14.359706502964066
0.8806190718896687,0.5192541596479714,0.8842093162238598,0.046132989693433046,0.9308586141560227,0.793746154056862,0.8340527394320816,0.4959636318963021,0.4261157203000039,0.9921472864225507,19.064193378361395
0.4859265524428338,0.17002820898778737,0.6732665749732405,0.7808004391845316,0.0022310232743620872,0.2734119021333754,0.6524666573386639,0.9160584833007306,0.009965935256332159,0.22722155274823308,12.96303284511244
0.9616351060103625,0.3240885471459478,0.8556518869008869,0.8554956659208983,0.1190961399115622,0.09373602573759854,0.28219573153182864,0.7266691375989467,0.38652110379189253,0.4979862770996988,20.0368145128448
0.857395569095388,0.5648489787708968,0.42454475490376353,0.9050218060147017,0.25297271460294724,0.9946333409752697,0.5664916557725519,0.10882398672401905,0.6999602746218443,0.7142628997098655,21.002044549715098
0.46875656163319945,0.7352100869175047,0.21899914415553212,0.48932505398988724,0.973827661247924,0.41175407404080033,0.4214437622576952,0.14227576390840113,0.7747282290365547,0.07694252743385732,20.043173534654244
0.0654971010517329,0.11721225874498487,0.43486231146380305,0.7968196999281645,0.9056948849465698,0.36785711580887437,0.8612913351971656,0.7609225939959288,0.6581710882019252,0.6687696198932827,14.084594755865432
0.12792837130837142,0.8150677485391498,0.674722894327715,0.3794250909704715,0.3416098323650658,0.35045947367325425,0.4636213567573577,0.698247893480584,0.20327219972386956,0.3833310103509575,10.065128782319384
0.5928794390056282,0.5310377003625035,0.6671452925074846,0.15108017344027758,0.2570504085160792,0.7833219089079648,0.27483318769373,0.21097684861160815,0.372361148474738,0.9696238955948502,11.167639839687503
0.13090699794702232,0.3538500021677464,0.9295177629683167,0.06889478792436421,0.3869579113088548,0.14797685644589365,0.3219264801591635,0.32219531666487455,0.2653027579654008,0.07298271404579282,7.929037882384292
0.4320699688978493,0.8088678636122495,0.43489177408628166,0.6640093761961907,0.3359030799474567,0.2225628518499434,0.7174509349279106,0.09873425215482712,0.4030764701310545,0.9508937213104218,16.434902050385137
0.314930098131299,0.6452249803114682,0.6683184083085507,0.27766023366712034,0.6861828223336488,0.1779508157633245,0.3819388155825436,0.383031700970605,0.517116536386311,0.36652598227374256,11.397768071946256
0.029514164896681905,0.41620731190778315,0.5683027727063745,0.8340234593488276,0.5037732401397079,0.8064366953913122,0.5380705713760108,0.40400243923068047,0.6601932141929865,0.1287744054570794,11.638166893976685
0.36595006263814867,0.4487788921687752,0.892265539849177,0.9985137400217354,0.35083566629327834,0.012968828435987234,0.5212705705780536,0.7339846701361239,0.9393302989192307,0.7018247805535793,21.47342461361954
0.159238722641021,0.2863226719200611,0.29127498250454664,0.4613249630201608,0.7770553915761411,0.24156684475019574,0.07813742640428245,0.059749535052105784,0.00027114804834127426,0.8619144938420504,10.054625419589785
0.11748229619115591,0.7018158959690481,0.781520472606644,0.21271950588561594,0.0935727315954864,0.515663038007915,0.8931442757602781,0.9233525351155549,0.3962702131830156,0.631434858078137,7.898424102403608
0.6323866217862815,0.12369617470540106,0.5302946604788303,0.8282895802985877,0.866232103202492,0.11432477505877614,0.051158159505575895,0.15063593350350857,0.029151791241019964,0.06021660822443664,14.512621301588986
0.40240862988866866,0.4130151211284101,0.2719470963347703,0.7643352821469307,0.8192762851249427,0.883615028578788,0.17008195165544748,0.8749457485973835,0.6334990009199828,0.6257218641694635,17.26615161372848
0.43521137651987374,0.04666443890891969,0.8132608523592353,0.147207360714674,0.40045320242643356,0.47623309097252786,0.38931114645674825,0.981192083330825,0.26676080259494483,0.3935054042376578,5.744671658018718
0.7515929143410176,0.05483187478967011,0.5033055688254535,0.5409310851246119,0.35582859511487186,0.24859022232703865,0.8335550141055137,0.4241823176853359,0.19115467462688684,0.9360877694562078,10.407838296389752
0.19882039399817586,0.0035123401321470737,0.8105886939447373,0.1846882035024464,0.46049145446158946,0.7372036427259445,0.47688366612419486,0.3833269097376615,0.2530708268750459,0.1976428439375013,6.466463040690337
0.0040628795977681875,0.18043891852721572,0.5325015916023403,0.9543317419011146,0.7863763675559312,0.9568238719366491,0.2600760280620307,0.3796227846760303,0.7340761597733945,0.16588134784251451,13.882708579089298
0.7296845379751176,0.8386772370431572,0.48712397646158934,0.8620669122319669,0.18171608913689852,0.8673663046211004,0.6904927904251963,0.8744004138279706,0.49433453171513975,0.7024507541209459,18.627127842209326
0.8055215964559466,0.7087630168534815,0.2772765406407416,0.7329590579029173,0.16940538818016648,0.8459962555207312,0.4414461317937821,0.5148731926456094,0.06743082660250366,0.8376685827970505,19.743551489709574
0.4835207462310791,0.6092115587089211,0.9569605828728527,0.6267500519752502,0.4049850106239319,0.910142638720572,0.828688723500818,0.05924161057919264,0.806551962858066,0.5699808779172599,20.392876676067047
0.4646021493244916,0.4750619267579168,0.5073967191856354,0.9295894710812718,0.1929272513370961,0.26447406876832247,0.7599358011502773,0.16550645790994167,0.03060329519212246,0.644158479757607,18.9873866686015
0.2409054902382195,0.3047399609349668,0.9267984365578741,0.276987430639565,0.13767274632118642,0.3559740474447608,0.8743648568633944,0.5320873109158128,0.10553387925028801,0.6072636072058231,9.985937683140685
0.40519237890839577,0.13953740429133177,0.6886329913977534,0.3645163185428828,0.269944685511291,0.41621587751433253,0.7585454862564802,0.13553306856192648,0.28329705400392413,0.8503316808491945,7.747378747055496
0.46379856020212173,0.40940383914858103,0.60322010749951,0.8988890892360359,0.4822201603092253,0.0035759357269853354,0.6821436604950577,0.37319992831908166,0.9950156221166253,0.1468551412690431,17.086304938245547
0.710133547661826,0.016577546251937747,0.1140456476714462,0.07982115563936532,0.5551075735129416,0.3112810973543674,0.37726745125837624,0.7016157677862793,0.9200004532467574,0.1607549919281155,9.110572678810383
0.4993357239291072,0.03207058506086469,0.2709138833452016,0.7407446794677526,0.7206693321932107,0.5709619503468275,0.35569202550686896,0.01457435917109251,0.5887384184170514,0.331592422677204,12.083780235909039
0.8141411489341408,0.4296405010391027,0.4870955469086766,0.11774859414435923,0.9626803940627724,0.8941976604983211,0.6802267348393798,0.607441303320229,0.12480934523046017,0.48026003735139966,14.03002990155719
0.9472867087461054,0.08866635547019541,0.04903616476804018,0.6207055281847715,0.5787384985014796,0.2442491187248379,0.5353821681346744,0.687955477507785,0.26921639731153846,0.9284550794400275,15.90273114414198
0.57783222803846,0.02099263295531273,0.36576064047403634,0.6304625272750854,0.6222234887536615,0.6899071556981653,0.1046275938861072,0.08078900072723627,0.5806913569103926,0.4529415362048894,9.856557224903346
0.402152567403391,0.7373026590794325,0.8864476040471345,0.9925194506067783,0.9572476465255022,0.5572453960776329,0.2322810988407582,0.11816958687268198,0.43215478979982436,0.8004221087321639,25.47262732140697
0.016537008341401815,0.6064114302862436,0.8148888028226793,0.870933874277398,0.4282636248972267,0.8156383277382702,0.9580746139399707,0.30193391628563404,0.3193324077874422,0.1609003976918757,11.79096890727587
0.18156835506670177,0.3762809650506824,0.7724713911302388,0.4887279747053981,0.8859156358521432,0.057562575209885836,0.8872728287242353,0.7001582535449415,0.6729621631093323,0.547382416203618,13.126989236818147
0.4586953294929117,0.17363788420334458,0.268830084009096,0.05123559106141329,0.2061997230630368,0.8536064960062504,0.8401321321725845,0.9285091275814921,0.13988539134152234,0.9460096105467528,5.170216878518145
0.44315536972135305,0.38307267567142844,0.23524408508092165,0.43827620474621654,0.7704077900853008,0.4036957446951419,0.13256786949932575,0.8983589839190245,0.6787535708863288,0.1918424165342003,15.041375944747916
0.002125905593857169,0.13021097285673022,0.34480494377203286,0.9280751631595194,0.8044305848889053,0.7852231103461236,0.5900499429553747,0.9420132399536669,0.17355467518791556,0.08261290960945189,14.213725848487213
0.6601232127286494,0.650746954139322,0.7929700152017176,0.720023549394682,0.08869108720682561,0.9511790291871876,0.035493607399985194,0.30466103926301,0.05851201666519046,0.31900652684271336,17.920931057608783
0.6962874750606716,0.41186419781297445,0.20272720814682543,0.0678802935872227,0.09623603499494493,0.6275843644980341,0.23216312029398978,0.4335019011050463,0.05457454640418291,0.41858761152252555,10.352599440636695
0.9497929154895246,0.8706774830352515,0.3135806801728904,0.7697457249742001,0.0176382502540946,0.9109911909326911,0.8434496410191059,0.1463498235680163,0.06472090957686305,0.8660183940082788,13.186835141038555
0.836289914092049,0.03197747375816107,0.5245063970796764,0.5552520465571433,0.05633670836687088,0.9915718284901232,0.21554074226878583,0.37858617887832224,0.9533121208660305,0.5599544653669,7.426129960171389
0.39964524819515646,0.946466563269496,0.35858043539337814,0.6854243979323655,0.059196959249675274,0.881764727178961,0.27592537086457014,0.4731925157830119,0.23706415062770247,0.5592687060125172,16.11035227412211
0.5152911432087421,0.25745751336216927,0.7630356522276998,0.3408753254916519,0.37960327323526144,0.137448460329324,0.8934389939531684,0.31776609760709107,0.40465177642181516,0.9634871785528958,9.424730344960782
0.2144176629371941,0.8861511084251106,0.40954237640835345,0.024700090987607837,0.7183357723988593,0.11690038838423789,0.9744459551293403,0.05409908853471279,0.9898558880668133,0.9163634979631752,8.043882916884927
0.6262698655482382,0.22189453127793968,0.6962869656272233,0.9141107369214296,0.8599156653508544,0.6010794860776514,0.4697726471349597,0.9768037511967123,0.08470513368956745,0.2206963284406811,19.210069072237946
0.5157838668674231,0.831321548903361,0.8730390737764537,0.23147429758682847,0.8038937507662922,0.920303690014407,0.38201548997312784,0.5177239514887333,0.905997060239315,0.5999531759880483,19.096507983304196
0.956198433181271,0.41618251940235496,0.8186320613604039,0.19454558636061847,0.5049771282356232,0.19780233432538807,0.6317710329312831,0.2183873443864286,0.11799883074127138,0.643412317847833,15.371896799397804
0.2668856552336365,0.9365037134848535,0.34200484957545996,0.47664203913882375,0.6575912623666227,0.4433990605175495,0.5818835480604321,0.9879959390964359,0.06589313014410436,0.6115836687386036,15.801529713533393
0.40021548233926296,0.19382038386538625,0.8038425364065915,0.8571019903756678,0.6974508634302765,0.4566662081051618,0.29583762190304697,0.6404532487504184,0.2348485307302326,0.14519924600608647,13.448095820232675
0.3816712705884129,0.26283955248072743,0.20652492227964103,0.025201746728271246,0.7367321513593197,0.7506732633337379,0.524313279427588,0.8733759413007647,0.8262895159423351,0.8464290734846145,8.441466472882569
0.43239321932196617,0.3755361388903111,0.0731461273971945,0.05436925101093948,0.33363037882372737,0.02555121830664575,0.7938774649519473,0.34233289305120707,0.9418140454217792,0.3815521637443453,10.530676888453511
0.9073125547729433,0.8855178551748395,0.5641882794443518,0.9730142406187952,0.6419556399341673,0.10677625332027674,0.2920332970097661,0.96109216241166,0.5989972003735602,0.45780447078868747,18.012901810071522
0.7311199007090181,0.9237277854699641,0.6564224502071738,0.6640239572152495,0.6973319821991026,0.16765826591290534,0.4507904155179858,0.3196263855788857,0.4190808031708002,0.8996211953926831,19.08914362017945
0.11553722200915217,0.5329373539425433,0.7581848136615008,0.04966371413320303,0.33013772452250123,0.3320791246369481,0.4889303627423942,0.09011868783272803,0.6286429676692933,0.2291344420518726,4.742842177241269
0.706573975738138,0.34793061460368335,0.21949149738065898,0.8440707195550203,0.64013068145141,0.8702522825915366,0.9379030549898744,0.8787860337179154,0.926808562129736,0.4172314968891442,18.064104758219
0.7006767929997295,0.7883248867001384,0.25764909316785634,0.5828884812071919,0.7358594671823084,0.22563941054977477,0.20919374679215252,0.11191444424912333,0.5189090466592461,0.9889466117601842,21.14662233323636
0.7531635398045182,0.985429962631315,0.39179858658462763,0.7049819736275822,0.5572562965098768,0.8262802693061531,0.584547892678529,0.894309643888846,0.4475882190745324,0.7793510742485523,15.304564772580747
0.5868336281273514,0.8335366731043905,0.7717173458077013,0.47738420800305903,0.13508325954899192,0.31443555071018636,0.9062935637775809,0.14852041867561638,0.5508381733670831,0.05253894650377333,17.042150272100272
0.513696770183742,0.040604481007903814,0.6110192006453872,0.17402698728255928,0.14367999555543065,0.30739923915825784,0.5517017908859998,0.1945069304201752,0.44532413873821497,0.44962191116064787,3.3003363945841904
0.8844463066197932,0.8483906998299062,0.8024432305246592,0.7876242126803845,0.8940418080892414,0.6246782823000103,0.7276968082878739,0.5693719882983714,0.3533624263945967,0.753452296834439,21.88509795638255
0.9459043883252889,0.5079892056528479,0.5118248725775629,0.13687593420036137,0.4911897173151374,0.4324428429827094,0.6789042199961841,0.451983054401353,0.5537079996429384,0.019986089086160064,14.066400665924471
0.97997788595967,0.9721236904151738,0.9899438638240099,0.6716123344376683,0.3415647179353982,0.5842845172155648,0.7786147186998278,0.19471562909893692,0.021776727866381407,0.9193850497249514,15.21588224710694
0.5669187840539962,0.694278750801459,0.7180336902383715,0.9941305911634117,0.8172304215840995,0.36855939612723887,0.4479059448931366,0.7615599574055523,0.3981874701566994,0.020493745571002364,24.36019478017366
0.7009437659289688,0.7130358079448342,0.18776238057762384,0.8460822720080614,0.46022926829755306,0.9725800405722111,0.7962425658479333,0.21545655094087124,0.8708331463858485,0.5207120482809842,23.981013078324654
0.8596021716948599,0.054712601471692324,0.44900499656796455,0.7839793174061924,0.7638478667940944,0.9927929686382413,0.47723862319253385,0.8450590113643557,0.5437330545391887,0.5775491280946881,12.210034223489476
0.529479255899787,0.8209617158863693,0.05980330496095121,0.7598710663150996,0.603846238926053,0.7118725278414786,0.3072816214989871,0.8214220507070422,0.6988151369150728,0.848818336147815,24.44977866152797
0.746178824454546,0.13499728660099208,0.974783971440047,0.19643775117583573,0.7475355577189475,0.9336156905628741,0.7810543461237103,0.21689726039767265,0.4580472211819142,0.7965302132070065,13.345225990235566
0.3986307317391038,0.26791864121332765,0.3976282838266343,0.3685692804865539,0.20490805874578655,0.6497699115425348,0.6270180435385555,0.3482667065691203,0.27823782665655017,0.48293350357562304,10.756522627386644
0.030232517048716545,0.4755717816296965,0.8603687176946551,0.9358934196643531,0.8645543835591525,0.7559788720682263,0.4423943262081593,0.2274042593780905,0.9726680750027299,0.808244586456567,17.85864822502206
0.7582072131335735,0.46279320889152586,0.5502675147727132,0.3224327568896115,0.8650825778022408,0.5399099006317556,0.5078957977239043,0.036807587603107095,0.4522657128982246,0.5702867661602795,17.2675511504473
0.016612979117780924,0.05202763434499502,0.0871749825309962,0.5474891886115074,0.2916912033688277,0.613515600329265,0.912596418755129,0.7265129969455302,0.11030636657960713,0.36802137712948024,10.761469558428802
0.13581800926476717,0.05742185050621629,0.6726691427174956,0.32122100121341646,0.5120858796872199,0.33890110277570784,0.8165913997218013,0.10256560961715877,0.6054341359995306,0.14968989486806095,5.76644675550028
0.7867247881367803,0.4619539405684918,0.2964228205382824,0.24935772316530347,0.9794018329121172,0.9779945074114949,0.8335332183633,0.4744678505230695,0.2921199253760278,0.7558932062238455,16.78263332443716
0.6742306847590953,0.9772774011362344,0.8559387086424977,0.9292527087964118,0.49635038967244327,0.555721175391227,0.054258798249065876,0.5436517286580056,0.45508404495194554,0.31548849027603865,23.227918077700146
0.2702079969458282,0.24845981900580227,0.379174389410764,0.769883228931576,0.3519801462534815,0.5072533756028861,0.5000545145012438,0.4223807903472334,0.0013403752818703651,0.2071619585622102,13.06503859222661
0.8520535188727081,0.9705129377543926,0.8863262755330652,0.09991388907656074,0.5060298305470496,0.17754385340958834,0.09898744360543787,0.40491087082773447,0.6900877312291414,0.021681535290554166,11.505559234974553
0.682263967115432,0.9595972253009677,0.39957909495569766,0.42674327502027154,0.7419556400272995,0.08768445183522999,0.07853372069075704,0.5649254729505628,0.10777140478603542,0.778616837458685,17.288575579171503
0.0388118177652359,0.9648599110078067,0.43032724456861615,0.6062404825352132,0.24610587349161506,0.762078266358003,0.44608735060319304,0.14456848427653313,0.06377117312513292,0.26640290347859263,7.868597541653035
0.45651962142437696,0.7679850538261235,0.17920213448815048,0.6320722226519138,0.5607675383798778,0.3400849252939224,0.5492011576425284,0.22424719971604645,0.9835070222616196,0.020023113815113902,19.393816707710954
0.1779711686540395,0.8487262504640967,0.5628651066217571,0.1046403122600168,0.6229018429294229,0.8848237721249461,0.1943951826542616,0.7550127669237554,0.5946213703136891,0.6751717769075185,8.732943168476657
0.7335156418848783,0.8050869037397206,0.3487846537027508,0.6211755271069705,0.07500637322664261,0.6054897152353078,0.12340161902830005,0.03930071112699807,0.37481028866022825,0.5677031679078937,16.2368638029274
0.16610539914108813,0.8614557133987546,0.1412410365883261,0.7236118349246681,0.3505391855724156,0.20959705510176718,0.056394390761852264,0.6693885133136064,0.7157964820507914,0.83426558598876,16.176552610824714
0.661468849517405,0.9972841267008334,0.36317707714624703,0.15793562773615122,0.0911105580162257,0.7018346018157899,0.9481144591700286,0.04866472748108208,0.9948680659290403,0.7219901082571596,9.57231528212034
0.4113386571407318,0.16573243122547865,0.6956807551905513,0.9922497461084276,0.7024327155668288,0.576889454619959,0.23158312775194645,0.20385660277679563,0.14450362673960626,0.12515138764865696,18.589219316269986
0.18025297578424215,0.5392488960642368,0.8383690642658621,0.6159416025038809,0.7175202739890665,0.9683679575100541,0.6503255693241954,0.21277684764936566,0.8445060993544757,0.20065031293779612,14.834838128996765
0.16372482641600072,0.6373219075612724,0.5112127540633082,0.2522647827863693,0.5857404773123562,0.3700984022580087,0.22675883234478533,0.19598231255076826,0.5116542181931436,0.7712797985877842,8.539123107700247
0.17621547542512417,0.0737988909240812,0.6366808544844389,0.6767647040542215,0.5231887719128281,0.4889781349338591,0.26323273521848023,0.8447355546522886,0.06231819954700768,0.2731465846300125,11.273640178829899
0.14940826129168272,0.5644810835365206,0.8316774799022824,0.9057146734558046,0.49305507354438305,0.798512008972466,0.042961331782862544,0.3984380643814802,0.5873164124786854,0.9729429774452001,17.67741964871847
0.3275150281842798,0.09540973976254463,0.525365229928866,0.050933547085151076,0.9845791433472186,0.3290934143587947,0.9595605372451246,0.027059574611485004,0.35159243177622557,0.8559594568796456,6.65877237466164
0.972112936899066,0.504931392846629,0.8180703220423311,0.9689097814261913,0.876577319810167,0.13052586512640119,0.9311559260822833,0.3010826767422259,0.5857339340727776,0.5964695487637073,26.57649944387126
0.2840201617218554,0.9752605967223644,0.13424973655492067,0.00632757437415421,0.08781865471974015,0.8349557924084365,0.8998490597587079,0.82840317604132,0.7318461935501546,0.33356817881576717,9.982039120926487
0.3457674984820187,0.5015426287427545,0.772485070861876,0.6661136655602604,0.6434888802468777,0.23258507950231433,0.13098064251244068,0.9925202568992972,0.02601078967563808,0.5380049645900726,16.106279976749427
0.222374914214015,0.9265782635193318,0.9724712199531496,0.3901093702297658,0.560703560244292,0.9957370355259627,0.13459937018342316,0.7122990025673062,0.8324109816458076,0.5057603919412941,18.45792083451985
0.632433231221512,0.38094654958695173,0.27844923944212496,0.4636214906349778,0.26164904818870127,0.9844372652005404,0.6879879639018327,0.9632959321606904,0.09487792919389904,0.2542014529462904,13.557181327073215
0.6229173827450722,0.2939756419509649,0.35576405725441873,0.527318320935592,0.1534263037610799,0.706301506375894,0.9073365074582398,0.9039965274278075,0.3492274060845375,0.1193498617503792,10.314304102870304
0.6863339792471379,0.37247006385587156,0.11708942078985274,0.8096481810789555,0.4100376593414694,0.15396046568639576,0.8808822114951909,0.11478434689342976,0.5547443623654544,0.5663620382547379,20.907703008947458
0.8777014468796551,0.7549976790323853,0.3377554852049798,0.9446011197287589,0.6414801604114473,0.1584939700551331,0.4768601937685162,0.2636217442341149,0.9715110615361482,0.8558957995846868,21.619587804115604
0.678278123959899,0.32174171577207744,0.6298228385858238,0.35166668938472867,0.719442070228979,0.47229804983362556,0.010553741827607155,0.6977352756075561,0.04491120809689164,0.08342893095687032,11.760328464003635
0.7044394027907401,0.7696244299877435,0.6305859605781734,0.9528676862828434,0.7057788418605924,0.6062582477461547,0.6249188294168562,0.7846275684423745,0.6446174047887325,0.48400769219733775,24.295819198251795
0.29109870572574437,0.5408171378076077,0.6041480370331556,0.36471141991205513,0.7402216494083405,0.043252538656815886,0.5612054013181478,0.1573122579138726,0.7005125388968736,0.65094871702604,11.539752264428335
0.6437208200804889,0.9398050650488585,0.4092931079212576,0.5133350384421647,0.3233487890101969,0.4080849189776927,0.10660769627429545,0.7592349161859602,0.16733921505510807,0.0974069342482835,18.37222357793329
0.505425728391856,0.7992436571512371,0.9808627851307392,0.454125443007797,0.7658654116094112,0.23299571545794606,0.7754005696624517,0.05257217912003398,0.9627462248317897,0.6017670733854175,22.938880518387425
0.988007124280557,0.8316527337301522,0.3530662744306028,0.701201505260542,0.49129237444140017,0.6207646403927356,0.0973796530161053,0.0057327174581587315,0.8408110009040684,0.028067511739209294,14.652628188339236
0.05662059597671032,0.2979993005283177,0.6233337663579732,0.6894588880240917,0.6152082446496934,0.9517199147958308,0.8277697567828,0.23905059858225286,0.11446241242811084,0.8053691929671913,12.39381284744833
0.7641964710783213,0.14761168556287885,0.2034163405187428,0.6464784822892398,0.9354725850280374,0.10570935788564384,0.4444238969590515,0.47643014532513916,0.7992113612126559,0.9972214950248599,16.881867307907868
0.42886372399516404,0.7954660092946142,0.960265981964767,0.05139312823303044,0.9410306708887219,0.2347478058654815,0.07058432581834495,0.3018907231744379,0.5676655080169439,0.34103605267591774,17.891459453438582
0.7431425552349538,0.46248006727546453,0.5073316092602909,0.11572464182972908,0.7100699313450605,0.7666696154046804,0.06009888811968267,0.27482674759812653,0.9667565382551402,0.26969428663142025,13.312802775272761
0.8217479719314724,0.6526421594899148,0.16868840553797781,0.11762160598300397,0.8664675890468061,0.9382246637251228,0.41555692348629236,0.3530373414978385,0.6613695351406932,0.9689761663321406,18.111511930209396
0.17413887986913323,0.9750086781568825,0.10716876247897744,0.9281589351594448,0.13123672571964562,0.006038736552000046,0.9105874227825552,0.580345235299319,0.7120457296259701,0.16076911357231438,17.661246045236123
0.4456582679413259,0.3337773133534938,0.5466414347756654,0.7116850053425878,0.3997159118298441,0.5559828584082425,0.6448907086160034,0.9698573562782258,0.4507181369699538,0.05137430829927325,13.796155129351742
0.03919909778051078,0.14283404755406082,0.39121260214596987,0.9771316542755812,0.15580747742205858,0.1573039786890149,0.7801343670580536,0.3695612447336316,0.5735180135816336,0.8980811652727425,9.166337039140547
0.7491913291160017,0.3970598727464676,0.9051411889959127,0.8758339458145201,0.8733631675131619,0.5181582302320749,0.7531564249657094,0.5047302988823503,0.9519160278141499,0.010018826695159078,23.708738506299277
0.6117044629063457,0.43159530707634985,0.33768188464455307,0.31950399023480713,0.3281376122031361,0.0562180383130908,0.2694552156608552,0.6957633458077908,0.3371149825397879,0.9784066402353346,12.62259363299984
0.7817632192745805,0.729325532913208,0.2580304769799113,0.7997306862380356,0.7580305240117013,0.5354044542182237,0.05673176818527281,0.922423233743757,0.7972059017047286,0.18329260614700615,20.521993133824964
0.7094117295928299,0.16633777343668044,0.12748931418173015,0.22133334493264556,0.4904555329121649,0.2108922542538494,0.2785610477440059,0.7966457188595086,0.27832315932027996,0.8788043735548854,10.363238535700589
0.8532625138759613,0.10949165257625282,0.5381205717567354,0.9388048769906163,0.6235065169166774,0.1791950985789299,0.08585703186690807,0.581199596170336,0.30955622089095414,0.3497138924431056,15.561476778318605
0.7113057728856802,0.6948571444954723,0.23288200609385967,0.7784772925078869,0.3766011386178434,0.7987351485062391,0.7100568956229836,0.0832127770408988,0.2600135668180883,0.8499205673579127,21.84310098093668
0.8582000210881233,0.10453333472833037,0.502837905427441,0.8023215727880597,0.4736908217892051,0.7323754501994699,0.0795300065074116,0.05410148832015693,0.09339804528281093,0.6755412688944489,11.244675571393875
0.866289620520547,0.6889396214392036,0.27917217183858156,0.9301425379235297,0.0335740209557116,0.9630172478500754,0.024811013834550977,0.7257997237611562,0.3469417237211019,0.36935024452395737,19.46484789997491
0.8446891880594194,0.9425267723854631,0.682921099010855,0.4290482772048563,0.15168603183701634,0.1535565354861319,0.07633769162930548,0.7655923403799534,0.6227357166353613,0.5735352295450866,12.449372594088523
0.052853741217404604,0.09807939012534916,0.995523844147101,0.9163164829369634,0.846563135040924,0.9890103214420378,0.6712770068552345,0.07408789242617786,0.4129001088440418,0.14894180302508175,18.39109515081238
0.9863019371405244,0.4646518675144762,0.7015939028933644,0.7142291634809226,0.5215609520673752,0.17515118652954698,0.1433288911357522,0.8857099718879908,0.394902175758034,0.9918255906086415,20.86592301740982
0.059907261515036225,0.044199450640007854,0.4470171683933586,0.19247733405791223,0.9916628329083323,0.2571705139707774,0.014649412361904979,0.07466651103459299,0.937531610019505,0.8818312243092805,8.091053753035965
0.3862513406202197,0.319787914166227,0.8798183971084654,0.955883278278634,0.34916164563037455,0.07847670698538423,0.15167689556255937,0.7680905167944729,0.8272645270917565,0.5369994898792356,16.651431952022936
0.7675300198607147,0.04952785628847778,0.30162541824392974,0.9067568886093795,0.015184838557615876,0.7421535477042198,0.04569533187896013,0.007450264412909746,0.5344115858897567,0.42369030392728746,11.469291915050672
0.1270716581493616,0.09445398556999862,0.1946109861601144,0.8137601546477526,0.7780592238996178,0.9719543706160039,0.17116501135751605,0.40005391277372837,0.3919793942477554,0.9911118256859481,13.150691874771237
0.7631978462450206,0.5116143522318453,0.9476155701559037,0.7663612626492977,0.2732904020231217,0.35924187605269253,0.2518254411406815,0.9608284491114318,0.650589671684429,0.9425829972606152,23.070657268657875
0.3035608120262623,0.9161227287258953,0.6944472140166909,0.7064788572024554,0.7289128948468715,0.9917367591988295,0.2580420922022313,0.7869447059929371,0.6727234940044582,0.35040096170268953,19.54884340260843
0.7445970745757222,0.6774671927560121,0.5041990256868303,0.5607425745110959,0.12707631522789598,0.9564674473367631,0.6616296886932105,0.8413881391752511,0.9542886253912002,0.9827925635036081,15.563861215537486
0.4355722772888839,0.5778271236922592,0.57735883933492,0.11036675074137747,0.38360401010140777,0.31720895669423044,0.9365917530376464,0.4690563634503633,0.9369322950951755,0.3620465430431068,11.400318734521687
0.053383007645606995,0.19978061481378973,0.913673697039485,0.037508819717913866,0.4520061539951712,0.6798936780542135,0.2016373926308006,0.8266815764363855,0.9722812057007104,0.9160340384114534,6.903864919514651
0.674400856019929,0.7198127813171595,0.7083866121247411,0.884523932589218,0.16265889699570835,0.10158918425440788,0.2093768089544028,0.029302967712283134,0.237147759180516,0.18775987857952714,21.45349235430701
0.93976930831559,0.8875588602386415,0.5992396506480873,0.9370400211773813,0.11523878807201982,0.14968380914069712,0.567492984700948,0.7993360850960016,0.7726436038501561,0.5008050769101828,15.404572642607018
0.8980227212887257,0.8420489015989006,0.17611619480885565,0.09751093201339245,0.31031810864806175,0.8329965688753873,0.5832271652761847,0.25384363695047796,0.5084357550367713,0.11094219703227282,10.685191331469658
0.40115563361905515,0.9083287548273802,0.9895597223658115,0.18098374688997865,0.6402388988062739,0.2120508453808725,0.24062340962700546,0.6771847391501069,0.16436668415553868,0.22644533193670213,19.27197791019162
0.9636980982031673,0.39472555415704846,0.025128982262685895,0.5756816999055445,0.784777382388711,0.7537268984597176,0.880192533833906,0.7450137541163713,0.8595386322122067,0.8847004626877606,23.239286354067065
0.49480389384552836,0.4943327531218529,0.24032846023328602,0.28550001815892756,0.5491895463783294,0.17309987405315042,0.7595730894245207,0.1107892116997391,0.06185213616117835,0.9194046866614372,13.566032389828726
0.05893821478821337,0.06111414171755314,0.5146700507029891,0.9719747207127512,0.1994975812267512,0.5958425884600729,0.44251882564276457,0.1894650098402053,0.8076535209547728,0.7146338731981814,11.863040569847279
0.17976362234912813,0.21694483887404203,0.34276413661427796,0.33456296077929437,0.9149937704205513,0.48964925156906247,0.20045862346887589,0.3125790418125689,0.7672972567379475,0.6938056342769414,9.940647823117786
0.902924328809604,0.585954662412405,0.6554371693637222,0.8138951035216451,0.000992335844784975,0.2952628368511796,0.28665708424523473,0.9330709620844573,0.1788867642171681,0.6317205538507551,18.365967354367715
0.5072003884706646,0.8762389488983899,0.5305134379304945,0.9958870452828705,0.5951668138150126,0.6836402348708361,0.24867705279029906,0.036756610265001655,0.5946942581795156,0.22666198457591236,21.667231055143596
0.26978204725310206,0.15153117361478508,0.995121230604127,0.8819096833467484,0.6136489158961922,0.32806765125133097,0.29550628759898245,0.7507252206560224,0.21890903660096228,0.5888703414238989,17.265603900471884
0.30047934991307557,0.9676381403114647,0.20575064304284751,0.4243984231725335,0.8353480361402035,0.9261853175703436,0.5558083448559046,0.7110750852152705,0.031921407440677285,0.2578871129080653,16.852146252790025
0.9880502815358341,0.7457394227385521,0.9266601598355919,0.34545710240490735,0.31026754318736494,0.21665818197652698,0.6807609186507761,0.13402250967919827,0.20272812736220658,0.7040924136526883,16.651933240839686
0.5199403201695532,0.1030326122418046,0.21022797538898885,0.6940477327443659,0.3387103471904993,0.12277593114413321,0.5939741160254925,0.14530625264160335,0.192493419861421,0.9704240479040891,12.917330838993786
0.49266899563372135,0.5726289970334619,0.2510300523135811,0.39119142899289727,0.33045803429558873,0.6252730558626354,0.052973351906985044,0.16868594312109053,0.3806091684382409,0.9582388910930604,14.652159369065332
0.366926348535344,0.8491138513199985,0.8525145323947072,0.11307671526446939,0.6689851568080485,0.6563168629072607,0.9281787590589374,0.13821018324233592,0.3480691418517381,0.13269201572984457,16.541810736047303
0.9322138172574341,0.3165078137535602,0.05462930933572352,0.864227257668972,0.6153891796711832,0.06654588528908789,0.3891247818246484,0.6511751317884773,0.7003599992021918,0.6140473796986043,22.55825282870475
0.17116794106550515,0.4086398135405034,0.09414458996616304,0.43789943447336555,0.5494053051806986,0.8276430829428136,0.9104300690814853,0.7844797396101058,0.33983719744719565,0.039812729926779866,13.164073354513013
0.7106437343172729,0.8930633123964071,0.8971768920309842,0.18297855672426522,0.7472549383528531,0.5775665163528174,0.6541534520220011,0.22690180013887584,0.5760661852546036,0.6489362283609807,17.481155871841462
0.0633234556298703,0.31338075874373317,0.6132052273023874,0.46992659964598715,0.35223023616708815,0.13904773374088109,0.5025775199756026,0.4773497811984271,0.5096543789841235,0.5224579896312207,9.868880083021157
0.7732030914630741,0.6941530222538859,0.23941290425136685,0.5870064469054341,0.7525513751897961,0.16734666959382594,0.045054245041683316,0.12577895959839225,0.9995310406666249,0.38463559094816446,19.685674522774896
0.5018078233115375,0.23252829653210938,0.053824619855731726,0.8780775682535022,0.4324726408813149,0.32179634482599795,0.5208417279645801,0.3733362485654652,0.8400058371480554,0.982146090362221,19.742128339691916
0.6985568522941321,0.5896593830548227,0.4346406173426658,0.48207079200074077,0.004626058973371983,0.46626113867387176,0.4726130443159491,0.4593425798229873,0.891947370255366,0.5056350657250732,16.118177270175533
0.3521200534887612,0.19479071768000722,0.6427430049516261,0.5850168722681701,0.12741706520318985,0.9539001700468361,0.28443926060572267,0.9864551380742341,0.45944964000955224,0.8988282848149538,10.59509971374772
0.8585751524660736,0.06558148609474301,0.502183181932196,0.2224853269290179,0.39186027692630887,0.837154857814312,0.7835788165684789,0.10111964936368167,0.9060809866059572,0.06477405806072056,6.298651674001408
0.8317175146657974,0.7992497701197863,0.7431555923540145,0.9374250492546707,0.15516257588751614,0.19358260510489345,0.7769374398048967,0.11637271358631551,0.3202970235142857,0.913081226637587,20.315477683005174
0.3091665345709771,0.9508404557127506,0.1953104219865054,0.30754063045606017,0.6226190852466971,0.6495002729352564,0.25914014619775116,0.37122967815957963,0.41261161072179675,0.6230239446740597,15.520934153159418
0.22445174679160118,0.08926024404354393,0.4781161011196673,0.040594858350232244,0.07031539198942482,0.8636804062407464,0.05551406415179372,0.4996470620390028,0.8951528468169272,0.8623235223349184,2.29183181181902
0.9731556549668312,0.2515400154516101,0.9331772071309388,0.6010656580328941,0.4176313306670636,0.6534839177038521,0.2390359661076218,0.954941998468712,0.020303284749388695,0.9054050028789788,18.358371287611416
0.862736429553479,0.12414226238615811,0.9480285807512701,0.05089557683095336,0.44298332813195884,0.20912130270153284,0.5895697807427496,0.6841794671490788,0.2845573618542403,0.13675510766915977,8.279725936535934
0.02510642446577549,0.2342033269815147,0.6298870644532144,0.9841137563344091,0.4633249386679381,0.21530234371311963,0.12318709678947926,0.001602453412488103,0.11513655004091561,0.5412843986414373,12.352992420541666
0.5907946892548352,0.9475398240610957,0.09039144334383309,0.9005417006555945,0.5435645256657153,0.04309947625733912,0.14943672087974846,0.22524111974053085,0.6727986468467861,0.3286859802901745,24.97651990719403
0.2575903022661805,0.5509289624169469,0.4343412716407329,0.690402016742155,0.28252415847964585,0.6922694742679596,0.061490194173529744,0.31999718863517046,0.6151847739238292,0.8215824759099633,11.648254557337852
0.03884161310270429,0.12566855340264738,0.20772711979225278,0.9010578840970993,0.8380189635790884,0.8047649830114096,0.703381622210145,0.4702225683722645,0.2919323437381536,0.4171763230115175,14.79886222870001
0.9273064078297466,0.41740070609375834,0.6948581459000707,0.5837494118604809,0.6996949636377394,0.7299007982946932,0.7556667488534003,0.31995977251790464,0.14787354785948992,0.4674420994706452,19.83074985630163
0.6770932553336024,0.7931278676260263,0.13525684573687613,0.0798254320397973,0.39757517678663135,0.7677413548808545,0.7284448212012649,0.2601681861560792,0.7961360579356551,0.9945561920758337,14.136298577611171
0.06633137259632349,0.4719131572637707,0.005384497344493866,0.19690677477046847,0.9298283944372088,0.4367347783409059,0.8333490199875087,0.8663460426032543,0.9673873889259994,0.726361715933308,13.275815366925725
0.976527476683259,0.8914341446943581,0.3155485743191093,0.5258102270308882,0.31751721003092825,0.10707725398242474,0.08412714302539825,0.6343408590182662,0.3729362925514579,0.5609087948687375,10.952513734950907
0.18644164106808603,0.6888267593458295,0.8783653969876468,0.0545169657561928,0.2771093235351145,0.38232621480710804,0.5359828227665275,0.7500166287645698,0.33480992750264704,0.8871963890269399,9.802867902930164
0.4732727222144604,0.39664356177672744,0.4267180657479912,0.8021255603525788,0.14094030251726508,0.9996345306281,0.91243667434901,0.15480255358852446,0.9561955856624991,0.554527641274035,14.11497442745751
0.6502661034464836,0.751624007942155,0.829178781947121,0.43761472101323307,0.8239420051686466,0.9379569417797029,0.46146967355161905,0.3915390104521066,0.3501336816698313,0.9985061413608491,20.42939850412509
0.9793520835228264,0.8247846208978444,0.9372021674644202,0.9334556367248297,0.7720455341041088,0.7789491242729127,0.8756358872633427,0.8372154701501131,0.47154668369330466,0.7589046743232757,24.80994910172047
0.7956789450254291,0.9069639777299017,0.7738047139719129,0.1680399626493454,0.18487945315428078,0.3416904383338988,0.40165881835855544,0.2764946010429412,0.7100332516711205,0.974979731021449,12.791771962863427
0.6050575149711221,0.5029742098413408,0.3158921911381185,0.7318175109103322,0.6293693899642676,0.23257517092861235,0.919903114438057,0.2125412446912378,0.7735306448303163,0.37987614911980927,20.848821578383937
0.005196667276322842,0.3077123227994889,0.4443490987177938,0.04688533931039274,0.6141759087331593,0.017518051201477647,0.18607320403680205,0.23646318214014173,0.6190942293033004,0.7008808492682874,3.7588960749053393
0.503668567398563,0.780253040837124,0.4136044895276427,0.3770311747211963,0.08964432496577501,0.7614443083293736,0.07266244827769697,0.5643135255668312,0.7452511661686003,0.4533827400300652,14.812920060338648
0.46029028482735157,0.48080251598730683,0.23480107495561242,0.3343110731802881,0.4515264166984707,0.023696836549788713,0.3818643360864371,0.7911489098332822,0.4242969180922955,0.10922565637156367,14.161066208355233
0.04642151948064566,0.1910796849988401,0.6288072287570685,0.5883228913880885,0.16247885371558368,0.6876474395394325,0.44566239323467016,0.6412305880803615,0.8967049780767411,0.7903601604048163,7.609425800687363
0.6742144434247166,0.6934996196068823,0.6156285963952541,0.6460829328279942,0.4862570783589035,0.6294924195390195,0.9563224082812667,0.675419804174453,0.3807989405468106,0.14182318793609738,18.60172107764556
0.11241929419338703,0.705392740201205,0.5871867318637669,0.04929408500902355,0.08962391060777009,0.1499064874369651,0.4203345808200538,0.7124589604791254,0.15313873160630465,0.5447477127891034,2.6268580918665076
0.8892253555823117,0.11305952351540327,0.9162856196053326,0.4532165585551411,0.5265751772094518,0.8409498780965805,0.03868331131525338,0.18413963029161096,0.904073181329295,0.6206354422029108,13.682013898140324
0.56176807009615,0.3537038825452328,0.15134144551120698,0.32475466118194163,0.9293291398789734,0.689761251443997,0.9337681161705405,0.9713181178085506,0.8259360115043819,0.2922328095883131,16.229049045144937
0.17004063469357789,0.009207801194861531,0.4510268704034388,0.3797655755188316,0.14228308806195855,0.8625872088596225,0.58249531686306,0.45423111598938704,0.3437132507096976,0.6356316087767482,4.716647379857521
0.9533379266504198,0.14656290551647544,0.9264447414316237,0.9743861078750342,0.5764527339488268,0.3292845808900893,0.5606487502809614,0.2885103158187121,0.4604451507329941,0.778072533197701,20.783995305047295
0.47827002475969493,0.4130152207799256,0.6143073630519211,0.7246126323007047,0.9532178819645196,0.06565144681371748,0.2821890690829605,0.7664729356765747,0.6251330231316388,0.22479891311377287,17.185827331515178
0.7180382653605193,0.5964903747662902,0.23804151662625372,0.3193192433100194,0.1786016288679093,0.26601613918319345,0.24151604087091982,0.7303278537001461,0.6912723823916167,0.4062819089740515,13.47073477069611
0.6453288104385138,0.4594378781039268,0.45575257088057697,0.6745473265182227,0.649398424429819,0.42175836907699704,0.5817485412117094,0.7390942128840834,0.9011224322021008,0.13703551003709435,18.58465977372222
0.05421147495508194,0.004873647820204496,0.7235617225524038,0.6998465384822339,0.8497591349296272,0.41096064331941307,0.14915791642852128,0.0954628293402493,0.03314991598017514,0.9186108272988349,11.524328540061376
0.33802780299447477,0.5637078860308975,0.5658531202934682,0.7973287960048765,0.6908188585657626,0.24929960118606687,0.402467894135043,0.24429261102341115,0.9707920486107469,0.2774993365164846,16.989282293307017
0.3517769838217646,0.45309007354080677,0.1849613192025572,0.8826018983963877,0.25415163626894355,0.5853262071032077,0.906321951886639,0.718240880407393,0.2208863461855799,0.6473306566476822,17.14405667711936
0.5801649070344865,0.9365627411752939,0.4352941778488457,0.9630375420674682,0.6492833748925477,0.573617324931547,0.9240103992633522,0.29407726833596826,0.18445553118363023,0.6489373305812478,23.52674735319678
0.833290213951841,0.6045850252266973,0.22211457951925695,0.11739495466463268,0.7456896943040192,0.06199509673751891,0.6493601759430021,0.9829302688594908,0.2750148025806993,0.3465265166014433,16.65902676233312
0.9763053394854069,0.5387387769296765,0.4191826875321567,0.9106181832030416,0.3806777400895953,0.6061398556921631,0.45474636531434953,0.23769540758803487,0.09691588208079338,0.09278205246664584,20.79765873577323
0.19692365382798016,0.5049750450998545,0.9668000305537134,0.5964128577616066,0.7791793511714786,0.23247262393124402,0.8594271170441061,0.5022467395756394,0.6523583182133734,0.8124297873582691,18.279877512289936
0.4043064641300589,0.910972380079329,0.023521963274106383,0.8723448771052063,0.8143504348117858,0.7162295244634151,0.49374338728375733,0.24333108635619283,0.9574293941259384,0.5462409029714763,26.86040728901836
0.13818834256380796,0.2768881537485868,0.1517401256132871,0.5693091046996415,0.902576791588217,0.014929960714653134,0.20578647288493812,0.15043256478384137,0.34643745608627796,0.47301699966192245,13.744372393862166
0.35126490285620093,0.7062351470813155,0.8544045039452612,0.2801865248475224,0.12954486487433314,0.25247477157972753,0.4572275853715837,0.7800284654367715,0.5889020320028067,0.7036622031591833,12.079455882947011
0.5647940200287849,0.4751106083858758,0.31273391330614686,0.24036008678376675,0.5719987384509295,0.5686757999937981,0.5370149093214422,0.878217612626031,0.6536329237278551,0.31903186975978315,11.820637996590047
0.9402778497897089,0.9776917658746243,0.7334181002806872,0.606308660004288,0.6224207575432956,0.7407558732666075,0.0843615208286792,0.259468755684793,0.6095752792898566,0.870897478889674,14.366135148685657
0.5764639012049884,0.5869393856264651,0.9392456214409322,0.7809203455690295,0.26110251154750586,0.5326807165984064,0.9479673786554486,0.8927555044647306,0.5083901721518487,0.8374651961494237,22.071020264805053
0.36490522092208266,0.49334409297443926,0.8849653345532715,0.011100026313215494,0.8237966070882976,0.4052732535637915,0.5412433212623,0.3030458583962172,0.46110336505807936,0.9755704042036086,13.272910034778345
0.45910784346051514,0.5594739792868495,0.5558723409194499,0.5379310694988817,0.5171188716776669,0.6389280336443335,0.6425673083867878,0.22733230143785477,0.04898278834298253,0.821227494161576,14.934715333619739
0.45532037364318967,0.8475949331186712,0.4097670738119632,0.7649347179103643,0.7237104191444814,0.06104806624352932,0.7964226333424449,0.9581387660000473,0.307098391931504,0.4450554072391242,22.913108295312536
0.9144059689715505,0.7822294998914003,0.1207028622739017,0.19828127278015018,0.8903467485215515,0.1198015445843339,0.14000296965241432,0.41084792325273156,0.03395294724032283,0.6935134064406157,17.890630908360293
0.10388620384037495,0.15842492086812854,0.4527432951144874,0.6382775311358273,0.5638850331306458,0.16862510167993605,0.9319265980739146,0.6161058337893337,0.8427914469502866,0.8267558827064931,8.964971365394431
0.16978004155680537,0.1867504701949656,0.890354226808995,0.6138758731540293,0.8063002391718328,0.5010156228672713,0.22043525497429073,0.9469622015021741,0.0002705077640712261,0.10439406987279654,15.130237589936753
0.45140009722672403,0.4913521660491824,0.481641658116132,0.7683201748877764,0.30457043554633856,0.48294045706279576,0.6036669521126896,0.1511770924553275,0.536510435398668,0.8987877352628857,14.682873065591599
0.8867392148822546,0.2457580955233425,0.5319630787707865,0.7840743211563677,0.41019862866960466,0.6817016564309597,0.5005887197330594,0.42591240885667503,0.1596563863568008,0.8701485907658935,17.009217988942478
0.04277933086268604,0.3362474648747593,0.7654727261979133,0.2852600901387632,0.643758304649964,0.8820106920320541,0.1207328513264656,0.46115289255976677,0.5348534830845892,0.12313841213472188,8.1803461562576
0.7953588394448161,0.3738192920573056,0.6854852626565844,0.1499836987350136,0.7359395071398467,0.804158735089004,0.851755665615201,0.681276619201526,0.8712128098122776,0.7264433999080211,13.455412941902189
0.3301091550383717,0.9311614113394171,0.7754442251753062,0.608608573442325,0.14371663494966924,0.008287306409329176,0.7975575942546129,0.061935353092849255,0.946847832063213,0.6781479697674513,17.032659301934046
0.5985078378580511,0.8119165499228984,0.7359644973184913,0.06054149311967194,0.7242501825094223,0.19058410124853253,0.04499117750674486,0.03270228113979101,0.4282428410369903,0.12289360538125038,15.520686088350407
0.0261619808152318,0.6822752556763589,0.877472021849826,0.658524023834616,0.4929688947740942,0.1772900060750544,0.6948950169607997,0.3515466586686671,0.07537044887430966,0.8761869079899043,14.156081096544698
0.7160273271147162,0.026270381407812238,0.8105958017986268,0.8349340022541583,0.7988091297447681,0.022164649097248912,0.8550456261727959,0.7353496460709721,0.6565433326177299,0.8506155705545098,16.165487064603898
0.07019684696570039,0.8120410267729312,0.8674203392583877,0.6796077669132501,0.3844384809490293,0.3940486207138747,0.505370260681957,0.6262488460633904,0.9428838363382965,0.054612260311841965,13.518541523106549
0.4035114417783916,0.5283182931598276,0.4852396890055388,0.09203500556759536,0.9936344982124865,0.7770366675686091,0.6471550716087222,0.27847443567588925,0.7152213337831199,0.45264559355564415,11.74861017682807
0.16835887893103063,0.8808761548716575,0.24732768395915627,0.86319369985722,0.1919415076263249,0.4984257409814745,0.8194402623921633,0.6115678744390607,0.5853939906228334,0.029993945499882102,17.002440989948273
0.14252866432070732,0.33958733757026494,0.6604767446406186,0.6791953220963478,0.8383305501192808,0.23990441113710403,0.747856660047546,0.00474986364133656,0.12812271108850837,0.5913287415169179,14.760338263464375
0.9104850685689598,0.19799019093625247,0.46842619660310447,0.38375390763394535,0.7337349846493453,0.19269217341206968,0.7243816119153053,0.7604675288312137,0.40648845420219004,0.5744812074117362,13.221958932235417
0.9161604042164981,0.8623727906960994,0.5236732573248446,0.43208313337527215,0.47047176444903016,0.013419034890830517,0.6374276368878782,0.9481819551438093,0.5086448637302965,0.4268614703323692,12.415468334081847
0.06297959270887077,0.39252963569015265,0.125837518600747,0.40372567623853683,0.770285323727876,0.20647655939683318,0.9771038664039224,0.6768022372853011,0.011635008733719587,0.7923314115032554,11.073123776852897
0.12898923945613205,0.16218731948174536,0.09219249663874507,0.5358017506077886,0.771306982729584,0.2141421027481556,0.3851130155380815,0.7944648847915232,0.7099107964895666,0.2733665625564754,13.746540774674058
0.16965445899404585,0.6521340881008655,0.7028717207722366,0.5520545986946672,0.6855596622917801,0.4071030921768397,0.09752077353186905,0.07712814444676042,0.4444413995370269,0.28931946866214275,14.474894494232823
0.6777486412320286,0.8994473956990987,0.6097412731032819,0.10551758762449026,0.3443433193024248,0.46084254421293736,0.15174687304534018,0.07087368634529412,0.3947940142825246,0.43797547835856676,12.777049979260868
0.1330541183706373,0.5492806099355221,0.8841966479085386,0.8008536235429347,0.7177832897286862,0.8347958491649479,0.4308195828925818,0.19209004868753254,0.9960739978123456,0.3905892784241587,17.0884311933295
0.9852687094826251,0.6611167616210878,0.6603814011905342,0.6465720268897712,0.768198843114078,0.5639739751350135,0.1848732801154256,0.3106137637514621,0.3967023219447583,0.59274971508421,18.590578505917417
0.35912319319322705,0.9228884628973901,0.38177068857476115,0.801640814403072,0.835602659964934,0.7612846787087619,0.4476161659695208,0.6698117584455758,0.11112106847576797,0.8659490784630179,20.196953979101696
0.38263905863277614,0.6545342018362135,0.9609697656705976,0.976644471520558,0.7264297364745289,0.9950428982265294,0.15244474238716066,0.6868221203330904,0.9160869179759175,0.33589497464708984,25.005041758727803
0.21743613970465958,0.20623778738081455,0.21088971779681742,0.023587515112012625,0.16765940794721246,0.07892448431812227,0.6497005235869437,0.4903244823217392,0.11101698293350637,0.2014577053487301,4.435252874083243
0.6665278181899339,0.9527472495101392,0.0647390151862055,0.9624627691227943,0.6966885903384537,0.10025143413804471,0.5883100649807602,0.7819919476751238,0.46571977878920734,0.09379972773604095,26.387761325195388
0.8903277867939323,0.7807271322235465,0.7357140136882663,0.17475209827534854,0.07143722707405686,0.29212451935745776,0.6646181265823543,0.09952616994269192,0.6644792987499386,0.10756143252365291,10.329794121341962
0.8485408334527165,0.29714840720407665,0.12049699109047651,0.7005399665795267,0.1504539109300822,0.7408909627702087,0.7444889799226075,0.08950301795266569,0.874912689672783,0.9156252979300916,15.760987461001877
0.7183604792226106,0.39009118149988353,0.6897108159027994,0.5905615084338933,0.49646642804145813,0.9342881389893591,0.7903231680393219,0.23716390039771795,0.7951738794799894,0.07195201655849814,14.125295524579006
0.3581973519176245,0.28092601941898465,0.29872761759907007,0.3007473542820662,0.6272003590129316,0.3333794609643519,0.12103903666138649,0.9169176938012242,0.12443082430399954,0.21203245921060443,10.860400542620848
0.04424747661687434,0.9978585995268077,0.13000368140637875,0.41684795496985316,0.07058916846290231,0.34333317168056965,0.8524520271457732,0.10373592656105757,0.5520866704173386,0.11241626157425344,8.003837890936447
0.30317263840697706,0.9145012756343931,0.9424646780826151,0.5038286524359137,0.6778766987845302,0.7917026663199067,0.2645617302041501,0.6234480887651443,0.4029105706140399,0.00914122979156673,17.837648993835522
0.08983072428964078,0.5357192629016936,0.7254734330344945,0.0237432848662138,0.44666898949071765,0.7174509749747813,0.3959367200732231,0.09294144297018647,0.8257153343874961,0.38174206763505936,4.961071737512191
0.36526552587747574,0.45103371678851545,0.22727460344322026,0.5081693264655769,0.007501219632104039,0.9873860445804894,0.18957123765721917,0.0765291559509933,0.011874990537762642,0.7850164973642677,10.91993520419498
0.6139747849665582,0.12995400605723262,0.28448052261956036,0.02381232101470232,0.6701353695243597,0.171888881130144,0.09517969051375985,0.6204776898957789,0.04676176607608795,0.11890178453177214,6.457942606430432
0.7693981328047812,0.9053123740013689,0.378699516877532,0.7974113519303501,0.5855657355859876,0.886017540236935,0.4449922111816704,0.788055915851146,0.8473164376337081,0.24068487202748656,19.850954608294185
0.6474909593816847,0.7385374486912042,0.4161636547651142,0.33182441256940365,0.21193247102200985,0.3125757463276386,0.4086400927044451,0.9763387301936746,0.5487395899835974,0.6006304465699941,13.612938649182944
0.3255578903481364,0.8520937063731253,0.06970206857658923,0.33265094202943146,0.5300981914624572,0.17963153147138655,0.35749149043112993,0.9059315652120858,0.6192239867523313,0.45539560285396874,13.771672534507445
0.5856075675692409,0.6057171237189323,0.0768373932223767,0.24682356230914593,0.740955755347386,0.7302596603985876,0.42850624211132526,0.9418920406606048,0.3477765212301165,0.2173880294431001,19.001492134837903
0.05412390851415694,0.3423418868333101,0.5110858457628638,0.8871886734850705,0.3550784580875188,0.9892142531462014,0.7174000828526914,0.989437549142167,0.2572563490830362,0.4608552767895162,11.307298966648693
0.1955581153742969,0.49083459144458175,0.9793530823662877,0.6076794515829533,0.44611262530088425,0.6253511980175972,0.20046059438027442,0.3120859900955111,0.6117118275724351,0.8035516806412488,16.18743758641942
0.8196427926886827,0.028407856822013855,0.7419754520524293,0.7438175717834383,0.18514757207594812,0.7111871547531337,0.4221466442104429,0.12036949279718101,0.18100162292830646,0.17967730481177568,11.084476934600472
0.03703836048953235,0.05414024251513183,0.9670199807733297,0.04318698844872415,0.2882141638547182,0.6538078300654888,0.2686223203781992,0.5193109298124909,0.20419048611074686,0.14620378147810698,7.615405257875479
0.5612008697353303,0.866473434958607,0.14768080157227814,0.24924369622021914,0.6290553230792284,0.833971886197105,0.7517979275435209,0.1752392495982349,0.22649028548039496,0.473978313151747,19.18733973624109
0.8711603514384478,0.3532617080491036,0.14793025120161474,0.9018270410597324,0.5107971166726202,0.2468367055989802,0.9133079231251031,0.625324873952195,0.0029235745314508677,0.9735970080364496,22.430931357017418
0.6281678781379014,0.08337558503262699,0.2741595418192446,0.6771099877078086,0.5361807160079479,0.2392888581380248,0.5139737490098923,0.49196123611181974,0.008976164972409606,0.37193242995999753,13.632028628746552
0.5818843855522573,0.743321729823947,0.28475373797118664,0.5752449410501868,0.40488905599340796,0.4235165559221059,0.9394443091005087,0.47904219338670373,0.25553570641204715,0.3497015433385968,19.563158680780305
0.8790484853088856,0.24136266158893704,0.27880731457844377,0.5671484495978802,0.3742326684296131,0.1644473415799439,0.2550157888326794,0.9025230929255486,0.4995384570211172,0.9065225808881223,14.990454289199445
0.23345407145097852,0.4059272112790495,0.25214145705103874,0.7754708398133516,0.7288376693613827,0.10674474504776299,0.9510974483564496,0.10997591749764979,0.8402806702069938,0.9213379754219204,13.329879515280581
0.8677800949662924,0.3634076111484319,0.4505148690659553,0.16383708850480616,0.9571328549645841,0.07172791427001357,0.6461996713187546,0.8879207246936858,0.4698403680231422,0.5469537512399256,13.874229438507218
0.028396693523973227,0.03722205525264144,0.8730080246459693,0.2215173221193254,0.10203336458653212,0.48876507114619017,0.553582058288157,0.30380545905791223,0.2639832126442343,0.6393053799401969,4.484230169500306
0.7626933532301337,0.30766404257155955,0.47518950258381665,0.7575133237987757,0.35436839633621275,0.6740694954060018,0.40734578226692975,0.9315420819912106,0.5963896212633699,0.01570005784742534,14.857769164628067
0.5449791289865971,0.539240890648216,0.9287383605260402,0.6309083646629006,0.5034083330538124,0.5874438392929733,0.7144417415838689,0.19442978501319885,0.7464121801313013,0.21251424960792065,19.251883847283246
0.5838894506450742,0.18616580590605736,0.3136546569876373,0.6423063739202917,0.8246598970144987,0.5123208509758115,0.38288603723049164,0.3395983742084354,0.6440995309967548,0.7138583965133876,14.427924170556103
0.3488734655547887,0.05005447519943118,0.6372992258984596,0.8480061516165733,0.7304929685778916,0.15009473939426243,0.9354759508278221,0.21441644080914557,0.6937377415597439,0.8531493856571615,14.406801103133986
0.04881842411123216,0.3938341240864247,0.6692321568261832,0.3610527836717665,0.45213120826520026,0.3072976067196578,0.021486444864422083,0.7671002929564565,0.33584547112695873,0.5588413944933563,7.63397213053223
0.8311065398156643,0.3989790852647275,0.7597538493573666,0.8995988955721259,0.2606113727670163,0.9901874905917794,0.5705291635822505,0.7293175265658647,0.6287976196035743,0.5721090768929571,19.832904003360845
0.05340628698468208,0.49580753687769175,0.08279531495645642,0.8153822827152908,0.9244655896909535,0.4225006413180381,0.7750758838374168,0.12116858665831387,0.49207227071747184,0.6445820555090904,18.700415529484655
0.33547051646746695,0.33741516759619117,0.6770962614100426,0.8671483641956002,0.9958955543115735,0.8016064413823187,0.9573652453254908,0.07112085074186325,0.577829604037106,0.3938001573551446,17.190877039722857
0.13467315374873579,0.09802002878859639,0.4560916004702449,0.4281216259114444,0.500040189595893,0.385721537983045,0.5199926176574081,0.009225595742464066,0.16985624749213457,0.6845113644376397,7.567695066479211
0.2581246041227132,0.6006537594366819,0.5056711761280894,0.5934990183450282,0.6740653605666012,0.3731031862553209,0.2916762437671423,0.713345103431493,0.3293703382369131,0.16535526234656572,14.008012274572677
0.2862670829053968,0.425330811413005,0.5850984051357955,0.5176856850739568,0.4227698703762144,0.24310164130292833,0.4503995100967586,0.4530186243355274,0.6721194474957883,0.44113328331150115,10.420497783548784
0.4194309499580413,0.47146540391258895,0.4090964456554502,0.8197089547757059,0.574754387838766,0.1764254793524742,0.4692758824676275,0.24127604556269944,0.3670582773629576,0.11627638665959239,18.014366828060254
0.40847385372035205,0.9618799958843738,0.893589427927509,0.18050211179070175,0.9831693205051124,0.9864823133684695,0.2570945955812931,0.12487618671730161,0.38909655320458114,0.7422308444511145,18.188206532816984
0.4402129421941936,0.05609361524693668,0.38781870366074145,0.9210624580737203,0.19027402787469327,0.6082304059527814,0.8758786055259407,0.994843419874087,0.6856013138312846,0.4986476779449731,9.568143970816731
0.368012769613415,0.8422676248010248,0.7354868385009468,0.709053922444582,0.2774066240526736,0.2879965740721673,0.41082089208066463,0.21620621369220316,0.8568005375564098,0.40777869056910276,18.62340154863335
0.254565317183733,0.1135982268024236,0.42457114765420556,0.09336384432390332,0.9566359058953822,0.8609752801712602,0.8480826977174729,0.4302254405338317,0.8806237205862999,0.6174085491802543,7.872763847461172
0.36966089834459126,0.9288733098655939,0.5642444251570851,0.3411585537251085,0.16934145078994334,0.16436373768374324,0.087897825287655,0.42108303331770003,0.5006130030378699,0.3341521378606558,11.886902714506785
0.3345267118420452,0.9719938475172967,0.06220135954208672,0.6362949996255338,0.1365821361541748,0.0437473994679749,0.21084005502052605,0.8833977021276951,0.2254611577372998,0.5183227579109371,19.8728874405725
0.2255059506278485,0.19397523812949657,0.19957993016578257,0.2267650905996561,0.6440347847528756,0.5784469472710043,0.41564387921243906,0.31354842125438154,0.8817700853105634,0.7336887829005718,9.7612077098671
0.2002842710353434,0.8510132196824998,0.921704810578376,0.8769263799767941,0.1989385092165321,0.8220853137318045,0.6610511478502303,0.8384297010488808,0.9264711991418153,0.0951998580712825,19.104970020130704
0.4559820138383657,0.0013980986550450325,0.4008216590154916,0.9082748682703823,0.14648054214194417,0.6087823808193207,0.21106292447075248,0.013185648480430245,0.3974261633120477,0.09679972962476313,9.525915845163441
0.415203619049862,0.0504101631231606,0.5090754146222025,0.7606511204503477,0.9112199954688549,0.3601023012306541,0.6634848993271589,0.5615254945587367,0.22351422952488065,0.8201385112479329,15.584763813007614
0.17474446399137378,0.5850494806654751,0.9390453519299626,0.7093746906612068,0.44458671868778765,0.5103148289490491,0.7371008959598839,0.9160203742794693,0.2990413857623935,0.2637920358683914,14.827466418537567
0.09236096241511405,0.26597564830444753,0.43452845979481936,0.147956486325711,0.9248976488597691,0.8915483532473445,0.7011024432722479,0.45315749454312027,0.6318919414188713,0.7127632149495184,6.9881925212843505
0.9753674282692373,0.6733564662281424,0.9164618689101189,0.2747740487102419,0.02278952277265489,0.7170948435086757,0.6820112667046487,0.027853308711200953,0.6710516703315079,0.13079818082042038,16.85934624673814
0.3187715301755816,0.9846603902988136,0.1537262019701302,0.9575837054289877,0.7123174092266709,0.0020729112438857555,0.3728421679697931,0.07192683941684663,0.42262458708137274,0.7228556626942009,21.486229057030364
0.40644177258946,0.43550573429092765,0.14187482092529535,0.44227907597087324,0.6691885818727314,0.02240084740333259,0.12110010720789433,0.4637770908884704,0.927647931035608,0.9019813369959593,15.342274172749745
0.9751525311730802,0.09097688365727663,0.6289152400568128,0.5159419605042785,0.4407719869632274,0.571156436111778,0.008829445810988545,0.3417578109074384,0.9993726785760373,0.552429428556934,8.864804870728845
0.5559137950185686,0.5674600887577981,0.19174705538898706,0.13907452602870762,0.8274608247447759,0.06313912943005562,0.953390148235485,0.592679079156369,0.409757467918098,0.08816895098425448,15.268371851893358
0.32891241763718426,0.9774455330334604,0.34102811804041266,0.8698115714360029,0.18651149841025472,0.35773564991541207,0.18724219407886267,0.057510536862537265,0.19716371316462755,0.5690408735536039,18.26697317302698
0.23774833953939378,0.9455470498651266,0.2082167996559292,0.5928473945241421,0.90409622550942,0.5443099238909781,0.7624871006701142,0.4666043403558433,0.17760082124732435,0.977339053992182,19.361716883376847
0.030907806241884828,0.8615133170969784,0.8150732743088156,0.75169872562401,0.874532881192863,0.014024017145857215,0.8696553288027644,0.6071044870186597,0.9268624749965966,0.8331549039576203,14.126142624909411
0.3474545134231448,0.7445318414829671,0.39881707867607474,0.5226730355061591,0.601107741240412,0.41477583022788167,0.45796028547920287,0.4227373593021184,0.28925765212625265,0.7690501837059855,14.968477572177072
0.3021838408894837,0.4986147384624928,0.052766928216442466,0.9065394068602473,0.3459708490408957,0.8216194466222078,0.8381198947317898,0.537315376335755,0.5794800920411944,0.4999911163467914,19.415563518572547
0.6289583053439856,0.4980460333172232,0.6119943230878562,0.9070308327209204,0.2993418008554727,0.02898408705368638,0.6912087968084961,0.14389472431503236,0.08119569811969995,0.9949467317201197,19.00477268641826
0.9112060742918402,0.8286420120857656,0.9366837434936315,0.07164620375260711,0.3671999145299196,0.04507271735928953,0.36321274377405643,0.7262399939354509,0.12877159845083952,0.05772443022578955,13.233152112457526
0.759391131810844,0.988339165924117,0.5965287073049694,0.9261092930100858,0.2319257960189134,0.025864323135465384,0.4852752259466797,0.4900107253342867,0.5930535218212754,0.7043998460285366,17.564957436605873
0.6394738988019526,0.5337084047496319,0.7224186952225864,0.8893920017872006,0.20658115344122052,0.14384962059557438,0.8902128285262734,0.9107059487141669,0.8141169587615877,0.8451064331457019,19.615270147649117
0.844334953930229,0.29740389809012413,0.10030870512127876,0.4545336836017668,0.5670142096932977,0.5114244776777923,0.9406531213317066,0.21020626020617783,0.5505361168179661,0.09482450317591429,17.740382285425483
0.37055341713130474,0.4578129043802619,0.013301534112542868,0.09302586363628507,0.023425822611898184,0.7872804522048682,0.6739939025137573,0.529282588744536,0.9832507073879242,0.8169505458790809,10.352340863525917
0.8125458587892354,0.32326367520727217,0.5493716506753117,0.5648281865287572,0.08232334745116532,0.13418053020723164,0.9288485338911414,0.6716536767780781,0.35345773748122156,0.1308800340630114,12.917609505025819
0.676890013506636,0.11059299414046109,0.7113723214715719,0.3637575178872794,0.9971497603692114,0.9500097336713225,0.7405794197693467,0.8260844242759049,0.07308358349837363,0.5485320659354329,12.920355612564823
0.5114767081104219,0.4596908688545227,0.7512304277624935,0.7607716708444059,0.598784152418375,0.7098215101286769,0.8131747774314135,0.11085781920701265,0.2062586711253971,0.38778705801814795,17.57319584666099
0.7220034853089601,0.6858211439102888,0.5017406679689884,0.8414002321660519,0.3599290824495256,0.1180285457521677,0.49542169203050435,0.9228580850176513,0.7507934994064271,0.9037270897533745,20.557596178821747
0.5810147512238473,0.9598883152939379,0.3164499804843217,0.8061176964547485,0.46092894999310374,0.6860848863143474,0.9033242887817323,0.4165494190528989,0.7941866954788566,0.8982760601211339,20.666122478582853
0.8996701547876,0.5866313490550965,0.2280012082774192,0.3908260769676417,0.3678544678259641,0.385738359997049,0.4587648045271635,0.304123459616676,0.43930068193003535,0.18809469183906913,17.007624954053966
0.22501577367074788,0.3864852744154632,0.2008809568360448,0.01860675704665482,0.6377544994466007,0.13726863823831081,0.30760192568413913,0.038595571648329496,0.24108946439810097,0.5191238652914762,6.945675097569675
0.8416832939255983,0.5230795589741319,0.9568507911171764,0.29012748831883073,0.5633835752960294,0.2876388558652252,0.24064988433383405,0.42961794463917613,0.6241011389065534,0.24116914672777057,19.213980871939757
0.7530937094707042,0.6098566909786314,0.3242770074866712,0.7437100533861667,0.05146283330395818,0.9306834652088583,0.3296816418878734,0.9975326196290553,0.35604762425646186,0.2731345281936228,18.22097070302434
0.366793520282954,0.8654508313629776,0.7333925010170788,0.37595997261814773,0.4905825478490442,0.4842494276817888,0.7574110596906394,0.5763858996797353,0.7179654578212649,0.039347685407847166,16.506602064081168
0.06920407200232148,0.4079411292914301,0.5560369428712875,0.9595078031998128,0.47677040519192815,0.6838432473596185,0.18569265841506422,0.6591668576002121,0.5459112287499011,0.8093714280985296,11.736638254428387
0.29771707230247557,0.36490444582886994,0.6185501103755087,0.8376304786652327,0.5348750164266676,0.036645640851929784,0.20915584592148662,0.42282664868980646,0.029700051294639707,0.009058220311999321,14.652805967593533
0.545078539988026,0.1833989918231964,0.22060064459219575,0.5327954129315913,0.6865530542563647,0.3538230487611145,0.747754605486989,0.1349405248183757,0.9963662344962358,0.5467680431902409,13.825789255359739
0.19376430846750736,0.5234628485050052,0.356498253531754,0.9788428128231317,0.12380022997967899,0.5575008867308497,0.10513279610313475,0.8404500337783247,0.8351151067763567,0.476017254171893,12.929204496093963
0.6645461528096348,0.4460274039302021,0.23804135131649673,0.6091371458023787,0.4099271078594029,0.20903833745978773,0.682683740509674,0.15720821591094136,0.8647571322508156,0.6499829231761396,18.303637396860246
0.726216078735888,0.2912309255916625,0.2917752186767757,0.38654445786960423,0.9488956034183502,0.6140364985913038,0.6991465222090483,0.9108668614644557,0.87789830355905,0.8458597629796714,13.925962714780763
0.855593188200146,0.652153086848557,0.9844727925956249,0.7648023385554552,0.7575033854227513,0.27848477265797555,0.34614624036476016,0.9282908977475017,0.5057855020277202,0.09227987215854228,25.4196666705402
0.14936946309171617,0.3027733457274735,0.6531621797475964,0.11102034756913781,0.49680901877582073,0.6302708433941007,0.46958958311006427,0.28493777592666447,0.4065188216045499,0.9026912953704596,6.493061274777045
0.8871616635005921,0.910343267256394,0.47840987145900726,0.3717694226652384,0.30677610356360674,0.6230438218917698,0.9465266487095505,0.4716867988463491,0.4502427554689348,0.5843123767990619,10.055292683700694
0.25370918051339686,0.09060657047666609,0.10003682225942612,0.06328154937364161,0.5309302804525942,0.6192470726091415,0.22534552915021777,0.2754611929412931,0.41157314577139914,0.2524755890481174,6.867857692313264
0.9082440498750657,0.591513499384746,0.11443968955427408,0.8887045404408127,0.4063267514575273,0.924428388942033,0.21039311029016972,0.34143288526684046,0.6933581412304193,0.9391209261957556,23.074910576157144
0.01833202107809484,0.777870473684743,0.8662055118475109,0.28737417608499527,0.8039046924095601,0.7942230701446533,0.686777007067576,0.8837435992900282,0.44114345218986273,0.5245872987434268,9.397528730606332
0.7378566893748939,0.09024973306804895,0.9972480835858732,0.6652245365548879,0.006437824107706547,0.22469565528444946,0.23587936931289732,0.30386597686447203,0.5475747594609857,0.010310089914128184,12.862820539967375
0.13466900470666587,0.46812801342457533,0.6762760477140546,0.6779055362567306,0.7630182974971831,0.3518897178582847,0.8589646273758262,0.2118731727823615,0.1411644467152655,0.4960891711525619,13.112057019171266
0.6691513634286821,0.9789969576522708,0.5910317224916071,0.36890749586746097,0.6580795452464372,0.3588306608144194,0.21743329311721027,0.04158917837776244,0.8792433948256075,0.809203137177974,16.11972302039478
0.31298025674186647,0.701478585600853,0.6958382169250399,0.24849946377798915,0.010903830174356699,0.080801862757653,0.8817107521463186,0.5468032124917954,0.3023977435659617,0.2227235152386129,10.282737357014723
0.39828988281078637,0.7657200640533119,0.18201374937780201,0.8758712613489479,0.10063510062173009,0.6039737556129694,0.7426968864165246,0.3703554489184171,0.09650189941748977,0.24506852845661342,21.53022693429767
0.023108008317649364,0.01596007402986288,0.17457860079593956,0.26474556722678244,0.3752371175214648,0.60167858726345,0.6712226732634008,0.005573714151978493,0.3100695956964046,0.8927322661038488,6.5593979131201605
0.851149276131764,0.056969819124788046,0.8618907989002764,0.38015009043738246,0.014196907170116901,0.4968496738001704,0.1871862665284425,0.46492299204692245,0.9413911837618798,0.4523634691722691,9.272725850200741
0.29344620229676366,0.49991305405274034,0.12449742783792317,0.6015284834429622,0.6059287239331752,0.22975770151242614,0.10327421734109521,0.21750063146464527,0.1705731083638966,0.05002704239450395,16.46922415195027
0.6548163304105401,0.9165846894029528,0.7531264498829842,0.1733259237371385,0.2048661180306226,0.9164916705340147,0.9461342971771955,0.5197228381875902,0.8320152882952243,0.8671776598785073,13.967239035189044
0.3576968621928245,0.19133776030503213,0.9296605649869889,0.969415137777105,0.15315097710117698,0.667400618083775,0.9535894219297916,0.3937557057943195,0.5476074279285967,0.06790407211519778,15.50999650909161
0.16280254861339927,0.16049255547113717,0.40915781375952065,0.5419555688276887,0.2493750478606671,0.12874653190374374,0.991363578941673,0.15237124310806394,0.33699363097548485,0.3972362712956965,7.7753807453763235
0.06482732924632728,0.5761559279635549,0.346926330588758,0.49074912280775607,0.1439807501155883,0.869399381801486,0.004129189997911453,0.4426142682787031,0.7055691911373287,0.26829254860058427,7.558780962883492
0.644541215384379,0.292287444928661,0.24313825368881226,0.7800243450328708,0.7729400717653334,0.4747673363890499,0.6744521169457585,0.8549265305045992,0.9059013989754021,0.967695105355233,19.715688245907668
0.5499031669460237,0.7969726445153356,0.00613987841643393,0.20537995849736035,0.3916948391124606,0.0938795490656048,0.9859671425074339,0.6699060562532395,0.5310595019254833,0.948026486672461,18.136238453645397
0.20863127149641514,0.6928995663765818,0.2828116419259459,0.8095001480542123,0.9179513053968549,0.15819431748241186,0.6654104187618941,0.4572546137496829,0.5998022244311869,0.8364066600333899,19.188952195065244
0.7935076730791479,0.7010343694128096,0.35189336515031755,0.1760680926963687,0.8398945378139615,0.1255848309956491,0.21135662007145584,0.9253193410113454,0.09395870589651167,0.32995819253847003,15.578724438293662
0.7231653162743896,0.07923788228072226,0.6348972148261964,0.5518590337596834,0.7828679450321943,0.11389787239022553,0.335554585326463,0.9844595638569444,0.4364611569326371,0.29944441048428416,12.864974757094258
0.6043736797291785,0.1963364623952657,0.6746058217249811,0.06239640526473522,0.0634485341142863,0.24175419681705534,0.4616820919327438,0.5262890020385385,0.3706591089721769,0.434552340535447,7.4232242199275165
0.964259579544887,0.06236281804740429,0.7132293975446373,0.7966575780883431,0.373466128250584,0.2641168476548046,0.4867303364444524,0.3852247635368258,0.2336590241175145,0.16486530168913305,12.212125726106043
0.7592214045580477,0.5112706932704896,0.4303976648952812,0.9681113730184734,0.5286754718981683,0.856666344916448,0.43379417550750077,0.06268676673062146,0.17530613974668086,0.2842974478844553,22.591382174821007
0.8581260007340461,0.5880271724890918,0.5758156972005963,0.07289163954555988,0.9220958026126027,0.2547024576924741,0.9303059394005686,0.006946207955479622,0.18347036698833108,0.26841089595109224,15.270151717673562
0.8104787252377719,0.0014357282780110836,0.9645317164249718,0.3580289240926504,0.8128137248568237,0.8347304426133633,0.3851322147529572,0.05262712901458144,0.940854103770107,0.49170380970463157,12.789584701039017
0.20372809376567602,0.03653694689273834,0.8612742994446307,0.869768702192232,0.9718245947733521,0.8922260825056583,0.6102913236245513,0.7461298590060323,0.6230089587625116,0.3201255879830569,19.201610277621704
0.1853244132362306,0.10325201274827123,0.9516357742249966,0.7949464821722358,0.20531307416968048,0.1325194975361228,0.8428664486855268,0.2116891669575125,0.019738782197237015,0.24404525267891586,14.656582184122811
0.4198296428658068,0.9342241717968136,0.7960917945019901,0.4060184038244188,0.3745123683474958,0.6296197611372918,0.7674816034268588,0.8170086189638823,0.7294652056880295,0.27042840071953833,17.794156603949475
0.3082628345582634,0.4470166952814907,0.8784481950569898,0.9868817832320929,0.47047823620960116,0.019850746728479862,0.24417450139299035,0.46938324999064207,0.9279903084971011,0.4303695745766163,21.084371218124524
0.5650045333895832,0.5892123519442976,0.9743009842932224,0.5386577087920159,0.42421530606225133,0.9220506267156452,0.006670018890872598,0.23164033819921315,0.6808922057971358,0.7939642968121916,19.490896999034543
0.4368794511537999,0.5022062340285629,0.32268697675317526,0.21458950242958963,0.9309208933264017,0.38096465007402003,0.7990747732110322,0.8920617983676493,0.6709829210303724,0.6324961110949516,13.89155831044684
0.7912660082802176,0.3124578674323857,0.21338645741343498,0.4985748801846057,0.37379653519019485,0.3884688285179436,0.14615855226293206,0.870602207724005,0.9747073277831078,0.2788631289731711,15.213511247341954
0.27862956398166716,0.2893705975729972,0.2548534316010773,0.39639597246423364,0.5905297433491796,0.8122715470381081,0.4479928540531546,0.09810909698717296,0.06848177057690918,0.4280411519575864,11.712711064482843
0.538125335238874,0.1381312923040241,0.38780329492874444,0.03091513877734542,0.4885503947734833,0.7452170348260552,0.8546285843476653,0.5713886122684926,0.509909748332575,0.09352505672723055,6.16230397952067
0.5140138366259634,0.26266767969354987,0.3278433608356863,0.6078064790926874,0.07411645981483161,0.765116882044822,0.21667021908797324,0.38264739350415766,0.0421771127730608,0.1898667176719755,11.111172428422702
0.13490460137836635,0.054236702155321836,0.394535762257874,0.28456191113218665,0.4920044660102576,0.13276571012102067,0.16651813709177077,0.2020747831556946,0.32076004333794117,0.1755104959011078,7.182611330529725
0.05463532358407974,0.25932124303653836,0.9259239004459232,0.3682926697656512,0.2876700258348137,0.444222507532686,0.3580308926757425,0.9407862646039575,0.6273881767410785,0.3490345273166895,8.522293071178439
0.0180844662245363,0.8691962147131562,0.16993781202472746,0.8695885734632611,0.819885243428871,0.6119845334906131,0.9259192575700581,0.6435847179964185,0.7098279776982963,0.2839270296972245,16.508193058783814
0.16169927804730833,0.28832439659163356,0.25614907988347113,0.9190391649026424,0.14187322207726538,0.7845836936030537,0.595371779287234,0.7037578588351607,0.7654955142643303,0.5882777108345181,13.693908013423426
0.5666912768501788,0.7695640830788761,0.8885771797504276,0.2259401804767549,0.4323254027403891,0.5832453554030508,0.7888688023667783,0.9050831838976592,0.6724777827039361,0.557505416451022,16.926698603696355
0.11402355879545212,0.7024647148791701,0.2009199745953083,0.3231856497004628,0.894514792598784,0.2612273385748267,0.27524509630165994,0.448055264307186,0.6905205529183149,0.181438400875777,12.239128495131109
0.0215984545648098,0.8681788456160575,0.32418108521960676,0.9568348038010299,0.4127023045439273,0.6992898625321686,0.005601281300187111,0.3206921818200499,0.6365933849010617,0.21375808748416603,13.922017227836578
0.4606286527123302,0.12313515483401716,0.947510129539296,0.3616263575386256,0.4400460608303547,0.6408186224289238,0.30011971364729106,0.1465047614183277,0.840680145425722,0.34675033926032484,11.524046903881295
0.757505874382332,0.4016074638348073,0.3061267430894077,0.12729120207950473,0.9599470219109207,0.6207177429459989,0.10639829933643341,0.31712118606083095,0.35164605849422514,0.8112396139185876,15.157016653295555
0.18105741310864687,0.8492052345536649,0.016760021913796663,0.28202967066317797,0.7565112246666104,0.23108295002020895,0.15499766101129353,0.8618068641517311,0.3816122498828918,0.08832581480965018,16.308481713638173
0.9009862199891359,0.7198452069424093,0.6800478531513363,0.746801987523213,0.5309404609724879,0.28291979315690696,0.272444934817031,0.5014257868751884,0.7100145949516445,0.22070601768791676,20.739327897484767
0.7380603102501482,0.09853656007908285,0.06500771059654653,0.2981916784774512,0.8180915301200002,0.6974021506030113,0.2385339301545173,0.9914324374403805,0.4804397711995989,0.47193192038685083,15.007067390653742
0.40515751228667796,0.9720810449216515,0.9116120443213731,0.2665762030519545,0.44232377922162414,0.6567993599455804,0.5993274741340429,0.844033352099359,0.05965895764529705,0.33306775405071676,18.419736811958426
0.3749602483585477,0.5009653239976615,0.5449475219938904,0.8719725005794317,0.3345777380745858,0.039908567909151316,0.7261468421202153,0.09877244243398309,0.6256126903463155,0.06441646907478571,17.319241858728827
0.08798725926317275,0.8501045459415764,0.17367863352410495,0.6877329796552658,0.03930694982409477,0.4579317669849843,0.5300065490882844,0.11827905452810228,0.3659089752472937,0.6550466981716454,10.958418646802848
0.8711564887780696,0.4587236777879298,0.4220680159050971,0.6089931433089077,0.4791913062799722,0.9099615977611393,0.8803763277828693,0.3108841092325747,0.11909310729242861,0.184445132734254,18.1070574359556
0.9611280555836856,0.9007427892647684,0.9326641769148409,0.21285873255692422,0.17423663497902453,0.05421772412955761,0.32650796975940466,0.21761996508575976,0.7991468331310898,0.6285643568262458,10.407282167620615
0.6457243007607758,0.7291888224426657,0.49715416599065065,0.24555966653861105,0.4065911518409848,0.06308397464454174,0.44808591553010046,0.8847002221737057,0.8082959149032831,0.42722535436041653,15.131156723469434
0.9452579158823937,0.3679033506195992,0.17873428552411497,0.85532107623294,0.7483768234960735,0.9322965566534549,0.5728331480640918,0.7311198893003166,0.2045979448594153,0.6836105457041413,21.264424572587377
0.5157835979480296,0.6699275525752455,0.24449494574218988,0.6901129027828574,0.9362028564792126,0.536812053527683,0.6269217079970986,0.03173799649812281,0.7153656142763793,0.6552975890226662,20.96941258636641
0.9710924942046404,0.8795523713342845,0.2939888124819845,0.6132424662355334,0.573151734424755,0.9353861715644598,0.03587287641130388,0.03339739260263741,0.05340919108130038,0.36421169503591955,14.194643500194111
0.4755538406316191,0.6852842869702727,0.09836239810101688,0.3471419340930879,0.8569910684600472,0.42293718946166337,0.30395041801966727,0.9222863239701837,0.039856242248788476,0.7697234696242958,18.545795432998457
0.8534606578759849,0.41029886715114117,0.4203809245955199,0.8297611325979233,0.24601550749503076,0.4997632964514196,0.31143007427453995,0.9131355579011142,0.3529684469103813,0.8297609253786504,17.72413747778874
0.8621451847720891,0.6748343349900097,0.39091594936326146,0.2775007833261043,0.9812746737152338,0.28572638775222003,0.8477794581558555,0.4447193085215986,0.057114529656246305,0.3245224212296307,18.335551425692337
0.1450204085558653,0.7905248135793954,0.8595903208479285,0.12089689495041966,0.5037752606440336,0.25253590755164623,0.6752175639849156,0.13141563534736633,0.18412367976270616,0.14500589505769312,10.735772503330564
0.10588060389272869,0.005921004107221961,0.028536853613331914,0.6703414428047836,0.2936244113370776,0.34087695996277034,0.026778263272717595,0.07918104995042086,0.3468936823774129,0.09017786826007068,13.071696909051843
0.30308537534438074,0.9275689830537885,0.02914372179657221,0.6797591398935765,0.5225385094527155,0.8489145745988935,0.10005722637288272,0.6976916545536369,0.7847529244609177,0.5703183049336076,23.940891121442156
0.6866679850500077,0.07269791676662862,0.9604676242452115,0.9367536047939211,0.021394795505329967,0.7711978843435645,0.7664283998310566,0.5643790124449879,0.22238908126018941,0.546860346570611,15.583580695855648
0.1987736294977367,0.1630393867380917,0.15809954749420285,0.3206324651837349,0.434554343810305,0.06536674685776234,0.4465734048280865,0.2518414109945297,0.900279066991061,0.026841837214305997,7.58786000157285
0.14835614245384932,0.416867638239637,0.6472221333533525,0.5664496577810496,0.25369679904542863,0.9003578505944461,0.3912483621388674,0.48648528731428087,0.9788696260657161,0.5596974778454751,9.741988415277788
0.8957431497983634,0.46194192208349705,0.4812871247995645,0.630636315792799,0.3032660554163158,0.29795483127236366,0.9953019332606345,0.8001868005376309,0.8177587522659451,0.42750000790692866,16.293604616318113
0.08395439153537154,0.21560746314935386,0.4454437526874244,0.1486703639384359,0.13275397382676601,0.4733910164795816,0.2798041177447885,0.7500766701996326,0.17550566815771163,0.7973692868836224,2.9007673978759523
0.538379859412089,0.5274172818753868,0.5798746994696558,0.8148785766679794,0.4354158169589937,0.21338038612157106,0.37886160938069224,0.7976444945670664,0.328163223573938,0.12380037270486355,17.32569905852165
0.8666269204113632,0.9447774267755449,0.44228483247570693,0.5887105742003769,0.2743552029132843,0.75302863586694,0.7657017395831645,0.15802461258135736,0.6343177685048431,0.9932905936148018,12.849818240879088
0.23875610856339335,0.08581567090004683,0.07750456081703305,0.6949641888495535,0.839423043653369,0.1550256337504834,0.47999964747577906,0.4081853488460183,0.7299003817606717,0.2927027055993676,14.012665351669012
0.5155886649154127,0.675929777789861,0.8882536049932241,0.9854801415931433,0.9559164862148464,0.243129471084103,0.8575156501028687,0.7008994522038847,0.13526855409145355,0.03380489442497492,25.222051747945763
0.7788780075497925,0.30754735693335533,0.44071237090975046,0.4116300402674824,0.942010157275945,0.46067352918908,0.6355947416741401,0.6595719973556697,0.9137064749374986,0.3428341986145824,15.697343112988024
0.8191147597972304,0.28869271324947476,0.9887564138043672,0.4286609422415495,0.6680108876898885,0.22875165939331055,0.5894300516229123,0.8695879522711039,0.5641480463091284,0.8470093521755189,18.252353350434234
0.007983685471117496,0.4361845417879522,0.04239369835704565,0.9328352699521929,0.9110907465219498,0.6820814383681864,0.7054301092866808,0.8297160258516669,0.05181333492510021,0.8264015493914485,18.170639312416775
0.7367014889605343,0.40431197732686996,0.739518077345565,0.32464230549521744,0.7751737867947668,0.7938458265271038,0.9878953776787966,0.639682665001601,0.637989763636142,0.13100008619949222,16.588852317945022
0.49704650044441223,0.029853604501113296,0.7530886423774064,0.3781682893168181,0.7992901303805411,0.6846473545301706,0.6594212623313069,0.3330446758773178,0.8275358828250319,0.16245297971181571,9.1179774955609
0.9427985090296715,0.7020213438663632,0.5941827120259404,0.5843178955838084,0.006609875243157148,0.5345146667677909,0.5750723294913769,0.8885627165436745,0.7483527718577534,0.5533718466758728,14.486514633066918
0.3920715730637312,0.29911803314462304,0.39891882869414985,0.2991701525170356,0.949829013319686,0.3228273105341941,0.2308976089116186,0.5621881247498095,0.8948718926403672,0.7531786083709449,11.425131043620087
0.781393657438457,0.25345678767189384,0.07280702632851899,0.09526876593008637,0.44060352561064065,0.719321092357859,0.01194667536765337,0.7120100553147495,0.3884639742318541,0.4632328872103244,12.422031252723105
0.7580455378629267,0.14790902310051024,0.08152811974287033,0.09985081618651748,0.30142370937392116,0.1983178157825023,0.773257527500391,0.10669244243763387,0.48773808660916984,0.0038108809385448694,8.485327189575946
0.25828857417218387,0.009333824971690774,0.6398901620414108,0.5581698331516236,0.6839121873490512,0.09681446035392582,0.7373766277451068,0.46760712494142354,0.4123835440259427,0.1970114193391055,9.182543064250696
0.0899914049077779,0.3428702251985669,0.46257988922297955,0.5475610899738967,0.29303933191113174,0.4276204463094473,0.5519026825204492,0.9564494627993554,0.6883956633973867,0.730652725091204,7.156322258982861
0.31975178932771087,0.5099161381367594,0.2924790601246059,0.34228080604225397,0.6756560890935361,0.9004021445289254,0.29854993568733335,0.17882762849330902,0.1730923519935459,0.05110537516884506,15.386840229925859
0.45702606020495296,0.045939072500914335,0.5021055184770375,0.6476711365394294,0.7301593446172774,0.26505920197814703,0.8634140519425273,0.2034277254715562,0.1751617577392608,0.7353652203455567,12.309484963432197
0.9431777056306601,0.7396558984182775,0.2982311851810664,0.9342094503808767,0.565666809445247,0.4169971451628953,0.1108287563547492,0.6760451460722834,0.5356407158542424,0.7709926345851272,21.376637519041424
0.664767496753484,0.7252487868536264,0.616576126543805,0.4036510593723506,0.17356501682661474,0.015268107410520315,0.5687175488565117,0.8101578308269382,0.2476947563700378,0.11921682138927281,16.184715744819506
0.4202212777454406,0.33514798898249865,0.41586515214294195,0.28398136235773563,0.8562905848957598,0.11336654471233487,0.9534258637577295,0.4142021832522005,0.70828049746342,0.6105906772427261,12.20742342027699
0.27500070980750024,0.7907258437480778,0.625428264727816,0.31531042675487697,0.17896905122324824,0.32811410329304636,0.6077747922390699,0.7992817836347967,0.9915068177506328,0.5859915534965694,10.652673003220038
0.8595601506531239,0.8205398994032294,0.3859055128414184,0.577381154987961,0.25217835209332407,0.5430559278465807,0.9839367647655308,0.07520944229327142,0.757395172258839,0.4580325405113399,15.62205576007813
0.18895517941564322,0.8287706379778683,0.37041817093268037,0.28891440317966044,0.4594947099685669,0.44457228505052626,0.7542271954007447,0.22602358949370682,0.3619237772654742,0.3082287828437984,9.889625107418794
0.6604340430349112,0.5956773585639894,0.26706444821320474,0.8920419800560921,0.30481252423487604,0.6397488620132208,0.2649347970727831,0.5842054481618106,0.6795262370724231,0.9324416366871446,22.257532893377462
0.012911664554849267,0.07378269173204899,0.4379087486304343,0.05577544239349663,0.6799260617699474,0.8809876325540245,0.7012082217261195,0.2440299717709422,0.8697101741563529,0.8047472890466452,3.1926769392858994
0.273508484242484,0.0011221051681786776,0.7174835142213851,0.5364573367405683,0.2885074943769723,0.9069320922717452,0.5099974165204912,0.26977449329569936,0.7408238844946027,0.18845169548876584,6.662588177852449
0.4090338714886457,0.4900162676349282,0.7161492905579507,0.7006930538918823,0.3727558159735054,0.2940433006733656,0.049984800862148404,0.6690498765092343,0.05779961822554469,0.9131490087602288,16.439385490392606
0.2650542266201228,0.03874944942072034,0.23917019460350275,0.12164037860929966,0.23761144001036882,0.8867947969119996,0.28563679568469524,0.3079135469160974,0.7055106388870627,0.43207513308152556,3.7071928499495996
0.7161699195858091,0.48546970449388027,0.30747300549410284,0.08223969582468271,0.19484794395975769,0.2548476126976311,0.07120809541083872,0.7414094146806747,0.00030388450250029564,0.3890025687869638,10.442333150864986
0.5120468942914158,0.5193604726810008,0.7085092125926167,0.14131964440457523,0.9135305027011782,0.8399563785642385,0.4566516082268208,0.6785113834775984,0.902790269581601,0.19295267295092344,15.048321589492195
0.5213699645828456,0.6327395266853273,0.11472464678809047,0.2170594995841384,0.9510628208518028,0.5679227481596172,0.5983610281255096,0.8803216486703604,0.059341866290196776,0.9627503398805857,18.353068691161397
0.5240513314493,0.7001439398154616,0.007239988073706627,0.8699849674012512,0.15863627404905856,0.41819922532886267,0.8770020015072078,0.5240333033725619,0.8769955534953624,0.08830936881713569,24.57310675283817
0.7182151505257934,0.7312349865678698,0.8648659887257963,0.3061038546729833,0.7234575385227799,0.6125640743412077,0.06729578785598278,0.3998574160505086,0.07539885770529509,0.5429957946762443,18.019039751990018
0.47299820953048766,0.6863529381807894,0.24533992889337242,0.5023236577399075,0.5541183918248862,0.3497902958188206,0.99959706957452,0.7911122289951891,0.9741673825774342,0.24178680568002164,17.309049952502047
0.06075957231223583,0.2569587652105838,0.8066784911789,0.8046192373149097,0.6314434404484928,0.09506528568454087,0.9089542089495808,0.6909358785487711,0.24988047732040286,0.2880367464385927,13.828029580841893
0.7143991803750396,0.6495366143062711,0.019709941698238254,0.7501524612307549,0.23205430805683136,0.2827725484967232,0.38613825337961316,0.8780314645264298,0.7106204319279641,0.5597981794271618,25.745568294725484
0.6889333187136799,0.38415792863816023,0.3143562285695225,0.945567088900134,0.5511050685308874,0.8168736011721194,0.8121291550341994,0.07577471761032939,0.8203175857197493,0.9360358132980764,20.616213058921804
0.79640405299142,0.6747200628742576,0.6808500434271991,0.4025270068086684,0.5097160099539906,0.9404510396998376,0.08568760566413403,0.730663598049432,0.416763121727854,0.032453797524794936,17.48956084654034
0.33972472976893187,0.6051737798843533,0.19629722274839878,0.41929364670068026,0.11486827326007187,0.06824554805643857,0.7838214389048517,0.9756561145186424,0.1872267033904791,0.5513427935075015,12.829580882276499
0.8648691652342677,0.8743468213360757,0.17315611825324595,0.009017080999910831,0.8282479243353009,0.6892643708270043,0.8310999162495136,0.07320364937186241,0.9012903957627714,0.7172203657682985,12.590812126118912
0.7458947896957397,0.6772129563614726,0.9622545579914004,0.31053618690930307,0.28631692845374346,0.9386769456323236,0.6661921117920429,0.9883506225887686,0.6350535622332245,0.2566616260446608,18.954324004704695
0.45967105822637677,0.12835714244283736,0.5691534888464957,0.691197719424963,0.0570473677944392,0.799246295588091,0.9614923512563109,0.6567754361312836,0.24686353327706456,0.47687583160586655,9.021097647927592
0.5795775258447975,0.1077307288069278,0.17076506186276674,0.3268756123725325,0.4642516793683171,0.6678506880998611,0.9730636936146766,0.3124415185302496,0.10449553513899446,0.4329991976264864,9.63441554080625
0.3760351068340242,0.9764223624952137,0.6352396544534713,0.12482081586495042,0.9693897997494787,0.02832994284108281,0.8093675575219095,0.03640158544294536,0.6637170021422207,0.36074711149558425,15.582363463340185
0.9441711760591716,0.24413931486196816,0.273101162398234,0.594575131079182,0.6180599408689886,0.1981817416381091,0.8845756403170526,0.677365229697898,0.009898482821881771,0.6918304995633662,15.49044719590182
0.9218253889121115,0.7044883391354233,0.1367707175668329,0.12014379655010998,0.3298813356086612,0.2042718268930912,0.21328544127754867,0.46598252677358687,0.10189176606945693,0.7904872624203563,14.323946816655791
0.1820404059253633,0.10140360309742391,0.45544463489204645,0.7205826041754335,0.666234337259084,0.48381455964408815,0.033485209569334984,0.31743614957667887,0.8861945611424744,0.8848261868115515,11.597019987774173
0.8429779873695225,0.5069702863693237,0.5402439546305686,0.14190325001254678,0.14924304699525237,0.7850379208102822,0.5695626705419272,0.16043782886117697,0.48382335947826505,0.3509377322625369,12.37387626478901
0.22575567243620753,0.669071473646909,0.46675382065586746,0.35667926422320306,0.26696577994152904,0.40121511183679104,0.4876190659124404,0.5175048443488777,0.7645812185946852,0.4827883986290544,10.345423133127294
0.3362931958399713,0.747452202020213,0.9721082921605557,0.40034331218339503,0.7535083559341729,0.9622094200458378,0.9027255321852863,0.8554367660544813,0.39389538345858455,0.374062268063426,19.03204525058852
0.8379497935529798,0.763332583475858,0.5958144483156502,0.9833465800620615,0.9475925255101174,0.3070845364127308,0.4011318136472255,0.5594034870155156,0.1815258206333965,0.6126671181991696,24.675358700140414
0.3332984992302954,0.6393569789361209,0.6802774835377932,0.470522761112079,0.8763111098669469,0.9316213980782777,0.6224745262879878,0.8317479803226888,0.6926086768507957,0.9293803239706904,15.859050748228958
0.2862512655556202,0.3154605235904455,0.18082876317203045,0.6163081775885075,0.49005432333797216,0.49287049495615065,0.7953263823874295,0.23831308004446328,0.8262426049914211,0.4010370553005487,13.432336981518285
0.6047613092232496,0.12266732542775571,0.40454187081195414,0.558748055016622,0.828025660244748,0.1497113835066557,0.5761889659333974,0.2575584459118545,0.6429475171025842,0.11038936511613429,10.934356379392707
0.9456256455741823,0.36216504918411374,0.7169911849778146,0.6856722868978977,0.67049276153557,0.06573368096724153,0.4068854853976518,0.39091984182596207,0.4857269902713597,0.35241971793584526,20.40575675150462
0.8826259409543127,0.6462145834229887,0.8697571381926537,0.7094135680235922,0.9586915851105005,0.12424510275013745,0.5714933103881776,0.5631390234921128,0.02416536957025528,0.04133728099986911,24.505123272165736
0.3909610330592841,0.8788891932927072,0.12014573020860553,0.741905081551522,0.7518154981080443,0.24757833941839635,0.615948103601113,0.8783914509695023,0.987438433803618,0.703136736759916,26.178744883045454
0.5422636342700571,0.7378127700649202,0.8074574002530426,0.32266900106333196,0.7820523902773857,0.35081006144173443,0.4345830692909658,0.7058165804482996,0.6264322360511869,0.5854917685501277,18.36248882548694
0.8375873202458024,0.3536137593910098,0.2710145255550742,0.06318085175007582,0.14320879778824747,0.03360922448337078,0.5336758329067379,0.8130070641636848,0.4036836826708168,0.26042645378038287,11.151382272775034
0.10937801632098854,0.42640797956846654,0.6412494459655136,0.0726237976923585,0.4131755707785487,0.9634802632499486,0.5916989024262875,0.8379783413838595,0.5258931827265769,0.13313220092095435,5.018515962300877
0.4433463958557695,0.5423207900021225,0.0697587609756738,0.40000479482114315,0.12228532088920474,0.6018138094805181,0.1432730183005333,0.8699326221831143,0.24465974234044552,0.6786673981696367,15.866111796893337
0.7160181971266866,0.15847222041338682,0.5964934569783509,0.6603844740893692,0.3860281128436327,0.22772627789527178,0.7540480112656951,0.3769836309365928,0.330396726494655,0.6645551570691168,13.000802645356591
0.1502674501389265,0.6134058383759111,0.12540911114774644,0.8776590214110911,0.8711469233967364,0.8276283193845302,0.6656193973030895,0.7221511253155768,0.8485595425590873,0.06536391424015164,18.56486402286982
0.16235510376282036,0.6268709825817496,0.8932038613129407,0.9451015098020434,0.14470231416635215,0.43328877398744226,0.726200038800016,0.6768891557585448,0.15800308459438384,0.3718513350468129,15.072125389819513
0.7917651867028326,0.3493288359604776,0.44427261454984546,0.5786055834032595,0.3316979738883674,0.2906078211963177,0.7314691042993218,0.5279299961403012,0.08761857054196298,0.47154398658312857,16.22656971864115
0.0810717367567122,0.8016327782534063,0.18084193160757422,0.45817602751776576,0.6035399110987782,0.8727244026958942,0.06233375729061663,0.9551814233418554,0.9078030379023403,0.16184660699218512,10.09802332419105
0.3977879681624472,0.10006718337535858,0.46156107471324503,0.9038470808882266,0.9612262132577598,0.7770406894851476,0.9865222936496139,0.8324489078950137,0.46717387181706727,0.05957673490047455,15.900876363227825
0.657055890886113,0.4965681624598801,0.6472753866109997,0.2742762032430619,0.8045946096535772,0.4516290561296046,0.2043399380054325,0.7079123328439891,0.27560595399700105,0.8605421695392579,16.654017529609085
0.34421610459685326,0.7433595673646778,0.4280055246781558,0.13893184694461524,0.10646859742701054,0.17319039185531437,0.9394522916991264,0.17993198474869132,0.5938044246286154,0.903513072989881,9.41759409466565
0.4224793335888535,0.49581812834367156,0.13756608683615923,0.02038195147179067,0.33955718553625047,0.4066022145561874,0.9704861973877996,0.8177523650228977,0.48537481180392206,0.49546230444684625,8.679644642480502
0.6490759267471731,0.6214499077759683,0.5172273223288357,0.5956819420680404,0.6219364353455603,0.0032223411835730076,0.1769951165188104,0.9982742427382618,0.19468365865759552,0.2392967224586755,18.658962229491127
0.08859755587764084,0.31081964168697596,0.15494212531484663,0.41917290980927646,0.4040929162874818,0.5195183239411563,0.990642474964261,0.5289882768411189,0.4413697693962604,0.45864493283443153,10.706244116939347
0.07948634144850075,0.9008142349775881,0.7388193572405726,0.964644166873768,0.6032541969325393,0.23985714931041002,0.17471911222673953,0.3202914239373058,0.20164805464446545,0.3267473119776696,15.59310235669802
0.03822419256903231,0.9633832890540361,0.723730874247849,0.6540702951606363,0.6389933081809431,0.3801587268244475,0.8039556019939482,0.10579386376775801,0.7765696123242378,0.007626556092873216,11.05145416103992
0.5611568228341639,0.01979578146710992,0.7763841454870999,0.497395011363551,0.8034480870701373,0.7003202999476343,0.3900671792216599,0.20016877609305084,0.8879059092141688,0.507842049235478,10.509144342695539
0.4308321629650891,0.4811692039947957,0.4182124382350594,0.23610897944308817,0.7366358756553382,0.5720534638967365,0.1650446450803429,0.9979821895249188,0.9796945101115853,0.051667849300429225,11.834327082619678
0.3923845582176,0.6694504593033344,0.7335637158248574,0.9033623831346631,0.7519981302320957,0.51069231540896,0.6304874001070857,0.9546834584325552,0.5308553155045956,0.739930322393775,23.17938098354641
0.535810167202726,0.031311229802668095,0.4008442258927971,0.6862255563028157,0.25748037500306964,0.6028724913485348,0.9316581098828465,0.3969234940595925,0.13465618062764406,0.19102704734541476,9.238398458171833
0.2774096983484924,0.20858255657367408,0.3879203051328659,0.480301161063835,0.47113774018362164,0.6078941011801362,0.7291194056160748,0.2488237947691232,0.46656616893596947,0.6223899987526238,10.075443601940055
0.8538150328677148,0.015687446109950542,0.6038806026335806,0.8198861100245267,0.42871746770106256,0.4493160634301603,0.3842722871340811,0.4453981895931065,0.01944400300271809,0.478967702947557,10.230271481437217
0.45215796842239797,0.5464428281411529,0.89666897803545,0.04829966742545366,0.14473790838383138,0.6604568585753441,0.18355815927498043,0.25066961790435016,0.4776944580953568,0.5013741429429501,11.701782346893701
0.30106913368217647,0.22985302191227674,0.04006264731287956,0.043290617410093546,0.4213356734253466,0.8407521201297641,0.7439016248099506,0.3288508600089699,0.4497276914771646,0.863763902336359,8.017259799585428
0.15423027845099568,0.011116319103166461,0.7583180728834122,0.9417642403859645,0.9449119402561337,0.616846575634554,0.8792261844500899,0.4980098931118846,0.7015521095599979,0.17993728863075376,16.208045658072916
0.020588509272783995,0.9816415272653103,0.04704471817240119,0.6487093383911997,0.9348723804578185,0.2244908174034208,0.01576755684800446,0.9816479403525591,0.2774503747932613,0.9470101718325168,15.549365036254965
0.9661809580866247,0.5923069166019559,0.3040699257981032,0.2813728991895914,0.24599575460888445,0.40560503979213536,0.5120621353853494,0.24177173268981278,0.44970271503552794,0.8827371320221573,13.431370692860977
0.7646865989081562,0.9439975512214005,0.43665302405133843,0.5622123305220157,0.32899765274487436,0.961023576091975,0.31540326424874365,0.9203537460416555,0.27934483950957656,0.5766724452842027,15.189220776623834
0.7022828308399767,0.6335123612079769,0.9271850048098713,0.8447931483387947,0.7772926993202418,0.8231676442082971,0.12668258510529995,0.06647395272739232,0.301517452346161,0.03040841920301318,25.567277913323014
0.6860288055613637,0.2075393747072667,0.6075532827526331,0.808978482382372,0.742487286683172,0.12937342701479793,0.4024902139790356,0.5644578160718083,0.14580731326714158,0.6022373840678483,16.935491847047707
0.3608770966529846,0.4508240686263889,0.8926696917042136,0.1525539392605424,0.09437516774050891,0.29398721316829324,0.9473076756112278,0.5723541700281203,0.7227814674843103,0.8989404211752117,11.726631202830385
0.027111562667414546,0.23147919494658709,0.5505078206770122,0.09837973117828369,0.3556143909227103,0.6335051525384188,0.8820502539165318,0.8816381704527885,0.12146174209192395,0.0028991184663027525,3.0734538899185817
0.04137971322052181,0.46791519643738866,0.6440525236539543,0.6496983950491995,0.8734292762819678,0.0187714712228626,0.6386672197841108,0.7490907337050885,0.5307027834933251,0.7279694124590605,12.197294433012448
0.4584692295175046,0.8705593820195645,0.29260848788544536,0.14422182994894683,0.4340913644991815,0.28398318123072386,0.7407158515416086,0.5627742777578533,0.9321668264456093,0.7464879036415368,13.585718522180674
0.881783245364204,0.587319188285619,0.1873431522399187,0.7300573140382767,0.3190380467567593,0.2988396603614092,0.6484817806631327,0.893117414554581,0.7092839998658746,0.6246765463147312,22.030740759287205
0.8815582480747253,0.5365210389718413,0.6020106410142034,0.45269262976944447,0.2799406622070819,0.5889133645687252,0.006328377639874816,0.4731789934448898,0.16885131690651178,0.8080622465349734,15.56204214111516
0.32014588895253837,0.5879696812480688,0.37129901233129203,0.7222366211935878,0.7621432866435498,0.14774062624201179,0.20446579344570637,0.6024128191638738,0.554243985330686,0.07538186409510672,14.740156743746521
0.6246436468791217,0.502605629619211,0.6470187203958631,0.590522309532389,0.832074377220124,0.9842455429024994,0.5825591739267111,0.7865414158441126,0.685061437310651,0.12388389836996794,19.58924706228842
0.4783118257764727,0.9368057528045028,0.7117757061496377,0.871223428286612,0.11936828424222767,0.014387840405106544,0.09097565477713943,0.8244305662810802,0.7149817338213325,0.7816778412088752,19.995464376275034
0.5408669898752123,0.2490115885157138,0.9363773700315505,0.8248996764887124,0.7495226471219212,0.5558762263972312,0.9290904812514782,0.17107471451163292,0.0415939181111753,0.3786087525077164,20.675923949922375
0.11733138770796359,0.6591344610787928,0.4174400349147618,0.3623150843195617,0.5894635037984699,0.8379811390768737,0.7894389673601836,0.03698158636689186,0.3413883519824594,0.5456737920176238,8.073902888624405
0.9870547465980053,0.6491271564736962,0.7775331086013466,0.8610935318283737,0.7545944636221975,0.2216250530909747,0.630340410862118,0.610501901479438,0.873636263422668,0.4623002188745886,21.095067533229
0.04791019740514457,0.21015414292924106,0.08419151813723147,0.057076388504356146,0.004592702258378267,0.7103850531857461,0.9761937651783228,0.7397187692113221,0.788049531634897,0.7979916930198669,5.930021281472413
0.6198629520367831,0.09036444616504014,0.8320874706842005,0.537806554697454,0.5551750338636339,0.08405793481506407,0.42406043224036694,0.05440621869638562,0.8359264708124101,0.870772908674553,11.549142794718888
0.008046228671446443,0.7795121904928237,0.7899229130707681,0.8596946839243174,0.7546418395359069,0.42556406068615615,0.8408075612969697,0.506650835974142,0.5269653210416436,0.6845063290093094,13.582422614743967
0.25375448586419225,0.3670680755749345,0.29343119263648987,0.8500248671043664,0.0989852100610733,0.9616371286101639,0.5902923699468374,0.041442981688305736,0.994984635617584,0.9938719638157636,11.936138293935008
0.48117656563408673,0.7510649126488715,0.5773221221752465,0.9910744389053434,0.9626565864309669,0.005752409342676401,0.0551850781776011,0.38304325263015926,0.4483528083655983,0.3567871393170208,22.842194091221288
0.021266555646434426,0.4077187175862491,0.6500678365118802,0.36613280652090907,0.7830882775597274,0.06159390299580991,0.2761950178537518,0.2787675817962736,0.051503009628504515,0.9388664290308952,9.223987147418455
0.7629412373062223,0.780415412504226,0.4234190846327692,0.3653703483287245,0.08184316102415323,0.3130356592591852,0.16658899933099747,0.6616399979684502,0.5653938862960786,0.8980096492450684,12.93002722885725
0.9799578778911382,0.5240528366994113,0.945152486441657,0.24113149149343371,0.2124620673712343,0.1449019005522132,0.8910036964807659,0.2427040149923414,0.1671483558602631,0.36341368220746517,16.833035325433286
0.6292649849783629,0.9974188345950097,0.9952461610082537,0.08291010186076164,0.6333663500845432,0.532180757727474,0.9846826200373471,0.80017334013246,0.6076303655281663,0.18763115303590894,17.809491085138873
0.36928715999238193,0.13391616311855614,0.8341521143447608,0.0711983700748533,0.6303603823762387,0.20485932636074722,0.19375541061162949,0.7245692282449454,0.45632238290272653,0.013368361629545689,8.08154877240079
0.4441111935302615,0.04367369250394404,0.8316860436461866,0.4923051355872303,0.7905331633519381,0.5145895367022604,0.9884739385452121,0.2116125333122909,0.1972673018462956,0.4754887889139354,11.183603850101447
0.8295007867272943,0.7768751739058644,0.56277333968319,0.5503610295709223,0.8749066551681608,0.614847956225276,0.06888564024120569,0.2945428432431072,0.40342688909731805,0.45397060783579946,19.11336642396044
0.03790842858143151,0.3521171296015382,0.6173381304834038,0.597450319910422,0.11032285913825035,0.46177643490955234,0.0424179257825017,0.722049672389403,0.5773606423754245,0.7287004725076258,8.341249863557763
0.7900975539814681,0.8244581089820713,0.2952265376225114,0.4346911823377013,0.5969420210458338,0.511756080435589,0.8758285425137728,0.07847436564043164,0.9300047445576638,0.8095871801488101,16.271016789474835
0.16257225582376122,0.10485072433948517,0.16693958127871156,0.8353344406932592,0.29984114528633654,0.4829966810066253,0.6660675366874784,0.4995563237462193,0.21611143229529262,0.26852071937173605,11.256102465829285
0.5692641779314727,0.8735376158729196,0.4349762585479766,0.8669799820054322,0.1047912158537656,0.9606787553057075,0.25997704546898603,0.5172881414182484,0.6824959763325751,0.8475628157611936,18.55435584681273
0.37910884036682546,0.9843492668587714,0.8853461036924273,0.49195829895325005,0.3033653125166893,0.2960230652242899,0.04691274929791689,0.75983134820126,0.7371114124543965,0.6832300529349595,18.393329739314655
0.13858006126247346,0.44741483801044524,0.23773685679771006,0.024802193278446794,0.0393450113479048,0.9558824994601309,0.9786754851229489,0.5463242351543158,0.5004842763300985,0.31970558501780033,1.1389195491373716
0.2228896247688681,0.26080644130706787,0.8288476099260151,0.6314114446286112,0.3499424150213599,0.24910652614198625,0.13501905952580273,0.2807792981620878,0.5781558703165501,0.364988180808723,10.25578041341956
0.453530618455261,0.1601567401085049,0.851832210784778,0.2708704371470958,0.5700054075568914,0.02237864234484732,0.5179661631118506,0.72284746915102,0.47362438030540943,0.9253407951910049,8.204453944690167
0.8171113668940961,0.399421151727438,0.6302619182970375,0.793319390155375,0.11953444546088576,0.740422323346138,0.2685445274692029,0.8633711382281035,0.7960552813019603,0.9198520521167666,18.040934317803373
0.7617549935821444,0.9753038180060685,0.8293047919869423,0.05764126731082797,0.6054595455061644,0.7503150680568069,0.46050117327831686,0.538077077595517,0.5677317918743938,0.7709575942717493,12.549109004243673
0.20118648675270379,0.9341040006838739,0.616343333851546,0.14524900214746594,0.11015727533958852,0.3246984286233783,0.7805982227437198,0.7378942985087633,0.19546196074225008,0.9350447955075651,7.755923051492236
0.3319162456318736,0.2285105751361698,0.39480074937455356,0.14595682080835104,0.37001782818697393,0.679909145925194,0.277742832666263,0.48947937530465424,0.9167566599790007,0.4451014876831323,5.68046924873561
0.4606942713726312,0.11497278232127428,0.5519700094591826,0.5148977695498616,0.5516763667110354,0.414243531646207,0.7748960403259844,0.12029424728825688,0.6493317743297666,0.5510798473842442,10.85766596679725
0.7132433296646923,0.6222167802043259,0.9519995204173028,0.023476463044062257,0.5624635408166796,0.21742014028131962,0.557524082949385,0.27064571995288134,0.7384167606942356,0.03020561276935041,16.578157407966902
0.4592099681030959,0.5558689527679235,0.29887004825286567,0.7464272540528327,0.9161483834031969,0.8430879944935441,0.8489317777566612,0.3608642208855599,0.4571064992342144,0.19334736559540033,20.92978422656976
0.08265102538280189,0.21442545857280493,0.3874347871169448,0.747243415331468,0.5452448045834899,0.9667062843218446,0.08641714346595109,0.4964106394909322,0.60718520055525,0.8415852659381926,11.839526895655613
0.6313124969601631,0.6777240410447121,0.46157740079797804,0.5675055193714797,0.5220864245202392,0.5912455073557794,0.3730368004180491,0.6036376059055328,0.6941819263156503,0.3742709578946233,18.312143300085054
0.07643127907067537,0.19092345470562577,0.17777780047617853,0.29868494160473347,0.603361778659746,0.6976908096112311,0.1989504920784384,0.04795943573117256,0.9686729158274829,0.5367947025224566,7.106429582704694
0.5866428674198687,0.9918628009036183,0.588083301205188,0.640598913654685,0.42200836911797523,0.8561097218189389,0.11904319864697754,0.9885463218670338,0.022050644038245082,0.42032899428159,17.682135216158223
0.3697877030353993,0.6008765059523284,0.37376651354134083,0.29477280634455383,0.40208316477946937,0.9408040712587535,0.4655547260772437,0.7448455998674035,0.27457538759335876,0.3048422846477479,13.09964880678144
0.27727764821611345,0.6825923500582576,0.9066336785908788,0.27616622019559145,0.030480253044515848,0.4401727756485343,0.28427829616703093,0.29744678596034646,0.7250757494475693,0.37122017866931856,10.958088370085937
0.6750395598355681,0.04071549535728991,0.34041692572645843,0.8212921156082302,0.9166102425660938,0.4189161185640842,0.7687596727628261,0.4555398067459464,0.1585783229675144,0.988707572221756,16.2575763661781
0.9204062991775572,0.24952679872512817,0.3400184668134898,0.11155872140079737,0.3583608432672918,0.31594640319235623,0.0927282222546637,0.43892410257831216,0.8053871528245509,0.2666230332106352,9.977197341593918
0.5442184701096267,0.7214750656858087,0.33414220437407494,0.5914999532978982,0.2575764311477542,0.5791482049971819,0.27638216712512076,0.02885458804666996,0.15556936408393085,0.07553296652622521,16.92824687268129
0.9680068008601665,0.614073672099039,0.8962672455236316,0.38456564326770604,0.4324595364741981,0.6989591964520514,0.5414684733841568,0.8455444830469787,0.4001512532122433,0.576682701241225,18.058319922022918
0.6401910823769867,0.2618966007139534,0.732662595808506,0.28190039470791817,0.03832927392795682,0.6622944348491728,0.9981892032083124,0.2594470623880625,0.9271859615109861,0.31507101748138666,8.675142838370766
0.9914629233535379,0.45635751890949905,0.826554564293474,0.35462935850955546,0.5396374769043177,0.4214709282387048,0.6274159541353583,0.47957695205695927,0.8159344343002886,0.43890120135620236,17.851796460690917
0.30805575498379767,0.19222026225179434,0.44323083898052573,0.662192166550085,0.38147003506310284,0.7165315495803952,0.9545959217939526,0.5007656826637685,0.741651261691004,0.46402458054944873,10.501183227647275
0.504608160816133,0.8841014406643808,0.792361133499071,0.7653992460109293,0.33566763903945684,0.5085696955211461,0.6461156241130084,0.8170318000484258,0.2057166511658579,0.3962174686603248,19.30860119767719
0.1988210710696876,0.489283197093755,0.8590509635396302,0.4136252417229116,0.20813462720252573,0.851203064667061,0.25228081946261227,0.24545643501915038,0.9665082595311105,0.30396263115108013,11.16282400266996
0.8247034032829106,0.5894741066731513,0.7923388383351266,0.9881343632005155,0.44036162993870676,0.5540515598841012,0.9214989000465721,0.15914310747757554,0.013386215781792998,0.9909341412130743,23.336060531166734
0.05958680482581258,0.47968011535704136,0.3186801818665117,0.160406690556556,0.8653394638095051,0.017755989683791995,0.9148157779127359,0.6106971499975771,0.41460320143960416,0.535396934254095,7.011453749204237
0.1987744616344571,0.6020475933328271,0.45266460394486785,0.1722724516876042,0.8257688712328672,0.78572360239923,0.5320458197966218,0.5038534007035196,0.3659118041396141,0.32878713496029377,9.204911027415447
0.40982688032090664,0.04573954385705292,0.9007023028098047,0.07751670014113188,0.6376741332933307,0.5173080991953611,0.7657780444715172,0.3931320458650589,0.10625970968976617,0.679342643590644,7.3290552131942155
0.03875322290696204,0.6981040381360799,0.1823370372876525,0.05918569420464337,0.08275770349428058,0.8517271068412811,0.5404790563043207,0.3188460720703006,0.29771206388249993,0.4955008118413389,2.6601947630839797
0.8826888231560588,0.5442427070811391,0.6802076648455113,0.07407306344248354,0.9774050887208432,0.5506810271181166,0.4778472031466663,0.9541523470543325,0.4300153621006757,0.7649579015560448,16.4666318185062
0.1359688548836857,0.9276790274307132,0.9222320050466806,0.23418521462008357,0.8391955383121967,0.8352873953990638,0.9838431514799595,0.9892929177731276,0.6487982010003179,0.011231776094064116,14.367180654619029
0.6552242387551814,0.5093083025421947,0.9592292848974466,0.3290483725722879,0.1869706497527659,0.9743365701287985,0.892159212147817,0.14145384542644024,0.4815181130543351,0.7128855916671455,18.47435814109246
0.6503775224555284,0.31906456919386983,0.6293165604583919,0.4075621876399964,0.551486756419763,0.8827342381700873,0.7583982867654413,0.9797448895405978,0.6636647689156234,0.03419599658809602,12.845219484619404
0.017150479601696134,0.3405081781093031,0.6959191851783544,0.27274578367359936,0.5788989805150777,0.14539815788157284,0.17738564545288682,0.7746125063858926,0.7888038214296103,0.423654462210834,5.729815249953776
0.7471987067256123,0.8329835084732622,0.3355721258558333,0.25407589646056294,0.49052074342034757,0.554743928136304,0.20158225810155272,0.4522271037567407,0.8084915056824684,0.190983280306682,14.994681807483023
0.9178297293838114,0.8027526864316314,0.26090018125250936,0.29483511624857783,0.38889315025880933,0.1658520547207445,0.169862401438877,0.3422654182650149,0.8184869044926018,0.8240881562232971,13.209834621963259
0.04555776622146368,0.8022041437216103,0.5882955656852573,0.2677587631624192,0.18904486042447388,0.1896025671157986,0.8151321753393859,0.7864901155699044,0.5952469701878726,0.6331317296717316,4.98218382672047
0.6638795528560877,0.6738077506888658,0.874150347430259,0.461913087638095,0.9244951053988189,0.4164052330888808,0.9947232296690345,0.029935620026662946,0.09666514513082802,0.9274542168714106,23.855316496673133
0.3184628945309669,0.9297681346070021,0.552459484199062,0.8210419618990272,0.9425027575343847,0.8417653220240027,0.7673081064131111,0.5741864354349673,0.2495895717293024,0.8180157376918942,21.031617939818155
0.2960605120752007,0.5619981044437736,0.5755604333244264,0.6010660948231816,0.35509779350832105,0.8761291685514152,0.34592141630128026,0.32696674461476505,0.4046579252462834,0.42372289183549583,12.992780164090838
0.454371502622962,0.48935734014958143,0.13585558929480612,0.3622251432389021,0.24292872031219304,0.3675700845196843,0.7725247626658529,0.47675916110165417,0.34432133799418807,0.7944388387259096,13.908119090992772
0.445924096275121,0.4120578393340111,0.4800628344528377,0.414919001981616,0.32432513148523867,0.18541607121005654,0.3006469600368291,0.5126750683411956,0.6828534714877605,0.046657525934278965,10.022388186041367
0.7965576946735382,0.6040241378359497,0.17835019249469042,0.5662409220822155,0.6416831123642623,0.055548518197610974,0.25438679149374366,0.8496221650857478,0.7013088034000248,0.8731986798811704,19.854034509784135
0.7479715812951326,0.5749663386959583,0.22173393703997135,0.6087643324863166,0.6292022301349789,0.9655488452408463,0.8403033956419677,0.5682911451440305,0.034210007172077894,0.28081009071320295,20.395713903095455
0.017666628817096353,0.5660582089331001,0.15369641385041177,0.6979879131540656,0.6301836031489074,0.4800333974417299,0.5396888218820095,0.8710700450465083,0.22333666635677218,0.9926770974416286,12.565066931818968
0.2861297389026731,0.3047680470626801,0.30366157344542444,0.2251284101512283,0.4292526477947831,0.8500639437697828,0.7343487786129117,0.3470156779512763,0.2755827154032886,0.2049269750714302,8.126957592320313
0.6347248335368931,0.663983883569017,0.09310591942630708,0.363916469970718,0.7502552014775574,0.2684465781785548,0.031141770537942648,0.1732927083503455,0.8693827269598842,0.41613487992435694,20.828287452324282
0.059700219659134746,0.005867531290277839,0.11763098207302392,0.40487648686394095,0.17472132807597518,0.4972499629948288,0.2637313255108893,0.07916514435783029,0.7926697544753551,0.15349361672997475,8.322860262755565
0.6142512671649456,0.9844355031382293,0.42371707246638834,0.24978356715291739,0.6071418717037886,0.021052657859399915,0.9220964661799371,0.412814917974174,0.8722356483340263,0.35204285359941423,14.912618758005092
0.7483518689405173,0.22219583671540022,0.062167594442144036,0.37152400822378695,0.6833455946762115,0.9955862914212048,0.20024625095538795,0.49382940772920847,0.7741034438367933,0.5221313752699643,15.514934857017487
0.8250058391131461,0.032525725895538926,0.5779422055929899,0.7550673587247729,0.20817960635758936,0.4402314662002027,0.32938536955043674,0.2086099567823112,0.8982094815000892,0.057468663435429335,9.296636164957382
0.9536740751937032,0.7253229103516787,0.7614762708544731,0.10674520465545356,0.4611569170374423,0.2602777073625475,0.41452831611968577,0.42285789968445897,0.41263921093195677,0.902963301865384,11.629198495736654
0.3722664441447705,0.9942944534122944,0.2520149420015514,0.1936414483934641,0.884027861058712,0.9168389486148953,0.6991690180730075,0.7051743206102401,0.8169678414706141,0.1918072672560811,17.281085718297792
0.06631327699869871,0.33743065875023603,0.2658921286929399,0.30554416263476014,0.01830218662507832,0.3805101455654949,0.18476633029058576,0.5056379879824817,0.26524551352486014,0.01985460356809199,5.4492840493249135
0.319927133154124,0.9085117946378887,0.3724336589220911,0.4297200769651681,0.06077071279287338,0.5272892334032804,0.6571566639468074,0.25282944343052804,0.701146136270836,0.1561428781133145,11.751003501792097
0.4959336193278432,0.8071128122974187,0.34859495353884995,0.5119309336878359,0.23017073515802622,0.12341473530977964,0.4205676147248596,0.27243020688183606,0.055873452220112085,0.908298110589385,17.334160254037297
0.24916244274936616,0.9856422571465373,0.6349029859993607,0.8313659236300737,0.15572755970060825,0.008654155535623431,0.36996647669002414,0.24712767102755606,0.5798131534829736,0.5031346548348665,16.315952007728367
0.9973940390627831,0.048137352569028735,0.5496600780170411,0.511052129091695,0.9396679634228349,0.5805183148477226,0.6745008267462254,0.9089958551339805,0.5693151603918523,0.45002958714030683,12.32293514903376
0.6213831414934248,0.9259071103297174,0.8034800286404788,0.6958423214964569,0.06442746054381132,0.7687126582022756,0.09024404524825513,0.1383868984412402,0.24699458852410316,0.3006428263615817,16.717894415249646
0.7770713646896183,0.9020923748612404,0.3720867654774338,0.6960722247604281,0.07823976315557957,0.5075312985572964,0.9494903448503464,0.6746128534432501,0.3862385228276253,0.10585618996992707,17.34944878393943
0.05905395420268178,0.8980736064258963,0.6975369115825742,0.6305928027722985,0.09165991703048348,0.7356855918187648,0.20871630520559847,0.8376168762333691,0.685487894108519,0.4224245138466358,7.16335852558149
0.38432078598998487,0.1501501442398876,0.07306907372549176,0.9861290247645229,0.12325948593206704,0.45786042232066393,0.6266010827384889,0.2906014136970043,0.05805672472342849,0.06815224629826844,16.048987714228197
0.06372948084026575,0.3685854780487716,0.4274794899392873,0.8175417669117451,0.5428241020999849,0.0958880337420851,0.31628381297923625,0.5402468573302031,0.3556232932023704,0.6106290286406875,11.962542254495409
0.4646213795058429,0.1122990739531815,0.11437896871939301,0.8942847070284188,0.7544852367136627,0.4402090688236058,0.45584068028256297,0.3304777522571385,0.4968139461707324,0.2872714074328542,17.110488971493556
0.36026853253133595,0.09066583565436304,0.7157444320619106,0.6588851450942457,0.1815812150016427,0.7651230595074594,0.3831568427849561,0.6655563362874091,0.49555743788369,0.05149740423075855,10.843600354185657
0.13135307654738426,0.7460247725248337,0.9096639701165259,0.4537782908882946,0.6125333264935762,0.8815638495143503,0.4991620092187077,0.8461099423002452,0.12181187327951193,0.12997074192389846,14.19014656500485
0.32595943682827055,0.9260831505525857,0.15385820856317878,0.25311170564964414,0.4764287911821157,0.007696680957451463,0.12805147166363895,0.031838662223890424,0.8312126095406711,0.9824677356518805,16.587721513334685
0.16708436235785484,0.0688767593819648,0.588566034566611,0.46109144832007587,0.6918725373689085,0.381711931200698,0.2992092047352344,0.21105343871749938,0.9058837040793151,0.8231966232415289,8.933385700539894
0.4076350820250809,0.6698560300283134,0.921175965340808,0.20584445749409497,0.07461482658982277,0.2803221249487251,0.9269816651940346,0.592677153646946,0.8965074801817536,0.13164331507869065,10.953773507525838
0.8846402759663761,0.2993927870411426,0.3329391744919121,0.6845876614097506,0.38446303945966065,0.9281913749873638,0.6335938002448529,0.7667029697913677,0.3881484349258244,0.8818767946213484,17.695017398928393
0.016488585388287902,0.022056031739339232,0.4769288799725473,0.22929753945209086,0.5891727383714169,0.6141008555423468,0.5738293777685612,0.09270321670919657,0.3368020779453218,0.9140963591635227,5.810855052661784
0.8276249300688505,0.0206493369769305,0.4891968301963061,0.33151519671082497,0.017278342740610242,0.09539200784638524,0.1392463545780629,0.3265521270222962,0.039802210638299584,0.12070834101177752,3.810299409560333
0.7126520837191492,0.14490455808117986,0.17846004897728562,0.4671628780197352,0.1514879558235407,0.4512375427875668,0.2132170561235398,0.5288405660539865,0.5925755784846842,0.7128719452302903,9.881132459468178
0.9786786776967347,0.9139029546640813,0.09099687868729234,0.0899701218586415,0.4193466657306999,0.3136615795083344,0.585511532612145,0.7841116318013519,0.7731526927091181,0.9320469913072884,9.007381164715161
0.8542524771764874,0.2564320818055421,0.48137622931972146,0.3899435184430331,0.6390303578227758,0.5552543853409588,0.7721963501535356,0.029155767057090998,0.6120287396479398,0.5855240817181766,13.638696257679722
0.5855677644722164,0.8879699874669313,0.9940561982803047,0.23360070562921464,0.13249412714503706,0.6713786826003343,0.7786546507850289,0.7068599564954638,0.3954503769055009,0.9956781144719571,18.673470356512905
0.10032530548051,0.02670636004768312,0.20057860924862325,0.15479733212850988,0.41162194474600255,0.08630471210926771,0.7999725211411715,0.9036764148622751,0.9730025276076049,0.9146438832394779,5.974300799978306
0.5879517325665802,0.6642209603451192,0.8227600771933794,0.8423238119576126,0.9610904708970338,0.9745556947309524,0.41809399612247944,0.7603629424702376,0.15311923949047923,0.7858177362941206,24.589607307249565
0.03402263252064586,0.23847245750948787,0.4173903362825513,0.008335504680871964,0.35992570826783776,0.9470850839279592,0.9629976146388799,0.9870108829345554,0.3093362597282976,0.6443512786645442,1.9553808521727758
0.5815338487736881,0.6910521208774298,0.613612272311002,0.4150183806195855,0.8146546648349613,0.7831134619191289,0.4092493704520166,0.0006388779729604721,0.5390686830505729,0.6064866418018937,18.40216110685748
0.2634663344360888,0.7608530018478632,0.0026175559032708406,0.9120569322258234,0.9264320312067866,0.10868953401222825,0.059449607972055674,0.4186458473559469,0.3813075590878725,0.13313227822072804,26.546210842387207
0.27434677304700017,0.4101908083539456,0.5943037180695683,0.3178862906061113,0.9104596588294953,0.8249980409163982,0.1685527958907187,0.8771860909182578,0.374982280889526,0.5285185808315873,10.570322117857607
0.6153095569461584,0.2670559480320662,0.5616388588678092,0.00980913219973445,0.23550951667129993,0.74763009743765,0.9369885441847146,0.44695391692221165,0.06363244680687785,0.6319322665221989,6.439971637659945
0.30698833405040205,0.17606895696371794,0.707440905738622,0.816624122671783,0.9606887681875378,0.9044862654991448,0.7740005697123706,0.03736919490620494,0.6143816011026502,0.7659570565447211,13.804596817290236
0.7959128450602293,0.9771846877411008,0.793126204283908,0.9618281642906368,0.8269026770722121,0.8268046237062663,0.5033880742266774,0.5617889433633536,0.7130332326050848,0.254299612948671,21.98283568541853
0.6132731619291008,0.22951272269710898,0.9129339037463069,0.025556119391694665,0.9678023506421596,0.4176687868312001,0.3365677120164037,0.9054410846438259,0.3611113145016134,0.14649086585268378,14.335288575720158
0.8273493675515056,0.9335352194029838,0.9997200320940465,0.11927799484692514,0.275995786068961,0.7711833820212632,0.6099827536381781,0.3577330110128969,0.4853039064910263,0.5626037800684571,13.464994233132721
0.1908733299933374,0.00026209745556116104,0.2766990417148918,0.6707812109962106,0.11376496194861829,0.3077637117821723,0.9008241202682257,0.303536792518571,0.6901105709839612,0.8904964956454933,8.01239389050515
0.6277599283494055,0.16458467999473214,0.9645761151332408,0.08832212281413376,0.008199711563065648,0.4033236422110349,0.6278290557675064,0.022129321470856667,0.04477552184835076,0.7299623896833509,8.919724659364073
0.4935887255705893,0.6891282077413052,0.5117883535567671,0.5028497807215899,0.28611058136448264,0.8532241345383227,0.1838841214776039,0.3630897095426917,0.8278176002204418,0.3012052944395691,14.229574219755753
0.1392981274984777,0.12022885424084961,0.899998503504321,0.4425486256368458,0.705750415334478,0.8156129701528698,0.6777267339639366,0.16167788510210812,0.5967672804836184,0.722048849798739,12.672126552153328
0.03859175997786224,0.16391014284454286,0.9559187279082835,0.8131329806055874,0.09978192788548768,0.7134676179848611,0.7978811291977763,0.10669862292706966,0.7184410491026938,0.5378929357975721,13.847886691993441
0.23957049124874175,0.4588066032156348,0.3423422856722027,0.25954235391691327,0.019843418849632144,0.9799162147101015,0.3077639085240662,0.31779974792152643,0.11912253638729453,0.1915133260190487,6.030088651003556
0.9707139432430267,0.0347223780117929,0.26359563088044524,0.666004026774317,0.2480307857040316,0.78833346394822,0.7702326725702733,0.8255975963547826,0.4884355925023556,0.6722210410516709,8.963010431366932
0.3550749772693962,0.6270213711541146,0.6796174591872841,0.6857546393293887,0.9871083495672792,0.1081313646864146,0.5544694792479277,0.7137865184340626,0.5229133409447968,0.5897278736811131,20.145352146963674
0.6114681414328516,0.3116721701808274,0.6226201793178916,0.9484855001792312,0.7078324796166271,0.9764107493683696,0.7115448811091483,0.061961879720911384,0.7824641435872763,0.2502520536072552,18.771763000855728
0.9740834070835263,0.6996128908358514,0.10987222311086953,0.11245348630473018,0.5016524191014469,0.32394164870493114,0.969748028088361,0.7435236712917686,0.04099498479627073,0.5181289627216756,14.845580443086213
0.08412566431798041,0.4030449097044766,0.22275350731797516,0.805662001715973,0.9120442492421716,0.5913451439701021,0.0012866384349763393,0.7977459852118045,0.656542525626719,0.7952044841367751,15.30104974775997
0.243419200880453,0.60948850447312,0.7442096641752869,0.05295723304152489,0.4756966445129365,0.2565001405309886,0.7400793258566409,0.40865081548690796,0.006603075889870524,0.5815202433150262,8.103287407414388
0.7469622960779816,0.47692609555087984,0.11568064405582845,0.08268450084142387,0.1616656892001629,0.06546402839012444,0.14933500508777797,0.4963003774173558,0.407033855561167,0.5198358416091651,12.90014916759338
0.3345246862154454,0.7799380079377443,0.204691540915519,0.5326106145512313,0.24116811528801918,0.7574523221701384,0.05084357364103198,0.9742248402908444,0.004910821560770273,0.7436034176498652,16.806065847930007
0.9364091854076833,0.32992481044493616,0.20837029605172575,0.7359853552188724,0.3354234853759408,0.6558552461210638,0.47318534879013896,0.6076896144077182,0.17114288941957057,0.26519900211133063,20.31238719841953
0.9196413361933082,0.13376189302653074,0.9636388861108571,0.28226935607381165,0.8175968488212675,0.0681479717604816,0.02856967458501458,0.8588577194605023,0.5667941956780851,0.9667509314604104,15.274806479866987
0.7508955872617662,0.24342405539937317,0.8948787564877421,0.18181347218342125,0.08825582638382912,0.25312997540459037,0.08733664988540113,0.05142736551351845,0.3211762481369078,0.23527969396673143,10.963803861966802
0.2754528478253633,0.7508324484806508,0.8547428823076189,0.24574756692163646,0.5652198304887861,0.780319738201797,0.9118423063773662,0.10648000938817859,0.1820751172490418,0.5998087767511606,14.135043562282585
0.02728063869290054,0.009058426599949598,0.607642971444875,0.5627281870692968,0.06313953595235944,0.32999789086170495,0.9619038919918239,0.8422490817029029,0.017191297141835093,0.6110039080958813,6.143852123580207
0.27522250078618526,0.8273195237852633,0.9857826491352171,0.9314882212784141,0.6942552272230387,0.22825318295508623,0.33930621831677854,0.3590261903591454,0.6599914119578898,0.5922498151194304,25.514988430835622
0.24435921595431864,0.42291941749863327,0.1552130829077214,0.8865104746073484,0.20020144316367805,0.5587680661119521,0.4280546170193702,0.7523788963444531,0.2394447496626526,0.16398108773864806,14.012038120508043
0.0602333047427237,0.19629192678257823,0.9766401581000537,0.34009615355171263,0.9891333701089025,0.3889313107356429,0.9229368548840284,0.21126692811958492,0.5324433038476855,0.2598370723426342,12.569510591487987
0.35827091918326914,0.6237323118839413,0.780075770104304,0.9174953827168792,0.09493146650493145,0.199607111280784,0.9083484527654946,0.2224850037600845,0.6848091050051153,0.6431066170334816,17.085451194982152
0.403577797813341,0.7188030227553099,0.17813063319772482,0.8635774627327919,0.2712583856191486,0.1804804028943181,0.5453090199735016,0.7031395037192851,0.5769613236188889,0.9070618916302919,18.819784322935305
0.22134928894229233,0.9950638092122972,0.6143341788556427,0.7189625804312527,0.5176577041856945,0.4353558639995754,0.47412799182347953,0.655529007781297,0.6198564353398979,0.511627045692876,15.154992184870814
0.07645222684368491,0.5596337597817183,0.17071776441298425,0.40198428137227893,0.8102437581401318,0.6800050451420248,0.17274900735355914,0.6734044663608074,0.8390453751198947,0.5605045391712338,11.252655273285058
0.024807409150525928,0.5599827514961362,0.470117962686345,0.8838350779842585,0.2548401353415102,0.39744927058927715,0.5843856071587652,0.20881528942845762,0.5809683459810913,0.1248615977820009,11.241857293053712
0.6058368284720927,0.06776207010261714,0.38686944055370986,0.118955286918208,0.3418419249355793,0.9096407806500793,0.15681777335703373,0.5658441937994212,0.31271567824296653,0.030516722705215216,6.816851410274362
0.536266855429858,0.5547136510722339,0.2195789092220366,0.145783030660823,0.21169858239591122,0.6255379414651543,0.9266551008913666,0.8878418027888983,0.1890064417384565,0.4592976563144475,11.768638661814188
0.8261473425664008,0.02661043917760253,0.02154711540788412,0.8200044753029943,0.474005414173007,0.38587072445079684,0.5644692413043231,0.42403037170879543,0.39512006007134914,0.17054972611367702,16.9971481200004
0.6553652016445994,0.7633329229429364,0.7445710063911974,0.08597263926640153,0.3812269405461848,0.1972811499144882,0.5844051961321384,0.31784925190731883,0.7296095022466034,0.5236717737279832,15.366446470206707
0.4082322232425213,0.8390689545776695,0.04293828899972141,0.014670987380668521,0.4610169711522758,0.9566491958685219,0.5332319806329906,0.6443689109291881,0.6967831319198012,0.966543290996924,15.583582587247664
0.5996258358936757,0.9815824145916849,0.012663584202528,0.18690086854621768,0.2519482986535877,0.053852471290156245,0.37232563248835504,0.48947007511742413,0.23499190039001405,0.7452499957289547,17.042343719722684
0.7006422218400985,0.46852743858471513,0.21617766236886382,0.32174418843351305,0.7691116253845394,0.16376167885027826,0.3440685060340911,0.5856209166813642,0.38331899465993047,0.255499356193468,17.137976133359935
0.23737459466792643,0.6367910737171769,0.4071744433604181,0.013623576611280441,0.7668966741766781,0.5154835323337466,0.8062774369027466,0.28900877200067043,0.594744854606688,0.9225787934847176,8.25442658851171
0.30657517933286726,0.19294516486115754,0.10605540848337114,0.9917894066311419,0.8530500326305628,0.34605537611059844,0.08387184818275273,0.05109324865043163,0.5347536278422922,0.6874763339292258,20.213102750800157
0.4567954440135509,0.8902880179230124,0.3366932838689536,0.27944570360705256,0.16470127319917083,0.012946594972163439,0.039040525909513235,0.09464831533841789,0.17824850138276815,0.32928745122626424,12.41503780562404
0.4208286860957742,0.29529194300994277,0.17934723221696913,0.15285991807468235,0.771912844851613,0.746224555419758,0.291282374644652,0.019120107404887676,0.42878083954565227,0.5822217452805489,10.219107707880951
0.000160308089107275,0.22275897348299623,0.9773368567693979,0.9472252333071083,0.7930174935609102,0.0869740683119744,0.573680242523551,0.6128614160697907,0.1908108601346612,0.6885060649365187,18.03872918033915
0.38236155081540346,0.8268930346239358,0.9572098881471902,0.16192022012546659,0.13604348083026707,0.36767626577056944,0.27609133860096335,0.3619982935488224,0.5438420947175473,0.4298445514868945,14.866209341448238
0.28543519298546016,0.6757194877136499,0.9345401730388403,0.6006569699384272,0.94789012754336,0.6628519103396684,0.5084004511591047,0.3367117929738015,0.8400511890649796,0.05406293040141463,19.685361740162744
0.5994358411990106,0.9335713689215481,0.25402611563913524,0.7884810529649258,0.46679553925059736,0.7346250384580344,0.774494978133589,0.2849137701559812,0.7775851669721305,0.6386211081407964,21.39108877988392
0.7593671965878457,0.8759936119895428,0.5195190543308854,0.7380330751184374,0.1233392464928329,0.45171832921914756,0.8270242302678525,0.7562903114594519,0.1687788930721581,0.8031642425339669,16.450840949542904
0.1828528423793614,0.7342198542319238,0.7413460784591734,0.05709236953407526,0.4414360213559121,0.855552525492385,0.2817430878058076,0.9681494031101465,0.6244433557149023,0.2172248144634068,7.81763370170831
0.6058788648806512,0.8348230714909732,0.8439856255427003,0.9838487980887294,0.797023736871779,0.7981445172335953,0.8864132459275424,0.7800542854238302,0.2698039566166699,0.52748177270405,26.384485319058076
0.8265099716372788,0.494948604144156,0.5820460328832269,0.7007716104853898,0.10036865109577775,0.10188396833837032,0.3175380288157612,0.3740204793866724,0.39662606129422784,0.513485211879015,19.00984581385603
0.8132648547179997,0.8073657397180796,0.8665306456387043,0.9978384256828576,0.4360224651172757,0.5260247515980154,0.5320237427949905,0.002361961640417576,0.7553174705244601,0.053825278067961335,22.489514344105338
0.9022762349341065,0.9313769543077797,0.5244853459298611,0.6496884599328041,0.6794787559192628,0.7656704462133348,0.37500530923716724,0.1963487130124122,0.04978703218512237,0.8023681368213147,15.352875824062249
0.7003861356060952,0.511236032936722,0.9673522072844207,0.4449200264643878,0.18562281574122608,0.1807343561667949,0.771856397157535,0.46504237805493176,0.03680574079044163,0.49387064948678017,19.343027335669678
0.13658625027164817,0.7546910000964999,0.2619298540521413,0.3975735080894083,0.037893463391810656,0.2602061617653817,0.8597732644993812,0.734591266606003,0.6802651011385024,0.8772024714853615,10.36588782844261
0.38957852963358164,0.5911135782953352,0.08644932182505727,0.1253129937686026,0.38297785609029233,0.10688239661976695,0.1302188797853887,0.07390530128031969,0.6048062758054584,0.4655159506946802,13.836670480079025
0.30172337288968265,0.7451153511647135,0.6624409439973533,0.6780901423189789,0.8936038177926093,0.2031099391169846,0.3901957559864968,0.30643735150806606,0.5252962259110063,0.4075512357521802,19.12975974294618
0.8947335567791015,0.8251231997273862,0.09499391657300293,0.6578542867209762,0.9105325678829104,0.38609998766332865,0.3268700654152781,0.6666033358778805,0.9018059759400785,0.13795858807861805,21.2903214713316
0.6860712117049843,0.41729824827052653,0.3579970409628004,0.2559182138647884,0.04174782242625952,0.9175968545023352,0.8620772112626582,0.6817898347508162,0.28279012185521424,0.3594692253973335,11.666756740694941
0.04120497754774988,0.16342312167398632,0.6104128770530224,0.03221539012156427,0.877598075196147,0.3388642536010593,0.4750009239651263,0.13220580015331507,0.2581088040024042,0.183405258692801,4.784028628370899
0.5997795034199953,0.8014896370004863,0.07996404869481921,0.21366503555327654,0.049588909139856696,0.9634237382560968,0.553276329068467,0.5593040520325303,0.7375844207126647,0.7532750614918768,16.249854425997174
0.08184297638945282,0.7497763065621257,0.7760129177477211,0.3389537581242621,0.20472310506738722,0.943496489431709,0.8246838059276342,0.2638923120684922,0.33753849286586046,0.8556411843746901,6.416670922768168
0.5232058640103787,0.40995789878070354,0.704112789593637,0.8690610902849585,0.9998201883863658,0.7447122030425817,0.8187375294510275,0.8456211884040385,0.6546220686286688,0.2532567926682532,22.927893297938315
0.6286037417594343,0.5836541403550655,0.3813605853356421,0.27711791917681694,0.34214687859639525,0.9920380031690001,0.4879211375955492,0.6289401543326676,0.5571386800147593,0.42280106875114143,14.32294823747699
0.854701773962006,0.0334002326708287,0.5843150119762868,0.17414158512838185,0.24671769281849265,0.0671732157934457,0.16104284510947764,0.7348934873007238,0.1414155967067927,0.6420462452806532,4.562951521380756
0.07913047354668379,0.9314594534225762,0.13666667928919196,0.24091215967200696,0.07926387502811849,0.36733075231313705,0.19812789396382868,0.006716161035001278,0.9691020094323903,0.6228010281920433,6.961134617874552
0.9399354616180062,0.2014060220681131,0.017087396699935198,0.43470485089346766,0.8331547353882343,0.4816903399769217,0.42274445248767734,0.14410261157900095,0.22280927444808185,0.5468085501343012,18.61812434925538
0.6550456599798054,0.6088309611659497,0.2871884647756815,0.6281372953671962,0.5979173874948174,0.5125359385274351,0.5252027090173215,0.3264110304880887,0.1300901509821415,0.8349173699971288,19.723619504117806
0.411692924099043,0.2737045541871339,0.6112163530196995,0.9752187426201999,0.08868230087682605,0.5279278594534844,0.8666216703131795,0.7771123701240867,0.8212639540433884,0.6789506580680609,14.618310901004122
0.10082535352557898,0.9309344938956201,0.4405566391069442,0.6777610874269158,0.5991413344163448,0.37665214110165834,0.6354240372311324,0.7866136059165001,0.4740834226831794,0.6269002319313586,11.522972398071708
0.8389095403254032,0.12316935718990862,0.6468148187268525,0.45526940282434225,0.868116082623601,0.27533861761912704,0.9995488384738564,0.5849733129143715,0.08006189088337123,0.3665330254007131,12.975675956714724
0.11282805702649057,0.41130342124961317,0.47037084167823195,0.7907581992913038,0.6783860879950225,0.3142178482376039,0.9157512341625988,0.9415165318641812,0.5328673296608031,0.07633695402182639,11.526037295492344
0.5961406510323286,0.02877118531614542,0.29845184250734746,0.5476977112703025,0.26696757273748517,0.4821716530714184,0.6292982536833733,0.7756660974118859,0.06682469719089568,0.2820826335810125,10.090913407991874
0.8442153339274228,0.4391932070720941,0.7994874739088118,0.4563203970901668,0.6277943577151746,0.3676205617375672,0.45875553018413484,0.7715680047404021,0.3589820764027536,0.8566386073362082,18.95403612529076
0.4293720356654376,0.9593729726038873,0.39770949468947947,0.23104419722221792,0.26257925922982395,0.6819367506541312,0.5887422647792846,0.7847515575122088,0.003760961815714836,0.33479620912112296,13.15631882479334
0.9874597324524075,0.9533940404653549,0.18707234831526875,0.7860135638620704,0.42863866803236306,0.5787313210312277,0.7524794165510684,0.0322222295217216,0.480089767370373,0.8829458756372333,12.504737748216877
0.9821848133578897,0.22724747424945235,0.0833620042540133,0.3362206306774169,0.07483893889002502,0.38760090922005475,0.15048193815164268,0.32990661240182817,0.885245805606246,0.6535514548886567,14.079701340283783
0.5693076569586992,0.7770136166363955,0.22119551408104599,0.08507940056733787,0.5353752258233726,0.20693503343500197,0.28873927844688296,0.5306407394818962,0.6129929758608341,0.35003523947671056,13.666917556222366
0.40946447220630944,0.24737740657292306,0.6102391735184938,0.8418648412916809,0.3985849835444242,0.7212751961778849,0.2327243930194527,0.6914753990713507,0.21196140116080642,0.6307018711231649,14.391931229052577
0.19942623563110828,0.3035035540815443,0.4425119261723012,0.7043765913695097,0.4220287911593914,0.14608437777496874,0.8156412134412676,0.5547414713073522,0.9858603638131171,0.4122183269355446,12.289310183792882
0.7468554868828505,0.6660548506770283,0.03376200585626066,0.7087061835918576,0.317231860011816,0.5184880674351007,0.15253568231128156,0.240693575469777,0.21982320467941463,0.662207102868706,24.027664379607643
0.16575349168851972,0.7053047297522426,0.3390709317754954,0.6686945317778736,0.829569298075512,0.22534708608873188,0.8006997862830758,0.39381386199966073,0.6806323796045035,0.7333897792268544,13.90364211328945
0.9898379296064377,0.10446114186197519,0.7117457240819931,0.49149966542609036,0.02944624563679099,0.7301542942877859,0.23387167393229902,0.7012337129563093,0.9609958291985095,0.842653947416693,8.527802119685642
0.9493108792230487,0.6044680022168905,0.9393732477910817,0.7891071836929768,0.15952795650810003,0.524745486676693,0.9668939064722508,0.2408818956464529,0.996522210072726,0.8258615918457508,22.805754928008152
0.009290507063269615,0.10900051798671484,0.9604490958154202,0.9030415487941355,0.26533287740312517,0.20543515495955944,0.037720354506745934,0.2782903192564845,0.19272159016691148,0.5402310085482895,16.048603432797222
0.06477766926400363,0.03613007813692093,0.9000527292955667,0.932253607083112,0.33644848712719977,0.24461906077340245,0.3481647453736514,0.37033913820050657,0.15848145238123834,0.8914915618952364,14.579743119230356
0.5009972676634789,0.6799992579035461,0.15270766313187778,0.7697155862115324,0.7974369756411761,0.15092113171704113,0.32278617448173463,0.9199872876051813,0.6330950660631061,0.44337011710740626,23.361075731524544
0.3525475040078163,0.7981826250907034,0.42059588758274913,0.1618908995296806,0.5901361028663814,0.7322281105443835,0.7534978205803782,0.10907973675057292,0.9379678866825998,0.6832755857612938,12.941434409261316
0.5512383312452585,0.43323435354977846,0.07816585735417902,0.044496991438791156,0.4123935548122972,0.8308697536122054,0.5137056251987815,0.6744603489059955,0.2031199166085571,0.4178111581131816,12.536954038663499
0.08180031506344676,0.3137259029317647,0.907479296438396,0.15298490598797798,0.14760244358330965,0.41388984816148877,0.8180489270016551,0.35993216605857015,0.04687984869815409,0.10252653062343597,6.009905834274259
