x0,x1,x2,x3,x4,x5,x6,x7,x8,x9,y
0.22012689406983554,0.10971369873732328,0.8679218927863985,0.6170088956132531,0.909769807010889,0.7619212768040597,0.349534293403849,0.5944448516238481,0.486540136160329,0.3793404414318502,13.151806472849474
0.5851913020014763,0.015824878122657537,0.43892962392419577,0.24269292340613902,0.28302907361648977,0.9361110152676702,0.22294638818129897,0.12130295345559716,0.9007412826176733,0.11526544392108917,4.7381020541432965
0.7416095179505646,0.4492646702565253,0.9491267991252244,0.2521408835891634,0.13235529814846814,0.4374477833043784,0.07205614331178367,0.9613008226733655,0.44980951864272356,0.0923738912679255,14.74465291838676
0.20957736787386239,0.551441190764308,0.6740429322235286,0.5109305011574179,0.9533675857819617,0.33851632778532803,0.3851702807005495,0.8876533794682473,0.2993860151618719,0.3441395964473486,12.266288498476207
0.2616305451374501,0.8751791745889932,0.92784781800583,0.7266739171463996,0.23340174369513988,0.7075558938086033,0.9861650327220559,0.6847622583154589,0.01489165029488504,0.22864085133187473,19.212532901129126
0.4284643605351448,0.26607001782394946,0.9516225431580096,0.487245881697163,0.24850720586255193,0.39897066121920943,0.716159995412454,0.6338134442921728,0.8863172088749707,0.7207086395937949,12.426340554355969
0.26731474744156003,0.25267432094551623,0.23761622328311205,0.856920754769817,0.417958376230672,0.03085220674984157,0.25552914943546057,0.7395503942389041,0.8695406487677246,0.022346056066453457,13.323751399864324
0.337315451586619,0.2269940807018429,0.9688661899417639,0.6792868708726019,0.6976546470541507,0.873293092707172,0.02165990136563778,0.6355963584501296,0.2283982872031629,0.7443819136824459,16.786039348054747
0.2320760388392955,0.919853713363409,0.31167656066827476,0.5382923162542284,0.028206666465848684,0.29464744916185737,0.009949393337592483,0.8678857062477618,0.17277541710063815,0.3520710051525384,11.982797223783813
0.7925850769970566,0.8344935735221952,0.8458612272515893,0.5846872758120298,0.10496381553821266,0.9855012584012002,0.44328737747855484,0.14441083767451346,0.6414958017412573,0.8036321860272437,18.031827290408128
0.15905358688905835,0.09699585917405784,0.01470043626613915,0.38116632611490786,0.55494867824018,0.1529589155688882,0.05222673690877855,0.3596212579868734,0.045082322089001536,0.8602726734243333,11.059791462656358
0.21911182976327837,0.21883570170029998,0.02265421743504703,0.8030692373868078,0.7097416680771858,0.6705768797546625,0.979106234619394,0.6225570875685662,0.9029334778897464,0.9429003761615604,17.7785843396207
0.6523457313887775,0.21466039819642901,0.6706625302322209,0.6287481570616364,0.17970183840952814,0.9117463955190033,0.42814988014288247,0.7928585193585604,0.42011527880094945,0.02694836864247918,11.023832972038685
0.3881195457652211,0.07299768272787333,0.12803380796685815,0.8798786464612931,0.5697691214736551,0.1940026597585529,0.7395655361469835,0.2289481859188527,0.261763647897169,0.21734113083221018,14.859023577149175
0.20977966976352036,0.4659020269755274,0.5498516156803817,0.6590492920950055,0.746833472745493,0.03280805260874331,0.02967786882072687,0.09171827253885567,0.20983304968103766,0.8911857211496681,13.232433782155674
0.8530312865041196,0.6669754101894796,0.3143103658221662,0.22774035949259996,0.8273849268443882,0.1965034231543541,0.12471035541966558,0.36927609774284065,0.9067018928471953,0.7046674084849656,16.74889696026335
0.07993772509507835,0.11608938849531114,0.08861099556088448,0.9940890877041966,0.7629292481578887,0.6307842067908496,0.5572153287939727,0.7859353362582624,0.7495056260377169,0.31158053036779165,18.81067827507216
0.162085248157382,0.4893422352615744,0.7816033011768013,0.28672120929695666,0.5541725154034793,0.07250039465725422,0.902862116927281,0.5930883951950818,0.45473748608492315,0.3122920012101531,8.4355034402349
0.5540178131777793,0.24449639045633376,0.16801853408105671,0.26510535925626755,0.5380601258948445,0.31610024766996503,0.9315076358616352,0.6667702936101705,0.28441291279159486,0.13163498393259943,10.821774435278394
0.13370695803314447,0.5194501040969044,0.20264847413636744,0.5920583971310407,0.06747884559445083,0.9774438026361167,0.7347822915762663,0.816460587317124,0.30654196976684034,0.012226002523675561,11.072518822187476
0.2713788643013686,0.4040091563947499,0.6081627560779452,0.002779528731480241,0.3589418341871351,0.004368041642010212,0.019455405417829752,0.7849555956199765,0.50999133172445,0.10146922548301518,6.121753905181468
0.8469099306967109,0.0323035295587033,0.686715075513348,0.9824040241073817,0.40651964605785906,0.422565147979185,0.2920149152632803,0.8693116733338684,0.1574590285308659,0.9198533149901778,12.986557343607949
0.9558905642479658,0.4540193388238549,0.2472745853010565,0.2604751691687852,0.5597253812011331,0.03319528209976852,0.25773050310090184,0.7366240073461086,0.0686882936861366,0.32412432273849845,15.57643080967679
0.8821553117595613,0.8805525053758174,0.7969361748546362,0.4384457275737077,0.43210971052758396,0.9466682996135205,0.311564628733322,0.4208122317213565,0.5182897890917957,0.41445080703124404,14.53683214987418
0.30226548993960023,0.20973143982701004,0.2088318755850196,0.8639254667796195,0.1976392320357263,0.2998273428529501,0.14230344910174608,0.3312359342817217,0.46592841669917107,0.2593564195558429,12.202346104196396
0.8105548489838839,0.35313240508548915,0.23906963737681508,0.4039328070357442,0.9561851867474616,0.6411858273204416,0.7916858859825879,0.5872642418835312,0.9614469038788229,0.3575344434939325,18.198331888898334
0.980642325244844,0.9249718566425145,0.18004776071757078,0.2829671779181808,0.8542827388737351,0.22386842663399875,0.2516419538296759,0.5544243329204619,0.4699217376764864,0.7916018539108336,10.685037927117781
0.44694801792502403,0.295022250385955,0.42166615021415055,0.20467350096441805,0.6891685295850039,0.7456611341331154,0.8456816782709211,0.04050035774707794,0.27271041576750576,0.7245829082094133,12.068739184703428
0.30082329805009067,0.7839972560759634,0.313444584608078,0.8277681905310601,0.6482795507181436,0.6006464306265116,0.24860887229442596,0.8675228788051754,0.3742386482190341,0.04577652411535382,19.45385424740627
0.7076714097056538,0.750059106387198,0.5126556335017085,0.2964043323881924,0.6217704138252884,0.7868930692784488,0.9315000472124666,0.1252254224382341,0.7130532904993743,0.22964787925593555,16.340966559930283
0.40191691857762635,0.867550503462553,0.693727781297639,0.9245924500282854,0.11910341493785381,0.59181376430206,0.030553340213373303,0.597615695791319,0.3738140428904444,0.10970590659417212,19.139452956079868
0.45464150235056877,0.7618503673002124,0.9212760275695473,0.9336865737568587,0.12602290138602257,0.9363478343002498,0.5245683421380818,0.22954644192941487,0.8122135102748871,0.15856779157184064,20.98326543886521
0.3041654077824205,0.4785919722635299,0.25612200144678354,0.2798613687045872,0.2966886395588517,0.04234049189835787,0.7555554462596774,0.8133555764798075,0.26399866165593266,0.9582734750583768,10.111406792803045
0.318490402540192,0.6879654780495912,0.7530573310796171,0.9737221761606634,0.04708166769705713,0.514144822023809,0.4118268950842321,0.4231294428464025,0.3847101521678269,0.1186345275491476,18.59164471816805
0.5656778500415385,0.765354739734903,0.7511726904194802,0.616624676855281,0.8855465003289282,0.03367081028409302,0.05791978049091995,0.23010273557156324,0.10640443116426468,0.5275190500542521,22.190098987715288
0.2554394386243075,0.4907684032805264,0.9116219978313893,0.366913077654317,0.6392359386663884,0.8868163644801825,0.22193618048913777,0.24812484462745488,0.42649123235605657,0.5972733872476965,14.836310229448626
0.6913675863761455,0.42038162727840245,0.11616626591421664,0.36847702553495765,0.03386720269918442,0.9626093558035791,0.7070109671913087,0.9760397085919976,0.623498285189271,0.9596977152395993,15.35170035862021
0.7809453024528921,0.026190140284597874,9.582820348441601e-05,0.894970754859969,0.11253241845406592,0.4543489625211805,0.9683574985247105,0.3939698776230216,0.23341209813952446,0.24669814691878855,15.152432020213594
0.3935360084287822,0.1126345966476947,0.2018940404523164,0.4914230448193848,0.1437618585769087,0.21241503674536943,0.17875155480578542,0.35407004063017666,0.34255599486641586,0.6264132175128907,10.723196588658505
0.798022584291175,0.8315026860218495,0.6705949052702636,0.05335316271521151,0.3884492707438767,0.16694411798380315,0.41704828990623355,0.18774880119599402,0.23204666236415505,0.6878140184562653,11.521517307081957
0.8812791844829917,0.695969729218632,0.22544030216522515,0.3559207955840975,0.2282908500637859,0.6466413200832903,0.20837238198146224,0.3395919019822031,0.576757313683629,0.6324183566030115,14.72418126043222
0.990585257532075,0.6518669123761356,0.32942365133203566,0.9707439481280744,0.8228970807977021,0.1501302933320403,0.660846978193149,0.3601955787744373,0.9073359847534448,0.1207193317823112,24.11811033228633
0.4669914375990629,0.7562739527784288,0.7775717230979353,0.44536689878441393,0.21018034545704722,0.5684093914460391,0.6066564933862537,0.6365631010849029,0.930554392747581,0.5043749080505222,16.05101226263631
0.5668400702998042,0.8069510494824499,0.5698707408737391,0.5233417472336441,0.0883758319541812,0.13970058201812208,0.9379193948116153,0.5896316953003407,0.2909235779661685,0.2916137217544019,13.085890456639373
0.6467723893001676,0.37726352526806295,0.10053562046959996,0.3608084025327116,0.1760198997799307,0.18821039772592485,0.29933435283601284,0.5470348075032234,0.09560954850167036,0.1562078210990876,16.77548955389858
0.5990135564934462,0.9437609848100692,0.5273425714112818,0.9750087624415755,0.43218208057805896,0.8214599238708615,0.6411565677262843,0.7730723412241787,0.3369142129085958,0.1959305671043694,21.340570932516393
0.11381756071932614,0.3194947885349393,0.89235336962156,0.7682587758172303,0.046779816038906574,0.8231639647856355,0.7937165228649974,0.6586307901889086,0.5599195985123515,0.023574418621137738,12.992901401925437
0.6193242918234318,0.675723422318697,0.7043307174462825,0.48806550982408226,0.9353811563923955,0.632860355777666,0.2985622265841812,0.359074326697737,0.4885437716729939,0.25847516441717744,20.372276622267016
0.7177319501060992,0.6393440014217049,0.8289499785751104,0.8541497967671603,0.4527286172378808,0.21867025061510503,0.7400350363459438,0.3442060789093375,0.455236938316375,0.7540862511377782,23.9817620977029
0.6996131311170757,0.324484363431111,0.36913363612256944,0.8407151221763343,0.5746421946678311,0.3945429543964565,0.3047392435837537,0.31271678605116904,0.7123205063398927,0.8309049115050584,16.980877015360498
0.8808833882212639,0.07389101246371865,0.6151755042374134,0.4366472491528839,0.10602520895190537,0.3443541417364031,0.5656090606935322,0.43639445351436734,0.7107299224007875,0.8721246658824384,6.5049341780010606
0.4692186126485467,0.0932086140383035,0.012695807730779052,0.054923541843891144,0.31445262348279357,0.20181140932254493,0.017601523082703352,0.4749921273905784,0.990381540497765,0.5181462466716766,8.230764544630633
0.7733835882972926,0.9806093510705978,0.24507058528251946,0.7627929660957307,0.2817889133002609,0.37778665334917605,0.6373158108908683,0.8684915371704847,0.5524839512072504,0.24298804625868797,15.91931171188288
0.6510875278618187,0.5537330901715904,0.8209461800288409,0.6798087703064084,0.9786096545867622,0.178646685089916,0.7388098977971822,0.1296894857659936,0.7350642394740134,0.7440477039199322,23.061563506463035
0.2612855189945549,0.9335612130817026,0.2192443166859448,0.4610843255650252,0.12468104809522629,0.4387828705366701,0.960606686770916,0.2051406956743449,0.004966206382960081,0.7774961949326098,12.078339428871594
0.5303448389749974,0.09051554184406996,0.30227491026744246,0.18333152495324612,0.3249924862757325,0.8586640893481672,0.2238279685843736,0.047341827768832445,0.17882573953829706,0.9992789945099503,4.842203982328443
0.7901980893220752,0.09599754377268255,0.4776951684616506,0.5626040201168507,0.26613289257511497,0.045904831727966666,0.5267003600019962,0.8709428592119366,0.783775293501094,0.289695794461295,8.611313132119928
0.8840437836479396,0.06981170154176652,0.0567687819711864,0.17414831090718508,0.6741257903631777,0.10616657650098205,0.039186167530715466,0.6251666459720582,0.2632761299610138,0.015225740149617195,10.67398260534874
0.07169620925560594,0.7519362387247384,0.3942188969813287,0.4232379156164825,0.18115213443525136,0.34441732871346176,0.6641729576513171,0.35661591007374227,0.6986291480716318,0.09405303024686873,8.917003220835111
0.7675688327290118,0.8625156113412231,0.38204117049463093,0.7321869286242872,0.986696018371731,0.2939892807044089,0.32105941232293844,0.6499116520863026,0.9158860286697745,0.14525485131889582,22.66654694268969
0.3487638467922807,0.5177396282088012,0.7941816453821957,0.23330665240064263,0.6051920540630817,0.6650527238380164,0.9881965192034841,0.607595052337274,0.014920032117515802,0.21606006589718163,11.92289070412553
0.21678065275773406,0.32615342969074845,0.6692932290025055,0.3977996096946299,0.2567263434175402,0.7478462299332023,0.23599400673992932,0.023070982890203595,0.42686886992305517,0.34875026252120733,7.713522536016304
0.7621262092143297,0.8441462067421526,0.025615493534132838,0.307812481187284,0.5498221800662577,0.5644461729098111,0.9571634905878454,0.9745968370698392,0.007412845501676202,0.9558108006604016,19.435304981969797
0.6965953139588237,0.18974924157373607,0.9350844328291714,0.37952978000976145,0.9416364403441548,0.12363706948235631,0.6000565628055483,0.42968185781501234,0.1330188033170998,0.937677031615749,16.500505027940594
0.3995563006028533,0.48629443324171007,0.8596262694336474,0.47363465395756066,0.4769184975884855,0.4464497878216207,0.21392961987294257,0.9244332585949451,0.6418530454393476,0.21786737604998052,15.711766179083241
0.8359951977618039,0.7349437295924872,0.38418323383666575,0.8937606262043118,0.2642087610438466,0.19451373419724405,0.39642732962965965,0.9212243717629462,0.5912306127138436,0.9093607584945858,20.757570363166842
0.5491678796242923,0.13910365849733353,0.5563672161661088,0.12132099829614162,0.7168502004351467,0.8656894701998681,0.8935656214598566,0.42148716538213193,0.7932926069479436,0.007163823116570711,7.030376196865182
0.8864633340854198,0.8740948394406587,0.3212075848132372,0.8116065799258649,0.8126690830104053,0.23985655861906707,0.029963386012241244,0.6028783016372472,0.27000864152796566,0.09379864251241088,19.093929108933104
0.5559755261056125,0.1078871504869312,0.6982968735974282,0.7119713583961129,0.43301388109102845,0.09004518715664744,0.23536717775277793,0.0575722421053797,0.9021197997499257,0.7639848315156996,12.086111712706193
0.0020355195738375187,0.14822608092799783,0.0645632732193917,0.8665864085778594,0.47716067475266755,0.6813065311871469,0.6923153207171708,0.6890440208371729,0.07278894702903926,0.15023238817229867,15.824936756435331
0.28544363053515553,0.8922596490010619,0.6837687480729073,0.23245297255925834,0.7872595340013504,0.49492155807092786,0.9270390446763486,0.23693068930879235,0.7708588754758239,0.6285491024609655,13.61880337642154
0.26128905452787876,0.40867388318292797,0.18022182793356478,0.35539722885005176,0.4046518262475729,0.8512290106154978,0.006753227673470974,0.20494042453356087,0.4967984950635582,0.6897300519049168,11.067973617741458
0.6747864307835698,0.7682192816864699,0.4495528405532241,0.9202733973506838,0.35130009101703763,0.09065359504893422,0.5465468373149633,0.9584486484527588,0.6445538795087487,0.8863876760005951,19.271015688099357
0.1389001605566591,0.6588173233903944,0.682939660269767,0.7924519758671522,0.9463416263461113,0.1820593192242086,0.5675157702062279,0.294179541291669,0.7982157750520855,0.4488096139393747,14.698685885559362
0.25334018864668906,0.9572053453885019,0.6682007003109902,0.3397296518087387,0.4284738074056804,0.9136178423650563,0.7631849674507976,0.10826682043261826,0.5895466131623834,0.7966072116978467,13.25594892755838
0.1475218483246863,0.08395749819464982,0.583528267685324,0.9399273050948977,0.022670099511742592,0.8869420331902802,0.16512974142096937,0.6729690774809569,0.6967598849441856,0.8012376106344163,11.03924044830442
0.9578616253565997,0.32839871710166335,0.09564025490544736,0.6722582429647446,0.6616185922175646,0.04482520371675491,0.4868736518546939,0.09096875274553895,0.7435159089509398,0.9948709551244974,20.846565487788656
0.7894467446021736,0.950491189956665,0.9018283940386027,0.46315153408795595,0.890529053285718,0.5898934199940413,0.8278604920487851,0.689651841763407,0.649329915875569,0.9513075558934361,17.563213872378647
0.2043179520405829,0.6226763692684472,0.7788759388495237,0.5983452410437167,0.9310367116704583,0.594998354325071,0.2640599231235683,0.1640375591814518,0.5797061971388757,0.08945325412787497,17.294423704277424
0.1261623571626842,0.9163082961458713,0.7069818589370698,0.8138093943707645,0.9233247986994684,0.8635740086901933,0.8449573263060302,0.682561484631151,0.5912100079003721,0.0383826931938529,15.894260762902826
0.731264969566837,0.5721921951044351,0.7737766723148525,0.5618837820366025,0.7263241515029222,0.9368865028955042,0.7609723559580743,0.31036566896364093,0.06338162580505013,0.06057042721658945,19.315852190592068
0.7326718200929463,0.2601992064155638,0.17083542561158538,0.01252720388583839,0.13214602088555694,0.7509110232349485,0.589495993219316,0.8663017274811864,0.028985226526856422,0.7090290316846222,8.424514131644624
0.14540676842443645,0.9812920209951699,0.21120011480525136,0.5421136079821736,0.8161950604990125,0.272040392505005,0.750416318885982,0.7961737783625722,0.36853794916532934,0.8540321204345673,14.859870740075324
0.7056051469407976,0.48041885695420206,0.03925403626635671,0.9820372194517404,0.3732012475375086,0.3891613071318716,0.40799875906668603,0.9267645732033998,0.8371100313961506,0.9357278631068766,22.37291343997847
0.35401632729917765,0.5195373136084527,0.9227762946393341,0.29077297961339355,0.21856213826686144,0.44256158359348774,0.8148874836042523,0.40193201368674636,0.23792211804538965,0.5847779095638543,13.670430035000253
0.1250298444647342,0.7834234663750976,0.7729457814712077,0.2769114412367344,0.5131952173542231,0.7396505856886506,0.015103124314919114,0.47837631590664387,0.49365316703915596,0.26983997062779963,9.281596503644215
0.7294307078700513,0.08983825799077749,0.2560776185709983,0.617785960668698,0.943569150287658,0.6780379363335669,0.5497339079156518,0.7574755537789315,0.1552314404398203,0.5684796860441566,15.805284559524582
0.19542762101627886,0.3536400569137186,0.8640987931285053,0.17161361989565194,0.0532628723885864,0.9533274106215686,0.645954423584044,0.41453833086416125,0.03753006272017956,0.08595971600152552,7.748033951579729
0.21196533064357936,0.9087028531357646,0.16082051186822355,0.18917872640304267,0.9375423532910645,0.7295006732456386,0.9707439271733165,0.7022698081564158,0.4636608944274485,0.21013755491003394,14.135254621704396
0.13350119860842824,0.31269583641551435,0.5929929146077484,0.9465523334220052,0.28549887565895915,0.49202774418517947,0.9687057945411652,0.3803651698399335,0.866760520497337,0.12588357413187623,13.658979762610375
0.5173632695805281,0.5650651452597231,0.6830207398161292,0.8294408686924726,0.8749996551778167,0.0017195309046655893,0.49628322082571685,0.28960518492385745,0.48845740989781916,0.9219209607690573,21.590475236261973
0.12175359739921987,0.7748267780989408,0.26650219201110303,0.6504844326991588,0.13195265992544591,0.0710973902605474,0.47114327433519065,0.8892786572687328,0.06529061938636005,0.33849470829591155,10.840642345286593
0.8286228727083653,0.4058007039129734,0.07327567087486386,0.08855659933760762,0.9936570390127599,0.5601624683476985,0.2478106520138681,0.8227212615311146,0.8429476486053318,0.6382573312148452,19.334631877126803
0.37135487562045455,0.6791860715020448,0.2590938357170671,0.25191529281437397,0.40497111179865897,0.0998044260777533,0.6461289196740836,0.7771430728025734,0.8028249475173652,0.6418002378195524,14.74801859274029
0.5000442308373749,0.5868468449916691,0.8390798463951796,0.594587994273752,0.2668799380771816,0.5638860699255019,0.671809223247692,0.7755029313266277,0.837234923383221,0.8126257027033716,17.73344884728237
0.818052058108151,0.41856259759515524,0.8459109636023641,0.8162143998779356,0.8568783653900027,0.7722319748718292,0.6183034025598317,0.0672916837502271,0.40658000647090375,0.7787142172455788,25.10899216139912
0.9208609075285494,0.8061223260592669,0.36101213027723134,0.6899831206537783,0.6147575280629098,0.390054265037179,0.558771736221388,0.6045866161584854,0.1908483444713056,0.17368677607737482,17.555121273734642
0.26652452629059553,0.7637272742576897,0.19211535644717515,0.560330524109304,0.2893560123629868,0.012738206190988421,0.7146059984806925,0.9504471549298614,0.21644545323215425,0.08653120719827712,15.127806363967336
0.3522231241222471,0.5028149120043963,0.6718920811545104,0.12611469021067023,0.6372107870411128,0.7764987160917372,0.7335425894707441,0.10333687323145568,0.8898482047952712,0.7290863848756999,10.056598127173642
0.02272621705196798,0.6152231537271291,0.9127109232358634,0.7042725223582238,0.4687635125592351,0.150935371639207,0.02116602216847241,0.3537952976766974,0.750055955722928,0.64361915551126,13.107953212207837
0.2280810959637165,0.5583377489820123,0.8241357426159084,0.2279633730649948,0.3825318824965507,0.6766341940965503,0.01674940064549446,0.3939461261034012,0.8568800105713308,0.03713470138609409,9.815846136844527
0.8264988595619798,0.9668810612056404,0.8088693059980869,0.36246830224990845,0.08693071268498898,0.6221366801764816,0.07514329836703837,0.011475966079160571,0.2979867262765765,0.5986377140507102,12.398022467601695
0.05733393947593868,0.7290204663295299,0.5590587025508285,0.7093144445680082,0.1736619423609227,0.49205572297796607,0.992444705683738,0.82579609984532,0.004151567351073027,0.5926538847852498,8.091702128821229
0.013405072968453169,0.9841342319268733,0.17487185611389577,0.6999140135012567,0.5079738094937056,0.9513194032479078,0.036049456568434834,0.9113630712963641,0.6205640658736229,0.33210413297638297,11.404132339899414
0.20247088582254946,0.0018122999463230371,0.07307168748229742,0.8266961898189038,0.5903810632880777,0.5053681919816881,0.7793651521205902,0.9081335053779185,0.32862254697829485,0.45980105572380126,15.71480727825351
0.27521142875775695,0.4386521661654115,0.4794180931057781,0.07949768099933863,0.7911451840773225,0.3121951608918607,0.04650896298699081,0.15022454713471234,0.8138986951671541,0.7089158464223146,9.205179494655232
0.9683521098922938,0.9583035204559565,0.4968031516764313,0.9968728066887707,0.20423335465602577,0.5086364476010203,0.4111776011995971,0.8916575300972909,0.33165227877907455,0.3758562512230128,12.644469748701122
0.44429399096406996,0.4978326200507581,0.8186445848550647,0.31557178939692676,0.27567500970326364,0.2962414245121181,0.9000141117721796,0.18120203027501702,0.916251003742218,0.2631990257650614,10.678453093194673
0.5615704508963972,0.6941105732694268,0.1742782376240939,1.6153324395418167e-05,0.4534527340438217,0.9187092119827867,0.657245383830741,0.45955991419032216,0.685138781554997,0.2457714097108692,13.535707919838417
0.2399054339621216,0.9727632550057024,0.8906697204802185,0.5856378402095288,0.2703037769533694,0.04970649303868413,0.6722847004421055,0.4558389652520418,0.9078402563463897,0.3344564805738628,16.866782169632366
0.09560708049684763,0.24159317486919463,0.4414510349743068,0.6155842870939523,0.3254581515211612,0.14042758103460073,0.03909954405389726,0.4045293091330677,0.8291992449667305,0.1812488050200045,7.182697093298106
0.19082106580026448,0.40315618948079646,0.33434244710952044,0.47254426032304764,0.44387826323509216,0.6250416475813836,0.5940888789482415,0.11595392460003495,0.6592388066928834,0.35054193367250264,10.598015731354794
0.22090156027115881,0.1848758535925299,0.6047748278360814,0.8345982322935015,0.6691871504299343,0.48685027100145817,0.02948240446858108,0.37043377850204706,0.10711210849694908,0.940289695514366,12.097268993157728
0.5788319886196405,0.13896478456445038,0.4394477102905512,0.19724479620344937,0.4898827855940908,0.24870006530545652,0.6988160440232605,0.4558229933027178,0.0034569355193525553,0.8495634163264185,6.146112354260881
0.26778058451600373,0.08897427981719375,0.3869466525502503,0.7753822787199169,0.8054574795532972,0.5015775808133185,0.05108333402313292,0.2841719340067357,0.7682479680515826,0.8317678985185921,12.062930068945409
0.14999449509195983,0.47458412777632475,0.7204826062079519,0.2584771148394793,0.6254525852855295,0.3009912527631968,0.17124013509601355,0.4348004898056388,0.09332153922878206,0.8541213658172637,9.696027629361101
0.39085591142065823,0.9392801821231842,0.3730091815814376,0.06266648625023663,0.36112682870589197,0.6348884848412126,0.8703471506014466,0.9835052886046469,0.6810767811257392,0.5151628705207258,11.69846640978414
0.9697139817290008,0.14161748439073563,0.20261728460900486,0.7887149578891695,0.1893829726614058,0.20269019436091185,0.2766883980948478,0.5461108651943505,0.9421728590968996,0.31841476261615753,14.860725873906922
0.4823512292932719,0.932506752666086,0.902949851937592,0.5272901505231857,0.37883341941051185,0.2468130791094154,0.12353236647322774,0.6372665097005665,0.7434899089857936,0.9424363367725164,19.00580693754423
0.18642803514376283,0.5398949896916747,0.13956772023811936,0.6759012194816023,0.905064754653722,0.5947171859443188,0.212724634911865,0.0827437611296773,0.8002847332973033,0.7375789012294263,14.927793134635321
0.1700712302699685,0.23723858036100864,0.5946819381788373,0.6988383464049548,0.27996948547661304,0.28633885411545634,0.6574586695060134,0.20003511803224683,0.5850323750637472,0.30011229729279876,9.314148326368942
0.875805651769042,0.617254598531872,0.16600698395632207,0.8786192038096488,0.2813748375046998,0.23209722666069865,0.8075404623523355,0.7186973809730262,0.7558541945181787,0.43348187766969204,21.340339048983495
0.5367388962768018,0.2771521806716919,0.654761886689812,0.8528281794860959,0.24513176665641367,0.8275137830059975,0.0021188848186284304,0.17848170408979058,0.8093513019848615,0.30281538888812065,14.594992771659047
0.4548745141364634,0.43241912173107266,0.6159022783394903,0.9872578494250774,0.02201275574043393,0.14331955299712718,0.346792183117941,0.34565282007679343,0.1409301923122257,0.061537772649899125,16.71594607757531
0.7875061526428908,0.6277818097732961,0.04652630677446723,0.1668206686154008,0.8629308869130909,0.878433661069721,0.5281710170675069,0.7363210741896182,0.0996677284128964,0.08868774003349245,17.895168158608268
0.5638735725078732,0.16157421795651317,0.9656339096836746,0.4643242433667183,0.6758081379812211,0.9076277411077172,0.5234948436263949,0.356247748946771,0.9240993175189942,0.08307283790782094,15.72834151182113
0.5796034492086619,0.11018849047832191,0.896994691574946,0.653532364172861,0.6781735136173666,0.443509423173964,0.8575071846134961,0.5694327102974057,0.05655854917131364,0.8187013005372137,14.608405625354978
0.5861049222294241,0.8828137740492821,0.19800733122974634,0.9355124093126506,0.03228488354943693,0.26675179274752736,0.9190721157938242,0.12150877062231302,0.2796319981571287,0.2589846132323146,20.4119858397375
0.05349611211568117,0.91209398326464,0.005735605722293258,0.7545244288630784,0.2237526555545628,0.8895617295056581,0.8869462965521961,0.42771372897550464,0.23136040708050132,0.00696625211276114,15.666695057035419
0.03911035507917404,0.19716861518099904,0.38696897705085576,0.6946097363252193,0.49156656535342336,0.9643181737046689,0.9013542607426643,0.057970861438661814,0.08440459612756968,0.20335652423091233,9.339439749683748
0.1843581621069461,0.6347527250181884,0.35349188558757305,0.7024742651265115,0.6413198849186301,0.60229127923958,0.7237612295430154,0.07053248584270477,0.9518665075302124,0.7420752726029605,14.906260479278655
0.8869920624420047,0.5292482625227422,0.5957826375961304,0.8709889142774045,0.19173005083575845,0.782761967740953,0.4955435749143362,0.6341886192094535,0.5879509502556175,0.39121507690288126,19.53472250217336
0.09179338556714356,0.4194576353766024,0.14363825763575733,0.9360706424340606,0.11819502129219472,0.20274826232343912,0.36467427108436823,0.9237195902969688,0.4489133225288242,0.32042414881289005,14.31941257250947
0.05275074206292629,0.14446580479852855,0.7459850769955665,0.12110973265953362,0.6876092604361475,0.1252978469710797,0.987477996153757,0.37946882052347064,0.8042320308741182,0.5999184534884989,7.124726046343462
0.9840506573673338,0.7282253932207823,0.014294435270130634,0.23036826169118285,0.7963595038745552,0.20074595208279788,0.9842680762521923,0.31348482612520456,0.08670918876305223,0.4467549903783947,19.79238937956928
0.3452334536705166,0.12513793632388115,0.9601952207740396,0.7316438474226743,0.5810143067501485,0.38019094592891634,0.6700715832412243,0.45160773606039584,0.5184294464997947,0.22050330531783402,14.623183731558479
0.5457542443182319,0.6783524914644659,0.20406302390620112,0.7866961020044982,0.7798118237406015,0.03595332195982337,0.23708484810777009,0.8321732545737177,0.17092244513332844,0.9634871347807348,21.273849670987104
0.3541212964337319,0.4518151602242142,0.49619252677075565,0.044117391342297196,0.6613057041540742,0.5282479953020811,0.06794946850277483,0.5002192701213062,0.10947878612205386,0.9793854465242475,10.233037269258412
0.8185881117824465,0.4692579205147922,0.16596044297330081,0.6543190011288971,0.8681342243216932,0.3526947230566293,0.8920986426528543,0.7632015061099082,0.6377608301118016,0.6732028571423143,21.73709014600083
0.22251842403784394,0.8914742397610098,0.18869223748333752,0.44526789826340973,0.18816464161500335,0.6401260700076818,0.25213539507240057,0.298277260735631,0.8321456545963883,0.6845895044971257,13.727568894205236
0.626974715385586,0.08076493558473885,0.5719505043234676,0.3274452534969896,0.27945063216611743,0.16104158130474389,0.3889606511220336,0.6042129683773965,0.7808584130834788,0.02835139213129878,6.225557703501623
0.2507488464470953,0.41794379125349224,0.3310658843256533,0.17400688375346363,0.6087150971870869,0.9203774249181151,0.866799239302054,0.1840123520232737,0.06985082919709384,0.1396147918421775,7.338288945201341
0.7282316409982741,0.6903084286022931,0.29295228864066303,0.6601388833951205,0.18810805235989392,0.9499641268048435,0.10097683081403375,0.12293942109681666,0.3499585669487715,0.6617090839426965,19.452683209345633
0.9778227731585503,0.5258062384091318,0.5073053680825979,0.8534745040815324,0.10250679403543472,0.7609046236611903,0.3712772442959249,0.6414221660234034,0.3535068004857749,0.06578075722791255,19.783910419828295
0.36432034824974835,0.9801766788586974,0.002013908699154854,0.617421782342717,0.2352424473501742,0.23376209288835526,0.35200081253424287,0.6234991881065071,0.3387769351247698,0.31858121999539435,22.57780419044188
0.23496545013040304,0.8246194098610431,0.2978978871833533,0.7275372927542776,0.44606776791624725,0.2312900610268116,0.49839478940702975,0.709551660111174,0.11918067932128906,0.5409956749062985,15.195945830999843
0.7362782713025808,0.6697475630789995,0.49417521990835667,0.26950782304629683,0.6545137504581362,0.8655859970021993,0.8910808917135,0.6508939487393945,0.4291719065513462,0.46203399379737675,15.479817025265461
0.1301088617183268,0.6108513111248612,0.4216439286246896,0.5915004904381931,0.5826722732745111,0.6248436653986573,0.02467443677596748,0.8004745801445097,0.3342456289101392,0.9804416871629655,10.789250344556983
0.4973320965655148,0.7420094639528543,0.2786092811729759,0.1156847772654146,0.22856023255735636,0.6077087488956749,0.857535069109872,0.02951020561158657,0.47252804739400744,0.1614599560853094,10.62830178744429
0.736624239012599,0.5124008180573583,0.16317692585289478,0.17864643852226436,0.41792080644518137,0.38893468119204044,0.08979146252386272,0.6527827975805849,0.03742053033784032,0.22080360911786556,15.046310725681185
0.7810353469103575,0.6379377711564302,0.823256116360426,0.13878731499426067,0.6054364223964512,0.8299853266216815,0.46086859656497836,0.16834069625474513,0.449668274493888,0.030390915693715215,16.349432950044402
0.8668507146649063,0.14469693880528212,0.9481665147468448,0.7359849326312542,0.13286640006117523,0.8986790054477751,0.4402617064770311,0.20113269961439073,0.4622068661265075,0.2458432565908879,17.111291996876723
0.16721334354951978,0.40021726628765464,0.4253433549311012,0.49932737671770155,0.07209148816764355,0.16232678154483438,0.041397666558623314,0.2134438450448215,0.8473808998242021,0.8996404504869133,8.796225311667536
0.22161429235711694,0.5934868948534131,0.3043192964978516,0.3933869379106909,0.016011170810088515,0.480823632562533,0.2340876911766827,0.7878047148697078,0.04835456237196922,0.16829250729642808,8.240198178053134
0.17933929315768182,0.5541091293562204,0.917070202762261,0.2774138106033206,0.2725087651051581,0.8157479676883668,0.9178713816218078,0.943787734489888,0.8574476896319538,0.7153300268109888,10.20956833939224
0.7032795492559671,0.6783209280110896,0.8391707600094378,0.7183019232470542,0.5775666735135019,0.8547954948153347,0.41291432036086917,0.5456062331795692,0.9854205769952387,0.41010660538449883,22.62291480824234
0.8055364438332617,0.2912222291342914,0.7825054235290736,0.28072009864263237,0.6330099736806005,0.015620106598362327,0.14791320427320898,0.3578579241875559,0.29042039019986987,0.4665401456877589,14.956181665991567
0.7264160979539156,0.9991401834413409,0.5535114493686706,0.15161891840398312,0.7350496170111,0.6739110818598419,0.16123277531005442,0.5267913041170686,0.16674042376689613,0.5461786044761539,11.914944869005774
0.8460834757424891,0.30283521953970194,0.3868664000183344,0.24691828666254878,0.7585664470680058,0.3434615256264806,0.40528632304631174,0.7389254637528211,0.8479452843312174,0.17193157877773046,13.460780378927378
0.7458087417762727,0.15865916199982166,0.8152042971923947,0.874597157118842,0.15968111995607615,0.9637626192998141,0.8825431847944856,0.7739741641562432,0.9577804640866816,0.9938170106615871,16.643159423812563
0.6703231818974018,0.4145213065203279,0.31979407323524356,0.28834892343729734,0.1034060725942254,0.15720832743681967,0.6408965568989515,0.4765787369105965,0.9155000250320882,0.46298225433565676,11.47174506131506
0.44306748174130917,0.7107351291924715,0.24460886605083942,0.7401201648171991,0.5020716472063214,0.49773480044677854,0.2529157989192754,0.21792046027258039,0.18356650765053928,0.08799980208277702,19.155755616438217
0.7037442189175636,0.6017755626235157,0.8109461953863502,0.5483837493229657,0.04787884512916207,0.8688324328977615,0.4483128727879375,0.9319653282873333,0.044409291818737984,0.2941606442909688,16.745182071666537
0.8694632740225643,0.15309942327439785,0.9842129561584443,0.6225126208737493,0.8391246171668172,0.8489613775163889,0.8365828529931605,0.8328530478756875,0.9387750560417771,0.8241597621235996,19.603999752056026
0.38008005707524717,0.5843451665714383,0.3802931329701096,0.3214581748470664,0.43125624069944024,0.003775901859626174,0.886477111838758,0.7400148566812277,0.7462446202989668,0.7654847335070372,12.20301932729396
0.13470831117592752,0.6906235248316079,0.877379332203418,0.11266619665548205,0.8445755790453404,0.9145090763922781,0.06407200125977397,0.43395511829294264,0.10737154353410006,0.6360392558854073,11.702886310790538
0.7115392866544425,0.7425494987983257,0.7711258947383612,0.5046328327152878,0.07613592850975692,0.5172662495169789,0.5632845675572753,0.6554754844401032,0.5794961536303163,0.5613024949561805,17.038606270546516
0.6715273065492511,0.4019863763824105,0.7130911459680647,0.21935655642300844,0.3893803337123245,0.5787808932363987,0.5342554920352995,0.8649739001411945,0.24404848041012883,0.7436864729970694,13.95000048183857
0.4053812006022781,0.7809572699479759,0.7127405842766166,0.8163996185176075,0.16389536601491272,0.28941555111669004,0.9417130642104894,0.6296778270043433,0.41609275131486356,0.39256952074356377,17.530119660627808
0.06506235129199922,0.8758086622692645,0.9472653830889612,0.7368232372682542,0.3611047819722444,0.4576549851335585,0.9104035664349794,0.5111323969904333,0.9816008999478072,0.9820544251706451,14.132214804950438
0.8950084664393216,0.6521697377320379,0.3386129767168313,0.7368656438775361,0.02695432328619063,0.0024847870226949453,0.8436696126591414,0.20358814392238855,0.026774094672873616,0.6232930449768901,15.876965315060026
0.21983168413862586,0.6424276418983936,0.03340763505548239,0.14408667967654765,0.7927943053655326,0.9555552641395479,0.7958874148316681,0.46332615800201893,0.4222626944538206,0.05398121476173401,14.515648201875939
0.37588419183157384,0.9882062701508403,0.5695664489176124,0.7461895265150815,0.9556010693777353,0.7658651052042842,0.5636420049704611,0.619744683150202,0.259679060196504,0.678583325818181,21.185346008204696
0.767685845727101,0.16608631378039718,0.029455478535965085,0.4657308431342244,0.4064694852568209,0.19254691782407463,0.6217516958713531,0.48792328825220466,0.8843910209834576,0.19996129558421671,14.00960574862361
0.8655289020389318,0.7097578044049442,0.05540884658694267,0.1517101766075939,0.4441952668130398,0.7584678039420396,0.8370720022358,0.9601387456059456,0.8074670596979558,0.3965575702022761,17.948717289249863
0.6956354409921914,0.3180832073558122,0.2743897663895041,0.5763673111796379,0.22426224616356194,0.8108507862780243,0.11776104220189154,0.5085983430035412,0.5581979416310787,0.8002861072309315,16.145429408545223
0.29803950735367835,0.042184005258604884,0.23366838414222002,0.7208020885009319,0.22357592754997313,0.14956440520472825,0.854248141637072,0.25433218642137945,0.10695787449367344,0.5742277903482318,11.531509803307053
0.5701445117592812,0.624758976045996,0.165711804991588,0.41688398621045053,0.6546990713104606,0.7112910584546626,0.3972943250555545,0.03492765105329454,0.4378152678254992,0.09563217172399163,18.246625701033942
0.5861671210732311,0.11063643312081695,0.5005121640861034,0.633436864009127,0.18286950467154384,0.2059774345252663,0.40870906552299857,0.021389090921729803,0.6170239658094943,0.220748923253268,9.002484621129232
0.8470605839975178,0.09475793316960335,0.5130309141241014,0.9069209562148899,0.9901107095647603,0.28671646933071315,0.08106647990643978,0.29615725320763886,0.1752679878845811,0.48006005957722664,17.987780070399396
0.2840798981487751,0.2362195027526468,0.8526257020421326,0.2544996968936175,0.5977087737992406,0.5920695210807025,0.3765066966880113,0.8598131069447845,0.23844301723875105,0.11399084841832519,10.518906263104599
0.12020668596960604,0.8731035748496652,0.11839202768169343,0.1292940629646182,0.7974363467656076,0.7648516416084021,0.21396570117212832,0.7583019931335002,0.7435475189704448,0.545349771855399,11.032420892724035
0.35594711918383837,0.2754414628725499,0.4215093990787864,0.29289843793958426,0.9777993448078632,0.16923382552340627,0.41446464974433184,0.8145550147164613,0.4037911428604275,0.8339911634102464,9.743783825447862
0.07814044458791614,0.021224516443908215,0.16447432269342244,0.9213629802688956,0.39479988743551075,0.9580619810149074,0.8470789273269475,0.4635782598052174,0.4935028941836208,0.034125254256650805,13.87160175016334
0.138532942160964,0.3363335228059441,0.7486076510977,0.787507044384256,0.20863684103824198,0.2709376784041524,0.15796001185663044,0.7395372437313199,0.43702852190472186,0.8046854669228196,12.112883349234512
0.29736655578017235,0.9280915507115424,0.8579233575146645,0.03398965718224645,0.5550124030560255,0.4141372668091208,0.13508151262067258,0.4213702061679214,0.918099281610921,0.9285014644265175,13.240256016600666
0.2031841587740928,0.13669575774110854,0.07185479975305498,0.0054915661457926035,0.7451374644879252,0.7724018895532936,0.2888744764495641,0.05256253341212869,0.8996499041095376,0.7824494272936136,10.23943176820027
0.08272586693055928,0.32476547826081514,0.943148655584082,0.9937053814064711,0.274621986085549,0.40084658609703183,0.55395278474316,0.9893934694118798,0.6204210030846298,0.40372021310031414,17.678676895693894
0.902116762008518,0.9002709926571697,0.7910509640350938,0.8568484045099467,0.4346894873306155,0.624989008763805,0.6784082434605807,0.9360065700020641,0.9005693953949958,0.7443692898377776,18.622129967556717
0.121632982743904,0.5929589900188148,0.5062158114742488,0.5144193845335394,0.9078754216898233,0.814051411813125,0.8585625891573727,0.8059304249472916,0.07742170616984367,0.21361751994118094,9.884146410636689
0.49384516873396933,0.16388910682871938,0.8708745317999274,0.01548499008640647,0.7888785065151751,0.41724239010363817,0.5912963505834341,0.16855026641860604,0.4219201379455626,0.5669623017311096,10.807406202148375
0.32222126401029527,0.2778067206963897,0.011555658653378487,0.8463141114916652,0.657343985280022,0.4411796603817493,0.41858647391200066,0.6100214459002018,0.780188420554623,0.284601905150339,18.444767457783268
0.9536731531843543,0.05702096992172301,0.08287652465514839,0.5344717886764556,0.07716279500164092,0.3626872752793133,0.8870970986317843,0.5519086120184511,0.7347222659736872,0.6992959533818066,10.4022114747806
0.9710673191584647,0.28628970170393586,0.3896047417074442,0.34602277097292244,0.7395750544965267,0.914366687182337,0.09390737488865852,0.553678996860981,0.6374094996135682,0.051312188152223825,16.10054220667689
0.9123426477890462,0.39281507255509496,0.4948938707821071,0.29947980446740985,0.19560299371369183,0.38632425805553794,0.009304598672315478,0.7930613600183278,0.8993833065032959,0.9544071604032069,13.299400969847785
0.47924875980243087,0.590942493872717,0.10825569881126285,0.9435155880637467,0.10402574460022151,0.4958152861800045,0.49280365789309144,0.5258821728639305,0.13930074451491237,0.9531952417455614,21.29668817591136
0.9618237966205925,0.30037946975789964,0.5420716744847596,0.9199440421070904,0.70721125905402,0.10238046897575259,0.8054406691808254,0.9913892440963537,0.6066729899030179,0.40727592376060784,20.92274803125967
0.20711413398385048,0.5734569355845451,0.7677293280139565,0.8899321851786226,0.6248570354655385,0.4703875402919948,0.8510462706908584,0.6027199279051274,0.41679645515978336,0.24929006211459637,17.19053897094009
0.9054996646009386,0.15815960546024144,0.6591547320131212,0.3549056916963309,0.7503306791186333,0.8716587126255035,0.3534957095980644,0.6039452066179365,0.6861858237534761,0.9366316960658878,12.29244513276754
0.05964921694248915,0.9699927864130586,0.19672190467827022,0.8209971282631159,0.1796823136974126,0.1741347962524742,0.3072784461546689,0.8374115996994078,0.8391637394670397,0.286401248537004,13.258015146524981
0.9277979144826531,0.27366476715542376,0.6340964445844293,0.9601925218012184,0.45622711768373847,0.04463446349836886,0.51014618948102,0.0700155918020755,0.5276762149296701,0.25987157691270113,19.59491740826513
0.8105247088242322,0.3412843612022698,0.024566491600126028,0.9887282573617995,0.26233963621780276,0.8487785463221371,0.6939782844856381,0.9236813380848616,0.39126346120610833,0.6037041670642793,23.24550647475267
0.835604903055355,0.5049809373449534,0.23614113545045257,0.5179741214960814,0.3148158674594015,0.7013534470461309,0.4986065747216344,0.6507190405391157,0.8065861298236996,0.5152742096688598,17.14336775914283
0.06510346196591854,0.12802517972886562,0.7658105900045484,0.55128542217426,0.85982177965343,0.8824548164848238,0.9752494327258319,0.0599228092469275,0.061834031948819757,0.7395362148527056,11.118557085771881
0.1305018209386617,0.6097311729099602,0.3781538801267743,0.15986232622526586,0.6962536664213985,0.9745936850085855,0.8657340407371521,0.1821817997843027,0.14991998649202287,0.9899831109214574,8.298936900131473
0.6761782972607762,0.7443293177057058,0.5367688294500113,0.530640097334981,0.9474107520654798,0.21094569168053567,0.6818786258809268,0.5086955337319523,0.1600809416268021,0.558402095688507,18.658190831654505
0.35740466229617596,0.03377244668081403,0.903039567405358,0.10623969626612961,0.34662782750092447,0.16217088815756142,0.21765730367042124,0.9478278302121907,0.29692021757364273,0.4700502010527998,5.420458219592574
0.9158956829924136,0.14837492629885674,0.3040442990604788,0.9544695669319481,0.5569219617173076,0.24925719085149467,0.21461715875193477,0.06331540527753532,0.4692053834442049,0.39135212916880846,18.57816326086344
0.9479295033961535,0.3161208510864526,0.8770664620678872,0.9534596337471157,0.29864799976348877,0.6954365901183337,0.8920772224664688,0.5453463806770742,0.5566913322545588,0.05332354363054037,20.318862329522243
0.2865321065764874,0.9747533439658582,0.8799929113592952,0.31393786263652146,0.4448901624418795,0.5788724895101041,0.8761300696060061,0.9728443308267742,0.6538069890812039,0.8490648013539612,14.060520992945811
0.7363380256574601,0.654759215656668,0.8211091950070113,0.168209153926,0.8958984892815351,0.8777213145513088,0.1126934913918376,0.6900467146188021,0.48368539474904537,0.13250816543586552,18.890199209428285
0.7371851217467338,0.3467511162161827,0.3134791785851121,0.25393116753548384,0.6879984461702406,0.01989950076676905,0.6914150970987976,0.6026844177395105,0.4343214784748852,0.2768239751458168,15.255783792728726
0.017666324507445097,0.1636155138257891,0.8011230141855776,0.32486248784698546,0.29971202509477735,0.7312435409985483,0.8736926096025854,0.5392039795406163,0.5104549436364323,0.9323337126988918,6.383369922508158
0.9849662671331316,0.1457457805518061,0.21978565165773034,0.93638597545214,0.8315392658114433,0.18324618972837925,0.4826048833783716,0.04623478138819337,0.6385487583465874,0.06303767580538988,17.703004340761712
0.626977993408218,0.24049261445179582,0.6214367006905377,0.04480071575380862,0.5024282964877784,0.9807183172088116,0.3847205704078078,0.023730687331408262,0.16946233855560422,0.767957522533834,7.783225174305837
0.33082433696836233,0.9746160556096584,0.4813517746515572,0.8331099932547659,0.5590666676871479,0.41240099631249905,0.46734744939021766,0.48076181462965906,0.35187485604546964,0.9382971981540322,20.80735205734917
0.0710370559245348,0.6724670715630054,0.3453398214187473,0.27574662980623543,0.1594541510567069,0.15239160368219018,0.8846361718606204,0.13954335590824485,0.3396028613205999,0.06929601775482297,6.8301775206958455
0.5555760134011507,0.41674612765200436,0.046323408372700214,0.25885204994119704,0.008081951178610325,0.9994438581634313,0.02269240585155785,0.5931537379510701,0.7484017687384039,0.7856801613233984,13.515298262440941
0.3636706087272614,0.44881946756504476,0.5226218437310308,0.9071285829413682,0.08932633139193058,0.7008228644262999,0.027985828695818782,0.6930580320768058,0.9324542614631355,0.07477610348723829,14.812713156226327
0.2829094287008047,0.32364657474681735,0.8301857050973922,0.591094970703125,0.9303366502281278,0.18543849512934685,0.7850143436808139,0.4110825688112527,0.7489391623530537,0.53075628192164,15.188079352563973
0.8010024561081082,0.9466801162343472,0.15074040205217898,0.45457178144715726,0.4445693490561098,0.8312407024204731,0.7401520798448473,0.5315143191255629,0.7751546497456729,0.4919442473910749,14.666443830940704
0.34574182028882205,0.7086805431172252,0.8515071920119226,0.03513951366767287,0.9757438867818564,0.785171729279682,0.9198297127149999,0.23092835792340338,0.3486576736904681,0.5159047562628984,14.55800024293359
0.20421940996311605,0.040659051621332765,0.7103869919665158,0.7209471999667585,0.17409883672371507,0.6302597289904952,0.029033208498731256,0.8525355553720146,0.5468863695859909,0.1037436849437654,8.610358487431402
0.9815003219991922,0.944387964438647,0.5269901407882571,0.7925195738207549,0.5334181452635676,0.05004994850605726,0.46525876596570015,0.1340354266576469,0.13011763454414904,0.3097853362560272,15.36159931902175
0.14548117411322892,0.9196341554634273,0.3888032909017056,0.0316974779125303,0.15389365097507834,0.9180935311596841,0.23348182230256498,0.5304462960921228,0.7933626146987081,0.11739874654449522,5.728201529587832
0.5210283380001783,0.31148395244963467,0.5919830638449639,0.24147620843723416,0.03525006165727973,0.8763028625398874,0.48479110188782215,0.8073104934301227,0.5286030808929354,0.3480760455131531,7.603317428853792
0.1399854887276888,0.19769173301756382,0.7499815558549017,0.5588352954946458,0.696004981175065,0.5934164794161916,0.30455040792003274,0.537627310724929,0.4563752666581422,0.4506373512558639,10.999532141408833
0.7991123555693775,0.018963192822411656,0.12160163233056664,0.7456675686407834,0.2697162851691246,0.9795879726298153,0.6492068378720433,0.4078222163952887,0.19348573661409318,0.42740484001114964,10.801391504570464
0.6169760543853045,0.2381947855465114,0.9993277422618121,0.8354704906232655,0.8240782604552805,0.3440797831863165,0.3374155480414629,0.293509365292266,0.22326556057669222,0.006470086053013802,23.03770653244818
0.8737052460201085,0.4602922115009278,0.39963519969023764,0.055696829687803984,0.19842878519557416,0.020693408092483878,0.2749036413151771,0.16817175364121795,0.14519598218612373,0.8551873792894185,11.062150635616538
0.2418345478363335,0.9126940264832228,0.71856539696455,0.7111086822114885,0.9292645268142223,0.0014517225790768862,0.7955126990564167,0.5807230027858168,0.969278683885932,0.8783043744042516,18.925590202031273
0.7885888838209212,0.0709383802022785,0.7113979097921401,0.4763056137599051,0.6753265527077019,0.611179816769436,0.012633922509849072,0.5296779603231698,0.7577149521093816,0.13313761842437088,10.545217250435988
0.4594263748731464,0.4301945208571851,0.012372010853141546,0.23305224138312042,0.2454633277375251,0.17175601096823812,0.5069485204294324,0.00354705355130136,0.3144381500314921,0.1309161887038499,11.62740215683339
0.008908128133043647,0.5421570357866585,0.21025549666956067,0.08394549344666302,0.04119201120920479,0.8440301900263876,0.7940421509556472,0.2068840148858726,0.11573268100619316,0.8635171484202147,3.1908240470231815
0.0268228929489851,0.42722172336652875,0.4722987883724272,0.6011433273088187,0.16573489480651915,0.010687363101169467,0.5198407012503594,0.20135533134453,0.8771231821738183,0.6067579225637019,6.562091104700611
0.11009187600575387,0.5908171241171658,0.26101300679147243,0.9844837721902877,0.9954806689638644,0.03197753382846713,0.080248415004462,0.7827660073526204,0.4851563423871994,0.7804891827981919,17.89547094427033
0.4713291525840759,0.5610412622336298,0.6051287474110723,0.8000642345286906,0.311533808009699,0.9073313833214343,0.7582537438720465,0.8525399796199054,0.7423346466384828,0.9982501519843936,17.951327010638103
0.7116103093139827,0.3033350056502968,0.9649143116548657,0.4401480546221137,0.0637153151910752,0.9510699897073209,0.6729825309012085,0.10663767787627876,0.547656905837357,0.2981958040036261,13.269727684324776
0.47314518271014094,0.06370863760821521,0.4539000384975225,0.8106136666610837,0.2815184916835278,0.21330274594947696,0.40644146618433297,0.9703207523562014,0.03322942974045873,0.6243835256900638,9.86460795950044
0.2602354255504906,0.3907396080903709,0.28462366852909327,0.7222158829681575,0.25846471870318055,0.92075358889997,0.5242450390942395,0.24197390000335872,0.34168974962085485,0.9407254278194159,12.186233594046767
0.4003262461628765,0.6962718933355063,0.13367097242735326,0.11252694483846426,0.5382685854565352,0.15950621920637786,0.421721552265808,0.15911406790837646,0.6369108213111758,0.27792976843193173,15.484705654078315
0.8137079919688404,0.48392191948369145,0.15361751010641456,0.7350679298397154,0.17465469613671303,0.5873828784096986,0.45716111245565116,0.3085357246454805,0.20251069543883204,0.7400005720555782,21.223833949619586
0.6198894111439586,0.3285318282432854,0.4385517560876906,0.07116969488561153,0.7319432529620826,0.8394539637956768,0.047317131189629436,0.8273395365104079,0.2232002066448331,0.8186126090586185,9.58304511968456
0.6165310207288712,0.7822792662773281,0.7576918443664908,0.5610558360349387,0.08293542824685574,0.5750048474874347,0.7333857459016144,0.12957324436865747,0.9922634803224355,0.09938857657834888,16.451704503016423
0.057937877252697945,0.35729187331162393,0.30413729092106223,0.5684220080729574,0.5688433370087296,0.0614844576921314,0.40731136105023324,0.2944310209713876,0.5514286709949374,0.2662572646513581,10.744365186956097
0.3373849946074188,0.6340667225886136,0.3038175324909389,0.368324326351285,0.5116017947439104,0.7622192392591387,0.9939453995320946,0.8774861141573638,0.42654550028964877,0.2775999477598816,14.72390013644022
0.9696568774525076,0.9502124753780663,0.7600538888946176,0.8567549190483987,0.25078252935782075,0.6677418267354369,0.2237566551193595,0.03761556907556951,0.8990483533125371,0.6526332558132708,13.234722857622437
0.18933719024062157,0.0865436065942049,0.7870287634432316,0.6483212094753981,0.8205839581787586,0.15893384092487395,0.3048579746391624,0.5806342237628996,0.6596476940903813,0.5252074399031699,13.238398624230395
0.8922646858263761,0.9796033683232963,0.553943763487041,0.31418343307450414,0.6949781111907214,0.41080561140552163,0.2494568917900324,0.22369069908745587,0.17197452229447663,0.8593109515495598,11.381670484552156
0.400299190543592,0.3913611131720245,0.32206445280462503,0.4160324656404555,0.014250078238546848,0.7283139205537736,0.33079416304826736,0.7552791421767324,0.4407309084199369,0.2755958363413811,8.239709655302471
0.8221012901049107,0.8448476924095303,0.8787284141872078,0.6612118929624557,0.4665475180372596,0.44984679482877254,0.813979234546423,0.1945884502492845,0.2776645866688341,0.03226623102091253,19.700355144380804
0.2909081340767443,0.0913249405566603,0.305650063091889,0.009000444784760475,0.11862277775071561,0.9358306236099452,0.2056209968868643,0.4283492441754788,0.06433619721792638,0.08446066128090024,1.9010071449897794
0.7249289418105036,0.7868770170025527,0.8587357583455741,0.4030054584145546,0.29255000641569495,0.504581551766023,0.5338365223724395,0.1621887779328972,0.16409131279215217,0.2784742556978017,18.24099386050822
0.18119731987826526,0.5737681707832962,0.7000358083751053,0.42240341752767563,0.32258445699699223,0.11228284402750432,0.7458124998956919,0.8023019107058644,0.7917939210310578,0.16599375102669,8.694774427097967
0.6925664441660047,0.9055093289352953,0.3369013569317758,0.9153911692555994,0.11492407089099288,0.19650939851999283,0.6237166544888169,0.049426620127633214,0.5729772329796106,0.7882106155157089,19.64208002582534
0.7276267672423273,0.6199464462697506,0.6085556012112647,0.2342345523647964,0.5027248791884631,0.46518088201992214,0.024836500640958548,0.5427195297088474,0.4797280777711421,0.6942241231445223,14.215718066076132
0.5752230559010059,0.4870870425365865,0.028605514904484153,0.33500872435979545,0.84592853509821,0.8724146175663918,0.5888269932474941,0.5537375339772552,0.7377491549123079,0.05780392629094422,20.89936253190435
0.6015358620788902,0.1481416814494878,0.591321223648265,0.5028611535672098,0.3571694490965456,0.5415815019514412,0.42450596345588565,0.8692162362858653,0.9125437247566879,0.2228461855556816,10.28423966600288
0.6228042047005147,0.04283121624030173,0.6306466807145625,0.7391385377850384,0.7066613812930882,0.3897215719334781,0.6265754294581711,0.20870692073367536,0.6825145406182855,0.4153779416810721,13.01763354438751
0.5086182008963078,0.561851255595684,0.48595879995264113,0.6267549197655171,0.9488014914095402,0.46184440795332193,0.20373191800899804,0.3374687940813601,0.28294030763208866,0.722158103948459,17.659628264727953
0.8468933971598744,0.6257722289301455,0.23567886371165514,0.4528264382388443,0.7485052589327097,0.32377664209343493,0.4539831231813878,0.4426215754356235,0.387285343836993,0.7156255873851478,19.14634648732264
0.20763952750712633,0.233026800211519,0.44258250552229583,0.49503649678081274,0.8629032287281007,0.6437644648831338,0.30462755681946874,0.8017421364784241,0.969236173434183,0.22802582033909857,11.303205293854118
0.4370544166304171,0.4034718575421721,0.26203560014255345,0.9733401839621365,0.43701403168961406,0.34647304797545075,0.9997463971376419,0.4329692998435348,0.6877273407299072,0.22746519488282502,17.781090837447273
0.713422789471224,0.5887195044197142,0.40293582156300545,0.02086586132645607,0.592456370824948,0.22751948051154613,0.33677272591739893,0.9380983514711261,0.6321009520906955,0.37085901014506817,13.207888426652287
0.13858569716103375,0.8824046452064067,0.7786125605925918,0.6091772639192641,0.9220858865883201,0.8785519117955118,0.16741727525368333,0.918568097287789,0.8347997858654708,0.2726431500632316,15.483043203260628
0.21593582327477634,0.14141439646482468,0.7702115094289184,0.9140100693330169,0.8269849412608892,0.10117339761927724,0.08276081294752657,0.5181293450295925,0.6321528956759721,0.9159042260143906,17.101806390754273
0.19750606291927397,0.9984985531773418,0.15303824190050364,0.2566658135037869,0.546470639994368,0.2580246888101101,0.8654699274338782,0.4770224157255143,0.21809471864253283,0.6283982296008617,14.226942323257656
0.764666625764221,0.2939237100072205,0.6955882890615612,0.28112839069217443,0.3822111077606678,0.5330466791056097,0.4743755399249494,0.00987864681519568,0.7584744649939239,0.41358030843548477,12.081654789960943
0.9092497495003045,0.27934128418564796,0.8148592452052981,0.202805835288018,0.9247374858241528,0.41337747080251575,0.45630345516838133,0.8533292931970209,0.8485581954009831,0.454047356499359,16.438125109518392
0.964809569530189,0.4559177621267736,0.5238985659088939,0.7433810450602323,0.32771330303512514,0.7309510575141758,0.21145509276539087,0.508273652754724,0.2926341453567147,0.92597526893951,17.755765369539358
0.7528157231863588,0.42073706071823835,0.6707685212604702,0.10252824611961842,0.3222413333132863,0.802223278908059,0.27837283560074866,0.5064842430874705,0.519447423517704,0.19460678147152066,12.015497052647323
0.6912456229329109,0.9788173693232238,0.38162212423048913,0.19605457736179233,0.8075743820518255,0.5474764935206622,0.9651683191768825,0.3390942392870784,0.2874497273005545,0.3252620887942612,16.250037489827932
0.7159275200683624,0.7158413988072425,0.7668072746600956,0.0374696278013289,0.34865541639737785,0.2101642496418208,0.06977611407637596,0.91997250309214,0.09018791397102177,0.9354109864216298,13.404070225488006
0.8665771631058306,0.3014881748240441,0.9038887959904969,0.7877770061604679,0.8680097963660955,0.2510981352534145,0.977882127976045,0.32221869146451354,0.696992663666606,0.7905171499587595,21.96556484262734
0.17696028109639883,0.4317682844121009,0.47901233728043735,0.7800869124475867,0.19264382519759238,0.6712762569077313,0.9818888211157173,0.6942701505031437,0.07811858970671892,0.6239634710364044,11.39346769066731
0.20686564035713673,0.231231271289289,0.11389231984503567,0.7421676570083946,0.9989583669230342,0.5098989424295723,0.7895355641376227,0.3486143220216036,0.681578682269901,0.716685492079705,16.98023653262423
0.34937228728085756,0.9085343140177429,0.9750018701888621,0.04205470927990973,0.5066291417460889,0.80511958245188,0.7275871098972857,0.15239643934182823,0.258480011485517,0.1251624496653676,16.2221564110471
0.6182681459467858,0.912449692375958,0.7616075589321554,0.3160934397019446,0.9663420435972512,0.30067616468295455,0.8359415782615542,0.5912865996360779,0.09336559730581939,0.022828176384791732,21.026666803775363
0.6059059204999357,0.9066729655023664,0.3350950845051557,0.9794962108135223,0.8215286675840616,0.054947272408753633,0.2924843004439026,0.21996755502186716,0.44526430196128786,0.3238012499641627,23.757220953908703
0.5414304942823946,0.9917945435736328,0.10186249623075128,0.28576150722801685,0.5966250903438777,0.450219108723104,0.8109693531878293,0.6603547083213925,0.9723396722692996,0.09664707141928375,17.697096763523266
0.6963753795716912,0.4744549032766372,0.9190888011362404,0.6607477413490415,0.23285404313355684,0.4128223604056984,0.7699684810359031,0.828174376161769,0.5515881807077676,0.43240207294002175,19.165485860208026
0.8625815138220787,0.21767080901190639,0.17335043521597981,0.8033047814387828,0.05330343311652541,0.2816653719637543,0.08285134052857757,0.2487010732293129,0.4156307631637901,0.6830814129207283,14.839628118740226
0.8933337777853012,0.7663512891158462,0.30613755295053124,0.4788299410138279,0.2665202170610428,0.38440909585915506,0.8348950282670557,0.5568156004883349,0.45990726607851684,0.6829881162848324,14.63785735208265
0.83717454620637,0.689632692374289,0.8244996720459312,0.8844972969964147,0.6341247067321092,0.17798254382796586,0.6612360191065818,0.9472289294935763,0.35859475238248706,0.35073869163170457,22.827891229119512
0.20958325592800975,0.4361075933557004,0.2848564914893359,0.05527434288524091,0.20848438702523708,0.04726771265268326,0.9725164789706469,0.8478437222074717,0.20632551982998848,0.7348532406613231,6.104546661327743
0.3363002755213529,0.9160789889283478,0.19618998188525438,0.803436585702002,0.0347677581012249,0.22521089669317007,0.23247561580501497,0.7281962891574949,0.8202770594507456,0.22422209405340254,19.452851384554545
0.09441722859628499,0.6297754463739693,0.7512831864878535,0.5807243031449616,0.9471838623285294,0.62010593037121,0.11207010084763169,0.011220603482797742,0.28529919451102614,0.5679686339572072,14.56328228627182
0.9422129660379142,0.31553687364794314,0.09374800533987582,0.650979106547311,0.8593304993119091,0.33093982259742916,0.3204498337581754,0.7673841274809092,0.7453872747719288,0.5211422506254166,23.018290783917827
0.7448840127326548,0.38231926620937884,0.5620170570909977,0.3766217876691371,0.27557625621557236,0.051603701431304216,0.05170035641640425,0.3933059680275619,0.16890673781745136,0.4842888806015253,13.188183454799
0.7905621991958469,0.39159444044344127,0.005675425520166755,0.40984013490378857,0.5131207294762135,0.9287241317797452,0.8997141737490892,0.20406295778229833,0.26532569504342973,0.063779128016904,18.789263303426115
0.045277151046320796,0.8886773497797549,0.8326057882513851,0.5968743422999978,0.46514495788142085,0.1643157855141908,0.09857096383348107,0.7601419999264181,0.2899703576695174,0.4786586246918887,12.696595798743832
0.3959733091760427,0.9009200970176607,0.9644827730953693,0.27778246626257896,0.8106277131009847,0.5798485688865185,0.08723259717226028,0.19007956515997648,0.1966291011776775,0.8658577830065042,20.35224602768904
0.14038454135879874,0.9499794766306877,0.04495387687347829,0.6944996602833271,0.9183645364828408,0.39653260400518775,0.48448880203068256,0.3755858391523361,0.5892981251236051,0.5030015509109944,20.662875078384978
0.2572655116673559,0.7785980103071779,0.8218435214366764,0.14805886684916914,0.9730799845419824,0.4307972020469606,0.8892815208528191,0.23214133572764695,0.9720523876603693,0.9324095754418522,14.751476781817885
0.3342801299877465,0.29909970168955624,0.061914723832160234,0.594543884973973,0.7565023074857891,0.6072503342293203,0.9644405266735703,0.525102621410042,0.20492526120506227,0.09075992414727807,18.082887256471203
0.7050170134752989,0.1260593868792057,0.8292657877318561,0.10124695068225265,0.9458482109475881,0.18982686568051577,0.30498329643160105,0.3970777499489486,0.8304125864524394,0.02079036715440452,9.562318976187736
0.06771155912429094,0.8729808069765568,0.5502200829796493,0.7245682217180729,0.9885667846538126,0.24629685701802373,0.626999391708523,0.8209422107320279,0.9174511418677866,0.5115630405489355,14.528314282600629
0.03235271410085261,0.009826547000557184,0.760984418913722,0.8822584985755384,0.611034469678998,0.46971052582375705,0.5735482613090426,0.5889466453809291,0.40501932869665325,0.5297175655141473,12.84280468711444
0.7100693667307496,0.05025381548330188,0.6913003178779036,0.21410524426028132,0.31488709175027907,0.5593361461069435,0.46342727541923523,0.9891540985554457,0.2792964724358171,0.3496423470787704,4.1849093550933905
0.9856487726792693,0.3078795433975756,0.26117977499961853,0.7063708484638482,0.2483484752010554,0.6192210719455034,0.7805402192752808,0.11144180339761078,0.3811257544439286,0.4955313073005527,17.058039342253508
0.8112190887331963,0.951820028712973,0.44021218782290816,0.1888142512179911,0.3954895774368197,0.38862328976392746,0.06700008595362306,0.11497112107463181,0.8209295286796987,0.98197674122639,10.475645266025383
0.6469360673800111,0.9362325984984636,0.2432600799947977,0.7181624399963766,0.05906614731065929,0.05454645771533251,0.8353054411709309,0.09154741372913122,0.1488571367226541,0.4127684738487005,17.897955242161046
0.683544818777591,0.8720504571683705,0.5183738418854773,0.44408336747437716,0.9801182344090194,0.5955941735301167,0.9740940239280462,0.41773980227299035,0.31284767761826515,0.6801915459800512,20.84241202488284
0.19447408756241202,0.6079095010645688,0.9824837117921561,0.9769326034002006,0.44235105416737497,0.9721921985037625,0.5544609397184104,0.6554198402445763,0.9088313796091825,0.578281334368512,19.5450975943198
0.5580939371138811,0.034034801879897714,0.12671269732527435,0.3072676614392549,0.22352709923870862,0.8788061251398176,0.8825730921234936,0.81089470628649,0.6413315671961755,0.3324952437542379,8.447296347236339
0.09639473538845778,0.17356101470068097,0.8304636490065604,0.5593974501825869,0.41011300263926387,0.13292301748879254,0.06990880356170237,0.29790475429035723,0.08172088814899325,0.2313154472503811,10.157420082007619
0.02772465511225164,0.7823888333514333,0.4793474883772433,0.063571224687621,0.48504562256857753,0.6401064493693411,0.9243465773761272,0.45528340339660645,0.8163362327031791,0.804932116298005,4.872334910874344
0.09806557791307569,0.07899243524298072,0.7325153383426368,0.47986980248242617,0.18904594355262816,0.04709793045185506,0.06389271398074925,0.11754315672442317,0.3024712270125747,0.09246107307262719,8.462871947012685
0.08179126330651343,0.057439719792455435,0.5844640522263944,0.1607551695778966,0.7930487603880465,0.7607339543756098,0.17547944677062333,0.0983697606716305,0.8187532692681998,0.18305693590082228,5.951218325401746
0.13400000054389238,0.2802970565389842,0.22198198968544602,0.015955948270857334,0.4332541162148118,0.7407207989599556,0.08491622330620885,0.8522653279360384,0.3993417613673955,0.7784837239887565,3.115246957144148
0.8600935111753643,0.8003189617302269,0.6789299957454205,0.551434357650578,0.6932695168070495,0.22140499600209296,0.6366972154937685,0.26159193087369204,0.7203234473709017,0.08784959884360433,19.1890663343558
0.2791581654455513,0.7566682519391179,0.3208257597871125,0.5692692657466978,0.8940184898674488,0.6220305191818625,0.18411003914661705,0.3430292692501098,0.8862296275328845,0.21645423746667802,17.239678812270856
0.39145864313468337,0.8220697573851794,0.03880180954001844,0.0016347197815775871,0.1945617797318846,0.6667801523581147,0.48846018966287374,0.03763650334440172,0.8124658637680113,0.8629567574243993,13.618809078648953
0.8676309934817255,0.5778663225937635,0.24110932787880301,0.9742920363787562,0.14604890905320644,0.9632818372920156,0.5015650151763111,0.026978969341143966,0.38731589214876294,0.46064474200829864,20.881366354313876
0.3117853542789817,0.43515106150880456,0.8526603772770613,0.5593150369822979,0.703207389684394,0.5070273722521961,0.14802342257462442,0.6173372240737081,0.5120242999400944,0.15333712194114923,16.23876436706861
0.14269394427537918,0.5456488486379385,0.9799279570579529,0.6340052052401006,0.1517504311632365,0.019224036019295454,0.7052698950283229,0.22139912541024387,0.9415983711369336,0.6831996238324791,14.965390391632488
0.5347213302738965,0.5800570694264024,0.5844100012909621,0.48045578273013234,0.3662486376706511,0.2538085337728262,0.08514781389385462,0.10832412214949727,0.5243821523617953,0.16415905044414103,14.650459235069748
0.4786503529176116,0.4056126093491912,0.4741447032429278,0.028841786785051227,0.5238735415041447,0.32709924154914916,0.5890642961021513,0.01518555055372417,0.049787676660344005,0.3758437638171017,8.447978100891522
0.4601813140325248,0.3459440288133919,0.021608974551782012,0.6572574153542519,0.07933631679043174,0.24952348531223834,0.7685791633557528,0.41996115329675376,0.5286773855332285,0.8903795892838389,15.691650856342642
0.19265747372992337,0.32423085113987327,0.6265221915673465,0.43940078280866146,0.03936218121089041,0.5137923881411552,0.11892233160324395,0.911124385194853,0.493445886997506,0.6448387983255088,5.745685724136194
0.45771314413286746,0.5526130669750273,0.7171590852085501,0.4203662257641554,0.1365413551684469,0.7238673819229007,0.244882880942896,0.29952737665735185,0.6105145188048482,0.043126440374180675,11.934072193545775
0.02521754684858024,0.1297919841017574,0.6034114677459002,0.44008254050277174,0.4460450310725719,0.2861218829639256,0.6397183907683939,0.09491195669397712,0.05099392798729241,0.33185062487609684,5.640529542267625
0.9079591690097004,0.37243508896790445,0.5680587864480913,0.8800983168184757,0.5965478972066194,0.1384447708260268,0.07664181618019938,0.43224315298721194,0.18642514268867671,0.7625977920833975,21.853893761732202
0.9252305533736944,0.719108410878107,0.6656453118193895,0.7200794797390699,0.34394526295363903,0.1530419853515923,0.9630462885834277,0.11514306301251054,0.7201940573286265,0.005124930525198579,18.5871735846888
0.21112042851746082,0.6018717107363045,0.029844132717698812,0.5524842613376677,0.8886657129041851,0.24274498177692294,0.7635070278774947,0.11325285420753062,0.9454239995684475,0.894517800072208,20.228346020181025
0.9763784592505544,0.6810030997730792,0.4479957646690309,0.2851449390873313,0.081995117245242,0.6464265682734549,0.18072791048325598,0.2307983038481325,0.3073846723418683,0.2613271817099303,12.301023415972614
0.9726564357988536,0.07229548087343574,0.7681868693325669,0.19561250554397702,0.2217971310019493,0.80890355957672,0.3707472064998001,0.5063350561540574,0.69925243454054,0.9970554304309189,7.145676452435356
0.6915131718851626,0.8194499888923019,0.405775144463405,0.013378683477640152,0.7583261986728758,0.6845337408594787,0.6816193589475006,0.4873671066015959,0.20537219080142677,0.7998566022142768,13.781069254563498
0.5814374247565866,0.37447625934146345,0.4703873510006815,0.813517733477056,0.5058981368783861,0.8284085264895111,0.2865184871479869,0.12691075820475817,0.6896771751344204,0.5949611724354327,15.352050642982158
0.9437487786635756,0.1289096586406231,0.3789407873991877,0.4178107518237084,0.860298533923924,0.9833357075694948,0.8769388890359551,0.9257868032436818,0.06177596026100218,0.24183869059197605,13.003244742915884
0.3255329546518624,0.8762525168713182,0.25392998522147536,0.4524433212354779,0.523152681067586,0.6818829176481813,0.9769795634783804,0.49421150609850883,0.6791735608130693,0.050716164987534285,15.740632369438696
0.39220759901218116,0.23987378180027008,0.7327561781276017,0.5400045055430382,0.20735453069210052,0.250939977588132,0.8677846263162792,0.5012120639439672,0.0778258175123483,0.2608745382167399,10.871563807832523
0.4349201158620417,0.2721340691205114,0.21386956120841205,0.6805975129827857,0.5050365959759802,0.21842747810296714,0.18221688992343843,0.704336340771988,0.7811257496941835,0.34829281410202384,14.60969383277919
0.1510042785666883,0.0822127244900912,0.3436254726257175,0.2082388128619641,0.2513302657753229,0.6409241759683937,0.3782034725882113,0.9899142091162503,0.6702118625398725,0.7776302385609597,3.15701624851007
0.05900780973024666,0.766427592607215,0.8831830713897943,0.9703565130475909,0.5321519181597978,0.4208652898669243,0.12172581534832716,0.09113359777256846,0.958455509506166,0.686827749479562,18.083961693889147
0.36701159039512277,0.7042442592792213,0.9525330453179777,0.624531221576035,0.9956405453849584,0.9797903329599649,0.11003625369630754,0.36496235546655953,0.33370078611187637,0.8168226378038526,22.606252302127697
0.2833366747945547,0.23297235602512956,0.7943320509511977,0.6023297738283873,0.7716293139383197,0.8009067203383893,0.17852537403814495,0.5591557305306196,0.13087045424617827,0.8409043597057462,12.802530265946974
0.40812325989827514,0.793879704317078,0.9086591466329992,0.8620688826777041,0.8878371664322913,0.7695116533432156,0.5950202525127679,0.09472813503816724,0.16315213963389397,0.30722804507240653,23.843712530463982
0.20282700844109058,0.4136286689899862,0.03974860836751759,0.6675319692585617,0.9003211953677237,0.6786955650895834,0.36246441095136106,0.30579673661850393,0.9847863053437322,0.5600591234397143,17.83794360740109
0.1671741649042815,0.47577349026687443,0.3313529910519719,0.9709080152679235,0.4082741951569915,0.08911481825634837,0.4953180889133364,0.4376914945896715,0.4772042343392968,0.9343484139535576,13.728366186926147
0.20431060018017888,0.45313883875496686,0.8502905152272433,0.35532831656746566,0.5331120153423399,0.5594383392017335,0.399900991236791,0.7709328890778124,0.10215778928250074,0.5381435656454414,10.853541818887138
0.41449054214172065,0.004194606794044375,0.8095105444081128,0.08088410436175764,0.2605193650815636,0.46761982585303485,0.21253427187912166,0.35205834871158004,0.9210140772629529,0.921521820127964,3.3888650679582315
0.42152431374415755,0.3213127290364355,0.6043004065286368,0.8681925614364445,0.14499639929272234,0.8729559383355081,0.025858886539936066,0.5872118296101689,0.09275601874105632,0.5041363593190908,14.648839373862394
0.25200456962920725,0.6026254571042955,0.9186894984450191,0.2768870636355132,0.5095903172623366,0.807381903519854,0.47557367640547454,0.39881212753243744,0.34293715772219,0.6686206322629005,13.419413543760644
0.0461005715187639,0.055005113361403346,0.18365599936805665,0.9962512901984155,0.5287609121296555,0.0718239457346499,0.27586074103601277,0.8020755222532898,0.18111114297062159,0.0024999750312417746,14.682283863909678
0.9131272642407566,0.2638186835683882,0.556002312572673,0.29236573353409767,0.8588072552811354,0.5907079030293971,0.3945234364364296,0.6545834536664188,0.8547724785748869,0.8720039655454457,15.495485112333977
0.21302826586179435,0.6827376245055348,0.826651297044009,0.12836305983364582,0.5158203565515578,0.6410798304714262,0.7947507097851485,0.19504254404455423,0.18579088267870247,0.5543432051781565,10.779560202922461
0.9553798320703208,0.45670194341801107,0.8328096522018313,0.5865978212095797,0.2547834347933531,0.0005464323330670595,0.5169333931989968,0.3557238089852035,0.4340742670465261,0.5469357622787356,19.46901030480165
0.8833659945521504,0.9386835540644825,0.9274230704177171,0.9839621726423502,0.6794606561306864,0.0037934177089482546,0.2672017551958561,0.4257176236715168,0.14277374814264476,0.9494199233595282,24.079921303957914
0.20834546885453165,0.7587912857998163,0.8503470721188933,0.78607970289886,0.5812148987315595,0.7636592460330576,0.25217858515679836,0.06586645846255124,0.2330839396454394,0.3449216349981725,17.912217534374342
0.977899358374998,0.47565649123862386,0.03800235316157341,0.5188340388704091,0.6717703216709197,0.10450186231173575,0.00027152872644364834,0.7816049349494278,0.6952636232599616,0.1693670484237373,21.605042769152124
0.15281608188524842,0.9312229144852608,0.5442485476378351,0.18048996129073203,0.9379675476811826,0.8405286143533885,0.19171559531241655,0.7778018440585583,0.24691980006173253,0.4541467735543847,10.857322877674106
0.10292450897395611,0.8423861265182495,0.42212864523753524,0.1923188422806561,0.8129789740778506,0.09900683909654617,0.9026608776766807,0.5818488784134388,0.189166258322075,0.09935300331562757,8.914689930591758
0.7272557904943824,0.7571371027734131,0.16131966980174184,0.22122587589547038,0.6790664989966899,0.15730764996260405,0.1461095183622092,0.7409001511987299,0.18292284873314202,0.7898273700848222,18.941607102173673
0.8348717561457306,0.42219332233071327,0.2294285639654845,0.28981889598071575,0.4208677741698921,0.0500514255836606,0.8213389692828059,0.6080061919055879,0.5324284639209509,0.753625719808042,15.606962453999369
0.2802830806467682,0.18639974459074438,0.8281506253406405,0.04782493598759174,0.05673288553953171,0.28724499931558967,0.1169772264547646,0.8003354959655553,0.7514360840432346,0.6660148159135133,5.668904116959153
0.8302178012672812,0.8681407838594168,0.6544873241800815,0.13932752353139222,0.07778647402301431,0.994093062588945,0.7975642143283039,0.21024508867412806,0.5289252370130271,0.03291562828235328,10.289625857997134
0.8544408986344934,0.7134284661151469,0.09420919115655124,0.05065589281730354,0.394537823041901,0.8613632661290467,0.6727640936151147,0.47521591535769403,0.14352803933434188,0.9811813121195883,14.770020459236374
0.9314941545017064,0.3688923690933734,0.70050875749439,0.011632017325609922,0.34648187970742583,0.10422808513976634,0.8550296497996897,0.7654205479193479,0.6020409273914993,0.24177112081088126,10.510382036766279
0.701890469295904,0.08270849892869592,0.8846981746610254,0.5016717943362892,0.17393474513664842,0.8957776301540434,0.7414913959801197,0.1266556882765144,0.6349163705017418,0.005235255928710103,9.861868538416253
0.10599412838928401,0.3249862310476601,0.533433835953474,0.3955379780381918,0.2797202633228153,0.12616939400322735,0.6024972409941256,0.38239007792435586,0.1828674916177988,0.8544056829996407,6.621274444241035
0.8960302122868598,0.8739836870227009,0.47329243551939726,0.9535451815463603,0.024317089235410094,0.9030725290067494,0.5408229501917958,0.9318832852877676,0.35471114073880017,0.35583203798159957,16.490250333260757
0.7992122052237391,0.07160873408429325,0.6370537879411131,0.5883554520551115,0.6942929239012301,0.15226477896794677,0.21406423021107912,0.8319602548144758,0.8765069381333888,0.5631078032311052,13.008896347418954
0.9981111232191324,0.3016017056070268,0.6604572224896401,0.6496508740819991,0.09772395621985197,0.32071758015081286,0.9860176467336714,0.506935081910342,0.1851543546654284,0.7010792379733175,15.15090665136701
0.5576149781700224,0.6535683246329427,0.6308664639946073,0.4699768894352019,0.7286204409319907,0.7182741686701775,0.8246064353734255,0.5732144182547927,0.1188366028945893,0.9743173124734312,17.02889446111227
0.11904818867333233,0.6660324833355844,0.20880116685293615,0.21101993671618402,0.8618216374889016,0.9258451564237475,0.9989920237567276,0.8769971313886344,0.1493130715098232,0.9985638114158064,10.207189592066461
0.004333167802542448,0.5911541464738548,0.7807544027455151,0.3948517763055861,0.1859636683948338,0.25291313882917166,0.500678286422044,0.25066532543860376,0.1790271073114127,0.48802598170004785,8.177169451396757
0.5887841635849327,0.009512103395536542,0.47517139185220003,0.03146934416145086,0.4428762109018862,0.7822377912234515,0.16616062307730317,0.14710599975660443,0.6697443048469722,0.8222253283020109,0.28621979997297586
0.07479459419846535,0.9741283447947353,0.4270442596171051,0.6869497967418283,0.3679177744779736,0.443658314878121,0.887675293488428,0.03359501645900309,0.3248473918065429,0.12956253835000098,10.38779490493134
0.7300139626022428,0.22957000229507685,0.6885797483846545,0.37374376016668975,0.23534452798776329,0.6443985109217465,0.595081411767751,0.3658353555947542,0.5550529300235212,0.9367870974820107,12.855476259246526
0.2481301084626466,0.04000392835587263,0.5640989420935512,0.20194711070507765,0.0792669600341469,0.45407995907589793,0.1983328873757273,0.8020212093833834,0.3150684623979032,0.4527450269088149,3.0907638374109427
0.34342640824615955,0.5963682504370809,0.030558126978576183,0.7247040718793869,0.49055172223597765,0.008153649978339672,0.869689341634512,0.31293004425242543,0.49959377595223486,0.14166431687772274,21.878273428842764
0.6600885302759707,0.6841783528216183,0.8402225363533944,0.10109875537455082,0.01736773969605565,0.7726662850473076,0.881415075622499,0.553282699547708,0.06921099219471216,0.24488196661695838,13.601881163387288
0.2648944614920765,0.37124884594231844,0.8814861411228776,0.07163386489264667,0.3389347717165947,0.4175855233334005,0.004397212294861674,0.1210065851919353,0.3576063369400799,0.944204478757456,8.182940414339317
0.7916981549933553,0.20726032997481525,0.16855039377696812,0.513526898343116,0.49266564729623497,0.039566074730828404,0.7097023017704487,0.19049861724488437,0.5353242007549852,0.5210076957009733,14.922258212924923
0.952210663119331,0.8127207097131759,0.7592478506267071,0.11765194055624306,0.8250993387773633,0.34585137804970145,0.8294923924840987,0.34235949302092195,0.4885360763873905,0.5056184113491327,12.838473047698194
0.4211725224740803,0.04802969959564507,0.612326841801405,0.35143922083079815,0.9370858245529234,0.27576367859728634,0.7116409484297037,0.475808895425871,0.13874505646526814,0.20772567903622985,10.461336094717394
0.5570074794813991,0.09872390935197473,0.47695774398744106,0.06806806707754731,0.9057101770304143,0.043729742523282766,0.5789363493677229,0.28279976453632116,0.2850024823565036,0.9829709935002029,8.540612811359983
0.3787243098486215,0.4594827832188457,0.6264246124774218,0.9244079855270684,0.9743313423823565,0.46481873327866197,0.1352758565917611,0.537579111289233,0.11618914804421365,0.8283857190981507,18.055525705213654
0.7760494148824364,0.9886910261120647,0.11047419719398022,0.6290985760279,0.17277691629715264,0.2817016667686403,0.37335068662650883,0.46845961129292846,0.24683267204090953,0.87919906899333,17.589263539708394
0.3101164863910526,0.8547240167390555,0.7285829395987093,0.1914276636671275,0.7013271830510348,0.06642987509258091,0.8823026027530432,0.6598506786394864,0.28594975685700774,0.5625110336113721,13.394367092203067
0.8070822237059474,0.2838065947871655,0.9303481234237552,0.08939247764647007,0.7579190856777132,0.05497395200654864,0.18527526943944395,0.932136117015034,0.4563527477439493,0.037787208100780845,15.003363155789772
0.6602288635913283,0.5574625884182751,0.22468160721473396,0.7697231371421367,0.3463948746211827,0.36478284327313304,0.8445380001794547,0.47858405159786344,0.5519990874454379,0.564368742518127,19.758287050184297
0.5087039908394217,0.7316699307411909,0.8516976819373667,0.4594238493591547,0.9531495834235102,0.6406351183541119,0.8442193258088082,0.14582015480846167,0.8728932549711317,0.32788838958367705,19.761402369248955
0.8266878996510059,0.3092291131615639,0.25253975042141974,0.2970272053498775,0.7534394785761833,0.7639266785699874,0.2504925187677145,0.4373273926321417,0.9501824700273573,0.2100635610986501,15.054913411860538
0.8583284900523722,0.110961411613971,0.9691821564920247,0.04217153321951628,0.9527166914194822,0.5856168079189956,0.7879112125374377,0.6901049220468849,0.4097365993075073,0.07673769351094961,14.089455675504373
0.9656858039088547,0.674774904968217,0.7715325003955513,0.7854741783812642,0.24382756324484944,0.5709673075471073,0.937341490527615,0.9479189775884151,0.3174077041912824,0.7313334536738694,18.600294516191127
0.8051206769887358,0.33223901386372745,0.11971313646063209,0.06842485372908413,0.24610667629167438,0.3034015444573015,0.052565912483260036,0.9237314555794001,0.4152987734414637,0.768825262086466,12.346788468945771
0.10605869488790631,0.28396885353140533,0.7506819737609476,0.475185751914978,0.6618271500337869,0.19862985843792558,0.9438470951281488,0.7244573631323874,0.8390279170125723,0.9993848013691604,9.372944509716323
0.12958302395418286,0.8665583410765976,0.6042720396071672,0.47654450684785843,0.5714282584376633,0.8759313330519944,0.5103529363404959,0.6677172291092575,0.8549512417521328,0.3118328587152064,11.961308208928273
0.9545933078043163,0.8134820440318435,0.06368753802962601,0.29910263512283564,0.17563758394680917,0.7749297481495887,0.8423324767500162,0.4744760321918875,0.5588265000842512,0.8897880199365318,13.765995712335966
0.9428581956308335,0.3172656465321779,0.09181533404625952,0.9233878813683987,0.13936444115824997,0.6497266313526779,0.5394685773644596,0.1460222485475242,0.8664189493283629,0.016266878694295883,22.699979550049544
0.04571928107179701,0.8462288549635559,0.7347161257639527,0.777549869613722,0.5784336957149208,0.06730669736862183,0.50203971657902,0.5803296866361052,0.8294889258686453,0.27039305749349296,12.713020783287039
0.17177385580725968,0.7569748845417053,0.7024509550537914,0.41858630278147757,0.09596742037683725,0.30988131021149457,0.5599679625593126,0.5407003846485168,0.11427869647741318,0.7964556631632149,11.099892911907988
0.786643122555688,0.8723880220204592,0.4495220906101167,0.903489429038018,0.49836524692364037,0.9670744757167995,0.4820558037608862,0.20459316298365593,0.3285726949106902,0.03656344721093774,18.341909648362485
0.6512997006066144,0.04214145406149328,0.8627840627450496,0.8427063238341361,0.5977875008247793,0.06368239549919963,0.7173672479111701,0.851211229339242,0.1573963633272797,0.17374517302960157,15.061604774286923
0.18280560476705432,0.8792215853463858,0.11609238712117076,0.1491083432920277,0.9042340186424553,0.39932703762315214,0.015231958823278546,0.8559759673662484,0.6076395586133003,0.9731298941187561,14.540459930820154
0.9897614242509007,0.8809674910735339,0.32385783176869154,0.2755216001532972,0.7216706301551312,0.7406567092984915,0.2795132778119296,0.5488077588379383,0.6882134668994695,0.7216596659272909,12.333649161074884
0.28764665056951344,0.4554022562224418,0.22810204327106476,0.6070847294759005,0.2838499564677477,0.1725420628208667,0.2400390508119017,0.5990503968205303,0.9808176029473543,0.9600451455917209,13.91530676550432
0.5976068109739572,0.28605420771054924,0.30618286528624594,0.723001278936863,0.9725389911327511,0.1176827170420438,0.014754598261788487,0.8467270492110401,0.23357389983721077,0.8531250378582627,16.52781868433504
0.777924865251407,0.7980944509617984,0.6011805536691099,0.7861050001811236,0.35885201930068433,0.5916151432320476,0.06648826645687222,0.20857016392983496,0.13702097116038203,0.3434601305052638,19.482201274898273
0.479548106668517,0.2005164094734937,0.1679823356680572,0.12694540177471936,0.5099213018547744,0.8931504490319639,0.9737171935848892,0.9874862579163164,0.8311638066079468,0.14793014409951866,8.980455778383122
0.4041697902139276,0.5640582933556288,0.9879269131924957,0.7289008155930787,0.5652984995394945,0.6375961888115853,0.8872402280103415,0.9497013329528272,0.5247465232387185,0.39649749803356826,22.101772807178047
0.5164044529665262,0.4191728469450027,0.18726692115888,0.08232914214022458,0.5579396558459848,0.009105381788685918,0.4274414398241788,0.7407398957293481,0.4887320757843554,0.9182578562758863,11.717840085129042
0.9370968800503761,0.15082186763174832,0.6227923203259706,0.34198982012458146,0.5891172096598893,0.16324360971339047,0.21673822426237166,0.00815156172029674,0.31231997394934297,0.5054096712265164,10.87269653106353
0.009271180955693126,0.8030695305205882,0.4250310198403895,0.07757127075456083,0.3113363403826952,0.3359527629800141,0.15235409373417497,0.8436034533660859,0.042226703371852636,0.4824075170326978,2.636324665680821
0.3015292012132704,0.5258463162463158,0.025956471916288137,0.3251508418470621,0.20694645727053285,0.5188537542708218,0.17160092829726636,0.7268345667980611,0.3451530775055289,0.6951028369367123,15.339962737552337
0.22695070877671242,0.6200714411679655,0.4061938503291458,0.1803633247036487,0.5572589104995131,0.0795047131832689,0.744866588851437,0.8637502698693424,0.7040908734779805,0.8446742622181773,7.459592486280031
0.5214800969697535,0.40270184306427836,0.5155367644038051,0.11975485365837812,0.9016644111834466,0.8645859102252871,0.6108726228121668,0.3490180510561913,0.4629941298626363,0.08506891177967191,12.717105956771622
0.5955827187281102,0.2416882396209985,0.5433079292997718,0.4848933380562812,0.3839375751558691,0.2710495637729764,0.039347439305856824,0.8564555055927485,0.03712221281602979,0.6941836383193731,11.344506925402419
0.7546936075668782,0.41177110210992396,0.27748422883450985,0.019075105665251613,0.4296875174622983,0.44550711545161903,0.33977403747849166,0.4441375741735101,0.48170507070608437,0.4503661987837404,10.73229516752706
0.26833221828565,0.9806462039705366,0.5008701405022293,0.7526632826775312,0.6557117002084851,0.2138121835887432,0.9315474892500788,0.25542990560643375,0.9543965819757432,0.48162859329022467,20.113113158838374
0.6937199081294239,0.12521703075617552,0.2450156770646572,0.6159460151102394,0.5377334491349757,0.315803938312456,0.09425137401558459,0.9591385761741549,0.6324630391318351,0.9450965547002852,13.109712228409357
0.8824554053135216,0.447011221665889,0.5704381631221622,0.5782917498145252,0.5438204335514456,0.7144649256952107,0.3696052897721529,0.02047538012266159,0.8801623634062707,0.05670512258075178,18.103384784669686
0.4534099556040019,0.8892939065117389,0.09279817179776728,0.9721177225001156,0.46757121407426894,0.8216888781171292,0.9731450837571174,0.7104228874668479,0.28900072257965803,0.19009437621571124,23.212757536904356
0.4715735879726708,0.5102356148418039,0.31793080014176667,0.2694850901607424,0.6908232583664358,0.19605375546962023,0.7626273687928915,0.5938524568919092,0.9868711354210973,0.6155977863818407,13.695642978716798
0.7883009808138013,0.6731540805194527,0.6368765672668815,0.25392584898509085,0.5816918038763106,0.8001111354678869,0.4253225461579859,0.5306917899288237,0.6985725569538772,0.5035324378404766,14.989632500338836
0.1265943560283631,0.7465338427573442,0.41846231976523995,0.6682706112042069,0.2881295650731772,0.8130638422444463,0.30724434391595423,0.8544495087116957,0.7969037222210318,0.08150688884779811,11.048685376130798
0.02179756877012551,0.5154866329394281,0.5610622183885425,0.05185444373637438,0.12631050706841052,0.9573436540085822,0.5476564294658601,0.027108098613098264,0.31875303317792714,0.41002628533169627,1.345165389139957
0.4550644389819354,0.6010332559235394,0.25190474349074066,0.9927696133963764,0.29802024364471436,0.6891017081215978,0.03180162631906569,0.17320052348077297,0.9395658189896494,0.8612278429791331,21.20002156337792
0.7290348259266466,0.6173102634493262,0.2844656743109226,0.36440907628275454,0.6809841974172741,0.8538607403170317,0.46035142382606864,0.15134255914017558,0.3042857083491981,0.5574154469650239,18.492546466442832
0.8329825659748167,0.6631206716410816,0.39963927515782416,0.5372045561671257,0.21591785131022334,0.6723648332990706,0.30650723329745233,0.8342154291458428,0.6446984622161835,0.4680976828094572,16.939471376095202
0.7987521218601614,0.3931178713683039,0.7674559627193958,0.5525440180208534,0.33200911222957075,0.20374753116630018,0.2950051077641547,0.2859099686611444,0.7514456550125033,0.2910199067555368,15.225892242697537
0.531978792976588,0.4180855439044535,0.11760348314419389,0.16958297323435545,0.5930278666783124,0.8291316376999021,0.09221805748529732,0.572536401450634,0.8259001080878079,0.1033199520315975,14.662722600594824
0.061640184139832854,0.8700329989660531,0.8094421424902976,0.613458024803549,0.5290543034207076,0.5088466398883611,0.06465504225343466,0.7761117082554847,0.7495017740875483,0.7637183342594653,12.234480374347006
0.2355832071043551,0.4817633843049407,0.2728571405168623,0.8698423651512712,0.43422237946651876,0.01167115313000977,0.43198152189143,0.7839023612905294,0.3417907077819109,0.05095519847236574,15.995887483403397
0.5837437293957919,0.0885055037215352,0.9359556892886758,0.09305477561429143,0.8920670060906559,0.5418758790474385,0.1566690660547465,0.2350739494431764,0.49451964092440903,0.28241043468005955,10.091957884403147
0.4472964748274535,0.6740775119978935,0.747132679913193,0.054356853011995554,0.8671519141644239,0.8852479739580303,0.7684184813406318,0.8948525553569198,0.12044304050505161,0.8247879773844033,13.977050199839534
0.22796274116262794,0.6059724215883762,0.7198877725750208,0.5054659810848534,0.8781458016019315,0.5664461627602577,0.9743847597856075,0.03739084140397608,0.3313603326678276,0.3096055411733687,15.497038765200566
0.03843792015686631,0.8332395490724593,0.21997198113240302,0.5287368483841419,0.04635547683574259,0.1268498303834349,0.010578216519206762,0.9465304461773485,0.9658168773166835,0.8972981544211507,8.897141678571476
0.12054406246170402,0.9752968209795654,0.13541559013538063,0.4929301552474499,0.5961751812137663,0.41148539376445115,0.3851359258405864,0.18051933706738055,0.036546389339491725,0.8136923315469176,15.264340351644602
0.8200921309180558,0.4164199233055115,0.7969152005389333,0.14386697416193783,0.4143208903260529,0.7710632281377912,0.3037961395457387,0.7851584646850824,0.1761864593718201,0.5541793589945883,12.990259822363514
0.5847126219887286,0.5114710286725312,0.011080463649705052,0.8335626821499318,0.11092783999629319,0.9318344006314874,0.575010230531916,0.49591558845713735,0.7333232595119625,0.833294321782887,20.73483336562484
0.03837832808494568,0.31196285923942924,0.8205801278818399,0.825062352931127,0.6934214204084128,0.8102059743832797,0.4321087079588324,0.20762454555369914,0.6341704197693616,0.6708761223126203,14.322677557694721
0.15858254372142255,0.7400965453125536,0.46024321485310793,0.6585277747362852,0.564840447390452,0.23546620598062873,0.8957743069622666,0.2459209361113608,0.9368338659405708,0.5131329570431262,13.124592092966044
0.4215660374611616,0.4379567748401314,0.22379256249405444,0.22078588139265776,0.047446280950680375,0.09071762417443097,0.1775355744175613,0.5396151577588171,0.29870444745756686,0.40136249572969973,9.574664620932515
0.5156617136672139,0.6534480126574636,0.4635998166631907,0.042657866375520825,0.5270916933659464,0.4948010337539017,0.13772405521012843,0.7027458797674626,0.5730047975666821,0.3020269642584026,13.390956400964601
0.9081128386314958,0.9088729864452034,0.6334101248066872,0.9114959444850683,0.48598357499577105,0.9614874853286892,0.8072786058764905,0.7891395958140492,0.2019414093811065,0.31345945596694946,15.797179487096177
0.6641587188933045,0.6027019442990422,0.5203161258250475,0.649303508689627,0.9787810363341123,0.2948557115159929,0.04355584178119898,0.7304479570593685,0.010749505599960685,0.43451954307965934,21.716337965010304
0.20006605214439332,0.2809079436119646,0.04549806728027761,0.5506399017758667,0.09324008855037391,0.42711193836294115,0.7051340013276786,0.4775704462081194,0.3104134127497673,0.9419199554249644,12.414896258641717
0.7604999237228185,0.5506170855369419,0.708939345087856,0.993413144024089,0.1306539191864431,0.5918946033343673,0.9235469307750463,0.28856795676983893,0.33114723674952984,0.12854265910573304,19.032303710921703
0.8216794054023921,0.38500485476106405,0.6176207561511546,0.12018507393077016,0.7800543901976198,0.45383348828181624,0.8353981017135084,0.4674401928205043,0.4273801897652447,0.9941534381359816,14.325064349225196
0.06854091444984078,0.3602196879219264,0.3113568795379251,0.5356409635860473,0.9366525197401643,0.2296548706945032,0.4523005518130958,0.3454012582078576,0.04979313910007477,0.35450761090032756,11.621758120715878
0.2939508364070207,0.8191585605964065,0.15448019769974053,0.29032470006495714,0.717630612431094,0.691602930193767,0.18435790645889938,0.3448418502230197,0.711026530014351,0.20549698011018336,14.61859653592225
0.42146291653625667,0.4920131529215723,0.6005803027655929,0.9935065372847021,0.8544037786778063,0.7045439274515957,0.3252810649573803,0.031304998556151986,0.21439613541588187,0.8500418935436755,20.962268042424867
0.4723296952433884,0.8980956696905196,0.9143728178460151,0.18426947947591543,0.6378577640280128,0.03163109137676656,0.9465928191784769,0.2887252504006028,0.4035110401455313,0.9360061050392687,16.963066979947822
0.9080144467297941,0.2634917926043272,0.9742683148942888,0.49853844731114805,0.5422491033095866,0.05461908271536231,0.9333264420274645,0.883914508856833,0.9589612388517708,0.5454869561363012,18.49803367833951
0.24534454918466508,0.31179414596408606,0.8432777803391218,0.39254537993110716,0.4451246717944741,0.2332319535780698,0.8127766414545476,0.7488082798663527,0.9847517407033592,0.2864673309959471,10.675608774332657
0.401612282730639,0.43215719563886523,0.3098939366172999,0.7304456916172057,0.5188605927396566,0.21952198981307447,0.45088211516849697,0.0024849860928952694,0.7093365308828652,0.6370676700025797,16.080787371019092
0.6000413526780903,0.5947788360062987,0.7392365091945976,0.8655636650510132,0.7444216345902532,0.6565687579568475,0.038992578629404306,0.7957331023644656,0.04355918616056442,0.025691157206892967,21.7882145504511
0.3555352578405291,0.31365512241609395,0.21721166092902422,0.911109825829044,0.47060426510870457,0.1926369706634432,0.46596349752508104,0.3588838910218328,0.7189841312356293,0.9148256925400347,15.775884778763281
0.2057784553617239,0.6536963568069041,0.12546712323091924,0.8931931632105261,0.2376066828146577,0.25823363848030567,0.13775996956974268,0.38075061165727675,0.6412631492130458,0.27310458524152637,17.612996057533575
0.6383407420944422,0.5519686054904014,0.609805007930845,0.5320866561960429,0.40278891613706946,0.5442701387219131,0.04461983032524586,0.2167665723245591,0.6921391771174967,0.8384558919351548,15.877876897511324
0.9224517152179033,0.028647974831983447,0.6949704890139401,0.31549514667131007,0.8533836926799268,0.2496670379769057,0.5519077545031905,0.3730610210914165,0.056061844108626246,0.7108034393750131,9.419139204497066
0.5861778226681054,0.49688992416486144,0.5884100897237659,0.023642444284632802,0.940094591351226,0.5324041245039552,0.11397687438875437,0.410104485694319,0.9948979064356536,0.10590632283128798,11.871249524213257
0.6645584334619343,0.8123837180901319,0.7918901666998863,0.6062725919764489,0.7854197155684233,0.8648193958215415,0.0951570940669626,0.2553520048968494,0.8349732779897749,0.9575248516630381,20.488961247197842
0.33630002196878195,0.6035071979276836,0.15991356410086155,0.30982148787006736,0.6337899214122444,0.8331386193167418,0.2531682283151895,0.6499345540069044,0.8861243319697678,0.02805449371226132,14.093019494307791
0.7944795473013073,0.12698675971478224,0.03657391597516835,0.5999784357845783,0.6448431317694485,0.32708030845969915,0.9161511971615255,0.7182454124558717,0.30181202408857644,0.5863125349860638,13.827478586518096
0.3388987497892231,0.290986213600263,0.1238183316309005,0.22401009825989604,0.2308077614288777,0.8111939709633589,0.6567835877649486,0.4606131671462208,0.6900312192738056,0.8772410003002733,8.89983680225798
0.272271882975474,0.04836332076229155,0.6380400424823165,0.31840143422596157,0.6891472609713674,0.16643007402308285,0.8081522746942937,0.8376835663802922,0.6118692879099399,0.9941289571579546,7.547748411622756
0.563802097691223,0.08542984654195607,0.9262386176269501,0.8455260270275176,0.6666758446954191,0.5701322592794895,0.9129811103921384,0.9823693977668881,0.5645024096593261,0.4727215419989079,18.13930030786846
0.2899386079516262,0.14209389593452215,0.9922444405965507,0.5854901848360896,0.24339392292313278,0.6046403672080487,0.8985723615624011,0.6210421635769308,0.028616762720048428,0.6110073884483427,12.722841030769768
0.3146153741981834,0.18420507269911468,0.013552823569625616,0.9645721863489598,0.2730622289236635,0.887974698562175,0.7528036315925419,0.2860199431888759,0.21593123907223344,0.31849633855745196,17.45892958482627
0.3340590950101614,0.4838113789446652,0.22197394375689328,0.9046770476270467,0.7258514692075551,0.4820543392561376,0.4536107222083956,0.1949832688551396,0.5233297010418028,0.77248077490367,20.464030108451443
0.07206317293457687,0.46847812877967954,0.6945864215958863,0.27333803195506334,0.23943094979040325,0.40066232276149094,0.7970955478958786,0.8686430149246007,0.6588991107419133,0.18504293961450458,5.809158465351383
0.6845268525648862,0.28200777899473906,0.859261681791395,0.9634291755501181,0.7184290746226907,0.7632957152090967,0.06895278627052903,0.08800968807190657,0.12087077694013715,0.14432947104796767,19.968651776622366
0.7852186851669103,0.806783874053508,0.15986628853715956,0.9233157224953175,0.9519185787066817,0.4120265746023506,0.9593746275641024,0.6553159165196121,0.36999625130556524,0.42151249665766954,25.0381157070344
0.32617469620890915,0.9914901393931359,0.06878162384964526,0.5374934645369649,0.4900010535493493,0.2282644947990775,0.7559961676597595,0.785486735869199,0.0916540955659002,0.9318935354240239,20.863313147654594
0.11291186208836734,0.33213585102930665,0.785310145933181,0.6651675791945308,0.40653954446315765,0.2821984861511737,0.40886198193766177,0.5014562064316124,0.7679594324436039,0.11394297773949802,11.924253134781901
0.9049674107227474,0.6245009698905051,0.39337291824631393,0.5760324248112738,0.28491698671132326,0.028481666464358568,0.4956107030157,0.6841713523026556,0.3991123968735337,0.772459716303274,17.043072836562654
0.9716158730443567,0.01803979161195457,0.3618150386027992,0.29715173738077283,0.3694739188067615,0.48529333202168345,0.007997289067134261,0.8600354436784983,0.37916519003920257,0.618959950748831,5.477106013909666
0.14342259638942778,0.9861930753104389,0.7407260234467685,0.09256455302238464,0.02093850076198578,0.8960565796587616,0.09180176304653287,0.166998699773103,0.11651779268868268,0.0753034760709852,6.801098144206799
0.2775872612837702,0.06763544888235629,0.47285786108113825,0.43348709819838405,0.5662058664020151,0.6928836349397898,0.1295893059577793,0.09344670292921364,0.4606540228705853,0.09138180082663894,7.572629598083065
0.45229292078875005,0.2509437412954867,0.9266433052252978,0.8048375262878835,0.46908711246214807,0.948995154350996,0.47464680578559637,0.02674582484178245,0.21808643778786063,0.02842307393439114,16.579690682923836
0.8091292688623071,0.3409967552870512,0.2780429916456342,0.6345744919963181,0.7955821233335882,0.11559231602586806,0.8353653673548251,0.9718624893575907,0.034975914750248194,0.7944096357095987,19.189272025866345
0.2808265385683626,0.8659130176529288,0.06719068647362292,0.031321892980486155,0.9026639708317816,0.7016406143084168,0.1035327143035829,0.23803919064812362,0.07032231497578323,0.438977736979723,13.967982191621608
0.7015896185766906,0.5199101320467889,0.025378551799803972,0.24891346413642168,0.9490343760699034,0.5749773639254272,0.5207806040998548,0.7055341908708215,0.7476486461237073,0.4844153148587793,20.44639369175601
0.729612355818972,0.4214669878128916,0.9688375864643604,0.4311978495679796,0.6646890914998949,0.2791309328749776,0.8253515113610774,0.40564189897850156,0.4102817405946553,0.1845744599122554,20.46928333116048
0.3560486985370517,0.8450504729989916,0.8811505106277764,0.3193372308742255,0.12289590178988874,0.43414351833052933,0.176224545808509,0.49662509746849537,0.5537494984455407,0.6495873786043376,15.709209193035246
0.14484470058232546,0.5258133630268276,0.9441827293485403,0.35932495491579175,0.12988783628679812,0.4738623483572155,0.9718273868784308,0.7440384770743549,0.40910706436261535,0.9136766328010708,11.148563526458776
0.9847883915062994,0.34680584794841707,0.6994457899127156,0.4128282624296844,0.20980894868262112,0.8413196103647351,0.9815224565099925,0.1715958435088396,0.26146147889085114,0.6155458916909993,13.634097766922864
0.06161381187848747,0.6671998472884297,0.12733058701269329,0.14393045590259135,0.9041027950588614,0.32627117703668773,0.6687247972004116,0.5933140804991126,0.3274222754407674,0.05973636289127171,8.373139360269644
0.1757836495526135,0.7932192510925233,0.40363089507445693,0.401018621167168,0.2127058224286884,0.94714907836169,0.5528125776909292,0.2773692647460848,0.9527827163692564,0.6988503832835704,9.66031023472363
0.6733391752932221,0.049225353403016925,0.7731672355439514,0.18226186628453434,0.00555271771736443,0.4997688743751496,0.423621489899233,0.28601917577907443,0.23659145296551287,0.4765704176388681,3.2844787278598035
0.47252921876497567,0.3684826304670423,0.43661620491184294,0.9940158335957676,0.43624676344916224,0.8332785801030695,0.6262641297653317,0.8713863021694124,0.5123419126030058,0.50419672136195,15.706695585462215
0.041093090549111366,0.08264991384930909,0.7763275841716677,0.07020217948593199,0.9874626600649208,0.7086560516618192,0.5412394769955426,0.31908576376736164,0.8209774284623563,0.9932549390941858,5.38967271246454
0.7349828879814595,0.4036802041810006,0.7194646301213652,0.5759964953176677,0.9035647534765303,0.09931756183505058,0.163768719881773,0.5739027943927795,0.729059983510524,0.8951030790340155,16.623515090448148
0.4977646223269403,0.5961435800418258,0.7781441742554307,0.23580583347938955,0.15288086235523224,0.6292620082385838,0.8567797406576574,0.7563855280168355,0.8270308182109147,0.9067599747795612,12.599960095662862
0.29945550789125264,0.07339887483976781,0.25136444391682744,0.31167989945970476,0.8279137252829969,0.46887863823212683,0.2010582962539047,0.8324122733902186,0.06533483020029962,0.5696663530543447,9.748573013417447
0.3333124148193747,0.9819138301536441,0.3394071308430284,0.6905361211393028,0.7492014828603715,0.10638084495440125,0.43140083155594766,0.9948490033857524,0.01266006357036531,0.05991703434847295,20.272336309387025
0.8419949866365641,0.7045628277119249,0.5893227807246149,0.384976422181353,0.10165622388012707,0.2386939045973122,0.7795048074331135,0.6791189156938344,0.9594488583970815,0.6250281475950032,13.883972899592125
0.7132263495586812,0.7940415632911026,0.8266746795270592,0.7920458880253136,0.9183594593778253,0.9270121003501117,0.09282611357048154,0.20232018106617033,0.10817735409364104,0.590435431106016,25.080607569075205
0.851493768626824,0.2751989783719182,0.7129699420183897,0.7622861207928509,0.8443987620994449,0.5679898119997233,0.5500694988295436,0.11498951283283532,0.6376294365618378,0.14916866249404848,19.793078780292735
0.025215520756319165,0.7620435107965022,0.34270441718399525,0.9530784434173256,0.19038956193253398,0.8614069619216025,0.5038787785451859,0.5579519215971231,0.2728921181987971,0.04728519474156201,11.824013688754324
0.7619753496255726,0.7952438092324883,0.48312989016994834,0.9180212891660631,0.050431519048288465,0.033881535986438394,0.9964917409233749,0.03989048395305872,0.7532912441529334,0.6474752686917782,19.08404274231931
0.6683521154336631,0.6296327118761837,0.6573747079819441,0.40370272495783865,0.04197830148041248,0.08295752457343042,0.9229265353642404,0.8384001364465803,0.3264012385625392,0.9271449334919453,13.657050367796169
0.6659495909698308,0.6747585865668952,0.3818971188738942,0.04475588025525212,0.15575471869669855,0.11767658777534962,0.48016031831502914,0.3087041734252125,0.3268843670375645,0.43417292390950024,10.359313983643984
0.1953268290963024,0.37474947585724294,0.6559795837383717,0.007587419589981437,0.8212545746937394,0.17658277950249612,0.051323262974619865,0.34246728476136923,0.29378972272388637,0.6080985385924578,6.868178578447728
0.1026398497633636,0.48932617460377514,0.5418131579644978,0.19739434006623924,0.6096101808361709,0.9170196685008705,0.0145143021363765,0.2953019579872489,0.9572846458759159,0.9479839908890426,5.384598168763036
0.7351646651513875,0.8076658472418785,0.08122813701629639,0.25852455338463187,0.2665558531880379,0.9528275113552809,0.22047299123369157,0.5889290748164058,0.49490445479750633,0.6281940010376275,16.66053644435309
0.38107614452019334,0.05089034326374531,0.04922605538740754,0.5909954546950758,0.8721903411205858,0.4027042093221098,0.10598271456547081,0.35842775041237473,0.09119164827279747,0.6214156216010451,15.853388739548521
0.07243305863812566,0.8272328993771225,0.722692676121369,0.9002709374763072,0.8640773876104504,0.24656558386050165,0.3974246254656464,0.5315459948033094,0.6790440785698593,0.6121523932088166,16.003488122384258
0.007155176252126694,0.6787074019666761,0.4336421780753881,0.506063993787393,0.09859238052740693,0.43813525373116136,0.8740188744850457,0.6151576705742627,0.7069339896552265,0.5260583332274109,6.5629025709394195
0.9419809789396822,0.7686973058152944,0.8492126010823995,0.41711112507618964,0.5773136466741562,0.3672016856726259,0.6564549372997135,0.736958286492154,0.9117245092056692,0.007564905332401395,18.033668229108738
0.42872797371819615,0.6361419619061053,0.1833056891337037,0.04331393539905548,0.20365917985327542,0.7469857435207814,0.6106896507553756,0.5830727729480714,0.1005037403665483,0.6741812871769071,9.861978532314993
0.777563793817535,0.22829967737197876,0.8986875992268324,0.024317460134625435,0.5957228560000658,0.3495454955846071,0.34996902104467154,0.7495374293066561,0.1775130508467555,0.009654030902311206,11.826731805296971
0.9828198808245361,0.3007716038264334,0.14096587733365595,0.3204473569057882,0.02656205906532705,0.6730568765196949,0.13062319136224687,0.9382985329721123,0.9180126606952399,0.34955338784493506,13.939041263988983
0.844404213828966,0.24611845635809004,0.3584757160861045,0.5747616833541542,0.7440817214082927,0.027475884649902582,0.8674575064796954,0.8566246600821614,0.8773811617866158,0.2927465462125838,16.100993204032807
0.8462945697829127,0.8377668401226401,0.5848491126671433,0.4141470429021865,0.3720343089662492,0.25177199812605977,0.6703106497880071,0.38979759672656655,0.1546060019172728,0.6670261519029737,14.814102134810932
0.31985124037601054,0.1974786869250238,0.4812141035217792,0.4033599786926061,0.5457573346793652,0.799690056592226,0.45952775073237717,0.5479436244349927,0.9366312259808183,0.5231440649367869,9.07564721415599
0.20483552711084485,0.04103861516341567,0.7548464005813003,0.6751506924629211,0.4685708147007972,0.03742722608149052,0.5149173005484045,0.5504686629865319,0.5874850912950933,0.5035568873863667,10.714886395658812
0.21575660514645278,0.7931387987919152,0.9884028488304466,0.8813209994696081,0.37472383002750576,0.028936712071299553,0.9560553831979632,0.9800538928247988,0.6129346387460828,0.2811989728361368,19.513920581262397
0.6263518955092877,0.14112730859778821,0.39331219741143286,0.9453556404914707,0.7001985500101,0.07711257971823215,0.8149096390698105,0.8211794772651047,0.2742162519134581,0.5562167908065021,17.18503235967255
0.2261777480598539,0.7542434048373252,0.9359037997201085,0.918020976241678,0.6935291150584817,0.2543689236044884,0.20738335768692195,0.06540579069405794,0.661083998857066,0.05519881681539118,22.893088131753736
0.6699786412063986,0.4730952102690935,0.05084533477202058,0.4387827084865421,0.5449887465219945,0.8252837089821696,0.7887007552199066,0.2899525072425604,0.5839262055233121,0.8577817727345973,22.820561856520502
0.1686524166725576,0.34750542626716197,0.9116605159360915,0.06506183068268001,0.059206840582191944,0.27916868100874126,0.811205793870613,0.935039701173082,0.4543889658525586,0.3539538804907352,5.561568058991739
0.4256486229132861,0.29064682172611356,0.3490522906649858,0.7298940643668175,0.906373273814097,0.327175285667181,0.5976811025757343,0.9991623335517943,0.9338510299567133,0.841827405616641,16.162667840506543
0.5227849585935473,0.6517214551568031,0.01815491891466081,0.7557772733271122,0.6284601029474288,0.17620495799928904,0.9315580590628088,0.7590606289450079,0.03612926695495844,0.21089485404081643,24.73673185936052
0.5486513073556125,0.8077332745306194,0.01631124666891992,0.24217969295568764,0.6174699342809618,0.5725010454189032,0.9002147824503481,0.3579041208140552,0.5703274584375322,0.7852896023541689,21.12926316006313
0.046365170273929834,0.530619055731222,0.5985079794190824,0.3879499475006014,0.571990170981735,0.5394387932028621,0.6783051437232643,0.9777636060025543,0.49209588253870606,0.7919766625855118,7.439904070133022
0.8129322386812419,0.36356862005777657,0.08199605951085687,0.8048839846160263,0.5057019314263016,0.771019259467721,0.563875263556838,0.1881226364057511,0.06182479043491185,0.09717132220976055,22.689237112183978
0.9154947209171951,0.9114788661245257,0.4098842788953334,0.32664626417681575,0.9277637845370919,0.08003397914581001,0.558982141315937,0.6350985453464091,0.11376005597412586,0.7871566968970001,14.133597854075717
0.6450085821561515,0.5939122687559575,0.9383070706389844,0.47863719682209194,0.3042698581703007,0.025219252333045006,0.36345589510165155,0.8416646991390735,0.8866737771313637,0.8030917055439204,20.216283411472375
0.8521620756946504,0.4485122850164771,0.16351965116336942,0.7252158066257834,0.8555465943645686,0.9248824350070208,0.7817159206606448,0.11249572737142444,0.6260947901755571,0.2667242612224072,22.81751022706238
0.8361958090681583,0.6514788770582527,0.23178888554684818,0.6132507945876569,0.43174454220570624,0.8592924140393734,0.2465646006166935,0.09002565266564488,0.8805346966255456,0.8133841392118484,19.028396412725684
0.8438291905913502,0.1791833599563688,0.3428498760331422,0.11168451770208776,0.8996488770935684,0.19205476134084165,0.9331009951420128,0.751894146669656,0.6676572784781456,0.6131925988011062,9.474069155639894
0.9525341012049466,0.709602129412815,0.4284779750742018,0.5662621275987476,0.8720003506168723,0.9658158265519887,0.75863520312123,0.32843636348843575,0.6152663591783494,0.3220031140372157,19.37569888813526
0.11631576833315194,0.5873943616170436,0.9211461094673723,0.45233293040655553,0.7719437822233886,0.7769197323359549,0.722784883575514,0.3972822795622051,0.986673871288076,0.6208580760285258,14.622633234693359
0.8488997772801667,0.6883967062458396,0.24974449258297682,0.25709543749690056,0.3753136780578643,0.3210968575440347,0.1296998297329992,0.450088418321684,0.3890911072958261,0.325102403992787,15.095356846063474
0.7329549579881132,0.6148957314435393,0.14395237364806235,0.24112155637703836,0.5385806474369019,0.09823577874340117,0.109391282312572,0.7747239591553807,0.6336935295257717,0.07425221800804138,17.968585130410844
0.2617966649122536,0.678314175689593,0.31704086903482676,0.6369149566162378,0.7116234805434942,0.33228770224377513,0.9387389130424708,0.2693942163605243,0.6519351562019438,0.3486671717837453,16.801723922774123
0.7085415611509234,0.403367314953357,0.07434513629414141,0.9881064852233976,0.25971374777145684,0.22100176382809877,0.7112722266465425,0.7300775505136698,0.6337823008652776,0.8713317709043622,21.744619332350293
0.7989536528475583,0.2978227611165494,0.812133178114891,0.3344965595752001,0.5959631525911391,0.23615892184898257,0.3052815399132669,0.4884958113543689,0.08683037292212248,0.5484871603548527,15.065906486895926
0.1354788737371564,0.3870415398851037,0.45227850577794015,0.18573250924237072,0.7315268749371171,0.2153599876910448,0.03413164499215782,0.45239838561974466,0.8277976636309177,0.4895995263941586,7.779848987834763
0.2551804326940328,0.1120923007838428,0.3180818911641836,0.6791721540503204,0.8579042814671993,0.8259447391610593,0.018246500520035625,0.9336326296906918,0.03239819686859846,0.48674233071506023,12.132357715873074
0.6515378467738628,0.697567343711853,0.7761247295420617,0.40705011249519885,0.6009690833743662,0.07016883161850274,0.020711793331429362,0.18035335140302777,0.41373115265741944,0.9504399430006742,18.232122638611287
0.782599066849798,0.39315576618537307,0.537439824314788,0.8316014271695167,0.5511932212393731,0.6467317533679307,0.5005324804224074,0.9826960708014667,0.5198205360211432,0.7355089818593115,18.68676704253932
0.10818620421923697,0.040135255083441734,0.9055073619820178,0.1277470774948597,0.23196395486593246,0.023839982459321618,0.27281396836042404,0.08801088738255203,0.015687820967286825,0.05958622181788087,4.786638068122992
0.8981217814143747,0.8521190569736063,0.8733592003118247,0.5422466096933931,0.2316485745832324,0.7507697676774114,0.7999718475621194,0.8016145143192261,0.1921906468924135,0.4803138580173254,17.601407196535426
0.9972226195968688,0.08448711084201932,0.5056816881988198,0.744817812461406,0.7651687883771956,0.34056809241883457,0.39624384022317827,0.40510520921088755,0.17752799461595714,0.7236710782162845,13.950820418200468
0.7298073109705001,0.4380420004017651,0.3840762928593904,0.5695791107136756,0.15272450726479292,0.6390342083759606,0.29924210370518267,0.23228306835517287,0.2171521212439984,0.8302892849314958,14.501089812732685
0.9527084166184068,0.8950598987285048,0.5492464145645499,0.1266254752408713,0.35467637423425913,0.11817437829449773,0.2018122896552086,0.7476991708390415,0.8019995731301606,0.9142660195939243,10.297867396829282
0.42872158414684236,0.7733543736394495,0.25165150756947696,0.006179815623909235,0.8428774154745042,0.4755534508731216,0.1139611704275012,0.980502697173506,0.5421312935650349,0.2746999729424715,15.202686124994765
0.45463837194256485,0.08067400543950498,0.6882188899908215,0.9046162040904164,0.8614943684078753,0.885666485177353,0.26430341065861285,0.534261233638972,0.7238189280033112,0.419614480342716,14.763412917310935
0.6433128679636866,0.6231494839303195,0.22931903810240328,0.8573684063740075,0.8928813976235688,0.5272524633910507,0.23204008163884282,0.8914439713116735,0.2231065530795604,0.0765216255094856,22.98284052535078
0.8676088403444737,0.022615327034145594,0.6049032532609999,0.10479584312997758,0.04039389849640429,0.37479873350821435,0.852818988263607,0.19339153659529984,0.2602660437114537,0.02706410363316536,1.4575485705154934
0.5113018748816103,0.35802706284448504,0.8420517032500356,0.32568941288627684,0.4088368632365018,0.79127536714077,0.8500195904634893,0.27348076924681664,0.9622212466783822,0.46589476615190506,13.965558796350033
0.9827253117691725,0.2121716623660177,0.824501934228465,0.5554108121432364,0.8797603801358491,0.8546376021113247,0.03538916073739529,0.9667031459975988,0.08141204994171858,0.21204773359932005,18.738919337708698
0.23947728145867586,0.41834027599543333,0.8136581035796553,0.4304761348757893,0.12912331731058657,0.12488677841611207,0.3928520220797509,0.03943506767973304,0.7417868317570537,0.7325721632223576,9.49727751134676
0.2915611129719764,0.43498840741813183,0.3351112110540271,0.23631234117783606,0.7024387959390879,0.9159714838024229,0.07455069106072187,0.34885112242773175,0.680730557302013,0.1628105230629444,11.374781520079344
0.41371400211937726,0.28098967275582254,0.10770262661390007,0.9782253825105727,0.8101175669580698,0.9129481366835535,0.8474090092349797,0.4293870320543647,0.7583422251045704,0.4880883658770472,21.59191239018831
0.5065979710780084,0.678834191756323,0.3590758896898478,0.9330339282751083,0.1203408888541162,0.032914971467107534,0.690598004264757,0.9574216138571501,0.7693930272944272,0.22037149057723582,19.009109796835894
0.29321016022004187,0.8503675274550915,0.6840069943573326,0.36214693589136004,0.0040079953614622355,0.6417333399876952,0.6274770856834948,0.32422543526627123,0.6959884890820831,0.5671418318524957,11.258149122160992
0.6604510445613414,0.7065517061855644,0.3040797747671604,0.24123309645801783,0.5523065861780196,0.6642476059496403,0.7350165026728064,0.6921873320825398,0.9676074588205665,0.22335325088351965,15.008544090772151
0.506708848522976,0.13762084324844182,0.5427317814901471,0.2322320737875998,0.5534592783078551,0.09514162875711918,0.07819556933827698,0.5046216149348766,0.9118122635409236,0.38285240065306425,7.3623782595100415
0.3431768042501062,0.9159419792704284,0.3096695300191641,0.7260370585136116,0.43294181441888213,0.004696708172559738,0.8381571078207344,0.77908073249273,0.9721777699887753,0.3105047927238047,18.893742908484445
0.070191201986745,0.8009323757141829,0.5899189980700612,0.9914336840156466,0.21501851710490882,0.6899731196463108,0.7097134836949408,0.5619804004672915,0.34106415836140513,0.9007269865833223,15.15200982042787
0.16336204088293016,0.518902855925262,0.21171967359259725,0.06391233345493674,0.5754452042747289,0.2068498271983117,0.6969495308585465,0.2884447081014514,0.7781374279875308,0.972674458520487,6.420310402308444
0.8401639657095075,0.48896754113957286,0.56557896733284,0.5960544487461448,0.48839548346586525,0.7092162789776921,0.2412952098529786,0.8308684988878667,0.16510721086524427,0.7973383800126612,18.041913322318024
0.4824165056925267,0.9653991656377912,0.4054076485335827,0.5457619214430451,0.9694097780156881,0.5222296556457877,0.3063075274694711,0.3817756697535515,0.7044272234197706,0.039689459605142474,20.124614874912858
0.0838169299531728,0.2667607313487679,0.5546698274556547,0.7222238655667752,0.9791636720765382,0.20365739078260958,0.7306120726279914,0.4524394457694143,0.10785644687712193,0.5041925546247512,13.580806872172706
0.6445378458593041,0.42093675350770354,0.35528846993111074,0.19084570091217756,0.4386651115491986,0.29325949563644826,0.07831799751147628,0.06948690954595804,0.17658575624227524,0.29797296947799623,12.049348539242414
0.2779681785032153,0.42454648832790554,0.16912643052637577,0.42542664939537644,0.9032097114250064,0.18358936673030257,0.2568326899781823,0.9071007580496371,0.09351712535135448,0.03932751761749387,14.8575083542727
0.2427814998663962,0.45379104814492166,0.77283576130867,0.853660128545016,0.5842742591630667,0.06420069118030369,0.3309176315087825,0.8988895160146058,0.9552095385733992,0.1661520937923342,18.363155845254504
0.8308006401639432,0.6273214311804622,0.9696893582586199,0.6794035925995559,0.03694381704553962,0.30645277071744204,0.5092735884245485,0.6601426245179027,0.6565481584984809,0.47153946734033525,22.19480821946483
0.7109559164382517,0.11478274082764983,0.4521846054121852,0.9655664437450469,0.7688236236572266,0.19181930320337415,0.6722837428096682,0.4754500442650169,0.9377804410178214,0.8170561396982521,17.274176692515134
0.6704382286407053,0.9833165165036917,0.2147458903491497,0.8849584779236466,0.8976214467547834,0.859122775029391,0.9507366851903498,0.9539451862219721,0.05143060302361846,0.12686022836714983,24.1823423966657
0.5509029342792928,0.7108634943142533,0.0433525568805635,0.14157428010366857,0.4569229467306286,0.3269195896573365,0.2624600862618536,0.6765969900880009,0.8318878442514688,0.7197190201841295,16.92842958612943
0.4040169932413846,0.9381962593179196,0.13439749740064144,0.15942953061312437,0.8008061870932579,0.7907468099147081,0.06844966323114932,0.5399848171509802,0.10186740849167109,0.3551119554322213,17.794332540146325
0.16522428742609918,0.1960752746090293,0.7991922136861831,0.1977653985377401,0.6837039431557059,0.7972166801337153,0.5213523984421045,0.10352104809135199,0.6420834362506866,0.21074353903532028,9.565516845146004
0.8759853083174676,0.5464228081982583,0.6447405624203384,0.5983645014930516,0.644267491530627,0.8325170278549194,0.14380029495805502,0.5116022804286331,0.24014073447324336,0.8605153663083911,18.122496667515616
0.7032876163721085,0.08181381830945611,0.29153334558941424,0.414660305948928,0.4436544568743557,0.9005084959790111,0.6067338068969548,0.08828543568961322,0.42641974799335003,0.3289110397454351,8.476503179232571
0.1465336203109473,0.12101252819411457,0.6099532463122159,0.539687248179689,0.6221646482590586,0.06766401324421167,0.23857867158949375,0.4755870832595974,0.6252172756940126,0.6422416877467185,9.209936632763636
0.8238023791927844,0.6418914310634136,0.7835609964095056,0.37805046420544386,0.26690263650380075,0.2775316743645817,0.9224412040784955,0.9257078999653459,0.904162332881242,0.2995447141584009,16.155384881805478
0.8961912791710347,0.9653839450329542,0.8357991136144847,0.031268292339518666,0.837948776781559,0.0381542113609612,0.5695606162771583,0.8427029277663678,0.8327892553061247,0.6411980888806283,10.114490084741057
0.5044001576025039,0.7243951784912497,0.8355260910466313,0.31541186082176864,0.6126053296029568,0.4705555944237858,0.6086983985733241,0.41919307643547654,0.35157352476380765,0.21090982807800174,20.723486789243047
0.4634403206873685,0.005676995264366269,0.5471305472310632,0.2228143778629601,0.38908072328194976,0.9724468786735088,0.5152157372795045,0.4500685976818204,0.03217447199858725,0.342289031483233,3.474896186119407
0.2085958835668862,0.25413635512813926,0.2859047004021704,0.6557504613883793,0.4276135992258787,0.4205727621447295,0.32992765423841774,0.5181240837555379,0.011158764827996492,0.6193485676776618,11.561260558573709
0.9417392574250698,0.25257047615014017,0.8681582307908684,0.8546439686324447,0.31950198602862656,0.3161896972451359,0.5703257850836962,0.07080748048610985,0.7701185964979231,0.5182118816301227,19.656295715807712
0.6247928747907281,0.5971595125738531,0.175271239830181,0.6691355530638248,0.8534666015766561,0.01734708691947162,0.15347398491576314,0.05535869300365448,0.04537020390853286,0.9057055269367993,22.418887679056827
0.5616243029944599,0.11732870922423899,0.9859350367914885,0.5918147426564246,0.8028353899717331,0.0343345629516989,0.9377888028975576,0.12828998710028827,0.9860833412967622,0.45790924155153334,17.350090784200784
0.24866821663454175,0.5272519458085299,0.34336348879151046,0.4065391484182328,0.7408492637332529,0.4530869408044964,0.7834196288604289,0.9717241011094302,0.5590702309273183,0.8753751481417567,10.683828813546324
0.8664929631631821,0.28897241735830903,0.40130541077814996,0.7478134401608258,0.5249193164054304,0.1001363827381283,0.12317603081464767,0.7306975719984621,0.8546131770126522,0.30015345592983067,18.903396972675804
0.5142416597809643,0.9655560553073883,0.986349385464564,0.5382574761752039,0.6564046600833535,0.9971865122206509,0.037739765364676714,0.8160963305272162,0.335308491718024,0.9795223129913211,24.430704795783836
0.9354301944840699,0.6750055211596191,0.7654328960925341,0.5759771119337529,0.5698241051286459,0.1458070850931108,0.9568855394609272,0.34339221683330834,0.07375525846146047,0.1396179918665439,19.269371622624735
0.963970415527001,0.8213573170360178,0.21599024487659335,0.06941251992247999,0.7246012056712061,0.15591100603342056,0.34042964852415025,0.38315403601154685,0.1703054124955088,0.5593602196313441,12.008395820248406
0.8764824247919023,0.02898015803657472,0.18334530503489077,0.6574577374849468,0.3112384411506355,0.6448192433454096,0.273570109391585,0.46587938093580306,0.002882891334593296,0.9769365414977074,10.841406116963016
0.34450076101347804,0.80863534566015,0.7411881124135107,0.4937944815028459,0.041090730112046,0.5363420122303069,0.5167239233851433,0.46784577518701553,0.35097198677249253,0.1544845609460026,16.065423456194658
0.07788854418322444,0.3707147871609777,0.5188100680243224,0.5901487886440009,0.30721381306648254,0.21897709788754582,0.27707897988148034,0.06921153957955539,0.3423441566992551,0.1563318013213575,8.833672698395237
0.8808259475044906,0.9051572014577687,0.7171017236541957,0.7830940410494804,0.7110084495507181,0.0328850441146642,0.7632589973509312,0.07148680998943746,0.47340629855170846,0.2613313065376133,18.865549564194584
0.2054732332471758,0.5232532022055238,0.7059895244892687,0.8799790737684816,0.33414454688318074,0.3238376909866929,0.10106306849047542,0.5390255409292877,0.6959032283630222,0.5493192907888442,14.274596633662176
0.1657510318327695,0.1982457705307752,0.2325276411138475,0.59334985492751,0.49949926952831447,0.6140685677528381,0.6283330922015011,0.9919030009768903,0.8276885589584708,0.7320139412768185,12.482709262253966
0.5805595468264073,0.5078317730221897,0.6195490385871381,0.40717372251674533,0.1180255962535739,0.7422646447084844,0.0028185260016471148,0.028496850980445743,0.953571981517598,0.651073805289343,12.932880988826625
0.6866254550404847,0.245794000569731,0.9900931781157851,0.22019855887629092,0.10575385950505733,0.6438544262200594,0.7606469797901809,0.48801188939251006,0.2869966528378427,0.31011096900328994,13.60587799169739
0.822427757550031,0.6154932724311948,0.6312365541234612,0.8575538024306297,0.9738396978937089,0.04994448460638523,0.7358747171238065,0.24987533618696034,0.9095031621400267,0.7527489243075252,24.462618162757146
0.28543316293507814,0.5948839588090777,0.33465150580741465,0.5227173541206867,0.27107870392501354,0.15000530774705112,0.3905247487127781,0.4234242483507842,0.6904887380078435,0.15598297165706754,11.575773092093328
0.36495289858430624,0.04955885442905128,0.8161316339392215,0.8641295756679028,0.5241712059359998,0.8736780604813248,0.8843834833241999,0.9291034424677491,0.4436830822378397,0.5139784812927246,12.854434027162768
0.7489436301402748,0.36937779118306935,0.8561267901677638,0.06699256296269596,0.0348038119263947,0.4349822956137359,0.22719031618908048,0.4862983284983784,0.48121768864803016,0.8994467256125063,11.62300142535526
0.5982101131230593,0.5468011349439621,0.6695699256379157,0.8452061631251127,0.35177689511328936,0.47976436954922974,0.8637089575640857,0.9012280432507396,0.3935666379984468,0.8155769419390708,20.16460139934492
0.12943078950047493,0.5090374238789082,0.636820520972833,0.6108373128809035,0.8827219079248607,0.18557239323854446,0.5136314062401652,0.8594505186192691,0.46771941520273685,0.6754269511438906,12.766654036832541
0.23420722573064268,0.936335796257481,0.4222243535332382,0.44988141348585486,0.2736129292752594,0.9918731634970754,0.08232541964389384,0.7079124536830932,0.5852061228360981,0.7604532549157739,12.943695531782
0.09520913055166602,0.620610780781135,0.15590349701233208,0.18308992707170546,0.2500928232911974,0.6348887772765011,0.6118939218576998,0.5244644947815686,0.08524444350041449,0.6972184993792325,9.447665745068283
0.895819177152589,0.8548073498532176,0.6854525553062558,0.21605642139911652,0.45232803490944207,0.8745759571902454,0.2210915230680257,0.5588498800061643,0.673278772039339,0.9117099631112069,11.411786424442386
0.8478408630471677,0.6820425996556878,0.4793639504350722,0.19011951750144362,0.42437075078487396,0.4894646564498544,0.25891403667628765,0.09573057224042714,0.47916660481132567,0.23335140105336905,13.098619089978328
0.04002629988826811,0.1948452377691865,0.125695661874488,0.4255706805270165,0.20066190045326948,0.29476970597170293,0.2877080880571157,0.13636241271160543,0.08807017654180527,0.1764221116900444,8.265545681766094
0.8384267366491258,0.6842203307896852,0.21219102339819074,0.26436856598593295,0.7430089476983994,0.7423806814476848,0.146524163428694,0.47999563976190984,0.03532750369049609,0.721071545034647,17.374718782066473
0.8979155356064439,0.46607739361934364,0.8843238225672394,0.8369488851167262,0.44774160743691027,0.03623881726525724,0.04534175246953964,0.12327218102291226,0.6493520955555141,0.5845565530471504,24.333001858582733
0.610226827673614,0.4467330491170287,0.7207984246779233,0.8615070693194866,0.49318950972519815,0.20959526230581105,0.49575014784932137,0.029034975916147232,0.30672318302094936,0.4628685626666993,18.8849132667425
0.9672003267332911,0.261445015668869,0.47410138277336955,0.3642486531753093,0.5630761170759797,0.21944725466892123,0.7095657577738166,0.04122551647014916,0.5082576554268599,0.5554889808408916,12.79262238099262
0.051284881541505456,0.14081698469817638,0.47821736242622137,0.6044348562136292,0.08618613053113222,0.3703800989314914,0.4925245177000761,0.09955795435234904,0.3085358338430524,0.632252719020471,7.256448736765831
0.05971884913742542,0.5326557578518987,0.9331043316051364,0.47301516053266823,0.3466593052726239,0.8587493861559778,0.872640335932374,0.27777839777991176,0.9795177928172052,0.29104994190856814,11.532445708600836
0.5108670387417078,0.7630205126479268,0.8308369859587401,0.14059027284383774,0.4984344197437167,0.6899608701933175,0.40478745056316257,0.988442046334967,0.34761088341474533,0.01174078555777669,14.898002597351908
0.7558467185590416,0.5315053851809353,0.4219893617555499,0.2656696727499366,0.05069489707238972,0.1917536510154605,0.5864000450819731,0.17789671034552157,0.6091252779588103,0.7888482396956533,11.5871344684844
0.0010696486569941044,0.9330066693946719,0.47918111993931234,0.9186430401168764,0.18535812688060105,0.9286538658197969,0.221720059402287,0.895598266273737,0.2834187080152333,0.04372267262078822,9.967463273447853
0.24315697280690074,0.7508455570787191,0.04611868318170309,0.6004121445585042,0.6577129049692303,0.08818547730334103,0.5076344835106283,0.23345244117081165,0.7905294257216156,0.4219689150340855,20.11188380129651
0.8703338161576539,0.6017101460602134,0.6606807596981525,0.6796599822118878,0.5150044362526387,0.34063690481707454,0.14003616105765104,0.6294872940052301,0.4888951410539448,0.14213052950799465,20.44703914813683
0.042352510849013925,0.7709961456712335,0.6371119467075914,0.07266112370416522,0.8982802347745746,0.8870510556735098,0.18086328962817788,0.6238757884129882,0.9227391663007438,0.3399560747202486,6.529977191342367
0.5133386813104153,0.32298403256572783,0.17393089248798788,0.8290029745548964,0.16498936410062015,0.11396961030550301,0.9376957498025149,0.6206997013650835,0.048226343700662255,0.6171878718305379,17.091758847340834
0.6963208329398185,0.3587711350992322,0.7198560275137424,0.7484454708173871,0.8634996712207794,0.8238236748147756,0.27380398311652243,0.7486792905256152,0.8032358326017857,0.9867030449677259,20.57546401367908
0.05505110579542816,0.23305664886720479,0.22539641708135605,0.5630137582775205,0.11688230372965336,0.8504071850329638,0.5942689231596887,0.8369716261513531,0.3369826842099428,0.8009543917141855,8.662855772979915
0.9384499781299382,0.29430663702078164,0.23715401254594326,0.23907241015695035,0.3569492376409471,0.5120426518842578,0.9730569869279861,0.42616457282565534,0.045608102809637785,0.9067051378078759,11.562376261889932
0.8520411937497556,0.6798519159201533,0.5592869033571333,0.6813092278316617,0.9825716011691839,0.6418922555167228,0.10902715264819562,0.9819976976141334,0.22164846095256507,0.22139293560758233,21.786712380265087
0.8874751543626189,0.26355295651592314,0.9431457640603185,0.9865661442745477,0.5915628222282976,0.02406361373141408,0.30052050296217203,0.43549639312550426,0.7275954708456993,0.7178821756970137,25.736556895062705
0.6563074933364987,0.20438476954586804,0.10910753440111876,0.7913981168530881,0.20306708035059273,0.8578542121686041,0.97615304030478,0.41746045951731503,0.1138173476792872,0.4212418927345425,15.297728212558871
0.28739595832303166,0.7520937735680491,0.7515200737398118,0.648531865561381,0.3827808878850192,0.965292731532827,0.16049883351661265,0.83555354969576,0.11533753131516278,0.19368439610116184,15.202302737576021
0.30784769635647535,0.08956610783934593,0.28315004403702915,0.2060731106903404,0.9582424850668758,0.4517310904338956,0.8749584965407848,0.41261001490056515,0.33974631363525987,0.0835039964877069,8.050123730514663
0.6359990700148046,0.6714665370527655,0.3514316971413791,0.16634880425408483,0.9223300321027637,0.26120219100266695,0.4345756892580539,0.9459417581092566,0.18265484413132071,0.45658318302594125,18.181774697793994
0.7876905994489789,0.5590379002969712,0.589859904255718,0.394105551764369,0.8617938521783799,0.19153764634393156,0.7730064729694277,0.7040671547874808,0.04323543864302337,0.29262363794259727,19.7523184745865
0.36825591372326016,0.7389265839010477,0.9093281726818532,0.5805825809948146,0.23729385645128787,0.25373465125449,0.9076510916929692,0.7590573302004486,0.5794950679410249,0.11164262564852834,17.158998445843434
0.19318190240301192,0.5559361344203353,0.8868204969912767,0.5644735093228519,0.27101337257772684,0.6923519573174417,0.758584008552134,0.4538240171968937,0.5335542305838317,0.07198058790527284,14.725809986752335
0.955215689027682,0.452645905315876,0.47609651228412986,0.14393987599760294,0.2461994350887835,0.6495717265643179,0.1173981367610395,0.5884791754651815,0.44042515056207776,0.2447198019362986,12.61095984773799
0.10108686494641006,0.47590359626337886,0.1845431465189904,0.9053759430535138,0.4326139341574162,0.3448549942113459,0.3156902447808534,0.06459244713187218,0.6912377343978733,0.3033791994675994,13.367467871363665
0.8943263958208263,0.7883430814836174,0.16815557493828237,0.857373709557578,0.8684862437658012,0.13721285061910748,0.8377397111617029,0.5199912304524332,0.7157602091319859,0.3732832984533161,21.98245159406275
0.5852975321467966,0.6699386918917298,0.18244804255664349,0.6708084254059941,0.15107326139695942,0.11223311605863273,0.6221640466246754,0.11734377010725439,0.5590926639270037,0.02308137179352343,19.096074492279136
0.022882359800860286,0.7447170459199697,0.047956140944734216,0.4914318670053035,0.32948696054518223,0.6307736865710467,0.21633947361260653,0.3547238726168871,0.6238121765200049,0.6577293053269386,9.488457949102797
0.2263288905378431,0.8176361005753279,0.10258544632233679,0.8606538886670023,0.7785144704394042,0.32595048868097365,0.10306600318290293,0.10239978623576462,0.5228617379907519,0.03260692022740841,20.780288661989598
0.5410520622972399,0.49403867521323264,0.03443757118657231,0.12006472307257354,0.9269108006265014,0.8136213044635952,0.4569795799907297,0.2286562726367265,0.1712980903685093,0.697626426583156,19.38395039475278
0.7941106588114053,0.7904823292046785,0.5084034216124564,0.3044828095007688,0.5368490889668465,0.15701298718340695,0.48088140063919127,0.6909898216836154,0.6792723066173494,0.7874699190724641,15.697792600852937
0.17242097877897322,0.6156480007339269,0.11938718799501657,0.41547617269679904,0.6473255997989327,0.10808501485735178,0.4544868376106024,0.3242928166873753,0.4491072262171656,0.2546198293566704,12.906006584614849
0.7447053070645779,0.7958409818820655,0.7649495052173734,0.058017851784825325,0.1600990304723382,0.5263658608309925,0.990370772080496,0.021066593239083886,0.9919203454628587,0.6247858584392816,11.85772526198043
0.39870270737446845,0.3719632376451045,0.15891460655257106,0.9019904041197151,0.5516258117277175,0.7878636864479631,0.3146944984328002,0.2553744346369058,0.7101059437263757,0.825479227816686,18.6410626895885
0.05184919945895672,0.8120634050574154,0.221485938411206,0.3354050593916327,0.20123731228522956,0.2201867748517543,0.6392013330478221,0.18603713833726943,0.6164250036235899,0.8810739133041352,5.13151828766153
0.3996932413429022,0.19370619114488363,0.14697869261726737,0.4741865727119148,0.39567467849701643,0.12285820045508444,0.719339053845033,0.5803526935633272,0.5555029017850757,0.6832321749534458,13.242435034209635
0.959669447503984,0.0819220885168761,0.7527683724183589,0.5174904281739146,0.16493932204321027,0.7094073854386806,0.004871288547292352,0.6331872553564608,0.17042353213764727,0.8797515800688416,9.605607755956685
0.576575864572078,0.7000415045768023,0.3253052372019738,0.4715419781859964,0.9499454475007951,0.3714602736290544,0.32379243546165526,0.9206581064499915,0.676044799387455,0.4080296636093408,19.218887010289002
0.3783059560228139,0.8502384803723544,0.4384637076873332,0.6335234276484698,0.4824871523305774,0.9187774434685707,0.43976182816550136,0.1794101670384407,0.3810934650246054,0.736947234487161,16.558328358204662
0.3720488224644214,0.3286951701156795,0.10583359119482338,0.42073327652178705,0.3528793842997402,0.16100120870396495,0.8361671522725374,0.8743732771836221,0.9447940306272358,0.9714450174942613,12.146935011741439
0.6627960738260299,0.4452146457042545,0.04207979911006987,0.5909316018223763,0.7992052768822759,0.7756352454889566,0.9144204277545214,0.08120000804774463,0.526750298216939,0.9268841396551579,22.641878376886968
0.07071720855310559,0.7138834644574672,0.4801422581076622,0.9435211257077754,0.29960039211437106,0.5274215207900852,0.05203166394494474,0.35990902851335704,0.12061721878126264,0.36499155941419303,11.586281895356777
0.08698670682497323,0.4218274711165577,0.3708053024020046,0.4096442055888474,0.8659037067554891,0.5151561764068902,0.23743804753758013,0.43436604435555637,0.05173574713990092,0.5922704229597002,11.37949100410242
0.22758255270309746,0.4893825079780072,0.1561669115908444,0.1286326595582068,0.40985569590702653,0.9203678090125322,0.4312123500276357,0.8303150478750467,0.7936690603382885,0.27040512557141483,9.702386146158554
0.6243981786537915,0.8220753327477723,0.7518180732149631,0.9028818598017097,0.7602489041164517,0.1685504603665322,0.6077440246008337,0.6013088703621179,0.9893179156351835,0.8293519790749997,22.612291915169834
0.3198669224511832,0.90734598855488,0.2744674526620656,0.14204404596239328,0.21251925569958985,0.7970993851777166,0.9542476104106754,0.7981169528793544,0.9676402646582574,0.4924803029280156,11.08117927801782
0.564753278857097,0.6087516325060278,0.05949117732234299,0.6244628219865263,0.491122740553692,0.9122347040101886,0.029606561874970794,0.03464121278375387,0.9800209668464959,0.018773190211504698,21.8233717170513
0.2968410006724298,0.5094712239224464,0.5133676242548972,0.939088721293956,0.3627598639577627,0.7690034904517233,0.1290330388583243,0.811128911562264,0.5520223511848599,0.7099200470838696,16.80772314144086
0.26655754796229303,0.5387520163785666,0.5698591843247414,0.9987473061773926,0.8038132581859827,0.6622609316837043,0.32098973682150245,0.6267730405088514,0.8080627168528736,0.5552610775921494,19.96901194210944
0.08945673145353794,0.17177158873528242,0.13953342358581722,0.3443594069685787,0.39568863599561155,0.7357479671481997,0.7151291584596038,0.7922440893016756,0.39649845636449754,0.334297944791615,7.925677991860318
0.2851616097614169,0.3855865851510316,0.4778053278569132,0.23799158702604473,0.9957466304767877,0.733402878511697,0.6778997050132602,0.9781309338286519,0.37140641221776605,0.6145703850779682,12.35009856976246
0.3299939357675612,0.3826559893786907,0.6595980878919363,0.6088033625856042,0.39010851038619876,0.44610499404370785,0.641123739304021,0.7794213949237019,0.43325734161771834,0.16603241115808487,11.71296671242824
0.02065701363608241,0.3566542826592922,0.770367864985019,0.5641451596748084,0.7000314616598189,0.8237482367549092,0.04965896555222571,0.8636426504235715,0.3128091625403613,0.4852006456349045,9.711787707315683
0.2662338453810662,0.9107065552379936,0.11316325142979622,0.24069743463769555,0.9536597814876586,0.9219011266250163,0.8181523983366787,0.5970154681708664,0.3596205443609506,0.5562299725133926,18.481963393130854
0.8959888871759176,0.1879670994821936,0.06283691572025418,0.45513994595967233,0.6099561806768179,0.6194278423208743,0.8532554656267166,0.8891085982322693,0.7303414940834045,0.837363337399438,17.704797988542392
0.7445854404941201,0.12193656782619655,0.2415935134049505,0.1842757558915764,0.28952005598694086,0.054049067199230194,0.5150321149267256,0.4872730013448745,0.4708867084700614,0.98376713716425,9.029913040223496
0.8961901543661952,0.5372269202489406,0.4922862616367638,0.3755989621859044,0.23448693053796887,0.9562839651480317,0.6167180314660072,0.47678054543212056,0.4420781200751662,0.7854484834242612,14.998282975542532
0.7807610738091171,0.8652084211353213,0.218195068417117,0.8423658723477274,0.3003301278222352,0.20472288876771927,0.9511430545244366,0.397149576805532,0.3375991501379758,0.7352634624112397,19.86675284836259
0.6838591450359672,0.38009577989578247,0.2025803339201957,0.48953290935605764,0.14929593936540186,0.754607446026057,0.5158668041694909,0.41906101908534765,0.6485825809650123,0.17599414521828294,15.288608400286217
0.7855687031988055,0.20136301522143185,0.9322652372065932,0.7583772232756019,0.19959178403951228,0.8922199415974319,0.9109291727654636,0.9280503238551319,0.9854520263615996,0.7248811996541917,15.863617895463134
0.5102850019466132,0.3038984795566648,0.30926320562139153,0.19766695937141776,0.07140414346940815,0.915523866424337,0.1672114545945078,0.9182540678884834,0.927838968578726,0.4796468308195472,8.370439394221647
0.9054503664374352,0.9338854248635471,0.9100294706877321,0.0011999825946986675,0.5295129187870771,0.2763315988704562,0.5522726180497557,0.6670635344926268,0.7194211701862514,0.7548022002447397,11.33284527584238
0.9877942195162177,0.8265169260557741,0.20588661241345108,0.8509971001185477,0.8312173171434551,0.5215532989241183,0.4682177556678653,0.40197915281169116,0.1561913809273392,0.044663768960163,18.87014101469661
0.6716421325691044,0.7866581834387034,0.94069216074422,0.7378832411486655,0.09019272611476481,0.07939320616424084,0.006991866510361433,0.5097318487241864,0.7031632245052606,0.9776010939385742,19.718739496395454
0.1642645951360464,0.6481730244122446,0.07494767336174846,0.41382736014202237,0.13823225139640272,0.9487574654631317,0.43230798467993736,0.9091757487040013,0.7855094615370035,0.14379847841337323,12.182357756695678
0.480736922705546,0.5153095233254135,0.690548304002732,0.4789140212815255,0.9926718221977353,0.672969723585993,0.8726021316833794,0.9168710338417441,0.7734148206654936,0.7259153039194643,18.029143386097168
0.49878531973809004,0.6436066669411957,0.629813417326659,0.4326318693347275,0.7848533217329532,0.7467345441691577,0.5970353386364877,0.7962130452506244,0.43049018760211766,0.8651963260490447,16.705172010457765
0.23028090549632907,0.16759894764982164,0.16048729256726801,0.4443142982199788,0.951696795411408,0.9301054896786809,0.43662645830772817,0.14649450639262795,0.5238849443849176,0.030022382736206055,10.934426211806867
0.6715345014818013,0.0874704027082771,0.23069109627977014,0.7224324473645538,0.701839372748509,0.5036436694208533,0.32629207731224597,0.008815038949251175,0.4518164563924074,0.6095879725180566,14.795781835181081
0.2683715857565403,0.20654640765860677,0.7055862133856863,0.7065778106916696,0.6102167319040745,0.34362183790653944,0.5311356256715953,0.26937946560792625,0.4274354795925319,0.016200613230466843,12.075614995826957
0.5042181231547147,0.15939758950844407,0.33593871048651636,0.28678601887077093,0.24140269332565367,0.673970834352076,0.6361030656844378,0.0535625577904284,0.41393788577988744,0.9016734512988478,5.511671621784395
0.18817780097015202,0.6452414749655873,0.48443936579860747,0.9554107289295644,0.11691037355922163,0.017881116131320596,0.5321912064682692,0.8245046315714717,0.07612131466157734,0.7986206184141338,12.689996622103703
0.5869565587490797,0.08018153253942728,0.22874798416160047,0.5538523609284312,0.12242126744240522,0.7580489569809288,0.42333538946695626,0.4474367827642709,0.7587788510136306,0.17649371013976634,9.543674209745241
0.3653900194913149,0.36503976536914706,0.757211069110781,0.24448345671407878,0.014804437989369035,0.3987940838560462,0.7536212205886841,0.6406777871306986,0.12243821076117456,0.7219848104286939,8.372867089690082
0.3354314605239779,0.504256462212652,0.1347067377064377,0.02647538762539625,0.4720900773536414,0.4314494775608182,0.3818952781148255,0.40866295411251485,0.6729520068038255,0.6608241419307888,10.08652417883069
0.06228188541717827,0.5572411266621202,0.3947574971243739,0.9363592779263854,0.9642899031750858,0.3752976793330163,0.8910825229249895,0.1451755934394896,0.6911032705102116,0.24135482194833457,15.906411001622134
0.33558024396188557,0.7243444065097719,0.9023536199238151,0.9174697690177709,0.3784394543617964,0.8079925689380616,0.12514465767890215,0.1552382824011147,0.7209011907689273,0.6363630197010934,23.135612909049158
0.17171058733947575,0.8962631276808679,0.9826720906421542,0.1828581963200122,0.19018834549933672,0.8376915578264743,0.7061900838743895,0.20590049494057894,0.8493261451367289,0.6995273497886956,12.143736797933538
0.5541394171305001,0.656586674740538,0.4029127829708159,0.01851477101445198,0.46383473789319396,0.7866575105581433,0.1609200236853212,0.9199082755949348,0.28265497949905694,0.09917789837345481,10.448124019494514
0.6352172140032053,0.17201115074567497,0.792784397257492,0.7109375703148544,0.5489349216222763,0.08521736692637205,0.9701536358334124,0.8075123543385416,0.760434449184686,0.7353538863826543,13.160000613530432
0.6310619721189141,0.4726088831666857,0.30532837100327015,0.550677791936323,0.6652324094902724,0.009719247929751873,0.5084833649452776,0.4984215823933482,0.925848247949034,0.30048153595998883,18.555903454829476
0.37157539487816393,0.5169041564222425,0.22516510542482138,0.6512913699261844,0.8193060217890888,0.2108726380392909,0.20833594677969813,0.10812104912474751,0.07829385041259229,0.8873681162949651,14.274357340901693
0.8364649228751659,0.22843016125261784,0.49587788828648627,0.10600632708519697,0.1725129270926118,0.4007881300058216,0.9870762345381081,0.006633569952100515,0.14960618317127228,0.45930199325084686,9.52608074002821
0.22013949905522168,0.3139222292229533,0.022942019160836935,0.40838119061663747,0.08217351790517569,0.3631340565625578,0.8252367586828768,0.29092071508057415,0.4449243207927793,0.8396617176476866,10.487886450337788
0.31499604508280754,0.775076667079702,0.5016038212925196,0.4397238837555051,0.9501382119487971,0.724836784414947,0.6494382745586336,0.3819011561572552,0.10764126665890217,0.7294502181466669,14.43844190899118
0.804038415895775,0.1425474565476179,0.062143313232809305,0.9145044151227921,0.10457619233056903,0.08843195415101945,0.8052120052743703,0.29345505801029503,0.8982535095419735,0.3074116862844676,15.885395298289868
0.9986327718943357,0.5294604804366827,0.35597969428636134,0.4616000149399042,0.6638726128730923,0.023452369729056954,0.47667770157568157,0.29451864887960255,0.7599141579121351,0.45996678923256695,17.218768274722763
0.8934504559729248,0.5928093809634447,0.9549025124870241,0.8415225122589618,0.6197536045219749,0.5564758225809783,0.028071472886949778,0.19939186936244369,0.5214628090616316,0.29887001495808363,25.98736966553792
0.6790784366894513,0.8711053286679089,0.4253650875762105,0.83722497173585,0.5866754006128758,0.036018294747918844,0.684134861221537,0.10968354786746204,0.29208944784477353,0.7211499775294214,22.51918702520484
0.5147850944194943,0.044381040846928954,0.9456113087944686,0.5597945016343147,0.6904847733676434,0.06029809475876391,0.4701636233367026,0.29288356471806765,0.47141168639063835,0.5206000111065805,14.183990184949302
0.9919076166115701,0.5056360058952123,0.8138115713372827,0.2146856882609427,0.3919969897251576,0.4026141194626689,0.49378789449110627,0.7783956185448915,0.3118014063220471,0.12098466861061752,16.504420900452654
0.5635799369774759,0.9123893706128001,0.9838081353809685,0.2153949688654393,0.8667589258402586,0.696149904280901,0.36335477349348366,0.2309941176790744,0.5040454014670104,0.2744084366131574,19.46453068702437
0.8482280208263546,0.9887510966509581,0.8631568127311766,0.1814523262437433,0.6377971663605422,0.6026861241552979,0.08924699225462973,0.624853495741263,0.6670455813873559,0.7866951297037303,13.563658425287581
0.707274557556957,0.24405235121957958,0.4371368291322142,0.24043314042501152,0.20608316059224308,0.03038864559493959,0.9188221241347492,0.9920622783247381,0.7126894879620522,0.2752463419456035,8.809041675986265
0.3624798837117851,0.9546575506683439,0.5092165931127965,0.8268115713726729,0.7377423057332635,0.31964232050813735,0.4139204565435648,0.9125945589039475,0.8305244201328605,0.09704349748790264,21.311080853165016
0.5573338964022696,0.14987109159119427,0.9679633805062622,0.4103147089481354,0.6204360236879438,0.604528218973428,0.2777130219619721,0.5727310765068978,0.5759018000680953,0.6864015096798539,14.223509556976936
0.39234813256189227,0.02851608255878091,0.18627834948711097,0.08349648234434426,0.6289181092288345,0.032095279078930616,0.8622058900073171,0.8427006104029715,0.37479480588808656,0.6301560199353844,6.228042238455883
0.15085002384148538,0.5609862471465021,0.22926803724840283,0.6191785621922463,0.17027598503045738,0.5495520713739097,0.2821632311679423,0.20110252872109413,0.8342509674839675,0.8239438014570624,10.728999201743155
0.6534415946807712,0.3578608143143356,0.7838298187125474,0.8011982489842921,0.31551380665041506,0.21969856065697968,0.9662365489639342,0.42545601446181536,0.48759126639924943,0.3183288986328989,17.11281326281495
0.13693878753110766,0.5175394648686051,0.11902584694325924,0.45427993638440967,0.537116102874279,0.6772327376529574,0.7101373383775353,0.3009433376137167,0.9157670405693352,0.44242567964829504,11.614346361942816
0.4780056653544307,0.20196977886371315,0.5340048926882446,0.923965745838359,0.2807176650967449,0.751619157847017,0.10048398305661976,0.03018249641172588,0.11927250120788813,0.9359602455515414,12.593205109289064
0.5548104585614055,0.5354322229977697,0.6441081021912396,0.15938144666142762,0.9759269398637116,0.7516802882310003,0.37039888463914394,0.27700744289904833,0.5253710688557476,0.2709952986333519,13.540320982098825
0.07999275415204465,0.6829769045580178,0.859601344447583,0.3173578539863229,0.4141319065820426,0.2453803727403283,0.6075719762593508,0.4557255278341472,0.27282225457020104,0.31854329933412373,9.519355333668365
0.1402717453893274,0.8094534957781434,0.1666238394100219,0.9238915876485407,0.3944234389346093,0.920103149721399,0.6029124837368727,0.08889615233056247,0.021530886879190803,0.22381538711488247,14.82169966909798
0.719708125339821,0.8240186690818518,0.7202034029178321,0.2774188695475459,0.5592936764005572,0.16253830469213426,0.6901901150122285,0.44399951538071036,0.8044403861276805,0.9605796404648572,16.449285299409745
0.13359359721653163,0.3975834744051099,0.07686849241144955,0.19686822965741158,0.6719763218425214,0.7910428715404123,0.24836755404248834,0.07572548417374492,0.08354354533366859,0.29359746538102627,10.06354655768218
0.19301948370411992,0.4431114026810974,0.796206355560571,0.6261021518148482,0.9519441924057901,0.1942768432199955,0.3286778444889933,0.37040318991057575,0.5072957284282893,0.3093130693305284,16.247828993374043
0.42995421728119254,0.8885486137587577,0.3964763346593827,0.6002991085406393,0.9061897308565676,0.16436765203252435,0.42917494126595557,0.83058838150464,0.7646231360267848,0.3152178053278476,19.967403861979616
0.0447037338744849,0.7578073085751384,0.9048201476689428,0.9289840990677476,0.546575860818848,0.24072029953822494,0.7321327077224851,0.8374676420353353,0.4568842761218548,0.3509317138232291,16.01744929725034
0.047523588640615344,0.43678096355870366,0.859633207321167,0.3840037393383682,0.43768925918266177,0.8032267834059894,0.9063630800228566,0.11318346206098795,0.1205566527787596,0.9852731232531369,10.16408005500634
0.14113407279364765,0.6208683685399592,0.9882826120592654,0.9705730555579066,0.894385898951441,0.9701502467505634,0.3462473121471703,0.8278045707847923,0.9123194636777043,0.9977364933583885,21.28994657490091
0.48527341429144144,0.9501072051934898,0.7029204352293164,0.57905223662965,0.22732315957546234,0.6880812437739223,0.009984957287088037,0.5727321184240282,0.29038178687915206,0.1385659130755812,19.293982523282185
0.744912255788222,0.9097632640041411,0.2519447684753686,0.1334066407289356,0.037983746035024524,0.12317887390963733,0.7353186998516321,0.33170376531779766,0.32143753091804683,0.6874010239262134,10.39553627843383
0.8288873878773302,0.42439583176746964,0.41370939463377,0.9367485155817121,0.170764590613544,0.2663246560841799,0.22217792412266135,0.1380490199662745,0.9696700416970998,0.41669156844727695,18.954883635368923
0.7979180521797389,0.03070346894674003,0.5326404243241996,0.5531326064374298,0.39094631816260517,0.17125609680078924,0.12133878655731678,0.3910388885997236,0.49417157704010606,0.2611168792936951,9.324136201141782
0.051597350277006626,0.8250509959179908,0.7995313159190118,0.5376334886532277,0.19945668801665306,0.2494753273203969,0.009423631941899657,0.5831466070376337,0.5287695303559303,0.4523558667860925,9.009940431631868
0.4032082208432257,0.7761930571869016,0.8649882012978196,0.45669538527727127,0.7728312925901264,0.7637955015525222,0.8862925658468157,0.43703207606449723,0.7209628310520202,0.7863178278785199,18.579992050471684
0.38871188601478934,0.20611165673471987,0.6411762286443263,0.9476465284824371,0.8040892349090427,0.2121504805982113,0.903030845336616,0.5816876168828458,0.6675353106111288,0.7374179014004767,15.869968585151195
0.3062440117355436,0.9370366760995239,0.8970747857820243,0.13280441262759268,0.04222387564368546,0.7197529934346676,0.6000306711066514,0.7774930407758802,0.5782802586909384,0.40816886629909277,13.559454368496475
0.37136396509595215,0.9512883145362139,0.9584338581189513,0.20865589776076376,0.5800807026680559,0.16389880515635014,0.25916407559998333,0.14497509086504579,0.8157805514056236,0.6085116772446781,18.593969275796667
0.7743932793382555,0.8779850190039724,0.6977171669714153,0.5215654913336039,0.46798007865436375,0.2691304748877883,0.4424727561417967,0.8808249647263438,0.5207944314461201,0.18775462755002081,17.049451194414157
0.5632186259608716,0.2262814675923437,0.17713977629318833,0.5033195295836776,0.6614502402953804,0.54074383713305,0.09571938845328987,0.8272999334149063,0.5825594353955239,0.18480857438407838,15.208699092323956
0.6161084435880184,0.9177155056968331,0.4992242637090385,0.22626126767136157,0.8239131234586239,0.6387304961681366,0.814871032256633,0.2500553741119802,0.030066087609156966,0.21107423142530024,15.301368105469317
0.6041312164161354,0.48062677565030754,0.6331470464356244,0.44382129120640457,0.8580616738181561,0.2095863262657076,0.2033751995768398,0.3669223412871361,0.4060868404339999,0.5282752914354205,18.016610775176606
0.7522267051972449,0.6112631768919528,0.6836015009321272,0.7601036278065294,0.9947003207635134,0.21554162865504622,0.8310021483339369,0.6323846301529557,0.17024656222201884,0.2317474433220923,23.12854210457301
0.4688090346753597,0.8240932901389897,0.19132870668545365,0.16109613655135036,0.7995991646312177,0.14572140062227845,0.9702064841985703,0.11129534593783319,0.4281060663051903,0.34503807593137026,16.908013511314852
0.9947634458076209,0.8752248862292618,0.04277877532877028,0.10894251544959843,0.8056024671532214,0.5159836616367102,0.7990736078936607,0.7743081755470484,0.5155831938609481,0.39974585734307766,12.018187536274505
0.47149673546664417,0.7683045624289662,0.7912370590493083,0.13191493158228695,0.7338719123508781,0.4416563354898244,0.06956504099071026,0.04894217220135033,0.7325628730468452,0.6346511661540717,15.099641565090096
0.7956745496485382,0.9565753594506532,0.19052610779181123,0.5844637458212674,0.10396926896646619,0.7528705354779959,0.5762708429247141,0.16136865760199726,0.950454622041434,0.2804996205959469,15.068759883460993
0.13510626927018166,0.04964317078702152,0.19198084087111056,0.792790217557922,0.8079565730877221,0.4570034637581557,0.33015576377511024,0.5573065844364464,0.7878423077054322,0.5733927257824689,13.223719122445367
0.05768682458437979,0.03414470516145229,0.3789589451625943,0.6329532421659678,0.30411475826986134,0.012112238677218556,0.8709163593593985,0.8561815125867724,0.6539884416852146,0.8926636304240674,8.612451550002728
0.22460873937234282,0.7738201613537967,0.6202318677678704,0.3268024558201432,0.37458652607165277,0.46330227772705257,0.7469322588294744,0.8452721103094518,0.981062542879954,0.9270736507605761,9.987553851949585
0.8730510456953198,0.2661137608811259,0.6067632078193128,0.5971207041293383,0.6997378787491471,0.786586158676073,0.027747600805014372,0.056610540486872196,0.7193541680462658,0.5595942137297243,17.499225774476567
0.07358004711568356,0.2907013138756156,0.2537304444704205,0.9753821431659162,0.6238514401484281,0.3853329373523593,0.8189728923607618,0.3537095682695508,0.6518096106592566,0.46597769926302135,15.536097383493468
0.30651424173265696,0.5351958028040826,0.4903048931155354,0.40109181590378284,0.9632405294105411,0.35052212816663086,0.09242075122892857,0.9285553756635636,0.45226450357586145,0.38143524737097323,14.007665323497132
0.5943401986733079,0.6818261665757746,0.8478134234901518,0.7840745795983821,0.9948320453986526,0.8901156801730394,0.6271028697956353,0.6829753837082535,0.05696005979552865,0.022420193068683147,24.80610868607468
0.10192553116939962,0.15739413304254413,0.5461690670344979,0.7260516851674765,0.42648854572325945,0.5236034367699176,0.24564508581534028,0.24468628247268498,0.26423740666359663,0.7670455148909241,7.62755650211218
0.4369715698994696,0.6520686601288617,0.7751022984739393,0.41288011241704226,0.1501481628511101,0.25918307644315064,0.4643376199528575,0.21058953227475286,0.44314548443071544,0.47623040108010173,13.900645447533314
0.5148670375347137,0.13468977599404752,0.2860435671173036,0.12019167328253388,0.5925655141472816,0.7307339743711054,0.7402002452872694,0.154068450210616,0.6677165909204632,0.21881472831591964,7.375695303099571
0.3432792415842414,0.6183481374755502,0.5068582219537348,0.7531303227879107,0.5095801572315395,0.5869873347692192,0.20729663968086243,0.39587709959596395,0.8313737486023456,0.042956055141985416,15.968225511945867
0.6649676035158336,0.3645423643756658,0.5494333552196622,0.1089772426057607,0.7960945586673915,0.4422916460316628,0.47939580539241433,0.044734725495800376,0.857459218474105,0.6827827654778957,12.208611400182168
0.37293655215762556,0.819276541704312,0.3259340487420559,0.1516021997667849,0.398977592587471,0.04220286104828119,0.7074635089375079,0.5649368551094085,0.025871330872178078,0.9588370760902762,11.65971339508727
0.26766656804829836,0.1022539152763784,0.2927274650428444,0.12003249931149185,0.37903625098988414,0.4359141169115901,0.44503759988583624,0.6043392224237323,0.5634061824530363,0.2391356686130166,4.831205569410929
0.187552647665143,0.696344296913594,0.6486698011867702,0.039757616352289915,0.6148698690813035,0.7203122868668288,0.023104007123038173,0.2081231032498181,0.16049321019090712,0.3844994702376425,8.576142906449162
0.8769082785584033,0.27244379837065935,0.4877960167359561,0.8226368548348546,0.5412880920339376,0.7537463870830834,0.8076821153517812,0.0700716539286077,0.23447409481741488,0.17069419636391103,18.906581606375802
0.00613805465400219,0.28416179632768035,0.5317638127598912,0.525145220104605,0.17348161805421114,0.2481646342203021,0.5494934085290879,0.2950578306335956,0.1225266985129565,0.2997232156340033,7.77932410119601
0.5403701344039291,0.7356791205238551,0.14838696387596428,0.32871755864471197,0.17639054055325687,0.02301796921528876,0.445396886439994,0.6030586471315473,0.49493413837626576,0.8742809093091637,15.255669671504629
0.459353910991922,0.41246546688489616,0.8510743482038379,0.10789798735640943,0.886131229577586,0.17945790058001876,0.5763271294999868,0.15697695105336607,0.26138361752964556,0.356350754853338,14.581172831949031
0.6618741927668452,0.10974962031468749,0.7337228409014642,0.8953545494005084,0.5944965484086424,0.7309092069044709,0.5656179294455796,0.07807953236624599,0.827046521473676,0.4930898572783917,16.151066684326132
0.6399221126921475,0.3370820020791143,0.8853268097154796,0.7173762035090476,0.33665827568620443,0.4306935586500913,0.1896341247484088,0.01160988281480968,0.2250753331463784,0.9701203077565879,19.25167783414037
0.3840769485104829,0.31981634977273643,0.9466180731542408,0.9831663775257766,0.49456459702923894,0.06774742878042161,0.965345396194607,0.708467343589291,0.11519313883036375,0.6232801480218768,19.98994490527843
0.659215122461319,0.8169237158726901,0.20950650493614376,0.985367058776319,0.09858809714205563,0.42305708839558065,0.8813975662924349,0.06777501525357366,0.8866614131256938,0.5044811062980443,21.618693004961635
0.698155740275979,0.7785636784974486,0.21399135631509125,0.05468587903305888,0.003775328164920211,0.9539092602208257,0.5136583333369344,0.6734661785885692,0.28071571537293494,0.4698955698404461,12.424350161743783
0.017508940771222115,0.12294363672845066,0.413091525901109,0.2926122723147273,0.7919724904932082,0.311275135492906,0.953581586945802,0.2112912219017744,0.34800743125379086,0.0448611406609416,6.755329035571696
0.30812779534608126,0.9582964479923248,0.29985820944420993,0.8095775588881224,0.49583586235530674,0.3451596489176154,0.3894269117154181,0.0890427001286298,0.21086486452259123,0.8942022507544607,20.17468586468443
0.030257761711254716,0.28562526497989893,0.5570521668996662,0.15379595360718668,0.6538605715613812,0.6975141726434231,0.7574111255817115,0.4064537712838501,0.4621758470311761,0.5573162811342627,3.6575339799907978
0.37423013732768595,0.3104758847039193,0.510210070759058,0.5893178121186793,0.5940829154569656,0.9944699353072792,0.42936025536619127,0.8589491441380233,0.6846565681044012,0.9012603862211108,12.081974425847664
0.712598399957642,0.3625070902053267,0.6104304597247392,0.7408009108621627,0.763871313771233,0.6170029961504042,0.3393129117321223,0.409371136687696,0.2518339557573199,0.7156803556717932,18.95418092764568
0.9403765103779733,0.1313638559076935,0.3152744881808758,0.3978974069468677,0.37854734202846885,0.7925307615660131,0.39802463818341494,0.2516123272944242,0.3676672975998372,0.031331080477684736,10.38594003667802
0.06479904078878462,0.668545838445425,0.6172445204574615,0.19885842059738934,0.15093527804128826,0.9603089466691017,0.2522620093077421,0.14879532158374786,0.2729698882903904,0.4379865606315434,4.087650908937271
0.9760846707504243,0.33820657432079315,0.17266752012073994,0.16893304348923266,0.5279349435586482,0.2577620428055525,0.8353383450303227,0.8323583910241723,0.7808787685353309,0.00025129271671175957,16.0173967581525
0.5222432177979499,0.14981100871227682,0.43793810438364744,0.5321802534162998,0.5124920022208244,0.9753289187792689,0.1117352934088558,0.6298835896886885,0.04311265889555216,0.8796046914067119,9.10412049425767
0.9388219390530139,0.7435901192948222,0.4580904187168926,0.4473129010293633,0.6689815560821444,0.27638692082837224,0.35966619849205017,0.4521322513464838,0.7000303205568343,0.27939799474552274,15.97272436582756
0.23918898357078433,0.5011922172270715,0.10052718804217875,0.0413947026245296,0.8682866047602147,0.44596656132489443,0.7347463984042406,0.30965775973163545,0.9580704485997558,0.37008367851376534,11.511534613097611
0.7236860466655344,0.8176917708478868,0.7017599996179342,0.09140902478247881,0.40088598639704287,0.6844244429375976,0.5087028713896871,0.1863844715990126,0.4082697208505124,0.6996650327928364,14.114751442300294
0.9415514515712857,0.4435804507229477,0.3736997349187732,0.107748321024701,0.8733171748463064,0.3990548453293741,0.7904417337849736,0.5861161777283996,0.15997231006622314,0.8954262880142778,14.777807593689955
0.5615389535669237,0.23898730846121907,0.8291281147394329,0.02172837615944445,0.02709479257464409,0.375245260540396,0.2838100059889257,0.934862902155146,0.12138634920120239,0.9392753820866346,7.812538749166609
0.587344286032021,0.048589613288640976,0.7887356388382614,0.6685633959714323,0.8888752502389252,0.4961399547755718,0.19193694810383022,0.2507584495469928,0.7453874736092985,0.473253121599555,14.092320754096761
0.515859673731029,0.3741680239327252,0.4483035474549979,0.8150946567766368,0.46997336531057954,0.4164512427523732,0.3581725221592933,0.866482665296644,0.5226621937472373,0.09641203773207963,14.787337511607221
0.0976000395603478,0.7978573853615671,0.09309804253280163,0.4633058395702392,0.6014284810516983,0.6022166905459017,0.456691732397303,0.42480942886322737,0.8537363486830145,0.4846910568885505,13.70039893180975
0.24733428796753287,0.46857643127441406,0.40245289518497884,0.776142961345613,0.3020500068087131,0.4203310529701412,0.9807282930705696,0.5693340464495122,0.8012153918389231,0.5042364606633782,11.816161886246878
0.06038282811641693,0.29271483793854713,0.44610088178887963,0.7723566840868443,0.4242563247680664,0.2001782136503607,0.9438648787327111,0.9806351873558015,0.47703962423838675,0.30340371932834387,11.252342893223226
0.11828682338818908,0.1277426283340901,0.44108268804848194,0.6259205653332174,0.6541008942294866,0.5899473943281919,0.7166339496616274,0.4954862683080137,0.5571170442271978,0.9648803162854165,10.489288136299395
0.6996871847659349,0.3029918549582362,0.9227335632313043,0.6823805442545563,0.7314501032233238,0.4178814413025975,0.3877766167279333,0.42456062929704785,0.25819203024730086,0.7446089216973633,22.278965523670834
0.38383498252369463,0.048908343305811286,0.14628976793028414,0.766701418440789,0.3826424884609878,0.29783502826467156,0.2398890219628811,0.26302200672216713,0.8201214903965592,0.017400742508471012,13.375528037987866
0.3910679204855114,0.09719680878333747,0.6061961245723069,0.5608671647496521,0.6017053937539458,0.8854612819850445,0.39472563355229795,0.6107897500041872,0.7877788385376334,0.6915780939161777,10.874933947567001
0.023615821730345488,0.9553620421793312,0.6088223557453603,0.3186202950309962,0.2535686327610165,0.3419831721112132,0.5721275124233216,0.5727202638518065,0.20780645310878754,0.4408505961764604,6.266456841271397
0.44440604862757027,0.339811377460137,0.08558364678174257,0.9491603125352412,0.22318273806013167,0.5153709754813462,0.8751491042785347,0.7239045132882893,0.7808085009455681,0.4247727512847632,18.938671573380418
0.11177055980078876,0.6559984206687659,0.6904096328653395,0.5460793757811189,0.9231182013172656,0.2972204997204244,0.797214464051649,0.14940184308215976,0.47815470583736897,0.43860394158400595,12.233628217841432
0.2748960708267987,0.38325540255755186,0.5703040971420705,0.8313802431803197,0.18973145098425448,0.24257258838042617,0.7292087646201253,0.9304180771578103,0.0791449265088886,0.2911379560828209,12.045331733396504
0.9782067995984107,0.9361110092140734,0.24076152499765158,0.15076078101992607,0.6067421257030219,0.24177780211903155,0.7595702796243131,0.5002777285408229,0.7124082772061229,0.7034679839853197,10.735535373155091
0.2846934995613992,0.24934276030398905,0.1266783147584647,0.13892699591815472,0.9007204119116068,0.3762807175517082,0.8460789159871638,0.8535071222577244,0.45260033709928393,0.52151975245215,10.334772025771047
0.31039746780879796,0.7442745114676654,0.9899832489900291,0.30890716379508376,0.6116900853812695,0.13559525250457227,0.7848214579280466,0.2383639805484563,0.19873515237122774,0.23951013712212443,18.371480069536332
0.3671094258315861,0.8360748214181513,0.5930219613946974,0.6345924329943955,0.08541764714755118,0.7596272949595004,0.6203897756058723,0.4446026503574103,0.22856146492995322,0.16783330822363496,14.177949620043481
0.827296064933762,0.4897597413510084,0.3445043251849711,0.14630021271295846,0.6225959989242256,0.640886009670794,0.0375863560475409,0.0724423318170011,0.008910688338801265,0.10829513520002365,15.781630236357362
0.7290953740011901,0.7501990445889533,0.20112635218538344,0.07653826707974076,0.6976936529390514,0.03372369590215385,0.9192631191108376,0.39298097393475473,0.6739593637175858,0.038402240723371506,16.003515088656616
0.1258221184834838,0.6283242756035179,0.560780564090237,0.8410546449013054,0.6741704957094043,0.41668142448179424,0.4342331939842552,0.09197799535468221,0.07221141713671386,0.39772824733518064,15.838567269820897
0.20106867724098265,0.09126281971111894,0.29981954325921834,0.7492902092635632,0.014374349731951952,0.3994960323907435,0.07505011279135942,0.5201374886091799,0.25332805165089667,0.11600882606580853,8.074449962599326
0.8039713390171528,0.28402235195972025,0.3423063773661852,0.5776387653313577,0.4417573099490255,0.6792847877368331,0.9936652113683522,0.8294418861623853,0.6874709359835833,0.23429818684235215,15.77308743841718
0.39598323684185743,0.15537008200772107,0.8928711784537882,0.28278190875425935,0.9450793487485498,0.17945572617463768,0.8502929422538728,0.22554887924343348,0.35690400865860283,0.4857903188094497,13.423691911040866
0.639111504657194,0.21949636959470809,0.022998050786554813,0.3205705883447081,0.08976510912179947,0.046338646207004786,0.7824122949969023,0.13291818113066256,0.9285130009520799,0.36133791180327535,12.829065545938864
0.7684797672554851,0.27951305196620524,0.2824630115646869,0.6374885621480644,0.5247147527989,0.18560747359879315,0.2418337028939277,0.22426657192409039,0.17233063862659037,0.6258301094640046,15.757196916108299
0.5547002558596432,0.006956559373065829,0.5620124957058579,0.5867768349125981,0.460740887792781,0.020366350654512644,0.03071133024059236,0.3583410372957587,0.514502712059766,0.3873574419412762,8.516709009675036
0.22878812230192125,0.6439284831285477,0.8560062835458666,0.2496211314573884,0.5839102668687701,0.8090101666748524,0.7054096085485071,0.8697570499498397,0.5123002610635012,0.13292941078543663,13.203507936381161
0.5834951566066593,0.08147217286750674,0.2043681601062417,0.754980590660125,0.1681231812108308,0.7035886927042156,0.092897325521335,0.05376076069660485,0.27259217691607773,0.3090001216623932,12.778678984462887
0.4613414919003844,0.6986621550749987,0.6337862780783325,0.10871461848728359,0.12099499232135713,0.11744112870655954,0.5580873161088675,0.6416259617544711,0.3455454579088837,0.7172247697599232,9.347624203141907
0.9948774774093181,0.5669987488072366,0.41160574718378484,0.7677647878881544,0.038604145869612694,0.0176654860842973,0.619764257920906,0.5828962645027786,0.3548780628480017,0.8721035486087203,17.4791556536847
0.6866591507568955,0.7700822823680937,0.09092928911559284,0.3736948287114501,0.31897829892113805,0.5028463718481362,0.31669789738953114,0.6401375697460026,0.9406033360864967,0.6995703729335219,18.270247234430972
0.3594210168812424,0.20368213206529617,0.6285836705937982,0.7729133535176516,0.9805570335593075,0.035319171380251646,0.6837883745320141,0.41079125250689685,0.4349037481006235,0.8606807021424174,15.169707952451645
0.5854035897646099,0.3412805902771652,0.5056876705493778,0.3923002970404923,0.2210431881248951,0.7848880616948009,0.6341052607167512,0.7119672580156475,0.5085755758918822,0.5659164197277278,11.259830809102404
0.594599035801366,0.7106222922448069,0.09831227781251073,0.2846875183749944,0.6173796388320625,0.33872788678854704,0.38129146047867835,0.5622777184471488,0.297075497219339,0.04033129010349512,18.868809341525825
0.8577440651133657,0.27670269599184394,0.28834734251722693,0.3281224798411131,0.6636923982296139,0.37988642347045243,0.7288322956301272,0.1193650527857244,0.924679811578244,0.21044502267614007,14.321216803853622
0.9150870111770928,0.27067895722575486,0.18964509130455554,0.8595043323002756,0.7970536097418517,0.4148870485369116,0.8029694575816393,0.4710238582920283,0.4711224832572043,0.29393131169490516,22.18658916363426
0.7914064293727279,0.2978837222326547,0.887611111626029,0.2924566501751542,0.7449693034868687,0.17303299205377698,0.30044765234924853,0.19075184571556747,0.7204839990008622,0.6994298086501658,15.099938891370416
0.04063965962268412,0.140417511574924,0.9833237701095641,0.4925246958155185,0.6349392484407872,0.9409877569414675,0.9632512084208429,0.33772176154889166,0.03853920963592827,0.9071624802891165,11.967096271680509
0.34266816382296383,0.2014866783283651,0.17730772704817355,0.6202886851970106,0.17716025467962027,0.1897650898899883,0.06683518132194877,0.6166792381554842,0.15843517147004604,0.2783159287646413,11.311407385621534
0.13557947892695665,0.7238209338393062,0.5181151216384023,0.8337068993132561,0.24550278042443097,0.3984947572462261,0.3915196049492806,0.8150777942501009,0.692412133095786,0.008676073513925076,13.383151039117793
0.37100442685186863,0.6367854925338179,0.9239649919327348,0.9618791544344276,0.4638278956990689,0.5007098377682269,0.8367213958408684,0.7649525492452085,0.6130362655967474,0.21191335772164166,21.392760798766677
0.2833124799653888,0.7102638969663531,0.721046656370163,0.22417948325164616,0.3011437663808465,0.9522431190125644,0.6617271781433374,0.40177162014879286,0.21349534089677036,0.3384353637229651,10.660454224394291
0.609320507850498,0.4492648355662823,0.281151105184108,0.602482307003811,0.3453840231522918,0.2125604790635407,0.4784950620960444,0.4711901673581451,0.6257330696098506,0.26820423686876893,17.979288439274
0.731122063472867,0.12879655160941184,0.1805442504119128,0.597885285038501,0.21739835105836391,0.9020766315516084,0.15468141133897007,0.741142441984266,0.7636425634846091,0.0269077206030488,11.82630671731181
0.7768519809469581,0.32485346938483417,0.8364121438935399,0.2751319909002632,0.45867478707805276,0.05877384799532592,0.030906583648175,0.16520343255251646,0.15794476657174528,0.2522979823406786,14.490747616149838
0.551825761096552,0.5201910650357604,0.12354904552921653,0.5537339458242059,0.2544022935908288,0.7115472052246332,0.9499260664451867,0.9396971131209284,0.4198858202435076,0.4629604462534189,17.28710869971301
0.2033157255500555,0.44469318841584027,0.40492204995825887,0.7591105916071683,0.14326285384595394,0.8625572419259697,0.2213347179349512,0.3379585521761328,0.7394481119699776,0.05119814048521221,12.080028015390393
0.8692368275951594,0.23041950934566557,0.1845088149420917,0.34467633021995425,0.5994109958410263,0.08435586746782064,0.22284056269563735,0.09024572069756687,0.27312966086901724,0.7446317805442959,13.119886035542024
0.23083661566488445,0.9944307638797909,0.1441787201911211,0.7624127415474504,0.4354115694295615,0.6220616204664111,0.8023218542803079,0.8635402370709926,0.430634553078562,0.6738179808016866,18.844506742867804
0.23085612431168556,0.8662429105024785,0.6284962939098477,0.27581586712040007,0.8374193366616964,0.5544415677431971,0.702219242695719,0.9407412861473858,0.6732396301813424,0.4078362851869315,13.764420154620938
0.06714847986586392,0.5042441163677722,0.15954014915041625,0.6815840306226164,0.3347148853354156,0.362401190912351,0.2823071216698736,0.3971560269128531,0.2560216460842639,0.1360992572735995,12.975404369773834
0.4145471912343055,0.5971026716288179,0.4817651594057679,0.9096110423561186,0.4186468916013837,0.7406305409967899,0.31476382864639163,0.13984467624686658,0.07724311319179833,0.6055179627146572,18.367773771002966
0.9126923587173223,0.2826636384706944,0.9370947473216802,0.8140334009658545,0.12267530313692987,0.18876419845037162,0.11204773210920393,0.021441684337332845,0.13416055240668356,0.36507737054489553,20.720110521200013
0.42882106406614184,0.37419416126795113,0.16504146298393607,0.45000571152195334,0.001768425339832902,0.7721914360299706,0.3043038819450885,0.23506270884536207,0.8482401934452355,0.9914569270331413,10.721260385593911
0.019176824018359184,0.794936205027625,0.6950372948776931,0.3704241912346333,0.49389782128855586,0.7037358011584729,0.3080917280167341,0.7197321534622461,0.722426688997075,0.6376527156680822,4.988750132635301
0.7076981246937066,0.35521354735828936,0.7616448469925672,0.4765675528906286,0.34674711828120053,0.7434151170309633,0.9578963904641569,0.3484795638360083,0.9706632466986775,0.4933723665308207,14.952894501546744
0.5861210650764406,0.25161206582561135,0.017233085352927446,0.4951111495029181,0.3284023688174784,0.6682432482484728,0.6140771908685565,0.4642705200240016,0.7372619416564703,0.6798065553884953,15.965852414748026
0.24358240817673504,0.6547055151313543,0.011006087064743042,0.3258270004298538,0.15576702659018338,0.3964362267870456,0.9443729626946151,0.20699856663122773,0.7100092913024127,0.4035232940223068,13.816430931066098
0.27515190397389233,0.8823245703242719,0.9743168104905635,0.45677529252134264,0.7294824002310634,0.7592608935665339,0.6448401701636612,0.7115859715268016,0.15073346137069166,0.6685077049769461,18.800940946887266
0.3652241672389209,0.5994799819309264,0.13590934383682907,0.6694960165768862,0.16793110710568726,0.06962165189906955,0.8804894560016692,0.16659745387732983,0.12776461360044777,0.9560221305582672,16.119735390641953
0.6967422706075013,0.003273942042142153,0.6711234541144222,0.09867928107269108,0.6375227593816817,0.9638599483296275,0.25987584376707673,0.30089920037426054,0.33492814865894616,0.452122223097831,5.419009742762512
0.9352613687515259,0.025095028104260564,0.480290838284418,0.480844515375793,0.3034036187455058,0.8182186677586287,0.4475099288392812,0.0938423031475395,0.45422816183418036,0.4882583587896079,6.827375683837609
0.6104938564822078,0.4928040290251374,0.11441810266114771,0.3847514691296965,0.55985222524032,0.26358515000902116,0.8011538404971361,0.8150448692031205,0.27267655404284596,0.29298743419349194,17.585169210585327
0.10967861022800207,0.7531896638683975,0.6236647311598063,0.7847844550851732,0.2495845400262624,0.9240235704928637,0.048622338101267815,0.3277500048279762,0.2525480731856078,0.9086381525266916,13.317251315662961
0.7206661228556186,0.3501375939231366,0.9073997910600156,0.3014454422518611,0.6516966242343187,0.19959061406552792,0.5986847390886396,0.10029110265895724,0.5571188936010003,0.791746370960027,16.073315061858388
0.3705510862637311,0.13214302971027792,0.999350416706875,0.9242898845113814,0.11360336421057582,0.17517476598732173,0.0008732287678867579,0.8374633502680808,0.45837540621869266,0.20049112499691546,17.163547346665453
0.622642187634483,0.05461576045490801,0.4387091929093003,0.854834383353591,0.8743043744470924,0.3700055372901261,0.5720922329928726,0.21985672716982663,0.6075265589170158,0.3081972205545753,14.220318962567797
0.9219084039796144,0.1762634834740311,0.1891510379500687,0.7631516347173601,0.17804754711687565,0.9356834841892123,0.19424752611666918,0.18263732711784542,0.28047156520187855,0.06145214126445353,15.571084574067655
0.33875838411040604,0.6057485432829708,0.8575163828209043,0.9013777896761894,0.23136574099771678,0.601774865295738,0.6406486867927015,0.3135777285788208,0.9729357718024403,0.5430930112488568,17.40972280837951
0.2440536671783775,0.034671288914978504,0.5296000675298274,0.7215653408784419,0.4774707502219826,0.7106969393789768,0.9652687662746757,0.3263688476290554,0.4356120501179248,0.8035555423703045,8.939213757118118
0.3259704720694572,0.9934395626187325,0.3151581580750644,0.7394215040840209,0.41385528817772865,0.36851692921482027,0.036482023540884256,0.7079689337406307,0.9195515012834221,0.4430815442465246,18.786787434940436
0.1574152901303023,0.33088526665233076,0.8627920292783529,0.592580224853009,0.2956150646787137,0.4086302127689123,0.776987939607352,0.23204620834439993,0.3667440079152584,0.6412101148162037,12.66268542178383
0.3864614174235612,0.5538296496961266,0.6221300871111453,0.958703953307122,0.3835685558151454,0.9960055646952242,0.5808542678132653,0.47740964335389435,0.6962706914637238,0.21237405925057828,17.76881441232939
0.38492617825977504,0.599063656758517,0.6457845016848296,0.8271631051320583,0.29194234195165336,0.4021753850392997,0.11718341778032482,0.8883404834195971,0.8747802327852696,0.09055730095133185,15.634419445171215
0.8328110338188708,0.9542929399758577,0.48753379937261343,0.6631643411237746,0.3829657209571451,0.8814306128770113,0.5392066796775907,0.8659340429585427,0.1927994629368186,0.5423552107531577,15.244336978851429
0.778366956859827,0.7099396132398397,0.8350855340249836,0.6338004441931844,0.16319912183098495,0.21188799920491874,0.1205269827041775,0.8498233577702194,0.028351913671940565,0.1718917100224644,19.996596484712477
0.820959547534585,0.5656635272316635,0.48074609274044633,0.4084811247885227,0.43124289554543793,0.05407679080963135,0.7996092298999429,0.8984014966990799,0.6063825094606727,0.31996588059701025,17.081085611634165
0.7685587557498366,0.2569957368541509,0.8817471240181476,0.7687911815010011,0.3918676311150193,0.649402933428064,0.5923354330006987,0.5194162286352366,0.30164364725351334,0.6400989932008088,17.857103668168552
0.9051246147137135,0.7141867829486728,0.09311383916065097,0.9613122805021703,0.0986215895973146,0.10346059105359018,0.7139266498852521,0.6862058113329113,0.20244077499955893,0.8364473187830299,20.77773919080076
0.5183935826644301,0.766622337512672,0.4373097715433687,0.9680252165999264,0.3558371823746711,0.07130041322670877,0.5616032870020717,0.21896196133457124,0.15433649346232414,0.516523425001651,21.48936073880084
0.0011840949300676584,0.5414726051967591,0.591959242708981,0.5378386580850929,0.9452171139419079,0.9558395559433848,0.4378005771432072,0.7619042524602264,0.04565312899649143,0.8450933615677059,10.91174149630032
0.12302606855519116,0.831680137431249,0.4725049948319793,0.015358204720541835,0.07137965015135705,0.4498527536634356,0.009198918705806136,0.1489225383847952,0.6482630793470889,0.5844339414034039,4.0851073821018336
0.14230833086185157,0.14913052623160183,0.6459978651255369,0.5686665214598179,0.30708848196081817,0.5967115955427289,0.3763412609696388,0.911735320230946,0.002085775136947632,0.5926733079832047,8.167897539371763
0.47310428274795413,0.2920324350707233,0.551348821958527,0.2853199830278754,0.3299210409168154,0.9980188512708992,0.5963884217198938,0.9872380888555199,0.6146276453509927,0.6069426673930138,6.79511194057201
0.5407215571030974,0.5640286947600543,0.7203104665968567,0.3462836891412735,0.5644398450385779,0.9286536609288305,0.8051811400800943,0.32003637473098934,0.5648459617514163,0.4779857222456485,15.658873477238837
0.8314463666174561,0.6361697728279978,0.555420957505703,0.9054719442501664,0.9955179770477116,0.7374912879895419,0.06256198859773576,0.08123284671455622,0.9332107526715845,0.4602614406030625,22.352472389770313
0.19871989428065717,0.4200491486117244,0.4806654250714928,0.5681730138603598,0.655048819957301,0.408813739893958,0.19644154142588377,0.6275305391754955,0.9648367732297629,0.4582235214766115,11.675543732974285
0.9920070138759911,0.26572339818812907,0.7914943366777152,0.38376507302746177,0.5137695875018835,0.43537638802081347,0.43585731787607074,0.27389677218161523,0.7265056315809488,0.05643732310272753,16.34846151952191
0.43785429815761745,0.2984450007788837,0.47031264030374587,0.431457333965227,0.6146668836008757,0.11545190238393843,0.9925744761712849,0.09096681792289019,0.22567660850472748,0.560566441854462,10.324742668082425
0.5373483803123236,0.06767150806263089,0.5895942698698491,0.7773472631815821,0.31812677765265107,0.04052387527190149,0.511979031842202,0.9780053074937314,0.9926425402518362,0.07333148061297834,10.85555981359206
0.48616510815918446,0.3805405537132174,0.05802757968194783,0.32777747977524996,0.8384394673630595,0.021368563640862703,0.16144502302631736,0.49192193034105003,0.8250646640080959,0.29564501298591495,16.49948219346947
0.3281265669502318,0.9527500260155648,0.9352383923251182,0.717162786051631,0.8075083186849952,0.44142015278339386,0.1839562919922173,0.44167902902700007,0.28496781294234097,0.7955656202975661,21.2615332497634
0.7850976651534438,0.06518687843345106,0.1673078655730933,0.24035258893854916,0.1894329646602273,0.408203081227839,0.42902331915684044,0.13448216719552875,0.4708405686542392,0.5024125357158482,6.5920401885359245
0.2617553579621017,0.020581554155796766,0.9858436870854348,0.33222875581122935,0.745427384506911,0.7450953091029078,0.9081936597358435,0.7903137614484876,0.650685474742204,0.5790770438034087,13.174617101235544
0.5421031238511205,0.2570959650911391,0.1901900537777692,0.632969053927809,0.9890364743769169,0.771269042044878,0.7795814673881978,0.6755340811796486,0.6656199083663523,0.1445542937144637,16.481033983338044
0.5105188575107604,0.948264098027721,0.6290207232814282,0.39738177554681897,0.8410627003759146,0.7754470792133361,0.7672685233410448,0.6998514591250569,0.24535064329393208,0.3763132554013282,18.81418630375136
0.2724089287221432,0.18947565299458802,0.5912237053271383,0.9253072952851653,0.8207733170129359,0.08675833069719374,0.5154318301938474,0.2360796262510121,0.8455398641526699,0.33458810299634933,16.373454910456516
0.3607846098020673,0.32511878153309226,0.019935608841478825,0.5089989630505443,0.4022132239770144,0.011608462082222104,0.5691733495332301,0.22324178647249937,0.2783472053706646,0.38084321888163686,13.902371064856673
0.9068052503280342,0.7492480201181024,0.9310076460242271,0.6427659101318568,0.5545404851436615,0.7367760073393583,0.49767195736058056,0.45143177383579314,0.5234455610625446,0.8910233485512435,21.788717501718224
0.6407405696809292,0.2647963378112763,0.7711123905610293,0.6937834194395691,0.2425791451241821,0.7872886299155653,0.9133475746493787,0.42041833722032607,0.5161269227974117,0.43558445665985346,13.375268357658056
0.06501927459612489,0.576675572199747,0.723636515205726,0.45679894811473787,0.3521814472042024,0.9534276956692338,0.7960525285452604,0.526594249997288,0.15210244501940906,0.6433959198184311,7.6799688156416535
0.5868651804048568,0.7206223420798779,0.8725829392205924,0.015557891922071576,0.4269466698169708,0.58120336686261,0.6156081296503544,0.1285289404913783,0.0492781400680542,0.6128028952516615,14.054891674060253
0.40979667473584414,0.40727841714397073,0.6314412532374263,0.8052814847324044,0.11650084634311497,0.5230888775549829,0.4870480445679277,0.6326779774390161,0.3861085632815957,0.8360493890941143,14.319238896481638
0.3484393637627363,0.459426227491349,0.43453301559202373,0.17811067285947502,0.49066665419377387,0.587918367004022,0.23596903565339744,0.45036438410170376,0.0413191772531718,0.21466801641508937,8.881411418920276
0.8243623359594494,0.6660887345205992,0.22770518600009382,0.6752517367713153,0.9428211401682347,0.3660317736212164,0.2527515972033143,0.020934236701577902,0.7019412647932768,0.46399862226098776,22.269538187749824
0.06632205424830317,0.26430695154704154,0.052245953818783164,0.5676800583023578,0.08188298111781478,0.43925872910767794,0.6267903824336827,0.20095295831561089,0.13352622906677425,0.8438367976341397,11.856117310423178
0.02150832233019173,0.5174482399597764,0.9685603263787925,0.03068715985864401,0.5344729665666819,0.4861579348798841,0.40804084250703454,0.6278822431340814,0.17724501388147473,0.33025629282929003,8.387354580587544
0.006583502748981118,0.829132214654237,0.14338636002503335,0.9503517528064549,0.4435929856263101,0.6279233461245894,0.8029547578189522,0.3677449901588261,0.13088004058226943,0.1509707453660667,14.097445020110799
0.06684330641292036,0.1628957325592637,0.5012242558877915,0.10765806958079338,0.8819734239950776,0.7608883432112634,0.03019903157837689,0.28734886879101396,0.0029288583900779486,0.45061463327147067,6.537865507745211
0.8961959115695208,0.3708485837560147,0.5519151543267071,0.5577871480491012,0.38077494059689343,0.6154662857297808,0.6471664251293987,0.14307705918326974,0.82435432379134,0.24674473027698696,15.886710411858408
0.19944333424791694,0.022174945333972573,0.13718274771235883,0.8848752800840884,0.35865353629924357,0.5002894538920373,0.9840997287537903,0.19720976543612778,0.06095375306904316,0.7974122914019972,14.156663597319154
0.5167377833276987,0.20406359829939902,0.973705330863595,0.7632814620155841,0.3138028825633228,0.23387014027684927,0.27943433937616646,0.11130626546218991,0.6298708547838032,0.4933859915472567,15.995321442475186
0.6402648868970573,0.2597230898682028,0.64621662045829,0.44295606506057084,0.9821090577170253,0.6663380961399525,0.3036164583172649,0.8440159994643182,0.6032909392379224,0.03284064447507262,14.193157043852258
0.8548910070676357,0.9092134253587574,0.2324653824325651,0.6400567155797035,0.05468868790194392,0.6094499221071601,0.49578720261342824,0.7330900062806904,0.8172414128202945,0.8797715820837766,14.918796303407598
0.019872120581567287,0.3611244484782219,0.8854121232870966,0.07157705049030483,0.33118274831213057,0.8476066254079342,0.8278326378203928,0.4747199169360101,0.814648506231606,0.04754889686591923,4.843388952628654
0.7820048669818789,0.37137327436357737,0.23811834608204663,0.06451044208370149,0.8922052753623575,0.15559697966091335,0.460572917945683,0.468480913201347,0.9250947784166783,0.7365876734256744,15.341732831414118
0.23606638610363007,0.43505816254764795,0.5442256783135235,0.7164053132291883,0.3054990582168102,0.8496734865475446,0.5468061917927116,0.0472110859118402,0.6440203271340579,0.2301752595230937,10.073927432637724
0.803922959137708,0.38643597275950015,0.9882400301285088,0.9369629346765578,0.9852406587451696,0.8693393648136407,0.21848796145059168,0.9251683310139924,0.47124254680238664,0.7018054933287203,26.705431762250058
0.03881960944272578,0.22461661021225154,0.536482454277575,0.453130402835086,0.5989647530950606,0.38514405977912247,0.03197886189445853,0.031245584366843104,0.1538720082025975,0.5590810414869338,8.093002640660137
0.3466154523193836,0.8985258156899363,0.8301089173182845,0.40375395282171667,0.8700833944603801,0.904442461906001,0.6107939986977726,0.29373759613372386,0.39717074343934655,0.8960109653417021,17.815886392875864
0.5356712504290044,0.7390072597190738,0.8507794407196343,0.2800982352346182,0.9595019815023988,0.7314737394917756,0.2716051999013871,0.2758914069272578,0.9797071504872292,0.2700273459777236,20.28234404714389
0.8310948475264013,0.21554557117633522,0.19870896427892148,0.7997439203318208,0.5738635787274688,0.069763224106282,0.37163960793986917,0.9446449400857091,0.9048747108317912,0.2691033403389156,18.632817397292325
0.35609289328567684,0.7193637348245829,0.9880936432164162,0.5912318392656744,0.40530309453606606,0.03682629461400211,0.47244650521315634,0.7565650548785925,0.8857104890048504,0.16034661000594497,21.910253578143536
0.31347301905043423,0.5711266426369548,0.7174027995206416,0.4467432003002614,0.8603917451109737,0.02414268348366022,0.3721268482040614,0.3160091412719339,0.10669366689398885,0.13031052914448082,15.61513992405863
0.7398636487778276,0.1441100190859288,0.23509438894689083,0.272221767809242,0.8079083494376391,0.20264587504789233,0.2762198462150991,0.42367875506170094,0.6130369452293962,0.22864146600477397,12.105104016601135
0.7019254986662418,0.043278388446196914,0.15560200763866305,0.7966183517128229,0.22125805215910077,0.8503427908290178,0.6379674323834479,0.6272021934855729,0.4717489699833095,0.3471315992064774,12.360913258919917
0.8201741990633309,0.5374606265686452,0.6876772220712155,0.17316808365285397,0.539640553528443,0.9946042320225388,0.5440842634998262,0.13812145590782166,0.2043303521350026,0.552206477150321,13.416436750424138
0.44435454066842794,0.5411949246190488,0.7655793242156506,0.4688112987205386,0.33826067252084613,0.38236462138593197,0.43697503418661654,0.8429074506275356,0.265264741377905,0.2404059029649943,14.798280556920401
0.5196579673793167,0.32777050882577896,0.11711252946406603,0.15020616678521037,0.8879927259404212,0.5092443265020847,0.5848028718028218,0.7116435719653964,0.8381005630362779,0.8541557360440493,13.247536906104317
0.3108486763667315,0.32832993334159255,0.9599348744377494,0.12481306004337966,0.5119377770461142,0.9992038533091545,0.4498027814552188,0.6143199445214123,0.8786193237174302,0.1451793855521828,9.136254080513158
0.9252096547279507,0.264873540494591,0.28057464212179184,0.928131251828745,0.5923059999477118,0.4042110703885555,0.8355065984651446,0.4052103746216744,0.4058450064621866,0.0579185476526618,18.626144455837984
0.9115075245499611,0.574773897882551,0.20493982080370188,0.09357124636881053,0.20213638665154576,0.2149984105490148,0.7029846848454326,0.5344259818084538,0.409763481002301,0.7183871630113572,15.433125631050903
0.9941077576950192,0.01987961446866393,0.19917137501761317,0.38705982780084014,0.6843249129597098,0.17142710369080305,0.19900401448830962,0.4927462723571807,0.641010888852179,0.5237077353522182,11.131298816187432
0.4993746425025165,0.6921638853382319,0.44153042580001056,0.8927847899030894,0.4161984159145504,0.692987211747095,0.8024814850650728,0.13013470568694174,0.11824481375515461,0.11097668274305761,19.61053038480143
0.9098280104808509,0.7301042291801423,0.7342804092913866,0.29185726400464773,0.28811394632793963,0.862641149898991,0.2036062392871827,0.338571390369907,0.04840257950127125,0.8085034084506333,15.379099521216562
0.2984633035957813,0.2693285152781755,0.15602153376676142,0.3733797159511596,0.9161846656352282,0.7358493169303983,0.9392740607727319,0.7113253476563841,0.7153482572175562,0.7490505413152277,13.416793241953528
0.711633323226124,0.30887010297738016,0.7142223075497895,0.5795795368030667,0.586504734819755,0.8662743475288153,0.928078435594216,0.5369942132383585,0.12078667688183486,0.7256498555652797,16.76367037153555
0.01332485442981124,0.46225109323859215,0.3291760196443647,0.8822497832588851,0.012405098183080554,0.8770182908046991,0.5213303612545133,0.7828478347510099,0.29198024212382734,0.28625041735358536,8.201029834311768
0.8846827414818108,0.47327360650524497,0.12598483636975288,0.18734391243197024,0.2617616690695286,0.5248772092163563,0.6489361994899809,0.3020847144071013,0.7228999256622046,0.5938612064346671,15.375399480021834
0.27727460232563317,0.0012959667947143316,0.057136074639856815,0.0010151343885809183,0.36275476939044893,0.47790968092158437,0.2853091254364699,0.8571123224683106,0.6808255899231881,0.2474828576669097,6.447695127274841
0.5706283180043101,0.8313657739199698,0.5132714482024312,0.10569807677529752,0.13020014646463096,0.48501737765036523,0.4867953371722251,0.8297407352365553,0.5596817485056818,0.583867808105424,11.809950634637758
0.00602049520239234,0.6673677645158023,0.7476953850127757,0.12613446195609868,0.8758372354786843,0.9647951852530241,0.31819642102345824,0.09524562675505877,0.5070433865766972,0.7548222574405372,8.318597526955593
0.024047818267717957,0.6971493144519627,0.22256499249488115,0.701500941766426,0.40171595220454037,0.5532424787525088,0.3230567271821201,0.32871466083452106,0.8744883523322642,0.07862828858196735,11.742837570397418
0.7042695295531303,0.14139444078318775,0.8710108047816902,0.8074324321933091,0.261324739549309,0.6643257106188685,0.7959240332711488,0.5071067947428674,0.19975204579532146,0.7213731063529849,14.149313624060664
0.930673100752756,0.08094052574597299,0.4033058399800211,0.03392638475634158,0.9267837568186224,0.020279288524761796,0.7369294932577759,0.9893435789272189,0.14771604328416288,0.2524179629981518,8.068917103325749
0.6047031655907631,0.1851193285547197,0.1761767570860684,0.4616823736578226,0.8264888823032379,0.8840812654234469,0.7355209125671536,0.14324154355563223,0.3185238072182983,0.8452889567706734,14.359603955256691
0.5796065754257143,0.9577755299396813,0.3065860045608133,0.9695021293591708,0.08689374616369605,0.7819881993345916,0.24858360271900892,0.41974320937879384,0.3497430211864412,0.45822987402789295,19.22147895966012
0.3003869813401252,0.2554374367464334,0.0562261373270303,0.029876893386244774,0.7364825489930809,0.014327767305076122,0.8173097153194249,0.43981523416005075,0.7534342932049185,0.262743056518957,8.258074514024472
0.3600313514471054,0.6131003454793245,0.26585987699218094,0.5650747122708708,0.1160811276640743,0.6050403108820319,0.9571026172488928,0.3280232734978199,0.3220788410399109,0.8879105057567358,13.917398570613653
0.2066978383809328,0.06668752036057413,0.9638000912964344,0.5051976840477437,0.5392467612400651,0.7625835137441754,0.5396957942284644,0.6738455081358552,0.7542051488999277,0.1676125070080161,11.923994493318109
0.8412757695186883,0.9497460278216749,0.34681325661949813,0.1593989443499595,0.9357196572236717,0.3366787941195071,0.9598977293353528,0.7107102242298424,0.08854218479245901,0.09025810216553509,11.690755407962905
0.7361815902404487,0.7218654125463217,0.12894469476304948,0.939292757306248,0.8523210883140564,0.47496141656301916,0.7631292045116425,0.6860210066661239,0.2901363119017333,0.7387246552389115,25.876909511024746
0.9972407461609691,0.6798198439646512,0.9658882115036249,0.8370769629254937,0.5617941759992391,0.6975454490166157,0.29816657304763794,0.9018559358082712,0.13080748380161822,0.6893214455340058,25.79452916915198
0.801975078182295,0.10783214354887605,0.5824925457127392,0.2513102397788316,0.6197211598046124,0.5721010647248477,0.754917808342725,0.17702630069106817,0.8222055931109935,0.7149534001946449,7.506245047752304
0.21592197543941438,0.7091293330304325,0.947316447738558,0.8972204790916294,0.46105776890181005,0.603278985247016,0.5175130465067923,0.6231206019874662,0.35852709552273154,0.5669083679094911,19.097407961887615
0.6088019593153149,0.2987818825058639,0.633064869325608,0.6992581626400352,0.017530123936012387,0.7591023361310363,0.30508002964779735,0.017134310910478234,0.8733990371692926,0.7015033829957247,13.978846866351626
0.5045152145903558,0.4885548106394708,0.42413260391913354,0.643610519124195,0.19660414149984717,0.18717911303974688,0.7437733781989664,0.03733952878974378,0.39121855166740716,0.5709567843005061,14.228976168287222
0.6053037852980196,0.5413790994789451,0.7715064794756472,0.6574278553016484,0.9699753588065505,0.7422287038061768,0.9618982276879251,0.7450209213420749,0.3716392791830003,0.712555869249627,20.19243145772318
0.6998197378125042,0.7966824036557227,0.5188335578422993,0.30194504116661847,0.029450940201058984,0.022131992038339376,0.25485048722475767,0.029532460495829582,0.29238326707854867,0.431154208490625,15.722836251258808
0.29873528983443975,0.39347101259045303,0.2579845094587654,0.8719062258023769,0.10881258733570576,0.09260866232216358,0.6931704531889409,0.12424290925264359,0.9422167136799544,0.6715215928852558,13.41937827773412
0.7365795110817999,0.11193060665391386,0.8043820809107274,0.6261427542194724,0.12167301401495934,0.6052044748794287,0.8353628464974463,0.9852762429509312,0.46710592741146684,0.2907242332585156,12.092442281968877
0.6664582777302712,0.4101042505353689,0.16312464117072523,0.3124113061930984,0.817853735294193,0.5432369904592633,0.11330083548091352,0.8850377288181335,0.34249839442782104,0.7402164628729224,16.590031147758104
0.16185166942887008,0.5502780852839351,0.9581795730628073,0.0067317557986825705,0.7524744153488427,0.8820048260968179,0.029578665969893336,0.15800100495107472,0.009133494226261973,0.9505788502283394,9.08450351471875
0.9510329850018024,0.44836936239153147,0.20096491393633187,0.7646111196372658,0.9261946566402912,0.757242142688483,0.7367811994627118,0.06624749419279397,0.5700578298419714,0.6330950316041708,22.32213454779918
0.6844476426485926,0.5193818409461528,0.9040511485654861,0.9199150935746729,0.06243783258832991,0.41907265735790133,0.32612780411727726,0.2772479853592813,0.43727425392717123,0.1542262164875865,23.09067416690078
0.519205980701372,0.8585119612980634,0.06211459659971297,0.5579430346842855,0.026587081840261817,0.530620536301285,0.3899178053252399,0.5325795565731823,0.3209389152470976,0.20446442998945713,19.50735641204699
0.8407979186158627,0.5184761125128716,0.7774072289466858,0.7465912885963917,0.3629930689930916,0.0603073772508651,0.9803770128637552,0.5473733253311366,0.12245786841958761,0.26260750624351203,19.872548661670784
0.10843713697977364,0.6859854708891362,0.029313749633729458,0.1402520106639713,0.06867000972852111,0.4969019368290901,0.25154787115752697,0.6717320024035871,0.8030203634407371,0.7129786482546479,8.311889419464634
0.5749749657697976,0.41775737213902175,0.8047055872157216,0.8233163466211408,0.4340042497497052,0.7714985399506986,0.8435581994708627,0.2871622268576175,0.15607769903726876,0.1527096137870103,20.459352045429345
0.9259776927065104,0.4057579976506531,0.7227929304353893,0.691180128371343,0.6335670265834779,0.8968000593595207,0.8660042488481849,0.6847843516152352,0.29694425337947905,0.010408518835902214,20.68598366188681
0.7795240990817547,0.17614320223219693,0.9588091094046831,0.004573677899315953,0.8407670732121915,0.5761863114312291,0.1705466490238905,0.9716100769583136,0.2920745478477329,0.6445904592983425,12.54213285966994
0.9916574831586331,0.33001799904741347,0.5288628400303423,0.4689225179608911,0.6452471341472119,0.7708515049889684,0.11841387976892292,0.34669487248174846,0.13888809620402753,0.03437933721579611,17.549175636825705
0.2409101938828826,0.8159435749985278,0.6637649708427489,0.8687672419473529,0.18723074113950133,0.017527968622744083,0.5876006274484098,0.43617139500565827,0.3896114754024893,0.7884219619445503,13.990350403129781
0.5321641142945737,0.03298493567854166,0.7694354569539428,0.7610480678267777,0.1436590680386871,0.23251674394123256,0.9523643092252314,0.15691223926842213,0.9099455499090254,0.14549320749938488,9.584663044202799
0.5165787395089865,0.5603630379773676,0.7521870154887438,0.7970099695958197,0.8786902443971485,0.9869734125677496,0.670625678030774,0.46709876391105354,0.2973931413143873,0.458617510041222,21.50732847478275
0.8078370320145041,0.265663520200178,0.7829848667606711,0.7089506513439119,0.2923321803100407,0.9243217329494655,0.5219995696097612,0.6248939647339284,0.0052194963209331036,0.5602932614274323,18.468037959770186
0.2292502480559051,0.04515758226625621,0.4366574063897133,0.7748336708173156,0.8891061628237367,0.9751934185624123,0.012409490766003728,0.18994638160802424,0.0712249397765845,0.6902446884196252,13.83046189493026
0.1318902187049389,0.7897821387741715,0.18140622321516275,0.7677109797950834,0.8079268313013017,0.3753350137267262,0.7319985716603696,0.7108286544680595,0.9364650985226035,0.10997974476777017,17.232071992549624
0.4759882465004921,0.7820663133170456,0.4147973442450166,0.8551429046783596,0.025775041664019227,0.9320455337874591,0.25250951922498643,0.3209031524602324,0.26363621023483574,0.08543486869893968,17.18746412097474
0.06752676120959222,0.3729428381193429,0.34824762027710676,0.975326040526852,0.8476954880170524,0.7350909365341067,0.3045192016288638,0.5434226279612631,0.1308765325229615,0.1796357030980289,16.5630030541585
0.12374400091357529,0.006699599325656891,0.2952317986637354,0.6550608028192073,0.7761224331334233,0.36186108901165426,0.9056146971415728,0.5454470873810351,0.2721752484794706,0.06807620264589787,11.722034965120544
0.9096687827259302,0.6062341451179236,0.6518411615397781,0.2838874254375696,0.30336484452709556,0.018443506443873048,0.5837258747778833,0.07146238535642624,0.31186544825322926,0.47082383721135557,14.321991495000843
0.7634592172689736,0.12942464114166796,0.5582796423695982,0.539456918137148,0.1628906992264092,0.8215697181876749,0.3802195694297552,0.00957866245880723,0.4301681462675333,0.09288180456496775,8.581373304317873
0.05837435950525105,0.10264086397364736,0.2122882034163922,0.27069646609015763,0.1582470159046352,0.9323111611884087,0.8803703445009887,0.8555421261116862,0.3609152249991894,0.9838741226121783,5.486759529369918
0.3862807110417634,0.8371373256668448,0.3804734027944505,0.9911111011169851,0.042954923352226615,0.28984482516534626,0.46766389487311244,0.29988824180327356,0.9171818366739899,0.06859476328827441,17.345804117938098
0.6912218157667667,0.0474608656950295,0.23806601110845804,0.2248694933950901,0.9342925818637013,0.17118916800245643,0.41482081869617105,0.11013266257941723,0.1466813914012164,0.8982462543062866,10.239018464402589
0.19472578377462924,0.9886255075689405,0.4544071869459003,0.7385675059631467,0.5723018003627658,0.03418357647024095,0.6919690694194287,0.3648391959723085,0.04930758406408131,0.57073525339365,16.8801101762198
0.5089627874549478,0.27358096768148243,0.3107223566621542,0.07918668887577951,0.5560463864821941,0.07209690776653588,0.7485571191646159,0.9293476864695549,0.952885064529255,0.12058792216703296,8.289086063184019
0.943943093996495,0.16727498290129006,0.9933249372988939,0.3273795631248504,0.10791386454366148,0.05135482270270586,0.8547375146299601,0.7583631554152817,0.4089551593642682,0.9423576565459371,13.296153372457137
0.06664336449466646,0.02124503953382373,0.7731802649796009,0.34704289282672107,0.4303835351020098,0.39786119130440056,0.6265680729411542,0.8829299148637801,0.6491969537455589,0.9950526230968535,6.497770086031252
0.9737503575161099,0.18686616490595043,0.19742811657488346,0.8846660419367254,0.11245439038611948,0.96294728317298,0.2691949128638953,0.5708959512412548,0.1584927774965763,0.036096196388825774,16.92355954281035
0.7756242086179554,0.8372062807902694,0.16870046616531909,0.9737417290452868,0.5163224877323955,0.7102098816540092,0.7223652405664325,0.9336317959241569,0.5223154884297401,0.6593212247826159,24.376619236098357
0.447757997084409,0.45697221998125315,0.7632344984449446,0.7014678216073662,0.46365590230561793,0.5747431146446615,0.022554432740435004,0.393056221306324,0.050701751839369535,0.6130405028816313,16.470823548764944
0.977566916262731,0.1523013764526695,0.9300243826583028,0.6867260923609138,0.3663561043795198,0.982060773530975,0.29898833110928535,0.1734235177282244,0.9144584452733397,0.2137486671563238,17.59362586540274
0.930867258226499,0.5080844294279814,0.291768736904487,0.3619716193061322,0.2741108254995197,0.3218444297090173,0.00735873356461525,0.16941045224666595,0.08020939817652106,0.549693213077262,15.467259605375691
0.2577326111495495,0.8183274662587792,0.07652900810353458,0.25750899291597307,0.7685872041620314,0.9346646487247199,0.12941551790572703,0.49488800554536283,0.4969960511662066,0.8515327132772654,15.41225815482293
0.6088176029734313,0.6553355013020337,0.3481652506161481,0.2899094014428556,0.5828160168603063,0.30280420323833823,0.4027838292531669,0.47918612672947347,0.8081524788867682,0.3924295927863568,16.02837244473404
0.3862235969863832,0.4025399093516171,0.6792905195616186,0.6195656969211996,0.7658451986499131,0.05365729657933116,0.6652098221238703,0.5354165178723633,0.21583206206560135,0.21354736690409482,13.901629299965222
0.8473013872280717,0.03365606628358364,0.4005902982316911,0.5387719920836389,0.700771443778649,0.9223311115056276,0.7320717154070735,0.7585829223971814,0.7087269991170615,0.9170000809244812,11.110657560723567
0.6928105554543436,0.7385915699414909,0.13781601889058948,0.9325541430152953,0.4089881756808609,0.3111376925371587,0.23537575267255306,0.007205992704257369,0.4689061241224408,0.49230425735004246,25.164012522150387
0.48361355159431696,0.9499343000352383,0.11672227131202817,0.798979263054207,0.9363890513777733,0.9645443758927286,0.4695376171730459,0.024307709652930498,0.5355611287523061,0.34921848005615175,25.97452030449589
0.11170698329806328,0.6643922380171716,0.25499118748120964,0.7350181192159653,0.821561956545338,0.15471338806673884,0.4613247013185173,0.17614704254083335,0.08226353721693158,0.3324046067427844,12.53252858082142
0.3740383971016854,0.09829027741216123,0.9070958665106446,0.6840135578531772,0.1006541179958731,0.4845131244510412,0.41377339721657336,0.51642278698273,0.6081635367590934,0.4591770612169057,12.653064703392504
0.003901965217664838,0.47160307108424604,0.08593756938353181,0.4790956098586321,0.6136463526636362,0.030099993804469705,0.892756276531145,0.8174598994664848,0.6090828096494079,0.1156365666538477,11.814245025578957
0.17960844957269728,0.2927718139253557,0.7655882940161973,0.9776440523564816,0.07089085318148136,0.7640759232454002,0.9256313901860267,0.7939700959250331,0.4123036053497344,0.5492729179095477,12.375678559761143
0.5173299391753972,0.44688506214879453,0.692221679026261,0.7322273305617273,0.8572109236847609,0.2958307226654142,0.6516653331927955,0.2732955359388143,0.3831595473457128,0.9638511454686522,18.01582253981803
0.9879094592761248,0.12322442652657628,0.528397140558809,0.5576608420815319,0.43102124449796975,0.37198997661471367,0.5627369733992964,0.777481283294037,0.7887195013463497,0.18627194850705564,11.41287518188033
0.19988436135463417,0.9612988417502493,0.29825939796864986,0.9893824618775398,0.06243702070787549,0.7347169879358262,0.2870668675750494,0.36431525927037,0.007988811004906893,0.4199810142163187,17.034399997870576
0.5354503260459751,0.4085029975976795,0.5372394938021898,0.4134746086783707,0.736484381603077,0.1679126527160406,0.7608531313017011,0.10095902462489903,0.44171931967139244,0.621369527420029,14.346581282498484
0.7276088355574757,0.8078534035012126,0.6159463841468096,0.5525788317900151,0.06008313945494592,0.8898508176207542,0.5160865478683263,0.9451450002379715,0.36801097192801535,0.5930765490047634,15.534622271761528
0.9525902359746397,0.9493085893336684,0.04257599823176861,0.01386158517561853,0.2999715954065323,0.2861129152588546,0.270170884905383,0.1325386199168861,0.8919155392795801,0.6094220119994134,8.721493312646137
0.12878621695563197,0.1328706587664783,0.008371068397536874,0.19787309295497835,0.523219041293487,0.16398534993641078,0.4590685886796564,0.47972149797715247,0.837964294012636,0.7156882607378066,9.128294383236646
0.9662565686739981,0.06509332126006484,0.43396454863250256,0.059330514166504145,0.7171616952400655,0.2817750677932054,0.3927656579762697,0.6749050689395517,0.9919260602910072,0.2216849559918046,7.11577689639248
0.19243027991615236,0.8318634140305221,0.01096759783104062,0.6761904302984476,0.6998070785775781,0.3082543811760843,0.6540460581891239,0.9002433356363326,0.9831634091679007,0.6379609960131347,19.687062371258413
0.8802212353330106,0.165414628572762,0.06860899459570646,0.7175105805508792,0.7497742860578,0.5383858098648489,0.8214993656147271,0.983652604278177,0.19475585082545877,0.6226241153199226,18.839204500797017
0.585049444809556,0.8995346068404615,0.622253630310297,0.7483797566965222,0.38542770431376994,0.057144304970279336,0.41596959833987057,0.17907950445078313,0.1246650330722332,0.037464890629053116,19.024243300171584
0.23986779316328466,0.48387241223827004,0.27394474716857076,0.9299379931762815,0.15856776712462306,0.18555154302157462,0.7910120263695717,0.5676365694962442,0.6370366949122399,0.05221845582127571,14.512595572874558
0.6578954833094031,0.757503492757678,0.8793420607689768,0.6581365088932216,0.025266858050599694,0.22434928105212748,0.26951591670513153,0.5162956113927066,0.6588290766812861,0.6779730515554547,20.25161205380288
0.7395503171719611,0.15388990053907037,0.18265071813948452,0.8183972332626581,0.11400627647526562,0.3324934470001608,0.08986561326310039,0.43811256205663085,0.7614881878253073,0.4387866531033069,13.594338574728404
0.02248613047413528,0.8036553026176989,0.5432896439451724,0.11489870049990714,0.9310048844199628,0.7659120028838515,0.6172802003566176,0.0452496069483459,0.19305971381254494,0.057736204005777836,6.709018584211867
0.5089663411490619,0.670195788377896,0.6444311414379627,0.4615789765957743,0.6780617979820818,0.4917287905700505,0.24080522824078798,0.6984373291488737,0.33204961754381657,0.8221256183460355,17.315061867408748
0.05389788304455578,0.3021455698180944,0.559882746078074,0.1514982192311436,0.008299337001517415,0.49119308427907526,0.013570003909990191,0.13600943726487458,0.938427594024688,0.4380269483663142,3.073336217793241
0.8683697476517409,0.2836880274116993,0.4170908078085631,0.9859147497918457,0.4893800637219101,0.7140972402412444,0.47053336212411523,0.6243277869652957,0.4822584483772516,0.7295227099675685,19.941511355485012
0.41554931085556746,0.324894264806062,0.965916404267773,0.8182549390476197,0.578546044183895,0.017909967340528965,0.9316657283343375,0.059231851482763886,0.8006772710941732,0.9309112743940204,19.2221885464446
0.8121783097740263,0.5398793707136065,0.366249872604385,0.6024806979112327,0.5452131747733802,0.039985648123547435,0.018416994251310825,0.8874300585594028,0.4133881856687367,0.486375795211643,18.584120077006883
0.1221189524512738,0.34260119148530066,0.3841261009220034,0.20677587250247598,0.5687594853807241,0.6394989402033389,0.10424336162395775,0.7855345054995269,0.22642995952628553,0.9127133246511221,6.2258938782523625
