x0,x1,y
-0.029836883056016117,1.2743967751295955,0
0.7519558664131547,0.13622966725497088,1
1.2603695987923158,-0.044017063911357956,0
2.0256061710511712,0.22459380307576515,1
1.3199650702474943,0.7646192589917172,0
0.4677915450443567,-0.46943866313461935,1
0.05119734649101404,0.8356284084499,0
1.762224159050512,0.09785792616748173,1
0.12213681438472263,1.0095518190796036,0
0.32920416348799997,-0.2415048195011238,1
-0.6052207255846329,0.6394518714216773,0
1.214782369626437,-0.6447179354598849,1
0.26083609854208356,0.7016704246488494,0
2.213278033298315,0.27135236484075,1
0.1389752232278198,1.1962583193435705,0
2.0982247387132698,-0.020731484690268184,1
0.08503717538127398,0.7316376898389663,0
-0.2667170824376496,0.7793684033250918,1
0.9192494898227482,0.739907682045839,0
0.3506941356950812,-0.7392574682195128,1
-0.2733793569144646,1.1899628086341063,0
1.3737161903929183,-0.41169810680031493,1
-0.5968088496486446,0.7271337102917095,0
0.3868057024718819,-0.6961390994528689,1
0.7044571755838972,0.7359074215473549,0
1.5196496394205878,-0.6235859258824239,1
0.6858806112579139,0.7213880756007622,0
0.15599465941999388,0.5074660682221079,1
1.3943002638090025,0.4915025402532368,0
1.4795520510515443,-0.46262177831558204,1
-0.7616599470882509,0.998036471453979,0
-0.12990191480040536,0.32799169754205804,1
1.3495230887265302,0.20981815738521753,0
0.2520611045107072,0.0956406459558809,1
-0.3604005354476637,1.0360029728592768,0
2.1487255313397977,-0.5125978559866509,1
1.2384477787625485,0.29126102784055163,0
0.2912171400721353,-0.21149522521170408,1
-0.5003811380844247,1.2680814381563594,0
0.06518602628785197,-0.4874230318771524,1
-0.9943809161412225,-0.3187926224712946,0
0.9702155639168784,-0.5031233767209998,1
0.37837451388281584,0.7055958324241339,0
1.21115262280013,-0.13852471415918677,1
0.02927649596470274,1.1281476296382789,0
1.9064745499307358,-0.5254766700587994,1
0.06829373298436223,0.8866258136027261,0
1.7680859898287178,-0.7108445911110932,1
-0.8329163208694845,0.3120506690078957,0
1.0842741857517169,-0.2611458618621305,1
0.35816016879226653,1.1539747120524169,0
0.2468578516890683,0.32339552721239617,1
0.41060522181716075,1.1435654065591394,0
0.38335220654509694,-0.441985122537753,1
0.30587873545681477,0.45073033506122373,0
0.6364471877798903,-0.5318908666864036,1
-0.7141392114287053,1.0510001282903878,0
1.047803552012831,-0.5226474863809265,1
-0.22575675772260234,0.5398457786622121,0
1.695562694931857,-0.6087701220925283,1
-0.18310712542669105,0.44048236500053217,0
1.5405641063065798,-0.30742479765343866,1
0.8751307235021497,0.6171715695987647,0
0.4448052009073884,-0.08227455921992216,1
-0.12591711021740298,1.2315746266207168,0
0.7510994782829427,-0.7557038903820292,1
0.13723119924305993,0.3389024035165644,0
0.5792891935098042,-0.9378660524939232,1
0.057015881039940985,1.4552079320896953,0
1.434670746212034,-0.009169484202273204,1
1.1183007391390243,0.12747701725089755,0
0.7198443268120983,-0.1734770625972104,1
0.8235133121589332,0.8202927926967111,0
2.4032134517529165,-0.4821161854530319,1
-0.5714278139838588,1.3721456274803423,0
0.9617758944837688,-0.9694903337678589,1
0.7261939972605549,0.9040550813805666,0
1.914113594684338,0.06719433418279327,1
1.4455843702622149,0.7340808855592242,0
-0.026516988688231477,0.11132001811813641,1
0.47362081664970457,0.6662271345312587,0
0.3226571101484175,0.8014243586633143,1
-0.2596598666322814,0.6314341019408015,0
0.3956385878663006,-0.37464774130491674,1
0.9852568722069575,-0.03534232362223805,0
1.557704415176345,-0.6112979697794498,1
-1.1888757062394397,0.5317058057151254,0
0.3266145736945067,-0.6324310824402977,1
-0.6205444030452762,-0.2169575831993396,0
1.8975366137897287,0.2507980374101658,1
-0.07083698073293687,0.3802947834126623,0
1.8739290828443678,0.3521264284882776,1
-0.5650401702017962,0.5184799301276946,0
0.32644640346187126,-0.4751749598549218,1
-1.3647479683587709,0.6393440806330812,0
0.06444381909598412,0.5631371716040596,1
0.9953111714187644,0.47673377921908117,0
0.2151459480745131,0.31182677418281074,1
-0.879724521774686,0.6712307661054664,0
0.06014883338133048,-0.05221522473770051,1
-0.8483108093520834,0.32722889487049955,0
-0.09738582850968522,0.363393733840523,1
0.08466976439444282,0.5651662117482128,0
0.788645202099714,-0.21886581522304768,1
0.283797958018436,1.2737787330999581,0
0.31561554967903677,-1.04372383969398,1
0.10662432618477857,-0.3203739893108055,0
1.519607763441749,-0.303467884527274,1
-0.6492342077113351,0.5878232489689257,0
0.1635401448547604,0.49869227506499164,1
0.273206357787198,1.005144498275161,0
1.624426578179249,0.8746444230234711,1
0.3660520979881726,0.6595732814723321,0
-0.37352213668110623,-0.19845793538020745,1
-0.009387924838481637,0.9041191232153324,0
1.594382751304355,-0.028963355023888526,1
-0.10082755274668734,1.1369474505636554,0
0.21607212237002427,0.18392064338039263,1
-0.9818022307657133,0.0773401247392754,0
0.4414468288996426,-0.41190714161403047,1
-0.92161254450177,-0.04591301749954557,0
2.1275818675783147,0.003471420785314816,1
0.3854976537503412,0.31239518998739535,0
0.44809599509147935,-0.07958206754176281,1
0.6584372061508468,0.6014181516808761,0
0.4645438041512272,-0.30903104831883194,1
0.7235885208323639,0.7842126490435858,0
0.6457035913394257,-0.3853505118436968,1
-0.3862858953971963,0.7990304860613231,0
1.830667439066354,-0.3087460670408251,1
-0.07960234927180936,0.7803964706034643,0
2.190577373289012,0.6625390767197953,1
-0.6012567063469845,1.0357347342091732,0
1.7607867141187754,0.5019754148699752,1
-0.7958332243368531,0.6561637581157317,0
0.07565787486283716,0.7129761035078941,1
0.28021818259866943,0.5164798344886814,0
1.6263822372874945,-0.5032607026163901,1
0.5059051509786651,0.22603910092724316,0
1.490268341710664,-0.5624873595633959,1
0.427273404832629,0.7668834225317043,0
1.046580549852101,-0.3312109277975932,1
-0.5742210437286009,0.3583027008442011,0
-0.5854554821128967,0.8996860000133288,1
1.1655311668845565,-0.33799192099453546,0
1.404963933678832,-0.1814197191913394,1
0.6177832942231511,0.8353660395067934,0
1.7776371852893518,-0.6225405705519405,1
0.6692172499846086,0.7242253079360595,0
1.6437664937332876,-0.01715180273896571,1
0.6917816940934202,0.9896131345270374,0
1.098375216303275,-0.39397422510960534,1
0.9817253217371643,0.9293640035723606,0
2.2946187655491457,-0.276262791083525,1
0.852942828382883,0.40286624003629967,0
1.5715767814607935,-0.01592944435085246,1
0.48701348020213964,0.7003712805740331,0
1.6352312169402692,0.09266183244716648,1
-0.45947820082723295,1.4005276041015957,0
0.470441215437785,-0.7372668971440669,1
-0.6403280615999829,0.8823563013682182,0
0.3533990020346242,0.6615737134474513,1
0.352719180293495,1.05817280414495,0
2.177879097273281,-0.13400260673726339,1
0.6786981220545931,0.8325532790770251,0
0.6657215697003669,-0.005508484217711884,1
0.1412828551778109,0.9860218307832282,0
0.13738640350574013,-0.24372487118596287,1
0.5604593072255356,0.5740316248220133,0
1.533368258962088,-0.8094580043371904,1
-1.231965368243308,0.4733934407317946,0
2.2220511584975484,0.7186368895717559,1
0.09636827197181906,0.5907273033417895,0
1.0688045893697564,-0.032426719490027955,1
0.8786422091788505,1.0405183430997702,0
1.2007712933566965,-0.7458137444023218,1
0.9617849315510285,0.2922223733117633,0
1.707510604040451,-0.43765253826784234,1
0.4734109556404362,0.41380944550680915,0
0.39614099426210325,-0.36476328633642785,1
-0.22241942746851345,0.5279033105484154,0
0.9034176101900627,-0.08849576238125567,1
0.7943229856295191,0.6335807727650437,0
-0.024895053160263636,-0.4001902586844037,1
-0.23630384414267316,0.45615779859327577,0
1.7085294881222195,-0.18643964436968388,1
1.1844231803455036,0.4592901979151241,0
1.9931199588865738,-0.07943283293866116,1
0.9585201659328324,0.22250666134455274,0
2.4242205913190187,0.5207079157233376,1
0.7842033363716472,0.27137029392952783,0
1.5984355800785985,0.08235013966819205,1
-0.7061878064460003,0.5810576382763426,0
0.5157194557048704,-0.09386601926293014,1
-1.0169117775476577,0.5501657942694066,0
0.6188376503071054,0.006048636266413998,1
-1.1955841081113818,0.824955024121044,0
0.30900016978853695,0.5553140051148922,1
0.2486632377852143,1.0972661845255023,0
0.9497535163088169,-0.6369428345362371,1
0.5741043381070458,0.47989714977695863,0
-0.05727401762023199,-0.48698079514756476,1
-0.16915072782903348,1.4098630781983914,0
2.542280112199311,0.008168982347350362,1
1.3692753125580066,0.32634915060307734,0
0.7730808677272525,-0.358646189065139,1
-0.8256124355767207,0.3699981740837286,0
0.40051021473271725,0.33237869227214434,1
-0.010547488092810392,1.0781747595218025,0
0.14519043938873702,-0.010771186865667179,1
-0.6939664185789893,0.3298333939477718,0
0.39209870773866684,-0.19330695208875392,1
0.26915146963287095,1.426950939970029,0
1.6171279007876032,-0.5048229084600613,1
-0.5486688148664765,1.0314720879146024,0
1.2242858070846072,-0.29261656227974364,1
-1.4129942725978997,0.37276946142347267,0
0.45949149589199756,-0.3731829070058054,1
-0.7230594180094172,0.9716408437276811,0
0.5511637160628352,-0.10173150896716882,1
-0.635192510893965,0.5171783063872599,0
0.11558054708759571,0.04270581770339319,1
-0.7808418699419173,1.3748600568181113,0
0.909764090426676,-0.4943033797371815,1
0.1448450404430761,1.7263774997916455,0
1.8089414659384453,-0.09027492833899205,1
1.1167519827834016,0.8882453097094403,0
2.1296074943145844,-0.008062263852736978,1
-0.14945080972282315,0.9959903681016484,0
2.1239658667270533,0.6065286486437977,1
-0.7944041259828885,1.163173904615158,0
1.8766748756041836,0.7941057843679656,1
0.32380732669468315,1.412443622457018,0
0.4773754969777268,-0.11793675647808205,1
0.3604022018881208,1.364971161349746,0
0.30233936811127604,-0.9031637454885313,1
-0.9313258474448309,-0.014879542496830211,0
0.2905335189325297,-0.4558478610878091,1
-0.44360317854437803,0.0837278955874074,0
1.9180404242340938,-0.04948472852533242,1
0.17761930733260306,0.6381827372482712,0
1.7409583500517756,-0.07354819491032247,1
-0.5227391756449417,0.7697848176640831,0
2.210652211110217,0.2469640567735203,1
0.5438785246771762,0.397606003664259,0
2.029473724027754,-0.22277496351116333,1
0.25959145849962517,0.8229042865149351,0
1.9088668267691233,0.1659158479471695,1
0.414309961179299,1.237787510832574,0
1.322268981553971,-0.3624553289853868,1
0.3199945599160849,1.3220769476609606,0
0.39795758344350407,0.4008837243094817,1
0.20290998776703997,1.1002685938312167,0
-0.001139644010188949,0.22903063444948715,1
-0.8784589718401521,1.342098594950517,0
0.5463153978378064,-0.502488574399748,1
0.8568626596124577,0.7740646282298682,0
2.194166056814969,0.18384064993105875,1
-0.7185927383934255,0.1705839615966099,0
1.6905058657077268,-0.06914009536934596,1
0.9140628277890648,0.8569616222728357,0
0.35333457150273334,-0.0444503632542699,1
-0.9215244723300046,0.23468727039266277,0
1.359453361282237,-0.848915005001208,1
-0.025927036975854106,0.6920325850969281,0
0.8357609797029706,-0.7094889694973645,1
1.7058943258646044,0.4146671729661869,0
1.7174154075455204,-0.5266807329427348,1
1.085522305274445,0.45675706578430486,0
0.44413164141454375,-0.19181143385139812,1
-0.11209363015959789,0.5502404302595759,0
1.09992499346331,-0.20237365116449008,1
-0.05308138947455319,0.89654855555775,0
1.0438739038487133,0.17768658590398212,1
-0.7276369432165816,0.4290281709588032,0
0.9149194424670506,-0.3384471817913506,1
-0.9685937468501475,0.3639412844480566,0
1.5076452933771867,-0.4697406052881049,1
0.12843503434361175,0.5113153801504057,0
1.54888986824104,-0.5099042696693002,1
0.01081776737314781,0.9783025523353183,0
1.2782722090054288,-0.1974059205266325,1
1.1001488774843777,0.2618246415114289,0
1.4968743286502044,-0.0719992419708729,1
-1.0380934033601732,0.8646297017485325,0
0.025264486289304763,0.29456294697578844,1
0.003447698765232654,1.0551822523871666,0
1.9330601612365619,0.35534007769910175,1
0.8937293724836135,0.9085562134323393,0
1.6276548503381756,0.8549347595580551,1
-0.7551593805572211,1.0054330186788594,0
0.054821337275244186,0.3178854701271856,1
1.0874974841722498,-0.47217567460332455,0
1.040398528473217,-0.36727147848784014,1
-0.32581107120665564,0.5242950144656666,0
-0.11469839491274503,0.11907922562545742,1
-0.4044282220982347,1.1546189970302363,0
2.5326868409478838,0.006798291793348732,1
1.279454733069782,0.5465977362469837,0
0.21119269391748932,-0.5896393537110163,1
-0.8747626581254289,0.13385284912226947,0
0.9041615818968425,-0.28603542047657243,1
-0.681788402270682,0.5839237384912529,0
1.1514721163351338,-0.31280274891305904,1
0.944077753025988,0.5849929832781244,0
2.0842459165426193,0.9646569720869955,1
0.9820040071643286,0.7509153574410765,0
0.7431471476537381,-0.2737801840233675,1
-0.7191811166552886,1.1241995753637666,0
0.3483787965719853,-0.27152550535336684,1
-1.5585161934383114,0.3764355591980928,0
1.1963446521146344,-0.8461799743416167,1
-0.6990355504926955,0.6194987879318903,0
0.7874060461791765,-0.23203273476080324,1
-0.4011793893643171,0.5214656289371233,0
1.8032192083170446,-0.2896872006377922,1
-0.5947511826964783,0.8581288304413975,0
1.8205890067166224,-0.16667367144834971,1
-0.33124830265555033,0.9428797330842189,0
1.4094967068258533,-0.4717757482190833,1
0.4188303166305618,1.155959369887893,0
1.7665535525116063,0.05010930612682554,1
-0.6275640508978255,1.2981952947962645,0
0.7546917951989338,-0.45478449072802574,1
0.5711309820495568,1.023268377876211,0
0.940363691759439,-0.6898032825429974,1
-0.5958517444423537,1.080077115678396,0
-0.026010745229807564,-0.0619096049429978,1
-0.6290229354649739,1.1039765927601677,0
1.7739514430460899,-0.6056236270587264,1
0.2981482384134094,0.6700262165935612,0
1.0430631405075952,-0.31316633063659494,1
-0.177836092769962,1.237312016228088,0
0.3261021312301324,-0.22954811956624674,1
0.9883543749046968,0.49396862907912703,0
0.23365253811381193,0.10641962926780463,1
-0.8887397123432406,0.5111750031658627,0
0.9887077818962368,0.12087872637795172,1
1.064063217462726,0.21649499346966067,0
1.6597993995345122,0.40584428225233016,1
-0.5255121047364045,0.9256733515015805,0
0.38247780641879225,0.3660332140894894,1
1.3419562521769683,0.5392181270494101,0
1.5246922766694688,-0.597464509676079,1
0.646678087386983,0.6606624153846823,0
1.2849506536153887,-0.28976314911972,1
0.6889880806994224,0.529756894197848,0
-0.3098509496271139,-0.40064277453567654,1
0.3425142998829746,0.7972921375823891,0
1.7262098147400424,-0.4974385822048928,1
-0.4883804430605029,0.11349876081606845,0
-0.23362522109134148,0.3597544774298706,1
-1.0768252739974316,-0.4495421785618369,0
2.516819947335541,0.3448030614082394,1
-0.3784422632689598,1.3091062958275683,0
2.1796542641939167,-0.22093335302587408,1
-0.813233274339811,1.1569057334998063,0
0.5610111281990222,0.270347532265796,1
0.5708875782155172,0.7834115235083189,0
1.1008387185526731,-0.2650799327445841,1
0.46986459889797144,0.3681973919084756,0
0.3074576196527806,0.049441944696167084,1
-0.6360535101374918,0.9010703618667324,0
2.377988116536401,-0.01880878688091385,1
-0.6714603219665866,0.937263682047267,0
1.6995012977590438,0.6789429801126585,1
0.7392106112372663,0.625387078289016,0
1.6283051162749564,-0.44749212912149994,1
-0.5608038871624349,1.1521478078435317,0
1.545853117998893,-0.3467189157565143,1
1.3570341035111215,0.6649657192607019,0
1.5844591442344136,0.7217035510035718,1
0.2026766684940704,0.4740046124320826,0
0.18490314686588283,-0.09503661200000083,1
0.2248689219647182,0.6464053326891435,0
1.4000442026286537,-0.794843554792648,1
-0.16752045819587935,0.8076879961943383,0
-0.15211697118222622,-0.1654526908295586,1
0.8161999500963759,0.40276587335389646,0
1.6051765671414353,-0.43297802849650135,1
1.003042464510744,0.5424072009841128,0
0.4318011113248789,-0.060092573822905226,1
-0.9920474550293283,0.05530052417757679,0
1.0874890512445923,-0.6061352822467005,1
-0.34877165181126446,1.3713343017745598,0
1.7590127182837934,0.1878240999762411,1
0.5219889541540106,0.5362489727590942,0
0.3414601334121237,0.6158915222135191,1
0.5162126226288812,0.2459329587002828,0
1.4979006659724,-0.22163460835073207,1
-0.20283656761455038,0.5973903652311985,0
0.20817382739536644,0.13138237124874663,1
0.2626332503356504,0.5924098712434334,0
1.9332615364734411,0.834133885585935,1
0.8904468894388137,0.28865102748014715,0
1.911368362779517,-0.3709545372837044,1
-0.929408184842913,-0.1684045696909126,0
2.1561655633772796,-0.1720660586975592,1
0.12219501577736427,1.3672508373634291,0
1.912010471597544,0.3664629187256391,1
-1.1750759161680513,0.26823900364997755,0
1.0251929834097644,-0.9614797113016151,1
-0.05948395241537524,0.6105288633993977,0
1.9104851542021168,-0.6698270665522059,1
-0.16172870854485977,0.5166285283143921,0
1.4342831373446459,-0.35099723254072823,1
-1.426742716616959,0.16806805216483253,0
0.29881326861974306,0.8413082034098351,1
0.9975940560194534,-0.1821521205432103,0
-0.011335912209894633,-0.5257613036297437,1
0.8994586564289817,0.6428743083911531,0
0.874522234684682,-0.012795792399759254,1
-0.3412638473422805,1.1857585155658183,0
1.1187841720710687,-0.3828591819205617,1
0.8826523506258331,0.5701776532102637,0
0.26708886163238243,-0.03178438653315369,1
-1.1408052485810958,0.3119450189437447,0
0.9317653542977311,-0.5467775270728639,1
1.2978369850910585,0.41811926832921315,0
0.8089916183577475,-0.6671245473038853,1
0.9887176176642641,-0.1958599701747495,0
-0.3500141130008323,0.293768794125199,1
-0.8999891821326231,-0.12654840528029082,0
1.8514024763760464,0.09013849145433053,1
-1.2402549394896798,0.4710093426718583,0
1.0897982826306294,-0.5281459415714536,1
0.6813712331068799,1.3780449226853366,0
1.1211421388544052,-0.5089161621845195,1
0.11916456720266172,0.856339658850268,0
1.0732748196697472,-0.4584378324465344,1
-0.052369731301062414,0.943051724216049,0
0.4539401829442311,0.0015660673486759258,1
-0.6950552353275161,0.2991552330677675,0
-0.16663105266542683,0.3013267226551656,1
1.1990460885171441,0.34610266921900945,0
0.5060368196205025,0.2955860155122405,1
0.955113964029612,0.2557799410370116,0
-0.035814563619295,-0.3392540134795985,1
-0.7794106944191166,0.7967102980731577,0
1.1168443087820241,0.12465997304368787,1
0.5531886505219614,0.7372918072758787,0
0.04449126542825914,0.47603148563926734,1
-0.5833607744327756,0.7202974386457003,0
0.20639259391840437,-0.328341519309438,1
0.2682177225156274,0.37987421238604047,0
1.2208287943510534,-0.4944572165486833,1
1.2528108842455667,0.29548311287983464,0
2.1724622902284305,0.06704594979536391,1
1.0874390021131877,0.6367818465074977,0
1.622333093873392,-0.05409768049731706,1
0.3881024179699615,0.6342651634403305,0
0.21801141874641197,0.2180593288217746,1
-0.6597499766818411,0.4787941942708313,0
1.0243405845311062,-0.5815240214870224,1
-0.6890240241908775,0.6144259445069665,0
1.1048621818811493,-0.44609961100447826,1
-1.4197157150036133,0.798934719624859,0
1.1548349806114235,-0.7613447089497483,1
1.3069469693985356,0.4796352949664038,0
1.3817753335127543,-0.6651469050139758,1
0.8185777027349475,0.23609793013703204,0
0.7299865789464212,-0.40522770224175997,1
-0.2021843708816169,1.0645477267392234,0
0.38393147807674743,-0.6031974512931004,1
1.4479175589673972,1.1599775278645947,0
0.57707679893856,-0.9833278846709739,1
-0.9343377783461053,-0.32321380959500046,0
-0.24619406536428695,0.2922045911117182,1
-1.458160798603569,0.2480151739591075,0
0.06628549196496974,0.1238154124594403,1
0.3979137615957893,1.133226527043466,0
1.5859912498287978,0.014933033039545629,1
0.13228245060901928,1.006215913076626,0
0.7695477664893975,-0.644621425393909,1
0.286915269815303,0.43552055114363764,0
1.8555961328135462,0.35842995360039953,1
-0.2983373036288919,0.8506450333098868,0
0.12816071660062356,-0.25452075011045017,1
0.12469391276645259,0.6411233469491078,0
1.538475912293616,-0.13773531473929007,1
-0.997963190310463,0.08535403727611136,0
1.1435535599911888,-0.580031287940536,1
0.8240893425131424,0.6142958588346791,0
2.1626116350347564,-0.19862067500041672,1
0.39197448768773224,1.2324672596346546,0
1.9844900882101297,0.1784863045458967,1
-0.8680788010580949,-0.23299340249870543,0
1.3549608167723277,-0.7971782884759269,1
-0.2939642479639456,1.2708818628763865,0
2.2462302236833347,0.033364540159950454,1
0.262308675666325,0.655615075378216,0
0.0014875054265287638,0.15151951090635452,1
0.9549648574920113,0.2532481484665688,0
0.2174417110083004,-0.38757426872030054,1
-0.3217946833376144,0.9246126635587527,0
1.9109064099164328,-0.0705990887433677,1
-0.2787758755646236,0.9370972064571983,0
0.9322790024650908,-0.1717316933006659,1
-1.5147459090788682,0.4765185366971807,0
0.4056137045562444,-0.17758426868149255,1
-0.2312234609265732,0.7913555293419229,0
0.49730489603086736,-0.4881227891299798,1
0.9399812263472308,0.1328379571128666,0
2.072880015228877,-0.4018407773306579,1
-0.7454850129665573,0.5781988580131621,0
2.089959426712932,0.7087367521817445,1
-0.03125128117321474,1.2356059984697563,0
1.3171140103838086,-0.24040296395816446,1
1.0802271134699466,0.9998173754759634,0
0.42726398380655395,-0.357492857723878,1
-1.3540388745222516,0.9958257946034152,0
1.6239360689075801,-0.16868448238206177,1
-0.9392370647683873,0.5661550212194015,0
0.034820194426795736,-0.5758659271628509,1
0.5246096424736069,0.8715190930643942,0
1.814245325611445,-0.3484954904554409,1
-0.7574955187906851,0.7883479982985242,0
0.9353891938450734,-0.2815985420149052,1
-1.2335220711493748,0.2494221608408289,0
0.1835152127502078,0.40927873560371975,1
-0.7251922092304178,1.2318818215170502,0
1.5734100824879595,0.5734880201069259,1
1.6327410337309423,-0.02541262622851656,0
1.2136967503903007,0.051152377324125864,1
0.6361212743249742,0.8847867710212323,0
0.21051703679473704,0.08827517700266385,1
0.6223153866491413,0.39032597148650605,0
1.9754809853389967,0.3021948082992547,1
0.9511094982227424,-0.22567163494724268,0
0.16606477143167497,-0.31928458412683003,1
-1.0294102500283948,0.41744529756173426,0
2.253961211427505,0.860284274459424,1
-1.0292771445086741,0.3832170659293755,0
-0.09231871160367539,-0.5153775341769846,1
0.8671322899308652,0.9504690232145349,0
1.8049166171316637,0.08263814520469442,1
-0.3715052816517511,1.104545336676578,0
-0.32138899310082253,0.04035115697268027,1
0.3269333179460297,1.1956789089856805,0
-0.11470112198316307,-0.05953649993493984,1
0.8161908648698799,0.8695397611577604,0
1.2074797677686082,0.41415689561692864,1
0.6083801533286531,1.1135361880222503,0
0.008312160565590518,0.7159468585121957,1
0.49477191710806795,0.7713917527371169,0
0.4298258758592742,-0.17346500081907112,1
0.3710492777690699,0.8298357485651344,0
0.04515940919828125,0.03037370282123472,1
1.0002050216732299,0.8860972980854817,0
-0.12206088388717745,0.5651014250534365,1
-1.2084711719547898,-0.1868999885558496,0
2.4626564311512755,0.7088448403468242,1
-1.296339158387324,0.29167668086039833,0
1.1356334257727099,-0.14729254808739883,1
-0.658828228787595,0.36281299347654294,0
1.4202742177559635,-0.5631355765742381,1
-0.11805359807681179,0.6668137005949631,0
0.7560874494535799,-0.5917065383786835,1
0.6298045113227141,1.1562083625503232,0
1.0581562034439487,-0.16351330217686422,1
0.34042271016492176,1.1480133762980163,0
-0.2995860777776994,0.07999107945421785,1
-0.5768595158522796,0.5791255083832817,0
1.262551788375253,-0.2216137056904084,1
-0.9391142879111628,-0.11034529712715002,0
-0.362050777594386,-0.535716414300712,1
-0.7716626772950613,0.1799684520699597,0
0.640068979744113,0.2688129723426109,1
-0.6053828824929179,1.0576232551588245,0
1.5493524275837114,0.18617788940931468,1
1.078378954481907,0.4476559581466938,0
1.6275610710433048,-0.07485258141510151,1
-0.6180100014286206,0.561004625579567,0
-0.18939872186373213,-0.2751147535211955,1
0.21346810919266576,0.6613403359191767,0
0.03242346377344804,0.5471388197768688,1
-0.3323875255324526,0.9818569214892733,0
1.6316239788156859,-0.5048494672337345,1
-1.3991559214060716,-0.5335578030823309,0
1.1201742738972045,-0.6299734922591589,1
1.274706188665657,0.5244473756150165,0
1.1335331678596325,-0.33194780257086376,1
0.2744069378341155,0.8582811548257121,0
1.774578228638958,0.16793739010411535,1
-0.021121563321936765,0.655734833979484,0
2.6080338992036993,0.5998707450554579,1
0.9950803502797209,0.06525373101996117,0
1.1775970383248324,0.11084506107540348,1
-0.8496542138456722,0.5589428477617138,0
1.7773583897641876,0.16741793840534208,1
0.920410579244758,0.3534060101258449,0
-0.010607443330006794,-0.26510433085127905,1
-0.611653405445177,0.47454405418991624,0
0.5821986830871606,-0.20911668591210972,1
-1.1404074124353887,0.2673223156208558,0
1.4469785791953382,-0.3947434277737425,1
-0.955069708542245,1.2132221159453445,0
0.5244667703303266,-0.5281445606411566,1
0.22801738889684856,0.8257844362293709,0
0.5239976304014847,0.07150720651179487,1
-1.3105642706589602,0.14882721907293553,0
2.041577346258059,-0.7711850751095152,1
0.33581447934564146,0.5475092297701308,0
1.088624846826227,-0.37144515193863725,1
0.878348305159045,0.36626311872331596,0
1.3921701336645531,-0.34664567342053204,1
-0.8768941653461624,1.5402222970021047,0
1.4973399030224912,0.7483096038805483,1
-0.977265424116843,0.43718103429851884,0
0.12582800092801877,0.46242122578726796,1
0.9521386421151764,0.22758020620035863,0
1.7808466436441623,-0.08678454070476928,1
-0.6547358436386659,1.0092178059847567,0
1.9768114506814407,0.8103926146526369,1
-0.6176885082140837,0.724241148840517,0
-0.12071749800399312,-0.13979772928946194,1
0.4744859617177931,1.4782485588154075,0
-0.41511749621692395,0.45966839875721266,1
-0.808224912641994,0.6921707104310078,0
1.267005453443049,-0.45864423153631667,1
0.3151414865319237,0.7900466631795006,0
0.5221327335213628,0.02802389439056277,1
-0.01650019675709391,0.8023455241551858,0
0.42554367745187577,0.14507241167599516,1
0.4239925006981839,0.9271356796084032,0
1.9855510353016397,-0.4817873796874228,1
-0.2654984840801689,1.1221844315687943,0
2.1344549285594594,0.030803783731050638,1
-0.9311838141329789,1.3557166016213245,0
0.5945155756138212,-0.2473475609488268,1
-0.26866925540311903,0.7606848821397805,0
0.3292179781677635,-0.15740158471136256,1
-0.09255618574192882,1.2674018288331386,0
0.5662207245674054,-0.27864984312726204,1
1.1534395810548765,0.13664273644661207,0
1.5919217882218766,0.013807164165095448,1
-0.006230628134597405,1.1321345611615463,0
1.8674094336950882,-1.1402694906767854,1
0.9965813961172105,1.0721981557515436,0
0.10183204894036978,0.06301916097744101,1
-0.9903803987643258,0.5593371415129234,0
1.374250196015478,0.13911875558572492,1
0.3876245983718436,0.9638368987969191,0
0.644326805126862,-0.22946595596847835,1
-1.1558896992482832,0.4344414748302014,0
0.10560127072902761,-0.20445098044452534,1
-0.30724938008063035,1.1143363232396393,0
1.1029610936265575,0.24428277110720362,1
-1.217176629263044,-0.14304898099223098,0
2.239005502220715,0.26677383204028343,1
0.992187263393913,0.6473714497524585,0
1.300209187988281,-0.291424018166138,1
1.188718158194233,-0.08436327901186705,0
1.2629155968754704,-0.9549989971480816,1
0.7724419911383893,0.6343587686130905,0
0.9899572266553884,-0.7620441555227206,1
0.20678511414244677,1.2111173917319698,0
1.533389203721029,-0.20934701280379484,1
-0.28714890082738287,0.41045830693180574,0
-0.13937049618393132,0.02558463807329664,1
0.841158068943327,0.8152473896893658,0
-0.2466137052505748,0.18477796450609865,1
-0.9080518331520526,0.6849997861258069,0
-0.3851109402830398,0.5318520595079929,1
0.3212501523673614,0.846859932958818,0
1.2934452070128772,-0.3757877090368705,1
1.5123220458845417,0.5507232039278014,0
1.8133626202549964,0.8398426962354532,1
-0.6463233793255388,1.0790001883816729,0
1.6279293151597287,-0.41107295545705036,1
-0.8307742109911577,1.2071046996799482,0
-0.18864827761354108,-0.6209973818765927,1
-0.15503803957134085,1.2101279664547122,0
0.2817387088327115,0.48793994501313054,1
-0.6280909401016367,0.8567829090735548,0
1.3441682816606035,0.24678388212301314,1
-1.19586697820534,0.8498171911296779,0
1.4062811947654525,0.2476982395548779,1
0.6121301700263322,0.8154879313347302,0
2.105842301193892,0.40962480800020673,1
-0.8301025845484753,0.711233457698662,0
0.8412810680339369,-0.6862492160618129,1
1.0507195935133256,0.8137800025951514,0
1.0908255219448113,-0.43514626373321874,1
0.889386511378151,0.7693320593644255,0
1.2917848421999572,-0.3893852131601527,1
0.140163594258793,0.7487877871715158,0
0.4576326698971193,-0.31214720384997846,1
0.8760881946682001,0.015330695622722879,0
2.3590800252606536,0.5643375974154602,1
-0.9196809930555285,0.6575396519486144,0
2.4986788735329557,0.21310408187071395,1
-1.403758530814521,0.5955389843805553,0
1.14139247206309,-0.4134286718876892,1
-0.8117596020610209,0.9466601407144527,0
0.9837693794278259,-0.47402409002436874,1
0.7593254871057588,0.7907507407161171,0
0.11271870625510484,0.14842244022083761,1
0.04333759744184244,1.111513328215771,0
1.4409449288841976,-0.6365970681612938,1
-0.3238364367752467,0.21328736116644142,0
1.6421299612693996,0.5201428982824927,1
-0.5387921588659491,0.8943960291864097,0
0.4956976140876841,-0.056502498720276795,1
-0.5984725519157338,0.593144658639464,0
0.8376637177121276,-0.4959952475673587,1
-0.01266230907906063,1.5559952922869988,0
-0.10266806611788548,0.21451373686702344,1
-0.008701552081328057,0.7351517509288159,0
0.5157895773029213,-0.26409022939764404,1
0.8160788192354181,0.10201241830961305,0
2.034629097768525,0.3617280248364238,1
-0.1129207626979657,1.7791117367636118,0
1.3053609098599015,0.15955850443380348,1
0.38962800755392774,0.636333368255372,0
0.5167022917355683,-0.16732296668002017,1
-1.6120655544843814,0.8024090512507575,0
0.7961491089357589,-0.42782985497189174,1
-0.7295817738442534,0.3368330941764251,0
-0.5688272814981737,0.3243005570893881,1
0.5953321268159729,0.9675990571875628,0
-0.1873599847402107,0.10365962476437127,1
-0.9847997686993146,0.13182875982368378,0
1.6614824916820263,0.5450522248173186,1
-1.6359449997560362,0.6839496290129103,0
0.5591471468283111,-0.4467151316401044,1
-1.0090903973009153,0.27207628277049845,0
1.491275962698138,-0.0841325932833612,1
1.03838256050516,-0.19611926051348993,0
2.2743790709299936,0.16305898696962315,1
1.0721847367424522,-0.5302636070031856,0
0.535681385829333,0.014367334571541102,1
1.1222549593590705,0.44095298056536447,0
2.099907184615501,0.19248742239255467,1
-0.3857920489662431,0.7318798970424597,0
1.4670583409659517,-0.16404262455941465,1
0.9459173085963235,-0.5952934869557188,0
2.387500761698084,-0.15398043497252967,1
-1.1476101683284823,0.3670198144659319,0
1.7372879820367182,0.9741411685156874,1
-0.5227589258321895,1.3825343753383668,0
1.8259015371979428,-0.15307334686999113,1
0.9564945507015411,0.007497247597707646,0
0.8262558596092632,-0.0326135122273703,1
0.6048885624774794,0.2914549946139643,0
0.48314885038114797,-1.01014146112155,1
-0.619435030059802,0.21752411043087233,0
0.13316936357025433,0.24574457138695635,1
1.3048674550649122,0.2705657170962704,0
1.602117633191584,0.05914767583719266,1
0.7383604033244121,0.630926824662256,0
0.8430374137019236,-0.12383228732684842,1
-0.12427305646636161,0.15449696281065572,0
1.6871654125300712,0.014246604213574002,1
0.13423567089191057,-0.3124612853679986,0
1.0008341860189636,-0.05192572629165466,1
-1.0576381622446958,0.5409291067525178,0
1.3139495064633362,-0.2799075337877238,1
-0.611229020016589,1.0513526820725216,0
0.9195192019480944,-0.8093448096101432,1
1.1034754915051193,0.670749861689037,0
0.3228988186875748,0.05797646351902269,1
0.7636547038771841,-0.0644399467802908,0
0.9977869977691718,-0.5390262654244674,1
-1.1189220146155723,-0.199844821005435,0
0.89351697049004,-0.3034691716476319,1
-0.6151196318569665,0.5417902431904743,0
1.6074187871285568,-0.03100551600992202,1
0.8982434828070329,1.1096621476493913,0
0.3105070374475228,-0.5107858715660989,1
0.4148585045443276,1.1129539186147228,0
0.9808090753061761,-0.8331039133908764,1
1.1165232544565658,0.5564959418489317,0
0.3637773051547623,-0.13616691140253,1
0.038128904018328136,0.7257837646554417,0
0.43942878265145097,0.27464860701152544,1
0.7055232582347728,0.15658015302068862,0
0.4456915454821606,0.12193204175845906,1
0.5147570027817399,0.5357880207062427,0
0.3548111447083145,-0.6179470898176981,1
-0.13908134456997767,1.0080561624497613,0
1.021944184454299,-0.7511949157988137,1
-0.46186159079522365,0.4790715225520263,0
0.06320148668712477,-0.20128191441088777,1
1.2464881832289292,0.6819732142495833,0
0.6510352120749809,0.2554498833379366,1
-1.1408282456836727,0.5845416855479323,0
1.8276107717902985,-0.19909712534209384,1
-0.36933388650651267,0.48297193854765,0
1.64792528732161,-0.37626906677650124,1
0.1831931491694443,1.251759115719653,0
1.1956600345572208,-0.4619565603213195,1
-0.1722264593917313,1.2694987885732445,0
-0.34318028001626755,0.2717824246791578,1
1.2850677649560296,0.45719086444490853,0
0.9130997390633595,-0.6963739726062702,1
-0.6946927719567931,1.2828487052230513,0
0.9124664397424427,-0.7418730463597635,1
-1.0069983819448558,0.250631917783763,0
1.7904140558464214,-0.2145807514650539,1
0.24562262201110055,0.9717063405766383,0
0.6199114168979798,-0.4374782047797453,1
-0.21813688009520482,0.6139220638869938,0
0.11093400907604234,0.1274836098344845,1
0.48858415007988676,0.4739187765187075,0
1.7114096477870322,0.008931309796657128,1
0.6778136945957688,0.5622725205141146,0
-0.38914399418082146,-0.30976430255717524,1
-1.1213364312033436,0.3550032497427918,0
2.4144902354395494,0.0916593304731981,1
-0.3304637993976175,0.41508694525222983,0
0.5556448019086375,0.9890519208551387,1
0.7148788358934045,1.15918506093384,0
0.7236253944571229,-0.536336317992091,1
0.2919218625451137,1.0058331064479002,0
0.5988059872647733,-0.5433677418814824,1
-0.5065377769275372,0.6936043958092346,0
-0.15919766163229834,0.14370927871248862,1
0.9235073693857712,0.23617349275907146,0
1.2833082575259884,-0.036404432524176245,1
-0.19668541211611149,0.877002145709056,0
1.6846684554679616,0.08637275651591864,1
-0.5152241982143926,0.8903581377152652,0
-0.23387768257202707,-0.0014263362542509261,1
1.1545744165198557,-0.2273357023264806,0
0.9197341137942497,-0.40657423415115307,1
-1.389286667555934,0.5303438190849836,0
-0.2111918349139033,-0.23974618280541293,1
0.9895924787100492,0.15668457307610667,0
1.3226447942825508,-0.6037277326567082,1
-0.7948744115036716,0.4422182563655374,0
0.9035904818235818,-0.33424383626762355,1
-0.5982626094512341,-0.03129006378722547,0
1.0223126702360632,-0.9114548114868748,1
-1.1937794259871293,0.056799926186467065,0
1.5846941035858393,-0.2413030999808667,1
0.07215584750801346,1.1593610708844255,0
2.245615033998499,0.15199476220403246,1
-0.05164474623802734,0.7865175370272979,0
2.1871113604922283,0.5576921142879367,1
-0.2284069397772523,0.6521562910044425,0
1.6844682649037226,-0.17522962711548365,1
-0.88270009998797,1.0998697087206875,0
1.5815430489488262,-0.2891327634235342,1
-0.6050393133949762,1.3420147069679298,0
1.6970955093125377,0.17186862542449688,1
1.0998195597849336,0.19696480049006004,0
0.2582907588236836,-0.13164158663869951,1
-1.4057197001446067,0.9094638371516472,0
0.4529093943477925,-0.33749333162376566,1
0.26763279741535356,1.0256150318392614,0
1.9424571306673628,-0.47562932262546936,1
-1.0369106717207421,0.013982534576230499,0
1.8918003267625654,-0.08402623952743432,1
1.1070205478892121,0.27667622369260547,0
2.002030477360223,-0.28726303664465325,1
-0.7735472694409036,0.3619842059376481,0
2.5526909018111583,-0.04943935994977855,1
0.2396067942983331,0.7566814689003543,0
0.06661738826856467,-0.7623921556830434,1
-0.9098442400690674,0.5777091363951836,0
-0.15316330699032987,0.041205314540087384,1
-0.5970388358351492,0.6838921246436864,0
1.9615887235837728,1.0010254947660642,1
-0.3942463931771284,0.6645939280274937,0
1.1476864008964747,-0.5365705360178512,1
0.34538901151713947,1.6284207559415376,0
1.3345976111806646,-0.8636221123729286,1
1.7461614859330452,0.2207231014312668,0
0.855044298369948,-0.14059153355709586,1
-0.06563804992769301,0.7816597849065632,0
1.913893137603367,-0.04652541893536491,1
0.7445499206570902,0.5252895650233048,0
1.9402569446997115,-0.6634139200049758,1
-0.5346414398871017,0.7743535450408441,0
1.795794777115703,0.8033151479042546,1
-1.159681399207577,0.510705456095323,0
1.407509517837543,-0.494758522599756,1
0.6379134882612998,-0.2778542506334874,0
0.4425967608527865,-0.7474819870883604,1
-0.05084522651549628,0.5697948082325334,0
0.22245147795355644,0.521866734550993,1
0.009743370541298924,0.9473841149675113,0
1.7965067732282058,1.189897213454671,1
0.222155689955551,0.8594425625010506,0
-0.027432296330054756,-0.5955385840721134,1
0.8124128359390137,0.37689389554173724,0
2.144142723139601,0.38851223368720644,1
-0.08546762501442978,0.8232502244613167,0
1.4738381455588156,0.010269578026108783,1
-0.6927526045875583,0.26034361226149616,0
0.23157083293494635,0.2640562620164391,1
0.70116120394489,0.5037688106423638,0
1.7941963343101446,0.5382815344013977,1
1.1040424857956324,0.819634517609932,0
0.8633790371320639,-0.39587514725385026,1
-0.9964509521624878,0.19158641256414943,0
1.9099643237085409,1.234819391069212,1
-0.7498865814233913,0.4503610150727094,0
1.2215459582817636,-0.5123869770712359,1
-0.4626425914300485,1.581449038929847,0
1.1065093421989556,-0.358799948724975,1
0.923785309872831,0.9554995054903903,0
1.827754792883877,0.20258642274033625,1
-1.001193219361545,-0.08765797573820525,0
1.4503692974392417,-0.13438790126423683,1
-1.097170227331369,0.38513484407207665,0
2.2637836242020137,0.33808433697813384,1
1.2106756232163922,0.16133131528433556,0
0.9039540082092923,-0.24223558431488676,1
-0.6972293401685533,0.5176130424588097,0
0.517427913137567,-0.5334633352255828,1
0.7786193950479106,0.7604281442639642,0
1.2654259097384735,-0.4319656985282841,1
-0.14997840850799937,0.581077031506943,0
-0.0060612445624541045,-0.5283801898673717,1
0.6178453026668944,0.7941390925197197,0
-0.11302424120115248,0.13372697754478707,1
-0.6307712230211806,1.0569742182608906,0
0.6484076540745948,-0.20601265758948872,1
-0.9971338465876596,0.2112617778464747,0
1.6403251801378411,0.27341199079476697,1
0.17256311483736642,0.525795111677363,0
1.3579324946371845,0.5698438006607871,1
-0.4066984783943065,1.0617826101716712,0
0.05793858809956627,-0.0044549642864026295,1
-0.2562345110578427,0.47606530451913914,0
-0.15507141435520894,-0.1627604296375938,1
0.16719323428539618,1.3634648772205236,0
1.7309669596023374,0.472833013838868,1
-0.7166985168972656,0.5649305830748584,0
1.3335099508343422,-0.2201038511244614,1
1.09380461210563,-0.24795797999497812,0
-0.12104106025435302,0.09565362882253463,1
1.0417300909412226,0.33452730310272694,0
0.6426610148082705,-0.6380686397919682,1
0.5254447107208778,1.365254245025521,0
0.339630811700162,-0.6719452534798536,1
-0.4530380500206097,-0.2126483328151959,0
0.042254642585794144,-0.1300525216426303,1
-0.38370562398312014,1.2065385751325648,0
0.4995730202137685,-0.32370987192492046,1
0.495279213629891,1.2032946869284982,0
0.01984906254836455,0.0831475423881253,1
1.098128601845798,0.3875413020141287,0
0.94332310344622,-0.3664960539956807,1
-0.2908417610604731,1.1686721544685674,0
1.5277539573623817,-0.3147483738936868,1
-0.032434048253293685,1.150296851659142,0
0.013559333678342556,-0.35592315731244767,1
-0.3609649352679477,1.1555906140498986,0
0.7777111168122672,-0.13431856681282928,1
-0.9124155580204115,0.3631649806831644,0
1.9127971063644527,-0.4972532500481929,1
-0.589711522154459,0.4014121347647369,0
-0.3018610838869454,0.21172584679003062,1
-1.1363769739168412,0.253956838864946,0
0.2126306694434548,0.2615837649755245,1
-1.367003386800718,0.7915373817420251,0
2.069533635074407,0.4640755435582918,1
0.3086024379513819,0.7893680348593444,0
0.3521358929370517,0.050483184964575725,1
0.8079086180184923,0.6863641871585848,0
1.2632390100425988,0.30921247296158116,1
-0.4087391581981169,0.78291609077563,0
0.0027351524510033365,0.035001562596739505,1
-0.8298423312078442,0.8874814901280934,0
1.454340816642355,-0.5184801293107129,1
-0.4538856193996664,0.9203083393968902,0
2.0565518818999307,0.03793500478506786,1
0.4572039420611992,0.7542936194252555,0
-0.10363190063980632,-0.12592445889829426,1
0.42215847492553427,1.0497397900278436,0
0.30686476067506696,-0.22246726799514946,1
0.8888338597650918,0.8645258318089263,0
1.4730065492560165,-0.40688147410217157,1
1.4510563352857675,0.21297578873162612,0
0.5652708660504555,-0.7627424460707783,1
0.24334028110040412,0.8583498836837875,0
0.6046730350630619,-0.07197321761884035,1
-0.9707637486269699,1.1254057428816324,0
0.6263713239844587,-0.8366607687312964,1
0.9609329973760814,1.2031566610345705,0
0.40482958931956303,-0.08314598785157445,1
-0.11814940407200243,1.422747811439094,0
0.2038041065159671,-0.10803708046061256,1
-1.039380176102391,0.8343126665615233,0
1.1015685097044805,-0.1845454239223131,1
-0.554343933979746,0.6526882762221422,0
1.9422782102590432,0.171877988773183,1
-0.9545617958409658,0.9805994874013642,0
1.2428505206080889,-0.40146509354075444,1
-0.49858529165939913,1.5265621988333753,0
0.09640914096692174,-0.061310679055987166,1
0.13764403259519964,1.2480497993781912,0
0.8400485437542016,-1.099743797078906,1
-0.5056212239974774,0.8837907832797715,0
1.9737490981186083,-0.0969963442043339,1
0.6419170125928824,0.7353336725709838,0
0.7778997121190874,-0.8636130259818493,1
0.2406697449874936,0.3663514875506218,0
2.016954308274651,-0.19087030527522592,1
-0.6734239515827308,0.6195625256255839,0
1.6535110814392724,0.3120008454637604,1
1.1567617338550833,0.06627259759276255,0
1.439052138762236,0.13633332485987304,1
-0.1384135866395069,0.9480906911531843,0
1.0506090291951735,-0.4736869081736817,1
-1.0759884573940777,0.09553536652253705,0
1.0991553839717045,-0.48471952023874615,1
1.5671950701467825,-0.23983397776594878,0
2.5060385454921366,-0.06714079844772619,1
0.9822060452254292,0.5636597633038336,0
1.4988857501535908,-0.686836461958435,1
0.9487626762961712,-0.22297432242796222,0
0.346935560129556,0.40723186252861004,1
-1.2090671172024203,0.44692208090646673,0
1.9617489292557146,0.9014632184745264,1
-0.42502438151032174,1.1309288156577706,0
-0.22927182805370833,0.36614359686584896,1
1.03283036717709,0.6763100149062755,0
0.029175822620174936,0.3712085242312248,1
0.14948997870627956,1.0811757842241108,0
-0.0751565021595264,-0.0843480228535365,1
-0.5782516126448735,0.32571160570602287,0
-0.024234877331894042,-0.07327830121604656,1
0.3333579340658288,0.5244215491391878,0
0.002525582884152666,-0.6963419808050292,1
1.1379998740697315,1.0034483861295667,0
1.5491866224996516,-0.49278710586278646,1
0.8093001033371439,0.1808468306431809,0
0.4367235419061237,0.18807484233564753,1
-0.9492473609848463,0.7223213245185924,0
1.1350703131730664,-0.5579896087463638,1
0.7094131129242227,0.31532057844944955,0
0.14877584904187857,-0.12003043484186532,1
0.7048520307769388,0.7874738700667384,0
1.6947183604314993,-0.48243534583628833,1
0.7460417652779338,0.9672417972599271,0
0.5242879917534133,-0.056192849634713604,1
-0.951476951958954,0.5126753214815726,0
1.4321624443529517,-0.6583039192323552,1
1.2457345530289872,1.4610036424244452,0
1.7706604185376427,-0.20290440616034675,1
-0.7152826544986974,0.9236710243067329,0
-0.31384855585936544,-0.19474794692069988,1
-0.9036600846596355,-0.038315194991005774,0
0.4115219095996052,-0.20380810442078515,1
0.14068372900919016,0.42030915742054487,0
0.4212138914146304,-0.4579757826724699,1
-1.1259851860249521,0.4083454156639131,0
1.1771654216636134,-0.5909300793880676,1
0.7783793549472683,0.1682357074552333,0
1.7582122577668808,0.0794754354584693,1
1.06951728947589,0.25324356976511603,0
1.8290145957306676,-0.0653086958293366,1
-0.6387765497088977,1.3636719790014893,0
2.096091911421612,0.04154573337838896,1
0.4262855776322487,-0.15545270816522172,0
0.0019650232029612483,0.4724520144375849,1
-0.7299152058616989,0.532169023193054,0
1.5545120309903497,0.06073979566024637,1
0.903799889559972,0.5377898797008683,0
0.08235300394087613,0.36133166831621966,1
-0.6417729867088766,1.1223805452936675,0
0.27967523331649347,-0.23147139556230323,1
0.46816620787642443,0.3273776859764698,0
0.821303440685202,-0.4444780654102736,1
0.3918042028514207,0.6063360133853579,0
0.32608960211085847,-0.19914438960549333,1
-1.4572054225797486,0.25161119599427095,0
1.5718956430398157,0.1699183519538055,1
1.1104662673416612,0.8296226493097788,0
1.4245805687765747,-0.6561969728089287,1
-0.5351805296550886,1.710369307959616,0
0.578377565880079,-0.3149270310847845,1
-1.3986661646008431,0.16540181538730037,0
2.0196575191657535,0.17260682476028208,1
-0.4702266854219963,0.046953046639444246,0
0.917514615985795,-0.6647539457348817,1
0.15421061510633188,1.4396084748156737,0
1.665106995463571,-0.32296815641247806,1
0.40995099806883495,1.076518467234847,0
1.220643158282679,-0.5729580100923088,1
-0.9365129469719089,0.9115377070245123,0
1.0880755656376337,0.2194169211624376,1
0.5957583086169367,0.6646966381605082,0
1.0708648739607733,-0.3481334623758799,1
1.2187963948449578,0.4149882272054365,0
1.4659319586704984,0.5736096269286958,1
0.743937772286708,0.36730835753351554,0
1.363493500058552,0.5543543092971477,1
-1.1287556669237955,0.09408370641758493,0
1.5444027167947252,-0.5044085343099308,1
0.617723155236696,1.3530454126280236,0
-0.31754401931657256,0.1053100621082112,1
-0.5084078753214737,0.6329886832593286,0
0.04876731585798827,0.5517446178277523,1
0.8245269710509207,0.15431471267266958,0
0.2570367637057265,-0.33637292821871156,1
-0.9391686560120769,0.2523217757253746,0
0.6906652318628791,-0.8436285662424708,1
0.5603420045085711,0.5852163960229905,0
0.1026269616241914,0.13799912638184958,1
-0.6294147407513255,0.30445568289811165,0
2.001603404052686,0.09593735978785535,1
0.21554402279835616,1.185377344176745,0
1.4063936792719272,0.42184255686864214,1
0.040634220773699214,1.221462571290922,0
1.283694121501878,-0.34195456245918165,1
-0.751787575996278,0.7251361397515214,0
0.2365998545160653,-0.1759270781581283,1
-1.2041204302468094,1.3667983473055525,0
1.8103553320509052,0.55605523837702,1
-0.3056958798108055,1.1191179444489074,0
1.5016129685974493,-0.10764700901255597,1
0.8322903158407368,0.19141331167128775,0
1.8564851984058297,-0.9538789527482314,1
-1.0448531411567379,0.07081913308589104,0
0.10568036273648512,-0.1680518477639555,1
-0.7568985465811231,0.8850471867883394,0
0.9286052470732196,-0.5137667397087176,1
0.17286267952884998,0.7948385520904818,0
1.402392634455683,0.27500011416259307,1
0.9428972657409955,-0.1664926696882949,0
1.0526378615204617,-0.6462519755187524,1
-0.9883463482425687,1.0212608013342641,0
1.7089641550621029,0.260103961256828,1
0.2223080771615522,0.377633862942903,0
1.3750524078449053,0.062875760680702,1
-0.8853665439326991,0.21888998654211173,0
1.5011278957700094,0.33236152746246594,1
-0.4510060404194248,0.3788310225552088,0
1.3204803659598137,-0.05957207778128826,1
-0.4416796635250865,1.399252848897379,0
0.2796526715521511,-0.8376606357494885,1
0.11955083303916869,1.350792715516942,0
0.7831642491811731,-0.19023428286982122,1
0.2902551318713365,0.9309798752179023,0
0.4236387956808615,0.670990801118454,1
0.26791990337418364,0.7347461338535323,0
1.135316389886792,-0.48054769249072243,1
-1.1284553427801853,0.42978085834546814,0
1.7526974670589865,0.2589060293408767,1
-0.5067535115377663,1.1237836373619154,0
2.5705323862249276,0.16200951323127585,1
0.08701122937647815,1.3203212400880031,0
1.0904315989018187,-0.1651496113237617,1
0.7961057696285344,0.1146328926185119,0
1.1663567876632877,-0.24923795495906736,1
-0.6315659181970602,0.5770543487503228,0
-0.10767905503474136,0.10669976954801202,1
-1.0594002416249062,1.8498215506631155,0
2.4180459049397793,0.19046288926382793,1
0.21053803471340365,0.6429771588088036,0
0.9143523278781756,-0.23264028977298315,1
-0.46165588773364996,1.1097656620661343,0
0.48452296575886955,0.16187653451772638,1
-0.11818247902911744,1.040512144788739,0
0.12615714004653164,0.11319824764438985,1
-0.8883173869375653,0.08480138445770172,0
0.09193902892274325,-0.7532230096811982,1
0.955994691142665,0.27402482737877215,0
0.6467654536344346,-0.22051983619854543,1
-1.4325433258337101,0.074264195130493,0
0.3427166578234384,0.018933950846075416,1
0.5064621690997312,0.48027677027083954,0
1.7861265076544974,-0.2665041170517589,1
-0.8982735047884535,0.3060906477103805,0
0.6197421291943395,-0.4206958700499769,1
1.0130472971558768,0.12377124907326995,0
1.036455037245443,-0.1513384519168282,1
-0.05610127741973309,1.5388998904097655,0
0.3234898025563302,-0.7509902543924049,1
-0.7973663938442591,0.032033054634172387,0
1.5915971073470636,-0.062207545381786106,1
-0.48235033182390524,0.6080230261543309,0
-0.08716728285093361,0.2953453511901858,1
-1.4350445169777122,0.4610633474013473,0
2.087316215259906,0.46123180895422267,1
-0.28566467510698534,1.3249827669284902,0
1.1810016784386943,-0.9133951155501889,1
0.5468524088577719,1.2546440503849563,0
1.1062519443848005,0.09373215590494555,1
1.1004316451151626,0.0503853614862452,0
1.9067822476864467,0.024850175618570836,1
0.7323480041930751,0.7788323878885542,0
2.160923220324018,0.15265176296477578,1
-0.1643977848800554,0.10153425107813469,0
2.3101095221754533,0.5906201165090246,1
0.07738723479624632,1.4792316716155096,0
-0.04575439952111138,-0.010899511175804968,1
0.8297485407562949,0.24676072773409982,0
1.9525188980338928,-0.14936345378081622,1
0.4937714077165865,0.21227591314985622,0
0.41643478368881975,-0.3422702022826041,1
1.1084112769660197,0.411363646441092,0
1.7208660652610337,0.07739293411147595,1
-1.1494597760602645,-0.17546910013845346,0
0.3045416626849363,-0.4071484382676647,1
-0.7080920636964799,0.8641429297299751,0
2.0326158588473375,-0.13749577716647304,1
0.545804754618052,0.34523024740500824,0
1.4236227698582165,-1.0708929541262653,1
0.20135248975846087,1.0637323209413176,0
1.7077444771724515,0.16594945161499944,1
0.02282359461037342,0.12512598161988497,0
1.7982222668072572,-0.3665083316445716,1
-1.0515316485427044,0.37304669452841727,0
-0.09053580086340818,-0.48613403848927156,1
-0.6563043035049452,0.8459897569927619,0
0.7267480511452175,-0.49699162485203924,1
1.0652213081259028,0.692154108553336,0
1.2440219428201182,-0.4728333963154771,1
0.6798865485221174,0.2654782400109482,0
1.9377522894865504,0.4855732574278571,1
0.18746748763800153,0.3746542525666159,0
1.983131097842307,0.613574886632607,1
-0.8434921341702919,0.9743369027468342,0
1.2965797306880917,-0.32380323149519674,1
0.16434660542491353,1.1477257427089904,0
0.11876116260004717,0.08054189623551447,1
-0.6463672443484213,1.026705100311331,0
1.1213129617446143,-1.0296676647817313,1
0.89174134296941,0.5172329780462992,0
1.6747812260509514,0.043291171061079714,1
-0.9816634574667477,-0.19958539585350643,0
-0.012399441588554744,0.028993401715996486,1
-0.3857293905392625,0.9685771911690257,0
0.4303323728092611,-0.24957900947062905,1
-0.904072822227889,0.33381437119122764,0
-0.06400398003855991,0.12768816762862484,1
-0.985200247103904,0.6426817412736914,0
1.2510586333004565,-0.4186132191972932,1
-1.2840351858013483,0.4500373923797693,0
2.380577093102925,0.42620314556014527,1
0.31500696253191945,0.7865287957967102,0
0.15067854303927045,0.5991955711732343,1
-0.6719425547693207,0.012018455822692566,0
1.881290118009031,0.08260714539250938,1
-0.3142093956822416,1.167753217346823,0
2.1651139132867514,-0.4292944805033326,1
1.051082390380288,0.4300180121341018,0
0.2608703362459579,-0.6154298746504474,1
-0.6980917703576764,0.7951990291059611,0
0.048063697588360044,0.36780915828657124,1
-0.23922911693311583,1.0039002782164392,0
1.8705766229310186,-0.003982956642217428,1
0.7168212687586617,0.4834751943595356,0
1.8060703285977961,-0.6315434870784891,1
-0.2557201215392454,1.3212276706238024,0
0.5039831874912476,-0.4650489082179535,1
-1.1680285680124087,0.25470741003819974,0
1.6745524551447384,-0.4049853708277729,1
0.9492379768274574,0.046484136220405814,0
1.266950895658973,-0.30957797216877503,1
1.0686559885957083,0.1350723635053669,0
2.1813723560278797,0.2794719179391086,1
-0.6211511018223589,0.5108011524148321,0
1.4343314695429252,-0.06847994772197313,1
0.45275410985782877,1.3125130342088729,0
1.5401208471137937,-0.7837430984136322,1
0.1207324369132528,1.0345597780274263,0
0.14745863808697393,-0.39684439368858,1
0.9747336300929538,0.4984981717560778,0
0.4823520889385891,-0.6183220627190333,1
-1.1859095516605351,0.8523987130397224,0
0.15247966176783828,0.4713772724170899,1
-0.753126302260623,-0.06888567378284659,0
2.823291720919966,1.2413924276865196,1
0.041003739399816164,0.8330593494372633,0
-0.09685832114553886,0.5780393192296296,1
0.5511823623225824,0.9218027527371717,0
0.6133531088375138,0.4420059680263437,1
0.10563207757589027,1.3859706855142355,0
1.786435403508823,-0.0449241676479924,1
-0.055005199018892226,0.39884886816891124,0
0.8074816170318088,-0.276816331496774,1
-0.11743327474737371,0.9390305224560477,0
0.9032041093614284,-0.47235629210445995,1
-0.17610087535111985,1.3579898964257833,0
1.9693051442267613,-0.18197028759731226,1
-0.4502003577283659,1.2919262842245234,0
1.6957321163847523,-0.9098527965667201,1
-0.7424848869014873,0.6489630978960466,0
0.43374356144548865,-0.6031658808360978,1
-0.4363055910673418,0.3844407124376237,0
0.7897467031678304,0.39572440296979694,1
0.53544117472106,0.975571162936315,0
1.6016669761446571,0.4562331174383866,1
-0.6883918343406519,0.9991704732440383,0
0.5906087191960249,-0.5478051358174224,1
-0.9807389507914755,0.6734875253711435,0
1.6676568666043468,0.003548213713695181,1
0.8900647888708949,-0.10988988623183521,0
2.4508802588483323,-0.21891123848763672,1
-0.876795874823239,0.5862999843293141,0
-0.11788443767273504,1.0859570542773107,1
0.9962115569174234,0.06250955343886022,0
1.5530276301688544,-0.3416306657143959,1
0.44911643945253354,0.9365086544730322,0
0.26879511302692816,-0.27703631313785504,1
0.18947208812857674,1.1498524090727722,0
1.0456289606058702,-0.4149396238109584,1
-0.32466993736140376,0.6933350292141208,0
1.8329911004571866,0.18618775816301353,1
-1.1507489209549489,0.16007260693938996,0
1.3564157077784107,0.17677057710660993,1
-0.3053183460013696,0.6104436140605299,0
0.7853271459480192,-0.2821778138046821,1
0.4558239985542643,0.6488194620413725,0
0.43892717616439975,-0.33787847906665974,1
-1.1049531229388219,0.19908261319338005,0
0.9045885259060328,-0.6421501419514098,1
0.22226890512135902,0.9091295959976443,0
0.6599219981022448,-0.39003479511599665,1
0.37363625505327797,1.2947472954852057,0
1.644267030527337,-0.3842201194052211,1
-0.41335625653358676,-0.1823522007357168,0
0.11846331332592228,-0.2526304461145392,1
0.6995037418467411,0.5942985341846462,0
0.6789286371372341,-1.0101906463798673,1
-0.9043740969615038,-0.18960121612191014,0
0.47106437591053396,0.048978598329247836,1
-0.24069745747993013,1.028271941414283,0
1.6858851030538424,-0.6417750497888667,1
0.6959531340361298,0.8335377213278269,0
0.6352117668356283,-0.5862193404858239,1
-0.09499556205157823,0.8000400031876568,0
0.7829005836684856,-0.5158303935068962,1
-1.5437021094381687,0.20361712968995885,0
2.508654168935566,0.07315800653539845,1
-0.3055390755268804,0.811783773699431,0
2.004801366451819,0.7511141376182291,1
-1.052755469403691,0.7733339905036664,0
-0.013517952625159174,0.194380833373876,1
0.1163230740946038,1.0849320529878972,0
1.9989631706424558,-0.6033050360356141,1
-1.1826688334721107,0.32759909145248267,0
1.9057506143888556,0.2125185396132415,1
-1.1262946578066144,0.6251035284417168,0
-0.050894488073036925,0.5410462164855832,1
1.024104571085267,-0.396526457017534,0
1.8754091263129284,0.7013145428636236,1
-1.3481082759872536,0.6837365518582931,0
0.7301504027288411,-0.9554299555282999,1
-1.390510692037414,0.10742008932459679,0
0.12020258623572194,-0.12629437201410468,1
1.2944469525256797,0.09411647974266357,0
2.079970889446595,0.53568223905801,1
-1.2647091396619325,0.1620803646141241,0
1.971869604666845,0.2524754326127598,1
0.006934796639158858,1.3155313905071138,0
0.7180605497361907,-0.7929184816667043,1
0.9568616384011392,0.9639378765931365,0
1.775046092141174,0.35398832655078005,1
0.18525603965395426,0.6523657572098776,0
0.6599592753308126,-0.36308589504515953,1
-1.0198003556910535,0.40892704530579665,0
1.908865099054322,-0.1664579158519437,1
1.5874256757127363,0.18096110270297933,0
2.1617217917062472,0.060364466721943455,1
-0.8573838749509307,1.3884973865766996,0
0.6976175072622175,-0.14641630388191862,1
0.7513945027322657,0.49369815703952724,0
2.2201198752630935,0.2916394799739437,1
-0.8973402157674657,0.9676185993350717,0
2.2291105088188585,-0.18533521743077142,1
0.07303888020224791,1.0783793891077553,0
0.9500306947299209,-0.2245069734487718,1
0.9117561547081365,0.6326192561339347,0
1.543080126336804,0.20662869422308572,1
-0.5203732322696604,0.6332282635379949,0
1.385573207679002,-0.5434715982693606,1
-1.1912144834613079,0.6143452716535581,0
0.7897757065043897,0.01938088460838633,1
-0.35295903342476465,0.9351108651815105,0
0.8223225738548675,0.0023291989464613305,1
-0.4337597069335633,1.400032534008996,0
0.9209035921871628,-0.4638487220951659,1
0.4994490720654212,1.3301157655274691,0
0.6833513351246518,0.28604796874157873,1
-0.947213021851409,0.6014018239287185,0
0.5526274215740108,-0.3316661343421504,1
-1.0078948009205277,0.2611132551718499,0
-0.20234924471688442,-0.34509963625449547,1
-0.9200779533946388,0.28401593207641307,0
0.02594569578931316,-0.6180260487479357,1
-0.675522559509166,0.2140780597396375,0
0.5042050545427508,-0.42525214227206243,1
-0.6231704391002006,0.8871883589966653,0
1.595156830197401,0.10637773396110867,1
0.9655541134912449,0.2825891463501421,0
0.34961476651784845,0.012508414188970585,1
-0.0574528602229617,0.4219820689709746,0
0.8926689859565712,-0.5268457695791213,1
-0.02224984102637033,0.45200260124349023,0
2.1753183475642777,-0.21610145931347124,1
0.3361112183306999,0.7699448957721569,0
1.7107044976727284,0.8081734848530475,1
0.5727534850353857,0.7366291020028914,0
0.18578451794738732,0.2816444266521289,1
0.13606926128467822,1.0294162386660475,0
1.2142735304183956,-0.31910410474453854,1
-0.8122004349957429,0.7067467295616836,0
0.22477021482852633,0.7159221610532368,1
0.851602878210068,0.15368911113957529,0
0.5525648585559761,-0.6523122266072969,1
-0.995233556632662,0.49668799092387683,0
1.869751906791764,-0.20518832527346031,1
-0.7814863971339718,0.5863410932535367,0
0.953453468609568,-0.07561411099249321,1
-0.968506042808047,0.5381078104419443,0
1.6498166239345196,0.5673511854894367,1
-0.9178734217970487,0.310206765736365,0
1.200867162937539,-0.26238727396112926,1
0.5886894543073957,1.072761620399361,0
0.7242491204042248,-0.4183985083170288,1
0.5388132776918375,1.254667365604523,0
0.4267815572944694,0.09279039574718895,1
-1.3129878637770185,0.39198730768737533,0
0.8330875297490328,-0.12637463991138587,1
0.5920566800353795,0.7621133529078039,0
0.5036744170650551,0.04654098969529505,1
-1.0934245661141406,0.3050621626321181,0
1.6679980821414806,0.371270888123652,1
-0.41949561704961924,0.9575122672626013,0
1.7045441060739106,0.07765062343661543,1
-0.38530627032316644,1.3007180676840426,0
-0.10504497810119096,-0.10289295645784868,1
-1.0133694310666466,0.33463622221791917,0
0.7865640815397273,-0.518789414097315,1
0.14628943570619393,1.4873935291937412,0
2.085437470668038,0.021212870976803213,1
1.0320590212156482,0.22489682955405335,0
1.1919929721095412,-0.552770514121317,1
-0.32387225746653187,0.5125738729784929,0
1.7620529309631923,-0.24329876623714883,1
-0.29567376040631527,1.0238104299176627,0
1.4294682636605955,-0.6125960247220195,1
0.0568997678724559,0.7773490350689677,0
0.13271199800506395,-0.11837757150322942,1
-0.7321245027545817,0.8420577674032051,0
0.8868509567034135,-0.184298218443698,1
-0.05138890625769257,1.399558471282146,0
0.7351640403567367,-0.5217661753693492,1
0.5869490368337839,1.0910643334305397,0
0.19234682840457537,0.6768386337311172,1
-0.7733242497743374,0.7614576159316806,0
-0.06776063178391525,-0.012492054361221716,1
0.5977748179420188,1.0566809770425474,0
2.2437391196386582,0.44276111640358046,1
1.0753910187008557,-0.33324232216181926,0
0.412535587739147,0.35733731511698547,1
0.7583920015612129,0.726961605460811,0
2.104423793241545,0.14679949094656874,1
0.6089337589405349,0.6441687689882551,0
2.3015065185780066,0.19108257496669026,1
-0.20205230170283417,1.2776893230752517,0
1.908412001166824,-0.4571948902728447,1
-0.6047561372476914,0.7531162194416801,0
1.77365848277666,0.25348659768182147,1
0.44804917736677713,0.8569230103148144,0
-0.36693218833834096,0.06776354473580568,1
-0.810609327161924,0.6712643588666241,0
1.644544014460925,-0.03119018684728392,1
0.48350266717645357,0.42767988385746414,0
0.2405585204544168,-0.5111590884267259,1
-1.0136592120572219,1.0995231625348123,0
2.133709228987476,-0.2990843809831292,1
-0.9813467113451013,0.5939128356519282,0
1.2066067989111395,-0.46612909444363093,1
-0.15265475121926975,0.9215913130131158,0
0.1286116767689581,0.10875021466120596,1
-0.2853166284984291,1.324986007270232,0
0.9209272863018578,-0.09110659070720911,1
-0.9488011743149065,0.46273015002604034,0
1.7321303639625913,0.21599100750040282,1
0.6028311740414993,1.0247485752340753,0
0.842444834040835,-0.6403579312478366,1
-0.798921116267101,1.0877293512867607,0
0.5317209695704137,-0.4493897306012984,1
0.5868358729726765,-0.22381241421371317,0
1.3651998083184165,-0.07424413163868054,1
-0.678301631251906,0.5496416330752063,0
1.7057262147280694,-0.39117266629246644,1
-0.6538108418210252,1.071299163265325,0
1.5871020827086957,-0.2749420048288239,1
0.21859860914266155,0.6950955501453149,0
2.0309488482692104,0.28837087046993665,1
-0.44255024387041275,1.5334202426774919,0
0.5385871634813886,0.28338112329014414,1
0.19607169091531118,-0.1836190920322684,0
2.5896608634771936,0.5236370978772048,1
0.7472118593356174,1.0922848823509712,0
1.797311213064754,-0.5727021747378302,1
0.2906317408534421,0.5155565457914929,0
0.318902920146694,-0.525740717736323,1
1.0249779420112315,0.933372612954538,0
0.33302002145652754,-0.19589883410012804,1
1.1839098502176522,0.1750679702937213,0
1.7418890488127285,-0.8391795073978168,1
0.8239239182129866,-0.22224857849448054,0
1.1610683916961457,-0.5904935059849945,1
1.3785141607686482,0.5667124071666241,0
1.4293842821261593,-0.13064325498823587,1
0.06880694447906488,0.9260441858296834,0
2.091906953845574,-0.16378778788514714,1
-1.1095924074000958,0.26204490684950127,0
0.15036581425854226,0.2915689649063322,1
-0.9035066324175391,0.9038801060725774,0
1.271159759484613,-0.8154587144157457,1
1.4918500365259808,0.06571855099383674,0
-0.4304270560391796,0.3636124224779148,1
-0.8407625949872838,1.1136217001881556,0
-0.2790677750886508,0.4871013758496441,1
0.14361599344868217,0.8442689706740264,0
0.4374980148692267,-0.23687829781979236,1
-0.7525910888528702,1.2807848088736784,0
1.4717792617674692,-0.4850135755855243,1
0.32496186214388223,0.8684687187772252,0
1.724184889139821,-0.10384968352482316,1
-0.3603644936347756,1.0553020006565605,0
1.701679213940017,0.6148850248713276,1
0.5894916725437654,0.3339750232617124,0
0.39508926925882554,-0.5515563655666705,1
0.5219096609897677,0.6771993042086465,0
2.0068337071811904,0.3399631975038662,1
-0.9102971037561869,0.5025124809851373,0
1.1826057015583558,-0.2890509391113812,1
-1.2380616751544842,-0.02402256140069628,0
1.584432406501951,0.05934854445318058,1
0.8052141839591032,0.7399096425629897,0
2.290608341486664,-0.536549344227254,1
0.3700341331931286,0.1930019804940355,0
1.6999653766294096,0.06156052233848649,1
-1.122776257130175,0.2880443772525022,0
0.9770605907756392,-0.606830330909005,1
-0.5144286863040546,1.1301083620151489,0
0.23820494814136314,0.0680267166336973,1
-0.004660231584828631,1.5344562706451854,0
0.06438616019051915,0.1972413687596568,1
1.4175186322860152,0.46419796301970606,0
2.205643138204033,0.13049067117510746,1
0.039554842491733244,0.9906172989635886,0
0.7198349870019007,0.05053119130965866,1
-1.288858465784237,0.8054104166791969,0
0.04307310302857621,0.007314538886116495,1
1.0319260350773898,-0.11389118275412519,0
1.0894108703549432,-0.43412423662888544,1
0.5502124343449523,0.6350273210404098,0
0.05510932558717005,0.45555363452022823,1
-1.115101161216309,-0.2583006126045271,0
1.9068974871979645,0.12045681656020732,1
0.012251841833680999,1.1950338912377514,0
0.12782120799437036,-0.2055296134728647,1
-0.9414443675089467,-0.13513404126188222,0
0.11097893475563346,-0.0893903810566519,1
1.0105933520694819,0.2637282304327736,0
0.382671676765229,-0.630492847890826,1
0.06094479935677656,1.0954488523124173,0
0.13527103427977707,0.26095915436024125,1
-0.678221308865994,0.44930069872895934,0
0.8309818286625132,-0.2905229293646436,1
0.41423948334859584,0.12108579081732473,0
0.264593661938468,-0.17486146379474704,1
0.8723480248548725,0.25907844351723885,0
2.1744982257319876,0.1985583980678757,1
-0.73510257819354,0.2332199400209833,0
0.4097030905287334,-0.5622998740600069,1
-0.1837371383124095,1.1267166452909432,0
0.4762524635718809,-0.2273851912194914,1
1.2553493306950543,0.3426870187169172,0
0.9255691678311042,-1.0044751039546118,1
-0.5478660989769585,0.7009454710456595,0
-0.06404138159860959,0.8879410390836406,1
0.9239160401790788,0.8479227858048399,0
1.8729125951800312,-0.37067825085065514,1
-0.8962878305844645,0.1806460115438585,0
0.44989100541898325,-0.5324110879990941,1
0.17423204059933725,1.1983428958927669,0
0.46571972268906736,-0.25816463371064313,1
-0.8197875847470502,0.0615134796683936,0
0.8281478343649935,-0.4710666446702148,1
-0.09265779709493072,0.9932946743161384,0
1.6822210312569779,0.11277817447117622,1
0.7351136396637657,0.28960423529530305,0
1.0243937670746004,-0.21186227925884937,1
-0.21488419967017863,1.5170847637153078,0
1.8379741712845696,-0.6340946298015181,1
-0.6942303646364774,0.3969833542174136,0
1.2579696748157867,-0.035242428800868586,1
-0.9142704960846478,-0.18080820985942642,0
0.7892133225658262,-0.40572799537988036,1
1.080953926018569,-0.22641007567150534,0
0.9065592606805225,-0.5057693694522294,1
-0.6762450318163591,0.4212374373741203,0
1.1435005656345094,-0.4310679090193318,1
0.4775019989274481,0.9206271476968865,0
2.032325168236446,-0.019363253023485537,1
1.2813076455866783,0.6660310953480695,0
0.6911126600934516,-1.5877016429767918,1
-0.2676391098859607,0.7061304059070022,0
-0.0688530924853604,0.6086871112225914,1
0.9957775621944763,0.24882522215905217,0
0.4091787213958675,0.06541934940299104,1
0.8366854417002044,1.253140429262897,0
0.9010879070574209,-0.7228371533367199,1
0.4687358338484562,-0.7447865672642179,0
1.9444326002850802,-0.312411683647445,1
0.32810570022263064,0.6686392688447843,0
1.4134529627378634,-0.32151255513769067,1
-0.8543977887656526,0.1138373881449251,0
1.5764245191660857,0.02499487561985536,1
0.5929396031934346,0.05071179423904511,0
2.003721826308245,-0.42499855437521794,1
0.9720653656750272,-0.3906279083742893,0
0.6090962905599769,0.187807709100974,1
-1.0646063988810224,-0.6699153781818754,0
2.3523241204753726,0.46725777864592893,1
-0.24543494102934305,0.4452378213918694,0
1.0004453785579728,-0.32541210588637626,1
-0.23793893503212477,0.5771769346823448,0
-0.055392065984225844,0.17945163059485778,1
1.583541166631051,0.5024294728607687,0
2.0149778151096345,0.06146350709806698,1
-1.5894427076704196,0.325454005203125,0
2.580873442054867,0.42411120567742244,1
-0.7546393312947974,0.8272462273992924,0
2.082493312240606,-0.2906106302642577,1
0.8071407438575415,0.5717695840850727,0
1.8349867234748334,-0.4975290153900046,1
1.2477262548457968,0.9538727794950361,0
-0.4089364990776707,0.4636645735124441,1
-0.19663580968920885,0.5777276372712468,0
2.176956583880017,-0.08901920424101653,1
0.5538431653180222,0.0024515406055009015,0
0.5752699858659158,0.010138478554470514,1
1.123958473550459,0.005038924163624406,0
1.7936400032849946,-0.03487020079393818,1
1.1580170851667315,1.090696449635613,0
1.4340022407817026,-0.19373835703823578,1
0.7515409509735814,0.754253125182848,0
0.6009103405897973,-0.9063404837815255,1
0.5979766398471127,0.7438905999140419,0
1.8078355037703675,-0.3988867955088194,1
1.7099286875998951,0.20069792052303842,0
2.1056594695126223,0.6875078532209393,1
-0.06245796028561318,0.9391466853968901,0
0.5047483847414983,0.09060273833591342,1
0.8077334866022478,0.17318835860856197,0
0.9360026009105129,-0.5668166058791108,1
1.0565241762158792,0.9942541221871206,0
0.9113434636183676,-0.411437218734167,1
-1.039498216396619,0.18652261563361971,0
1.6731280304293379,0.0009502431268510192,1
-0.9584355966875177,-0.19235678399334102,0
0.3941354339991356,-0.9350085828898445,1
1.0192844413636368,1.1435061943327747,0
-0.15814152984716645,-0.08416533992186356,1
0.8327575647018693,0.6349697625391164,0
1.7372272067654841,-0.36346317668195344,1
1.037698931193855,0.20010760314044168,0
2.4780386013471967,0.48341311627528627,1
0.14724317171322457,1.1634934670100825,0
0.7887830321113685,-0.4492708585272574,1
-0.4699233035918657,1.3589207299899126,0
0.5153509440626864,-0.06808836868851581,1
-0.6750890257025444,1.0626875267272702,0
1.1797289637080164,-0.4345716351840441,1
-0.2849589779666714,0.47350434016920606,0
0.4243158478735205,-0.5993016448870446,1
0.984281224772968,0.2868842663633939,0
1.9284954648409278,0.08807211783601882,1
-0.993882684070225,0.20126880266851088,0
1.6179371145362693,0.4776150251908197,1
1.4635943144346708,-0.029023666175039188,0
0.9578857088993437,-0.556684796164511,1
-0.981693643829256,0.6201157137962696,0
0.5132351719140092,-0.09707736793922682,1
-0.15577866167808863,1.0633016874337942,0
1.2088857094705947,-0.31259997526150557,1
0.6862630014442176,0.5609967532430884,0
1.3846107981846376,-0.566621650229499,1
-0.8163809555066659,0.5489602474830633,0
1.1102639789832331,-0.18858414612843327,1
-0.1949849681672732,1.0012388039570788,0
1.5266872839015484,0.10881783033624226,1
-0.38421210356560037,0.4450445314779664,0
2.1240828866077823,0.39551134943616983,1
-0.22912495467218597,0.8688384309955366,0
0.26958660609284313,0.17159828492194035,1
0.5398536364410599,0.793633345111417,0
1.2139715406088158,-0.5018769721506458,1
1.1179058636359487,0.20973043111215123,0
0.41174686222801915,-0.11542966974873836,1
-1.1039968232495774,-0.2090141865000974,0
1.8407574478499076,0.21076842783559904,1
-0.6317943458265898,0.4403548949763526,0
0.09212272496127212,0.46284800229203527,1
-0.23337645418480574,1.0301232884757894,0
-0.5412088701099179,-0.2667835566531791,1
-0.5094527191655254,1.0400468264484561,0
0.6222581112728747,0.3962179131235929,1
0.7004294250654742,0.7463377036474893,0
0.4512437445221531,0.22406876211058657,1
0.03793634586727618,1.3583956140049789,0
1.6968799370381795,-0.8091684313274048,1
-0.41273597812227764,0.603126254280566,0
0.6169539630255357,-0.010664954930370507,1
-0.46692827439518003,0.5272411933043318,0
2.0516109353195873,0.10977309479318242,1
-0.19237850917565175,0.5855701038174486,0
0.4922530210585493,0.055379478899493795,1
0.4644894160085408,0.06904013869042552,0
-0.4717508521838539,0.11480009658335186,1
-0.9245047220392966,0.4749299265978568,0
1.9199521504959223,0.3760994893403418,1
1.1198804743038735,0.06792608743871796,0
0.5088136997416426,-0.2741202860492532,1
0.9531459507675544,0.8520594218614268,0
1.8118667983579044,-0.22576449680205213,1
-0.42937602323572227,1.3895976502114482,0
-0.18021656319850016,-0.5780187883023422,1
1.069438379126477,0.48221286602230073,0
0.31129936714167394,0.4231123891748233,1
-0.4601197542163521,1.0205305518463845,0
0.2780453113993585,0.34541436598102515,1
-0.4506158097424945,0.1633962609328039,0
1.5230821019388043,0.6606898469291407,1
-1.0291156585342571,0.7338110238549486,0
0.11992298617736785,-0.27400385304129005,1
0.16313320733236636,1.0954790997094344,0
1.459408472063045,-0.10044289037761328,1
0.08935834145383359,0.7047516598099638,0
0.6307236500649204,0.3225894263381682,1
1.2476064161901284,0.4413070528362747,0
1.2299347043510407,-0.5188779856610123,1
0.3933832244791469,0.9852498682021871,0
1.5419369785798032,-0.5955039306859353,1
-0.10746878056317649,1.0528574983926269,0
1.7059428767800846,-0.056509649902594494,1
1.1664359582352855,0.5251845409493814,0
1.1788649412537682,-0.12121236562411314,1
-1.341526403599867,0.540202238417874,0
0.7255035261584453,0.10685516988696342,1
-1.1553515460104924,-0.22734837387221757,0
1.714874620535582,-0.5832863777158741,1
-0.38116229613098596,1.3402952714879872,0
1.892447814455289,0.10738150691185513,1
1.044158015536419,0.11916765315231038,0
1.5259265917780238,0.12579294358445212,1
-0.3996621520160092,0.7376451112635493,0
1.524856978110749,-0.4458390107681853,1
-1.1831608016269137,0.4047121962448522,0
2.344904554004332,0.013343520042301365,1
0.1942157170921947,1.2399517070940458,0
0.4375527214312595,0.2044959065040315,1
-0.08748461481253668,0.6468991224398748,0
1.273623433199041,-0.36500891394406154,1
-0.3834199200647868,1.2244789688063111,0
0.8284587747380139,-0.3201367271522665,1
0.7874428505128739,0.5794085365245948,0
1.1276003967019832,-0.39276506226547825,1
-0.8198297547755422,0.8606915008092015,0
1.767995991491789,-0.18918490928197093,1
0.6589845869628207,0.4842587619102443,0
0.11755001817591046,0.6403590406100921,1
-0.43895117709392667,0.8326373995564768,0
1.1716766646469798,-0.3920376794636951,1
0.22787072649096246,0.42789893634235643,0
0.8936522795207515,-0.4041630884204027,1
-0.4163421103203092,0.5428333861918797,0
0.9779861540475636,-0.617725657056803,1
1.33707541936208,0.3186286110244542,0
0.00879899466282991,-0.051650758548987985,1
1.0816495078396169,0.49618895507939514,0
1.2077061791806838,-0.5454279632337342,1
0.9113180263832861,0.3914677494554072,0
1.6752389211897618,-0.11126252906839754,1
-0.5354541141955986,1.3238249363149268,0
1.0558773323353163,0.10248765900562029,1
-0.8036160216701691,0.25059212492514826,0
-0.5290810093635014,0.21334016295408081,1
1.3242778146077083,0.7277930788481762,0
0.4204194537131943,0.19817273030180466,1
1.1359856492972251,0.12825138235207365,0
1.9585728570459462,-0.16083942538665555,1
0.12947658022206404,0.8963323236479714,0
0.012994165572545457,0.09068931729254487,1
0.5002685919454969,0.6484574498535725,0
0.1490699181294343,0.128789606270738,1
0.8257826213507709,0.5992225274172247,0
0.9655867803484031,-0.20202996926704872,1
-0.9509975829098035,0.35780687964925734,0
1.3908634416035466,-0.662841790524267,1
-0.8962503003345017,-0.12811094440752252,0
1.2128823867502505,-0.1592264894739533,1
0.6755758874132854,0.7526323033783999,0
0.8257268081363265,-0.13551514775969664,1
-0.20996342578683433,0.7257801098208877,0
0.6094908010225057,-0.8192661132462803,1
-0.15239830760270778,0.8679919019098059,0
1.5871306762743203,-0.7501732705438672,1
-0.04772741159787408,0.21115363548345778,0
1.7343196245130317,0.6594500685222342,1
1.1294164765017578,0.0077133236250092885,0
0.4212763783050294,-0.6318523021925581,1
0.30104663717905794,0.9082145619204962,0
-0.06524574118511363,0.5679681188993593,1
0.8985684305318393,1.623424801647376,0
2.0607299636236442,0.2805351652909965,1
-1.0094413451215585,0.4562890829591585,0
0.00183620066934383,0.9365972955829956,1
0.29891333543124543,0.33415809800619545,0
1.1859089459132615,-0.13527430277954722,1
-1.0244377405987148,-0.18290546910534128,0
-0.08737268019631281,-0.04598825185134897,1
1.3997000778190267,0.13556641750428416,0
1.9405240763715808,0.21611515807247514,1
-1.4138953449962623,0.20035478462219677,0
2.322865648412486,0.31357058011337813,1
-0.6846766900648759,0.7552097793161402,0
1.0596980263336002,0.09902649484466242,1
0.8790707064344452,0.7244815550544208,0
0.4626912011799033,-0.21536187421286068,1
0.8483537764552705,1.1202331404822552,0
1.3389718043820182,0.12252674544356362,1
1.2539023978324912,-0.06359911979359478,0
1.093569356748028,-0.3579771213178096,1
-0.10137902651148123,0.7758672419217298,0
1.8777207864132397,0.07546120695168096,1
0.6362180087486401,0.2985698897355114,0
0.3513354708505337,-0.673946388861949,1
0.028120509509356285,1.0353609612691315,0
1.7972803724493025,0.18547394064442305,1
0.0011207524192689555,0.5200890087734593,0
0.23667206525040158,-0.16385955908559888,1
-0.8961582021707604,0.48188411946129667,0
1.7279306615830046,-0.10195933452278319,1
0.7355626587546601,0.8765069687291916,0
2.1965408610791717,-0.34106860809816064,1
-0.21269800872301933,1.431826003389049,0
1.3660839630131343,-0.03510339872691287,1
-0.8974622051778894,0.573620752277058,0
0.904679185432594,-0.9564258309437104,1
0.1073625772477717,0.7402182570514231,0
1.3009122074228219,-0.6287705888265145,1
-0.9816971475818113,-0.06238994416431254,0
1.1278020455186148,-0.13486089816735247,1
1.0213573696628422,-0.010927937095933288,0
1.2038660425804564,-0.4553756892237677,1
-0.1793564794190683,0.805049165313043,0
1.2794713134110869,-3.239033887961207e-05,1
-0.3071680352441898,1.119025038742382,0
2.5444945348009718,0.32340919165841403,1
-0.6342196155374978,0.5130178861162196,0
0.5274189775068268,0.14773560604915464,1
0.708327113122387,1.2162662181784991,0
2.2368497832669547,0.34272307252648215,1
0.8929126586562746,0.5294545842944297,0
1.2405987754178625,-0.5100718281915422,1
0.05290094959654301,0.9073579857351405,0
2.1137995775175535,0.7721957652798515,1
-0.382072636210391,1.2911365937143404,0
1.1653808317068584,0.13958589690538023,1
1.0580312230573454,0.36890110510458424,0
0.5235835049722952,-0.7694959173786119,1
-1.1450563687300384,0.27119073741635225,0
0.6058079292956285,0.0387536002211611,1
-0.5628397594289707,0.7085589537872398,0
0.5472212336326794,0.010665999759430278,1
0.850674084424681,1.3529822948265307,0
0.15094784983819975,0.23342528183236966,1
-0.5729869998901311,0.060909670456674,0
-0.0603141375935409,-0.14432534546266476,1
1.2558537700224022,0.3486151384132685,0
-0.11762242338892598,0.1550249360352292,1
-0.14881047837842676,1.502658635032481,0
0.6260858808044298,-0.8671240770815618,1
0.04290375106425447,1.1933203534189916,0
1.084728156858686,-0.4336144405015831,1
0.10082110748202526,0.7151891048393477,0
0.6533671178817433,-0.37128448821122717,1
0.35514446301972086,0.4031740395413504,0
0.41031310134460086,-0.013100084722248136,1
0.7641204970185067,0.9108197391677314,0
1.6622823085597744,-0.1577727739896889,1
-0.9492298215305905,-0.31521011239925834,0
1.8276317110873173,0.566993413784896,1
-1.3117907897687595,0.5683032415581295,0
1.5030078565192175,-0.3209976212845288,1
-0.22510401805490537,0.8812061615414346,0
1.4251848420025461,-0.08145660260389559,1
0.5831141147181607,0.5934322115216702,0
-0.02462457264312338,0.6562833162783597,1
0.943188169690655,0.9180893267992376,0
0.31465449206818114,-0.14931829517667206,1
0.3810641834510656,0.7020533564241577,0
1.3029939101104087,-0.22148919563739794,1
-0.15061670482280543,0.6476320023655056,0
1.6286157634603255,-0.7534237317350803,1
0.8010910600608405,0.33820712674313974,0
-0.26827625448653514,-0.08601860097452614,1
0.8255719749569111,0.40131691035830686,0
1.099066860048078,-0.11886103455551639,1
0.7606080367382444,0.5158236478049412,0
0.4371794405341311,0.0933611667628364,1
0.883249340660649,0.1376481392706928,0
1.5495990187136055,-0.7430158165323599,1
1.5104234572351452,0.1605395222610936,0
1.6255497309663873,0.1436428504402593,1
-0.7956737307098233,0.5062184849765305,0
0.3781611863000594,-0.19537215330410812,1
0.5355549280433511,1.090211191799941,0
0.40020191220447243,0.23368070480893532,1
0.47753479663743303,0.9695076162219652,0
0.5193393741202035,-0.6912017199530014,1
1.2809076588582542,0.3752079585801017,0
1.493884830972466,0.18924793733022294,1
0.6810289804168292,0.4654521806727852,0
0.545033567119444,-0.38115028958229025,1
1.0806317522000974,0.9348006648409866,0
1.75054572889085,-0.40199499031176084,1
-0.2914641532522909,1.4444974585063284,0
0.45177746523211887,-0.599984207343933,1
-1.0050428891210266,0.7184158001221308,0
0.19529333407784194,0.20858724776906767,1
-0.7973604420501385,0.9204044412748811,0
0.9141957612471441,-0.3378176534451858,1
-0.7587516084588976,0.1811831749476933,0
0.6434573909128694,0.045003841068369466,1
0.9054856173941639,1.0279404618460064,0
2.2756841365725444,-0.5607379261713996,1
0.5936052698117307,0.5352424213568892,0
1.93086540964658,-0.05645465705856287,1
1.0844944614720688,1.0683636950363937,0
1.78966597259562,-0.2936665540533112,1
0.1826184455160263,0.7965268355275658,0
1.8153064672522847,-0.7684332962774864,1
0.777901706201934,1.1490224431823053,0
1.393704267425485,-0.4645369343877785,1
0.5071655080282783,0.8996996409842899,0
0.5704086777845361,-0.4476662493519675,1
0.4053175426943454,0.9512381860509261,0
-0.020086993309968354,0.6183461196434674,1
-0.7227268294203258,0.7816192334415467,0
-0.3108951853023863,-0.10152400840103534,1
0.27595959424435046,0.5686635853723653,0
0.3586583918556752,0.05886600801357347,1
1.0018190048647948,0.4175932943133418,0
1.0115089316948391,-1.100633865360967,1
-0.6975040947986085,0.8663888081681389,0
2.032293045004271,0.6040844706220194,1
1.1319320204637842,0.21035683593267102,0
-0.021068014035459125,0.2388331391056112,1
-0.7828688601394216,0.3505317847841133,0
2.1389358339965305,-0.07940257971431915,1
-0.7103868348869607,1.369954970900458,0
-0.325739760347232,0.21054854034236756,1
0.8762543266915939,1.2719000114910377,0
0.19247259435852074,-0.378591122189154,1
0.081317120786794,0.9043151141636186,0
2.0099121926141468,0.24992242970502312,1
0.9128227625457074,0.5573491282162253,0
1.667511344103966,0.00270592747678966,1
0.05561237230338428,1.175899843226059,0
0.5406275190259298,-0.3938805236117571,1
0.587942763570532,0.67075260408239,0
0.26166273122755046,-0.26854077177986324,1
-0.6206197574759921,1.32348539485193,0
2.1713285845951744,0.1085307459828719,1
-0.3177450435493692,1.115540329403297,0
0.7372283668302935,-0.5062368311954967,1
-0.27160354020939714,0.8572545096567689,0
0.6430333166000453,-0.5807454281391976,1
0.2580333046180986,1.189018175614291,0
2.486957566000924,0.08901450973476549,1
-0.6134368998219798,0.4130693482524629,0
-0.27358546072422335,0.6390793768335263,1
-0.06870674898189477,1.080125283896153,0
-0.6449771079645126,0.5610388234087773,1
1.0376097043560233,0.4994135322189503,0
-0.060131099459767856,0.4833424775821906,1
0.2572273694021999,1.04368193851942,0
0.30122767958332963,0.2905142798171344,1
0.10038706118104501,0.9795031417037217,0
0.46695764576859755,-0.44562653494868704,1
-1.1556968826580256,0.22247841694353188,0
1.345121626756336,-0.2650400894644016,1
0.0297397091805138,1.1145155779582205,0
0.97385543359505,-0.4759393831631317,1
-0.9616268140162678,0.6641114023035746,0
1.399369702782567,-0.4052721624520237,1
0.9355133281373268,0.837489989247477,0
0.25427723597029084,-0.1973230177234251,1
1.1693397116454691,-0.03037959207990757,0
1.713592673999533,0.2236818663479983,1
0.8730181557916273,1.0968771696467257,0
2.112325792843027,-0.10615745108591851,1
-0.1128015172238567,0.8762492760875316,0
0.6489322729731215,-0.23907880093914335,1
1.184424850597819,0.7160719090292431,0
0.7049449178620946,-0.4820539243953447,1
0.08907332349656388,1.0239196323871744,0
0.6333668458581502,-0.3168309125412935,1
0.8752083439112593,0.7971450121621488,0
1.2713765068779017,-0.9041692672110506,1
-0.8298269977160107,0.3581148153646944,0
0.5156759718311441,0.44357488520241234,1
0.9427310336211183,0.3640344048384806,0
1.4043876130105624,-0.7380437804500393,1
0.33820364196904434,0.721787857218885,0
0.724617738482523,-0.7903435897974237,1
-0.6095117703271389,-0.0650956229239047,0
0.9684009517323544,-0.5775020101417585,1
-1.2538051035929243,0.1162458848564953,0
2.0265102441193714,0.40669768350345176,1
-0.3010829251742512,1.2167371422355124,0
0.19601558972329317,0.14554363950546195,1
-0.7341378865991546,0.29403002757580965,0
0.1769257615401316,-0.19045703466689184,1
-0.5748709940811417,0.6165310951889869,0
-0.36843685107409174,-0.21096475390607286,1
-0.9924605509432518,0.40169186740257945,0
0.3501461924871402,-0.27862707802828335,1
0.4823060707289466,0.7977223959864753,0
0.9485206807557148,-0.319039994133878,1
-0.22266083820136534,0.7567426594931219,0
1.461183676819292,-0.33368382536266883,1
1.1312970287851607,0.3900379467765764,0
1.3709452231929522,-0.39954379552712727,1
0.8356822540059223,0.9399944083078585,0
0.13517203166063851,0.11542594867390016,1
0.1426873845656358,0.4893013502039335,0
-0.09244309616000423,0.05185496832926203,1
0.49566860937206025,1.0426290237807563,0
-0.29067012855430163,0.8167576390031732,1
-0.32988884012502917,0.7936848493407953,0
1.8133377266354718,-0.005560879495095983,1
-0.32460799361238857,0.16026644076847557,0
0.725116135387931,-0.7337858118149341,1
0.04681743714894522,0.7562968460187379,0
0.8237463593245287,-0.3807188948531034,1
0.36498568000255616,0.6402607514805683,0
1.714649621295354,-0.5940093793522118,1
-0.7802269236532785,1.040462867254767,0
1.4673102226250698,-0.24465737882496477,1
-0.9341810406472324,0.05479374155277872,0
1.5850676571216833,-0.001668271642932248,1
0.41796490271248654,0.7597250513157898,0
2.0213114745928125,-0.4023338972476878,1
0.29236152012279915,0.9381094322484511,0
1.2705504825111746,-0.26583451597950786,1
-0.197878415851908,1.2644865828404794,0
0.037122194556436436,0.40938198104691914,1
-0.367407594100746,0.8017232583669504,0
1.328749579941945,-0.7028372305516462,1
0.37542274703452205,0.3973593464695288,0
0.1263156817650994,0.6964476703868356,1
1.2640221774485334,1.4136122582683388,0
1.975728671432465,-0.5093965840697605,1
-0.4804746056911068,0.755644582792018,0
-0.41758542499503215,-0.42125743659167714,1
-1.0944661914145872,-0.10361842852890968,0
1.657691423835369,-0.37914022279410087,1
-0.7881337134121806,-0.3726907095076727,0
0.3171658884515711,0.3349784913234002,1
-0.17500344306179894,1.3210331007834517,0
1.99164441741296,0.41311334864804194,1
-0.10284677699817465,0.8713884518558043,0
1.7851475824122898,-0.17619760362406733,1
0.6791311829691523,0.4447934759940498,0
2.0871514938123825,0.33763414389472646,1
-0.7894923080598089,0.719882990961795,0
0.4132390896641979,0.43751024355049006,1
0.37898895856685366,1.2447581600080297,0
0.12862380241280588,0.30057564522729124,1
1.3865887290253838,0.5008103534091147,0
1.8063428147122262,0.31415925670382483,1
0.7318945646422691,1.1543144931800962,0
-0.016364532394196413,-0.20564648616867812,1
0.7359775702804496,0.9077165365519732,0
0.3827803524818652,-0.08849681533508322,1
-0.7677714963988134,0.23247365129997638,0
1.6788572773840242,-0.6642203359141612,1
0.2317733368864258,0.7812484175416824,0
1.5155121788945785,-0.6105542054452371,1
-1.0061280899412897,0.4111441500585227,0
2.426584601255525,0.08668204075826422,1
1.0612124287566738,-0.11860110415483936,0
0.017108198883088788,-0.18567635792235976,1
1.0251802153328362,1.2504419950328205,0
0.023698241462732764,0.38410792197241345,1
0.790721362732197,0.9943478446189193,0
2.3698180934086563,0.1265004698099336,1
1.0181842323671038,-0.06985838730049049,0
0.28748597040417684,-0.15458246280613697,1
-0.30261560583617325,0.9734236308693289,0
0.7093534932282415,0.06625456481374126,1
-0.4512938886833624,0.5701911071097737,0
0.9963656048968889,-0.1771180388656382,1
0.2784305241354891,0.9895283296641162,0
0.5742172879113724,-0.2703913726465657,1
0.8742535106505895,0.8351618417583068,0
0.0164866942452363,0.5175212198777456,1
-0.6413348623157076,0.9749103735883404,0
1.6737017839155601,-0.6766273397094947,1
0.12244272691206981,0.7305423325331316,0
-0.327266364809641,0.5418759434517355,1
1.3532204403955808,-0.32766913579376844,0
1.3175130286113876,0.1835259036375969,1
-0.560889267528756,0.3703114548732043,0
1.12766837209401,-0.6734622604953423,1
0.8422105852606744,0.20930239688167374,0
1.4448873897076022,0.035975942384891824,1
-0.16430272610051627,0.8286781870651166,0
2.1216147057309658,0.7437882251500745,1
0.12139373035762296,1.0350301870472463,0
1.5181227891747573,-0.4261317938499893,1
0.5334343144312271,1.1300588471164417,0
0.13208315586838318,-0.00135417508471683,1
0.5319899312231413,0.7500718315076574,0
-0.4508335276796148,0.023244224701035186,1
-0.028413515081864238,1.1253876508078409,0
0.5648324685165402,-0.26353677329955105,1
0.40098026108621,1.018854100928112,0
1.4722132706441275,-0.5801386975146197,1
0.5676709957520482,0.3649657533586347,0
2.097263543518052,-0.29047780862174954,1
0.8543139697513503,0.36950606631575067,0
-0.13846867722460454,-0.9801213692878302,1
-0.005266446857064844,0.5140999050598765,0
2.00878089780541,-0.25179249127085523,1
0.9782005996379961,0.5794725799126595,0
1.668900118822595,-0.35115475775939303,1
1.3224458995884767,0.5166119721924807,0
-0.11805362385529955,-0.18571779752681242,1
0.6258585223609119,0.7847373753795956,0
0.6933650570720744,-0.42162373664314673,1
-0.04165839157076151,0.8309734297958316,0
0.9177755334116712,0.032949062264487794,1
-0.8858797579195503,0.6256157793724867,0
0.7384717372084864,-0.9361172871130814,1
-0.06395048999556996,0.692430581663698,0
1.8644916618675242,-0.05147207547021501,1
1.036839473014703,0.6275540842445502,0
0.25577533299985283,-0.1422899606999161,1
-1.2329823398082203,0.6074741454803028,0
0.4287775282858648,-0.050000112114093664,1
0.5808577649890624,0.921341663838031,0
0.978285064000711,-0.22101398064536143,1
-0.8237256182035521,0.7521207963897738,0
0.03765643445491871,0.21665482850230758,1
-0.39518237914041643,0.8120947251107791,0
0.3226288549755468,-0.3051029265623839,1
-0.382051231997654,1.06280509672801,0
2.0511794486845303,-0.19856282234720957,1
-0.05835525565447788,1.1972672161848625,0
1.0633074448112232,0.21143090565280176,1
0.4605869185397688,0.40815999219103866,0
0.29015189322654356,0.34339525507128604,1
-1.1649457464736739,-0.0800234420532159,0
1.1764575143575198,-0.447449556904093,1
0.7184563462174198,0.041522463508895324,0
0.18288893059090278,-0.17169499833425222,1
-1.1154992320141746,-0.0542857363930908,0
1.6364802364524722,-0.11107311894428284,1
0.950460520888447,-0.29489373490821486,0
1.630113071602485,-0.5889047623508412,1
-0.41483626710020016,1.1029418779351867,0
0.010747047212094726,0.33177976171281676,1
1.4613037460973048,0.17445619909292362,0
2.0068599310301956,0.23556040025679997,1
0.8991467881760103,0.013379287351488245,0
0.8869164455934491,-0.5870147784989055,1
-1.1702898246627398,-0.1550941254704253,0
-0.0017285706090632326,-0.1643201486607096,1
-1.3518277774766565,-0.047031382620603246,0
1.1525904315775164,-0.505262008737605,1
-0.21737294758719233,0.26506313759205236,0
1.9026949223020695,-0.007829300232515157,1
0.16160397319786707,0.8358273568213455,0
0.23677397873188427,-0.3069740858525038,1
1.2648986284018569,-0.2093217427224896,0
0.5322825428622306,0.056272660299760136,1
1.007267098356701,0.2498249677918658,0
0.3689932236733277,-0.010436147835352683,1
-0.9472546433584871,0.0433318817816539,0
-0.18111871604697455,0.5130879843615168,1
-0.21735625586438728,1.1224946883317923,0
1.0659595605594356,-0.6630128062970098,1
-0.2785211798991239,-0.08322990706715527,0
0.24983121319200974,-0.4436901094236521,1
1.0014260522946148,0.6073291145241368,0
1.8008157206114028,0.24744363694194024,1
-0.734530270990253,0.39028678690830276,0
0.8408230956893257,-0.4126776579054432,1
-0.7919530749542475,0.3448617278844728,0
-0.21579721124622386,0.26927138199161355,1
-0.9428488460790515,0.11096771674347505,0
-0.11903644863484447,-0.6200158911235212,1
0.5512859298519481,-0.07673337327170232,0
1.9910049741842377,0.5273402565957737,1
-1.2231805045261228,1.2767956882475358,0
0.04277428391589849,0.5311748422937397,1
0.7621938747323452,0.8187835758461927,0
0.8828506341593082,-1.0657007440820596,1
-0.9856649993769755,-0.006767759809972074,0
1.6198581983960756,-0.3374588399329037,1
-0.10201328058227552,0.9696734584160447,0
-0.06846140409853232,0.32357580064091856,1
1.0666413341269116,0.3401881714774243,0
1.557757001460007,-0.5256943892062893,1
1.0461668952415315,-0.15268521529500262,0
1.477042214535358,-0.23818146863878537,1
-1.4261370249172685,0.5026424027721396,0
0.06343465280827101,-0.7164455446776254,1
-1.4679617599934764,0.3549679100999862,0
-0.4098835599666319,0.03697605083554384,1
-0.9154690621888002,0.5693378200557035,0
1.386064942435895,-0.50283758252177,1
-0.7460665080940079,1.1348252218269639,0
-0.39260968117076267,0.09347173504319573,1
1.0323828224787888,0.8982962760206782,0
1.532398510963948,-0.582204086275022,1
-0.3254911864086582,0.6735854138193388,0
1.7159781016126348,-0.11785032077772017,1
-0.410529451514964,0.765062377567393,0
-0.0015676192853374266,-0.10410538066253988,1
-0.42588750890762284,0.7640766025674848,0
0.27836822719267823,0.6230932405364895,1
-0.942229582220801,0.7077537653376137,0
0.25521145197986606,-0.15419171811924634,1
-0.7941716191408563,0.5554590028146285,0
-0.5291782454987095,0.29625108919971743,1
-0.9991911560596348,0.23322982593134556,0
1.2817859404101108,-0.6965349510144137,1
0.9861975427777704,0.8274201662997549,0
0.6395860430502083,-0.7939717184431515,1
-0.36733578706349673,0.41057005922705136,0
1.549649309213273,-0.5439447364223665,1
-0.8918336514331686,1.285183529600244,0
0.27313350039024037,0.24529655151805435,1
0.31366679627340016,1.3007291177033058,0
0.36632037292527453,0.05167041309155346,1
0.885807810002453,0.6845413206479778,0
0.33121501819711036,0.41019336010024693,1
-0.7867763597104357,1.1886307144728776,0
0.6434146787483082,-0.18223098671022764,1
0.801734489447522,-0.1340177828092518,0
1.8514263692787138,0.3923313913738042,1
-0.9559264406960303,0.4718815776034304,0
1.8293833605414411,0.05818785956832467,1
0.6185059771028598,-0.007780863843674601,0
0.35401299737003256,-0.15217759059006852,1
1.2407848477149295,-0.13645272200320724,0
1.2012671312306344,-0.8626270986983516,1
-1.2048509424600722,0.6477865938051184,0
1.9577781190073846,0.252880266496112,1
-0.6119917441455939,-0.16752839196831965,0
0.3596844956708542,0.6985881607418672,1
-0.4761025790008697,0.4686352106293758,0
0.7775910832578833,-0.31017419721774553,1
-1.093146508975642,-0.5081109299956635,0
1.4860727167099215,-0.3383231594932944,1
-0.8088597981371888,0.8869959138616119,0
0.3358323414337492,-0.36392412116928113,1
1.1045182762340378,0.03307316427501131,0
0.09558101466593741,0.4500670331642105,1
-0.6342754925635272,0.5942017654747235,0
1.0508944184300884,-0.4159845622543414,1
-0.012654229813408469,1.0232174042094904,0
1.6633549345273246,-0.6083157445678253,1
1.0917943155662795,0.5550710765027304,0
0.1802071307808722,0.16554977442510888,1
0.31422217506459843,1.0106118242680155,0
1.9950899193711846,0.2612540981241005,1
0.17327758336822713,1.3233886767404135,0
0.6123202608815254,-0.3724860708764179,1
-0.5730236470016516,1.159839164726784,0
1.7821871757813763,-0.2156617141151725,1
1.1025207530389458,0.30084224281275884,0
1.7285718654684394,0.1846816436259891,1
-0.7568537610826858,0.9406321477938195,0
2.0498670810452593,0.032902743695870484,1
-0.5701484426515055,0.29501282069353496,0
1.2147027123349754,-0.743116990698196,1
0.44970167807425,0.7353118228316469,0
0.19605392975093602,-0.16296972212498484,1
-0.6656918455523051,0.39594299558370993,0
1.8981289895660518,-0.2850180298854056,1
0.9561156863540867,0.6209970487829969,0
1.7326400175158703,0.012131243397403846,1
-0.19676637630095217,0.34425526742090923,0
1.763390086309137,-0.2974507421668331,1
0.35740220877817513,0.8382911063943908,0
0.6273420596778536,-0.46792270382777384,1
1.000412402433849,0.47081482740993086,0
1.658433289890512,0.6776894118070365,1
-1.1542070490116068,0.8879440116302864,0
0.34815158152784575,0.22712685831704466,1
0.20116170812859227,1.4224534392354626,0
0.5708755310001612,-0.05790403385007198,1
-0.4721356740095286,0.5200218067484856,0
1.9015066145546808,-0.3195127564354845,1
0.04118641556989697,0.919655442679583,0
0.17506366214022756,0.18278659566850053,1
0.3787146031468557,0.20391418535794095,0
0.48296605398767933,-0.10133041830696349,1
1.0515458763575392,1.1499464736498175,0
0.8864458072276968,-0.49838937053404486,1
1.4720184662214337,-0.22647564544156612,0
1.088494067575555,-0.6005283197330057,1
-0.5138239666953657,0.4085760579196829,0
1.5315222716063617,-0.1814698706808368,1
0.936751264186075,0.12208203163080669,0
1.9772086157147903,-0.24794858121470756,1
0.802652245930986,0.2066772139103096,0
1.9895286287732643,0.557323237031832,1
1.108895658071309,0.08636098071845176,0
0.658302155863161,-0.13249623544996655,1
-0.6405097600678697,0.26719666403853387,0
-0.33399488395425847,-0.47856235250889745,1
-0.7961784907745703,0.48644931250660245,0
0.16049948446522133,-0.15697370817209788,1
1.3251609770519481,0.6868474741729895,0
0.6949681812070446,-0.8584925340166794,1
0.6673501527790366,0.752510164784641,0
2.0865941378555988,0.2913231648858908,1
0.49791970326524365,0.258587812019304,0
1.1572690448482486,-0.3316596147491543,1
1.0267872608962,0.8015187610590476,0
0.5403200862505598,-0.05888367650812498,1
-0.7827208318271863,0.17023984079235843,0
1.4918957582077315,-0.8153802236605094,1
0.03891095595980014,0.7621065546654627,0
1.1911549804713804,-0.9077453540073714,1
0.2736582272364183,0.27678036920852256,0
2.472445567754083,0.6837929046763189,1
-1.2715018918012742,0.4782574088806923,0
0.44966866059727567,-0.37938568475901374,1
-1.1890718266626674,0.6806617165132554,0
0.398650832677361,0.16582369046858828,1
-0.8613413438285388,1.1880350364217946,0
1.2257350809126835,-0.6881346167336739,1
-0.5662776137085158,1.2392565343806283,0
1.0923937755392308,-0.4719887852988738,1
0.9879227249020233,-0.08895211538244394,0
1.602484301313866,-0.03998053451830408,1
-0.029872229396082778,0.36733473502278224,0
-0.40178367167298557,0.0751970381734326,1
0.0376965570588334,0.7769490481965396,0
0.39514735603374457,0.3462203352991286,1
-0.53512754208285,0.7024474882681344,0
1.459831906627146,-0.7903523026389324,1
-0.8751659478878522,-0.21184132526382102,0
1.880381171055213,-0.011047643368067572,1
0.6164197310568225,0.37504164917003774,0
1.6615509428432178,-0.03459400826859457,1
0.6290935776939566,0.8734949616355334,0
0.1862872683139556,-0.7955143209768025,1
0.7842920259935139,0.39059248409603536,0
2.152441672275428,0.40564007199070506,1
0.16213327741844813,0.6312130677370589,0
0.9246397519873921,0.031667319279708506,1
-0.30339671394753864,1.2234387762394434,0
1.9107728338128491,0.4719725163780039,1
-1.148791640754137,0.10880385047503277,0
0.9802563290531445,-0.7400617524906075,1
0.9167826273885911,1.032442797169291,0
0.20124407326882465,0.6883663778772711,1
-0.5530580985525829,0.4175971963469766,0
1.980314588849162,-0.25687503683454066,1
-0.32780762990720086,0.19280054091936205,0
0.12434769670919885,0.4209694376663292,1
-0.3282725107381025,1.1021666091714437,0
1.609783614985027,-0.2583114935068712,1
-1.588634078330601,0.042539880956551535,0
2.0606735420488036,0.8608285814635261,1
-0.9767496574064294,0.219336652660664,0
1.6638557855240197,0.48687040749788174,1
1.258995714386491,0.4510980670563217,0
1.5291650201873435,-0.8152276643258418,1
-0.7287313037109276,0.09494490452994703,0
1.5214079434055676,-0.4982613463278268,1
0.9133907166140391,0.704797840817792,0
1.1395716586864761,-0.341728041748243,1
0.6329345598048536,0.30713704072570447,0
1.9044810851003018,0.15077863709381223,1
0.6602448899624334,0.08283330878102002,0
1.8384082498931626,-0.16809559229557683,1
-1.5205424487807504,0.17711654820643366,0
1.4067012790003757,-0.31214055957363673,1
0.8526009993303196,1.151669153513029,0
0.722836408751348,-0.20253341261181768,1
-0.7934232216243329,0.4196353073915577,0
1.1805978099635048,0.1994612793457809,1
-0.9301819205911781,1.3313453946228622,0
2.369213416943029,0.06011427439714068,1
0.9679046531460928,0.24033382299167189,0
0.4348416573917312,-0.686422376861697,1
1.2321232404484548,0.22194139079354785,0
1.2905816695652421,-0.4721146822751639,1
0.21690502886135785,0.9000445121027975,0
-0.20046515899930334,-0.5597025542357248,1
-0.8944146973307076,0.16571022329184498,0
0.7995292103969098,-0.6249182061349474,1
0.7410846076237831,0.5547174949961872,0
1.768274297139709,-0.42703134843024515,1
-0.487679857666661,0.1374884613965512,0
2.008310400046894,-0.3719292303364003,1
-1.4998480406331773,0.8242073275820053,0
-0.0537090907626028,-0.1706597402379556,1
0.7411378668791195,0.3121286024639846,0
1.279882847675223,-0.7875733068638989,1
0.12719031393557673,0.5569829752540294,0
1.9507357856841312,0.5954235540151487,1
0.5540883443756689,0.6384567869112495,0
2.396711917213114,-0.014271750595342539,1
-0.4902860537223225,1.1740976213959828,0
-0.18293307985316115,0.3058558242663595,1
0.44146702773149427,0.8143136120428546,0
1.787207948095331,0.7481899871905675,1
0.41305048094188285,1.379763489288794,0
1.8041196672033768,0.7796457489076547,1
0.5374144812259802,1.1348677728443786,0
1.0445734840236263,-0.5194929020299608,1
1.1752181038321126,0.035636900597667345,0
0.6583115619208175,-0.2806405294009712,1
1.0729222157822063,1.156254733554349,0
0.1894787907721201,-0.565614163148504,1
1.2928566961986903,-0.21630904393782185,0
-0.20751092444461308,0.6333991186487964,1
1.4917623357022767,-0.15850733676982665,0
1.455763341956034,-0.06761212514598436,1
-0.8557204456809133,0.7072176390698761,0
-0.11888432720635428,-0.613078467562682,1
0.9778848066055646,0.902254257411749,0
1.7929674302982423,-0.6471700278915271,1
-0.05230108346178762,0.9485209166138676,0
0.3446010791948747,-0.006010675926870934,1
-0.3387809322301447,0.3408958950691182,0
1.841552612741648,0.660582158081506,1
0.3415393619171912,0.5494021803547838,0
0.9249959568127238,-0.5451901563014195,1
-0.4550881554797353,0.9147668028728777,0
1.7070622733411642,0.015156096842380737,1
-0.15981884189533796,0.5528950661716905,0
0.7252272695936495,-0.056937262449524184,1
-1.2028310273118068,-0.3711430442662379,0
1.7737234902740926,0.2759490026009941,1
1.0481785178872254,0.41529218045159727,0
1.8629825654224021,-0.21096014249415823,1
-0.06614532492962077,1.4514745814832382,0
2.0574285462944397,0.14690267018009212,1
-0.7587318321119295,0.4154855110139397,0
1.0743445455001488,-0.861105331589633,1
0.9518762733720044,0.21201097760401044,0
0.6276042481937525,-0.5354202893636321,1
-0.5856960603781441,1.0536041683704738,0
0.06748158663861498,-0.11537382433992582,1
-1.324315480483637,0.3072106828063607,0
0.6931974519665824,-0.47502129306712304,1
0.5184589863417074,1.0082938689756888,0
2.089770250338797,0.08250638709900304,1
0.6145219143337205,0.6987210896487717,0
-0.1969881384974828,0.128364861336948,1
0.947877677785883,0.9402771759279742,0
1.7992164274993336,-0.3227062975500413,1
-1.0343841195299548,0.13267211979294402,0
0.9707875565461164,-0.3781498053531728,1
1.2281850313421576,0.3567370720525894,0
0.5580042190708154,-0.3775453525781774,1
-0.3817733100717279,1.4173288072768941,0
1.3324843977848189,-0.04370105583916667,1
-0.6994214009205599,0.5878216209864209,0
1.232494418791053,-0.15847843766393788,1
0.5776938354408333,0.24343090686849805,0
-0.15927336780781554,-0.2340054376559942,1
-1.5991735861841931,0.36267046864161934,0
1.9440541767347914,-0.8082679263006823,1
0.6916562260639307,0.6983771443596557,0
1.5486411773514914,-0.3379025405895156,1
0.058915237001571974,1.054764262401472,0
0.7084921780999882,-0.7391905440799054,1
-0.8262302274768172,0.5345893060291165,0
0.29328178134715216,0.06387810047946314,1
-0.30438420527581667,1.534187073850095,0
1.9585772590455077,0.19013601593419838,1
-1.4006205148447586,-0.1897936171419617,0
0.5059503284856863,-0.6970653474314944,1
0.0856216818093854,1.1195982655047299,0
0.047052999344697005,0.029785794798683818,1
-0.47723463528660315,1.464468310106378,0
0.15852372532064476,0.16351897757918138,1
-0.08663040757267737,0.6844592115577778,0
1.7389699716199178,-0.7187510458057472,1
1.09518121405549,-0.2835861829192816,0
0.6684309257597828,-0.597095427070738,1
-0.7235575002133086,1.053105589555297,0
2.2231625303367286,0.10581045713219042,1
1.1926410915161436,0.17741408320433638,0
0.258418055777265,1.3233192857818343,1
0.1764068594332624,1.2215898784255887,0
0.02316676319539248,0.23357520975386412,1
-1.0660535960576303,0.17885892167231177,0
1.522543302955575,-0.547729020524985,1
0.6866023115011688,0.9505208070299834,0
0.7600393647174275,-0.3393073731158899,1
0.7790917363969528,0.8486272199034994,0
0.5628886674431441,-0.08672247118263643,1
1.1331384461873737,0.6443569674433824,0
1.8265199020250273,-0.06650272194433074,1
0.8332985067177168,0.9074747312791773,0
2.1593680286553627,-0.17405917235279028,1
1.043588846271544,0.5757021115019351,0
-0.17935754550393723,0.026571243079121534,1
-0.9925867588359458,0.4767331578662853,0
1.0554420774931368,-0.3859513441006567,1
-0.1339909884857333,0.4683865675203145,0
0.9143255984188245,-0.52706032432494,1
-0.7176482360593839,0.5812361395746424,0
0.49141395017473266,-0.6947336341886354,1
0.9829932837120764,0.5449305964484937,0
0.22743640575016388,-0.3325399430840362,1
-1.241446619679989,-0.2901809875796779,0
0.3987508377218331,-0.6064583732231932,1
0.9519657484519964,0.5116394369754237,0
1.7960989744781601,0.4135878201440597,1
0.18789372367224932,1.5613759364294233,0
1.156468987480618,-0.25935537197109315,1
-0.3673272096958132,1.1626713657443055,0
1.654036439246843,0.4869218420938649,1
0.6331636574306219,0.20823392670305402,0
0.25407134881139165,0.009240276669964242,1
0.4789277500489253,1.1158246197340216,0
-0.08153405719299674,0.5352865053695259,1
1.0281046417795066,0.24338457535373748,0
1.342101087722432,-0.5255182637673788,1
-0.9639057261218664,0.5026524481993976,0
2.0685946032853892,-0.08820653352931818,1
0.819726419178034,0.41127446631872966,0
1.4477120648167765,-0.43583955311663025,1
0.6438046222408893,0.45715104298828996,0
1.3651223199823534,-0.7314601916452711,1
0.7521160527605384,0.3905025153130088,0
1.5794454975772174,0.177708214004152,1
-1.1689064615492466,-0.024710094450716744,0
1.4028177629360774,-0.3568841878449205,1
-1.133186656605335,0.10142952677078648,0
0.4505866800424983,-0.5768169364421489,1
-0.7619883786396452,1.4768239630842943,0
0.031092622380853474,-0.405427542065958,1
0.5344544456205245,0.6368554988258978,0
0.6468194451922795,-0.6530119892175055,1
1.003702057346918,0.4527240448726046,0
-0.0809388675141511,0.3747137366639163,1
0.7407534006317065,0.9214839527879057,0
0.2890376645142594,-0.32449014490482175,1
-0.9635331155434681,1.020222175238691,0
1.8888042151144202,-0.19845849150070827,1
-0.3570524930998001,0.7300230530453666,0
2.1545410678955004,-0.29272359540163284,1
-0.6950020000069486,-0.03865327688789169,0
0.16300694031756108,-0.10391234006672295,1
-0.8676135146530304,0.8324563806824062,0
0.14172839932558048,-0.47863435962269635,1
-0.4620561867064559,1.3281194582541915,0
1.9686179072224497,-0.23844282902098132,1
0.36344180048641794,0.6853445837362125,0
2.0034728121309473,0.4655672108376476,1
-0.6812069485053065,0.4005280201467667,0
1.7317201826411779,-0.3196754291342369,1
0.22174009619896612,0.848977782769815,0
1.9011977392407184,-0.6695313362488845,1
0.8358127169139512,1.04433989606318,0
1.8001299824314063,-0.6097845597057605,1
0.7263033567315837,0.8539897443141813,0
2.033704063667433,-0.41037420570506566,1
-0.1941956898861096,0.9413391151555673,0
-0.5134618651017335,0.3380225661978473,1
0.6215581201749936,0.3695629598822623,0
1.4694611293074782,-0.14693705790678235,1
-0.6834862988078612,0.8921047839915219,0
1.9212970093658386,0.20289167909528,1
0.7703302654162132,-0.4485113800321861,0
2.1035843493235182,-0.21779570338349113,1
0.8305154652837778,1.146730742144055,0
1.9208741919302736,-0.5805978510666376,1
-1.0173151551519921,-0.17809891349498627,0
1.8585572334998715,0.01786778676726744,1
-0.680626793930051,0.6623312255584168,0
0.5136651685612109,-0.35803982361102654,1
-0.26475875211678124,1.1416824166671296,0
-0.03635033496135018,0.05764717417458297,1
-1.2065129689050424,0.7189128005289589,0
1.2485413304443698,-0.4965333082700265,1
1.1708014552696944,0.1132929083736221,0
0.3476673361095575,-0.8263826755388617,1
-0.9688715494418542,0.15412579943858803,0
0.7589394558900628,-0.29904344324814436,1
0.5841034161293145,0.6623155301484285,0
-0.1795133788613824,-0.18630961095614476,1
0.44047808391433196,0.27062668029619474,0
1.7983954824900032,0.0119538310134071,1
-1.032827212910305,0.9862934291508338,0
2.0560542597167117,0.3201718392161353,1
0.5492331359652571,0.45151555902853835,0
0.6703324841826961,-0.40296579602697985,1
1.054323377745076,0.9914593234326454,0
1.4770528774783849,-0.27840389361425133,1
0.10299170638098917,0.8598330907609554,0
0.6254478600993092,-0.26859676916381836,1
-0.1800993838626203,0.6657962996961171,0
1.444025775561518,-0.464287041235128,1
0.8322513664134263,0.5040797705961706,0
0.043094604750097715,0.3699855254933215,1
-0.801428513198099,0.6096901569963933,0
-0.07676533726680945,0.15305337991089352,1
-1.0961601398535104,0.09095836303050801,0
1.0330323014800984,-0.5055276775089342,1
0.662530052508621,0.49025245555586117,0
0.1602442871257941,0.05557418218489235,1
0.81182626662472,-0.48685479797439835,0
1.3654091551391565,-0.8797719396578321,1
0.08204219876260466,0.4538868672645281,0
0.7542158159290977,-0.2993108837744957,1
0.7423070095672433,0.7927248648098468,0
0.4109873862089747,-0.1550014465855873,1
-0.7437923218298299,0.2815900111917194,0
1.765282151957421,0.2953024425209593,1
1.0566285277713123,0.5986130804567985,0
1.355469341233578,-0.39635405650399935,1
-0.8124187481421251,0.2130069470022089,0
1.9905445070889178,0.5374543515470919,1
0.6707541991407835,-0.04778781552845662,0
0.7247779670924147,-0.07128157776442853,1
0.8927361932240062,0.49408246196395955,0
1.206881439385331,-0.5707774614688653,1
-1.2472976416217785,-0.45510657818791317,0
0.6754406661028662,-0.2833732593588132,1
0.9714211127838278,0.2862880950283216,0
1.9797900142733673,0.9347428763483618,1
0.2576958861792007,0.09312633237600915,0
1.4258184218008452,0.14414579762337185,1
-0.4329188013838728,0.4671489183184039,0
1.6224105452757895,0.719282036760186,1
-0.26707252524575537,1.5709588494640894,0
0.1774836180172723,0.05434164432953606,1
-1.044106173347486,-0.5590919322010579,0
1.4135091378677673,-0.15708696665252475,1
1.008485930487793,0.3455600435069461,0
-0.12057959867451423,-0.13235592768061236,1
0.28768833906970437,1.046475673288533,0
0.26516816875419186,0.4665801017987585,1
-0.72073422834486,0.5968471344126699,0
0.651491174738414,0.24166155989829946,1
0.7370355871007249,0.8214432390227114,0
-0.26097100780803856,0.3565717734088748,1
0.6004431443499104,0.9413464613800535,0
0.07417481078918456,0.6307484488225361,1
-0.05241781606141731,1.2329322415632669,0
-0.07557463992515617,0.2783835653163701,1
-0.6189918106930749,0.5141903454276852,0
2.3620713026953855,-0.1929730139740939,1
-0.9572112756302261,0.9280081910188928,0
0.09870926569371734,0.17306167612469833,1
-1.4312331552362811,0.2370282999471132,0
0.13344701266979894,0.1707390780252303,1
-1.1375147201995783,-0.59514010732028,0
0.748342186133485,-0.5149179469197845,1
-0.5507609445422982,1.1920458897140063,0
0.04414693189635441,0.03521184345480177,1
-1.675492941639482,-0.037120046149236544,0
0.8377463385517624,0.179328697843954,1
-0.439989769220689,0.7898919516257392,0
1.3905945769544414,-0.6307931663585491,1
0.3160315228485819,0.9093119255291693,0
0.13018661819091498,-0.24659502427635488,1
0.38937137483920226,0.36339548426182344,0
1.7835778147320276,0.20050581165405798,1
-0.39380458122907236,0.7153759338321859,0
1.2991633996580938,-0.42975532284017365,1
0.8281155939949841,0.36311347049245424,0
1.656685164431995,0.04859219158738565,1
-0.6188839794628818,0.9212292538545925,0
0.8154144269412488,-0.7845528809257611,1
-0.6517035410000339,0.954696278320899,0
1.8998960954852993,0.81451449934976,1
0.7170864926080175,1.2933378421605244,0
1.4215111089956887,-0.6137115430629441,1
0.8764418200023025,0.8339943423714551,0
1.5333832133999017,0.4613326013188262,1
0.5525218081641305,1.3364178145331564,0
1.030201284203543,-0.13248070244286536,1
-0.21618421226098616,1.3327639872829709,0
0.21830911948716192,-0.5880528934612894,1
-0.6401071455403309,0.7832294018064466,0
0.8353642112107829,0.026440769379166618,1
0.7625391645366925,1.018793785722567,0
-0.24877057277421627,0.4987004802624659,1
0.9781538876814116,0.944445333201607,0
1.5892700678013485,-0.6494349662978063,1
-1.084081772231509,0.9046960083476798,0
0.46320028699108023,-0.31393310453880324,1
-0.5122727528629151,1.243307390496431,0
0.10670846288109502,0.1645533896116505,1
0.858325647440562,0.9174550602906326,0
1.283983092615336,-0.5685495391721425,1
0.0248032287893995,0.8861214879935408,0
1.8175049846754399,-0.19809704162545955,1
-1.109978635685069,0.6160786431938149,0
1.432129443917939,-0.3298251804971569,1
1.3050310851643814,0.16815636316006458,0
0.7685908184246479,-0.6348379115892592,1
1.0528578603675907,0.18820851276717265,0
1.1071883334906039,-0.5862110655580034,1
0.3880356113349402,0.2969731147014347,0
0.1254936900573161,0.36175751061974426,1
1.4422069959277106,0.03169578565487688,0
1.519414565495015,-0.07546446372713297,1
0.36165513670979405,0.7289759827069922,0
1.1495881826512615,-0.10223953603703989,1
-0.8094046507933583,0.23532554689070512,0
0.7116962844390982,-0.25538420839663145,1
1.1440851581388665,-0.1448479637395812,0
0.45246772774160116,0.038874050828971524,1
0.6428073260886304,0.2330975526593066,0
1.6236945285709155,-0.5240811367713719,1
0.4441686139557685,0.5285074979054685,0
0.7899159845960291,-1.0039721672843605,1
0.09232615316693382,1.0746523231883287,0
1.330525549497822,0.09461297450903677,1
1.0290465707217422,0.24279510326263382,0
0.3913060753369205,-0.5257321851432668,1
-0.7813125150739804,0.6320362225022174,0
-0.0508460680912408,0.28031037921780744,1
1.0289532460070328,0.08319894861692777,0
2.2466349751377077,-0.1529610452084547,1
1.0125419703918876,0.20022402033272602,0
1.4191009031643644,-0.17768143826611907,1
-0.9364691327054315,0.9114790274767601,0
1.6109328149640096,-0.2732955514852435,1
0.3294701912049248,0.8044025175857923,0
-0.024982379039299348,1.2195901946945928,1
1.169265491691228,0.10242686618694374,0
1.857047305325733,-0.0006759808797586753,1
0.5792485780210669,0.5435291055456906,0
0.2085692687142176,0.04006340284560117,1
0.5597416976430819,0.7224166790543477,0
-0.15150388036003853,-0.39648353599721536,1
-0.8757391446621439,0.4257175015130821,0
-0.013902737115456785,0.4940447378464313,1
-1.237961449799637,0.09751299443269917,0
1.5732004304991427,-0.8568443881744134,1
-0.8024722264751679,-0.37686807297926883,0
0.037568161369805286,-0.41119773632852313,1
-1.1390613324292127,0.6490488093482698,0
1.4892554587720683,0.43917957215092707,1
1.3554111777322309,-0.323364924831661,0
-0.0031016417931147263,0.28534430353567974,1
-0.47251432812723837,0.5576560571035781,0
1.2312254932264346,-0.6740414107370669,1
-0.8561977382375157,0.10850137975460039,0
2.0443220602301424,-0.36735004054233833,1
0.5996888203501317,0.8406541420242728,0
0.34444137843226025,0.0825422686468954,1
-1.2050678814254356,0.7401586505362965,0
0.49029416083043764,-0.3914487427630949,1
1.0493763325909269,0.3328036379638445,0
0.808444727172099,-0.820066420356661,1
1.1501656315857338,0.8786471625786547,0
-0.5239199242529553,-0.14090088758495078,1
-0.7213015303362167,0.7419135024229404,0
1.3264077864694694,-0.10402998104916328,1
-0.3599636293987424,1.3330481759945914,0
-0.3861917751179982,-0.06779000068478325,1
0.3555869234582709,0.8520726914708948,0
1.9004277709797033,0.07549053133260955,1
-1.3069711305964338,0.1312051009438239,0
0.5914398465154875,-0.7497756530030636,1
0.14074183692441006,0.854075918324519,0
0.36150569529336823,0.03358131543959428,1
-0.10513578948491403,0.9760913950762837,0
1.4199017549984008,-0.38366533570036476,1
0.8849244311408617,1.058072891663094,0
0.20993412391551974,-0.007825781624001962,1
1.65846131655037,0.49955675097726765,0
1.6851520268991997,-0.011351878656362668,1
-0.7461606721937211,0.46510173091754337,0
0.37306518104265796,-0.07324625640692031,1
1.1350880231868428,0.3386947063489593,0
-0.3264901597219988,-0.32048466472588477,1
-1.1888558199753583,0.3503998174689271,0
1.9617537522033843,-0.09943394015065518,1
1.1647895705106712,0.6136611569231156,0
2.0088115717664525,-0.38699415761919487,1
-0.9380131133831322,0.08314498941623645,0
2.3144087685683297,0.819227280566283,1
-0.9107668411073413,1.0861023319254888,0
0.45688392393391614,0.06481889585121209,1
0.8321729598503542,0.8617147709482451,0
2.1618805129775045,0.17032941870414803,1
-1.0617049021894367,0.36872790091387075,0
2.1325868243244557,-0.38281296339064813,1
0.8619141153713341,0.670316280519111,0
2.0579117180901165,0.93653537454518,1
0.8187877427885915,0.6334181798412625,0
1.5503120099552576,-0.12811963994940834,1
0.5176446296741585,0.8486533384061983,0
-0.21556139805850466,0.29331738229512283,1
0.575452826550298,0.6934742256568102,0
0.6153058587871802,0.2479477395460658,1
-1.2084284794688736,-0.30453370083684694,0
1.1679122718325305,-0.6158725779454113,1
0.9449276709999624,0.1887603502037803,0
0.9041776551923241,-0.4049372205314462,1
0.281444577024129,0.7531123630120878,0
1.4604390568549672,-0.8529574922852157,1
0.6972193467425709,0.7216856886337336,0
0.4574229434357295,-0.39843679733374265,1
-0.940444432166047,0.47995912358000437,0
1.7633074274784428,-0.3830168917254302,1
0.2512629575490546,1.1495742881008708,0
0.6053230843954378,-0.03875719128613109,1
0.4020879468131898,1.2594238687551849,0
0.07115395203681507,-0.4773592218849553,1
0.31742138167769796,1.0558743518924358,0
0.8948835850863066,-0.961116469541552,1
0.4737469296197284,0.734253086162526,0
2.1208964262053613,0.450432422755099,1
-1.1492170052055102,0.4371278642009077,0
0.8089055460613248,-0.28885287918469277,1
1.1904358997572027,0.3886489485219374,0
1.9276974951784727,-0.2508699917490861,1
-0.5138837898297428,0.17430196209765153,0
1.9728449045564895,0.33929940061756897,1
0.9047421944269362,0.32438227094892214,0
0.6026709202341227,-0.8141217413869257,1
0.8669647238885022,0.6386595336359189,0
0.47660891476615364,-0.2959618927891433,1
-0.3361552933718814,1.2130312042583768,0
0.12244690550268644,-0.10221460407111249,1
-0.5193022625833035,1.0280336339245273,0
0.6860111576752759,-0.18202007241682544,1
0.19577987064977476,0.864954711139013,0
-0.02542711253878137,0.2935811186625035,1
0.5364855477863394,0.6669051707244043,0
0.08994322161192753,-0.06827178212984025,1
0.7661402975495079,0.5402412309035939,0
0.9057587670035807,-0.11788499050920298,1
0.8321920742573995,0.682185778176815,0
1.279606465095147,0.07114216411762098,1
0.6137804859147934,1.1154126670900404,0
1.852364835058627,-0.26437971757053413,1
-0.021578888957414194,0.996972928439106,0
1.1109968641550285,-0.8577064308154896,1
0.47566827903653613,1.1354926989511787,0
1.492297739667771,-0.25920415437561733,1
-0.21036668851156323,1.1914441860888247,0
0.284167220994676,-0.4867192253188174,1
1.0354048242174136,1.2437004361265251,0
1.3190233153932984,0.36825554179117104,1
-1.6516884415000037,-0.03334638810819779,0
1.0580948887922503,-0.37440178094804627,1
-0.6911860100645149,0.05586875534767555,0
1.6881902813565668,-0.24247597678100077,1
-0.17982503809306116,0.940752837143929,0
1.3482641441122476,0.10039608288044474,1
1.122713560957662,0.33484738193049984,0
1.8081926151334888,0.05291486629743722,1
0.4408820695996696,0.6033304482981785,0
1.4203793631205794,0.11436100668179489,1
-0.8975876555384935,0.7940218556489814,0
0.5172773444122207,-0.06399033841140186,1
1.0244826414561146,0.7411720542762803,0
0.2409934788253638,-0.29227236642426835,1
0.9628225996409129,0.20401648550417117,0
2.243673870189482,-0.024663989723813576,1
-0.8049750707401364,0.5880826204242586,0
0.9771581949498032,-0.21470511995142216,1
-0.04175482302206063,0.523046020564656,0
-0.24798313607530098,0.15888895807535144,1
-0.575434945078905,0.6924429331341262,0
0.2909847710856699,-0.06967754889509326,1
-0.15029020133417334,0.828845134006408,0
1.855668684540855,-0.8378732463510327,1
0.08134231424743676,0.47773737932730054,0
0.99872031582197,-0.8101242425210395,1
-0.5090134699383554,0.3915291104478271,0
-0.04171724361040465,0.3969891605132892,1
0.31800981768923353,0.9592579471855385,0
2.529898002145178,0.15212277041522887,1
-0.8492314883772062,0.4944965238095468,0
-0.052660945729703534,0.4116551595357345,1
0.6203909385838658,0.1793146612819248,0
0.4906056747381197,-0.0843325766690014,1
0.2514864265283814,1.2764030656668166,0
-0.02616893815645216,-0.6825945691828712,1
-0.028118318114186525,0.6856153674754478,0
0.6628999005717209,-0.5525001939950458,1
-0.7756795919802428,0.9334078890984276,0
1.0758840179466496,-0.3193771004541398,1
0.32506340607145146,0.6457417923411779,0
2.274598663333427,-0.4195320839819825,1
-0.6480096580379835,-0.07007908426005072,0
0.23837933995485358,-0.1134775133273219,1
1.0991997372536744,0.7449830215842537,0
1.854205133507862,-0.5584596145191899,1
-0.3586158961561161,0.7833782635236783,0
0.3768611404629707,0.5563635152619707,1
0.636733985378177,0.4111205883908595,0
2.3600921598158626,-0.11531866489749612,1
0.5391577373846526,0.9213491402203365,0
0.9846170254343452,-0.3491990248106245,1
0.663069763508987,0.552679578356472,0
1.4214596984842385,-0.2659690902847991,1
0.2105805599282557,0.8305751881082036,0
1.0353938225998807,-0.43850971519178894,1
-0.08004170034268931,0.9289329879708439,0
1.4638424901033953,-0.33694229893357486,1
0.1728969784386793,0.6661778518458463,0
0.6631325559528982,-0.8568457619524878,1
-0.6310625229785548,0.41159924195692005,0
1.4427572972072669,-0.35763629053948565,1
0.29459702795328396,0.9902317893533941,0
0.6363870986766509,0.3594211881477968,1
0.6865193239052143,-0.09186839169748301,0
0.6630513570395412,-0.31186595367240055,1
0.07250854091353454,0.6197090467783635,0
2.188507572325065,0.4154943762667204,1
-0.6357222483721021,0.3339503513079577,0
1.1383170645827243,-0.5015883451845105,1
-0.7468678138191771,1.055774362161725,0
0.6836412507855834,0.2246733857736033,1
0.6642656101557249,1.0075577031645286,0
0.9616901018775071,-0.7271002931358186,1
-0.5016078005315283,0.6754793308567489,0
0.7298297415874304,-0.10812334361762233,1
0.5918289182017616,0.7222327216374,0
1.1401044889220753,-0.441295864520055,1
1.2733546775837732,0.34055632197461017,0
1.5267808804247673,-0.32551882741562577,1
-0.2947634699757593,0.49146355168726097,0
0.2595951935365134,0.10904268378735177,1
0.8966284262172064,0.9727683067511633,0
1.4622798163482404,-0.21611238906580282,1
0.9794241345376313,0.1850367926442917,0
0.2939267718888028,-0.026723027184197126,1
1.5168187080631612,0.4941722671289443,0
0.15338902476452898,0.20407602321903046,1
-0.5313061613726356,0.7466013033921035,0
0.7661537458770336,-0.43780588980014823,1
0.4865137886624573,1.2058545292024372,0
-0.15062663556354938,0.22587883644934886,1
0.20026604219833954,0.6584880271193958,0
1.2001182042780907,-0.7424318580705807,1
-0.21773564187295824,0.6970240984470124,0
1.4932916048521623,-0.7627741027535824,1
-0.6971709718943142,1.3831005302706831,0
0.17013107275636857,0.6646371469139336,1
0.4123748471124209,0.5357527648657703,0
2.2622857097032316,0.8086067259451696,1
-1.0505872288269742,0.6841247871272805,0
1.9974457036625723,-0.576430973758171,1
-0.21427902268880883,0.8419630769487618,0
0.47894745309348297,0.4645819426708836,1
-0.880439548534721,0.3145734089545881,0
0.15934371243628692,0.6876364125121607,1
0.8858497590686693,-1.0135880508830617,0
1.2970347130005329,-0.23333461607707234,1
-0.981527605273397,-0.35566630516426334,0
1.539379864673783,-0.05451062178259741,1
-0.8605362802251659,0.41006851053596965,0
0.45784598393398285,-0.15860727553986395,1
-0.717258766962015,0.39665755453762497,0
0.9438094799536827,-0.7895060334034409,1
0.25121022673952953,1.1768168728016384,0
1.478185451251357,-0.18139469417133744,1
0.598657275313135,0.6315960694462521,0
1.6454442634741229,-0.408170594328204,1
-0.5857565608170748,1.1378251412051021,0
1.239316022824927,0.1991598795442735,1
0.5978278272158705,1.0573597621162247,0
1.6594142562269816,-0.37298198826056406,1
-1.0124068425734136,0.7826445835969656,0
-0.52571674190916,0.5798390858992886,1
0.9278941360408021,1.1465048962061049,0
1.6929964563496944,0.46744452787710045,1
-0.30877821735084765,0.525288304010864,0
1.155059497576099,-0.8701490122079967,1
0.09609364548937405,0.6557363977191566,0
2.2425167145536737,0.45448423772385865,1
0.7027375825486081,0.40311143607352806,0
1.8654098729725102,-0.269562265676866,1
-1.6964035461690423,0.6705869056826969,0
0.21739447931557238,-0.07442953578152928,1
0.6664386700035045,1.0061566689928783,0
0.8223648772987852,-0.4902030229654669,1
0.8864264068883869,0.42943096419313653,0
0.2725938033049794,-0.8275492635572659,1
-0.7257370160211829,1.0131838174653813,0
0.8778984838072231,-0.45301027995547327,1
-0.5744696409006083,-0.507562233201105,0
2.063803816075338,0.04582982240076447,1
0.8468558326209035,0.7280513732763607,0
1.9280851574141404,0.3265615173658343,1
0.5859686266966182,0.37380743270787264,0
-0.09138499212924109,0.12739066645673947,1
0.5587426845820229,0.9518814340900891,0
0.8551772051579447,-0.6195912944717934,1
1.3043967537615697,0.42730948546592884,0
1.5529533739184544,0.3695752110418113,1
-1.173786149333473,0.15634406909320442,0
0.48910341883602865,-0.4690065515847862,1
-0.5696278246712987,0.08928786480788689,0
2.0590389336346533,-0.11262527352581159,1
0.6510343855469433,-0.013731489710371636,0
0.20723355629456905,0.5116181063400922,1
0.3680894010147671,0.20696659940276807,0
0.08855483386195759,0.15218026370916882,1
0.6461390924255069,0.5079313640558241,0
1.809558587855821,-0.5893859321450512,1
0.09293444728239653,0.6402968900042296,0
1.439608568365873,0.26536839129421297,1
-0.07800025879594531,1.375815378818512,0
1.3241042199922461,-0.334489829720115,1
-0.1078236986526676,1.133821729126642,0
1.093894382425141,-0.6897568746955396,1
-0.7884478538514781,-0.4559114476337073,0
1.6538259268211075,0.04899722534435513,1
-1.4061471088719244,0.009373312042505577,0
2.2178452451851345,0.45661439594754116,1
-0.8636531391166739,0.308537185605241,0
-0.3375479008089307,-0.3450274087636488,1
1.3280954554701925,0.024230579229079077,0
0.9906552809030036,0.19357711152841173,1
0.8054294757303779,0.9240600328568113,0
-0.410947795606485,-0.08142294139582668,1
-1.0814459476891072,0.2075503777634357,0
0.05283326252477064,0.15429248878790805,1
0.11531216554476692,0.9385712582819586,0
-0.0022379113429894654,0.13827189151251473,1
1.1396531622310737,0.006119899084032015,0
1.8919335472202978,0.05453465027783499,1
-1.2232280932138437,0.6278942804355645,0
0.9779847188843351,-0.15892592546668544,1
0.6594041921982225,0.15765617917934371,0
-0.37291971488036274,0.5411012997886011,1
-0.9613754666411181,-0.16894538812490378,0
-0.214889346761251,0.6197476655449661,1
0.08219069376692556,1.0011737686824376,0
0.32375765501623,-0.24674344169685397,1
-0.6988682590139124,0.46145358671504666,0
1.084859273473009,-0.199120722810022,1
0.31730024902385473,1.0243733075473442,0
0.9564786912487577,-0.8044392731539214,1
-1.0142727290243176,-0.09343356542230508,0
0.3519182654106489,0.2557807056091869,1
-0.8671171387908463,0.7807105725417147,0
0.12848418715708532,-0.20451783223929548,1
-0.8406898130653155,1.064700945071498,0
0.8396813720024763,-0.5657621703641162,1
0.7514562001787469,1.0794466831708478,0
1.6312134107052527,-0.04639555244618013,1
1.4332718755698814,-0.25531145724742904,0
0.4375133887595141,0.9294977886334682,1
-0.6867889045793378,0.9948960189748409,0
1.6083254526979498,-0.15551273722435033,1
-0.6806328366671038,0.34681592015913554,0
1.4548535465069041,0.29614488367689895,1
0.45833581625239983,0.91154494408137,0
1.7468605746392691,-0.21095319611271496,1
-0.8538530410245109,0.13725163033272525,0
1.514411576318265,-0.3929799077463725,1
0.786915713965076,0.5103174545713985,0
0.9478803116398741,-0.5705939506148502,1
0.8862895854410511,0.9235360750495354,0
-0.06679767690708546,0.40800791476415826,1
0.3189641610285003,1.3491163401055264,0
-0.2401611535678851,0.622667574989158,1
-0.5555371304242972,0.9671612827983558,0
-0.4709906506868452,0.3151478898034954,1
0.6434585903071945,1.2157237711108684,0
2.4281367640745004,0.37467189491507635,1
-0.8142467602605469,0.25136596295117514,0
0.2280871372152938,0.14126291565026847,1
-0.5483633248357127,0.567588717179191,0
-0.26465109495281963,0.319311674048202,1
1.3427370798290632,-0.18954642534709443,0
0.590914642384039,-0.5875060456779655,1
0.28700169352127747,0.5484915081423463,0
2.095821197766092,0.16224536950105514,1
-0.9020141724118942,0.2776429443659967,0
1.5516167087974722,-0.5685312763534915,1
0.7702727095580852,0.5985125099709185,0
1.9880379059746853,0.06283082901268636,1
0.2527805502171111,0.9135499048983775,0
-0.1123444908547884,0.4000276344805356,1
-0.1637717352028939,0.9111383370168049,0
0.3491384701085285,0.11098247979797704,1
-0.13844997015026073,1.025288871883616,0
1.521466780225671,0.3873048617473159,1
0.8387718110266006,0.7537394369403511,0
1.771030689306282,0.4044426831751743,1
-1.0598180523550214,0.20741038663025677,0
-0.04022171746731915,0.12060639136272455,1
-0.7205571240288511,0.7598657820879713,0
2.0807087423678134,0.7725792073219468,1
1.4116109491005375,-0.23831466055819614,0
0.015375885073522805,-0.08191124938789704,1
0.045477926254171006,0.8583179364137079,0
0.3905878811872101,-0.25260447958744325,1
-0.46734119217649756,0.8332100208174291,0
0.7813988072500271,-0.44337937783179815,1
-0.6450011183758566,1.0955905869863234,0
0.038841154049404414,-0.22647094289770303,1
0.09912143664988074,1.4912117262848084,0
1.0260721890787863,-0.03985752784337954,1
-0.7096444577772385,1.0122236237961064,0
-0.15678903148226017,0.00962529387864075,1
0.05944319852582913,1.2256196445192442,0
-0.2083873506057336,0.4224471909898177,1
0.2072242969150112,1.004586579675848,0
1.044053631283641,-0.5615909208643881,1
-0.6447657431809113,-0.13607724924482667,0
1.9650251820226767,-0.16827633754508248,1
0.523200343015987,1.1610369547978996,0
1.3786359785296802,-0.4211566394896376,1
0.4483954464802321,0.25248745522991484,0
1.2435444548020331,-0.3586373917542377,1
0.5188006530984612,0.5779476952758092,0
0.768524193031054,-0.40991470707816,1
-1.1912763142574907,0.368056239188665,0
0.3857137872904842,0.7866465135731323,1
-0.6847135320097414,1.0075474512775333,0
0.9607847930949858,-0.94919067965333,1
0.47115264184742633,0.551322439475161,0
1.5877545949585221,0.7647248791657668,1
0.985208619975753,-0.0266850721295825,0
-0.10021164071008859,-0.471700605608069,1
0.4357795663504499,1.059586393847385,0
1.1341099492347249,-0.1432713850631721,1
0.7153046264792734,0.4854394265768363,0
1.5146507926979336,-0.5829317017079376,1
-1.1032370705267711,-0.46383038590461606,0
2.053801581877428,0.6432281423465217,1
0.4556458149907514,0.7206813923541537,0
1.9844695944773638,-0.2615001842875741,1
-0.19101589997066754,0.6562106825689971,0
0.7820493180264434,-0.37313947072138165,1
-0.8939160482093279,-0.0734235139361242,0
1.2053465560572048,-0.6327216708791479,1
1.1381715689321443,0.45662455174651784,0
2.0781602754453044,0.043656888048610815,1
-1.2869620585887502,0.5902209089076217,0
0.4710251052812949,-0.3637943938315816,1
0.7150920458363127,0.6683005616387239,0
-0.02847423826329165,0.1921106199383553,1
-0.8776872610687689,0.7407283477519274,0
1.652109010242448,0.2848939482879203,1
-0.882155539784876,1.3506976408932867,0
1.38803230253147,-0.24635914242935159,1
0.7074996556265807,0.42126187662893616,0
0.2553352376353073,0.05985003127889654,1
-0.888882486498189,0.2467326991250206,0
0.1734747700546538,0.39287589281756985,1
0.48560450933054494,0.407595934686115,0
2.0113608987593867,-0.2803817983818681,1
0.5040205946134926,1.1473563640075333,0
1.6543907041089205,0.04814865113248529,1
-0.9293852078008776,0.35886537638303234,0
-0.3735861046199423,0.22552622142092033,1
-0.046603378643074844,0.4930332488676425,0
-0.17904014076031044,0.19853628402197904,1
-0.19165056602221311,1.0551923011139392,0
0.1607807882977253,0.4635867452756302,1
1.1692115226361148,0.7825357117482064,0
0.9890243867353886,-0.03556699621594098,1
0.3700976353358344,0.943496351018256,0
0.8700558965644538,-0.5602910496215835,1
0.4726189189628832,0.8256648046272878,0
0.8664539430988789,-0.4562265005719963,1
-1.0470714562475207,0.9228850963036587,0
1.5717087402420964,0.6161147723837437,1
-0.4477380316035569,1.1556471144239928,0
0.1083798885250144,-0.08214232845186617,1
0.1509242707960798,0.7182021192622845,0
1.1977970472651909,-0.33689600069304715,1
0.6335019522482499,0.4865152418443843,0
-0.684976972211633,0.18142327297199545,1
0.7325434916313467,0.01336720435144556,0
2.279138352046207,0.2778009574649217,1
0.23928928912789682,1.5241196870428477,0
1.2770591490442855,-0.8560697401783595,1
0.046741317640719815,1.0836069168230142,0
0.0952810136171005,0.6213172969650406,1
-0.696484858456202,0.3126850743079868,0
0.49066752043861644,-0.8956841984358027,1
0.05703493063499994,1.3544476021701075,0
0.9268345140492966,-0.5999453762915059,1
-0.2603735667279274,0.8588416362020383,0
0.9933902808436152,-0.7691445130539272,1
1.0685215348172903,0.02126487987533804,0
0.6209754835224572,-0.06746341809366119,1
0.2645975134846593,1.1226951972047863,0
0.3686814937698431,0.775486072312815,1
1.0376638973561636,0.1790073019027748,0
0.9407768218202882,-0.7498666351089128,1
0.6274263620948703,0.34584127695646255,0
0.6373007589390149,-0.41060882382711783,1
-1.1601652694003768,0.5555694209872937,0
-0.3292809209816081,-0.24288524361322575,1
-0.3722230447411876,0.9619238513040025,0
0.32275428569946885,-0.0033820680153595975,1
-1.1811121610170119,0.5390510204710031,0
0.20702078003119098,-0.36312053329621014,1
-0.4728761999112454,0.716844058804831,0
1.7895184388815104,-0.7096307184377895,1
0.7677759330907159,0.8353296036244535,0
1.651676268227377,-0.24356474923888138,1
0.13174984973664491,1.1554886039535606,0
0.6824685641292532,-0.7381182536677633,1
-0.5334375820768464,0.8026120401933724,0
0.6939359124429929,-0.6575485912104093,1
-0.058474303186236365,0.8177873610953493,0
0.5674778306929054,-0.17538437681290947,1
0.32231890121007134,1.2646692536416737,0
0.9120467194887751,-0.02083618730431569,1
-0.20720160763775652,0.6011010129352083,0
0.4519528955998228,0.5792235403381987,1
0.20080237885698793,1.0520287847563277,0
1.1837764365201127,-0.4275508452418598,1
0.6478106571561653,0.575948083039172,0
-0.013445574064674812,0.8772569443780902,1
-1.1598345935977195,0.12299340362603689,0
1.8414599282135917,0.5153346102194083,1
0.3363262937893592,1.0769491720765614,0
0.6961264259044626,-0.45531205091715105,1
-0.7310638772064376,0.6875332901962595,0
1.5483138668422356,0.5366804463487982,1
0.49625410243893064,1.102564892385746,0
2.0020768245529106,-0.4593132235252744,1
0.5686129078400844,0.3318155440837264,0
-0.02054579872594596,-0.19151323952069116,1
-1.5763336398747754,0.5871508318312908,0
1.7517734987146727,0.5912741847643066,1
1.08745495876851,0.5146297720082162,0
2.075936313066724,-0.18909548056033065,1
-1.3113846610226345,-0.162022327000094,0
0.7191810546909947,-0.40982486325535644,1
-0.8612860282408753,0.9437946377297829,0
0.31457558624815984,-0.8712236883468865,1
-0.6626953909760409,-0.18724658455152693,0
1.4572013367158203,-0.323595820949146,1
0.7607426102696968,0.06969379109053842,0
2.29114872703744,0.4231018569671135,1
-0.980042368420502,0.03713768334500845,0
0.6405330104789677,-0.040201669225969766,1
1.0127854881281075,0.4682841280947919,0
0.6551225705780094,-1.3475621866414271,1
0.7218491869928919,1.3905645248024427,0
-0.20992725994773595,0.24658743321875493,1
-0.628149485144256,0.2529276280903754,0
2.1205885875071457,-0.15909662370103897,1
-0.8379411940617318,0.21033483991234644,0
1.659258525049533,-0.9163813448588392,1
0.508876884643392,1.3262135879396326,0
1.461161934837494,0.15084047181559923,1
0.08629634098834246,1.268781686169769,0
0.8080045035647476,-0.504037483748895,1
0.6262943297993765,0.49358733836902946,0
0.01929444266568233,0.20371501655466376,1
0.5240923009496717,0.5875919633738662,0
1.6012227156694556,-0.5559205565517075,1
1.2710441756973692,-0.23169342686476305,0
-0.5725089807096837,0.31719107932415125,1
-0.00109909001234465,0.2913328606438661,0
2.2641738626887697,-0.19832311616206164,1
1.0492360588787781,-0.29873110168395645,0
1.8369535450213204,0.1655260718279538,1
-0.279478610176484,1.7007657066215578,0
-0.14890305007035076,0.24303060324453893,1
-1.1554129356399767,0.912814789967012,0
0.06074941680609858,-0.2129517904225004,1
0.3433702825492416,0.994046568489065,0
1.4874119028213864,-1.2043600178348304,1
0.3381514910882565,1.130805411216104,0
1.5326192636593972,-0.13484207984075702,1
0.9426517979057403,0.23554555879232547,0
0.7929347492347332,-0.5689654887190879,1
-0.8267583025590229,0.3916250264036629,0
1.3610532250465428,-0.5873557143585988,1
0.6648716388219584,0.09149111374596561,0
1.2123425563060057,-0.2781714036436858,1
0.7834872687012021,0.31669144736994614,0
0.6493628876330662,-0.5870584690722529,1
0.4860483550008655,1.2055076678345575,0
1.7904818971556873,-0.48850163433733435,1
-0.6542027733569692,0.8072606807929881,0
0.08898387815392628,-0.8230698063937028,1
-1.141926757547044,0.09864916120672831,0
1.6057388660233456,0.5461185745410981,1
0.5162434508021514,-0.016729472146615576,0
1.8422266509909069,-0.09844882162382604,1
0.9324188499905871,0.6174118919612401,0
0.8142362732521794,-0.8947536892166441,1
-1.0682384308486566,-0.37471441662681015,0
0.7981990802186409,-0.32345511317894704,1
-0.9473210113288405,-0.004012493010210547,0
2.109282675293499,-0.2356513211621204,1
-0.010444023035036942,1.4088404723544632,0
0.22135733869053342,0.7319392727484089,1
-0.026561909701922515,1.8882616084603467,0
1.2314242012392747,-0.3005477263084917,1
-0.517296577457016,0.4491397950048387,0
0.6902217548027636,-0.8707880887551278,1
0.8968197583747856,0.039157126466578374,0
1.2638888368864594,0.6329383014819071,1
-1.0025065827526805,0.13700680327874015,0
0.3954791733299495,-0.020176926128573025,1
0.9155038530201682,0.4538490817151918,0
1.6601942027739722,-0.44808827706443416,1
0.15078521076624604,0.8812978266957335,0
1.772791844652799,0.342081822009625,1
0.21576659126906245,1.0721992008301977,0
-0.02550315277737547,-0.1384674676683211,1
-0.5837552553334118,0.45175274909357954,0
1.148327283736767,-0.13428387503600536,1
-1.0093996872903608,-0.04283737230601822,0
1.615508694889887,-0.5381168375945583,1
1.1505905112962096,0.6842645633317119,0
1.3392082173514621,-0.47227490068789535,1
-1.4157358888107723,0.7293714824803794,0
0.008130959283781106,0.2840327698263647,1
-1.2396436997733087,0.2090878554978578,0
0.30727674401931976,0.07317002843343667,1
1.083835326381176,0.21734184544118135,0
0.6732487139369281,-0.4896458072803975,1
0.0720233718746951,0.8836930343752792,0
-0.2031033907950835,0.044269208043771185,1
-0.5559676669647095,1.0002391318613362,0
0.275946712183545,-0.6041831146897316,1
1.162539381290088,0.044459700399927665,0
1.5413699582329936,0.6195921656187309,1
-0.07652855327606606,1.2406426340558856,0
0.08106403429282386,1.2737432188576374,1
1.190931709792876,0.5820972571842611,0
0.7641053785916568,0.6375258497787355,1
-0.8123706051003848,0.9374902136699808,0
0.42903999352813343,-1.0553297957396066,1
0.04368423616194515,1.3987890895682453,0
1.0166371475176963,-0.31351352040590563,1
-0.28720169326869516,0.5035204636164232,0
0.22031406442050327,-0.3080185860413693,1
-0.5093256557255051,0.955852325092825,0
-0.020877670894332446,0.45483827674873595,1
-0.3566913844180545,0.9726257850780609,0
1.694500382867214,0.2613241209227474,1
-0.5888142590938183,0.8394760691922126,0
0.0958122225379968,0.3088989500788542,1
1.7972103559005892,0.2148093015060642,0
0.34976689429715113,-0.7352691167472776,1
-0.7251226827391002,1.152224012060218,0
1.3164611490765905,-0.8878676428228314,1
-0.6586732136379707,0.7280156944285147,0
0.909136088641744,-0.4967575458164303,1
0.034339027528724225,0.9910108617405743,0
1.7989104886094096,0.10623743308087293,1
-0.04684295151238704,0.3207881562708038,0
0.4688701377190257,-0.2516075389475311,1
-1.1655966795194352,0.0194685823369124,0
2.2510925137547013,0.42580461489547805,1
-0.4662047053896885,0.6042908853545288,0
0.1418976741766373,-0.25139444218474244,1
-0.8823701393263303,1.278820554197203,0
1.3098127123865084,0.039624619871705055,1
0.6764180321322708,1.1406719253929434,0
0.7822480253196193,-0.34931263447988165,1
-0.9263556658248027,0.21521869668225757,0
0.7812797636091975,-0.28836176203633473,1
0.674939176074975,0.2784764410175701,0
0.8016797210584633,0.22779601190897336,1
-0.7744091681046791,0.12798344981147736,0
-0.09492763315060032,-0.2055611529930617,1
-0.3074613887437821,0.8202342668978928,0
1.6863806116329385,0.8670403433971547,1
-0.29973611354832275,1.3378316236986163,0
0.9595530159570813,-0.7691688925565775,1
0.27460823136927476,0.9841936590653018,0
1.529655116528038,-0.3395459323343743,1
0.08997672288368783,0.6862408183902455,0
1.9810895357670188,-0.45388503746899367,1
0.4730675893057006,0.5862986980348787,0
0.021311218559229572,-0.19173269816326766,1
-0.27303717870324495,0.6931897167823742,0
0.20855260326504793,0.17249352598387363,1
-0.2687866675480574,0.9364780991422418,0
0.5915429314594369,0.2685897820696316,1
-0.4422362226602909,0.6975697753110042,0
0.040809521295012925,0.28982378742852016,1
-0.46499912738314947,0.42568969422195946,0
1.361382876726255,-0.11206709589758063,1
-0.5619192131838284,0.6643193726969219,0
0.9336573681642708,-0.5106516533688121,1
-0.6524516081978701,0.9346437322736917,0
0.04877137549981436,0.32168175609145694,1
0.8545249977645899,0.45880753073963476,0
0.24132217531859468,0.08465806491280192,1
0.8969754613799796,0.7080341120722894,0
1.7711250007489332,-0.4944464249559113,1
0.2234557021848383,0.9066383839762369,0
0.24711307144962408,-0.1438806225301261,1
-0.3015399301351331,1.2122045978621039,0
1.5071991415179817,4.9341344327824554e-05,1
0.2847984117759964,0.032783266876352246,0
1.4626539973171147,-0.518706092394935,1
0.42556024099635203,0.6515281953433305,0
-0.07003793646788378,0.5692829449429042,1
1.1110344572650313,1.0667934926684506,0
0.3655737786832416,-0.3591986292900329,1
-0.8283009577767881,0.2371865858288435,0
0.5933933093234424,-0.21692905558947567,1
-0.8718899221498544,-0.11177106228518183,0
1.1005639848906388,-0.8222162682644873,1
0.44694746313631334,0.8399446293973509,0
0.4322927197882373,0.7339265471870366,1
-1.7036316700631315,-0.6331887430282112,0
0.05928801217237195,-0.05088625825970644,1
0.793767004543652,0.7058371404333578,0
0.3945379838002079,-0.4756233143158708,1
0.4954426075487221,0.5730132404888164,0
-0.11819252571164673,0.027284396652220433,1
-0.7081896672712686,0.4123469742746452,0
1.7527816297288656,0.16580500724201452,1
1.551981530361945,-0.1890878821147129,0
1.5556782834517429,-0.3905475131331695,1
-0.6768498729589756,0.3029010964634923,0
2.156789407003166,-0.20571675961263378,1
0.815801949250987,0.46240795760870795,0
-0.5575197994351884,0.5416409784735968,1
0.038894399246718295,0.6064942712031007,0
1.614488904725261,-0.28858414429036217,1
-1.0286421830681411,0.1465297782869677,0
0.9629558981126767,-0.7635111435904953,1
-0.9409118660893947,0.26105949226008185,0
1.6607190424788634,0.0642102485863202,1
-0.8202928342989406,0.6868506712943043,0
-0.28839216765585457,-0.3413948898382668,1
0.6274232426376025,-0.3236280519317422,0
0.7326000165507669,-0.18127195430288173,1
1.2389378929660697,0.29466457412928304,0
0.41331974258115955,0.40939607741939066,1
-0.9819118347519779,0.6452462777441059,0
0.0821234108482509,-0.43255290371517424,1
-0.10733463621968142,1.3130929310167547,0
0.3991130899606935,0.7550192579924444,1
1.1456717846865532,0.2290823602099335,0
1.697560965766373,0.2751604800216788,1
0.9452297742773207,0.06491694045887658,0
1.6603571492061355,-0.9065422255691304,1
1.333200207986855,1.2809017285280442,0
-0.07657359566171626,0.0021130014057436676,1
-0.46821747444523987,0.12554087546389625,0
0.7357700843729867,-0.22678973793333976,1
0.8038476794026076,0.46131903632841115,0
0.3844112683658287,-0.8571905038090342,1
0.5712940283198231,0.5367921085446965,0
1.8445467670719353,-0.15998242794296655,1
1.07264748008506,1.04491838602577,0
-0.21949507063498358,-0.07320816759511564,1
0.4083709436335068,0.2506154200130401,0
1.216148752464931,-0.3764493917781787,1
-0.6189977771306545,0.8417460289723873,0
1.0999334066048911,0.17174617702543726,1
1.2270825005983035,0.0898334184504996,0
1.2075888316973347,0.5765938522003612,1
0.8064078889664598,0.7584508332769342,0
0.7195489892246536,-0.22204459020343656,1
-0.5751426184932307,1.0526587825798515,0
0.48306440834618436,-0.6325280303945993,1
1.0178891396668748,-0.2098850020965954,0
-0.6068149298948331,-0.23622733398152246,1
0.9071225625766979,0.5584218025176182,0
1.789275458849727,-0.2166946966865817,1
0.4247216421205154,0.836101938621626,0
1.3405686322669332,-0.8826611676212317,1
0.6970238782557452,0.36637885373494805,0
1.447680146578395,0.1993074171162601,1
1.1631197083334628,0.43804417939264145,0
1.5020791695690023,-0.059659301074631146,1
-1.0686126507730616,0.1678810542318498,0
1.6630791159955591,-0.36264159954700625,1
-0.18809903360257987,0.5550601580635577,0
1.9738805141177407,-0.7027080211166279,1
0.2116902389549195,1.1463366972962385,0
0.4189470418396892,-0.2438523184265894,1
-1.2982541297044843,0.2155104925720124,0
1.6080466118331969,-0.6977198708496564,1
0.7600298240554118,0.930940543535676,0
0.4691491576988227,-0.2541533667024392,1
-0.4811272805674399,0.35160131146510976,0
1.3920053190832034,-0.9505806635140085,1
0.8844691550613273,0.6992612959352498,0
0.46033867192054856,-0.7029726150274955,1
-1.1001186196600141,0.16021245554157224,0
1.3873555087747502,-0.8388423793806271,1
-0.8342182906593618,0.4299268520374993,0
0.7032950217849614,0.4498954266619703,1
-0.6225413184308637,0.3812011680919396,0
1.7894713721638629,-0.5385418976063334,1
-0.14642502740989877,0.9953057064918406,0
0.9627095788816411,-0.6495216816038333,1
-0.96588378620381,0.34836730445600833,0
1.3249290127260027,-0.7590673430767945,1
-0.09450960082499027,0.9203786827621228,0
-0.005985178317160269,0.16031711604325363,1
0.1367218819478243,1.054241037906087,0
-0.36873022848868364,0.6346456637936626,1
-0.44209416669190515,1.1599240789723524,0
0.5747961077610267,-0.5083068995723231,1
-0.25301175352519156,0.7380959408520094,0
1.3349068859276365,-0.7263604847723765,1
0.19153302258990157,0.8013821588754937,0
0.8270846281176772,-0.6408826462274625,1
1.236317039254887,0.7001499781153061,0
1.1487794159760467,0.0389994418328764,1
0.39577959759742926,1.3497287666174012,0
0.014777036819672476,0.25897121326418243,1
-0.9779464734340394,0.5482750401389342,0
-0.033029460456692125,0.27716442076423586,1
-0.9226570766410318,0.875199689237937,0
1.6297037780566554,-0.3384973303430231,1
-1.0548204683718472,0.004700731049788853,0
1.0930928338346775,0.009016547412047493,1
0.9284227478814567,0.7494518977029622,0
1.4332491024148168,-0.5752584961625912,1
0.8649513986704768,0.45600980050659634,0
1.6985615533987248,-0.1188729413028706,1
-1.4257749545305762,-0.2624807530718702,0
0.07647877187315487,0.32825309457468055,1
-0.8016842695884606,0.3058205767648319,0
0.16874006149872245,-0.20825246786825188,1
0.26595540326587647,0.6259315612739123,0
-0.2119763912541227,0.31101295561777187,1
0.010653865049608524,1.1723234212311533,0
1.6389576681279967,-0.1824387375486993,1
0.6686538933509211,0.4750656694098355,0
2.210069933528233,-0.32740147306685247,1
1.234836497506428,-0.11604599810024763,0
0.18626101485174978,-0.3850041029162515,1
-1.158866848310295,0.07122702445231133,0
0.506794833157824,0.5772586385229768,1
0.6122031928298215,1.047756565350314,0
1.8993517920494818,0.369680771818995,1
-1.432890811298436,0.40808081911116845,0
0.7714971533938269,0.5171381828157013,1
0.5258348720899804,1.22717445985563,0
1.3112608136699326,-0.7792485888894888,1
-1.3114515205910169,0.5187572563495617,0
-0.08348625839506105,0.32668824264338114,1
0.5311784159371542,0.8289664390682452,0
1.2981861228955354,-0.5540204390019674,1
-1.3123963704324417,-0.42080318908940884,0
1.7937033357713121,-0.5846780246452689,1
-0.4240330253661575,0.9061897307488187,0
0.14631380172151298,-0.6175442102907931,1
-0.5981372151853778,0.9722835655221735,0
1.0638361271227854,-0.3409653711569655,1
-0.34437092695079574,1.145808183009602,0
1.2778895003467392,-0.5912868017717454,1
0.7894075074614426,0.18367112719145418,0
2.090632034811192,-0.3205945849632838,1
-1.2537100769266571,0.7086079821781538,0
0.7816245935120318,-0.6259561168371657,1
-1.1645099645303099,-0.21551688220526627,0
1.2306996627252773,-0.5722928725477828,1
-0.8483980790565089,0.7941363418848308,0
-0.13653229032528547,-0.6876296604364429,1
-0.35490850542209396,1.0680874132613765,0
1.2583300407533522,-0.46772145158851763,1
0.6559876127066064,0.24928431878082738,0
1.165478606409796,-0.7367361818799442,1
-0.42550361835049477,0.30412593171326363,0
0.2362870574223888,0.13202881626685403,1
0.003422709678326419,0.6263451097693244,0
0.23264998199008233,0.176859563382269,1
0.3978794283481125,0.9697220668871298,0
1.8921943631821394,0.06681217581463386,1
0.8973154011763522,0.7182414731625887,0
1.3026698488796882,-0.15433372823440722,1
1.0089161543271563,-0.03732542666648864,0
0.8410413030483426,-0.6482637289383474,1
1.0801163999523165,-0.006818136543653763,0
1.5236287154853458,-0.64335508697609,1
-0.43457851576197415,0.9071954640677447,0
0.2019065351005705,-0.389285117098237,1
-0.5469930463334407,0.6824047132884284,0
1.577026771544684,-0.29686944732027365,1
-0.9976119536797015,0.39726732972993944,0
0.7420652294254869,-0.8772915101150787,1
-0.5824073568838415,0.5241268429433964,0
1.6047886224250847,-1.2365378800398388,1
0.5531204894771332,0.9352619742093107,0
1.0233217912154797,-0.17648030176931062,1
0.5694155398667258,0.6084015702601617,0
1.60773971791819,-0.16765063868781463,1
-0.9401741618649188,0.41306089866350104,0
0.8722857680380591,-0.5304901363238513,1
-0.38457014954071145,1.2237884171680224,0
0.728705006167327,-0.5877254024479329,1
-0.25965291544069447,0.9324831984757986,0
1.7133170590990086,-0.20708076159305078,1
-0.32119273783339103,1.1013256238795952,0
0.5372487511425974,-0.6723266577140476,1
-1.4720825847962453,0.0003402139459841441,0
1.317419056081623,-0.8244887144108646,1
0.7466862506836811,0.22871718047871276,0
1.8824987424256043,0.010578389183125592,1
0.6773318440547448,0.49944338300780877,0
1.3195813641524767,-0.3131117209152954,1
0.07209587050776725,0.9699375532484964,0
0.8190782582395245,-0.39507097205964087,1
-0.11079851066519336,1.066515332862259,0
1.0765036409040567,-0.6852809141077914,1
-0.28438250428512907,0.7827278224962395,0
2.248884268003323,0.2969509600459571,1
0.5595723667597223,0.9433570278052019,0
-0.32819403180370726,0.6035589774700167,1
0.6787724498400561,0.4320596414469448,0
1.7752451565350145,0.11031076785545013,1
-0.10977059625694557,0.6639762982942063,0
1.8533195966859553,-0.43564870950071355,1
-1.226972159107262,0.25019690575380116,0
1.0170351794824093,-0.22441607274205383,1
-0.35189444835466627,0.6073579206297144,0
1.4636286383315589,0.6214867976914533,1
0.7428951700367681,0.7771510681821333,0
0.20949138889357863,-0.038667080135892005,1
0.4169336246630779,0.5019123457449732,0
1.1474758172087185,-0.5231790237029585,1
0.13550728627570147,0.8992773186845467,0
1.8025123082476355,0.25533862764144244,1
-0.5665516362568314,0.9453100197127269,0
0.5419262653388413,-0.2030845306742363,1
0.823528463782408,1.1194925197095764,0
1.060729375512804,-0.3975148049882373,1
-1.082565685103335,0.036514554850597514,0
1.3896768636233892,-0.5987120145231386,1
0.40375262868467476,0.510204317451631,0
1.3373613978943157,0.3413742837565721,1
0.29704450634069557,0.8722930498380073,0
1.7461746595089254,-0.35270507260036776,1
-1.4376597543883296,-0.003283423923839096,0
1.5144896111483799,-0.4886333052592754,1
-0.33003538982169883,1.2936080846608404,0
0.5610360895737964,-0.5206557955656752,1
0.5208900961789732,1.5287819786897812,0
2.0951717562804575,0.5989576133246605,1
-1.2860180009073314,0.20897859258032583,0
0.24379082811917313,0.47829670138526514,1
-0.36783157092081364,0.6567677307435535,0
0.6667945022064777,-0.4098778634338614,1
0.7174719917429466,0.847368956514925,0
0.6213655822381028,-0.07993886096678765,1
-0.7242141219354059,0.5028097061235253,0
0.16278130790549677,0.5984393841000875,1
0.3690457568597636,1.0828693479086597,0
0.9228288617204218,0.259391807512399,1
0.5781673868285812,1.1711346186762877,0
2.4341324444245798,0.0870065906708059,1
-1.0711343489890854,0.5282563396138293,0
0.1839488525681668,0.12230397319449864,1
0.22850431903100826,0.7434705413128547,0
0.6500131970458765,-0.7048285906365322,1
-0.922458171996961,0.38716044152556817,0
0.3938533425223514,0.1553606719470565,1
-0.4997875726422114,0.8398100578529455,0
0.24218260550647053,0.45195265233018855,1
-0.5475757005046371,0.7240261817919639,0
1.8390825190999924,0.39704618375191714,1
0.7620585060444262,0.5203135069213427,0
1.4487847746358242,0.4221478460395508,1
-0.6269633672088554,0.583231548885019,0
0.5004738175722311,0.46434906473131465,1
1.4181907687317397,0.7538922625218862,0
1.012290988785647,-0.479367875187656,1
1.215491825262309,0.5988466737054021,0
1.5290303119018485,-0.351961734508073,1
-1.2798138317136332,0.0016135057627373328,0
0.3263650786828353,0.2086313647541273,1
0.007434647890124851,1.224625815798356,0
1.9275954365831547,0.4432303943712522,1
0.3167898745905736,1.1819082199257336,0
0.5251455679474968,-0.07238492996012236,1
1.1237289826720076,0.6847661103870298,0
0.1042911481231999,-0.1289548371280148,1
1.082763738372822,0.5919421824595307,0
0.5194781349179836,-0.23477496856440438,1
0.4735689216697128,0.8950247791095487,0
1.5679915640301094,-0.6241640449440782,1
-1.2225665105240524,-0.3448098348164602,0
1.8187567295353104,-0.6735445081356002,1
-1.2332917242324184,0.37495920316618403,0
0.2618253233018859,0.3357202605187696,1
0.8327077271447008,1.0769283110982106,0
0.8534876127388995,-0.7777948998174153,1
0.14184679392530727,1.1150098930881778,0
0.9816991852767438,-0.36096756096643484,1
0.38184739950558266,1.619505169842686,0
0.9505189902911826,-0.08345161588193817,1
-0.47304731660604393,0.9099920411452478,0
2.2633259639651198,0.22251310591201082,1
1.1083063119161616,0.8546311135695717,0
1.6029628154012698,-0.5777878924516504,1
0.2527240270006169,0.9688021032742602,0
-0.2544991774204804,0.5776985211451979,1
-0.7211893244860759,0.1736705776494978,0
1.5847480289817706,-0.44094390962069263,1
-1.4181005952387427,-0.04779195086371654,0
0.5166564487403192,-0.023559503716691133,1
-0.7207456112330156,0.4822937002883786,0
2.0019705515028146,-0.767452310804931,1
0.3348488390101043,0.9604658940010788,0
0.559610031412804,-0.7890471826006993,1
-0.7368019711074892,1.4443930740040976,0
1.3433923602746605,-0.33923044808563796,1
0.8795627868692292,0.0033111502788972236,0
0.4612200973850168,-0.4091299379020555,1
0.5651248992827755,0.577484479561726,0
2.0791511132414944,0.25435072124922997,1
-0.00493468676962866,0.8466544947904165,0
1.1610919167121159,-0.4936352778373088,1
-1.0278070232261616,0.6933153098038183,0
2.1214635458678304,-0.11421898040872887,1
1.0073405303040364,0.6860911947337344,0
1.8215411265222248,0.05316605659565932,1
-1.260011916710863,0.3858690223164429,0
0.17219984000962896,-0.00027403852713724086,1
-0.9078337261796583,-0.11371112036930697,0
0.3620834865090757,0.031428135434484694,1
0.9979833564467792,-0.6202922731785686,0
0.020488346035733372,0.2456227167748235,1
0.5800957555409209,0.7081611971607324,0
1.4727620788770552,-0.7982958578771684,1
0.8197511635841173,0.6974661914629778,0
0.7255264989471213,-0.6466935754915528,1
-0.5218435462434876,0.597703416585704,0
1.4527658925321754,-0.551913307249011,1
1.1486503087509239,0.5569777560687613,0
1.867151144493371,-0.42902334652626267,1
0.486843054301185,1.2152452233731441,0
0.7264442123818217,-1.1564861433165385,1
-0.4885385193034667,0.9776549459697486,0
1.4742656916560988,-0.06572455825472023,1
-0.16679599392684308,1.1244425214946443,0
1.2609663175917103,-0.2831729220772802,1
-0.7190301623551235,0.8311644911568243,0
-0.2891283288961853,-0.01608784929221214,1
1.2173853005285156,0.4393265707870714,0
0.39397951491676214,-0.274194131164835,1
-0.4172380444229301,0.791764623160721,0
0.9219528320395822,-0.19610053620713297,1
-1.0972214068855308,0.48511842234302127,0
-0.020992264246138814,-0.3415215888752742,1
0.9598851688086377,-0.16039547681472344,0
1.0597561628448027,-0.14430576699831027,1
-0.5099340751005204,-0.279770284521369,0
1.9592277310359067,0.935104661403166,1
0.8337669128196693,0.7716544403565152,0
1.5358687618192457,0.19983993865290428,1
0.725082171083276,0.5958554417244698,0
0.4508549009517331,-0.6031785180294225,1
-0.9936629564285833,0.9846531355643199,0
1.6137214184257538,6.878210056104894e-05,1
-0.23177644729320024,0.9928720742380543,0
0.4958085571057796,-0.15010171847621248,1
-0.06257141721128093,1.3271000724272006,0
2.008957120257065,-0.0663274285263048,1
-0.6685120512991201,1.2212841549499833,0
0.5502924246743425,0.07494868269470933,1
-0.004186391344473628,0.7229343793519603,0
0.20447443600458903,-0.2533122777205046,1
-0.837022716833262,0.20792605737749917,0
0.28406487868136066,0.24440470999559422,1
0.2127557677283784,1.0796437367303269,0
-0.5814765734581948,-0.05436427709127342,1
0.8938859150771031,0.5990542703674054,0
1.505582011174453,-0.5784548003448504,1
0.8552077866590124,0.057566865132398615,0
2.130956123057053,-0.2652687032969819,1
-0.45073539988009115,0.03174034003268893,0
1.1601793477333913,-0.23717130707286294,1
0.14616025613104036,1.1354181031630168,0
0.07380468473058005,-0.3727402486949194,1
1.150201717981617,0.8483731455014778,0
2.2006948454090614,0.6088511338560326,1
-0.6591900994571084,0.587594107362889,0
-0.0315650975113798,0.2109693924107039,1
-1.2826055284764892,0.8582012784289899,0
0.6599559518030609,0.0016008855632242414,1
1.2751966648943283,0.756764119919789,0
1.9082185268036846,-0.3450759838579907,1
0.8134886175271586,-0.28348894087211074,0
0.4536851966206746,-0.1339557897028627,1
-0.8102935813835359,0.5261597854968599,0
1.9135650495658827,0.3896567742836695,1
-0.431918030715815,0.9661424642141279,0
0.4513426162626095,-0.6672851704482192,1
-0.5295443587440505,0.2418985553984846,0
0.5087928486420653,-0.5264458228678743,1
0.06188514010094007,0.7882340371854863,0
1.1422368014457467,-0.25811455760859625,1
-0.17752523933311287,1.2438382673570714,0
2.2832452744384493,0.13524711803849856,1
-1.3207149295377616,1.2617648446109044,0
0.3396955121289962,0.24713922324920673,1
-0.9900633554129925,0.11734520233973716,0
0.39212186018325634,-0.03512827066418667,1
-0.8027186590064441,-0.1359653693064329,0
0.2411863776268788,-0.08363635616185922,1
1.0999431488957887,0.5074682771315344,0
0.1951111104957674,-0.22762724761077596,1
-0.5917975322265341,0.7397968235653589,0
0.7482619418802969,-0.9474275447818754,1
0.5480490114257822,0.6316528312061485,0
0.3970848444554905,0.16373909182113314,1
-0.5932354619940332,0.9540007330275277,0
1.5991677604013057,-0.4020238167020994,1
-0.6831457083085433,0.8995673228967899,0
1.2669460748566688,0.5206698547695974,1
-1.225439645920356,-0.3376995938428675,0
1.8123281514343919,0.37955177324634815,1
0.14827469350426076,1.213136417416747,0
0.06251559730876105,0.16883066897793267,1
0.1238140543381413,1.2418947649662195,0
1.2162349813719235,-0.2557511759924797,1
0.7685090103195855,-0.27198545566312743,0
0.5839829209937507,-0.50319318231581,1
0.8090566988611562,0.646307785695593,0
1.1172728947928743,-0.36923133995758517,1
0.24417781686662404,0.3615894226538905,0
2.1194137053103086,0.7728420264303677,1
-1.013577658124576,0.8564203013042748,0
0.794827579461878,-0.017508696585376626,1
-0.799847468682266,-0.4604094019115813,0
-0.068610455397171,0.22281972701436376,1
-0.5099314083547825,0.7600582527096368,0
0.10929488342699856,-0.5080814129349305,1
0.3150447983137149,0.7351935496751656,0
2.373104857989057,0.5665322008823244,1
0.8173528071893387,0.3553833124298716,0
2.207004573774744,0.04555466544103713,1
0.6349476884371656,0.2098987376866033,0
1.6582268968366252,-0.20772267665703342,1
-0.9773237298315842,0.3506077120332817,0
1.406451982106423,-0.28137422351597696,1
0.13966230398701482,1.1473431640038696,0
-0.4651165354535942,-0.022632446822740737,1
-0.27724412909805785,0.8194700828801593,0
1.5003644554137923,-0.17111798141749107,1
1.2028183097618186,0.16050576561776625,0
0.12427123265444945,-0.22632790485398788,1
0.1762197090683404,0.7430693212934913,0
1.3779532901533846,-0.6157511154067389,1
0.018659048966860325,1.07061735789157,0
2.0531296815590676,0.06743277333050897,1
-0.8553504378674379,0.5521624862573906,0
2.22596385505237,0.3978282380113437,1
-0.4446079481735896,1.258177532607464,0
0.014893486838527883,0.48262418157171766,1
-0.6069165223935892,0.28014018708043026,0
1.1667049875490372,-0.39489551619696983,1
0.129141482613047,1.425135687721559,0
-0.08159307680763184,-0.1490496185097509,1
-0.21772706474807935,0.7750710732337509,0
1.180495174568911,-0.42048135117277935,1
0.7806986421095371,0.5657577610305431,0
1.4830505587839706,-0.4333355444516419,1
-0.9090375714199397,1.161264008926914,0
1.5588975550527167,0.3619107274487552,1
0.9910946226961814,0.44873488016146107,0
0.8092547543027273,0.23788379630211787,1
-0.25126229007799655,0.6574707233993753,0
1.1829130765076667,-0.5007876770876197,1
-0.14796418296316324,0.744209612912341,0
0.1467552406185268,-0.6878929735056564,1
-0.18854975378542743,0.9305275737274427,0
0.25434122547724897,-0.3990300484142346,1
-0.28796853177555415,0.8567746028782904,0
1.4205092817589813,-0.03396042415073315,1
-0.9646539917959038,0.062414000018575944,0
1.409465066705532,-0.9947039436994044,1
0.861282440975756,0.22379588835688727,0
1.0706858347142316,0.020554583942846927,1
1.247743047196653,0.12348799412234251,0
1.68238627991858,0.5734831502185371,1
0.6682927603636152,0.003776081808951004,0
1.794094422695346,-0.057980657144247105,1
1.153257138232143,-0.062377170909065,0
2.0595105966148335,0.18857531409341674,1
-0.3220258438369506,0.5263612151375705,0
1.618497404792257,-0.049080096412222995,1
-0.5336258794485771,-0.05417285310838166,0
0.3267218942803003,0.037718501801512386,1
1.0267904549198668,0.5498514975983322,0
0.4353318995386045,-0.7589165924176533,1
0.6616332864749671,0.4706022457985921,0
-0.5169902841653311,0.3408634846855441,1
-0.6115704298804405,1.0105768803820965,0
1.7286514837905993,0.12765921798701318,1
-0.8850999385270524,0.6752526425516274,0
2.321757432718469,-0.291464369439319,1
0.16271135028523337,0.8596714691992501,0
1.1708313307091203,0.321970400549658,1
0.3914936291854581,0.45579667639179156,0
1.1707674519664826,-0.46842301903704836,1
-0.021695359647680934,0.6953356006809339,0
2.485651339400758,0.36590428203641434,1
0.49720425270986024,1.1663861417946682,0
1.3791698633065534,-0.7894369883474797,1
-0.7317160978569935,0.9158242055432289,0
1.0587854973414443,-0.7263636071846464,1
0.34135300972976806,1.1780739027693472,0
2.3951766218011725,0.16625580386523325,1
-0.29566132235266757,1.075233265785093,0
0.33404512505294515,-0.09349084872426491,1
1.0162472581314659,0.8683827268883036,0
0.1132383891997306,-0.057692367636728026,1
-0.5010014026585075,0.8366746766875487,0
-0.05166192272122655,-0.0844849737597594,1
1.2814344837440415,0.40058356826982056,0
1.3501386553939168,-0.443051455125981,1
0.5033104079267563,0.8715021714108865,0
1.7225468687955217,0.035099491355044005,1
1.1180357018658036,0.09799826319442953,0
0.006025546709977694,-0.06940443516724487,1
-0.4829322205800113,0.8377252620007702,0
1.545012425995988,-0.2755592144949015,1
-1.2225195183656345,0.24685952521568225,0
1.1988009849922707,-0.6062109879048766,1
1.292858727325854,-0.04539322513257085,0
1.8931619252204142,0.9159356069552603,1
0.22713200927228414,1.362459857539462,0
0.6669477494254021,0.016120523868527248,1
0.5723163306319519,0.12357811175093986,0
1.9136019472500219,-1.1186010163046758,1
-1.398258039753187,-0.22378880193914633,0
-0.04479511964333789,-0.03685225473643566,1
0.7380880653987634,1.1216736220241739,0
0.11331109361674804,-0.6270840216255112,1
0.7188825076273899,0.1933128701097257,0
2.0668792735645782,-0.052448246308715474,1
0.609608205597095,0.8838762784004964,0
1.4666148820948606,0.17827038642402768,1
-0.12804572131704445,0.9972204871181435,0
0.03147531312982482,-0.5909899571129689,1
0.3651982093119851,0.5949944473842536,0
1.8748664619849313,-0.1404129478257738,1
0.7787410186520011,0.6529117438480023,0
0.9080885781762195,-0.43015140084371456,1
-1.31097946735543,0.2862264787072127,0
1.9116112116367543,0.1146872749360725,1
-0.618992819101169,0.5286919901994492,0
1.5328062060037175,0.16021052756130616,1
-0.11318271579488084,0.5522586834010079,0
-0.20200674726062223,0.46794303228489037,1
0.28884509800265884,0.9825186423271475,0
2.1761393407349248,0.3277075041770523,1
-0.9454473307716811,0.020759115680152873,0
0.5369063428126659,-0.5667841592776682,1
-1.2708860171241378,1.1872181805654414,0
0.03523988841049708,-0.3082695392290231,1
0.28554161021977037,0.7618151030667178,0
0.027439217128896742,-0.189478504539306,1
-0.12157571859847228,0.9441405280757287,0
1.121376972994044,-0.8136825876587361,1
-1.3634545636222208,0.8648982904501138,0
0.3494539535730928,-0.6585505241402458,1
-0.12077078371620413,0.748163618556122,0
1.9567469530693533,0.3382707114197918,1
-0.5702087306250438,1.301294644722217,0
0.583333985023569,0.09509509572913691,1
0.13429674269515562,0.860849681565095,0
0.32729844650739337,-0.0029387899471635115,1
1.0076916836510483,-0.08408021507253116,0
0.3597201809909578,-0.13834040960161498,1
0.29203375774955154,1.1460515461225609,0
2.154667179128316,0.357344449576105,1
-0.35563582096646573,0.9868556397278003,0
0.07485918392796939,0.15983936094514195,1
1.0321133588008649,0.4015519136007161,0
1.5136919724032079,-0.4940748045868794,1
-0.35518691278452785,0.861991639080606,0
0.8831909151417818,-0.21615590215709024,1
1.0095364485443448,0.22095283121568432,0
-0.3554080816198503,0.28911687644720263,1
0.7354819837290829,-0.021552106928684506,0
0.6180454777148454,-0.2296096323125802,1
-1.0075792969122672,0.3252157315030744,0
0.9362509697189075,-0.6367211962519057,1
0.6236567418793522,0.4902272242581053,0
0.2646832063854025,-0.0175654788837626,1
-0.018989409419401165,0.8475734797410374,0
0.10086327962674893,0.13327737847933263,1
0.18410687723634245,1.013857411232944,0
1.0393192236416648,-0.11284444676564465,1
0.21046756376254067,1.3042639297798697,0
-0.17007156737456514,-0.24989451129429932,1
1.3260413816023013,0.4079614441710452,0
1.1386827647092905,-0.9741778736718876,1
-0.04319823394830605,0.8786013143360575,0
1.4390785488821587,-0.26995163298708236,1
-0.5919843536355116,0.3669973365677641,0
0.3931646275815663,-0.46049124056152446,1
-1.4343530800393087,-0.09575484004899942,0
0.23906731963267547,-0.6607934263303298,1
-0.432631737909874,0.9100674582255937,0
1.2428429853725484,-0.40913711203106007,1
0.6450536913969178,0.8030221672533802,0
2.0192829173513482,0.0019611058760894834,1
-0.7921867894828927,0.7700680689102382,0
1.5905135314642789,0.1813796474736204,1
0.10826595940713124,0.7897496056496672,0
0.4959023327305797,-0.9725797789084194,1
0.5361599944664553,0.9972614485822637,0
1.5769888812089594,-0.268232456002802,1
0.3413679894371894,1.1243651727715793,0
1.7583632793148718,-0.13511871319126667,1
0.05395877208125388,0.7393438269415338,0
-0.1005831836153191,-0.14168222339480463,1
-0.2898210664307214,0.9743676970626723,0
1.7081826069615145,-0.3546114778223892,1
-0.845316493137804,0.7638500393488984,0
1.9065512539994216,0.32758202716208984,1
0.3461246276054101,0.19794246568521037,0
0.49464965679806705,-0.4060851051544178,1
-1.1198381758018077,-0.09266456860606198,0
1.988353768618617,-0.04040928041398906,1
-0.5851022516548593,0.9199627055537685,0
0.4453135557368131,-0.8785106746236484,1
-0.8755350046621903,-0.25345582920062526,0
1.3150023734082406,0.35906661718657484,1
-0.7565363080226046,0.6825385244879987,0
1.3338126738905969,-0.03556196101088532,1
0.4449248698123116,0.7393175685715127,0
1.0691915392404414,-0.34474270873853574,1
-0.927899848311195,0.14856393632310208,0
2.096806573532532,-0.8648102905407905,1
-0.027864311622021763,1.1689291865379943,0
-0.004768963479180502,-0.23329826600094022,1
-0.4930301478606541,1.078950782133266,0
1.2562955958386692,-0.9916179077783094,1
0.05222280664469958,1.0792496908693465,0
2.4145463551391506,0.45426502984230643,1
0.8110639058448714,0.24358243773174887,0
1.3462601523513564,-0.6140191062836344,1
-0.5693144980451954,0.3269978611514819,0
0.9733872196984574,0.1357332860180157,1
-0.37311729289192186,0.8390670438345712,0
1.0381792866357835,-0.562875618525152,1
-0.23656368457488552,1.181987132068137,0
0.6044499988659753,0.5377469157216718,1
-1.133755864676438,0.49264342739648537,0
-0.1598616031744723,-0.9862028605559444,1
-0.10130934787106045,1.1266175139394767,0
1.620022701582059,0.3720013601695654,1
1.1613767498096885,0.16029621693839086,0
1.3007756239837969,-0.3323174773367511,1
-0.4256172464278088,0.8625672922363621,0
1.9997471511981553,-0.128255407267557,1
-1.3931685060821097,0.27011123660117936,0
0.30797996329427413,-0.02745763200980169,1
-0.4895339277604919,1.0165141032068037,0
2.3357022782323202,0.34430178124513905,1
0.6970372051751905,0.6555405061247839,0
1.9869129475674487,-0.1697679783277136,1
0.8764616745431267,0.07245698424454677,0
0.18750724449569897,0.908293285089342,1
-0.31012086217137935,1.4834034105044056,0
1.0936872340495813,-0.40633589010442295,1
-1.4822015858208464,0.2958467412879947,0
0.832630143398394,-0.9576457518460386,1
0.24987146494590567,0.8889845965028119,0
0.327580388799764,-0.032300163114931085,1
0.010539782746155846,1.1286816297707187,0
1.7410734231550842,0.2912986271249127,1
-0.9690731028899693,0.3685094847500034,0
2.1810849330318436,-0.33429785594743483,1
0.9261963452717067,0.7078548352065641,0
-0.13972231968550214,-0.27567754823344726,1
-0.8410075351819174,0.6444722080222595,0
1.9235404921130455,-0.482726919572677,1
-0.07861282877685782,0.7967467478056347,0
1.0252849647505122,-0.614943036132226,1
-0.1608297046726141,1.539280100133098,0
0.5630612582294574,-0.7761508829758509,1
1.0449011904130132,0.9703122403763501,0
1.1738267073579145,-0.6014086742202753,1
-0.657319639074651,0.5471788869033517,0
1.4131859024458775,-0.5817297268268905,1
1.095032978650035,0.8812473963580161,0
-0.27073969113622776,-0.5230897454081227,1
-0.141989092716884,1.0017639426716494,0
0.3502443288547063,-0.24938210643836992,1
-0.7569044143062262,0.26396117958430454,0
0.20686610097648203,-0.12027312760571356,1
0.9794813700370978,0.3746291343042886,0
-0.34697265574078845,-0.09771494629536362,1
0.4332198612025274,0.8861021262269991,0
2.1193702729908632,-0.03964445985291998,1
-0.8241521082023766,0.4737893644189928,0
1.0205282291374695,-0.4232273712688599,1
0.3227562630693741,1.756980970439375,0
0.4608165488288259,-0.03956014156824435,1
0.05060781518550861,0.8784983746870069,0
0.33981641644324145,-0.35478969213621925,1
-0.5463780513322025,0.5657943914888417,0
1.2588216875820084,-0.5583296802924789,1
0.19073023993055438,0.838850979161482,0
0.4431906851061766,-0.5945153875042817,1
1.4248415055307542,-0.002006319335579848,0
0.43717920550818523,-0.3566981199140672,1
1.1129785383643742,-0.20002060038903585,0
0.2557919270410688,-0.0588665152861359,1
-1.125644445861142,0.7478518541338504,0
2.2971149136046796,-0.4574486330360497,1
-0.7793651606996155,-0.292303726696214,0
0.5969293487877291,-0.7454754388504328,1
0.65245206626096,0.7025796911057905,0
0.24930379446323192,-0.3064024790130812,1
-1.1470208762966063,0.09962356265781813,0
0.02573166099356866,0.012162241434737792,1
0.6744240224401483,0.2420517797046991,0
0.6893650100215878,-0.16544557557429118,1
-0.7744808623026609,0.6480668861014771,0
2.1901163555915133,0.26573755181709924,1
0.761403327403525,-0.09128648277098733,0
0.554517632277329,-0.06777938725668028,1
0.6286326871329098,0.7648868516532188,0
0.7096298973564359,0.029838832406745508,1
0.8637638982728331,0.49648669656353,0
2.327070798069854,-0.09921787350759369,1
-1.171948982214338,0.30966801621155804,0
0.4852406806478169,-0.05433633430572493,1
0.7950845180413003,0.8069376924622429,0
0.7822517586563771,-0.6657361885854318,1
0.9506496592686412,0.2241120362398834,0
1.7224231070112959,-0.6891447464921618,1
0.5005594165153298,0.5222465367931735,0
-0.15070614673365898,0.5514790910528837,1
0.9153184845500834,0.06341796714098522,0
1.680114809392271,-0.2140332609301482,1
-1.1442578210363914,0.10326012520738242,0
-0.2153282533153592,0.25797922098217213,1
0.4576035100337833,0.9127387158938303,0
1.760270109541212,-0.5428763670557841,1
-0.34351135146050593,1.273691462687109,0
1.5371264603928922,-0.6623244159856688,1
-0.5694730545990905,-0.10165823035610536,0
1.742293608047146,-0.2656698559417693,1
1.589975723077583,0.41921312881125344,0
1.6030397994301524,-0.6111208964719665,1
-0.8669923880526887,0.4919259737591591,0
1.0995174470701885,-0.8371705215489138,1
1.0690207454853344,-0.1483898458758499,0
2.009390337002606,-0.7198732890864412,1
0.6694584917522465,1.1351692616479587,0
2.048517959126267,0.3351311875056622,1
0.9667071414350364,0.5499419981381158,0
1.5438630132579025,0.12357077827965879,1
0.4744600123644623,1.2210956820672114,0
1.8137500032086151,0.6177327024888403,1
0.5737972266582385,1.301477587967688,0
0.5781568459734352,-0.2758682202891821,1
0.7821057303819037,1.2988698767510598,0
2.028428523081831,0.4677900796535499,1
0.17476432099194825,0.9138082193336867,0
0.42791716057879425,-0.7399797978245064,1
-1.2676481741493406,0.5782945997705622,0
1.4176299568033877,0.3572421829705824,1
-1.2085566877908156,-0.008277202566133901,0
0.05044875572821264,-0.6918226865439716,1
-0.7530349914688924,0.29763895386038913,0
0.9922575810271852,-0.5408726669822095,1
-0.7139878072672705,1.1300868027253435,0
-0.14679158634422573,-0.13070332386865288,1
0.2423525474552701,0.8626917623378374,0
0.3097628367023876,-0.18945645558285276,1
-1.5084843271971793,0.5081097317799365,0
0.6094164472529675,0.0847950208650364,1
0.5547714332091935,1.0534146436173113,0
2.3148299392502905,0.2454520630977401,1
0.8007628534589125,0.5496712300042845,0
1.6993796775391405,0.5310606093414105,1
-0.703658593860743,0.14257353781781779,0
2.2411011812329025,0.21478500819510385,1
-0.3573902560625092,0.9456189142098113,0
0.6507117564090351,0.11986970829552934,1
-1.292065962330757,-0.5041199724029617,0
1.4246301526525746,0.2604299556616447,1
0.4069262971523052,0.9903185233043034,0
2.0908775224359895,0.11187691473572378,1
1.1098303528311262,0.6250045356109761,0
0.00454944993543084,-0.03618570443132413,1
-1.0544618640439984,0.2720803287796633,0
1.0526420590576744,-0.5445015875731172,1
1.0252031339948209,0.718733323929721,0
2.4286614100923467,0.09174639628742544,1
0.07349047778895323,1.1467879518451234,0
0.1646902823625183,-0.9911639385021032,1
0.5368368519682352,0.944396342056234,0
0.7532417270565696,-0.5835953685785639,1
-0.05703317058375907,1.0966642220434777,0
0.25649270241182914,0.20069847000214458,1
0.8268299606059529,0.8405624599085492,0
1.4991416302563823,-0.2746903717918353,1
0.944744468370586,0.2822893636078627,0
0.30243374052241656,0.017692907976738392,1
1.1903979303862735,0.03276773361778944,0
1.6358882735832996,-0.27405034078078117,1
-0.786956242246569,0.20785621439385968,0
0.14508035378471912,-0.05763274475703206,1
1.10346074105817,0.796712297120107,0
0.2918657686792772,-0.3340889654722501,1
-0.9954821115140897,0.595365927314156,0
0.6912977262524211,-0.5757599353601347,1
0.8311782630532834,1.0067363458204621,0
1.1998286611020583,-0.45000157648105255,1
0.37282328682485394,1.3975108607656992,0
1.3852714662736754,-0.4289104695451943,1
-0.9309191686491303,-0.14310176527113772,0
1.6587744722847608,-0.6627862473062235,1
-0.36116206902814624,0.13397184823025532,0
0.8414276068646412,-0.7379277480543943,1
0.35707029037237736,0.8437035364182414,0
2.0004402558802585,0.43613116310742767,1
-0.7626246837677042,1.2485989324033875,0
1.0985616830327776,-0.2697666674612559,1
0.6604715291434654,0.26589822853035033,0
2.180627516968964,0.18510253442714958,1
-0.9493046700673471,0.37638698956352673,0
0.38410002794077647,-0.4478181024709762,1
0.19991404572215649,0.4815451777873417,0
1.8957377559636805,-0.07339000911298221,1
0.8746103488119016,0.33556985074629275,0
0.7300688892112779,-0.76684814168198,1
0.7070696455758732,0.6901108111983177,0
1.1651855897441241,-0.6815068151331265,1
1.338384178859172,0.17150732772395444,0
1.0805460419235822,-0.31377175555891623,1
-0.16344804596267876,1.6112084741492154,0
1.775275200876132,-0.489425119887226,1
0.8886189416601865,0.5040384386896065,0
-0.12215984882503234,0.16241972855776476,1
0.25451756872998044,0.15440181375000883,0
0.4725998353040092,-0.09341078244015594,1
-0.22062398531461458,0.6976239527757928,0
0.52879419422248,-0.7431794442134391,1
-0.5508951586594157,-0.11124700036234475,0
1.0601013571258062,0.12535297799434386,1
-0.21347651367475223,0.840760981152041,0
-0.5496924844192623,0.22594766009002906,1
-0.4469305164143067,0.9685920641457997,0
1.2065825230821252,-0.0213452355026022,1
0.5200548636834172,0.9871739808209709,0
0.6120444009334595,-0.3248368676303494,1
1.2353777457722874,0.31514768611656674,0
1.8187569599514923,-0.25114844961482347,1
-0.743845685544904,-0.025292106577149753,0
1.7870407475716017,0.6620382025228911,1
0.6133123182353526,0.1680224211545216,0
1.7959908858131806,-0.6225377771971368,1
-1.2230304624382298,0.6622640451147302,0
0.6406910264629612,-0.7090380591994379,1
0.6113326737633923,0.6083378331688033,0
0.6234595777977245,-0.5277934110886122,1
-0.6248184632529765,0.8258275604994624,0
0.3615929302059065,0.3407375168281127,1
-0.6535965108995283,0.05172858999149349,0
0.15608477434965426,0.1444971913902456,1
-0.4325031284405238,1.1145179155664229,0
2.1673346938377187,-0.20847625697468714,1
-0.7165276897381209,0.675213553218119,0
1.7423517775397306,-0.4019430426743248,1
0.5049626502487407,1.012069171395455,0
1.9571437330266848,0.08752169285432662,1
0.6047550819618536,0.5393150418860487,0
-0.17659043102702313,0.3399096290799052,1
0.7060581734531527,0.6718451670328297,0
1.6781126304105658,0.3718470419924367,1
0.7666380553552359,1.0443947176768367,0
0.7184086811264914,-0.4893356442897008,1
-0.3002330218378186,0.7893716643197988,0
1.2643648156520366,-0.8891833316565176,1
-1.0992548916937395,0.44546748700490946,0
0.3879837366509528,0.2707948991587816,1
0.31061309486327776,0.9431387609405866,0
0.24356427441690226,-0.40033895440803147,1
-0.10954322313066427,0.5938820133588197,0
0.7572428290466793,-0.3559993355791804,1
0.7429000748942706,0.9209632595574614,0
-0.030673529479569223,-0.2322498945713048,1
-0.3815801353769789,0.7208200939810824,0
0.6074271689049239,-0.09572766068604194,1
-0.7671988240318037,0.9888515457404083,0
0.2742275145347431,-0.45492296640721974,1
-0.4191512152853708,1.280960143755997,0
0.3846285475853106,-0.5087764129670066,1
-0.19097967424401352,0.6048728195612001,0
1.499283956790264,-0.35196749102883673,1
-0.7912541665027499,-0.05050108202257128,0
1.2303484284496582,-0.8805039030229005,1
-0.6835620725013216,-0.5013761284484815,0
-0.10295549769126572,0.2388389128096875,1
0.2811782493725149,1.6325912317598354,0
1.767833962812417,-0.4123371829207514,1
-0.725084993138429,0.9875950101082281,0
1.9486684938204961,0.29115349734586465,1
0.3065756108269243,0.6545149269568481,0
2.1600171379549473,0.8886548787898825,1
-0.5107457910622819,0.15878606883830568,0
1.42626330245253,0.4101952960846176,1
-1.1438746940763285,0.6198194094305955,0
0.1658581420533642,0.16223265100157175,1
1.184483798069227,1.1799996786976545,0
0.21339791600879016,-0.14256780519698642,1
-0.15627103032282083,0.8205350696608222,0
1.4926104172641825,-0.3297435062365583,1
0.8147116866655401,0.35043215885955115,0
1.7089036357527665,0.053315414108194986,1
-0.9837042400026544,-0.2423914388247655,0
0.8800725446397972,-0.45407795588496086,1
1.2750747829264821,0.4052558510419659,0
2.327189447942984,-0.4135726357879428,1
-0.33289432161272503,0.5024307518743454,0
1.3906748491998866,-0.47118303265531775,1
-0.8648667894381902,0.4187128859346531,0
1.930694487249075,0.25669689530607004,1
-1.2767238337995037,0.23090867193795522,0
0.6875212257122228,-0.5318258487677426,1
-1.2171733786254486,0.557954798138533,0
2.0052813732132257,-0.26723659718406934,1
-0.850423133970236,0.3892069321674771,0
1.6517491855012891,-0.06864626677408478,1
-0.19014309243187844,1.01489020502453,0
-0.08291482603720926,-0.02327148871216994,1
0.08834935751910174,0.7060186765224503,0
2.1994945608928176,0.08317677805867241,1
-0.8828640722719736,0.19752188479764082,0
2.499929752971066,0.14745501493630864,1
0.16979048890513732,0.920910509273416,0
1.9680839660874394,-0.341345329182696,1
-0.5570002017233427,0.8988528545384197,0
2.099269736378086,-0.22795633649638417,1
1.0213916388184208,0.11522932987926301,0
0.8711710461368752,-0.48473180457755927,1
0.37891520558463515,0.29538795765501663,0
0.3454521510670698,-0.8894170219705038,1
-0.44484591047037797,0.2555730523059564,0
0.08351669059393008,-0.21324487663025293,1
-0.06314773857441913,0.9213184077461771,0
0.7438738199060746,-0.4828323969215713,1
0.7948642479419206,1.1612891106255598,0
0.00235290689660686,-0.0008297008382543991,1
0.19972786081485705,0.1825032234407764,0
1.607549803770985,0.6545940429411361,1
1.5045321107039842,-0.13422314194215768,0
1.5260475860774287,-0.4974756903719505,1
-0.039962261987725844,1.0478267879289516,0
1.3413009712950013,0.3585754167705769,1
0.6872904504117505,1.0298262354145034,0
0.1733247264076431,0.2414259753090509,1
-0.5570068036772972,0.38266588151203285,0
1.9988540029807629,0.15205977969776469,1
-0.534139740798473,1.0496529971244781,0
2.3051637626698223,0.6511649715082923,1
0.743461701632294,0.4597567896833401,0
0.37386875234661526,0.22895916374523784,1
0.7107644301045394,1.2100298606195121,0
0.7226424614540095,0.13848095594997128,1
-0.7005291864261368,0.9743213954156743,0
1.2985794261320964,-0.530350185826327,1
-0.6268205788990597,0.6123360001900338,0
0.0074646477693759705,-0.2886553376908916,1
-0.6240790214601011,1.3760584656524204,0
-0.17147081580503187,-0.42323436019159805,1
0.8363188053718493,0.8363399853192397,0
0.8090687694597016,-0.17508283226123572,1
0.5796228270317124,1.3156429853221274,0
0.9010402705985535,-0.26081079030740884,1
0.8151312495621074,0.5061162296674157,0
2.0830956399685037,0.1248053217738311,1
-0.29999535785574794,1.0432865269742604,0
0.49385761967371855,0.03567010942013535,1
0.7001201308980388,1.035241141667084,0
0.5756504276528147,-0.0677200554313086,1
-0.7872498902341627,0.1017954847757784,0
1.293376604718799,0.006963816564668546,1
-0.06887299402346253,0.21556644731157915,0
0.15047311425790977,0.03150567089697762,1
0.0337711200326859,0.9819586103758573,0
0.32473137207695213,0.25129929512271554,1
-0.3095753128706226,1.0256019591165806,0
1.4216611010459606,-0.5432978614414912,1
0.42314620897520167,0.5805550993056188,0
1.3449009035984862,-0.39611806638427466,1
0.02266727053344003,0.9037955202549813,0
1.2931701924986438,-0.5862254416112447,1
-0.18948594900749582,0.9333487030200939,0
1.465400845618222,-0.6724274486305246,1
1.069452379604869,0.9849593184410076,0
0.21368948461995577,0.0504314222497744,1
0.5705948627223905,0.25352814382953603,0
-0.04334607216507209,-0.08295766829391693,1
0.2816151581629616,1.2472367103160582,0
-0.051211750824501134,-0.09128122664156543,1
-1.1839602562549856,0.4092993831218701,0
2.0930586786906704,0.052081161117292565,1
-0.9695306059153896,0.39706316597615215,0
1.8932667705595916,0.007754085578171033,1
-0.12659561200465802,1.1346629193396958,0
0.7450771305158803,-0.5307794986709001,1
-0.8388646820513168,0.7103171156892419,0
0.9516195547277659,-0.762935269913063,1
0.3656008225511981,0.9758802501779519,0
0.5235618522986789,0.0568876308581462,1
0.2308834712614453,0.1010776620399434,0
1.167749437737351,-0.02955551107978968,1
0.06628169045258614,0.9686994147095463,0
0.4722256054093841,-0.7520732018192857,1
0.523225774201557,-0.3662147915847464,0
0.5336712868009118,0.0686849866479948,1
0.7902871149535831,0.25026546152887885,0
0.6383056582808158,0.08118645038399441,1
-0.35499166447087593,0.9389817368129949,0
1.8921572358661096,0.39925271925947803,1
-0.18589001982090864,1.182558346865901,0
0.5330028539404597,-0.11886374590763915,1
1.48871702103177,0.1605526724396008,0
0.42017892020166775,-1.446926388064885,1
-0.6005258579816573,0.9038189325524393,0
0.6869183339576064,-0.6690333577380101,1
1.166398925157618,0.24088545454265756,0
0.49662597866737385,-0.4241586827568836,1
-0.06362730710213114,0.6045729706269756,0
0.18378594221750066,0.1744497565139197,1
0.5979418877789542,0.6482966840988509,0
-0.2503050864448857,0.13039923379416812,1
-1.2793819506630473,1.2699751584882961,0
0.1681793339545986,-0.22510113483924094,1
0.5466173893450008,1.124787836398889,0
0.14173105708052414,0.2189510176017621,1
-0.17546694476300856,0.9894113323591971,0
0.034665793605004366,-0.693275998903403,1
-0.10943028251892424,1.2271256899511394,0
-0.21981053779484255,0.6059011519925455,1
0.9434724337340608,0.7659203582975238,0
1.9194477966030592,0.3530415543646485,1
-0.534132063388943,0.4080112115405585,0
0.38794838785850905,0.06909678648100631,1
-1.0606858830206511,0.25900821022160436,0
0.26211264621321895,0.5220536157883756,1
0.30174948994429246,0.84965137252961,0
2.005553139147434,-0.6078504511082614,1
-1.4438058945365335,0.015950318624957882,0
1.460278283588866,-0.019691825178644512,1
-0.6324779742815072,0.9123643774864141,0
2.0119417271606403,0.2673883142612906,1
0.08049317713285616,1.3144236795653597,0
0.6203411835824786,-0.30704068107167737,1
1.4010910731224984,0.17849866802255374,0
2.091445238946828,0.08781665945246821,1
-0.0701183081400786,0.8560830708297341,0
1.2741627220645042,-0.4073482707796722,1
0.6462883012716656,0.8491201625652741,0
-0.3367244009845648,0.018587272040527875,1
0.2110995842213112,1.531990066322091,0
-0.14788789726428836,-0.06795026616702524,1
-0.6749322546692321,0.8205998671522758,0
1.3970762847053773,-0.7357752457012283,1
0.957418026192621,-0.03474705978926754,0
1.7757726962617157,0.5492398229117268,1
0.183095265251151,0.8043143256007048,0
1.5852451150668823,0.9049837913671597,1
-1.2629321006957983,0.8372693535851683,0
1.8962432347598859,-0.5194897861414185,1
-0.6125344000604835,0.8267147111207478,0
0.13608558554476524,-0.1495452951652681,1
-0.997508050165507,1.0293959053591744,0
0.8726726421987641,-0.4333886183633753,1
1.1325359405226436,-0.15907026570290295,0
2.1541376936572374,0.17760709379285528,1
-0.6859055844958291,-0.21029411849572316,0
0.4254859362909786,-0.2400740821941671,1
-0.9339296383756536,1.173869799054199,0
1.7217774948289986,0.13309954627908033,1
1.0606052165739932,0.15869166057702916,0
0.40917387538491545,0.10544814526622369,1
0.8453202546586657,-0.12343033179427798,0
0.427972441668737,-0.07264895197839805,1
-0.2335332951461509,0.6479665512943075,0
1.2784249194398858,-0.06221938765476154,1
0.24843654257590714,0.7273135310403657,0
-0.1913510389369374,0.5910265307923055,1
0.7887317608512945,-0.03393164291712028,0
1.2958901412099444,0.2577065352638075,1
-0.4721628121573823,0.9344844378768382,0
0.8031640279071321,-0.9576805275561874,1
0.1437276561751192,0.8303334164789898,0
0.9765007567353985,-0.18075179606445668,1
-0.6124682724792886,0.7991103672358154,0
0.3469662863765805,0.44455238982864287,1
0.056653526994761894,0.5869599287875193,0
-0.09985321651924847,0.39901857229249793,1
-0.5661021936924944,0.7267748144902195,0
0.9720268216788049,0.014106140848269333,1
0.40624506915195313,0.5872668731056958,0
0.3150433698530157,-0.2947786575369066,1
1.2290271533202068,0.6049776724668176,0
1.089840614657901,-0.9046351677502875,1
-0.08591496202443877,0.5425290807093753,0
1.3561706115226329,-0.6040593328185718,1
0.8389480804774427,0.12411592772669336,0
1.2965592798722687,-0.5010601540029676,1
-0.08398307119686538,0.8475618472378805,0
2.156497624169842,0.535078231798293,1
-1.2666547081835424,1.4156536096778014,0
1.2784155303456741,0.21055873685110155,1
0.06188585250883312,0.9575383236171607,0
1.7164589622860098,-0.04921671862225993,1
1.2489282047026184,0.45212063032082206,0
2.148405224456936,0.0945859521751379,1
-0.2699416881192736,1.0151443720741793,0
1.5992779250380547,-0.3044643050509727,1
0.4165747891658721,0.32301632772186817,0
1.2272742171216173,-0.46808820371799836,1
-1.1735759762417708,0.05832052808490196,0
0.5684267960478763,-0.18756497294938101,1
0.7161580299033383,0.49934115496895576,0
0.3955133738842215,0.2178680107047975,1
-0.6803983016534358,0.8290692292369852,0
0.812787108933612,-0.7809200014468312,1
-0.64927547974273,1.033406693246065,0
0.5215680555558482,-0.44941495711058105,1
0.63705551455655,0.4358180399018844,0
1.283412621482677,-0.6300385988214838,1
0.7339628534437956,0.027059291041688915,0
0.41260423386816814,0.04235897075378925,1
-0.20379537645355944,0.9512576524125698,0
0.3858212340127506,0.057005794278036176,1
-0.7428825981755027,1.2134870398948436,0
0.22306927315422184,0.30575103630414807,1
1.014848478581182,0.32527861399991087,0
1.4966304957630694,-0.44673634295256925,1
-0.5225459844819855,0.6376589028377545,0
1.2681267268547536,-0.08735239172538056,1
0.6836897574660188,0.8889456901549924,0
0.3317038836077322,-0.32176683502008663,1
-0.6171256438889093,0.8329955521561447,0
0.6872695335263308,-0.5403817175565705,1
-0.381350852094437,0.2722042555184587,0
1.8673681159253297,-0.7990957900255224,1
-0.18937831660109866,0.6277800303984041,0
0.18398960122849026,0.4947925250980948,1
-0.917418491587959,0.7335925628610743,0
1.3679515111910996,-0.07442179765231766,1
-0.565432886232131,0.6682076889099865,0
-0.5378146892821131,-0.2967882275802279,1
1.0276165165721554,0.14188719718159076,0
1.682442237802528,-0.33138541763468154,1
0.4178437421078955,1.4141725183819627,0
1.6739019914468534,0.5839024869568568,1
-0.571295282017698,0.7335315917681108,0
-0.420683646828949,0.5152990939630839,1
-1.2747361209314876,0.4025173715543981,0
-0.586157686706715,-0.20830832624785273,1
-1.2906687647578399,-0.030393643377694457,0
0.2422854218347387,0.06262596960940359,1
0.6855984730936933,1.00349669550751,0
0.7087810343879364,-0.8212802841657648,1
-0.29803462295809835,0.9519222552260125,0
0.009681440674551286,0.7619939368366953,1
0.5004365244225547,0.282798771774298,0
0.15065422420749314,-0.9880744913409701,1
0.7196120002785877,0.8378704428868394,0
1.0637694515205947,-0.6640160045050225,1
-1.3298249762225762,0.21819225715724103,0
1.367000227472846,-0.6038041720006063,1
0.9533341726057708,0.3639185447210176,0
1.5838907372425144,0.11962842334356458,1
0.872934220209129,-0.024774439619867333,0
1.6555578515238982,0.07149088386850413,1
-0.8010425072883888,0.1445111728111499,0
1.8659844271427626,-0.47927686604799474,1
0.8490766795050989,0.5953167326201908,0
1.5695535948790489,-0.026701939260218827,1
1.3294709614134925,-0.1882873012879382,0
-0.010054436249022986,0.21668865186053787,1
-0.2929358860917253,0.7663302312744562,0
1.9489997262691123,-0.3134088424288548,1
0.2930440455486009,1.0752418404805264,0
1.8125525942947318,-0.2462032977430089,1
-0.08145474365584926,0.9776481725894755,0
-0.3086607897025518,0.508408733756461,1
0.9854777971392892,-0.3784626456509462,0
2.0701867589859213,-0.13097991685795937,1
0.9555859507910689,0.8698562656907955,0
0.8427178999780158,-0.7841881364057148,1
0.46352403519029883,0.9156323450964172,0
0.8225155691459858,-0.18501390339415152,1
-1.0759027168220947,0.6903509341859028,0
1.4462012711617924,-0.5738084000279944,1
-0.9792918159512372,0.8440270330316562,0
1.467807793878856,-0.10440173462962504,1
-0.6810810714511952,-0.12297856926157678,0
0.6713928591085114,-0.4959403226736875,1
0.2605782660604373,0.9895183768193074,0
-0.09670319364392041,-0.08480435889325516,1
-0.8777292881422402,0.9903234047235754,0
2.280311337093827,0.07246292050569336,1
-0.6389579036009492,0.0043841318597366286,0
1.2687066587303157,-0.4395228879780892,1
0.0221881897281464,0.8934580457737004,0
1.4482608583269803,-0.888708760622261,1
-0.1498690296283408,1.2715517972388635,0
0.5301291825203044,-0.7457129963684069,1
-1.3239890627661826,0.4971275235073572,0
0.2843939773444663,-0.2454402296907947,1
1.0240997069976265,0.5808707268237652,0
1.9626054911143194,-0.11666430712634296,1
0.6122717928441894,0.5493204514720287,0
1.8611542074405865,-0.5925247124922486,1
-0.40807455048813246,0.8318388850637997,0
1.239112140510211,-0.18197586582181197,1
0.7874063324544402,1.0868164797553868,0
0.28688408338490834,-0.30096145380137795,1
-0.11973233899346591,0.8788300242436253,0
-0.12124425340576808,0.6743380064478222,1
-0.18545775703868767,0.6865605502137995,0
-0.3397193708008273,-0.20131871724133876,1
-1.2506859462010933,0.4904427205861043,0
1.4678409489988211,0.49306023748974775,1
0.33111826376803954,1.0019267897379551,0
-0.3928175692323612,0.608154283934371,1
0.11443207693232928,1.1735174255090275,0
0.9506283602344779,-0.3819295083868369,1
-0.2340773510148022,0.5885509492054,0
0.21676195483363356,0.9241460291432961,1
0.04009714188690508,1.3269607558836356,0
1.9956860989987735,0.1412198301860419,1
-1.0093964016761927,0.3645973651179981,0
1.783968437360407,0.2746705794639842,1
0.09928140514443654,1.2589899539319833,0
1.4655926635497543,-0.32648743083112575,1
0.044155072621403446,1.1855516283169047,0
1.572385676339231,-0.22891944834296332,1
0.22858945497858996,0.915758815029359,0
0.5813274047404186,0.0778102477817591,1
0.08153170877325061,0.6967774171522243,0
1.4768528981761742,-0.7979101989357456,1
0.5821631924847583,-0.017481568823752736,0
2.273472055002941,0.6351460678585253,1
-0.4320622567524819,0.7611858575589737,0
0.45231654667885773,0.3058816703859684,1
0.8778192209094204,0.3524936323228899,0
0.6745225545627943,-0.694122291589713,1
-0.6454530996171561,1.3718623502746339,0
0.5001584492535437,-0.7475881285393915,1
-0.6353293549286945,-0.10653704996950175,0
0.13714886264043383,0.04894666218428585,1
0.6433391595498209,0.5654750281777414,0
-0.18426617592882058,0.787303664119763,1
-0.2719929919419207,0.4862038316458146,0
1.495065037208398,0.9656364498742969,1
-0.8616161707364728,0.12740312083781175,0
0.3390207413574174,0.2548172120541003,1
-0.7443932131113904,1.1015661732548192,0
1.1619955164997524,-0.4911858706397682,1
0.35151531024053806,0.8381371221220922,0
-0.07946257293803338,0.06199976209214981,1
-0.4954085228919412,0.609658218177506,0
0.22186210329838887,-0.007842922653472029,1
1.0093793630803978,0.605411202122043,0
0.8108244926965302,-0.6976902686708448,1
-1.2306998960924802,0.37454586521694977,0
0.14990088138311786,0.7098470790733755,1
0.6352032658888618,0.2829395121296092,0
2.378125360490922,0.24530237820791434,1
-0.4855529145370248,0.06755506462852867,0
2.1687187513379014,-0.47098854122984385,1
-0.14517046918838492,1.072632625977812,0
0.383036048450588,1.2413974250971802,1
-0.4719312339136541,0.5837781420362781,0
0.26460583480493527,0.39495001783428685,1
-0.34558641174585564,1.5005584707883595,0
0.9765195611258204,-0.8417677480435972,1
-0.08469628632308485,0.5077705340254474,0
1.010615169450372,-0.29403785912659935,1
0.9958520320981933,-0.021783709580345256,0
2.2308635159255186,0.16224246384326554,1
-0.5957440375355746,0.5969981194897722,0
1.2124961845562743,-0.7487898920049373,1
-0.36578250535548146,0.6956230860616606,0
1.0995935832295136,-0.09175952836448587,1
0.6019462771135448,1.0518943684144664,0
0.602721768497315,-0.40534105807072945,1
0.7726458489591108,0.5085432365710765,0
1.7573598845348464,0.3892439149188124,1
0.864026260345115,0.7219975161864423,0
1.758448307492692,0.0665926550109044,1
-0.4448634262074148,0.3647763115986696,0
0.44932041582466264,-0.0821740282301617,1
0.30902788915248924,0.5130751964655458,0
0.6831969808881267,-0.24172731155948116,1
1.2257092265045646,0.8298153736028269,0
0.34520618429503264,-0.08759582833133256,1
-0.6030831281153202,0.47708801557701896,0
1.1009394027679997,-0.8439561094460921,1
-0.5479921655905493,0.7116811454447325,0
0.2615611786778347,-0.06733283742352594,1
0.25387077581012846,1.7106685868744673,0
1.6826776788998135,-0.0330463941875391,1
-0.4648254449942842,1.029507904369958,0
2.137668959354332,1.1562581316390472,1
0.5444465569429919,0.7263923841505324,0
1.5251493417303006,-0.1265488410171605,1
0.5808373534566158,0.8343191252490583,0
0.3049002904322127,-0.0247456741914297,1
-0.8913842815708138,-0.13622477549671796,0
2.077928144825929,-0.35184885869828786,1
0.5364473904825071,1.129478772198978,0
1.063719929380098,-0.25260528530964954,1
0.9600332973537049,-0.23475240837681732,0
1.0178038412095605,-0.1667006684213081,1
-0.5589918346721392,0.31059835806769265,0
2.042497440484333,0.3181641747621473,1
-0.33094471442591333,0.8967732957424497,0
0.25202451714069846,-0.5749015061729633,1
-0.34696638563602344,0.10796977100742705,0
0.10774705448597345,-0.0005202281711721435,1
0.9190121048049523,0.6841967889769192,0
1.7979403356560753,-0.6393951772636413,1
-1.2745191243191663,-0.19704534455541223,0
1.9750043066178564,-0.4042412076619487,1
-1.341241691715726,0.07475144569048585,0
0.8639605176581535,-0.32984692210201916,1
0.9952010411689324,0.40010049647994017,0
2.3452143096873144,0.5211436132205842,1
0.6230054562106774,-0.1436264217642324,0
-0.16481924878111934,0.12773179837228793,1
0.8089545481460674,0.8750589216609057,0
1.9731603993953326,0.11223343773659844,1
0.8892646592200496,0.7046649330086345,0
0.1371044498537373,-0.810300363234247,1
0.3102443249163113,0.7480080456301895,0
1.0708334183760855,-0.4456593097634403,1
-0.5501032082133381,1.104246410132311,0
1.850200186864107,-0.724773195914685,1
-0.5609493134953166,0.7695738602331309,0
0.39204510812868515,-0.1425850468875285,1
0.2680864301276788,1.2175736032663742,0
0.4845389866627812,0.08692081160335086,1
-0.2608103831253592,0.7269821884203951,0
0.017878058459270423,0.6474059478148555,1
-0.9462946612645707,0.3676435660535493,0
0.38156707016564906,-0.28970437389919096,1
0.5621673942579889,0.2770407693896886,0
1.068105071066303,-0.24267815655890276,1
-0.7160828658190626,0.5078337840592371,0
1.4417577904898908,-0.061830992910071936,1
0.13587669579354705,0.4302556130936629,0
-0.5327705658478883,0.5737599947556159,1
-0.9808443383434462,1.2112086187957467,0
1.4799765065649537,-0.42188478240329597,1
0.5329452629079945,-0.026767163979391884,0
1.482334611411786,-0.905914877010615,1
-0.9408231858328994,0.4594578741650227,0
0.24410383860139748,0.2995977014857567,1
0.1542819516362825,1.0742340372523422,0
2.4087499421783334,0.21771876602816434,1
1.0664318379890319,0.12121585384697804,0
0.4507020727136766,-0.26532679138307674,1
1.3755948939944271,-0.12826123742053386,0
1.5603152952324884,-0.0521711766788619,1
-1.2520648844662206,0.4902573695520154,0
1.6631089876514769,0.3073422059290667,1
-0.17868538758960906,0.982243563645916,0
0.22328622518698085,1.0369841146812142,1
-0.4038360645952919,0.21794479235495795,0
-0.18483862883774832,-0.08852247342258394,1
-0.8180764641758861,1.115158094322957,0
1.5126626574740378,-0.12395620760249748,1
0.7709868831609181,1.696830646183458,0
1.5177147041386079,-0.7520229461783756,1
-0.4655069887957949,1.4666091165817656,0
-0.08408479013306205,-0.029668179358098963,1
-0.8512402881477479,0.5356529662593157,0
-0.2544215087030819,-0.24304260777955292,1
-0.28580882882200076,1.2222299075277283,0
1.3951890834499578,0.545847743587631,1
0.08686320232011886,0.7541656108465562,0
0.034680258296763106,-0.18926042062271659,1
-1.200002509369021,-0.032513669049059724,0
2.207413950546611,0.11782631583886316,1
-0.32885589373240165,1.2072447439180949,0
1.1426941798066335,-0.4605558157853728,1
-1.0610900562424945,0.3057949607354805,0
0.5092951852928446,0.22791855403469718,1
0.029466937962847953,0.7395801236408817,0
1.4639502692563697,0.24725348761392188,1
-0.790432628196855,0.9349483534637536,0
0.6773017616166567,0.4362176380954722,1
-0.4846273414837322,1.1297279111309748,0
-0.06122250126367575,0.29737831822491767,1
-0.7248555886386352,0.9144013562511369,0
0.20236685456735953,-0.03581601600869001,1
-0.8454690241622252,1.1259587568151495,0
0.1622362645877664,-0.8582107096148597,1
0.6569901190021155,0.8623138911456831,0
0.7515845792059408,-0.8681221623985194,1
-1.0233599032378746,0.908080467946583,0
2.079990236350554,0.05455583964641014,1
0.6120146648070726,0.6557964065462623,0
0.19911821751718223,-0.19271039309809596,1
-0.866187431177935,1.1293418444155667,0
0.003114636020878858,-0.5238472525136981,1
-0.44650822671254997,1.0505039916353558,0
0.18415533389094424,-0.3035228631123894,1
-0.4601043030327936,1.1399497334799644,0
1.3916456704491273,0.04727188688629236,1
-0.6409796667805039,0.5061513858970168,0
0.5016025223730038,-0.14865785240828122,1
-0.9657902142919657,1.0397976866766305,0
0.22193680087781045,-0.2232207268773867,1
0.09546593321341156,1.114215520018088,0
0.27633022292900244,-0.5240442169076804,1
0.8835327920534626,1.6371291208116467,0
0.5881348799222584,-0.49868243147344593,1
-0.8155215863905576,0.7597101626436158,0
0.032493939595227575,0.4053890982073564,1
1.8838061516483995,0.11300017820834116,0
0.2571853393609953,-0.3808107190052737,1
0.7117321823971791,0.1429427053362634,0
0.36570128241247446,-0.239377984458306,1
0.3218735247424697,0.8094474387713555,0
1.5148701945353842,0.45672961504256177,1
-0.20036299528285684,0.531197803205052,0
0.5458698994487161,0.39409940395648446,1
0.6111495542723218,-0.0027325880008876036,0
0.6090036594996832,-0.2117498154957281,1
0.12049403124463905,0.8689854834670199,0
2.3695954837141375,-0.19027421205841988,1
-0.1671643646466257,1.0231492123885795,0
0.48385494476902297,-0.3672952308952333,1
-1.0413904668709906,0.34512239722731186,0
1.0017725795044399,-0.2516246778539863,1
0.815368800255122,0.9814163562120607,0
2.058335601541999,0.7858254592502424,1
-0.6500165349062236,0.5664230058423403,0
0.3330088262995635,-0.8169560624734524,1
1.037382253782049,0.7804393914313863,0
0.06968331183193,-0.16748567468054906,1
0.6871667037459893,0.803095558562581,0
0.6863572382177225,-0.14580394850125367,1
0.450443112290581,0.1757861473843778,0
-0.07211337015937522,-0.22447785210300247,1
-0.9588035953841271,0.6784201218666102,0
0.36826948643574253,-0.2266673308359849,1
-0.505229719084952,0.8517482791375466,0
1.7561045697686655,0.5314512931479529,1
0.8532345244710952,0.39121208326671636,0
1.1496342792817416,-0.5798155771705399,1
-0.48646915675764396,1.2723407244844516,0
1.7234864682222373,-0.11157659886182425,1
0.8480804267630714,0.49254869692557185,0
2.035653264933276,-0.1320741252657001,1
0.7068829706702444,0.6887360306602286,0
1.4379244183810642,-0.6592521213212961,1
0.08432955058063502,0.9880427369548881,0
1.48854026535788,0.4613308235589051,1
-0.9453221807229605,0.27313971593370834,0
2.2132051228191387,-0.16660211448848594,1
-0.31475522024111013,0.6430152574169644,0
0.4076385713795232,-0.20163431603776777,1
0.10229417746122403,0.8802048088898525,0
1.9669299420220916,-0.5095455461052423,1
-0.9538908547234553,0.21048374566797856,0
0.15027916236597882,-0.05372525377942397,1
-1.5420212699562543,0.34124003906484,0
-0.257472796665522,0.7238425484877199,1
0.04624871223545601,1.133428525891331,0
1.5661001725327879,0.09908641344835831,1
-0.24934734003808334,0.21395924803831867,0
0.012629598536645761,0.14787508900757415,1
-0.6840530546576912,0.6625470058486568,0
1.7206588478396354,0.06014368271081838,1
0.32046094835951683,0.8989865087376543,0
-0.034792375224750816,-0.26720200201147815,1
-0.38961306982291677,1.134039293228777,0
0.7504017937716685,-0.5265314059112745,1
-1.263761800633887,0.05499304865766538,0
1.0605047714598683,-0.2326893358859401,1
0.27851307034013667,0.4026525760516071,0
2.235903885151375,0.00825038823800553,1
-0.17441720845424746,0.8587056826884736,0
0.0033502216698610976,-0.9471470279476665,1
-0.914299190766702,-0.45948737012800434,0
0.6568151949729859,0.28787465644272325,1
-1.0287765825553203,0.5673530964911734,0
1.6190168519824282,-0.31580783589362654,1
-0.5903677591968668,0.8823054377962171,0
2.0009029877958615,0.40678834725542745,1
0.1580047742330457,1.0396682090599647,0
-0.16033306743431225,-0.13986645152894905,1
-0.8516103404248903,0.4763024753580469,0
-0.03783257632977131,0.3397615582032183,1
-0.6791133477895052,0.3064194242356865,0
1.6581760838954054,0.5140842142189713,1
0.34167336041169155,0.4531082129710473,0
0.21175081245897798,-0.21382246858323253,1
-0.9924729348464929,0.06346065083774483,0
1.5137431214299795,-0.4016003258257035,1
-1.1026138530227971,0.032010697648933606,0
1.542613714046212,-0.18116039139696521,1
0.7766991348575667,0.9845961465911026,0
-0.1588004620784846,0.07116392541475319,1
0.6926885884787832,0.6614604295104817,0
-0.03840435277091547,0.19306991437963364,1
0.6079037289682565,-0.05080978281468933,0
0.45692704109840776,0.003616715316666852,1
-1.0855676488775992,0.12690784400255728,0
0.48250116786363134,-0.11961467407320157,1
1.1262612099502387,0.3236455453800198,0
1.5557567502881677,0.015418202432637224,1
-0.3864018603691176,1.623952762015339,0
0.4887123739628816,0.11781346524120404,1
-0.2698213954331067,1.3267732857940706,0
1.6396646293450845,0.05180914430279693,1
-1.1424619552908806,0.2803219684761613,0
0.12560749978156838,0.7162054303998437,1
0.5780055813520346,0.7530964448071018,0
-0.6523675395606159,0.6070949462007988,1
0.6174121858496917,0.8402023491167914,0
1.4881821418853405,0.018388050988400184,1
-1.1864955718194767,0.616596350249721,0
0.8432613478223805,-0.06464121768649739,1
0.31012934288680316,1.1132824953976828,0
1.6525846846345353,-0.09207913275003943,1
-0.7350018741316643,0.10408972012000209,0
2.633485554177585,0.8291934887371815,1
-0.8711342613099408,0.1862351290753391,0
1.1189201825414299,-0.9508042370866283,1
0.5145912870502568,0.8966654697431445,0
1.1263315676535872,-0.8037916994795085,1
0.7034208837337634,0.8373292312484925,0
0.7710345544135545,-0.7935997700080883,1
-0.10410272042380471,0.9668583508759346,0
1.3254174255682132,-0.5251779314701612,1
0.7969201767028254,0.14465522352190244,0
0.7617048611804044,-0.6621899388932568,1
1.3109530171414598,0.4205755934045485,0
1.558674380255388,0.029546905931117758,1
-0.3672004057271472,0.7647010908356161,0
1.8438845553059768,-0.13795117196125967,1
0.8060880121343107,0.0655761350642052,0
2.5497968492352117,0.5615894220645654,1
0.9511195643306001,1.0092610349518616,0
1.3103438804588048,0.1415006511712944,1
-0.5298369802682914,0.45968463871084575,0
1.6762440113715078,-0.7348967192781494,1
1.0157457853603613,0.4307135089080749,0
0.6725445511277945,-0.7852481977203241,1
0.5178142184726197,1.3664674285505776,0
1.0449258474165615,-0.33329206670089534,1
0.37139706186504584,1.1588833971127364,0
1.2490591174651957,-0.9121093473421285,1
-0.4967237915695211,0.7884306772005907,0
0.4034952964054148,-0.33790534803460776,1
0.9652978087982287,0.09642145044044421,0
1.572547311882132,-0.040906242939957094,1
0.4996674930469095,0.7689516245703223,0
0.3069595096432307,-0.5577830779305285,1
-0.20521364589853774,0.9503191560822299,0
0.4401358414041082,-0.37129086009146806,1
-0.274795230692368,0.893248857210034,0
0.39247824481938265,0.5306512070874864,1
0.9596173937706775,0.9589251788947262,0
1.766761928059092,0.3065041471764675,1
-1.0759528492352548,0.06458542344917156,0
0.3790901959796198,-0.5071054548787383,1
0.5194263075208061,0.9038440693902692,0
1.4154793022032557,-0.6222827003778431,1
-0.9347321377500061,-0.2972075475839908,0
0.7425620884133269,-0.8398149634562188,1
0.9929301472659433,0.3141582946346396,0
2.452522364803631,0.410276770194971,1
-0.6954818240216051,0.16954825321467643,0
0.17210685894461863,-0.2775829975477737,1
-1.1644353671062375,0.23178885726141954,0
2.7045950459490595,-0.16391587876381913,1
0.768018937479831,0.5486059374585295,0
1.9368012632325522,0.020252509939614582,1
-0.41741976157659216,1.1643197367218063,0
1.4165762141994145,-0.17445262530298905,1
-1.0392966761797515,0.8126800811617845,0
0.2678047399592486,0.04515461553344224,1
0.5169716003070617,0.31082360107399165,0
0.1555609536493071,-0.2294820475149492,1
0.8540900182789446,0.8007376394100238,0
-0.447215419640031,-0.21211194370169667,1
-0.9315121693346675,0.2004089395825586,0
0.33399306835472664,-0.6558097423582794,1
-0.46781734228041133,0.520104161263373,0
0.9303107901783761,-0.2781270945782368,1
0.464297019118143,0.4480852543739226,0
1.8059069597569875,0.8026670548935901,1
-0.7484360703532608,0.519483157646546,0
1.029063620318443,-0.3956275832494437,1
-0.5017641669078086,0.8644054996398467,0
1.6713548427542337,-0.5329853248578053,1
0.9980088433866822,-0.14473627285903262,0
-0.02756696857726476,-0.44127343089247517,1
-0.2891067517507485,1.4040429921683086,0
1.8776517406970181,-0.1114535551477765,1
0.4537223013277253,0.09878664278880588,0
2.198895791169098,-0.2719179444560748,1
-0.7552715217864627,0.2233116791775701,0
1.8052525236809531,-0.02778286741632506,1
1.106084114352141,0.0858887103256257,0
1.0285677088716976,-1.1411962335016463,1
0.8796559978829828,0.2843031308017216,0
0.39233444217043856,0.050132285491268594,1
0.4078253294330363,0.71243168569302,0
-0.14004533914629366,-0.19686327622783406,1
0.8377614284355448,0.5101306368463392,0
0.5052328885022757,-0.25658638983539084,1
-0.2624367823554645,1.439526976444935,0
0.7481388813087251,-0.38026272189199883,1
-0.15558467152155847,1.029325576374922,0
0.2312012556329306,-0.31240299910620306,1
0.024860210230766677,0.4582780437799781,0
2.5765572768208056,0.2776166849855353,1
0.2782674611589172,0.7661151466082821,0
1.6674057285983088,-0.6843561003784193,1
0.8458903975081604,0.6749523372337672,0
1.7834562246564436,0.28473612433818646,1
-0.8191888389912435,0.619838580188975,0
1.3385734906561346,-0.7922684778827347,1
-0.48341413522617666,0.24536700828376606,0
1.7391786022464915,0.11314778364865632,1
0.6909515953365837,1.3306714089660556,0
-0.12301996436183468,-0.33283663256057006,1
0.503886862171067,0.7939385539594431,0
1.1560030810931068,-0.11503550031501591,1
-0.8987197683464496,0.8650907282947261,0
0.30074050232227634,-0.37959430274004513,1
-0.042852343080252986,1.2306544192015108,0
1.5455399471396247,-0.37934084038021576,1
1.101681860970765,0.7310110064117681,0
-0.0987551266049486,1.071476255684627,1
-0.8167302693665108,0.48407320678406984,0
1.2996568327260118,-0.08400075526319487,1
-0.7654034412044871,0.4985621549832727,0
1.6599872473062038,-0.7997582885278005,1
0.7643005450402575,1.0863830976110094,0
2.222644080066366,0.40150128531256146,1
-0.111458731611977,1.4481506841383398,0
0.12271463578394268,0.649061923616877,1
1.05174237935268,0.8213181213928417,0
0.8507356840846899,-0.5008648497177416,1
-1.123380961067126,0.8353898906581285,0
1.8713520766351521,0.4958738303247174,1
-0.6753536389873198,0.7719155882585056,0
1.2895299050188027,-0.6224793752045681,1
-0.9333489293346336,0.9042359504994484,0
0.7175293577437767,-0.08721593033593683,1
1.0922082539259361,0.24235691581298094,0
1.86003743637292,0.10587400291173027,1
-0.3488871786344585,0.15704738201803226,0
1.1274782128696326,-0.040026754471056414,1
-0.0851101372901204,0.8421748522987846,0
1.6770910489510693,-0.8043862201654004,1
0.7313987384564422,0.8372485205578131,0
1.427214367285574,-0.5377588484679187,1
0.9179613017578794,-0.2255078402889272,0
0.6949938194363532,-0.6462071556307104,1
0.8298019001375506,0.44876607825762915,0
1.817414933933122,-0.19260381746510427,1
-1.2616738958765055,0.4854439688206598,0
1.909396271105196,-0.3134822490421123,1
1.3768086381591662,0.22103394905707463,0
0.8678595258249047,-1.0292619712207267,1
0.8791260757913306,-0.3694106408977418,0
0.2505185462188045,-0.6585863735678059,1
0.559061168697927,0.9754184565426303,0
2.132685102401968,-0.09309563283862485,1
-0.3842372308562168,1.197601598003927,0
-0.0964641565575361,0.05818883442757272,1
-0.8758580634658095,-0.20605850096836237,0
-0.452683508452613,0.29621257991430533,1
0.5990863964347943,0.22325298138006194,0
-0.07800400391323205,0.7419404630458848,1
0.1761942787679776,0.9704234735480253,0
1.3996924627709648,-0.7102125557397452,1
-1.04468232800375,-0.0693057477486736,0
1.4468757103334489,-0.4725556686441932,1
-1.1593668444178056,0.26224652822085887,0
-0.275982184951518,-0.5282288179163441,1
-0.7854876262385211,0.0015901055889109006,0
0.7167435917626995,-0.13584493284269633,1
-0.2821095714382477,0.5313603511632763,0
0.8142862223696401,-0.46865064195550205,1
-0.6553914863079464,0.32354699008430454,0
0.3383819203648778,-0.0542287545546562,1
-0.29385727274365103,-0.10210879907368889,0
0.20922191083386266,0.07693198849506758,1
-1.0345287513589587,0.012271600691382806,0
1.075414272165406,-0.574242088625544,1
0.2729262206734944,1.092932043346165,0
0.3864371665399065,-0.2877834950620891,1
-0.8504291195586555,1.3682367858552278,0
0.012799573658936414,-0.20573913623778717,1
-0.6138850293879081,1.181966347708539,0
0.25374665933740015,-0.19910993996782772,1
0.4014582932667234,0.4312945051613047,0
-0.016355185367718128,-0.3942566622093943,1
-0.6453987495774165,0.39883915876270815,0
1.7325183930616732,0.19177669836328307,1
0.8138916918779404,0.40402516805623806,0
-0.018684609437925048,-0.5166328465771011,1
0.2059811598036485,1.1990649036865737,0
2.1373982555622417,-0.28466768852869817,1
-0.10728615258828939,0.625622234135135,0
1.7984421417567737,-0.23379107339381913,1
-0.9224905686948357,-0.19759302312490595,0
-0.16461253653907965,0.2585207116707602,1
0.8399482947810327,-0.30354451162939766,0
0.9072398837883238,-0.8466909990582934,1
-0.08572181420350256,0.7213762994974866,0
2.0016489334843053,1.2166840231874545,1
0.7886222824109786,0.5190931183729635,0
1.6317785470199442,-0.5638798836726384,1
0.6128155024059809,-0.15256704165232848,0
1.0107654740653227,-0.9402429459248742,1
-1.093731832347744,0.455230137241537,0
-0.10084139467680206,-0.006442056758670059,1
0.8962926115766353,0.3943082356509635,0
-0.04776301015992018,-0.07612579356930602,1
-0.8656640017289636,0.5054350270647107,0
1.6961970937481767,-0.02240030033770754,1
-0.02254936527587266,0.9231084250187747,0
0.7922718045858698,0.23674110381033658,1
0.9206913127407679,0.2924526964587909,0
0.771039323080787,0.19083870912838274,1
0.2062464863722102,0.8614001447183232,0
0.6855272354303494,0.18335748392436885,1
0.8605061470391215,0.3317910959874296,0
0.13015155279733231,-0.3605758659374836,1
0.4085742593229518,0.1718958974354215,0
0.08898922420218897,-0.002609953666819237,1
-0.36125567808969516,0.6342026622507048,0
0.4597348132160508,-0.29669311904581835,1
-0.5489196264111691,0.4316688799754138,0
0.6810129549358721,-0.6130334492998242,1
-1.2404348957126794,-0.17904995199912957,0
0.6129008722281983,0.16676481799693188,1
-0.05365184903213712,1.3709587451675556,0
0.038014142437340886,-0.06762804529274705,1
0.3181770971385325,1.1262723055380814,0
1.986011087425711,-0.0567403847072403,1
0.019226688386098256,0.9720687125719573,0
1.0690108960445384,-0.28859302673925735,1
0.5728305731363347,-0.07244331634691226,0
2.039979407421644,-0.5941159513791332,1
0.2770559281041931,0.2554873058297782,0
1.047284319572654,-0.49453625989225647,1
-0.8990152708770518,0.38309481532684614,0
1.7421062548569457,-0.22028058226322522,1
-1.30833415052077,0.14327036938761273,0
0.0945153784849942,0.28907028261299517,1
-0.7207347220129432,1.232218367161676,0
2.377617866367527,0.8472323944713469,1
-1.058096778903564,0.7494443955886053,0
1.3167625933468388,-0.5309722609755485,1
-1.0464482000299347,0.3119661639513689,0
1.498457323813389,-0.4734951347122316,1
-0.8052062433980189,0.4601232317141838,0
1.2091880844386196,-0.9933458506661392,1
-0.7241909050912492,0.403025421972899,0
2.747136187418138,0.3815064847909819,1
0.8362580499492481,0.6553866321955535,0
0.8314062950924339,-0.852236921056337,1
-0.07413527212369045,0.692476780630841,0
1.2165380992513901,-0.39713203564459515,1
-0.02177394520486553,0.9211299625393595,0
0.242448893433961,0.12528415000115045,1
-0.7133137797647641,0.22677208937969195,0
2.714057620040348,-0.017986577974836382,1
-0.3995694659579067,0.8313636211155725,0
1.9441618923875972,0.009482798458203268,1
1.0056296987189906,0.4424651605941171,0
-0.03537468063793271,0.605125970798805,1
0.4060349471620788,0.729138450021313,0
1.205148883162121,-0.6671407539281335,1
-1.080705240750693,0.6792187065323072,0
0.00023347519751647228,0.041350310435171206,1
0.4478074310297226,1.2967369205977743,0
1.1501040724790896,-0.8887035804298158,1
0.9477302802603537,-0.3672126661150424,0
1.0791399448056644,-0.61689530373817,1
-0.6034196389505865,1.2104616821299385,0
0.47969006796125396,-0.7700399376536374,1
-0.7122777404768451,0.26165027083208525,0
-0.15394728178029748,0.36813396484092636,1
-0.8684312217559467,0.2586612813194363,0
1.8127381666836868,-0.3170522921845517,1
-0.02736348544161892,0.9411509264588778,0
0.027298877008789336,0.3722221930652726,1
-0.12482428864175955,1.0447725768763947,0
0.05343684405251062,0.5136739523322078,1
0.3217323432293203,0.5128988723642589,0
2.2527542763880746,-0.110209592939295,1
0.6639408394406303,0.6101151752632535,0
1.6539012028639137,-0.12291299645430773,1
-0.17444603862193975,1.215095476161903,0
-0.4364523223157984,1.0925690501897831,1
-0.551088274206587,0.8139367061214264,0
1.2001860699474807,0.08594507667263118,1
-0.7319517492730344,1.144621163261566,0
-0.12470661894104637,0.4474597666323066,1
-0.7318412098105542,0.8659813526446344,0
0.452458683124521,-0.39782182417711004,1
-0.7921189057710843,0.8559831772168621,0
1.485422880007722,-0.43614982818188314,1
1.1279723353798925,0.8570114530857014,0
0.7044996563881978,0.0020566263691669806,1
0.9355599466791917,0.4705970493076439,0
-0.31153610805531184,-0.42061832659018455,1
-1.1759623068232363,0.4799438184911806,0
0.02076752143946005,0.10800920544079494,1
-0.08958124148417479,0.8182261941357676,0
2.2499917915601197,-0.3467184920937699,1
0.18203452756312205,0.7142693080261403,0
0.7507742337961836,-0.32322021752578506,1
0.9138552905213811,0.34234414410868336,0
1.8372222464828734,-0.3230849038599703,1
1.0191774059071501,0.47576459495324197,0
1.9776170898501833,-0.5092931516083554,1
0.4265474027394827,0.7993118143954994,0
1.6787126527448966,-0.6606683548462949,1
0.0796401900656708,1.2706710579680063,0
0.4051782282272015,-0.01039602017286484,1
-0.17407836724046732,0.6790222094732394,0
1.4617111133985956,0.2598711018382128,1
-0.4125587661599536,0.9683026167803177,0
0.7575327262323502,-0.3027172843225394,1
0.8183150798063555,0.8205520064788034,0
2.1001804772602353,0.21689941020310863,1
1.1657973346935542,0.420043633489424,0
2.1901316683229837,-0.3990558502242892,1
-1.033818095656286,0.2631439665725447,0
1.5037803695555116,-0.19743284728775504,1
-0.5765933937977452,1.0484290866265327,0
0.6543894137555224,-0.6630367447959086,1
-0.6534429226844676,0.7702810912595255,0
1.740612612574121,-0.181343497703377,1
0.33543674814705826,0.5008480560102404,0
0.9904666881630831,-0.25216265613479927,1
-0.419139570436646,1.2533761610244554,0
1.3466550922180023,-0.5035553745733613,1
0.8292009288681217,1.3200029839367424,0
1.8253394624523975,-0.798265942410428,1
0.6214349016663242,0.9447986381084515,0
2.4417516981501852,-0.00757279014490464,1
-0.5539688131861287,0.6378585861310362,0
1.167835479966378,-0.37177162764959987,1
0.2745464168127171,1.061200070294917,0
2.1232522800979026,0.10484639708252283,1
-0.434778398953841,0.8136795563456816,0
-0.16552066369325552,-0.6318288164678173,1
0.36896391986337534,1.1343876101998762,0
1.7798768065309853,-0.1567346883192673,1
1.3594546425193967,0.5602863569026288,0
2.3815979438535986,0.003642346761658699,1
-0.40937074040039684,0.6357489933649765,0
0.01777150608235184,0.3033814300019211,1
-0.17052019549866765,0.5998408935130555,0
1.9108473981294662,0.0957348715635891,1
-0.3871498902659748,0.12241056259913513,0
1.217347022847141,-0.6047565063825509,1
-0.756785729253614,1.2543940175956978,0
1.6215273880104948,-0.46619641559913905,1
-0.22733208677143535,0.8438419649541846,0
1.8929739651433417,0.3771655258555675,1
-1.0059316017134396,-0.044709472994949095,0
1.7514570701672851,0.5059770918608499,1
-0.3451019397972738,0.6260566239017554,0
-0.27639213258240136,0.14930954545393557,1
0.740211905292545,0.7190801306257408,0
0.10736259906221951,-0.33110336559594666,1
0.38640056870535444,0.6284572942054063,0
0.6727311005815844,0.00786172080094405,1
-0.517093823243007,1.1710612161081735,0
1.46486469368163,-0.5702636193575796,1
0.5500738035771157,0.9402616825476278,0
-0.37631860969665915,0.24740201543715512,1
1.092170620804296,0.13313093691808192,0
2.1547860272899357,0.3149036950968006,1
0.999342876275302,-0.23703622834157834,0
1.4773738100071476,-0.29992468433820535,1
1.5105666979926822,0.09154704246308222,0
-0.7009657065810312,0.5160487623255022,1
-1.0668811632358235,0.5627326509390758,0
0.137999785461144,-0.3112422823570445,1
1.4185626786416368,-0.03891170473003207,0
1.7801058715417024,-0.540554063897956,1
-1.2201825749830328,0.07513423917097048,0
0.6049735308657122,-0.5613293017024344,1
-0.5731169951180075,0.29785097517689174,0
1.04145746946265,-0.3101972314100301,1
0.04651851843154281,1.0076787682302988,0
1.7989801329647326,0.2399635179104911,1
-1.443261474482926,0.21057194053881279,0
1.823843684584707,0.3857598848520597,1
-1.4017136591849164,0.48641154467698844,0
0.1634675891364292,-0.24816307220239725,1
-1.7586801249861255,-0.09518104583840681,0
-0.2045956328573817,-0.07412352737215419,1
-0.6377629924682366,0.707565073632681,0
0.6718401583920166,-0.33197402861430986,1
-0.6130609238094313,1.34707013187221,0
1.301257757216295,-0.4885804756249429,1
0.8110380733929475,0.6141633340631109,0
1.0140814697069203,-0.17296190008468482,1
0.4898821724267677,0.3603537562626584,0
-0.14520208204827934,0.26206106451554334,1
-0.3106423192988104,0.9724510208194665,0
0.8234200279809699,-0.7375532153619655,1
-0.6174902220042262,0.18257246733366997,0
1.0712912187769046,-0.7038453242090237,1
0.7186879206622601,0.858935026749275,0
0.5799212411438683,-0.5323562450954817,1
0.9815405185989692,-0.37376974727342627,0
2.3274665390007865,0.7405216806982606,1
0.43990891665665677,1.1894447446531573,0
2.3610029654187326,-0.1416999116647521,1
-0.95864469809907,0.22214421876559182,0
0.1624261632006162,-0.47113489735584024,1
1.0863782822921846,1.1318154149076398,0
0.10216667649486304,0.5423455003547142,1
-0.6013426481392519,1.1612447353524866,0
0.13074560902341306,0.22263968510956356,1
1.18542585134281,0.03373807668918693,0
0.17791926427459642,0.34634402608972126,1
-1.0963702734652512,0.5240268898851254,0
0.7776058241705478,-0.17403931673386003,1
0.7079978758509383,0.7220874809504064,0
1.486235098663123,0.22302604488260505,1
1.2348545116456286,-0.2643576846796045,0
2.251262034090367,0.28765740293738673,1
1.2797071717807502,0.5338951098275712,0
2.1541380804508883,0.0981032986300375,1
-0.5917719346905901,0.40077932448713577,0
1.9307653852548403,0.5369837180580704,1
0.29716715820887263,1.088024999039243,0
0.3073420832928605,0.3185752491025948,1
0.15062926525798648,0.9516058650051804,0
1.7552403889111592,-0.4763227952665952,1
1.1678762118528097,0.1628073813753975,0
0.6634633822652727,-0.30570701652794724,1
-0.6464962088876365,0.9711562824663019,0
1.0019010173055372,-0.826264739219235,1
-0.35802340542722527,1.556033061004996,0
0.4585718129387649,-0.10649004779997565,1
0.29305181563563953,0.5009113880817113,0
0.292214109984716,-0.027293216126992315,1
0.6481765847121916,0.562690176510886,0
1.878807625971076,-0.22268978223250835,1
-0.6338929292009947,0.6700248192881818,0
0.21449822607411478,0.3800888724562195,1
-1.27389416334914,0.21567762399931534,0
0.14227796993797293,0.06651298054761202,1
-0.7659241597227089,0.16295854297838375,0
1.5781255435212505,0.04549785546081456,1
-1.1844459392872881,0.2122956943194979,0
0.24283853738803532,-0.5497045239574199,1
0.248968623254668,1.4695156286458262,0
-0.24754669295170445,0.7368753692568244,1
-0.30252049910961215,0.49133738657550363,0
1.5820470383319258,-0.15362141191308423,1
0.6948604400169038,0.6167921350443701,0
1.3797181176089865,-0.3727403666635432,1
1.0850572621466428,0.2621440327441314,0
1.0927309735136737,-0.3897805405948799,1
0.2215141451132566,0.7056164885470029,0
1.603344666144968,-0.14349414113733577,1
0.24074985141948066,1.3232566547585842,0
0.746853866228507,0.03488615301360082,1
0.8968606538866629,0.2661537894285869,0
0.7688015136970098,-0.4649365011017387,1
-0.7857048320083613,0.9447322645642724,0
1.7196660967857447,-0.17280136404348162,1
1.1562682732510468,-0.05143963829795917,0
1.113745912954567,-0.3596974801377381,1
-0.08628760947280721,0.4057682184447817,0
1.6739987523056232,0.38258344965045754,1
-0.15490991137198562,0.680090358704762,0
-0.14331419784872756,0.005570713823758945,1
-0.6742176581201339,0.35573782917416985,0
0.7514918507811683,-0.8680651868615047,1
-0.2915723632166675,1.0455632001448802,0
1.0154093576737468,-1.0135623504510962,1
-0.5229656229728038,1.0682802928628403,0
1.688132280056163,-0.8268766746685897,1
-1.242014123490924,0.04750669705193042,0
2.352937685045151,0.3020480603611204,1
0.45265105630636915,0.691594785757259,0
1.22333395084971,-0.5672106487496026,1
-0.20742590733687044,0.8324347039157708,0
1.5066586916398907,-0.7468625843325654,1
0.2181001487267507,0.9793628561566433,0
0.4003390414944944,-0.4326296848515763,1
-1.002228831606989,0.44577232617705664,0
1.554983626206522,-0.46081331279846294,1
-1.0849132273692499,0.8746065995523742,0
1.7974480350868438,0.05763369110352701,1
-1.021567576612197,0.48549163529129746,0
0.9076061960353639,-0.4046175405605446,1
1.0114943050540135,-0.004038904943871602,0
1.484894047681405,-0.38214388793500437,1
0.699551540491118,1.0649557948166826,0
0.6200368126259973,-0.6353720635982459,1
-0.3037533704952895,0.9000302221944654,0
0.05826971662035754,0.5518793930135442,1
-1.0921492319064687,0.7149057329577325,0
1.00727697861577,-0.27975821404189205,1
-0.7823138985051475,0.36857004378331854,0
1.4746913196022384,0.7356090732462806,1
0.28389850538747524,1.001533298025623,0
0.3808072101304928,0.03966709445522654,1
-0.5596210933842017,0.9469543982325535,0
1.810528146820881,-0.7055292393708098,1
-0.4903568221520278,0.9455489609632494,0
0.9142224295182008,-0.4860752565736023,1
-0.8850618286938027,0.5364383374579317,0
1.4916412232060081,-0.2345161910920408,1
-0.26430178345652977,0.7985567603675926,0
1.3961410426536123,-0.8126689726105208,1
0.21484330954866343,1.5361085919719577,0
1.6917524213226758,0.14830945577398352,1
0.8438319413636752,0.3911184093542629,0
1.0773866301404575,-0.39180127174177815,1
0.42178882292583825,1.5272822036657332,0
0.674879575741256,-0.3462667825800775,1
0.5065918418095294,0.9104227362955271,0
1.8498515088317007,0.15094563104720332,1
0.134035386239918,0.8905193097294704,0
1.8278530322043636,-0.07708856972522954,1
-1.218019834174746,0.5826341718541417,0
0.15138865888052402,0.11798216658538233,1
-0.9961001579575557,0.22482100153323306,0
1.6035030459550323,-0.32317402411462487,1
-0.7421879765748216,0.4573534764178436,0
0.6248103701349392,-0.7370826141328157,1
0.6453580626472312,0.6483371825784766,0
0.28278642156066375,-0.04665864482635509,1
-1.2042386676586536,0.9257373215631463,0
0.6103569941155138,-0.37413035756105745,1
0.8812834394704999,0.2773463460829058,0
-0.03367521732915278,0.2604333780751686,1
-0.6455573108001462,0.20122998286585958,0
1.6828385670157862,0.20967304819519694,1
0.4711665006571003,0.9280491385755226,0
1.7425619808860207,-0.5370544303009017,1
-0.9388519763764767,0.5101152770417371,0
0.7799661043309686,0.044796444723138415,1
0.08406648520148421,0.6766828744003925,0
1.327413361583985,-0.9575325344088168,1
0.39092194993875323,0.7615081079541642,0
0.5357468256113961,-0.1563537492934305,1
0.33934195844945403,0.9931454504579305,0
1.364511504141454,-0.6359368940241026,1
-1.3000299327166787,0.2784361769040001,0
1.895001396891837,0.3494168152932644,1
0.3535039397826104,1.184390451215183,0
0.24208922068118466,-0.2656164836431033,1
1.2679648214723134,0.5056621054058592,0
1.88116866981257,0.17529612237553105,1
-0.42716322170462356,0.8565256548342035,0
1.5412896091834871,-0.6403683695367594,1
0.9482773329436014,0.07856622873173941,0
-0.251258720661171,0.626931279169489,1
-0.7787660448072008,0.3929508491716207,0
1.5351487443788698,-0.5180468669101469,1
1.2320642253461551,0.09108112612360685,0
1.4078116189863907,-0.706285736738959,1
0.841274431241926,0.09929595151660348,0
0.2683628623072942,-0.16790359038394267,1
1.3083032671801542,-0.24403329033132637,0
-0.1756327134638911,0.21901809757490304,1
-0.7059561483162612,0.7407649519347682,0
1.3607662772522453,-0.5336981049837958,1
0.12594557849688592,1.7100739544599186,0
0.7122148272357575,-0.273680701705205,1
0.2384833752859158,0.7863476342013981,0
1.1073208000400618,-0.6776201688554623,1
-0.6292757807319824,0.39264297160696804,0
-0.1752457894981843,0.45317704134711256,1
-0.7383594773264199,0.6278608919441198,0
0.3870474573072964,0.27890504035796376,1
-1.283814068155968,0.2188296686286927,0
0.147794783403854,0.3440788859374244,1
0.2415354692638919,0.9730736165616288,0
0.2696881529170727,0.23355566346558287,1
-0.7050402435858096,0.8601181270192043,0
1.9403817210747143,-0.0856497830142493,1
0.8499457208738679,0.7335399941112308,0
1.6773272219793762,0.06723452051004683,1
-0.019827098308485797,0.4730022024103442,0
0.7845051675287509,-0.2633252751720509,1
0.7446252040994441,0.6363588596054697,0
1.4768399204621845,-0.6666931484917714,1
-1.091936633753921,0.2551295023357904,0
1.2274210554395935,-0.27912654145036936,1
-0.5877731735383908,0.7093802264784834,0
0.3444907506710534,-0.10109245856023052,1
-0.9576520041721935,0.36086464729400264,0
0.5947031615245241,-1.037851245294,1
0.32800080794851216,1.053145735367928,0
2.147645197648154,0.2314545723258396,1
0.6090889341617349,0.6464489050571738,0
0.34820331638535806,-0.1073403880907701,1
1.2877483180965155,0.7781318153206161,0
-0.017666784299971955,0.1397296666665565,1
1.2628633530039008,0.33741896721111697,0
0.7324993047566188,-0.44989941935191957,1
0.5120448997388692,1.4371475157198077,0
1.2070286899573148,-0.4307093183131552,1
0.6377057205237269,0.6956391771911878,0
0.3091464171573962,-0.7157305616703703,1
-0.6081587843201112,0.12712436947562522,0
0.504821276684042,-0.007413394112325243,1
1.0222568838228812,0.304566012126571,0
2.218576768782768,0.037034444799467145,1
-0.25283069680828785,0.7497326622048607,0
0.26224471597581017,-0.41534481759828557,1
0.8534771743194162,0.8614156881474965,0
1.1543122439725928,0.3421688613969591,1
-0.645967056875411,0.6794356942270529,0
0.5636742227333658,-0.3749440738052836,1
-0.4156621480876771,0.49918272928266305,0
1.7733967936899457,0.17381776263164292,1
-0.07683651888390745,1.426211781545005,0
2.1432920773047957,0.03156040919123698,1
0.7706679932259155,0.7631964566449982,0
1.2047018097091202,0.15906311462864453,1
-1.1639197975481537,-0.4497693612668916,0
0.6366322567983683,-0.13914483647037984,1
0.8402678873872464,0.0922271178491012,0
0.06465048835465967,0.1419265207912723,1
0.21533401520394496,0.7913385857069491,0
0.3738864775409202,-0.946274769116722,1
0.7703061731454014,0.27546590227217815,0
-0.05015368467029378,0.1276589296731753,1
-1.15268037074719,0.8820477299605115,0
0.35274396323962226,-0.7923642294049515,1
-0.5720838840306868,0.6218524647568229,0
1.0627348099746576,-0.7924999404647742,1
0.957513133145165,0.10078207040771803,0
0.621148977972261,-0.07432846860744488,1
-0.9886991692084584,0.9114231841658158,0
0.5759955698815737,-0.7394243858141976,1
1.283065851003562,0.41939441819960216,0
2.0790077642493245,0.3826575237739063,1
0.5383133462655569,1.0690732825069613,0
2.191336207914573,0.6276211294348379,1
0.7717348201000426,-0.04214920976384412,0
1.6439410979737719,0.2764340796510089,1
-0.44350050786863315,0.04618524615316012,0
1.4965967078821933,-0.23076749730439478,1
0.2713612938390452,1.3180943763648538,0
2.5982050260488956,0.297364573597623,1
-0.3599452256074829,0.2856026639293715,0
2.182425764704957,0.4736855556623125,1
0.8289562269452614,0.41669104301337434,0
1.474217591854946,-0.3629301224410049,1
-1.0986283767861167,0.7972959342025441,0
2.7250207484290323,0.5427951152841688,1
-0.30005883462537203,0.9331076677905603,0
0.07375693062670681,0.4117985180607438,1
-0.41490063738206845,1.0121112682556446,0
0.4520721014952779,0.3336417090533501,1
-0.737763791477146,0.45979062671028736,0
1.342294696494501,-0.11540537895525166,1
0.2944124033051593,1.3003536110348142,0
0.7366590369847001,-0.4200350187796887,1
0.27911449047347314,1.3733458325636052,0
1.6920958607687595,0.14547203679548254,1
0.3744332788048621,0.8421706424672687,0
1.2752714892865948,0.03503345299668925,1
-1.0965330433423035,0.6494705370172004,0
2.505887830130345,0.27226389874682827,1
0.6034442730924938,1.1597846755940417,0
1.3546411439827986,-0.8117975171569418,1
-0.2018960368677563,0.4463709504090583,0
2.1054371900210604,-0.1993315142184815,1
0.9806553639445749,0.04000787826349812,0
-0.19929633522735873,-0.25974237475895706,1
-0.604794837458252,0.7619566962352242,0
0.053448380038884497,0.5272713957691944,1
-1.0693411754283109,0.2604364923011812,0
-0.30986646435886117,0.24858493878067897,1
0.37772056970616646,0.9901002737380975,0
1.502942253155945,-0.3332455350948529,1
0.05353848704506925,0.6566400739729101,0
2.0306847852464736,-0.6443030348694216,1
0.87805607405393,0.8932188962426411,0
0.13456735799503977,0.1548099301292612,1
-0.39481718323369847,0.8973312146017192,0
1.2101473713298951,-0.27217134808601157,1
-1.5029304491824553,0.46363873507684716,0
1.0751767205036602,-0.8812578252483767,1
-0.39976528416585605,0.7295605033004252,0
-0.14951135630530532,-0.009976004602616363,1
-0.9849567621809061,0.8546682926809204,0
0.2951314494111118,-0.3063971913701186,1
1.543375273793385,-0.06847181346582737,0
1.366624180693526,-0.31679762477313067,1
-0.5782005698710035,0.9301054633345505,0
1.6472858789481337,-0.35481195421550843,1
0.4238709477987662,1.0209887281773475,0
0.28106388881400174,0.3386570629647452,1
-0.8209827620416441,0.8683624089818219,0
1.422515807229903,-0.21032839541323228,1
0.4213218586183337,0.8947383070939016,0
-0.2276102365073929,0.3422768245122136,1
-0.24870587514659806,1.2712685193315358,0
1.9224503180805697,0.2907679775200234,1
0.17781338141762804,0.7724371279788751,0
1.5694847107383205,-0.7101346813503984,1
-0.1394818645421755,1.2394719522105029,0
0.8031329626663447,0.45214375698931675,1
0.7814344085072268,0.15175912743878361,0
0.2649314447596839,0.2632046975287359,1
-1.2661820311871097,0.3870779975364294,0
2.154654381405719,-0.23240818669630675,1
0.47578434360150335,0.6250811599403553,0
-0.03321431026228178,0.3224616893033927,1
-0.804145055958928,0.8740235322134398,0
1.6241777643173523,-0.2045463933193865,1
-0.466189213581878,0.3115784496005435,0
2.028872086359734,0.2905424581774361,1
0.1071499972329022,0.8474830894841279,0
1.597242852705266,-0.3332950340146547,1
0.6116082635064093,0.6073532795775269,0
1.581268899445774,0.03368308030770828,1
-0.7737081459205679,0.46745746741075556,0
1.6101021947650613,-0.17538952496764684,1
0.37142832375247486,0.8928570134766238,0
1.0014613541297281,-1.3574537891718021,1
-1.1504860172330948,-0.23195594678659756,0
2.0169011680269833,0.04108639370980649,1
1.317729748284868,-0.08864037553942787,0
0.1860382445446534,-0.0804929546163425,1
0.9249733492765218,1.0277509427567557,0
0.4809738144165995,-0.9289996524888984,1
1.2376868967885803,0.1309873735352755,0
1.7447610452773166,-0.04170501533261581,1
-0.3374188586952755,1.049914698533472,0
-0.07906812424400886,0.13979147683444657,1
1.501526379083433,0.2706809590377671,0
2.426287384717082,0.25888283232659215,1
-0.74273451508003,0.35081546562495114,0
1.5325705000406862,-0.5759481696200931,1
-0.21646121512536004,1.0400692825982283,0
0.7568483559916139,-0.4885432277448561,1
-0.3333447045289602,0.8776649431805614,0
1.592161847596659,0.2247153856424265,1
-0.6670936674591413,0.8218742173903091,0
0.033267981424407456,0.004981086696134063,1
0.9462599881665864,0.1205681871904114,0
0.8755556293765814,-0.5381684824820757,1
-0.5323651939834054,1.1897307636094299,0
1.510288273306907,-0.25241548983192685,1
-0.9411239095919869,0.4921054001210978,0
0.4438530857389408,-0.9319307922782041,1
1.3218546838577014,0.49344891605644164,0
1.6800062075407218,-0.37775626189080785,1
0.6951248387004872,0.722539660864445,0
1.8966912567148064,-0.36395110116222096,1
-0.7840506845909768,1.069525034577438,0
1.438222980031986,-0.4990261805005822,1
1.045161192924831,-0.008413462852431379,0
1.6892917312519489,0.021331887067274458,1
0.7227595827140683,0.6327529438173489,0
1.3161481875148366,-0.6419878248874382,1
-0.78164866971243,0.6631636427707187,0
2.0663432510444175,0.39159066460850334,1
-0.8209687392406313,0.25504439266717077,0
2.089440444742013,0.5681655898632116,1
0.47318941730647746,0.7370931610750527,0
1.8625402822140378,-0.24690478056793974,1
0.9277336998636141,0.24989619529253343,0
1.3671952466566317,-0.2606302992615328,1
0.4350211819879989,0.7323283115482415,0
0.9246761323919404,-0.09970209743596231,1
-0.5570754533026786,0.28118648387234,0
1.15791351484386,-0.5645690278891398,1
-0.1982418622819606,0.6257250633356299,0
0.7709064741670604,-0.4288080942579621,1
0.6763284754351178,-0.197956448624427,0
0.32401551876421597,-0.3894123793528593,1
0.6249374745641716,0.8033117174684025,0
2.432386095238924,0.6999019061602014,1
-0.17618862037625804,1.0646352766629177,0
-0.433487368573586,0.3345700305369016,1
-0.732938433399521,-0.2464170300347847,0
1.7698336784808566,-0.7312300477519578,1
-1.199865759619871,0.7014885124733076,0
2.3298115514185027,-0.11324393317181036,1
-0.08729643902383355,0.8461457867409844,0
2.3210257909695544,0.5417597284503566,1
-0.2870618301964043,0.2443814994417223,0
1.7057810280588128,-0.690105679033232,1
0.9142882543299978,-0.31256179963459085,0
1.6901116619845202,-0.4101049308637224,1
-0.7193618633778812,0.5349951951644152,0
0.7996146427730307,-1.0021955252431,1
0.1309655680962673,1.0873476182538027,0
0.6155261497479502,-0.24111651842494636,1
-0.4664773181025462,1.1972468371199148,0
1.295841817442533,-0.4665310315431775,1
-0.7721443062324718,0.26525508609063264,0
2.382512863940529,-0.33691619212050183,1
-0.8319020454108546,1.0811782707340538,0
0.05632444603336978,-0.02006442822444482,1
0.4511354430095029,1.0580540867176453,0
0.17910673988356562,-0.35228885614240335,1
1.4655591111323183,-0.1137073550147563,0
-0.6080283837930162,-0.09007996628298617,1
0.6601243404777443,0.7058134116850912,0
0.3979446845894169,-0.5712636365662584,1
-1.1450340499587472,0.6494083191416966,0
1.4164049390915807,-0.5972063034738029,1
-0.8064424386584768,0.7693429227103795,0
0.5732019522214691,-0.4350218780678592,1
-0.26680585648165345,1.1201238185897788,0
0.2836119293190761,-0.43649300808267966,1
-0.7300275029459067,0.22917739978230448,0
1.2070311976293393,-0.2514908345454421,1
-0.8040728300816572,-0.4181534769430253,0
-0.014800573380950182,0.18555905394426636,1
-0.17321854960323974,0.7795972783451359,0
0.04304894526599934,-0.250511719720083,1
0.7172569163272864,0.27742038909495315,0
0.23075507227329897,-0.06046079827228744,1
-0.9491134962044361,0.4208754154114486,0
0.17909142943231843,0.5147790451220666,1
0.6453328902528968,0.20192236673620695,0
1.2873529625225495,-0.4147517876426286,1
0.6610460478681032,0.2284197976854515,0
1.8214124586340155,-0.2706176132023573,1
-0.9161689538869661,0.8253600606770536,0
-0.01921253334340238,0.12854028731360898,1
-0.7771373269513008,1.18889991416425,0
0.23577909368941016,-0.3140104526878374,1
-1.212575865677342,0.7361907184667318,0
0.649871422372229,-0.3333592975757409,1
1.3319685532705843,0.24034596099851635,0
0.520670467697282,-0.4844628340434225,1
-0.33530551888238946,1.4207584408307588,0
-0.15515638140128335,0.5710381771606676,1
-0.5198335712032748,1.3017349422834872,0
0.3374412845508968,-0.25472980177655935,1
1.1218708586332997,0.03468059698489381,0
1.755223738190168,0.08290222293299682,1
-0.8389897343814965,0.5446690828227181,0
0.4039510905860367,0.8940842705446639,1
-0.40351212482877685,0.371076858899384,0
1.5908083589660764,0.27593399067490937,1
-0.5593089903155738,1.320273699622501,0
0.18748175834543948,0.26422206811718496,1
-1.1868479218032688,0.31077769623429014,0
1.530827303789272,-0.20494109185222675,1
1.1197819002034932,-0.17058332885053135,0
-0.03696504984961154,0.5068176528308852,1
0.4321558964179443,0.4167261485449778,0
0.8949901220702167,-1.0098374812621538,1
-0.6876740833706014,0.18980795217852542,0
-0.30884087217451933,-0.11027216045338373,1
-0.411656172615411,1.2240900198414444,0
2.0202095132421256,-0.10349902758042902,1
-0.3538223133968034,0.906960366758105,0
1.5759025151398136,0.5333662383956115,1
1.004891711359824,0.1904190218101338,0
-0.1361199717160675,-0.015183270479809108,1
0.633111208281516,0.73883674050219,0
1.160962944359415,-0.2154756405000218,1
1.018114277069896,0.1877239515254076,0
0.247093365890923,-0.239844589884176,1
0.11973152596592093,1.0631228419147956,0
1.3363527454997632,-0.006760579366545255,1
0.9562203678780303,-0.03669544175120909,0
1.599018790039542,0.6228542888915947,1
0.6236571037275525,0.8132146308751804,0
0.2641766292394667,-0.09843375206832025,1
0.2924772541069358,1.080465971584456,0
2.290375246177287,0.155251450325798,1
0.732915986367628,0.3714886311199929,0
0.520160771113894,-0.18187137266666809,1
0.0013082783814642512,1.116860659264279,0
0.6882288236817677,-0.3904748161369242,1
0.4119916896120477,0.45168311247187654,0
1.2423832748537236,-0.1542038403055736,1
1.2066911609082664,0.4635939532781531,0
1.9194633839550628,-0.17384858313133417,1
-0.7316900425543039,0.6858027514407131,0
1.8263312686753514,-0.1118891892327803,1
0.8176513423097763,0.6638233642059826,0
0.8054594867390747,-0.19143128050071734,1
0.8281011528197338,1.0195230633993655,0
-0.10563569735793052,0.7796538174266174,1
-1.0518463580799187,0.6557336715430239,0
0.2780018202044289,-0.6650331935329362,1
0.07121226898171847,0.787194728751266,0
2.0722901388565735,0.26616994461369764,1
-0.8939834792208443,0.9008942554997019,0
0.6598091252180441,-0.4788579645611616,1
-0.20466952496649776,0.6979177478084904,0
1.9069358702729027,0.1254376962046673,1
1.2881603604081935,-0.14880741265193237,0
2.4739451171114144,0.2867291131202539,1
-0.5744164237309595,0.576596074435003,0
0.24539618764741922,-0.11262986345366532,1
0.8436344881794089,0.5105714137143817,0
-0.07233015563413607,0.397955177167716,1
0.9997393144210518,0.5192670454376143,0
1.316299411071365,-0.5735601049918784,1
0.7639504521116435,0.7228645330925081,0
0.4852784975047182,-0.6606405052404312,1
0.6625289085526087,0.6463231209399152,0
2.063002304589994,0.385769311172758,1
0.4661876741225984,0.6996634378529683,0
0.4923311191235822,-0.10335410134885133,1
0.9126073726696107,0.5872589939917925,0
1.6722759584747036,0.09506252188219111,1
0.360237967404069,0.938392131314324,0
0.42793423907014116,-0.614156432875576,1
0.6244182453445293,0.09219533683408068,0
0.3706463231859628,0.04179256089098053,1
0.3817855711317084,0.8252603134759865,0
0.39877078852020187,0.29368006585014406,1
-0.9524616907974681,0.5292088656445108,0
-0.25560186658797085,-0.1667347487264679,1
0.09897291526258359,0.7035231321527988,0
0.5579163568921038,0.26310574154614697,1
-0.34722478981595256,1.326475134824729,0
0.9503262165264971,-0.515272526866977,1
-0.6525769418202639,0.9960195894710003,0
0.5607501660170652,0.39460113245064565,1
0.304727286254214,0.7840288443140503,0
0.9248493850195952,-0.7722107885119324,1
-0.3304576441360292,1.6888110955316324,0
0.025645343684875768,-0.07296509327128828,1
0.7138321515283703,0.7586523122644262,0
1.7465208468070728,0.20111884172469224,1
0.3072232209709421,0.7433355823176772,0
1.8005636808643213,-0.14770775566203803,1
0.9776012525948878,0.5305223704021523,0
2.030646152395493,-0.04669746595575247,1
0.9567675587247109,1.2635786767414638,0
2.2016929284776636,-0.45657850724858506,1
-1.1529840059901937,0.11796753899021066,0
0.8328449422835469,-0.525440746956101,1
0.9341841700736264,-0.23850543348746012,0
1.6786630769032036,-0.5125251599299956,1
0.6603957344786379,0.8578757093645988,0
2.0380169210114913,-0.21494433605184549,1
-0.7409314694051791,0.5044755327520808,0
1.6550390894696667,-0.16417047540633434,1
0.13128979658241974,0.8322956229876093,0
1.4919438668006149,-0.2813917117590153,1
0.46340153160762865,0.9423397018248012,0
1.3597455558913885,0.3346586728271964,1
0.3821598821903162,1.2053410488370808,0
1.9918234178796563,0.3002133274057639,1
0.4739605073766378,0.8844366337586252,0
1.8291635247360067,-0.37555360666384896,1
-1.139248493242223,0.6783117550916249,0
1.2760311642890425,-0.20886146715748952,1
0.6176644682254203,1.2251185216749505,0
1.723540935313963,-0.039625688170369155,1
-0.24247363844434328,1.0076090855906172,0
-0.20700285020150822,-0.05459601842986263,1
1.204691009745181,0.37635367280559606,0
1.7532954062910797,-0.1590354442123138,1
0.9908665310350023,0.18782018121464908,0
2.39061950566371,0.8353324429056563,1
-0.717440960554835,0.5763225189522815,0
1.7009290185701773,-0.68450182997147,1
-0.2547069195198588,1.464486165841603,0
-0.240504747883431,0.3153317315851452,1
1.4648552477456305,0.2577615942572436,0
1.880105257142964,-0.021551742262882034,1
-1.0535717858683624,0.19222277202692956,0
1.0869257981107654,-0.10838635912478473,1
0.7189875910835193,1.1653908294524062,0
0.8190624313166088,-0.5470011684354145,1
-0.6720997343449544,0.6583309891337555,0
0.4774192115566277,-0.11823131964344749,1
-0.6704444750235189,0.8809073091602843,0
0.868412989737484,-0.3274722793937701,1
0.45741401539349447,0.4995507005242556,0
0.27085271366668867,0.8241682239106509,1
0.40997626195657066,0.7358683622141401,0
1.2370706875260304,-0.9544983246959194,1
0.04426402398864787,1.1410302910325323,0
0.38946774395129957,0.5886576827940418,1
0.14827219488532783,0.568989982368785,0
1.7493400838239097,-0.2798549627757558,1
-0.9522855755487658,0.5140957744185662,0
0.24376215104973376,0.05816731234822259,1
0.5399054655039232,0.3764529973445684,0
1.807325541208155,-0.11229841365230273,1
-1.1969014899231407,-0.40278635207093016,0
0.749322902135412,-0.15689578153846684,1
1.4585970210192132,0.46883784489811847,0
2.257227832419659,0.26715971229540003,1
-1.089472547331176,0.3019674758265163,0
1.8091928582534627,-0.4137534600099577,1
-1.1185650442548158,0.04617206334650992,0
1.1909666198817357,-0.7620970768818807,1
0.1263451173587713,1.4007498530140148,0
1.0577443064685599,-0.37083440803015266,1
0.05711605903206436,1.169791949993307,0
-0.18962487784614834,0.10114136436193893,1
0.9114542755102488,0.29968709429133433,0
1.4203303531649338,0.522308439956363,1
0.7061048118095293,0.1761031404581644,0
0.7861691237341848,-0.6287763848001874,1
1.2975863280986872,0.3743530865554758,0
-0.1361498371607675,0.1931934863973092,1
0.6960002088581544,1.1959079692846215,0
0.8085975221685037,-0.06849889053701674,1
0.824413122507673,0.678845186186053,0
0.5379818275195114,0.062000639831042925,1
-0.13835952168118937,0.9071169294429972,0
0.9076856620246524,-0.5401257224121441,1
0.8827245622879787,1.0532586720541488,0
0.6375482133937558,-0.4251748013070564,1
1.2672644474949721,0.48422721491209225,0
1.037755341950042,-0.44920324891714064,1
-0.8243136311972482,-0.010450190967272621,0
1.568756992668672,-0.5546788396616005,1
1.1677327494529277,1.117122285308165,0
-0.2716614973358883,-0.18119338691856382,1
0.06660247098106747,0.7655016801151618,0
-0.1075271235568731,-0.3904399406164464,1
-0.6767424156179931,1.1399779184271832,0
1.0200104301607744,-0.11973977620902682,1
-0.8956652911976609,0.13012309675358397,0
1.8099559982782987,-0.18117698699410684,1
-0.8004666733990042,0.5090707493890051,0
2.013385203387757,0.3655376100974422,1
-1.0063890231196886,0.6082088810856748,0
1.5567858872283844,-0.13628829108938473,1
-1.282338238849033,-0.4274443090209307,0
-0.1448452358510715,-0.1554103601913966,1
0.826018115504129,0.16884844398557625,0
0.5206673656013874,-0.3410546432239807,1
-0.8452067173667397,0.043914444335957606,0
0.20167286672942822,0.19477868793760306,1
0.0502328822878404,0.9552783057617051,0
0.799198845771746,-0.10394407050492577,1
-0.6716270958335936,0.8916265052538083,0
1.469572777598585,0.23617578916585646,1
-0.27822001455446493,1.023158353458455,0
0.8460481912097857,-0.49945963657904185,1
-0.6890320894678428,0.7797724139857114,0
1.1142135255234054,0.18681945252620114,1
0.36543006340604506,0.523656851371467,0
1.2202731095212167,-0.41911449129277967,1
-1.2050365145481028,0.48625109779937603,0
1.002647212732855,-0.16687662416960142,1
-0.6606820494695842,0.8746449357430907,0
1.86472110611049,-0.7922823889883162,1
1.3175281009947772,0.14337855013509945,0
1.2663960586937717,-0.898731364195932,1
-0.16633069048092175,0.971704089531022,0
1.7540288377413524,0.43123377778031663,1
-0.9515892091175927,0.6166596508742032,0
-0.3504317151368989,-0.12907905475157538,1
-0.11709980020683569,0.9827030424863624,0
0.6493179377548947,0.2072304437196787,1
0.5723253137186695,0.7241277994708711,0
0.15222802613591582,-0.29765589076935695,1
0.2694483843941089,0.984064693152402,0
2.1985396157447568,-0.05504773931953279,1
-0.6117107734621178,0.8333004656872627,0
1.8652647516907062,0.5381258064002354,1
-1.5636610265906876,0.4783068711963319,0
-0.1574922337562695,0.11070341806875827,1
1.1198376103678596,1.2017207486632053,0
0.4458984684837801,-0.5232173845330155,1
-0.37760875472261085,1.0493801419369642,0
2.1995003157228856,0.5070748161074592,1
0.20841978453762047,0.8010791429489116,0
1.2149127858500974,-0.8381622386988563,1
-0.9516884499879996,0.3664307160288599,0
0.40879631686226936,-0.5160455980752792,1
0.281519570374417,0.395632473940742,0
0.43240088568576307,-0.5460597381381205,1
-0.0169451326409662,0.9372127625440251,0
-0.18843171552515584,0.02218052762768305,1
-0.4249875720538761,0.09287700417660272,0
1.7035872319214487,-0.08280207064867659,1
0.022083884670809018,0.786822755129762,0
2.1313253178778027,0.4229413251314509,1
-0.9346677124859154,0.20646132421413654,0
0.9535840873987885,-0.2860060645401358,1
-0.9338763150557675,1.5981180844998129,0
0.3427282451377762,-0.9074998839030282,1
0.6064115042132717,0.7011566845167314,0
0.13868244339637545,0.24150638059980367,1
0.1372779047803939,0.8240151046392115,0
0.5515413510493239,-0.6571227197462972,1
-0.6593548167934671,0.43123109765516243,0
0.0020400145504741313,-0.2857257703395096,1
0.6555721708361401,0.49611251866032147,0
0.6584152301162418,-0.27704150781772835,1
0.4537077131319971,0.35502025653062685,0
0.8117874213214384,0.12659962167279948,1
0.0077749687665458755,1.1045065788678035,0
1.4067107468332036,0.1744416403025251,1
0.10566540489052367,0.7804125262430467,0
0.583608412025776,-0.21408656841169868,1
1.3202580209227186,-0.4683611910679586,0
1.4618115126425721,-0.1305709121916525,1
1.1186110438993044,0.04405739798268384,0
1.1475798017666405,-0.6516651973326879,1
0.9737217672721333,0.4577500338060284,0
1.438281149347174,-0.8148555191159508,1
0.48403128526459815,0.8537005689335428,0
2.130595775312325,-0.04633863563564666,1
0.7558546006878614,0.4594177048838183,0
0.926033851426931,-0.2738820442361792,1
0.390452503895181,0.21171523186133984,0
1.8125198016878408,-0.1982842674218402,1
-0.321333705022186,0.3952960124239099,0
0.6051432891746493,-1.1614373219500234,1
0.9563937588636457,0.138421745223811,0
0.04547949838211901,0.3942772717158599,1
-0.1173472514936578,1.6132340953679787,0
1.6560773113424427,0.08519780908015873,1
0.806410132410676,0.3105430416452679,0
-0.09656334620880096,0.8519951851564758,1
-0.88947534299084,1.1819428731076247,0
-0.06615487087787297,0.22466075750280484,1
0.5354137966895188,0.854968921967813,0
1.4722744681267566,0.5399043728344182,1
0.8842353098299588,0.29968601507238707,0
0.5899786407667114,-0.27963828383628486,1
1.065309412087516,0.4010214469563676,0
0.6016087421765259,-0.194046253361936,1
1.4813776395491778,0.15197979538527856,0
0.42549432023204636,-0.42031521750293604,1
-0.86806068070907,0.41643366673909843,0
0.02400432931767439,0.46729093703003177,1
-0.8446346057935138,0.7846155285816981,0
1.5422497610239285,-0.4012123565748684,1
-0.7805647710767016,0.47392452773057037,0
2.293435366778427,0.6101936439928218,1
0.985819368346271,-0.4524472753053379,0
0.742279340825253,-0.17606931751253713,1
1.0882526592271413,0.7141246231800825,0
1.473296377919203,0.8434532218066364,1
-0.23989468093281513,0.7891408173315844,0
-0.45433495838672966,-0.4021592695079668,1
-0.008041569523694614,0.7292336143410322,0
0.127601921916766,0.02414932776163843,1
0.5050521027536297,0.8861140477119913,0
0.834712772067876,-0.4918261372885646,1
0.8938437129257639,0.3719743209392264,0
-0.2535243162838907,0.09449397537790355,1
0.27843783087990087,0.8955027787999688,0
1.1274215008936177,-0.5477162919657728,1
0.5900827673667804,0.1007769934197148,0
1.7656553560169845,0.21099683554285625,1
0.3375336274089968,0.4026594034697888,0
1.0518019667718295,-0.5265367389438903,1
0.9743965996402555,0.32411612813870455,0
1.1211726348027595,-0.11727360845095619,1
0.08423061764602069,0.8862703505854492,0
0.26111962716739395,0.14180816167100146,1
0.4906010785755173,0.4660352212571653,0
0.6855420527210674,0.4434761805573343,1
0.08608166776241005,0.9506880155933078,0
-0.2548210226604283,-0.6166428614340889,1
0.3301071019136787,0.3757631494882327,0
1.8592368941454869,0.4901193632664047,1
0.20270430625296298,1.4876878468258747,0
2.0053005083176085,-0.1545533275888391,1
-0.7329304731989541,1.579636412444827,0
0.6509359585639197,-0.003468014096196792,1
-0.012563832889461363,1.108245138752115,0
1.1209924804392366,0.19973322591899045,1
-0.31550978678989483,0.3202899254145292,0
1.8777815863774365,-0.04526897759803489,1
0.5408880758823545,0.6859592460330823,0
0.06671272632228543,0.6564054751625985,1
1.008105318711576,0.5907371664481122,0
0.0812084990284812,0.043459845990045626,1
0.9970968215419602,0.2503415032616591,0
1.4749725676806136,0.5000742953734414,1
-0.709813920598743,0.6131703546639612,0
0.7799465343608188,0.02290776025214658,1
-0.17013231958757008,1.0577789961365551,0
0.38128000502883796,-0.738237146555138,1
-0.9903376485072726,0.5488421858753239,0
0.21352108037574047,-0.46446970934198517,1
0.05011454116057781,0.5435306166718095,0
1.6544615866007417,-0.1428816028237,1
-1.3910999067595204,0.5222935228479155,0
1.9605450794132422,-0.1626143827705917,1
-1.4765438617219222,0.31191306163565113,0
1.6747580217427893,0.00925961587506402,1
0.7521048985823469,0.16366454556611998,0
0.39545230389702934,-0.3579710009962147,1
0.817115685815416,0.572207185293278,0
1.9270509426785134,0.2916324569459397,1
0.49474935035942413,0.9524392583895683,0
1.4374461972357897,-0.3376167869287603,1
-0.07222905489030088,0.8807709066543127,0
0.14423488452089506,-0.4749095292711797,1
-0.6408891399296949,0.7793205867528646,0
0.8082989220647192,-0.34343796256270376,1
-0.019911032169468823,0.5697868030711195,0
1.3507006402288761,0.0892928638787332,1
-1.2646847541903876,0.34784960543970983,0
1.3052393318577271,-0.40838237864191196,1
-0.662249053914757,1.3975585266698765,0
1.3411560936089855,-0.27163624348422205,1
0.535492882234684,0.8865297126573178,0
0.5515021749359571,-0.7646875308413833,1
-1.0898272511424387,0.2451871897650894,0
2.1471188453740124,0.30255221872539595,1
0.7939375909183801,0.16665494270901193,0
0.7600182773538866,-0.4345800021743445,1
0.7515842216272997,1.171350349874801,0
-0.1122044721110679,0.7052836384431599,1
-1.7083064318162289,0.49910482258919814,0
0.35935005038256884,0.5013033899365478,1
1.0976416981673902,0.7500244953623447,0
0.8034445510399114,-0.7602670749231328,1
0.24380288167954217,1.3588226086068573,0
-0.05917212127908922,0.4756961877750841,1
1.0032455317853495,-0.15339396531032334,0
2.11531403537625,0.4639764116874242,1
-0.6589510702114051,0.6741610978023005,0
1.4786024110147258,0.1714762356008025,1
0.9066554190929069,1.056600538987555,0
0.043468715220890575,-0.2562794735434666,1
-0.5512916009556439,1.0352856382618392,0
1.9720897285457153,-0.4521075051632863,1
0.5947107893326089,0.9936911265678587,0
0.14784810144679714,0.14177585015092511,1
-0.23214957409676482,1.027857487469892,0
2.0305429240123223,-0.12476511520737878,1
0.8121146073941434,0.359061905911339,0
0.39196330924040645,-0.021135000164531625,1
-1.3798424206946458,1.164842658324779,0
1.2235769605923104,-0.6087066585886602,1
-0.15578116240070902,1.3607096495477815,0
0.6622051419635121,0.16092429921514928,1
-0.465997408616261,1.006477488006638,0
2.206793444418093,0.5572727911836146,1
0.2039748351054052,0.9743054032506278,0
0.4360955638241344,0.04939710493060687,1
-0.40366077642617215,0.8531766874656839,0
-0.4021393334520687,0.4254518331256169,1
0.4504010270972747,0.8596629071039741,0
2.0345448793949137,-0.29255088483789055,1
0.14633472757862262,0.7536552882097287,0
-0.4357588426988448,-0.23860941983458428,1
-0.14874639213218746,1.2575400666384207,0
-0.13331143878976462,0.6602164601186036,1
-1.0834997974574252,0.500559919718121,0
1.2114302434899495,-0.7906892727025051,1
0.7660830149424522,0.2599936003364951,0
1.0721253517772928,-0.9163787596747386,1
1.4906455594391326,0.2428971247152123,0
0.9803954643900276,-0.17533754519281908,1
-0.14266268094904327,1.0589112012821844,0
1.2527006001864336,-0.5809563015926853,1
1.2215186328982073,0.3684756106399465,0
1.4962427947418369,-0.26173825504551973,1
0.9468450389491885,1.0283607047033196,0
0.04560427484606294,0.1999380115006331,1
-0.5932419865935553,0.9813790747787059,0
1.5531179550586356,-0.4232341785788654,1
-0.901416332888413,0.41943197164001983,0
0.5567228859401457,-0.24819629158704626,1
1.1893537144281179,0.4494465944891085,0
0.4810242713107235,-0.727438007058738,1
1.3630442791770783,0.5515041698883764,0
0.5059001079349961,0.5444315490020424,1
0.9833658489388012,0.42861132549463277,0
1.9985634094700848,-0.366524994221237,1
-1.241500778947052,-0.2883803732407318,0
1.9995008397149796,0.6344535143167962,1
0.2658640812499371,0.6762524456917928,0
2.179539513378974,0.3126027113611596,1
0.3922769451589209,0.8893007398772339,0
1.091731304391123,-1.0250100148104297,1
0.4113515688128792,0.4519046291283437,0
1.4282330873490445,-0.2509687499272589,1
1.1849991963839055,-0.28436814921045667,0
0.007417030161279994,0.14255920746747974,1
1.1863962494798077,0.4530460500633464,0
1.321934286071932,-0.47225347447032867,1
0.9003726271042157,1.0499709880107981,0
0.24118455170314712,0.015273011178331436,1
-0.4734868569451627,-0.5906545786322474,0
1.738407138761152,-0.4442170275447862,1
-0.7985329537022813,1.0136592858477547,0
1.3826237813086446,0.21832931016273166,1
0.8719146001545447,0.7294251487526988,0
-0.126748612551912,-0.7249112802148041,1
0.9538810076540857,-0.3010532492667971,0
1.135752647284877,-0.6792932888752492,1
0.1649443646961456,1.469130701115696,0
2.180851834384284,0.2545050837847789,1
0.11027199549176102,1.1574694223330038,0
2.0668019908907955,-0.1281514976782632,1
1.051348186776299,0.32622907899365294,0
1.2578877227203114,0.002820833332873418,1
-0.39389665758815007,1.177467942144807,0
-0.1954462357707462,0.08828549215303416,1
0.4721797292550205,1.0865132251067393,0
1.8130349119248148,-0.15986063894082256,1
0.707320146111621,0.12739013461410373,0
1.2880827315416683,-0.1915800320128768,1
0.7194591430013914,0.950206289303484,0
1.191759067841039,-0.449222292396454,1
0.4387745458178305,1.4182292860077081,0
0.14276722912868703,-0.25955398254656187,1
-1.2291481359743637,0.8701264446982726,0
1.8392996612686943,-0.5819482895460077,1
-1.1869311194227368,0.0007086510352039832,0
0.3229123087518724,0.2548107878886789,1
0.5763999230053342,0.7436343179352097,0
2.1714002503869105,0.5203156130372686,1
-0.4061453470435338,1.1648369647213719,0
0.6531241089204856,-0.026393772618182043,1
-0.7085483247168725,0.03230233252313641,0
0.5887433329297049,-0.07580185971048362,1
0.49621878616618326,0.9630969903149543,0
1.4586044545513803,-0.11303027243329103,1
0.6877720090270087,1.1465219506582436,0
1.2134293369808724,-0.8119183063718189,1
0.18089067403493975,0.7153349057280098,0
0.1727151636432622,-0.5915746164314566,1
0.6476363749488128,1.1270783676696836,0
0.6308670934488496,-0.42362153520398,1
0.5839436661895052,1.1079495559270667,0
-0.06849482373566268,0.14319505239383104,1
-0.8779530732080109,1.1200276526711923,0
0.4692883770018963,-0.6810870498070626,1
-0.03158723384063444,1.2427041420976603,0
1.5691058825484434,-0.4057791902303666,1
-0.14718423016603455,0.5079678632492538,0
1.3298906170438485,-0.16173974634479615,1
-0.3897628949710926,1.0960087423298666,0
0.20519075987685734,-0.598033260845537,1
1.2490231461564445,0.3854245721756352,0
0.950191053664222,-1.2722937744568292,1
1.179955962680842,0.8177016496355096,0
-0.0670149408250835,-0.3957627526182085,1
-0.6633295232729541,0.8411185804348367,0
1.329252089114712,-0.582417819323915,1
0.5916732468362618,0.5948790631039418,0
0.837891478621293,-0.5214919588334712,1
0.8859263492337829,0.7515419196379565,0
1.7185798348719596,-1.0389836746707721,1
0.8337287701432119,0.5373376603895441,0
2.5054545099110523,0.10532493638856713,1
-1.2351872543492555,0.39867355984136554,0
1.8420939925859754,-0.37528686321128946,1
-0.9586097017525965,0.02395019494911079,0
1.3636312759702898,0.17624875212363333,1
-0.584536231627387,0.8328470514742836,0
1.4433902284170865,0.3509033382571696,1
0.4078196366709296,0.4734786705582977,0
0.5662109426663899,-0.1063960012730234,1
-0.9447197677813133,-0.14812346572900104,0
0.25323363915948716,-0.19486793973525635,1
1.3034947542028879,0.27983277856434446,0
0.2714739892513524,-0.5094736905859254,1
-0.9358266738136964,-0.6285895288758605,0
2.2151335505341527,0.6335166323150798,1
1.0830833249678453,0.6602349598117302,0
0.78750149256896,-0.08208595289132609,1
0.20156835947831533,0.8539733542707918,0
1.22547855918951,0.10178077672456387,1
0.053115587932740814,0.9755634947220003,0
0.6837982955759319,-0.536627925173343,1
-0.6871432748539982,0.5806195717867513,0
1.651081559842726,-0.10349091479768752,1
-0.5034888431776139,0.7501316512916628,0
1.3083758046907559,0.34846489764753974,1
-0.6837623852483009,0.0032621811572437487,0
1.162636337113958,-0.1438717708945068,1
-0.4835153192504179,0.4037954862391979,0
2.1467032609548284,-0.10360568632843736,1
0.4497651463594627,-0.08430430820416995,0
1.777420310274296,0.22537229730833003,1
-1.1474508702420214,-0.04571639358108971,0
1.310106418140047,-0.3866813032328693,1
-0.35908725931441704,0.8386976783099003,0
1.3632266903101247,-0.36565490587112454,1
-0.9345246104642533,0.9631474285742152,0
0.242956654662682,0.1397540753992834,1
0.1355396147419573,0.887573540349723,0
0.31141826784529253,-0.06967080070843992,1
0.4861089818090604,0.26609687040092894,0
0.6949551819395378,-0.13174541088265995,1
1.0255946213161733,-0.010843701949004803,0
0.025576174127744516,0.13048579061082743,1
1.421695504960236,0.4532975819164306,0
1.0445902904804403,-0.1935631651031215,1
0.3955299836104034,0.6497769936866747,0
0.007250870524255798,-0.3331244617598163,1
-0.7722213600526218,0.828583100532404,0
1.5194265090487322,0.5621415425127516,1
-0.9936398287378773,0.4994121203088184,0
0.7396801398141241,-0.6258969594412234,1
-0.8019959430026345,0.46249825673917033,0
0.6649625915459269,-0.0531009530104248,1
-1.5779220324764713,0.8870170987057004,0
1.115782432594095,-0.27062036334824885,1
-0.5046861359355395,0.3855139044881773,0
0.34637044019836366,0.5254488094652101,1
0.8256940912387913,0.004116874226427827,0
1.0130547568744044,-0.09518501852027134,1
-1.3249213990574873,0.15384835246215672,0
0.36267586730248946,-0.10425972177212532,1
-0.09701832601301053,1.2690467700384418,0
2.1772169068901635,0.5414122427195903,1
-1.0520256348474222,-0.23271485574176348,0
1.5205238667422185,-0.23189849684242414,1
0.9745199519366844,-0.07672269966466987,0
1.3929079612028894,-0.4207733032033041,1
0.35384147504512503,0.5816205117908549,0
2.314382193020914,0.4338158157271985,1
0.5000394320781707,-0.08730733837816779,0
0.3647874650332813,-0.15708463536963357,1
1.1646675517650706,0.6963725279051868,0
2.0022032002086974,-0.26404397144939873,1
1.3182237054409225,0.2930179677334318,0
1.5644521681707346,-0.05877079840523314,1
-0.29749148993261776,1.100642243834581,0
0.11520743378962821,-0.4241044315200395,1
-0.4453361071714547,0.3630712289763414,0
0.020656909059955847,0.10965392309259472,1
0.10532785710994984,1.0775275310683328,0
1.8252996574486917,-0.11224382494779361,1
1.2970173659125481,0.06343518913506428,0
2.1234846945765367,0.13974485004004525,1
1.3166009219358865,0.6270109523080368,0
-0.03375224379273799,0.3520607842849608,1
0.679639273351739,0.6705780666603205,0
0.19889139628120114,-0.5864031809362591,1
1.3410999085743667,0.5168320800764012,0
0.7865159291676379,-0.3400091187338552,1
-1.1859910611197444,-0.06335421209930145,0
0.3348899008505769,0.0626306890637516,1
-0.024216049124688083,0.6590377327297778,0
-0.3867917789241771,-0.0999093288628734,1
-1.2584774839992943,1.109033745254516,0
-0.21169577089361363,-0.4550928019034795,1
-0.8162561280438725,0.39200269668064275,0
1.7786203283742645,0.18049028135386586,1
-0.5842666594505977,0.06830007768942555,0
1.338343273448154,-0.33501029561207873,1
-0.45465559181754456,0.32388773069141713,0
-0.28090545497563285,0.24331345946934618,1
0.4209673177012958,-0.09313465254931652,0
0.48027116642171097,-0.5737977725795838,1
0.8572723420656603,0.317580603939991,0
1.2150992993472818,-0.4547151384470335,1
-1.1195218216953347,0.7952930128380407,0
1.7181719056484774,-0.5361518645829871,1
-0.8808850033034518,0.20746700270105345,0
1.774811758944344,-0.6156707817835977,1
-1.2548466621535719,0.23579443340355613,0
0.38292983233762184,-0.26478594118242954,1
-0.18389794542071852,0.9812859434722816,0
0.10906975799171995,-0.7402900440841941,1
0.7553414798481968,-0.07465772380335994,0
0.5661342471431872,-0.5886284378010533,1
-0.907069922556426,0.8216816851749549,0
-0.46601858797599927,0.5157120352151887,1
-0.992765822154641,0.44739976596315767,0
1.7779256603104108,0.37494305180912124,1
0.43402629815284594,0.8561466365828277,0
0.3582583564490507,0.36190501378556794,1
1.0071038541636588,0.8628898787980779,0
0.9558356376431992,-1.053216222382644,1
1.1615298464792556,0.5248665905978228,0
0.24713431027275012,0.18728832571075676,1
-0.6903674541113815,0.3226575505790091,0
2.2469684652752937,0.7010388073083917,1
-0.20852364504811277,0.9485496541862215,0
1.3358488360392191,-0.9225934841430907,1
0.5431351463787882,0.4188010409663401,0
0.6304550663784545,-0.7606120151156293,1
1.0110102107081902,1.0805085111135573,0
0.23944304188361432,-0.35963853128310885,1
-1.6045695494106802,-0.3853796455942081,0
1.7694257540787324,0.5065406831242703,1
-1.0916375331586214,0.6548589228449898,0
1.2411085521243053,-0.15261796312986486,1
-1.3097320960050898,0.3531306926969998,0
1.5950943398611368,-0.2922138629767195,1
-0.14038185653758356,0.9930007208666767,0
-0.03049455201813528,-0.10976515931932784,1
-0.744779026094768,0.5847607095027727,0
-0.5254677368210807,0.3311492293582441,1
-1.1989251157789615,0.2541206986943705,0
1.7723439521933648,0.10161651187028331,1
-0.9066327476287676,0.7373971562227952,0
-0.6174855478847623,0.5626868483655721,1
0.2788192463794118,1.0666712220378158,0
-0.05316224433876285,0.21654336469509416,1
-0.7633607540170824,0.6720664375692132,0
1.1141056576572121,-0.487636202057593,1
-0.4895497367498969,0.5619914356328365,0
0.23441637238886767,-0.14448319190408088,1
-0.28146976042161126,0.5691870733279143,0
1.2210672138104866,-0.6717327088107885,1
-0.4138260768497226,0.25713931659575373,0
0.8070644653933764,-0.43795172128469984,1
-1.187721302263997,0.3051930326412383,0
-0.125959992245752,0.1154960077679242,1
0.23006164436470528,0.5545219971247353,0
2.0196039010203544,-0.010013772483092626,1
-0.07660153610935622,0.7650180891711339,0
1.0711947705294675,0.049967994240345925,1
-0.649950885623798,0.9228240370063447,0
0.6074428082103567,0.47008950062617894,1
0.28565525213190934,1.0321364834182254,0
0.3457575758349462,-0.04914267624423857,1
1.4651344568617757,-0.04914180140902187,0
0.7234880255222104,-0.029886211684146846,1
0.153644745589328,1.131008389114487,0
1.1624530423244226,0.057340809532617276,1
-0.051580508217867915,1.047944161644662,0
2.013884139613067,0.15356777387764364,1
-0.410357518184686,1.0947618016237814,0
1.7393284003786582,0.44260877584568104,1
-1.0226248863660305,-0.0037770374634469583,0
1.8094311520603295,-0.40935197849177857,1
-0.5609578149396236,0.8229514623147209,0
0.18259998146975245,0.028590655055271134,1
0.43058192584187266,0.8201037806613595,0
1.967576766837238,0.24866728350927028,1
0.7089974424663683,1.1069817728627183,0
1.621681383156454,0.41121144733049875,1
-0.5746974256593979,0.6859902873086424,0
1.9004538108307447,0.04068381165171392,1
1.4132491235967817,0.13504443802454005,0
1.8696614149162123,0.5175213266932638,1
0.8116211432334405,0.9338716309419909,0
-0.07179003035409293,-0.4070949327788705,1
-0.14010356092033324,0.9090646018873711,0
2.14960153075626,-0.1584077678209785,1
-1.124741054910861,0.8842528608062444,0
2.0162710467692952,0.25169112048714126,1
0.27827690627890267,0.7891920770263043,0
-0.6514759151120748,0.03048839692115296,1
-1.224743175648699,0.8364479779503964,0
2.062930385557302,-0.24267197794840153,1
-0.32820803610629246,0.38703048991809313,0
0.927543997948207,-0.9557080941633793,1
1.1528646005074916,0.401493481369892,0
1.2456049064583625,-0.38731706838464225,1
0.8050494775752779,0.6464465550060657,0
0.5834537629005452,-1.2394922445919156,1
-1.3067201616499469,0.7468420473790858,0
0.35290571606830223,0.07918570655013091,1
0.17744731882077427,1.492283358778851,0
1.7205013579713253,-0.814634568360535,1
-1.5479095826675926,-0.38791573329273676,0
0.060437474344257364,0.24844762604250975,1
0.09523212048237506,1.3587643930562374,0
-0.3300981988427855,0.3852233521110738,1
-0.08100334993816684,0.6435067435755095,0
0.6908218415320022,-0.8234820353493878,1
-0.5898115982058849,0.33142493688937696,0
1.9523167313827905,0.5020181637735014,1
0.2985544875931068,0.417731477193246,0
0.19119299447511812,0.09140468928750567,1
-0.5282834114271684,0.2780046352981034,0
-0.1437890633993466,0.5095261176173682,1
0.3489212529293353,0.45864935252919703,0
1.3524530799590604,-0.7000721491410111,1
-0.5473008613910988,0.8482997307241253,0
2.2192984464136383,-0.550176189734531,1
0.7646705920906702,0.3056752105850609,0
0.691358634703552,-0.5690838000584922,1
0.36494982196224146,0.9659998557077482,0
0.20737549159070334,-0.20840772666635715,1
0.7918846132252967,0.5312151596146795,0
1.5874411264276997,-0.0914264860285694,1
0.5591296339893042,-0.24853345023104847,0
0.991785232141231,-0.12026634047354362,1
0.858711943630672,0.299355000783959,0
2.329372380417933,0.7282416688042523,1
-0.7221273983726303,0.375605787750631,0
0.6916137720328633,-0.2829573935971364,1
-0.5405069206176495,1.1620450196309464,0
-0.24429478413627165,-0.020898667489668045,1
-0.038024009633804645,1.1214404215489826,0
1.667043357529124,0.7166328629413281,1
-0.7749515728223665,0.09255304829236272,0
0.9021790803664568,0.3431587072784512,1
-0.4419235678206028,0.3123458607635967,0
1.5741267046463627,-0.027243220659620482,1
-0.33178065014485536,0.9992109913916541,0
0.4564221842190398,-0.52190756575737,1
0.9780229819154052,0.5483572382499627,0
1.0769276208099756,-0.8986487074070941,1
-0.24541740288643882,0.9948319811237766,0
1.4152519089082638,-0.4643670528282656,1
-1.0745665339357995,0.8325833326338417,0
1.4099045700726678,0.22231207089351532,1
0.531025867699636,0.7859788550676672,0
2.190991220553265,0.030055193255245638,1
0.6091142943685273,0.7313243084601915,0
-0.06930991637336492,0.0398435693561798,1
0.6482857082186022,0.4309396856157587,0
1.7859230308952654,-0.20306134428482747,1
0.13664725377120868,0.6432796885563241,0
0.27544270950771255,-0.3700364318034427,1
-0.9594457805135208,1.1089527161115373,0
1.7876980820489894,0.24168520053119952,1
0.9039756103379808,0.0737130901877191,0
-0.4398819492578527,0.8040398572161882,1
-0.7665179520864451,0.6557940685309532,0
0.26393274184986515,-0.4344089446218925,1
0.9771561448278354,-0.09947927073204549,0
1.5374660677100074,-0.013336434532921743,1
-0.11901975010672328,0.6499389916495862,0
0.30941117543975016,-0.5275105116386387,1
0.28261853370676393,1.0708733540722288,0
0.994234626400909,-1.33435475730797,1
-1.4063585910205902,0.5247479911872186,0
0.10251707474621616,0.29917737548622686,1
0.7349878018450964,0.2110492451111707,0
0.2286154902859831,-0.38879672823867195,1
-0.5830720500033757,1.1790451945448661,0
0.13344236551471655,-0.09293451541624431,1
0.7662202445147311,0.05249435773634656,0
1.4384173237213598,-0.22407857603781478,1
0.14750860183286552,0.9456314699701125,0
0.6117613750081669,-0.16986101857479277,1
-0.35579354994580226,1.5008255468472327,0
-0.05613057443417746,-0.10862957743538085,1
0.9965075763673068,0.5495405088607981,0
1.9733915018074424,0.023771006769472275,1
-1.010414246372306,0.0931074805690656,0
0.22582425828754574,0.05368391608418577,1
0.3300103636787697,0.7142143123993032,0
0.9151334114700013,-0.813863026892413,1
1.0776315944085664,0.7974888835654467,0
0.45829670660870003,-0.10250434419507609,1
0.9400208474306597,0.4832308872587259,0
-0.2633454489074203,0.21898424140722583,1
-0.3336356412773136,0.9512181692612679,0
0.5941870879226107,-0.5559899553740038,1
-0.1960002571483056,1.0859983967403282,0
1.0803573019821269,-0.6635166735932984,1
-0.6811447513226652,0.9363137825333961,0
1.4290866284793784,-0.7715778126572346,1
-0.24910918092059725,0.7820612709717721,0
-0.15575252250451893,-0.5977591128193496,1
-0.7555278616881321,0.18000140423605088,0
2.2956056779506224,-0.3302078063076026,1
0.051594779254319156,1.3113432045221998,0
1.4826090454349332,-0.8127025204486235,1
-0.8104296657294509,-0.31035606011179206,0
0.2225222821403012,0.02206072093526318,1
1.3618646688616491,0.0555203700636476,0
0.8252092920186794,-0.7482580804785022,1
-0.43094867159567857,1.141776080264048,0
1.2154434200446662,-0.6350016824629225,1
-0.23549764472533452,1.6772598032351353,0
0.17733927497989577,1.0364594845477622,1
0.030913619491242605,0.6484987771177739,0
0.7840701072046892,-0.49026118780436884,1
0.4511198655590731,0.9376562614109145,0
1.1194078652299564,0.038405281270900815,1
-1.1106503231212774,0.7546689878094097,0
1.6498892925480113,0.29638517385990903,1
0.7015261245350253,-0.15383030273160053,0
1.3989433953794164,-0.6904582292858397,1
0.24522546736726375,0.7222703612206687,0
1.470101869301855,-0.66142292973628,1
0.3404749723635147,0.7068198944667468,0
-0.3150329890234161,0.288432523385432,1
-0.30953869087377683,0.9517814136098639,0
1.0386854946979338,-0.8074608778639605,1
0.09547762845486396,1.5002107494350523,0
1.6938253012659759,-0.020418512935738597,1
1.5351797564923428,0.24456457094367198,0
0.15776210098763285,0.5283710619095539,1
0.803063128936504,0.5519383643811595,0
0.12694110797861796,-0.5415939464756936,1
0.19158972227329607,0.7508307769347404,0
1.188826507390546,-0.3218095121874861,1
-1.3804608983859166,0.28254094167584515,0
1.4027853462716013,-0.01815794259439124,1
1.1202845305581428,0.5597688752460708,0
2.550273360254801,-0.2560345041595309,1
-0.2938405960505221,0.48946935817498255,0
0.1295416051157828,-0.6030764262415385,1
-1.1468687774256245,0.5469571520654525,0
0.5640502977440109,-0.7536307322665214,1
0.5505732576756608,1.0565982756541203,0
1.8594499404511255,-0.4355059022884431,1
0.5650176112218155,-0.0538359599887516,0
0.059297192033016664,-0.011313152978101565,1
-1.2572629842744565,-0.10273492189777278,0
0.13295355353572758,0.5893634022535205,1
-0.9042525801284312,0.40892170451845655,0
2.0821854426443647,0.2712018881160644,1
0.7430027023434983,0.18640787795293565,0
0.4287373988412123,-0.1370597496831452,1
0.6277456435526254,1.2690093671583391,0
0.2786076845298266,-0.4973647092754054,1
-0.33198994947878613,-0.1759328197115746,0
-0.1633517171744613,-0.12807260028511563,1
0.2689127498851969,0.6176473593469519,0
0.7589449175758206,-0.8878897576742149,1
-0.45628011557280196,0.7052510725905131,0
-0.13328784926086978,-0.7085228969703167,1
-0.15874325951993107,0.8541937882620045,0
1.6786840814877817,0.20060630488442197,1
0.7255821456599769,0.4237427045069993,0
0.25151437388285025,0.03767537354120648,1
0.2626007617882166,1.058805313671239,0
1.5733663457537426,0.36594223554104266,1
-0.8764229714405952,0.056262140780317396,0
0.6857901235231979,-0.558083499654623,1
-1.0170775361712168,0.8627567912386364,0
0.3845690399647151,-0.08685853916549513,1
1.3983014650339731,0.13677858571021145,0
0.03539338054528578,0.35482735475619287,1
1.769771896705477,0.37327623868961296,0
1.3972568740231839,-0.22446843687986098,1
0.7656646929158522,1.1047604069148047,0
0.6196945918993957,-0.6876543738667587,1
1.1576666491991994,0.4168593202806178,0
-0.0919672582351293,-0.5039417400911183,1
-0.28188438826252027,-0.4110092328054024,0
0.8359083394768688,-0.488473533794948,1
-0.29985400407409907,1.127763463174633,0
1.0268088572176588,-0.15447335565382236,1
-0.8998243972865911,0.5120142087035127,0
2.3112219619163183,0.12320319572958399,1
1.0905461185040304,0.2337233119213162,0
0.9755500755105657,-0.27316496383047517,1
0.6101877469693755,1.418113111277512,0
0.30230886166114257,-0.47839805453897444,1
-0.7655938532489773,0.4032196137425746,0
0.5440206167892261,-0.12381398327436943,1
-0.23045800824551033,0.8188889575575996,0
1.7527161489011733,-0.1665652240107156,1
-0.14666692022822334,1.1600302196467152,0
0.2153612009393288,0.29366108147342346,1
0.436583749416973,0.7912573134255166,0
1.8762027246979078,0.07506023929658404,1
-0.5704588856351193,1.216694858223534,0
1.432510265868496,-0.7020334217312082,1
-0.03932861488320605,1.4656587981379354,0
1.9932062187669435,-0.09085049718118174,1
-0.3958575393438307,1.1168330628112475,0
1.019601210540083,-0.5257820904060577,1
1.481774657674933,0.2112638964981141,0
0.7755679719636823,-1.031121245603089,1
0.260387684025762,0.9979842227637269,0
1.6617010252429754,0.5950026771667026,1
-0.627177142043454,1.0695961726743672,0
1.9456888114180158,0.5308858667879184,1
0.15010797576689242,1.0323480918379466,0
0.4365593640709191,0.0027829867028347777,1
0.5575934888883468,0.7996550865184436,0
-0.23934306745782402,0.39635762923485174,1
-0.3531630747069585,0.4881942110675149,0
0.3811317243748169,0.14161221894789755,1
0.6977382730390287,0.3813776738945698,0
1.7636840071155415,-0.1601345054706128,1
-1.2457563740941904,0.9426896509882225,0
1.69125372745826,0.19009446314463951,1
0.7045396269913685,0.5155315989615201,0
1.2012190272032455,-0.8406367718199169,1
-0.002469389676193201,1.0897240492145603,0
1.3400618397483823,-0.032314949317241604,1
0.3263400537076438,0.5441402401658396,0
2.429967834140954,0.2046958857900295,1
-0.007599709436939717,1.0508817985150807,0
1.5652563934837513,-0.6827409449948744,1
0.23490783804918486,1.210948287097437,0
1.2772261950368116,-0.6476285936347199,1
0.10986146063853564,0.533011458060676,0
0.17113049184015347,0.5098174194763694,1
-0.17612403785441444,0.6846959517268342,0
1.6495772367077453,0.37406289404528126,1
-0.07628384205749707,0.6814048613095918,0
1.3467022285647365,-0.961442914113948,1
0.42853913491167334,0.16576576794986386,0
0.7765669424374966,-0.8215908871287985,1
1.129484676159662,0.26409525780285126,0
1.4622478623540898,-0.32861137516275635,1
-0.45788471975281764,0.9065717735319627,0
1.1534588314937049,0.1457124549872007,1
0.20716693282577875,0.9341879641830089,0
0.42172768978580577,0.16777499055571507,1
1.006417475439265,0.48575316819779013,0
0.9753261305519861,-0.7805421182864293,1
0.7563123858313879,1.2386283560303157,0
0.745297852423552,-0.37911399188684547,1
1.0702620088599435,0.5681292262182016,0
0.858382616665382,-0.8377797917105605,1
-0.7464953660069413,0.335651039220346,0
1.099170180239294,-0.30096452686730224,1
-0.8337654961543878,0.10198476164504075,0
0.38076600338084876,-0.6484806302056557,1
0.8654548921569242,0.5624693184439056,0
-0.12107861540312748,-0.7137775105260937,1
0.8244717440252818,0.042705043592994596,0
1.1237317570383436,-0.3164110471397972,1
-0.7431996406894837,0.8625502228649902,0
0.019967315305723224,0.07432496763484997,1
-0.16937229212383773,0.45463580483883903,0
2.0902623166931016,0.4238467089752451,1
1.345141228675406,0.008069379666435422,0
0.3408295940127108,-0.4386383795202401,1
-0.231858085208213,1.2370144599784314,0
2.1671609832304584,-0.2849093081262904,1
0.3916636798021537,0.29785629022031324,0
0.46607433857001523,0.8030746596051231,1
0.47410832747484766,0.6966053923655131,0
1.4003837124746377,0.46512446956327547,1
0.11569130670111778,0.93658085407497,0
1.0737935201210782,0.1408302598079993,1
-0.31276793057541613,1.1803888401528875,0
1.4023374102191644,-0.7057439101697964,1
0.3249412855384316,0.8612790212123053,0
0.5684328652947628,-0.21594349774918953,1
1.4558803995942058,0.7566226748669936,0
1.1436030888042619,0.25301726827226534,1
1.2268236251579145,0.25336279507400766,0
1.4082952768652457,-0.3601958049302078,1
0.456767438841835,0.5718725240534361,0
1.9199854222000403,0.09301549402372225,1
-0.7362845682186447,-0.15090433759136118,0
1.7674971086608784,0.2939787583775334,1
1.7601775916410283,-0.0983161885599714,0
1.3165903850682585,-0.7774529860273258,1
-0.2950668856897054,0.9415481292327117,0
1.3909106657614885,0.03580295019651346,1
1.3838628414636482,0.2445768389866906,0
1.1196968368390623,-0.5008018640770843,1
-1.299418030949855,1.1587930645401214,0
2.202164470545212,0.10889288615993346,1
-1.2608433827588352,0.34701388421671464,0
1.3472434779942082,-0.006667113242736604,1
0.611139690843205,-0.08319347730876725,0
1.4488996183949847,-0.36041593368137825,1
-0.08744539770591564,-0.2232731371389635,0
0.10272362010563774,0.3311563385220329,1
-0.7543608987878208,0.24493053167318737,0
-0.1056028951245197,0.22680807964908423,1
1.3364018613654554,0.8831309900294195,0
1.6919904729181487,-1.1559096347517404,1
0.11305476102794423,0.5460198472496887,0
1.3664324051298333,-0.3205269309474046,1
0.44479487346605573,0.9860201889421065,0
-0.035491958147833416,0.022220546466677538,1
0.922683118819092,0.31408913239101466,0
0.31276012751910187,-0.6274603655745107,1
-0.05064668871385622,1.1794192208193148,0
0.25259745368787323,0.21335435268022906,1
0.3753081310298224,0.8991675741771925,0
2.4573170474789467,0.36168605358043726,1
0.6920811282867446,0.7877036701236286,0
0.40542097902220575,-0.20893405201236737,1
-0.4315148150911003,1.2999018884039597,0
1.3404850768624916,-0.8916338070758141,1
0.7338391981000136,0.36489755315851014,0
0.05570618466033017,-0.7656218917202855,1
0.6283987092716562,0.34823193945176434,0
1.4134132551585843,-0.4484459447086447,1
-0.7203412527742242,0.8871162534761702,0
1.9376165690172398,0.6946823600603,1
-1.1147058127139087,0.19472463771743864,0
0.30016411047551084,-0.788881388826797,1
0.9177273041971895,-0.2063286891440043,0
-0.0022439983127929067,0.017954182369407268,1
0.4378047722555339,0.7566566554954647,0
2.3957463568927495,0.5580448524054004,1
0.6545910145701459,1.0691521553408767,0
0.11395845224524337,0.44606606058425435,1
0.2102694339172131,1.084434413785573,0
0.2675579871151073,0.0025257513655500136,1
1.2916862529990365,0.26814202961258565,0
0.9789938927522276,-0.6077912097430697,1
1.1021855198289454,0.05310026322980735,0
1.2253090138508804,-0.531016054412859,1
1.537290938331291,0.08486809726251547,0
0.5538449104255614,-0.8353130377486079,1
0.6479830900673293,0.7930660781366378,0
-0.6553719580685521,-0.427541971603959,1
1.1560435212870999,0.15506587680517936,0
1.4023249982218924,-0.6331511600127795,1
0.6794728795799388,0.5119354223005828,0
1.3678540292570855,-0.8635909566425599,1
-1.1898536634542491,0.003621682494665851,0
1.5108705720720754,-0.45838420722771916,1
-1.1012236544391472,0.48640066534618087,0
2.1171755152664478,0.1701038073495248,1
-0.7934946467861802,0.5866898787919421,0
0.5871707223107749,-0.7801235238839086,1
0.1276521257052533,0.5488154384303302,0
1.051431378655431,-0.3794707942789635,1
1.1286969745159279,0.5126761841997522,0
1.342742435516341,-0.4402868031117142,1
0.3166876684244918,0.3284309852260857,0
0.4455264786950263,0.17109239631194773,1
-0.5966180496349743,0.45798513015740444,0
1.0113319830775314,-0.2023404098222995,1
0.2715633373095879,1.4235083700725588,0
2.120936418054254,-0.029560444558889315,1
1.42508617855287,0.05905617814014648,0
-0.002275271538744905,0.07965077787812164,1
0.33016182672343386,1.3109791576129624,0
-0.28598119817338125,0.12220860673898704,1
0.2709399543637523,0.6801516687938526,0
1.2472776502703766,-0.3054465265691178,1
-0.8604928453811751,0.7852605025710455,0
1.616395554706387,-0.2723101045997016,1
-0.6051672362815219,-0.3115117391873462,0
0.5464962233015878,0.10046991317124375,1
0.9708013304689506,0.22340143487785086,0
0.6312790301116339,-0.44787188998634375,1
1.0531846488353864,-0.13622636491546958,0
2.576974151193202,0.30573812922725574,1
-0.9297299303611423,0.7847947349840568,0
0.23339855455542308,-0.26009455462519165,1
-0.6699930825383368,0.33641855180424113,0
-0.020521873085099285,-0.6682082247766543,1
1.0559315353415155,1.109240811647074,0
0.620037226950911,-0.6035909064186853,1
-0.7837544459363502,-0.18755382871098109,0
0.48902967113416784,-0.5256450970877096,1
-0.466251003328432,1.2220095847007526,0
0.3130279984851409,0.140602931520368,1
0.714258758159337,0.8231521536563464,0
0.9970948345210465,-0.3700198821700815,1
-0.5368310359956808,0.39414741718038165,0
0.8277072795352671,-0.6755314319304868,1
0.6074888972629509,0.5136824473030768,0
0.8739356938643241,0.09862121351911327,1
-0.5474594829875763,-0.15751674623116002,0
1.6911101631536303,-0.9590394283359666,1
-0.7804980198335382,0.9772831416539856,0
0.9817517607189393,-0.14144751972675967,1
1.071426922447909,0.3736087803963789,0
1.4531968586550328,-0.5198598391181535,1
-1.0805037323196227,-0.17215394930153902,0
-0.2493682191686723,-0.3480676473535754,1
-0.05734018604194602,1.1429611589140203,0
0.8494382897069094,-0.10205990492548644,1
-0.9808681389680912,1.3247854467055131,0
1.5359136942371565,0.12121863611086285,1
-0.6790873394211032,0.4756292760150552,0
0.6108919537076665,-0.20285506938256112,1
-0.4167748493269726,1.1899252382220484,0
1.9704746696158173,0.011622542812747966,1
-1.1890768426567728,0.35206928514497815,0
0.3489830074402137,-0.5503468424651008,1
-0.03520276562316205,1.100794927394693,0
0.5600291998579414,0.45806247992541294,1
-0.6862449288500516,0.7818910121622358,0
1.618702087943501,-0.3050345839063241,1
-0.05025007270942637,1.7553772703019646,0
1.9043113470388218,-0.06117994694677523,1
-1.1218821892749125,0.7314030128609803,0
1.4672777403629196,-0.5171764529742221,1
1.0863473425427985,0.5985709049261403,0
2.3725671727927957,0.12443725505504663,1
-1.2869690780989984,0.35268452142943163,0
0.6958123574735281,-0.44033187874373103,1
-0.08587380395996638,1.0710693387336057,0
0.14914984670288195,-0.12345736485112443,1
-0.16162352750307465,0.9555672597227874,0
-0.08295040780802976,0.017959794894770315,1
-0.8056260579728076,-0.008370149776531083,0
1.7654384467214643,0.22829681905456153,1
-0.5514352306015574,0.8629606073244376,0
1.6114636376653608,-1.0236220476455649,1
-0.7104045555715867,0.8794797515074675,0
1.8755261206463163,-0.10876101386642839,1
0.6860723507813791,0.42134250162243514,0
-0.0904681197937732,-0.21116387377807816,1
-0.2618014441521395,0.757903344322929,0
1.841635185235003,0.3844500596608307,1
1.0416284654990464,0.26564628834351833,0
0.21863139131065307,-0.6954314704765965,1
0.6444232267352241,0.7746630339456724,0
0.864770831301914,-0.3857610993083726,1
-0.9427187010427645,0.7375617874169955,0
0.8048047291759794,-0.12785866878494095,1
-0.06724242459787122,1.0133834171025466,0
1.2702462646809165,-0.4514858965374269,1
-0.3658489215744521,0.9142197591259441,0
1.3543083984154263,-0.7234604128300748,1
-0.8087721094021049,0.45222284050284084,0
0.62741672643982,-0.14158494517859518,1
-0.9297955206468081,0.1429044603876071,0
0.5196733230628203,-0.8541865031693523,1
1.0698616974604955,-0.2692715307122481,0
-0.06536957357439943,0.08645462862157467,1
0.5450293649320882,0.4269244365288236,0
1.0059522203997948,-0.5535661077560231,1
-0.8152382476329053,-0.012611959966991937,0
0.41268324173041193,-0.7295684928366377,1
0.5874360910399623,1.0750453621599223,0
-0.6058569596682291,-0.03466073520422515,1
0.6336307643287056,1.1479157398910749,0
1.6463883084722093,0.033833735897661366,1
-1.1397935867233833,0.34700571816489134,0
1.8126672720808594,0.09202927358169913,1
-1.3722487175006761,0.549372773712314,0
1.2645272821778435,0.374251867947908,1
-1.0998548459159636,0.22249594457055252,0
0.8232204983335916,-0.38852597609432177,1
-0.10820190030051388,1.1505582466254993,0
0.4870844977749206,-0.33167947707273937,1
0.5502656919669886,-0.10362327016374677,0
0.276118774539672,0.04158226464839643,1
1.1342860814187363,-0.44133908545700035,0
0.07148790619758694,0.3122300767278998,1
0.07819501727809118,1.2430909132770849,0
1.3132591391872133,-0.7868688978138867,1
-0.8263941674217856,0.7223265770034115,0
1.8351633784455457,-0.007101091279792235,1
-0.3266665350385574,1.00401772639729,0
0.7442892857815679,-0.6416503096098747,1
-1.178203374332542,0.2125581541386155,0
0.09738679921734043,-0.4898094318287018,1
0.76595960302864,-0.2557704625629629,0
0.15728110285860214,-0.25402932867702355,1
0.9292276232610964,0.6911749119826187,0
0.20271813254956972,-0.45077857863505044,1
-0.4696146906967249,1.0427931877619885,0
1.9415084796487054,0.03309621359993625,1
-0.8596734629915707,0.919339340736081,0
1.8088048325772261,0.4495081872690352,1
-0.9466562378343484,0.07793986314649874,0
1.3556543367226404,0.1576792697815011,1
-0.7132012417439021,0.7730901650683353,0
1.9491812733943337,-0.3049329276407782,1
-0.07498994722271812,1.1464416511202236,0
0.7678526415246235,-0.5829054967252454,1
-1.0251216102758527,0.47919966116189416,0
1.3026440529062686,1.2799666093078117,1
-1.1358663838928347,1.0409681788631837,0
1.8605036138352016,-0.636010039206228,1
-0.013741421874201035,0.704941406862404,0
1.466632629650328,-0.12440181905374698,1
-1.1871478018872306,0.7344539515950006,0
1.4146714563316696,-0.4553386201645072,1
0.26403912466986806,1.6251823125269018,0
1.9148699970792589,-0.02207581136371656,1
0.9440763430891749,0.43616301569169835,0
1.2989504976559791,-0.9123296271109751,1
0.7525972219674699,0.8657748176143645,0
0.16743664769432573,-0.454307039698055,1
0.9737933676778188,0.2228279436178107,0
0.2873827364003038,0.0010114748624000386,1
0.28616662624150146,0.9359952329083128,0
1.449092615836615,-0.6768012819105925,1
0.41890041655390725,1.096759344542557,0
-0.25898818831709386,-0.15119655360629683,1
-0.49629090119301567,1.4796234138772775,0
1.793977123526341,0.8014219073393629,1
0.5021597993169971,0.012618527534721716,0
0.4469978743871848,-0.4972047881495441,1
0.18313186006152096,1.3590573643523807,0
0.3162625006395252,-0.3730376403091173,1
0.5517380235046512,0.09845422177783536,0
0.14978845332399182,-0.31420732784567024,1
-1.272208024823074,0.3025085452850218,0
-0.12412307113501861,0.09479239408293189,1
0.0202548582142259,0.9352784014241315,0
-0.11397156981281331,-0.33551489587956856,1
1.0216248439598055,-0.3912624888078308,0
0.6480388230838157,-0.4399204868743738,1
-0.7649756255733042,-0.2469110329786831,0
1.3833478802798906,0.18179629199921346,1
-1.1089018821701588,0.31893588227935066,0
0.04445175270394491,-0.1408887695647958,1
0.10914499375449536,1.3374765848512882,0
0.9952690613474142,-0.19904279527868435,1
0.6649304043767987,0.06146730232999495,0
-0.29311827763396625,1.1148353269871292,1
0.43857506008939273,1.2728371006397345,0
0.9664801563339404,-0.40137208041586925,1
0.560913889730923,0.0209449960457323,0
-0.39297705284876666,-0.10974087190990156,1
1.111984740970397,0.2627663135098082,0
1.5134929164555266,-0.4976347382093173,1
0.6888798217207082,0.9858221450871755,0
1.2523159614031822,0.4559190641557934,1
0.012483632290920366,1.254159320760932,0
1.8949705816913505,0.45810550146110185,1
0.6309654044752724,0.6963471165088394,0
1.6703402854289697,-0.17415537472226927,1
-0.885291212024756,0.3637280759443719,0
0.4424019137272473,0.13664988862515384,1
-0.5394171185746819,0.8541237530280733,0
-0.980526287614296,-0.2536339743715602,1
-0.9067787951415834,0.6841954868299626,0
1.3181641969513938,-0.8016314434003255,1
0.7472999179491715,0.3557691113117398,0
1.4819094695606347,0.5171393231118704,1
0.8563437901851979,-0.3732028416430928,0
0.8554069073629108,-0.6373830819323111,1
-0.3910034174118313,0.9017878022631962,0
0.27315009141172675,-0.285554601091869,1
-0.8618947781631195,0.19946579426462985,0
0.7063016953299821,-0.2909259223313252,1
-0.3556729453504737,1.1359899793205157,0
1.2637503018632217,-0.9474095509189722,1
-0.4733222666316273,0.9454029056400992,0
-0.6526071933482862,0.5015520504738877,1
0.45817726429902284,1.115600156725261,0
0.10729319220123934,-0.10837747700944632,1
-0.8440455393844005,1.0117121176558401,0
0.9857660172698509,-0.88835089188472,1
0.5881336763925553,-0.15168399902696122,0
0.5679820534762454,-0.446825388831097,1
-0.48733264616204375,0.33098556321573885,0
0.21937902306310905,-0.055400793943431156,1
0.31902472022532796,0.7796548046404038,0
0.363326962250501,0.027247522364524657,1
0.8703357361737938,1.0755073785968547,0
0.3842191662590538,-0.3489546294046231,1
0.3486042957499059,0.6225914449620322,0
1.2448310564401117,-0.8114688487003976,1
-0.30627993137115894,0.9737318086270136,0
1.3867443686769214,0.35140101799852486,1
-0.6063947795338662,1.2157546346508115,0
0.6580612342123319,-0.9719541658154977,1
-0.060941854867118284,0.9800829530954402,0
1.3579230409451886,-0.7823115209683724,1
-0.8336138773731574,0.7385989086717337,0
1.2042478199840412,-0.22545428520722888,1
1.1603708522341516,1.1113861588180376,0
2.5305246729207864,-0.3650475517001807,1
-1.0557354973795183,0.4726828602209552,0
0.18544664258546617,-0.4151591160440651,1
-0.7054292418921585,0.4180977191666857,0
-0.004312847782756313,-0.2725639405267339,1
-0.9065234597489791,0.9324910074330319,0
0.4177073169487089,0.6486468567794037,1
-0.1967160070454178,0.8936978370818695,0
-0.006292119169511633,0.11803919092263446,1
-1.2680090339533814,0.6526237316577191,0
1.639914639221877,-0.3068078882239397,1
-0.7296236057935033,1.247652980829352,0
1.5387540658272307,-0.06134031039373833,1
0.9207602500500198,0.500172924499794,0
1.6579319466445408,0.6309010751625233,1
-0.8819241003502459,0.16115461394580524,0
-0.007159394291849863,-0.6393969694733117,1
0.9643280635294774,0.6254600080678068,0
0.2551317749274717,0.4317265109657404,1
-0.8157731935415253,1.3543672233816837,0
0.152813165985849,0.1554121984670385,1
-0.21308291158663767,0.9357329155033691,0
1.6459674653785163,-0.057339526999827084,1
-0.39166542698618656,0.625221969772087,0
0.5205883010437525,-0.1912518071813377,1
1.1793126274554462,0.27193033874774675,0
1.665232814643177,0.2765073583166283,1
0.38260275934961285,0.4462851503539648,0
2.1357919302388377,0.23471660458461105,1
-0.09894027417706898,0.958783222941395,0
0.5800723706782009,-0.9683105620316799,1
-0.46682399290874466,0.7610240988622892,0
0.42293865686142323,-0.5966628210848126,1
0.40840352971042376,1.1858605814932426,0
0.8582102729794243,-0.6396582625305246,1
1.5263824004408177,-0.07916484581528704,0
0.22147036261099998,0.17892625040990842,1
1.0313582851604597,-0.23697806773737806,0
2.059873152338902,0.35979098681482286,1
-0.014688046256316728,1.1907897852600304,0
0.8926836794485653,-0.6705938879033999,1
1.135632525880045,0.031493292595019644,0
0.9800373956874799,0.4827361376349254,1
-0.6445336879301995,0.9210264057808654,0
0.22457008105323745,0.3905361442863846,1
-1.4597253285697283,0.07083667403818411,0
1.3915168917808651,-0.611130001205796,1
0.6069517764419963,1.2683942269709596,0
-0.1251074646592043,0.5591045004931817,1
0.23805871915970167,1.2543490294852708,0
0.7551612467953699,0.0035938565132313527,1
1.5603754940774284,-0.22696559891862556,0
2.448776398560926,0.0862691821764932,1
1.3260494989272162,-0.10712429073473761,0
1.9520620598297553,-0.07570505295368468,1
-0.12220064662936886,1.0731792978764394,0
0.22908404467892526,-0.21251355973332395,1
-0.8345141838381562,0.5763560171696015,0
1.904595175048636,-0.12233531256894414,1
-1.0104355683951387,0.31266962094994444,0
0.13085749284823847,0.03621078042802556,1
-0.7364851033592827,0.9724174524225367,0
1.5527438832567253,-1.0177011311664472,1
-1.3822980889454575,0.041643869319854095,0
-0.6086324654145908,-0.024859733310012733,1
0.6594019548930266,1.0696734384751556,0
1.6540911055630714,-0.3151449569000476,1
-0.9536007028300457,0.5467182955118169,0
1.3145993189555867,-0.7834984673121188,1
0.9198425953490884,0.6400489845622587,0
0.019381521270540658,-0.4231620639203157,1
-0.29570654360526766,0.9679333272011621,0
1.4121166549594173,-0.4914919307992064,1
-0.15981712821927083,1.5820839934607047,0
1.4841780642605948,-0.3087451349237036,1
-0.49632934604807166,1.4548531324930511,0
1.7275303414064322,-0.28959304142180015,1
-1.013203281271107,0.7973737698878992,0
0.48884092545973173,-0.5426172597549199,1
-0.3421292925142176,0.7416871414372906,0
1.9019552354204285,0.14383423330568731,1
-1.2952315064387958,-0.21300989826250236,0
1.374228054259786,0.2847080659241026,1
0.30659264881313314,1.4492828731893042,0
1.5081668041755973,-0.3064932308582145,1
-1.037065042153026,0.6910273168604238,0
0.253660633642967,-0.02252576194255948,1
0.41066810854879965,1.2285619630434703,0
0.4337077195794435,-0.7041223610943539,1
0.7553439863986462,1.0690044706169322,0
2.3890558449911543,0.12197708522993567,1
0.8402936653192132,0.36271794877498303,0
0.02318977516548229,-0.5564110288029209,1
0.7038269681992819,-0.22749268521397703,0
1.6925263141498281,-0.13168675275425024,1
-0.7963396048788893,0.8974841711049646,0
2.2204881308064697,0.607834038763639,1
0.7309934325407025,0.8693311562042999,0
1.783331377203703,-0.10598138781543864,1
0.0651613451850872,0.7449184495271333,0
1.9644709099118707,-0.13342377941059336,1
-0.02292104722549755,1.148654021790008,0
1.8728214903724276,0.3770988101117072,1
0.9493752839726369,-0.1735044834739582,0
0.31972857433428087,0.11011284170193442,1
0.3973710845325531,-0.34669164098601846,0
2.5491998171543044,-0.5497781018045012,1
-0.30048579335039616,0.5395188247371723,0
1.8453047438011958,0.3646542228697528,1
0.8280693584630155,-0.14670206548741438,0
-0.10184320260906199,-0.29091650308708317,1
0.2535634802052903,0.7871056042946165,0
0.08767781554328659,-0.29834558317989873,1
1.1312135771834795,0.6682279788503779,0
-0.3941487188526852,0.09173997524979266,1
1.0330360351951624,0.10479940705869861,0
0.8280969381206588,-0.4551274683471895,1
-1.3086797225926325,0.27341229876489836,0
0.6454017132649255,-0.1744243500476832,1
1.1666522041645708,0.7187608586636893,0
0.2845080935303357,0.1692174870050585,1
0.4959339965283362,1.064109955613099,0
1.4448484440930225,-0.25786348695583683,1
-0.3989588897992357,0.6780389432856029,0
0.038517098898939374,0.09246623443694643,1
0.07388088934652695,0.6849027181430464,0
1.2572997490294369,-0.15329444505646672,1
-0.6434820290162958,0.6703010079346858,0
1.9187372337051654,0.6633039098282325,1
-0.9411530052209444,0.8694163351027145,0
0.2384653557547114,-0.20313708773755063,1
0.32441281782879006,1.1232163963909048,0
1.0333328718346384,-0.4466500854575314,1
0.20644205693212805,1.2255737537048912,0
1.3786326016717054,-0.8886663477564819,1
0.38535114409162663,0.8221010320738378,0
1.3292105681709316,-0.5298667385837411,1
-0.8490473441598715,0.12086454863894608,0
0.2584997445520845,-0.5224458506215987,1
0.9985702699817682,0.9359582296037702,0
1.5994336421396076,0.14247970368400079,1
0.7152909970450443,-0.01926908555375506,0
1.757576403704413,0.3570110491641283,1
-0.6132828084581903,1.1912116462814704,0
2.0456500595064764,-0.045870855523333254,1
0.6912818238085725,0.8245379532995504,0
0.7615765564121486,-0.22449634858818796,1
-1.0702552626675774,0.615705604964723,0
2.1112285985651047,0.25402725981556035,1
-0.9435456436339926,-0.06883740411381128,0
0.5315955039512946,-0.43616909304786217,1
-0.7623831080353468,0.7503222927178573,0
0.06460518765103793,-0.463148765323248,1
1.0501451622702787,0.5749109462678078,0
0.16023341160059523,0.08454259048806534,1
-0.6202565661680167,0.45242515699351715,0
1.004665807573801,-0.28804416363363833,1
0.17260672131124422,0.5492312572390092,0
-0.5627861652715268,0.24449096992736427,1
-0.4092171591086176,0.9664754955844848,0
1.500357030868348,-0.30015870666180566,1
0.45648756734953694,0.9853314351781649,0
1.0434168343202366,-0.41636672713324374,1
1.0168331917234956,0.23065062341681875,0
0.3815131021967137,-0.9289432076456005,1
0.918726914198917,0.7269437315680329,0
1.6406642555860984,-0.5571741893648052,1
-1.0423980053936872,0.3879758316275341,0
1.0565637891318576,-0.31250997368286926,1
0.7115907988982043,0.3287091741957139,0
1.64950981821161,-0.37927455319065156,1
-0.5342855406787932,0.45697011034543944,0
1.9715156743433957,0.4066873606307727,1
0.23166171629131882,0.9467959235744492,0
0.10768407313132623,0.4643978424965927,1
-1.281791640122557,0.9262946054732816,0
0.4225497177976638,-0.326465893925317,1
0.8661635827522483,1.3974703593677869,0
1.2547297543342462,-0.4498530646840713,1
-0.4504882185810545,1.5430800870282961,0
1.069838177435419,0.0609090386556268,1
-0.8872734721814762,0.2078967955295582,0
0.6546531513187475,-0.3265116461370864,1
0.9210389551455361,0.4952602463634805,0
1.7794436887540763,0.15683991006487447,1
0.11854345119796231,0.6803422732825894,0
1.332645277816693,-0.3203842843354554,1
0.17171322405884792,0.9992648373683151,0
0.6708640825160999,-0.23852534543849915,1
0.6317905285580133,0.9250244589355878,0
1.3816913807517397,-0.12241036763596552,1
-1.2011808826514432,0.6194511693313789,0
1.9991517517186304,0.3671114700685335,1
-0.7426719285521235,0.08855250440455384,0
0.5230356350978191,-0.281780099479058,1
-0.22492328591691665,1.032688146763322,0
0.16338075001023689,-0.4149792130031573,1
1.228453867524359,1.1169769931189635,0
1.7566236846013579,0.09759222222368247,1
0.6292206480542128,1.1720226520572785,0
-0.17314713960051414,0.10385520735482473,1
-0.24481117585530116,1.4048128470961398,0
0.6575212961865118,-0.47250102948974565,1
-1.0506993733510466,0.36701983840770247,0
0.43926908246251084,-0.013352316814361193,1
0.3272637401368065,0.4653082039534231,0
0.2427930925465398,0.20628604003097487,1
0.49211357915209053,0.5776410183117135,0
1.6890328763487283,0.33964177276832075,1
-0.1076868392769142,1.299685122839025,0
1.5785055091438782,0.029528086276972954,1
-1.0122404639508444,0.15861628800871558,0
2.1575169928324653,-0.05139328891989192,1
0.4742291361535873,0.33777317077891056,0
-0.05544120623500115,-0.31225232800013886,1
0.7320819636500677,0.0030645535840760074,0
0.19071441690064617,-0.10170543841468715,1
0.44806490704167257,-0.3034673565730144,0
2.0156279163329764,-0.30575680310212905,1
1.208291099805141,0.10597047094200554,0
0.12467851693533019,-0.03804285819614152,1
-0.9950649950310035,1.1206075330763408,0
0.15458180788625542,0.5535220412281356,1
0.9121210915598182,0.22378224629630233,0
0.7583530663480694,-0.12270559034672449,1
0.04532523085415431,0.7021054130489145,0
-0.26654482954792375,0.23253881606553184,1
1.1233869566700123,0.5760357246752157,0
2.085183978311385,-0.702113236952205,1
0.22966895755013078,0.761773412864047,0
1.7230979258099846,-0.2799549337336936,1
0.6434757015257132,0.5430612347706827,0
0.16295875408121613,0.910554309712853,1
0.8621002044242385,0.6460249471287044,0
1.0153972835662803,-0.3348374576533413,1
-0.43589468501237705,1.0933353522012663,0
1.4668755471582493,0.013444229123040913,1
1.167761220632937,0.6856858849933476,0
2.121845332013333,0.027018028788367204,1
1.0122085996524466,0.8042004795055742,0
1.865109535368851,0.0712776511631007,1
-1.0357235411279109,-0.0004985513487141997,0
1.9776283352780668,-0.23873269425923094,1
-0.2155916912834631,0.9912194852488604,0
1.1702220636942715,-0.3111314346285876,1
0.4860452091465067,1.107621586027819,0
1.5513035265285073,-0.39695168065209496,1
0.5847531598712795,0.4297372278631609,0
1.3222976474980983,-0.58814074780487,1
-0.42929565955424487,0.6862149407132776,0
2.6327817894792296,0.28047036625002614,1
0.6607897473482401,0.3271303906057893,0
0.009561663779601194,0.1878650544817216,1
0.794138599913337,0.6477655435792393,0
0.29572046568275845,-0.39518708940896585,1
0.24629378476481056,1.022730735831063,0
0.4775486034682207,0.008079036812215223,1
-0.47835963505458934,0.13445937956458154,0
0.9267814906058437,-0.3022231389471215,1
1.256528654619755,0.17654522075488888,0
0.8992175218269122,-0.5903966035631074,1
-0.9494375811812844,0.26002427745000267,0
1.738225925768061,0.26033951803699945,1
0.5084565388889115,0.5284989445408693,0
-0.055905046627404906,0.6073857903590428,1
-1.337753208842291,0.6328939540566234,0
2.3406738833597993,0.13703848628735132,1
-1.218305193041579,0.21070161015973915,0
-0.6719119707034253,0.1713843320578982,1
0.4065805681483102,0.7939444450091245,0
1.7746783695564563,0.7747237458572812,1
-0.7736636103376616,1.292969265467765,0
1.1366804122427436,0.1258048326718525,1
-0.8727325057015415,1.0919270072993026,0
1.5667363786760098,0.35619802215656426,1
0.6871024234391354,0.3224422752010136,0
1.9975665227406538,0.6249851655140909,1
-0.7771791589758728,0.5942597779781665,0
0.30332681888552954,0.6982391043213282,1
-0.49375733956998624,0.5106271290447059,0
-0.3757010921313866,-0.2813471071382868,1
-0.07774571288216758,1.2756249988871735,0
2.1309359056890207,-0.17344374023933315,1
-0.3550460208112095,1.2782610227732114,0
1.9161031165688902,0.18781624112442338,1
-0.31952752803499007,0.4710289742605652,0
0.6220372465970161,-0.6054880896458251,1
0.335483806448704,0.3355008576113843,0
1.8793343012295085,0.3625298270440787,1
-0.9132942918355724,1.138663349193812,0
0.002057490309693724,0.6578144345506565,1
-0.4356653305295391,0.7062067625182851,0
2.0431654355340156,0.7461289207889519,1
1.1548347250908257,-0.09768160732768581,0
1.3274456128497238,-0.15385353467223134,1
0.190179978301526,1.0036761194575905,0
1.1974455576332967,-0.4957091252051363,1
0.39894400691008824,1.1137380720733656,0
0.18957265894404396,-0.08218832770497192,1
-0.6439382879323652,0.5918382719929798,0
1.3147045153811867,0.38333833584996624,1
0.04620550499772724,0.9574533709130041,0
0.5201281028993544,-0.9603839632989933,1
0.9980452431312112,-0.47580722195343444,0
1.9355835600633045,0.3634010399623035,1
-1.2701303948322753,-0.14170275604153673,0
1.7096460708122034,0.012990249866851863,1
0.8629728747020204,0.4448670810540415,0
1.2101840116157205,-0.0676198724619897,1
-0.9691425038659627,0.8274537949094625,0
2.1431979094208238,-0.05700314856006165,1
1.21622236202869,0.508939468917192,0
-0.06718198080937321,-0.14482890924414193,1
-0.004798888037892857,0.8237244886442242,0
2.2405330044819665,-0.35078251119023773,1
0.8209888793640546,1.1712353046786477,0
0.5060345644685813,-0.10982354934051712,1
-0.3523943375527538,0.8851301493857533,0
0.4101409803736062,0.3111874569809969,1
0.5113559687131365,0.10391723807112763,0
1.6332217725933686,0.98465794938498,1
-1.0627517526650498,0.6130342493883519,0
1.5970936300763068,-0.39744697995389083,1
-1.037342623592478,0.8639010090792381,0
-0.023876718162289187,0.49768289040193775,1
1.5203468321583755,-0.05627953231226723,0
1.4443867302692377,0.044175756457045204,1
0.7672123425378843,-0.05106064294698365,0
1.912639865799151,0.44833727691547237,1
-0.9509059496004695,0.2960396499725909,0
2.2701057227162496,-0.32294309872234894,1
-0.21560667807253436,0.6875213304909873,0
-0.3629938301380699,0.5718651793223193,1
0.7874864060822125,0.08396391127679803,0
1.755185342450249,0.6522916443847346,1
-0.5139267197863371,0.926144418258953,0
1.1403795084960655,-0.40471612765567494,1
0.7853271677166211,-0.08740847990481038,0
1.570184469782911,-0.4376068702789146,1
-0.2528819942144914,0.8909221878079805,0
-0.002904912999834919,-0.5690088981859609,1
-0.773588677054734,0.7714704756456414,0
1.5811762645634133,-0.5832092877810777,1
-0.046975279423824734,0.5106453742595464,0
-0.19694101108853507,0.015386625181445585,1
-0.8897705311476783,-0.23690322299430183,0
1.6853117604527692,0.07557309667028866,1
0.553279168960588,1.3723761435198862,0
2.305642802757028,-0.24625459114393167,1
0.8906605400578957,0.708384090901991,0
0.15791931792958402,-0.27852576465299017,1
-0.7992738043338014,0.43375093601327097,0
-0.008482561304805243,0.2821089800646006,1
-0.49655712616380854,1.1754034519007392,0
-0.136323540000166,0.20513026415944896,1
1.142998408394239,0.7110752131717752,0
0.4228671431352513,0.001516610815243763,1
-0.7284701237485317,0.20569168228864906,0
1.720321698831735,0.19041122706645677,1
-0.6354132984835745,0.6814530670870278,0
1.653196701450052,-0.3626905959043443,1
-0.5989293005936592,0.8223505126503434,0
0.5841508742344343,-0.5102818378797285,1
0.6613164279809818,0.5950777926674614,0
0.5852045294210727,0.4924461335357627,1
0.4220902681816352,1.3093907211552271,0
0.4539890822496463,-0.36558172338577427,1
0.3801088559538593,0.9206231161510801,0
1.985783965926114,0.4619165247109378,1
-1.4923119398477867,0.08737419048741996,0
0.756973799120439,-0.37505868635931083,1
0.9646796252511189,0.6128068298019991,0
0.8526317534074821,-0.7100744290883967,1
-0.7092048084517654,0.9725203416588166,0
1.413439473636656,-0.6026671761147882,1
-0.27134988602593146,1.0479192585301091,0
1.2526734553907497,-0.4362516997744811,1
-0.41356794257441665,0.8293978744273909,0
-0.29737627426573077,-0.1054446741559553,1
0.1885725308597495,1.11474072162864,0
0.3055411558996693,-0.4958511788263943,1
-0.9987660761872262,0.7335452063994498,0
0.2926292303444093,-1.1543767619992826,1
-0.2377386142548602,0.346873579091236,0
0.733527181450343,-0.5690216059836133,1
-0.292755555260679,1.3146901173347443,0
0.40200199691109323,-0.6728764602236392,1
-0.8951378917957884,0.002381689346744209,0
-0.6544733508399306,0.24240575332582143,1
-0.34594776466945104,0.933306109186853,0
0.8460416665194558,-0.3235972056402517,1
-1.0260898775973224,-0.010556019963324878,0
0.02551155441861163,-0.24092954559776908,1
-0.011166043973356493,1.0376347235908825,0
2.013186638515444,0.421165633677848,1
-0.1543971088650875,0.9617787604134146,0
1.621157879443945,-0.1241451989855472,1
0.09658744328766204,0.7620080801531915,0
0.45080949740721604,-0.04735564631999997,1
-0.035133729329472174,0.754429158380375,0
1.7684788980208292,0.14275824520223035,1
-0.7833768571349572,-0.13085172305510212,0
1.7573471539813694,0.005163564217914474,1
0.2450138719403648,0.7355365299693098,0
2.27164702287247,0.4367471568483139,1
0.20828115144928158,1.0086128107853165,0
0.9114309911404386,-0.3114029229890753,1
-0.7712315482054033,1.0403487216682847,0
1.7967810068094008,-0.10695694308907816,1
0.48537155933326576,0.7962430970274199,0
1.7743746136842202,-0.11993608297061223,1
1.1765651856577763,0.7053806071735386,0
2.420938902315865,0.21037307386699816,1
-0.936676166108637,0.5154740870924227,0
0.5842640306865021,-0.5819784587091819,1
0.47243291128519393,0.885049344279913,0
2.0330898672215816,0.39874335989740683,1
-0.7543627064589629,0.28044320720531274,0
1.1882778359101418,-0.32747895416872247,1
-0.4575842228589038,0.46422429535751014,0
0.9107926547332881,-0.7243478305548339,1
0.6304730801355652,0.3744394423698434,0
-0.06383301098864819,0.47274825341952653,1
0.7428533703634077,0.3344093255130749,0
1.3556877594531205,-0.10948977954893102,1
0.4115431845564196,0.3449712428743258,0
2.4865459610782845,-0.3440863089062812,1
-0.3239961050404569,1.0773733702921626,0
0.4954582868135209,-0.4021283841929316,1
0.09670271064257249,0.9712480278615094,0
1.5714264383875616,0.3518744044994517,1
-0.589856365769391,0.5430047329051162,0
1.9493639778202834,0.7481435461606976,1
0.5174433595123074,0.9804851595924032,0
0.23843026195333,-0.16244163270724887,1
-0.18655929303602736,1.1187369827619826,0
0.48295834053674846,-0.5350197857239791,1
-0.29518387288028936,1.0970292182736767,0
0.3462689798494368,-0.0012743333770479925,1
0.6730214491374903,0.5727249232966091,0
0.9511015504463664,-0.4210071196509767,1
0.5875829571328086,0.28554171370642456,0
0.07586871111349747,-0.41871462264863446,1
-1.4620429466361258,-0.37401734759128813,0
0.6577627145306806,-0.46234311597194216,1
-0.03795041819697612,0.9144667647218474,0
1.8905406659408728,0.4203719402624397,1
0.7724271112238319,0.7132678498802759,0
0.19353177246945857,-0.20467312935702686,1
0.5984312402976713,0.744260660085353,0
0.9000430831860752,-0.707890576162908,1
0.6383575301208265,0.6501193644436127,0
1.6266777020781231,-0.6027245085410522,1
-0.030873764170107107,1.2735511615776671,0
1.8221680294963016,-0.5206375478383775,1
-0.8788880662580334,0.29076167221940435,0
0.4605558516412809,-0.3315804412727162,1
-0.36850602935820703,0.6756937695315997,0
0.8047187495093545,-0.4509374060629765,1
0.6611695964688589,0.36372782549054766,0
1.2646321455638603,-0.43551685334776813,1
0.929811648740487,-0.24607990185123438,0
-0.03547513172558886,-0.15564942015821706,1
-0.8115755911946794,0.5997749194126284,0
0.09056368805688708,0.6260447906528643,1
1.1381488892305929,0.4748135660665347,0
1.050232819905463,-0.10751363125393251,1
-0.4164001575307769,1.1238043012769716,0
2.0334913625029842,-0.6506108075380382,1
-0.0018895698731401511,0.29089548504075124,0
0.4062887357881804,-0.019203667111088063,1
-1.3750146947519741,0.9447403402356308,0
1.8135021492983088,-0.09943860369961333,1
0.41908583625940565,1.3140452804824068,0
1.4817073393958755,-0.3509297257018796,1
1.0463418051439901,0.08399359022750705,0
-0.45151145743374854,0.36189509055574554,1
-0.92944461761715,0.38024120766148434,0
1.5489729242636774,0.07697473655983608,1
1.1684232016800307,0.48227352928201384,0
0.3583231832088999,-0.6114988468830174,1
-0.8934510767310975,0.31067809390168044,0
2.124932179067711,0.028883121321767014,1
-1.1230392611462878,0.5624433261760766,0
0.5127966949390301,-0.3034167141409611,1
-1.443248260508235,0.27274354623052366,0
1.4528169704290352,-0.006471747692022689,1
0.25911883653211876,1.2305782159006284,0
2.131578267008622,-0.07697116045390406,1
-0.2926283637568909,1.0758539228057258,0
1.8087390629797575,0.21168622283672855,1
-0.9406620486401188,-0.11789944896252123,0
0.1679940969406195,-0.8124197009764982,1
0.1300282127776035,0.875357624143336,0
1.7653542615940996,-0.49767231760787983,1
-1.5137895514717457,-0.028281846129537103,0
1.295324728520096,-0.15316731660018287,1
0.35444571539109404,1.0605735036762702,0
-0.17130430586302745,0.11539046891186935,1
-0.9087537520392571,0.08374605670542101,0
1.3637590067600334,-0.3902415648867402,1
1.031796776387516,0.10332259295500212,0
0.9513210430842338,-0.3515088599858437,1
0.726536006803397,0.4140732463816274,0
2.119231097448014,-0.5041326845830858,1
-0.6471876244743675,1.3608659926568976,0
1.5844243785348933,-0.05570820425247458,1
-0.44845382606290124,0.5910957147512558,0
1.0375091073811378,-0.030737250815849826,1
0.5370066578702827,0.8156728171624713,0
-0.5506779433815405,0.2989163269254756,1
-0.9961005709121885,0.45214887246155794,0
0.16159168613752323,0.46562211124074404,1
0.8670911355700854,0.8038488503334251,0
2.109691629934277,0.14383485942645852,1
1.0788006402493338,0.44595536640805844,0
0.37665398060419064,-0.15505487968112083,1
0.7981839036358132,0.7350388584412593,0
1.7975996506009797,-0.5204719079445257,1
-0.07928170811767768,1.2753473264507704,0
0.4676774502385191,-0.25055550909112945,1
-0.5997711290252989,0.4562114141421668,0
1.9658514822798083,0.7304982961075019,1
-0.7494539657309645,0.3854774353331337,0
2.030277430082014,0.2255366814032387,1
-0.03425056576034757,0.9567132546235441,0
1.9787183341273578,-0.12449049341377072,1
1.053848045545647,0.7758007952315695,0
1.1488623437519383,-0.042554374245337145,1
0.9668701446040658,1.2973522987124015,0
1.8492370632185398,-0.0018257231785615557,1
-0.6876142372267469,0.36615665093216987,0
-0.662461568836341,-0.5356188169784102,1
-1.2036447809142394,0.3809367921266855,0
1.1348804973994122,-0.4201533336211291,1
0.29965984490805364,0.06695064349954882,0
1.3315130230462842,-0.5152450057734785,1
-1.0170558239396044,0.923033034667534,0
1.437246074726663,0.4496240193925416,1
-0.8010677201791869,-0.33690682524078946,0
2.059978729527856,-0.31837135572241604,1
-0.20745824245321182,1.5182590898419814,0
2.100057044663238,0.46865313242293605,1
-0.8188593541070524,0.9782097822526574,0
1.4791543262446176,-0.3203364646418717,1
-0.770954910898137,0.8036106692858593,0
1.6874666041253146,-0.3860668269604126,1
0.7594357283528019,0.3421584193364187,0
0.4610175983791388,0.19083562359781392,1
-0.8461715009042805,0.9382418269747645,0
0.22333460859051116,0.1403298288343955,1
-0.03139887206459968,0.9117617563192589,0
1.8530174374225539,0.492787729590649,1
-0.905429187289019,0.18214890496230862,0
1.474018575824794,0.09470282289650525,1
-0.14224257893488196,0.7425535304698028,0
0.5586827867975825,-0.5497499120200084,1
0.07992542190237442,0.7428884073198759,0
0.23256628299681742,0.07737970169745761,1
0.7768944929594954,0.1638101527015321,0
1.7444660300363666,-0.6102115561582715,1
0.9423051842797613,0.9170198313981406,0
1.6889713325720297,-0.08488567816934742,1
0.2345936969837732,0.8340733404620018,0
1.9047100466254006,0.3044791051008666,1
0.6738834345900252,0.17819580586893996,0
0.143916239944208,-0.48114764275236116,1
-0.9451681323879539,0.4026989508934056,0
0.5409033111785266,-0.5257871388790658,1
-0.2292350428190481,0.7091798319212868,0
0.26094939933864686,-0.11990768629712006,1
-0.3887200249279816,0.9242180133795458,0
0.3774394133862527,0.362842244012912,1
0.04718783730231446,1.0122699125573893,0
0.8075681645388421,-0.025768385524859883,1
-0.4824521099991066,1.555216404141777,0
1.4356384039220913,0.1659862113899886,1
-0.7712537669857477,0.04589513270885083,0
0.6451317546988588,-0.06909131172022909,1
0.8840273758967286,0.5909993860350875,0
0.6836599265603841,-0.7039474185022305,1
-0.2899433799443316,1.1895453990492186,0
0.39986757768092374,-0.5120842693968096,1
0.7157307073266962,0.6166800192297774,0
1.1923174961164602,-0.4692055457841914,1
0.48986802049551464,1.3323066261795704,0
1.9990349075322902,-0.2234925947903228,1
0.9202039919270912,0.10841919987921322,0
1.6560102514522108,-0.43935745324445885,1
1.272889032918761,0.35365364750174544,0
1.1829600474151445,-0.7843067884707611,1
1.5462738575769541,-0.021441479338497833,0
2.155126203207324,0.4669027131498156,1
0.5187103376436182,0.4797962455428986,0
1.2102621060002057,-0.8118229127321284,1
-0.9602289664242926,-0.5149276223884077,0
1.453257747183735,-0.4746083678196695,1
-0.9746482875794639,0.836449049473457,0
0.8299874573548089,-0.7495358490896582,1
0.89582229685784,0.35961552757480997,0
1.00738088110986,-0.45877489028604185,1
-0.33627582410326595,0.24597429141231753,0
0.8177576427366644,0.24557225366561242,1
0.24661865688094892,1.5279357647492655,0
0.35160790078418086,-0.25689465140277046,1
1.5462916213407643,-0.33586155933553286,0
1.3034254835912567,-0.09553476226331092,1
0.5790820714014825,1.012639142649969,0
1.14952217137969,-0.09403081590632739,1
0.3541412047715369,0.45650228351146,0
1.2139786982868337,-0.1719990878941866,1
-0.9439927323397307,0.35770133804963683,0
1.6338310593118022,-0.34809073958314596,1
-0.12766580161884541,0.9157951033977303,0
2.1344065636675285,-0.06162679922387271,1
-0.7927732990971169,0.4162412995569065,0
1.9140650959960837,-0.3613666879043044,1
0.6600552343939968,0.3515396085582819,0
1.747292569092459,0.09690748572456759,1
-0.37475806636968156,0.580340157383755,0
1.8861797406096596,0.41962761954192995,1
1.6141045740984623,0.5572138523804203,0
1.7734729404762541,-0.41813566051693357,1
-1.0653155678432484,0.22172813266428062,0
1.2537814619443983,-0.4031814269427322,1
0.8937205924353185,0.18654685134423266,0
0.6698487754461889,-0.6665368765282205,1
-0.3740629828210791,0.51246274458812,0
1.4208512453343318,-0.7838461266179133,1
0.9691742192443078,-0.26962231848921403,0
0.5598490963805196,-0.3437533077840462,1
0.5564346213476948,1.3235073230749266,0
0.6127553391165437,-0.3090096405194581,1
-0.29689995584791234,0.9918135501260918,0
-0.4097231724752054,0.8318536790455444,1
0.6898018125200349,1.152768198019738,0
1.650496720633094,-0.12894769860468366,1
0.7938504115440392,0.7871627441972682,0
0.05927559653273425,0.09539964805700882,1
-0.3157994416326769,-0.06177294788047827,0
1.8422407752239396,0.2909628969283822,1
-1.1181132242336338,0.6618879874305083,0
2.967203485137297,0.0840537980803599,1
0.3660692615790638,0.7306447812310632,0
1.788153502680521,-0.19934610143815434,1
0.8272170676379174,0.8248033726665989,0
0.9763544341656933,-0.8704885936081547,1
-0.7765233247942394,0.588885314624912,0
1.3816998382089165,-0.0012318269013390504,1
-0.8291884563752563,0.5779561317367725,0
0.43135548256622136,0.2503531812437949,1
0.687853493742389,0.5238940050161207,0
0.9332358829969298,-0.27646943820713693,1
1.1125555207500681,1.023642039421998,0
1.1441929308573904,-0.17039154866781553,1
0.8337426533998318,0.8016792325274642,0
2.0731782917017223,0.5403787928831645,1
-0.892861664587772,0.7555744982132513,0
1.16661354921012,-0.17668930695922766,1
-0.05769284270806237,0.36617819590536593,0
1.9090011828058733,-0.5255355438613563,1
-0.41161924923082316,1.1858964676561534,0
1.4219408578495931,-0.3864361768329548,1
-0.5273347461008283,1.086066998299129,0
-0.04155698627229709,0.302551644596866,1
0.016123791046802394,0.7967159685928751,0
1.269889976343764,-0.5538360824260404,1
0.10405616508746005,1.5051590685269511,0
2.2355785833993456,0.16130539626972704,1
0.9685534132375075,0.20079293592658232,0
2.1018611462444223,0.32100918756500385,1
-0.5431723617171172,0.6127831257020662,0
-0.18483079799501073,-0.08900845922180287,1
1.1251498261754551,0.6110361964126844,0
2.0673086314999423,0.3709776155169354,1
0.7817205796358497,0.6927627903709974,0
1.2348559208736676,-0.9440449596019793,1
0.6589938800998427,1.1939818277606848,0
-0.10388326228019162,-0.22171327596005902,1
0.9653576053663184,0.8479262538718991,0
1.8897017408582444,-0.2589919869677971,1
-0.22281544184092666,0.739154361223912,0
1.3835902422218243,-0.5154614606077309,1
-0.728574321981008,0.7475180743704906,0
2.6655251032644807,-0.2902388234206477,1
0.808256489711307,0.6241160346837835,0
0.3569658539359542,0.4587828203670119,1
-0.46399894719316104,1.286950452116321,0
0.6791956184625086,-0.3053180469119169,1
0.6880447742711082,0.14228035293848412,0
0.9870738567947224,-0.5110143492722654,1
-0.8533654006735238,-0.18939973896810613,0
0.7166644541260335,-0.07052853913826573,1
1.3724275676704114,0.16793981661768986,0
2.3825875330202324,0.5150364435055854,1
-0.7626506558902802,0.40100605710942944,0
0.4413108247123472,-0.08746143078344454,1
-0.18302031533320998,0.9789373596157867,0
0.12370403395211124,-0.024707815633627908,1
-0.8883835152863079,0.8548090542313906,0
0.9297347329181604,-0.17331913744584612,1
0.6348929076358912,1.2851974789373215,0
2.029947355184759,-0.11511628644412863,1
-1.18568743481975,0.17189842258877175,0
0.8007395464079214,-0.558398563051299,1
0.022198856946436862,0.7120834166905956,0
1.0512156346971246,-0.5174627492225502,1
-0.7703997679357285,0.9009457839563144,0
1.5039515283860685,-0.054291123218490944,1
0.6854508985701138,-0.3646846672737138,0
1.8512043174185628,0.2762488207385051,1
0.08748415759660799,-0.08322848635338065,0
0.5583743506425932,-0.19911594790195342,1
-0.3705277795881558,1.4273053384122072,0
1.476844461581085,-0.40438210800855184,1
-0.1441099279368411,1.2383481255372701,0
1.5367716215410323,-0.7213572303676081,1
0.7737358885749023,-0.3069874745015949,0
0.4939177072461887,-0.2570364834601213,1
-1.211122880406982,0.4689666777615296,0
0.3190694036758298,-0.08342932881685389,1
-1.2757655136349255,0.49755415721602675,0
-0.0200850832422656,0.09950826202061075,1
0.25294802575310815,0.6191253718144559,0
1.0228101974151427,-0.8737145059655045,1
-0.7469344893979395,0.3743605208788413,0
1.465608509202583,-0.29372402014311133,1
0.6174215219519888,-0.29894998952900553,0
0.15433679901085684,-0.2055814074529171,1
0.8928485449818271,0.7044356560028509,0
1.8439943787120472,0.39845214428793174,1
-0.9681388288346403,0.04857628073145892,0
0.8830844722879243,-0.06924149373779914,1
0.6626548724316355,0.4345132731381624,0
1.6314869258731917,-0.15624690087850554,1
-0.386492539842029,0.9969838862881609,0
1.8998901985421912,-0.26683531129558224,1
-0.3953372224976968,1.3052840982451814,0
1.0602894709971362,-0.30530385404609417,1
-1.3155450194719922,0.7075556094669689,0
-0.3790288299219515,-0.05127378208888972,1
-1.268324633503831,0.759480984284609,0
1.7724076069719223,-0.07132317450739678,1
1.2185309961689645,0.7433757981817972,0
-0.27553022686957107,0.3023316322162981,1
-0.7956083725462985,0.7361625907653903,0
1.8991049152196946,0.5120432712580067,1
-1.1087837864987136,0.14148558323591331,0
1.6276052510576147,-0.6176078439275984,1
-1.322911209654375,-0.6525489601041194,0
1.4027072568081682,-0.10229512462324147,1
0.9830296924509018,-0.42198727479288556,0
0.8105300793539326,-0.5603429653233744,1
-0.2093372035585618,0.8844681689261996,0
0.7922074751804558,-0.050010558107194125,1
0.3788639255328578,0.9995530899752316,0
0.1771974687912227,-0.07100719020727442,1
-1.3463562086425658,-0.14420977559756903,0
0.37509784318696504,-0.49365429898288876,1
-0.7498375679278542,-0.3049768814426738,0
1.0779245149446852,-0.4389377745511333,1
0.08990250040740311,1.160855263937535,0
1.2112519359358411,-0.19315755807713125,1
1.3023487676275334,0.032577701875897855,0
2.058475972077402,0.6773908110387648,1
-0.8034133076208521,0.5928490407746059,0
1.5239741512901053,0.19418787523345965,1
0.5963769749354821,0.6353284245214423,0
0.36191731349619816,-0.1820833070648678,1
0.6925928822719996,1.5981916954114568,0
1.7656715391748954,0.4404545668045482,1
1.3609294515179235,-0.4939465328937175,0
0.005039081489256636,-0.570145922527588,1
-0.9890789438645787,0.9412668307949654,0
1.0687348113038586,-0.9271699920313718,1
-0.878055022886153,1.0549530669287224,0
1.579369586032385,0.17209769723243434,1
0.6686334387490317,0.8912812564255871,0
1.6624491993937902,0.33316144877890713,1
-0.26115888755749606,1.067597538273773,0
0.8471241463908884,0.26353694540486505,1
-0.9044322227632412,0.33043190420030993,0
1.4635597919147179,-0.8159346687815062,1
0.7582302418514654,1.2012691639160833,0
0.9710648225068945,-0.9735372943387041,1
-0.07056023084408686,1.4120249460274745,0
0.7856113527644707,-0.06417598727191859,1
0.2794393055476407,0.8822844970977413,0
-0.03579630620227642,-0.110692711785007,1
0.7253011296803585,0.31309291054738475,0
0.0854034518756134,-0.7318087361992808,1
0.4812475748826151,1.1682608925787858,0
1.0794497701969066,-0.049256070529911544,1
0.8668924387917842,0.9197865533946841,0
0.18109795201254264,-0.593747706615935,1
-0.8470716355662556,0.7420109381326634,0
1.768464460928589,0.43338093443720316,1
0.845046132848149,0.8541078445663924,0
0.42219243174844284,0.17982270262646705,1
0.45284627215334405,1.092519069705698,0
-0.6958661795105893,0.028825271160368177,1
-0.4530955501320244,1.2882689040718602,0
1.5992799836515588,-0.15594040413504714,1
0.6545484859576004,0.32901411008161136,0
2.0364673520841095,0.17473678782821903,1
-0.8097560938929835,0.49746129664603544,0
1.0651907542257262,-0.37286914178980557,1
-1.1678008106520374,0.4936825385630513,0
1.8092279057098442,0.2697630265715321,1
1.357092259134793,0.6500076757878508,0
0.8878186679393052,-0.5213823061744257,1
-0.5584358061504009,0.8261193466134845,0
0.4306351415525824,-0.4139260086565376,1
-1.379278680357598,0.6498310986679301,0
2.012997068190906,-0.4956182769236145,1
0.42894640065117606,0.5443244244863787,0
1.7798942653915315,-0.7788448197898663,1
-0.812673586526567,0.6309544854065827,0
0.1345149896326458,0.21720745205839892,1
-0.6081971078843824,0.6870372079889208,0
1.9634017880905255,0.2071729824589866,1
-1.0052623755959713,-0.12706396344466414,0
0.12356059796968151,-0.1138704031564109,1
-0.7527344455944157,0.9826353416791864,0
0.09540285380966358,0.15255112886231084,1
-0.8038572221115061,0.22383762170382837,0
1.9318040898513995,0.23584462863294384,1
1.1148065911615426,-0.2368089704815872,0
0.6611329161676519,0.31922267227230516,1
-0.49444034941205117,1.140862735684617,0
0.02906079351866306,0.7999261645567719,1
-0.1609405857289944,1.1763068801304306,0
0.3504389753383561,-0.46686505776607384,1
1.0383571527406812,0.708030539589987,0
-0.4322167291264166,0.5480518097121421,1
0.36496360213096146,0.983341621683781,0
0.850861042897584,-0.7276119719244537,1
0.4408376414454418,0.9081519215451643,0
0.8296786914001606,-0.25900625554840667,1
-0.8261180055520679,0.6085527356678,0
1.949740329940356,0.010272741144808695,1
0.25959678781736184,0.4362498893907372,0
1.0069936568946694,-0.4592218111253582,1
-1.28375663102178,0.9803607210717903,0
1.2628882611936232,-0.7980211655356482,1
-1.1903917922511884,0.5867656515721293,0
0.6395577476015133,-0.4242223822941227,1
-0.5316916328261398,0.2441649595344351,0
0.29338725708992763,0.5426473773710332,1
0.19478988496853678,0.32176983278200166,0
2.059667503597712,0.08079238691843191,1
-0.871880710838631,0.5103644628472346,0
1.1778131927453677,-0.2769592153250262,1
0.5781547423718181,0.8451562280642689,0
1.611671271589545,0.3092614662834635,1
0.05893802322751662,0.2866783197405621,0
1.7146594334115637,0.8127141327805698,1
-0.792306601899757,0.7335475434409395,0
1.7271336220332312,-0.6661277048158986,1
1.4207748948984158,0.0660257367706048,0
-0.14461484141184938,0.7347363240881969,1
0.22465261364608374,0.8090662666080848,0
1.3655836989319934,-0.4092835154275635,1
0.8299418971665157,0.5522356068312311,0
1.8202267989927245,0.38256026340986615,1
-1.0480665233813398,0.7118320411246228,0
0.4523360911489746,0.39102100670256823,1
-1.105737098219707,1.2596164533584244,0
1.934553179448809,0.038667612102984084,1
-1.0951040573816795,0.6870259341795201,0
0.38601560644264216,-0.5027326579653146,1
-0.2294744762055992,0.591151003777576,0
1.485718211655341,0.01772545645847806,1
1.1507206541223263,1.0483066778247732,0
1.6558626398890206,-0.33447741626144734,1
-0.7137889958701824,0.6365001923135383,0
1.625562946705101,-0.16926992786515682,1
1.032446453879803,0.11610337490697326,0
-0.2300313407039668,0.32105226717618357,1
0.9107938536262139,0.3906484466720997,0
0.27109889769492024,0.10325282496172006,1
-0.9943449660476814,-0.07436050298497421,0
0.8737706903351579,-0.29524991575453374,1
-0.5976185875865392,0.41665712708663316,0
0.3493999307056497,-0.27847600414295387,1
0.14889594767312164,1.7705994534758593,0
0.06565517877665997,-0.17200874731919105,1
-1.311926513575507,-0.4192708404929273,0
0.886485687147299,-0.49619852501744083,1
1.2757774135731323,0.2625203654161187,0
-0.3522647014000012,0.36093182657204537,1
-0.7942973561476022,-0.5574417777712033,0
2.2220745944405005,0.9238201927669633,1
-1.3562244476741139,0.0576780129010904,0
1.4881446324156795,-0.1985882109871502,1
0.5994922405849546,1.2892153431436606,0
0.4193664647863102,-0.21574384004491134,1
1.006643117798267,0.4308737525976428,0
0.18403976612525505,-0.17051777179030903,1
1.1276627257490908,-0.15820676193912941,0
0.899660201444735,-0.018081061919902053,1
1.1130015078344364,0.8440354822406025,0
1.1202652321246078,-0.19212784529656313,1
-0.9073232551781121,0.5819221750312207,0
-0.024654911310062325,0.08255164886376581,1
-1.2428679511296297,0.20723175518498857,0
0.2517610784714681,0.35234635953129456,1
1.257574374176166,1.1007832030265572,0
0.6680791959751631,0.004515460498936197,1
0.35756822712750236,0.903592808864191,0
0.6767912063726191,-0.6186328635612159,1
-1.0845759584726475,0.11029474812106659,0
1.2273517460393644,-0.9254484676646788,1
-0.9410228972157876,0.43672648212353704,0
-0.6409101007824799,0.26374031740660947,1
0.40297646194394826,1.020439698863378,0
0.005583607616345736,0.38678360726288036,1
0.2794179572365861,1.553106656497973,0
0.6442426915310853,-0.44412593804963046,1
-0.7011568103572597,1.3875260949466983,0
0.5259926312702174,-0.6247559208025225,1
-0.8036032342900358,0.9392192283399246,0
1.9284127954801031,-0.2360721913044738,1
-0.21329584756010367,0.6177198272036494,0
1.1342998059368306,-0.606536964669534,1
0.6008187942252294,-0.5919390953418102,0
1.8873631336256964,0.12604772622498361,1
0.9452102069446783,0.2618706034716287,0
2.017074963117167,0.14864382276202176,1
0.6122175774630929,0.6795758513867436,0
0.6692488619948366,-0.7082609444703898,1
-1.1177944230252683,-0.22596896704595415,0
0.6623453126388685,-0.2802379076193282,1
-0.9047057703068939,0.2999158433697404,0
0.5888553012303599,-0.35462139053450553,1
0.6054042444784167,0.6682910085652604,0
2.459457216926713,0.5104667816640408,1
0.9349015109561494,0.388309831183845,0
-0.13087966471408358,0.5361875437341803,1
-0.8819981798050542,0.9432297118586248,0
2.3039289584031515,0.7670397055360142,1
-0.6756327569965133,1.1665967362702048,0
1.5840349654736678,-0.3358738716349431,1
0.22242014578983121,0.6706571138304819,0
1.2632569122523343,-0.2781808540756517,1
-0.6462904197520656,0.1993142104859258,0
0.16181267815022987,0.6122905829571932,1
-0.4194955835089488,0.807974290380006,0
1.446776550116502,0.3389843150511269,1
-1.190161146609162,0.47133081427046497,0
0.4738283427981145,-0.8639609755423587,1
0.7932480835332509,0.8858437694945857,0
-0.2163778340834041,-0.3436069465331112,1
0.6430700832439128,0.4691811988255392,0
0.27605753705931024,-0.7394131623226455,1
0.0060040093299122965,1.38957430500905,0
2.2182374906845315,0.2892734715815295,1
0.572232293648355,0.07396452693351097,0
1.758424333609307,0.2552012478502872,1
-0.35094374718673466,1.1326144256672226,0
0.25272715100499127,-0.2275006770975609,1
1.0828198404821108,0.09018403347237275,0
-0.3168307452287117,0.4802976760109622,1
-0.2992263101938127,0.8745379711417047,0
0.08389050370196607,-0.10929762221605788,1
-0.259227739439694,0.619644479403423,0
0.4588145676271207,0.19911761659444865,1
-0.18465951351855675,0.7978678352494011,0
0.11926285088217913,-0.31409635624200544,1
0.5128802677897091,0.8040334335104105,0
0.012352873724746,0.12864889216133205,1
-1.1980804812041985,0.4821166715191087,0
0.5019808122865509,-0.4319134818948016,1
0.08831077803668672,1.0177632366092557,0
0.5702738475310228,-0.6452161932133484,1
-0.3718494284239471,0.913756505638167,0
1.7273150181408756,0.4263778923582796,1
0.4253684520588567,0.9270702938857124,0
1.0858634721674443,-0.5708489453108757,1
-0.5230367907887732,0.9254880835004318,0
-0.13080063210431217,0.417458297953022,1
0.7558671520970235,0.2423457322975452,0
1.4847261214896068,0.1433424308002712,1
0.22065821924604723,1.1528416995506094,0
1.1854940297440995,-0.4444896799490957,1
-0.7857673457948033,1.5530844362501588,0
1.2620071821933987,-0.7122990478740663,1
-1.2950373751350546,0.45741599069276995,0
0.7816571415224967,-0.5505814700962948,1
0.639743364091909,0.39048054372852037,0
0.24520896996861974,-0.37531713829696994,1
0.37294434035738666,1.0193760212155316,0
1.2393742855256706,-0.47789380666466846,1
0.9417815272007884,1.2133864371491978,0
1.6619354893651814,0.5154818603912482,1
0.4873769299081853,0.96765493178244,0
0.5910782675323674,-0.28588569583849816,1
-0.6688814122994386,-0.4992303944148269,0
1.0668008509196685,-0.39647621215846596,1
0.29406214760022004,1.2444449430136373,0
1.0216416919940134,-0.834196123332808,1
-0.934976926347906,0.27072588584774815,0
1.6191613475790314,-0.3398923671149343,1
1.2776521418637958,0.1301991407288799,0
-0.08001690796821667,-0.04655403675805837,1
0.7932653770332736,-0.35281429792152236,0
1.307955090249972,-0.5559750122554503,1
0.9684021776901528,0.45126308286557204,0
0.7982475048614508,-0.3512997993765389,1
1.222965464796982,0.09352423213378941,0
0.4733810725959815,-0.5653796938149562,1
0.3359267512146172,0.9808148392423801,0
-0.46123174560591385,0.32402623451038504,1
-0.4131385489216065,0.05505216168679883,0
0.2963900283053458,-0.1653912188307818,1
-0.8868443091318989,-0.11606473977131657,0
1.6228697538398371,0.08564461697970654,1
-1.1233611503812326,-0.2915625206946054,0
0.40275626971518874,-0.08420449236776882,1
-1.3366298233440257,0.5066154146844044,0
1.9008477071449736,-0.35925908821811153,1
0.5572125047864944,0.7473355904974918,0
-0.03573276270510414,-0.09196771716073326,1
0.5013336239233858,1.260725742616699,0
0.8443217413125318,-0.2559164185325195,1
0.3269793256939024,0.5674706464974307,0
0.34618738988168846,0.2703909948024072,1
-0.35489550597414904,1.1911032752387922,0
0.6607349712897407,-0.49819490004999534,1
0.9648918163949841,0.12992762357893492,0
2.8051207634157738,-0.2794054599324326,1
1.1760620597694016,0.8485090309897528,0
-0.773997021346627,-0.34302805753875015,1
-0.49071879729884516,1.1535216123514025,0
-0.16075433055036809,0.8745444452528376,1
0.29688554789443844,0.19233871856838536,0
1.2211020530231045,-0.3344886965399788,1
1.0970774012620228,0.614538560132901,0
-0.03453358194527184,-0.5142756673388709,1
-0.3169388848663386,1.5574530313404857,0
1.113356092798444,-0.8076497953563442,1
-0.3134537422710302,1.0055073094300722,0
1.3355572419131607,-0.6344335456145093,1
0.6999240635812345,0.3775619022002715,0
0.9428754752431364,-0.4238428153580803,1
-1.0068562694691277,0.5341610376713468,0
-0.31696257785338494,0.7935627239160681,1
1.5156388224690336,0.806320994085915,0
1.5345420825060745,0.18106449890411605,1
1.2794712212047223,0.3395562807217224,0
2.1788793971616935,0.5639218120326265,1
1.0187134535451972,0.8109160375747406,0
0.4273106604913401,-0.289225448111619,1
-0.17350147756430864,1.2294890783192622,0
0.8639262936836807,-0.6104885887194034,1
-1.254077992680268,0.4834489047685735,0
1.99995148849238,-0.03233184164984684,1
-0.40138302730893793,0.42009133243262786,0
2.4157406095125222,0.473738351306852,1
-0.5517575376609654,0.5482736679115291,0
0.05969901890175794,-0.2616665485587837,1
1.3913201762458454,0.8572675191841637,0
1.2761578723553995,-0.05539740339846452,1
-1.304641030380921,-0.02738692252851349,0
1.1145449867387676,-0.29921631977391344,1
0.04547629852486326,1.3807483573215518,0
1.7298347569905923,-0.4355658214350389,1
0.3549743014247241,0.8474636721710995,0
1.136661128395801,-0.12320844945732168,1
-0.975739413796167,0.3762661123135622,0
1.1805049192198962,-0.2173453569976456,1
-0.35222402101436423,0.5733525615041666,0
0.525858175623907,-0.35582701517738874,1
-0.604304260191157,-0.022079071601924127,0
0.06110561975572522,0.06589436549176805,1
-0.9118569277082667,-0.0870607416808114,0
0.27670699001548127,-0.8482989876259102,1
-1.1561421283920488,-0.0912616053007057,0
0.9630970135768886,-0.048514946605201836,1
-0.6824593087275468,0.4912819507533797,0
0.5394588109965612,-0.45232409824004893,1
-1.0692829592963702,0.22175736925381834,0
0.35580420995504564,-0.011924259469066778,1
-0.8074756016323602,1.0674049871387385,0
0.5966344885413337,-0.3877080454309262,1
-0.38936590363684176,0.9417171665327125,0
0.08648602144924679,-0.5333085202419403,1
0.41223922212000874,1.3055580607622472,0
0.44218761952216434,0.18882765743122792,1
-0.06212720875715477,1.5132025671478342,0
0.1761300734476394,0.16110756066115792,1
0.3339174526234737,1.4958948165650332,0
1.9940856035187569,-1.0846540183989468,1
-0.8240404806255862,1.0674926149012325,0
1.235739340090122,-0.30270266549492136,1
0.5470303178520347,0.20973691598093813,0
0.06982961763825715,-0.2746229613709474,1
0.7180921903524533,-0.16310517477874906,0
2.372953996685351,0.3339031705763234,1
-0.8672789944882221,-0.1199313547156417,0
1.6852070675186823,0.21292714484706748,1
-0.026363353955361157,0.9722832492047566,0
1.6993982312368578,-0.20152200198156522,1
0.4709498836711859,0.34648802877678087,0
1.9065521427971592,0.18338476224500608,1
-0.923302108741863,0.3696306312330004,0
0.9249635420477706,-0.5276150512358802,1
0.4900574371717663,-0.07570073909180958,0
1.591956324383366,0.20850165585809974,1
-0.4482336351015908,0.4978251342908953,0
0.07395155850370494,-0.7719746073355817,1
1.0023083401757615,0.26271520676088456,0
2.2513240714914873,-0.12754073410949412,1
1.1883717677275674,0.8727734720897866,0
1.9293374996129442,0.0018333433162489587,1
-0.5451575457174582,0.6885300751445388,0
0.6656861625416497,0.16108858258271802,1
-0.31867500445167285,0.8585820560220323,0
-0.040989321695978825,0.3337680567405797,1
-0.40161207306705626,1.0385743266911827,0
2.458165473761386,0.8142756305859341,1
0.8218420981092212,0.7123314734507519,0
1.7091279297001045,-0.03778920122614676,1
-0.3542445031605251,0.7036941859925302,0
1.9585765007992568,-0.5127634108157257,1
-0.6848885797329973,0.3798001720429468,0
-0.2777929730853485,0.9237399924022845,1
-0.9503367582783196,-0.29701712500917193,0
0.5496986699265808,-0.6472664830535917,1
0.5637330291715059,0.35144171879601843,0
2.2225537537560465,-0.1462404266277978,1
1.012625355000714,-0.0770948803604257,0
1.0763910640961813,-0.5657194995869844,1
-0.6318695591537364,0.8808159506561464,0
0.056544298886966105,0.06980773035556292,1
0.4143573734442603,1.1899859319546464,0
-0.08066838961295801,0.6025457608670144,1
-0.4192567169170199,0.3227592099698574,0
-0.4410809821137104,0.1277303042488299,1
0.22473726037458552,0.7027058480212391,0
1.5008103950683926,-0.1824454926831653,1
-1.10256079984015,-0.30030138313749316,0
2.054666772874363,-0.05006992865708201,1
0.705635920570537,0.08477624777162823,0
1.8019561918597602,0.1229719837692907,1
-0.9779450338365819,0.1629171699427076,0
-0.054536063970660076,-0.34346056911407047,1
0.8141075337084177,0.044454752338231165,0
1.2740001620152153,-0.1131536166251334,1
0.4390834889178458,0.606260168874296,0
0.01723485819523987,-0.264707372248042,1
-0.5637554341549096,1.1786255926557394,0
1.1722829038753722,-0.4509409315762336,1
-1.417771841790268,0.8195651621549038,0
0.4498046990744989,-0.21718687632123868,1
0.6161500560264859,0.9769853441210967,0
0.1925233465962015,-0.3475608304553684,1
-0.4702506918266908,0.8844888914299175,0
1.8268153496508255,0.008767527090412647,1
-0.7897479434820464,-0.12673169101751836,0
1.914922002611104,-0.22342884339466323,1
-0.21369349252766695,0.972619362180516,0
1.2017171075185547,-0.9741610467674244,1
0.8031638615733336,0.4720858374298308,0
0.7436344136699864,-0.513063728511938,1
0.748389930505432,1.2118685557410727,0
1.7660071136239264,0.12177320640251704,1
-0.9420278561639256,-0.43219055529551026,0
2.085239359275953,0.17393003914551647,1
-0.8309585912995134,0.9150798950250953,0
0.12180099394367541,0.053547728873183265,1
-0.9201853783706229,0.786107313386546,0
1.6157212879547544,-0.5835938539811623,1
-0.7037997901487933,1.3364867723864866,0
-0.12999911282978455,-0.4477588755085464,1
-0.72811354326849,1.0884457284353881,0
0.8272640997778296,-0.5375089163717377,1
-1.107729374885607,0.5137355400665392,0
2.0597288944388743,0.22567735584432566,1
0.05452185130577178,0.5363479074752655,0
-0.4251879435833122,0.4642661716431164,1
0.5673674539981131,0.7113991862086692,0
1.472450999161773,-0.30021063284395216,1
0.6934789154205766,0.819484509710154,0
1.890130483013447,-0.17406838717262874,1
-0.057257035185097435,1.3118950044141298,0
1.1643190125207916,-0.3838012164505572,1
-0.8990372240633827,0.40537107724578586,0
1.9794375924988095,0.7344706300517043,1
-0.3154232381464565,0.3941093208577025,0
1.8764928385823796,-0.4297920751617642,1
-0.2454280742776663,1.108474696828899,0
0.04915472726049852,-0.12460220497075505,1
1.0447419800618793,-0.1794776707581514,0
1.9826994021900137,0.4512729430120355,1
-0.6924107404935049,0.007297339979868117,0
2.4975122924162765,0.7255113803845707,1
0.8071912190727621,-0.23134072510360376,0
-0.10076656304061404,0.20479100325903124,1
-0.18526555071476508,1.0485984490405627,0
1.8498462158118119,-0.14710729194614003,1
-1.0931820872484401,-0.00494719506558261,0
1.2218410680713974,-0.0954225595244011,1
-0.6309875998071905,0.8862586953526623,0
1.175386621573686,-0.42865099964266357,1
-0.9895325221362195,0.3493716556462803,0
0.6707658465749111,-0.4293314379266777,1
0.24175912520064402,0.13965006749555403,0
2.3209511881464495,-0.07879501413154918,1
0.5985037949209184,0.7668454937206015,0
1.6479859648010362,-0.3309429955461872,1
1.082874865112046,-0.006932724297260606,0
0.2932322778139471,-0.3441511115273888,1
0.4159195269568495,0.40334673522805614,0
1.8090198122317807,0.32042768700868984,1
-0.7891890258863723,-0.0896435146288786,0
1.326725921645678,-0.2178319274701177,1
-0.20087949685289247,0.18943240555949625,0
2.103191488855912,0.26190783626153746,1
0.5942300941165339,1.281186986198277,0
0.057676932985474924,0.23141027580776677,1
-0.7570491985957244,1.5459990191226107,0
-0.15650803947868505,0.9217273231311098,1
0.8692986574048626,0.5174032447858815,0
1.5919585921688941,0.09449939592181751,1
-0.5412526116283473,1.255039667926509,0
1.7713159096979263,-0.3657921958087624,1
0.9120768912547981,0.027257187383239734,0
-0.1509399905068023,0.28413028414070013,1
0.545891916477899,0.9997448977451188,0
1.2869244271042617,-0.36420568087944716,1
0.13450734546145415,1.1795089225682553,0
2.088409435807925,-0.08558017263334217,1
-0.0150890733950724,1.245911873552136,0
1.078852199084028,-0.4483367739969974,1
-0.7387136083724877,0.6687565077678839,0
-0.09456202377221869,0.7324676880660823,1
1.180000662987798,0.14132923022974772,0
1.7737161447352134,0.09477407626737688,1
-1.0263697415002544,0.5818550177772612,0
0.20867701640304834,-0.07197008594753013,1
0.614843073374741,0.7992553206828931,0
0.5896172993539361,-0.3855924014927286,1
1.137583146781815,0.4676754419784833,0
0.7843252071307014,-0.7287046054594417,1
-0.27721498916220855,0.9318574855070689,0
1.7254823570160176,0.03228841057415785,1
-0.22004502065024495,1.2283667082123622,0
1.7649900800829683,0.6545015436758216,1
1.2167162655041643,0.4452600856184282,0
1.6256911631024444,-0.3475299070871265,1
-0.1729119721783618,1.1185900513245808,0
0.7312563951747292,-0.47299241521871654,1
-0.803147514199908,0.6688290423338543,0
2.1668335884828265,0.64880717264303,1
0.9043983195088522,0.822228918458212,0
1.345427131268179,-0.12906173988740893,1
-0.13845330326385202,0.6370300176883273,0
1.786478087728185,0.2469330906871394,1
-0.7590320399804302,0.7069197520947199,0
0.4178054656821155,-0.35836694296128907,1
0.06571495349281475,0.8187388431065122,0
1.2297696296903167,-0.3475945386953289,1
-0.023688934965253483,0.3446464524661623,0
1.8441151855889406,-0.17174297315354356,1
0.7894263280656771,0.6765792323715634,0
1.508836943070886,-0.4748895738719307,1
0.5773491225027894,0.1614928283446587,0
1.4939845221706662,0.1353114580849652,1
-0.9202025931404894,0.45180420447292535,0
1.5034247759219952,-0.4307559344253929,1
0.7318158142864148,1.312443117584587,0
1.778188642701294,0.08808260723396305,1
0.48675854437659394,1.55541125083172,0
0.7311350705126222,-0.590421759721226,1
0.9209741657168015,0.7777426579898422,0
1.5745309670109533,-0.18067091640982397,1
0.4673804517279156,0.9985530182491863,0
2.263257036023351,-0.2011354769895286,1
1.132685650008925,0.1283105178901066,0
1.3455150740049135,0.12933246834074763,1
-0.8772812817797282,0.8058238345845904,0
0.2967482482906431,-0.266767416758639,1
1.3540291227210604,0.32336917712146,0
1.397347804278849,-0.03396284392394755,1
1.1952025974754346,0.5286576271691922,0
1.8621417593188407,-0.17993494338790544,1
1.0555324250016351,0.5096743617770116,0
1.6731194251159869,-0.11195187562976538,1
-1.1939053132649113,1.6961819062526922,0
-0.05478883172213837,-0.18722109801078873,1
-0.6529720746622889,1.1773447781209079,0
1.0081476013804678,-0.5806012443494584,1
1.4079465098606867,0.6227559247781704,0
-0.2621503133178893,0.8193443795825537,1
-0.3213051722217907,1.40914067033771,0
1.7600168920106851,-0.1830373448767116,1
-0.48217866296391654,0.8585352404079664,0
0.524276639370313,0.6179908996670307,1
-1.0805882468974384,0.35242661648405466,0
0.7457971070368763,-0.1887294766127035,1
-1.1727647013462585,0.18297433607364297,0
1.7979563780028913,0.5573846310291026,1
0.7311883535504284,0.8081899327744345,0
-0.5786759970122947,0.014691946512043141,1
-0.15018720497398477,0.9636415034879842,0
1.3872022720030381,0.3579070506685723,1
-0.30218569762302605,0.5989937531252683,0
0.7913222445652788,-0.18519875245775713,1
0.5616437669369474,0.056079829804380865,0
1.8756644656812067,0.5557332762777982,1
-0.25996740684602776,0.7901911134594088,0
-0.10707145443474614,0.403536623483366,1
-1.2143731353148373,0.1896549215241784,0
0.813569789891058,-0.6721775210338097,1
0.5975599072079987,0.3049814907260493,0
1.8858910167401484,0.39075668702939137,1
-0.4639179036244043,0.5297341264926538,0
-0.04370484201080156,0.487798292016758,1
0.044483861694445716,0.6821572253039505,0
1.3797550275138561,-0.24744659574642344,1
-1.1979476406011151,0.7812969593956213,0
0.2800238222939119,-0.4172549933566774,1
0.3086091149039711,0.37122630585622846,0
0.07326158099849872,-0.11300425891065846,1
1.075406038715084,0.2147521891456527,0
2.0025846644994925,0.03802178615900614,1
-0.40974620287223884,0.08109514678151564,0
0.6028467043620306,-0.251895072533414,1
-1.2287354702032098,-0.3653650815731162,0
0.18767479412426388,0.6286551484711005,1
0.6790741813369449,1.3899536650628563,0
0.14849141338632676,0.29954906880125143,1
-1.206572806875043,0.39293865938737105,0
0.1994726225843897,-0.339053930528545,1
-1.2700486618239086,0.18845243886672247,0
0.4059803218333148,0.47705704337610966,1
0.988975138630853,0.2617516163499067,0
1.0018968713393013,-0.19830775253978572,1
1.5215598931696392,0.7436492865390341,0
0.48274530710575225,-0.6184190543030113,1
1.0039207902002525,0.7837171365183152,0
0.014584849123926947,-0.16534206532911783,1
1.1516923113768265,0.25788688576877367,0
1.3638629798282231,0.12805379071424083,1
1.5226377351975988,0.014572588436396996,0
2.0649962536954716,0.279383019455047,1
-0.4397359900252922,1.0696743016013246,0
1.052540327584635,-0.3730502601666084,1
0.35331701039629776,1.3789781482103107,0
0.6311454773635037,-0.419218550096733,1
0.8559863014545318,0.9795699224703942,0
2.146004559617357,-0.4768958264492,1
0.3197344690715985,1.255534785610081,0
1.6163271382642728,-0.30511541131775255,1
-0.5273955627034053,0.21037423726357002,0
1.5817593871146822,-0.25460526506430414,1
-0.4858414989251501,1.077588317969877,0
-0.10409919586991975,0.46326696718816684,1
-0.7117614393490981,0.5633276327597015,0
0.14677260912123896,0.4168076996824762,1
-1.0728762852426839,-0.23715778346948055,0
0.3900035970631687,-0.1694405180350193,1
1.3213111270602045,0.08784830166717139,0
1.457320062405258,-0.3321434134622262,1
0.825454141380273,0.890235068696337,0
1.8254401404334684,0.4533188625305409,1
-0.4916760993014563,0.5058636894103014,0
-0.12078598691238582,0.2334306833225029,1
0.018923602645652085,0.4975364164618508,0
1.2672391382178843,-0.055806882344629105,1
0.07038746943110441,0.31717700228645224,0
1.7961011913366423,0.5417166430693293,1
0.15453943409804294,1.1980473319285387,0
0.6994249127758383,-0.9759493574332594,1
-0.9536442737958223,-0.05730857338702666,0
0.4257608414547093,0.5129427171509716,1
0.2614774131361207,1.1379021749443863,0
1.9581538207909297,0.3706873971846215,1
-0.7409167203587987,0.860850960463642,0
1.6891452486844025,0.6637268824496618,1
0.16090411710800942,0.6803586668311765,0
2.224672100505007,0.6721210721249107,1
0.4626316637875656,0.5374023124233414,0
1.8963285055744008,-0.17100374887694378,1
0.5448301701819076,0.9520125326265794,0
-0.25803354693034736,0.7226172692969223,1
1.2341393884837362,0.8254917181278212,0
-0.18831577373121622,-0.5522103659185458,1
-0.19234692798388991,1.6131628017342068,0
1.420512083121629,-0.09152171241275031,1
-0.292154468830214,1.3116546489724523,0
0.6575175676760256,-0.6254359872820072,1
-1.248110371597273,0.8251640238863638,0
0.5995220876439893,-0.1402972696490255,1
0.6754409592003747,0.6354564030104615,0
1.3518155784595633,-0.38250991729292916,1
0.7792674485686708,0.6176245480667608,0
1.643559069756718,-0.14073564711957676,1
1.2885554607647212,0.5525143469987955,0
0.15843080810723448,0.24050066756719699,1
-0.41125966791140695,0.9282307769917648,0
1.704078029316245,-0.08675379216026355,1
0.9190361060159322,0.11583284057608267,0
0.2986490136428119,-0.13764277528917856,1
0.8741645839372344,0.30700002224318335,0
0.9740770204816356,-0.8810721725611923,1
-0.6928371136565566,0.707680886856769,0
-0.30978466702738583,0.054696803742267985,1
-0.9762834328323973,0.3834371551684594,0
0.4038609118001288,-0.4500102849356335,1
-0.5489157493676293,0.7219504343148722,0
2.2038937724545082,0.3781687334138505,1
-0.3628013058711868,1.0076899888257007,0
0.5664714892465197,-0.14265193528918768,1
-0.007345189601662222,1.0000782448035415,0
0.7195420763184972,-0.7361196127650539,1
1.5690928796771901,-0.29829622619142804,0
1.6921295953422946,-0.42022960217105,1
-0.9349907895202478,-0.016321006397211235,0
0.4787851749378149,-0.42342026964601776,1
0.28246802452340974,0.6111313429498875,0
0.7627545377890745,-0.18136389972629646,1
-0.2934057953777921,0.9027320298709262,0
0.8033042414949917,-0.2101565725487321,1
0.013062372337301564,0.6087115282714284,0
2.4881692579120998,0.25516991584118454,1
-0.9519348680223219,-0.3653521423788893,0
2.1044705580982876,0.3659558747052517,1
1.0000020435907488,0.3665888199959091,0
2.0940519011428167,-0.07393970848886522,1
-0.1702014617118358,0.93096003119499,0
1.4093117211614927,-0.8516958996189214,1
0.9012802117126535,1.2512907255681684,0
0.37257128692565394,-0.6996555559441286,1
0.3556959446830008,0.5300622283855169,0
0.0770159085646161,-0.2366476700339342,1
-0.2057619734200248,0.8483449358792325,0
0.8855665167279911,-0.6783188730850929,1
-1.0977417079427807,-0.44291975721082955,0
1.7205781007464651,-0.1796261472052029,1
-0.34350821949622834,1.219725123309601,0
1.6103074357038534,-0.026688107771711628,1
1.301977405924684,0.964931107221707,0
1.363372599478699,-0.002437323967726168,1
0.0098026010437826,0.5863697830255734,0
-0.04611060644477036,0.32240580659563983,1
-1.813297331067027,1.0809594025662999,0
0.07097027527763936,0.13859392332393622,1
-0.13350930323391455,0.9076028281651222,0
2.3680433192391943,0.6807732096143304,1
0.323413262548837,0.9514299409943167,0
-0.2962501307886564,-0.17008219296970933,1
0.7890728836586945,-0.08547888379282899,0
0.36111663041271064,0.38099222798913074,1
0.7818125897064274,0.6158857141941573,0
0.9086273704945486,-0.2435733362585893,1
1.414913961310611,0.4776433633684971,0
0.7769845116150929,-0.008008697563654077,1
0.18539227851095666,1.0053884053090143,0
1.349635163405316,-0.27739713030705526,1
-1.0931476872290322,0.2327573065358766,0
2.2621407799111886,-0.22298433871139528,1
-0.7358490309041821,-0.2937446028633719,0
1.3738104759773786,0.2155582496418898,1
-1.2031606683368616,-0.4561235442190117,0
0.7994625564650282,-0.2117405932107507,1
0.9422044625366439,0.8772425256293193,0
1.7606920583997547,-0.44090489720343573,1
-0.101135998642785,0.19074404305466922,0
2.5482761163993097,-0.21114546773552967,1
0.33656154533108434,0.7707926313413673,0
1.7187444855613592,-0.3321321928899433,1
-0.10196178238793294,1.5978426626464635,0
2.1880905939589312,-0.09689637379278906,1
0.130114915881768,0.7548858205213859,0
1.6145544576031254,-0.16509529259998826,1
-0.08341212509689783,0.8704771363010562,0
1.118390121942007,-0.7651711182121448,1
-0.22874726569761994,0.9064076727898317,0
1.8146460343041662,-0.08189037919085074,1
0.12507426398246108,1.3235168878776442,0
0.4665865712960813,-0.8687835285151373,1
-0.5382379019532098,0.7912806394312377,0
0.7798467272136844,-0.6946301716008552,1
0.37104986498206083,0.8214380854318585,0
0.501377366719846,-0.2131749893218607,1
-0.7664085214642631,0.2260792949818402,0
2.258307416737213,0.016771371142279307,1
0.27996537018638795,0.7905600388599433,0
1.695765088011566,0.3682718235199547,1
-0.6831570096780539,0.058582946535139485,0
0.2353562525369456,0.04308120080842377,1
-0.2783183745504855,0.8429110264716997,0
1.6941732583086242,-0.555589668257036,1
0.8668117369150293,0.765172700117295,0
0.16363299271165446,-0.11073569510407072,1
0.4809876499469484,0.8806500348432126,0
1.2622249694792425,-0.3574308058738517,1
0.4581889402595978,0.8992449835792856,0
1.3996081516764998,-0.9665920218912649,1
0.659703738037907,0.42338944651514776,0
1.9705799426674635,0.011340194552057231,1
0.5834494602179667,0.9083138787153473,0
-0.029563707236748026,0.31175086048195316,1
0.4557585593526866,0.6195807070578584,0
0.4852538269391219,0.478761412330856,1
0.9545278883018079,0.45087832221990176,0
0.5030380061817785,-0.5437843780934161,1
0.6808141180621918,1.113875876799883,0
0.4821937209519741,0.4319728583579042,1
-0.626259378263031,1.8920426629797917,0
1.887056502393938,-0.26031830714820325,1
0.8870712331439721,0.3364405718738974,0
-0.12320823113942922,0.44024343337280497,1
-0.31593085773667046,1.2549038731351065,0
0.18037036332086817,0.02552308685568816,1
1.2148409364114348,0.26890986730228733,0
-0.25012522147965954,-0.09026266112617884,1
-0.5927375019089564,0.6909244689380096,0
-0.03625413480276904,-0.019408907147463128,1
0.4919804874953051,1.1703320933455266,0
0.3740666728601654,-0.6043545557136899,1
0.5107630524079523,0.994273298039648,0
1.9969595791631898,-0.8389306125356053,1
0.5573114813216786,0.11647263769812802,0
2.493251994229149,-0.008958137209546607,1
-1.0236608399444214,0.12456681031176337,0
1.1546462786964946,-0.3749953151868506,1
0.6595273704932435,1.0350804670255567,0
-0.19772095348251212,0.4796198469242746,1
1.0443230058874684,0.31094748977781644,0
-0.24371745975807818,-0.44515798903902115,1
0.4998777247837359,0.22400337862474717,0
0.6554553918006124,-0.47480869668506986,1
-0.6502105476737298,1.148091141122557,0
0.6500286866124235,-0.9731192797422693,1
-0.15476323672080067,0.6530113716476807,0
1.6131418893770395,-0.24714398666974557,1
-0.5644693272023473,0.7894289899537216,0
1.8489003979097134,0.7442726686402518,1
0.5336903131809058,-0.06208062280708129,0
2.239290480537624,0.22704026880571374,1
-0.8210776904196088,1.0521124185518158,0
1.680857647415697,0.14306535618966504,1
1.013851846699217,0.23270512389441697,0
0.06325221241761678,0.24530372960621838,1
0.6906350036017469,0.46202819544956797,0
1.177844447316428,-0.6622232422202872,1
1.0763566785815544,0.5651120754711592,0
0.7361680415426641,-0.47729381461475423,1
0.6086632732671425,0.707625446735129,0
1.6275830158708093,0.27637938495728764,1
-0.30101389953389734,1.04218388334182,0
1.4053686060742818,-0.385205034407899,1
-0.6500485793074875,0.7308033161914339,0
1.5840693518668003,0.2703732163957119,1
-0.8599071024736146,0.653592856008325,0
0.8272408422288874,-0.07314206455549499,1
0.9060207268918536,0.6430321436017745,0
1.3889342073449376,-0.6030893828598938,1
-0.7376337447381414,0.9878821114847203,0
0.785373950333442,-0.5906178207379794,1
0.19471777609188956,0.5677819311373868,0
1.710576162798398,-0.09025881899609295,1
1.0734995215017333,0.6022111200920242,0
0.7376997559911527,-0.6613399177113881,1
0.15008158783448405,0.9096949725067794,0
0.2308081084018823,-0.28857573472887466,1
0.1873373658575631,0.24659171877846847,0
0.6647647499155563,-0.08344983883663509,1
0.9977397005283395,0.8004920609938595,0
1.302813978975549,0.12779823990959305,1
-0.8509722880539999,0.8009724513440161,0
0.4009895904734658,-0.3951883113291649,1
-0.8234427958535762,0.6755839452531981,0
2.0411624269812565,-0.013509695814903175,1
-0.42549195155783565,0.9173009929462653,0
0.8951567171524275,-0.37799457123453195,1
-0.89092713725893,0.2789500556416688,0
1.3353398488113557,-0.9906021329664733,1
0.5804386505984126,0.9231602070637265,0
0.0989508671007806,-0.23279716409401963,1
-0.5350891386449523,1.2487603780754932,0
0.654743724575922,-0.18350213833409593,1
0.2220227041781166,0.4778516547753357,0
1.0851027583163857,0.2735492652676562,1
0.4933895665905101,0.7363983460032272,0
1.6077323267355925,-0.8905087811312242,1
-0.1020573626978381,1.0959369439278213,0
0.02140321387171891,0.005177905626451693,1
-0.7878111076098104,0.29924129122496,0
1.2905203097579077,-0.40398694464716073,1
0.4439568304195506,0.299417904251435,0
0.5465488119054078,-0.03909069032970694,1
-0.8917307153482128,0.8932862879954103,0
1.514612017924177,-0.525877493183425,1
0.6453827224992381,0.6314818549129714,0
1.4723862074953962,0.010360984897107905,1
0.33174463847612445,0.9366048804857748,0
0.23725206257572823,0.15780271261634699,1
0.13469497876214753,0.551813554321254,0
0.2580911608682168,0.39498323490724413,1
-0.2499683839179313,0.5463906934642155,0
1.7828811680232193,0.6908028485180241,1
-0.9470468718444583,0.11069449256516062,0
0.42657930202194705,-0.28972049117157533,1
-0.4960506716047634,0.9780886050131664,0
1.9403996266048456,0.05016748180989855,1
-0.3441588421697882,0.7135019285506574,0
0.8018208903602119,-0.5515761278523243,1
-1.0891950703262165,-0.2299320090416747,0
0.337081664085201,-0.14066837318917735,1
-1.2456033323968307,0.33528954328309435,0
2.2022321824219064,0.6566468229042501,1
0.7175539482109146,0.48553164716973474,0
0.736550800570343,-0.06160044187474378,1
1.0551849020563318,0.3688637885322925,0
1.5286968024660907,0.4133744645524682,1
0.2731410993654256,1.2506018725944983,0
0.4075048941081937,-0.40114289537834585,1
-0.5264422689175176,0.30406509818509675,0
1.399596886821749,0.17342554088053785,1
-0.06217261432286391,1.7795791738522293,0
-0.3806634847229528,0.6702990413351424,1
0.17804545545884232,0.9562940304621763,0
1.746941596850583,0.1718244393006588,1
-1.365562109115814,0.5300452062095692,0
0.27155462510481254,-0.14886131759470292,1
-0.8407400449480597,0.13929033139742703,0
0.49087471562392127,0.3090581714363729,1
-1.1887687481677593,-0.028210273274919095,0
1.2212348486005677,-0.5989861049659385,1
-1.1891616856997684,0.005939665370262581,0
0.43243841152097084,-0.5607681894924694,1
-1.4171901737254236,-0.09048297009139647,0
0.17871901196122478,-0.4163016123104686,1
-0.13391682092618679,0.38956695567820265,0
0.3467630439968695,-0.04904890577700069,1
-0.020143874527785488,0.7176710318017177,0
2.6519870030164867,0.26659856613532545,1
-0.6221561997232807,0.99642486963096,0
1.3657555110466313,-0.4160031190932804,1
-0.21085588062981875,1.4785371056171517,0
1.67358802086997,0.3072483744453936,1
-0.4159056709953206,1.227942447834776,0
1.3648846724990358,-0.4446155432971397,1
0.7210338223360193,0.2826008508134169,0
-0.43364334490690354,0.22674464428714533,1
-0.47483209140156035,1.1496586353411677,0
1.2625146691964846,-0.04071528912418762,1
0.44604513789907707,0.2753283117408474,0
1.639541009474423,-0.6676825482633075,1
-0.23931914600336585,1.2749604847681788,0
0.6151972443571498,-0.364425822674748,1
-0.254808705394826,0.9952330825849739,0
0.34068583102655847,0.05914999686184913,1
-0.7786038019510751,0.1559929849767861,0
2.4820724970594803,0.17687491923957738,1
1.0116039119073732,0.6267640893508063,0
2.3432851520667706,0.41955041960838435,1
0.7268902747935752,0.6516309782393023,0
0.45070861761455816,-0.023266296493734878,1
1.2434560523592793,0.9783068655627662,0
-0.19376631522750132,0.5004152303540819,1
0.19322208750067177,1.039696765178588,0
0.1581914352805017,0.4940165250817671,1
1.23407402056287,0.21110477629101768,0
2.058687510472328,0.19395710176661302,1
0.6735591373249884,0.5605143373072808,0
1.9584541364019792,-0.15908747364564538,1
0.5153849891712652,0.5683869107386849,0
0.14434329190899134,0.022106330156416512,1
-0.8512275806465759,0.015227113936535525,0
0.17309503943885413,-0.04386806423095338,1
0.48315869203619893,1.0221916014838435,0
0.328802544138899,0.9265683615116536,1
0.8486920205000458,0.7948863560181951,0
1.6331900378487558,-0.2764700339924827,1
-0.9976555560384002,0.19963256881008934,0
1.6725280474351218,0.04839231708459445,1
1.3276253558965818,0.5383409115571147,0
0.579964275951793,0.3819753506168859,1
-1.0874925375009656,0.28442937289525183,0
1.2537026049386886,0.06459736803482086,1
-0.8430010712527025,0.473627724519976,0
1.6775686356291768,-0.08904670529747483,1
0.13020291726545707,0.7277965911164332,0
1.5973829723841473,-0.52796819974777,1
-1.286557597075174,1.1765181101822146,0
1.3748612695614626,-0.631292592224689,1
0.694906888958373,0.7862233088353635,0
-0.10879582863908215,0.7991588407002715,1
0.5476104775480385,1.1450532541684493,0
1.9101691000636274,0.04223307360134637,1
-0.6909366469682425,-0.07956939063835172,0
1.7647780083724696,-0.46442545298652527,1
-0.8928805923495768,0.47077553765198543,0
2.343796775437489,0.45918188382582936,1
0.30126935265820604,1.1083716166200943,0
1.518557959969701,-0.6044975643216735,1
-0.4910191210407067,1.2424846203120063,0
0.9747920483009238,-0.4229825703299083,1
-1.3120286606132616,0.49581775474441736,0
1.2559707813616074,0.3847656912323345,1
-0.9165758993055686,1.0953999893514637,0
0.5336730286693666,-0.14304499923160457,1
1.6005727257053246,-0.42432272662508796,0
0.6973492197780156,-0.07135057684591467,1
-0.08523204639352622,0.8352080482684026,0
-0.17603508991733183,0.26651658911509685,1
-0.009705459893209104,0.9411103459456587,0
1.60864777458815,-0.35273886356028783,1
-1.0616901891706214,0.3596060665588503,0
0.4399710100575896,-0.7851043523584371,1
-0.22460236461798144,0.27973434403829894,0
0.6958811669734041,-0.30455005765208093,1
-0.9379253103399503,0.5243119500277775,0
1.8545119223764952,0.5410374715057051,1
0.43930797966910906,0.8124318227861901,0
1.0948889602108807,-0.12117276155321294,1
1.0571897919192434,0.38093792322295106,0
-0.27261925372864754,0.1879831380065964,1
-0.7073869023133204,0.9418000808812932,0
1.4209046078624656,-0.688290507921999,1
-0.8945341662869603,0.7848700153332708,0
0.345822032574057,0.0975925331130561,1
-0.22167611726953398,0.8029963103568988,0
1.386226333934615,-0.2785662473135928,1
0.4483338855794327,0.6673062904080138,0
1.3548317291812861,-0.383844564942021,1
-0.32252905384824154,0.931070411944166,0
-0.02653333482848394,0.14973295143732576,1
-1.247373717560957,0.5992308986103064,0
0.9567260308872498,-0.21053332203316397,1
0.6364627783570385,0.5089321109826757,0
-0.07189501883502968,-0.02028696148755521,1
0.7312042910064452,1.2236140664666046,0
1.9610005169297857,-0.4782386785523235,1
1.1139971273562308,0.8011245652934511,0
1.7138225926229533,-0.5185384266578126,1
-0.33594899563250247,0.4315711354287043,0
2.056288291626885,0.19331143788271007,1
-0.9336902700182005,1.216783593695241,0
1.467820711296819,-0.2989697758985318,1
1.009239919643322,0.9253409909351569,0
-0.030647559034323993,-0.07158780609692789,1
-0.28054680711708,0.7444613532662862,0
0.035089389748133144,0.6998569017163372,1
0.6264651631051255,0.7702280977463762,0
0.7276805073360101,0.08297374304587046,1
0.9605268114871288,1.0656276807891862,0
0.3049399508418089,0.30792436433459425,1
-0.09220170206552802,1.2211771561465556,0
0.33818211906358875,0.13049307141067726,1
-0.8024046514967305,0.8801330861394918,0
1.3143930792316296,-0.4115985395214623,1
0.4508446749129078,0.6024596968708973,0
1.5514167828045649,-0.010708116543968582,1
-0.16286087473767075,0.6255662236837518,0
2.019396952824217,0.17154140264704063,1
0.34855160842378063,-0.19812344446984476,0
1.4036482149502052,-0.015570465246798781,1
0.35131105583401007,0.15730024278224491,0
1.3772896020367593,-0.6394170343960366,1
0.6447742105039446,0.5289205938521805,0
1.6786206217655142,-0.6821047479473545,1
-0.8343667008494371,0.2955848869036092,0
1.055473319290352,-0.6817431954697459,1
0.6613194182703241,0.4121716530967688,0
1.345230692616305,-0.5000584315163861,1
0.020608981921721142,1.168988316206103,0
-0.08724388150171691,-0.19237602173643828,1
0.1540209929622226,0.5277598132971361,0
0.18966559425411403,0.20546221885489055,1
0.8337740988502383,0.2065322440571929,0
0.2185662533029132,0.5847685323016016,1
0.4880262045599265,0.7224022754308866,0
-0.12248433076458348,-0.062126756087458324,1
0.9597037123191344,0.5991581086406863,0
0.4860828149430161,-0.7271151092545469,1
0.13685129355974576,0.9008379353821152,0
-0.5229219778162751,0.04404252140839743,1
0.7781687545581665,1.4495694108214807,0
2.52542702796609,-0.2715853126824375,1
0.830529618413903,0.66976778044546,0
0.13177594278484045,-0.4575478286486495,1
0.957743751975387,0.015956661436758723,0
1.1540384041749003,-0.764741092110355,1
0.8654698959529543,0.06868626524184207,0
0.25740437227829677,0.4173881549677431,1
0.22677963463303005,0.7593491713240568,0
-1.0293049535818675,0.19293095039551628,1
0.1649741547205913,1.0376407196441937,0
0.6808381096368556,-0.7902797813742832,1
-0.3655939606025099,1.2697607046693489,0
0.0824600634168488,-0.5552005855629556,1
0.3608562877438089,0.5582826157182128,0
0.1156895906561312,0.11794676223810178,1
-0.8950913783089601,0.5914607949553946,0
1.6635107172926757,-0.3186279890826472,1
0.17507450312979578,0.6761761618179523,0
1.6937269527365464,0.3977251549565589,1
0.7966559477295008,0.2353233250659198,0
2.3688082030752584,0.8149631616123053,1
-1.0710085258425281,0.7647348888657872,0
1.3537500336209312,-0.61149813041665,1
-1.1083259556802938,0.24848550019587382,0
0.8232956860340012,-0.4238019562244596,1
-0.7265595677156441,0.42833172570218797,0
0.42772437239199834,-0.10067929049514308,1
0.12609026319373026,0.8187513161345629,0
1.197876070108448,-0.3089532694273528,1
0.9435415569993073,0.6459905256163475,0
1.9345679810392036,0.1114966392844789,1
-0.45261486367618803,0.6864061773501867,0
0.2946863151358041,-0.16851442744242634,1
-0.6909937043967106,0.40852010866684346,0
1.6083540548322877,0.09721166238027196,1
-0.424759410924122,1.1499927202481692,0
0.45110098436973606,-0.3711987976826067,1
0.9131197803499097,0.46677699156721203,0
1.345328617083141,-0.41552700241247376,1
-0.39601041013832505,0.3494473037011596,0
0.22904207744745755,0.14988381581409982,1
0.34460372463166733,0.8088849984106818,0
0.477950840810394,-0.31344299450544877,1
0.21947099111209006,1.1874483334444097,0
1.3903296396720268,-0.2744502572755185,1
1.2995384154760927,-0.160158453103453,0
0.6029254390492675,-0.010624855369709224,1
0.0960450789339018,0.8034148548776144,0
1.8724769092324676,0.18218410489922307,1
-0.2605068327810625,0.8330141529790642,0
1.5162472730333,0.03208714824986664,1
0.9380161751557801,-0.08113086082082634,0
1.0514359322129325,-0.31090262784436806,1
0.7501051110823128,1.1305052825303998,0
2.1633432458570026,-0.16843257028195555,1
0.016980807343577403,1.1837380277822194,0
1.4429792924209708,-0.5343578426781506,1
-0.8719115303728147,0.37926547248638404,0
1.5651454815229866,-0.13385586699595065,1
1.3639609378225623,0.40033358195338004,0
1.490156742019614,-0.01133113127551566,1
-1.2702570013053636,0.05209203127914497,0
1.8653741592926147,0.17857573827046216,1
-0.2775565784126002,0.9700867294999224,0
0.06026537234270168,0.42862578496109477,1
0.4681793281744187,0.9623278959356076,0
0.4717669745589804,0.2941079728273565,1
-0.2581871508045283,1.0540641681284493,0
2.402043754011392,-0.31656597765695693,1
1.1666009236654753,0.8554120502751084,0
1.8274742985311103,0.3705376758688185,1
0.821290525803238,0.4755031353373603,0
0.3734347279641505,0.010079099499275546,1
-0.20609214241775414,0.8393705930805713,0
-0.09042242963010849,0.10365957750008058,1
-0.8649480661627656,0.6361319861516758,0
0.6635027556834686,-0.725387042254811,1
-0.028802023305481206,0.719370681521887,0
1.7179872383058923,-0.5178491180173502,1
-0.556326556062158,0.5852203452673532,0
1.7077755723167107,-0.7460266013950722,1
-0.9984783845170839,0.799495006250668,0
1.9195662530865831,-0.4806441409985535,1
0.9605953467131747,0.3756932748334859,0
0.438789648678477,-0.2960279208911234,1
-0.9594079650936975,0.2851499043820485,0
1.6257839440440387,-0.18332301824387082,1
-1.0066313933148758,0.26905545725213076,0
0.9617807612456859,-0.2154346790664189,1
-0.45940974918343463,0.2350599222360205,0
2.5698739173401073,0.021711118475065128,1
0.6874348585775173,1.0344490796849628,0
-0.332516736193575,-0.07597698828801097,1
-0.26557895554028577,0.9454542530485519,0
2.0444723247932206,-0.44323143863214803,1
0.4452810702187694,0.8347282732793793,0
1.6205843258367576,-0.2995528893238989,1
-0.9739942485514992,0.22705406795121358,0
1.9024878576092168,-0.25786109650089756,1
-1.3967105529011343,0.09955756347894698,0
-0.22451968979309211,-0.08666512067378178,1
0.8399592967322259,0.702888059975871,0
0.235829886136624,-0.23519877099166397,1
0.13338647929004932,0.3455785788296081,0
2.0364324018706017,0.30461046314577483,1
-0.13569119256495218,1.2887249319749199,0
1.8668267056800727,0.7007692642770935,1
-0.20049239510800754,0.5193253939717063,0
1.6500429282596103,-0.2728801515502297,1
-0.46343143713787127,0.5365152971132481,0
1.1194669375511925,-0.4116683839380904,1
0.8544966967585909,0.007363640250995562,0
0.2820654414328621,-1.0590683816780708,1
0.7038133559349011,1.2286636055529252,0
1.1802826833375224,-0.9215919336969345,1
-0.8469022264526896,0.6476399880506515,0
0.5076997176665639,-0.06825529771600394,1
0.6038717253990679,1.1049504994063675,0
0.13335853883925786,-0.7683637314548226,1
-0.08239426725184779,0.31491607628316665,0
1.803131063468009,-0.5761758768963432,1
-0.16769908849214304,0.6256212418837614,0
0.17110330328132684,-0.25214034776639815,1
0.395177157621802,0.8805050652875912,0
1.8152332360117285,0.5830204212643713,1
-1.307342868510951,0.18499813242365243,0
1.6318332293244628,-0.5115207458346792,1
-1.000670207907524,0.22092434616904055,0
1.0542214647669823,-0.730904992744497,1
1.08502857321924,0.05144321917331822,0
0.9984568109040348,-0.44277338419197615,1
0.9906259634089963,0.678119921377051,0
0.9137161256830898,0.3817698023971964,1
1.0734035288936288,0.9134052740699596,0
2.229836303052538,0.17834066308826857,1
-0.4416729229392637,0.9044068021747766,0
2.1120859261875493,-0.4300768146637718,1
-0.26938632208800783,1.3234416659117767,0
0.8722348085630806,-0.20495041388316812,1
-1.306534357503315,0.5257100953980196,0
2.1090624613759155,0.056990788726577035,1
1.171495500506595,0.7378943465603499,0
1.1547995187154636,0.019971572921804043,1
-0.2919394708150851,0.8698840265498154,0
1.9204337071179063,-0.34164857035636387,1
0.8910327343587394,0.46834192132973845,0
0.4214649545970822,-0.3948864531209895,1
0.2259455182992094,1.3363669321479845,0
1.3220232692233473,-0.49450082299778314,1
0.7976422904421504,1.1063096763128102,0
1.2405168480168454,-0.8414855702081141,1
1.1360812433766112,0.44988398136086716,0
1.4283400677067253,0.3157429370641681,1
0.011198723553807119,0.4832708269159285,0
0.37634452372291827,-0.2626734858459922,1
-0.4399349856078384,0.7477588248085214,0
0.9626075378004413,-0.6363765705796209,1
-0.4047268420916263,1.4024182607250817,0
0.5932655162336958,-0.5628982444713051,1
0.6146186123369507,0.9883572258178627,0
1.581474347477782,-0.3070277395014304,1
-0.7082935516401885,0.3909271797781857,0
2.002384315207235,0.5803954400292932,1
0.11049565596167335,0.8740051153646391,0
1.2508280987221672,-0.2012211140423146,1
0.9902947242927339,0.7259755359775986,0
2.086927661794896,0.36042793697263836,1
0.6599691170668214,0.5657076276015646,0
-0.07735563460015223,1.026198877198463,1
0.5534901901850048,0.5226462520991195,0
0.9294215058815468,-0.4652945515547757,1
-0.9249321868105672,0.4799401077242011,0
0.811832541141469,-0.08687383551907285,1
-0.887375402033671,0.536545714615704,0
1.8568439447369023,-0.24418137526538192,1
-0.6980575169285725,0.8370571116171095,0
1.18971198808251,-0.482003134394954,1
1.0411018497856321,0.011905340333434614,0
-0.2762366508363683,-0.285563191723489,1
0.7691713001222699,0.46997480668836367,0
2.04079676889699,0.3516527333640585,1
1.4183028406977753,0.07898833014629983,0
1.2595316212121992,-0.5334345919018455,1
-0.7701581906487001,0.3232567849983523,0
0.3859934226894038,-0.3026191059882359,1
-0.36346229071878444,1.0315444458487864,0
1.3108484792225124,-0.19291184174028456,1
-0.773015197457933,0.7984471763532159,0
1.8606231194604925,-0.09762693518872909,1
1.3168179102425102,0.773418216446767,0
1.5646223867013835,0.24618851143420253,1
-0.7942293426714471,0.9804756148029966,0
1.4491642969810954,-0.41190496856071684,1
1.2414683844780732,0.24459040361771778,0
-0.06685144131859244,-0.6304503910057042,1
-0.6599357967991222,0.052535332775962534,0
0.611480886017534,-0.7417481712526375,1
-0.4387732125983558,1.3343287634859449,0
-0.005666301598106799,0.24997185332832916,1
0.48970058876200123,0.940269295513527,0
2.1718623247425306,0.07708881980295444,1
0.8552812916985635,0.1702674902549874,0
1.742915876540534,-0.3600647505593593,1
0.1610398482328469,1.2984554645990285,0
-0.07074248900131144,-0.03809637151150008,1
-0.04175767557360979,0.48137956753051847,0
0.06286045987105521,0.7847305485897278,1
-1.0367882678444003,0.29042653265777957,0
-0.09811484604858245,0.447240131759429,1
-0.559493008052828,1.2113703272334162,0
1.233811181400683,-0.47316163655699484,1
-0.15776311175092778,1.0649808189235372,0
0.8983873818553352,-1.0516267733327225,1
1.1043256300456061,0.4369471259122929,0
1.027164544944768,-0.638755395663926,1
-0.30777125261074445,1.048892296204906,0
0.14587489532812078,0.6058306197021548,1
-1.850638554738536,0.5732373595742705,0
1.7532055753350848,-0.02575605562744865,1
0.6813974068608454,0.5438566481251706,0
1.8592534022126017,-0.16629255144787441,1
0.9927279875287762,0.4819680835474127,0
1.2853553148799755,-0.7711544825952228,1
1.1850848188520366,0.5765231135834007,0
0.1392490224839888,-0.3819504730907133,1
-0.5114514580449632,0.2237132963909073,0
0.6069843579601999,-0.24857735773571593,1
-0.6454130901497016,1.3288915030432087,0
0.2141102510253942,0.02312230503535026,1
-0.05588191176567797,0.5022309614971809,0
0.1141501367378276,0.3067017417676923,1
-0.572870062258787,0.8146480790332193,0
0.6554634071711176,-0.7383178050226544,1
1.0934803880666437,-0.10416961381207884,0
1.9839444078551285,-0.6372132447677188,1
0.3518189223738383,0.7937403391734301,0
1.5528539205765486,-0.7460043954798721,1
-0.08919094953743109,1.0578017219780724,0
0.12169029353565329,0.9617572941655087,1
-0.832360330579927,0.9967751216533838,0
1.764097249026706,0.2808786429825162,1
-1.1275287806960128,0.16783611503290335,0
0.2667516564522815,-0.415607982581588,1
0.9648950669952259,0.1947693564185049,0
0.11592956626688064,-0.5731884347374657,1
1.172503237084475,1.0534730960498364,0
-0.015639444932584873,0.1138661785555843,1
-0.03842599949980943,1.0089922066683301,0
0.8381208974423398,-0.552970837939014,1
0.7686132952728902,0.9745745964739669,0
2.1175532811219817,-0.2832656799044783,1
-0.20286564233101007,1.1278828252072468,0
0.25776513503626675,0.6351457041815949,1
-0.2535617125956847,0.7749524971274957,0
2.102022906034934,0.27379516080456573,1
0.9266787000087144,0.9109826806346624,0
1.677910598619128,-0.27182832223000447,1
0.21635883333706907,1.465272904128264,0
0.6896375159517413,-0.7153561713069363,1
0.5504939755625181,0.5471717429311114,0
0.2046402811215387,0.44277107103953517,1
-0.41383114254301445,0.6530052432571916,0
1.4774267795884952,-0.01271485253664667,1
-0.2585053140293103,0.8970916033192703,0
1.4379161027520686,0.9442611145291733,1
-0.41595673438957653,0.6325822105104064,0
0.3640802043835341,-0.4478199429352414,1
-0.06015764679891744,0.6102889393858886,0
1.5448625266713976,-0.5494724219688744,1
0.5528775055333109,0.41796980278878676,0
0.8558604229030264,0.12279327856509858,1
1.1903799034611775,-0.266124357181575,0
1.0393862833046286,-0.664139130738195,1
-0.6806977096903659,1.0873746601827163,0
0.34371091489892736,0.5035726359336891,1
-0.475962948401518,-0.08073136832018368,0
0.19026387748276896,0.013145667853800991,1
-0.9480377084832645,0.5617709626946641,0
1.405769383420446,0.11536605763116015,1
0.14645720805974288,1.4904447999521704,0
1.6073792581320685,-0.2227869287718596,1
-0.7378039346254057,-0.034100900276101465,0
0.36297493416523213,-0.4076271906325072,1
0.46144972989380073,1.0150806913245858,0
1.9891613623218651,0.3525597945034278,1
0.4622114745836579,0.16304883595666375,0
1.8474619024553558,0.24229492282760245,1
0.6953021283294984,0.8273918451140193,0
1.7642520237632409,0.15479004239998517,1
0.5582619189654128,0.561087443481594,0
-0.07161966226031158,-0.7438467318320605,1
0.38064041767432316,0.5557502175048337,0
-0.05372204819456336,0.5758359089895544,1
-0.3426294117169639,0.4844841905914459,0
0.463565654392308,-0.5714430835637646,1
0.557713649953111,0.7054781188160125,0
1.6966850055488805,-0.05990127989495994,1
-0.472002224101185,1.1304441910888978,0
0.2511771007236859,-0.27761246943509876,1
0.46414649416605036,0.490237405252914,0
2.3745215868616847,0.20928469610348144,1
-0.026583060721056692,1.027464194617132,0
1.8067898193215863,-0.29309290967607465,1
-0.7673559964700638,0.5854488981241749,0
0.8199985823055813,-0.3545972035124195,1
-0.8840856156964906,0.8771737002239479,0
0.38707209895652545,-0.670218591774358,1
-0.9498855430321815,0.47546232673639754,0
0.27510906160671883,0.5171803588695529,1
1.2111281100048137,0.7915860089174422,0
-0.04659714595888814,0.40100615004740536,1
-0.1782030302120381,0.6606998388265135,0
0.9804566003368806,-0.12484741748200323,1
-1.0136949820979364,-0.293228057014797,0
-0.6678757649201745,-0.363178128910702,1
1.359349261536515,-0.04234982096731116,0
2.4074540473489967,-0.05909221109062679,1
0.39083107967485387,0.7314266583051763,0
1.21056221445814,0.07256429678967824,1
-0.414100048976237,0.9001171413569532,0
1.7988838878069084,0.43967797371952094,1
1.0919438123020972,-0.1782058445409072,0
0.5568121289885758,-0.8598085763323748,1
0.785344521951195,0.741579293536686,0
2.110762728384533,-0.594862644174478,1
0.7040389654226209,0.11024311936312559,0
1.756139640521193,0.5298544123668985,1
0.3950974854430797,0.9866811595222925,0
2.0660549241798725,-0.456864222487663,1
1.1046979198821436,0.6026016204827077,0
2.02755391468279,-0.35084312726240835,1
0.9909106004032264,0.8758006052100531,0
0.2806289586507798,-0.16554951768538492,1
0.48898121259332006,0.5257313061429605,0
-0.027073925301525442,-0.10034420346227282,1
-0.0908426532275669,0.865021784319516,0
0.9320898154546209,-0.17435364422637262,1
-0.7666089528847492,0.8726144706633757,0
1.7214637974109117,-0.10317223641027107,1
-0.8929385313295478,0.45045109955653617,0
1.4536947209744113,-0.5374382547441832,1
0.33097611785192793,0.7811989859396256,0
0.30896538569513593,0.7045312885496562,1
-0.7580865354422573,1.1681476344259079,0
0.6277591291526299,-0.48018788030097875,1
-0.4998947667190586,0.8504615014792772,0
0.5804136206776405,-0.7534061086461092,1
-0.17925328738406524,1.0661687050459339,0
0.5570145807989225,-0.5547820372968693,1
0.65943558614568,1.243243289672244,0
1.7600724049676704,0.3614741475968801,1
0.6451970428011644,0.48326880734295147,0
0.8325725843432923,-0.7107960179890173,1
-0.5206872963598848,0.34920720463938315,0
0.994687805310705,-0.4306606187603804,1
0.3727343529228801,0.5586804651336286,0
1.093587140151979,-1.1512013505195053,1
0.9886491249707083,0.598145203755359,0
2.2239089958346527,0.14663852918611694,1
-1.1097713076487188,0.6455083234860045,0
1.3740216103965586,-1.1801831920952146,1
-1.213548250371632,0.048575222293546494,0
0.30392993139216423,0.23857638474198362,1
0.9158303887011838,-0.08107086140569347,0
0.6937900073601577,-0.7035623912521529,1
-0.15427735424309855,1.057602896032919,0
1.3149087449437311,-0.37597472103582,1
-0.8186799924026141,0.797427095434055,0
1.755065670608986,-0.5714519352841467,1
-0.29315242848413,1.2189637111463116,0
1.7331418285467968,0.4883400658645078,1
-0.507163120096381,1.279586182829205,0
1.9213605254156019,-0.2180354678041323,1
0.04407736358985265,0.87351634375941,0
1.0165716349233043,-0.28156631064259086,1
-0.9696544355929844,-0.07423670665266943,0
1.1468324220109725,-0.5782072974345396,1
0.7290202096339354,0.5827387247900426,0
1.130893645182892,-0.2939329290366468,1
-0.5148956635765234,0.5620717696630613,0
1.937243328008749,0.23595246564319639,1
0.013131320249590295,0.9398663976549151,0
0.6757279224946067,-0.13929086032208107,1
-0.48465818143365247,0.8771082359448603,0
0.5849168352666496,-0.640227721707626,1
0.31260734719411953,1.2474301010208189,0
1.1984308835510848,-0.019723260680965582,1
-0.8537625664831272,0.17944205358195897,0
0.6917622088609561,-0.7377607139527855,1
-0.24612528521916974,1.2972543970859858,0
1.9977449234811775,-0.4002709543194014,1
0.23920767232689308,1.125475965540664,0
-0.39662356154594725,0.18069246234336006,1
-1.136474853719105,0.643540705849615,0
1.1274892249978568,-0.7477818379917321,1
0.2127963615575899,1.1050716942526126,0
0.23890236565226575,-0.09507398898527367,1
-0.2227163850995074,0.8732197824422879,0
0.8647833653755934,-0.5169602667610094,1
-0.35174163840594025,0.47067849112768956,0
0.09792119626522376,0.25457028786516867,1
0.20771945335554828,0.49519148941310487,0
0.39197903302097936,-0.178681011790301,1
0.4408348133899013,0.79939750759251,0
1.9718410132640918,0.7484271379642808,1
-0.6801222248854998,1.3740546905642135,0
1.1450438901965163,-0.045537375315037654,1
0.830432384742868,0.5845239599361359,0
1.7331055653642577,-0.006369914803031278,1
0.6394940778483647,0.7688814700314782,0
1.1349214934922598,0.6881083067532638,1
1.2179652430132935,0.5536298090231988,0
2.1587192185189816,-0.06199497808230309,1
0.9287583840100622,0.1444851955272763,0
1.3727503806933679,-0.22515815768999176,1
0.041693319003217155,1.3411088602293728,0
2.1031535892988993,0.5674505865460641,1
-0.8368457527559541,0.4444764494423368,0
1.5111516683758737,0.230750881462373,1
0.6437873800677412,0.14154298278888264,0
0.7305703206696845,-0.20575371322463784,1
-0.06687891174622147,1.175327167404302,0
-0.22243954304933972,-0.4660944215286939,1
-0.9789328631370153,0.6782280063218961,0
1.6164828479179365,0.237461998087803,1
-0.5081016070180726,-0.04216979646917321,0
0.30063012999536903,-0.3071617477168478,1
-1.0424473292910734,0.42386681539896087,0
0.237764131466625,-0.4997585857955515,1
-0.5311588982399068,0.22758400272977874,0
1.7532583293588497,-0.3004160171099553,1
-0.5631728695822255,0.3867373364546748,0
2.2604696330878467,0.3793200071500824,1
1.0835839424250413,0.9179797278635652,0
0.4296866648357559,-0.09182262222480017,1
0.6355159220786918,1.5190611612359866,0
2.094793979457676,0.723714731299558,1
0.055237275731713664,0.9169755359335006,0
0.5479807735171228,-0.7809966440428372,1
0.42566757788192233,0.46677538643677785,0
1.7398856851741922,-0.20557205800618494,1
-0.7983614764100004,0.6480145816991196,0
1.0521524858395666,-0.5749769433471063,1
-0.745755712246337,0.7153215995629388,0
0.42267902532136276,0.7484586812259102,1
-0.6063954281143182,0.9079464441670974,0
1.5196150958135874,-0.24699963043732764,1
0.41662011570211804,1.2017522769725497,0
1.7839308616114709,-0.6349326161418688,1
-0.48008777246668166,1.3402348072819006,0
1.406063669532223,-0.327153096239003,1
0.5322122662477462,1.3679325477605884,0
1.857832914297312,0.44369192337348323,1
0.6977268543228646,0.9951985357361799,0
1.9248095277631372,-0.5095234000919215,1
-1.0998540307789628,0.293478962467769,0
0.30047104598806174,0.12532870743749566,1
-0.12641189103776163,0.7568654374707355,0
1.1780290984777584,-0.4437175419201673,1
-0.23629659917715204,1.0787166914896837,0
1.3308172101908569,-0.4239614843187583,1
-1.1335661480134143,-0.18741578871713718,0
1.9232837274901975,-0.06728116749011864,1
-1.0202577599047227,0.06806569112146088,0
0.6341612524223036,-0.5039811837388848,1
0.6955762465948645,0.7219456336656956,0
1.0397070896464904,-0.206929536179441,1
-0.04259010862469781,0.7089283460851832,0
1.0647750824811695,0.03977620202566423,1
0.18895148349519728,0.9880666259659895,0
0.2385694730676056,0.22325857772742147,1
-1.0267900101802983,0.5285465514483655,0
1.0324907431560901,-0.298033814130096,1
-0.49446524082022225,1.4350669319182856,0
1.360671220481295,-0.138888262897015,1
-0.6032299665648874,0.618467344539575,0
1.4802043433863667,-0.4957518361850983,1
1.1556033361276938,0.504411321846455,0
0.35081657013497114,-0.41839918299310214,1
-0.2893340343169258,0.8352768620117841,0
0.9552791841172287,0.06705875379542436,1
-0.809411865922945,0.2914679566620177,0
0.8768017457804707,-0.4633920973223244,1
0.7636406875424012,0.4747650405025212,0
2.323876720815224,0.6455863493462823,1
-0.1604626276225902,0.799449407327724,0
1.563907896893725,-0.37967701677162613,1
-0.939693248093506,0.40145138551316273,0
0.16181507959361607,-0.5275446660418301,1
-0.3936587384887873,1.4912786183487972,0
1.4217178496376155,-0.5123988359637557,1
-0.6386774232705444,-0.08703753394238545,0
2.0492537924734933,-0.028454842733045826,1
0.4310061158146813,1.2253030429781337,0
1.6359474916154921,0.04080400409677908,1
0.9732534179264876,0.6068431081027426,0
1.0380631248732834,-0.5998864288586336,1
0.22232789015377014,0.7245831804208485,0
1.4709565187129054,0.140837696997976,1
0.07109613573843038,1.0491754131752613,0
1.3284750893698936,-0.387712566834841,1
-0.552183619476827,0.19855248834998837,0
1.3223016842422546,-0.5949583628708757,1
0.6258540076657886,1.1214195958750355,0
0.7784921164648764,-0.6745480121866778,1
-0.2798287804360363,0.8566586090539502,0
0.3986481630825141,-0.016085832762267327,1
-0.6506511705147017,0.7254454553375373,0
0.06521042314471678,-0.0015628426321878178,1
0.8598504466947399,0.3496611556522279,0
0.20821178576230848,0.10785266736114893,1
1.0202764763352878,0.15161975786052678,0
2.0196011814378596,-0.16243686383699818,1
-1.2473957959768913,0.25003420657322695,0
0.20719962052412733,-0.31138994965241035,1
-0.7795850223872617,0.4519848193153694,0
0.9737892113094178,-0.47543611007047626,1
0.8690113309837736,1.049779909823361,0
2.3058919003429104,0.7578612019394668,1
-1.3333642139428443,0.33195119772292236,0
0.4724601190481698,-0.13569023082856552,1
0.23991126158159629,1.008105270120315,0
0.3466728054569994,0.2068249058720519,1
0.04948463052603248,0.7097177107028672,0
0.41714779948062036,0.1954120316613317,1
-0.7126052133826836,0.2892463208402637,0
1.960458889864039,-0.16281494604710256,1
0.38501730782245436,0.8627846760850703,0
1.7034123581641123,-0.3939224351636024,1
-0.016198497124611744,0.9498566027077935,0
1.5283293480889582,-0.02051509932649137,1
-1.1059731375259727,0.837485612012157,0
0.0907397714124073,0.22222514133845545,1
-0.8616038467672406,1.1158625173351442,0
0.917049127816275,0.05862216382992296,1
-1.1273456717439474,0.7686240934189956,0
1.3985194788748907,-0.31499380365960317,1
0.4992081113943102,0.85790377708231,0
1.006597260475133,-0.7015473528483426,1
-1.2955246118671986,-0.27123724388462794,0
1.7012102594846974,-0.7092435788083822,1
1.0139833453365763,0.3702140355996024,0
1.3752307699085986,0.10094103852559305,1
0.4591051559991667,1.047527302022961,0
0.11974037063186704,-0.2730000733507758,1
0.7458642401914752,-0.05061680848520543,0
0.5072779656187412,-0.047909832980900346,1
0.2389601516424614,1.2806338747916137,0
2.1006217119293864,0.49945482331790503,1
-0.6067072578251093,0.09085483852544685,0
0.3169177913756839,0.19378386501518838,1
0.028839554568702797,0.3866537608775607,0
2.163934613673789,-0.06750541308211795,1
0.1640291393460198,0.9695950226765073,0
0.6045187146029698,0.36606689331657816,1
-0.4515211423946693,0.7305889089024629,0
2.4601335010345697,0.1254224018076857,1
0.8276199172877787,1.0054129748075853,0
1.36976462533583,-0.30737524168932523,1
-0.406679435827913,0.6523121679453731,0
1.6937804458694283,-0.36387792146305514,1
-0.5602532592475844,0.7927320636934767,0
0.2417724455517028,-0.281733424178656,1
0.3781868855974474,0.6609722347263857,0
1.6091690053492105,-0.35889653154266454,1
-0.7309931252372142,1.046901321993821,0
0.18502763332038788,0.3694977350505605,1
-0.7798573722023356,0.6486187567371792,0
2.1399274613312316,0.4038244458727498,1
-0.7332876083657713,0.8013307539903715,0
1.057934667948556,0.11103251275901549,1
0.40311678986731664,1.1677350655720422,0
0.7837638881178624,-0.8796898629474638,1
0.4035674557028912,0.6190515954934018,0
-0.0389189883254292,-0.4139152701815124,1
-0.6948346562572139,0.8566888166989183,0
1.8665288523944805,-0.9607540795179299,1
0.9134469071340902,0.8914910925603667,0
-0.10214259115796898,-0.56827340508671,1
0.28853220742826485,1.1813868201272473,0
0.4347668927167046,0.37012159014505147,1
1.019244880796777,0.46274496431185846,0
0.6823953779330115,-0.6584352276458232,1
-0.7580026877041425,1.336654003392601,0
0.6721890154577483,-0.4391343180496271,1
-0.26745448100255587,0.8221540257273531,0
1.541019922258604,0.3706797072813379,1
-1.1204633087985196,0.28646481642385097,0
1.3540954530754843,-0.3487813273366178,1
-0.9156041929003047,0.1936646349223955,0
0.020400499482087803,0.30039279109369704,1
-0.62181745121024,1.0754268998601697,0
0.6556880204651565,-0.16312447096881927,1
0.07646143349602808,1.025732648067955,0
1.2057788314023337,-0.058444454820371416,1
0.7267119620758216,0.5320696949899376,0
1.935603949089264,-0.26129047631833335,1
0.20316728796628547,0.9911614063986081,0
-0.2518220121200726,-0.3703007415357434,1
-0.767744244649077,-0.019694837789374142,0
0.5326600423822526,-0.11082412248416401,1
0.34509895144554664,1.0697462846298433,0
1.6087149371072649,-0.381080030328841,1
-0.11449000436753184,0.7548705284052822,0
1.2965082362232794,-0.686917919012565,1
0.6155090930900176,0.8349985901920164,0
1.66923148191526,-0.9642444654895125,1
-0.9055933509566743,0.2700379690184136,0
1.872859197751645,0.22144888762702913,1
-1.0875905167805022,0.3530823245666671,0
1.8522223500844424,-0.33498859229305017,1
0.4645532577960709,0.9974189099629827,0
1.2589086511093126,-0.784322032295953,1
0.5436444213447973,1.5147335543175875,0
0.47741689943391835,0.3102512436114764,1
-0.622389922321632,1.0495942445650714,0
2.214343501582471,-0.2979540853098258,1
0.07003086130397959,1.3342179319009713,0
2.28906259051662,-0.24354812676987025,1
-0.5500672136139968,0.3369057706240756,0
1.2247540981612204,-0.5739945477723993,1
1.0110695819358724,0.6383781785174936,0
0.09213852338758387,0.7409063123603992,1
0.7161789508309175,0.6278706457754469,0
1.394615122516764,-0.3246466030071947,1
-0.5934002635946378,0.5322739573700919,0
0.10626407338808291,0.5182312085919363,1
-1.2338056833686721,0.4741409056135906,0
1.482801248742358,0.769296472367341,1
-0.5050501122943326,0.590026222187799,0
-0.1196419154858053,0.4029184366215462,1
-0.9969798080236881,0.9360365387217859,0
-0.2893305829343597,0.052288091202792306,1
-1.2529203729682463,0.529341469117521,0
1.0402946598330756,-0.8806812902780397,1
-0.6282374834683006,0.7174212413197889,0
1.272657536009567,-0.2814096734870092,1
-1.21765146815554,-0.010606740371733009,0
0.14131539594325782,0.5526600753613261,1
0.9214207774625518,0.9624070048838711,0
0.818540725182818,-0.6586252919044348,1
-0.7110380805921235,0.7833768630254314,0
1.080954308702108,-0.13524935955790604,1
-1.0248275120513712,0.269985690068064,0
1.3460793008637968,-0.0024967096690005075,1
-0.6257957926827731,0.011993729624496435,0
2.0978450295573183,-0.25612190528598544,1
-1.1365953672556082,0.2502195248385431,0
0.9886231279126785,-0.26661263937785146,1
-0.024973401169005732,0.9864489630130785,0
-0.35814819999755315,0.3738483081151958,1
-0.9726427981721106,-0.22667719021655675,0
1.2635189549036814,-0.26267065820933444,1
1.1654109321135024,0.2278274090346383,0
1.8884021985653578,-0.16459857396793573,1
0.2214560433549173,0.992474623310099,0
0.7210618401614821,-0.760253095230621,1
-0.4898021836163334,0.550176534717673,0
1.8186386641006627,-0.30975783732097856,1
-0.8555719197105099,-0.20029850366743546,0
1.173016056609517,-0.3588551993127338,1
-0.8145412953203903,0.6835083377443963,0
0.8609308041484636,-0.24850705273228835,1
1.2229206056354016,0.41605326597815984,0
2.1370218068564797,0.20806098782550572,1
0.7467528170867933,0.7302662441934656,0
0.880164078170828,-0.3287677588371837,1
0.8953626561036292,0.5252658078776378,0
1.4797068663401363,0.37705199052572236,1
-0.3027476488182647,0.912920792690342,0
0.9843423236784199,-0.36721134323324384,1
0.6781012065051654,0.4724630622126973,0
1.7102144836344948,0.24012646504634913,1
-0.21812421957387168,1.1625592496625838,0
0.33528335785121893,0.44252527060289804,1
0.9800543487145639,0.5662178037275135,0
2.3548311013345775,-0.29432354095387553,1
0.8874952362449058,0.7666125302621954,0
0.18419462681104806,0.7077702102545498,1
0.2495134173216476,0.9694943048801099,0
0.033282840254739154,-0.3763091355590445,1
0.7771107621966672,0.6211762850199049,0
2.1657415094037202,0.6196068630429056,1
0.21489501342912898,0.3643417851142843,0
0.23958223427390496,-0.32367013009733553,1
0.8792495211774045,0.8459442863168987,0
-0.10942599256186403,-0.1105891165813671,1
-0.27338502883482935,0.8616477023522868,0
1.7750048932511602,0.2786223798192079,1
0.8295646531411446,0.3806961825016184,0
0.09333772863073136,-0.3796939931255991,1
-0.004780588166035733,0.5439840624616591,0
0.29188024558243597,-0.3424909010280359,1
0.5450680270865442,1.436393234742223,0
0.27172665474929125,-0.09404849243319044,1
-0.921817034193428,-0.0794383530358237,0
1.9268414128689677,-0.6462019199907533,1
-0.5227363796676563,0.6035567470705577,0
2.154320163411442,-0.40379640993142174,1
0.8248375685046598,1.216623203016594,0
0.8092722523817844,-0.6272524344794179,1
-0.8995478963938942,-0.39191411365709483,0
0.7417873156953025,-0.16812738839253147,1
-0.41759485763712323,0.43290553495187767,0
1.0173014884108018,-0.7345062851848261,1
0.9109731763330171,0.5220624915978463,0
1.0045755534622511,-0.14535471465066818,1
0.26005759720761834,0.5472346797088119,0
0.21442142002204045,-0.5721655416919987,1
1.1279182622011992,0.8596201124161729,0
0.16871252738895864,-0.24351599723514852,1
-0.6099349620742464,0.37317448633009126,0
0.19461009907491003,0.7848351571798327,1
0.38461284071721585,0.9089252754226358,0
1.7640720227983895,0.22618062588457144,1
0.7294641935179428,0.27255228389313774,0
1.749847891176009,-0.04405173637006801,1
1.069667664553635,0.47262082409223216,0
1.3753137646280633,-0.31123175952290694,1
-1.0289976293258267,0.5830760203372124,0
1.8375122218354893,-0.28346825023344024,1
-0.537423215894224,0.9255599450488652,0
1.471389985278101,-0.3654327179003058,1
0.5482262632788815,-0.3008839638450911,0
1.176776721517532,-0.31919797404969247,1
0.3913945277695395,1.5109027113457838,0
0.6827017292700047,0.0387791224394759,1
0.8539760249497783,0.8785613128238707,0
1.407453081936555,0.5887647575528272,1
1.560629993218013,-0.5769993197236832,0
0.4377413400968,0.3301753718751227,1
0.9034818928814857,0.4830306736635324,0
1.565336007697294,-0.48993282236200975,1
-0.903822589237768,0.12066256152287771,0
2.289945691711405,0.20338075725146923,1
0.5122550200844947,0.4168773356087028,0
0.0803824159265744,0.6756395423457878,1
-0.32205757288455994,0.3343018911203648,0
0.7741820587518807,-0.3612182205378694,1
-1.2117175514714345,0.5759842190760737,0
0.08207584501444118,-0.2064609672053455,1
-0.9249865988929453,0.8383901071855996,0
2.0341549261674308,0.515213249277463,1
-0.6983100577079906,-0.08077531151750665,0
1.2760776598146955,-1.1090911204125016,1
-0.8203200319838602,0.7371866132450977,0
1.0773196290884683,-0.3752297400434691,1
0.40363916927265564,0.5453307890406127,0
1.46333944660399,0.2646215828777908,1
0.9517295199043222,0.5868304852825919,0
0.4121864538893976,-0.47870832275845226,1
-0.30002011187794786,0.5789397708869719,0
0.489593558144267,-0.27592137236458075,1
0.9754135899289658,-0.03854538957302969,0
0.5577314353162728,-0.3593352507935617,1
-0.09930818348786885,1.3052988604258622,0
0.12778571292647156,-0.15229224371206018,1
-0.45107733572710124,0.5782453701991355,0
2.1180821978857134,0.19802805255537675,1
0.7735745154588198,1.378137562609823,0
1.195467283651427,-0.08241353688147113,1
0.15042363840909176,1.0728720636713052,0
0.4803735002321316,-0.5671449024668159,1
0.10738100267285017,1.2419645099157564,0
0.3087826625555786,-0.5807650915802223,1
0.7711338303265195,0.8833495232554746,0
1.1207813555917328,-0.6499324480956993,1
-0.7721634397695593,0.7852142021063339,0
2.2173048964389026,0.08106933628684608,1
0.7395635979468946,0.4618630719049824,0
2.032025001074228,-0.23046463001703368,1
0.8083512597458246,0.5882544849067675,0
0.03977027536108796,-0.10493326897370633,1
0.9558942631721676,0.9687818188332629,0
0.681367261845069,-1.1155359406624135,1
-0.30787872669025973,0.9192667086620234,0
0.45192481792871914,-0.4876854945210193,1
0.29343269087298673,0.3767325930137363,0
-0.41898225180292736,-0.06776343889880837,1
0.05841222857389222,0.8111395023623462,0
-0.06884004528826349,-0.40291514409915785,1
-0.30808621237337,0.7755136538283842,0
2.159391256373125,-0.4148145401670143,1
-0.8549811605858139,0.08455547115115361,0
1.8398313624818836,0.036083876256818,1
0.942630367489087,0.5766710731096336,0
1.493569447950732,-0.28336050446737204,1
-0.9702014162499208,0.8408582416053805,0
2.4262301996865663,-0.013382960039090619,1
0.3915473536099735,0.710845852030201,0
1.6516735812198076,-0.4387446722760027,1
-0.9261501275442154,1.2068774695435145,0
0.5997127979382293,-0.19232680622547177,1
0.2740781020788756,1.202656205353533,0
2.1896246473734147,0.7287668992297822,1
0.7757988227668677,0.9596093525279148,0
2.016533874311917,0.5410658822625866,1
-0.6655746076645701,0.768610945676691,0
1.1395696299715197,-0.5590863397378276,1
0.5785330768614712,1.0748535535984625,0
0.5732559625171171,-0.09125044580558234,1
0.9582307841754011,0.4083929599355433,0
0.8320804439255423,-0.9029998574638638,1
0.9802195559561544,0.8001892947971619,0
0.9153866249221634,-0.2875374276310777,1
0.5220421625386159,1.3156063429868223,0
1.8694883725876659,-0.06412037821957581,1
0.39002845513949824,0.9553368510873844,0
0.699735678320766,-0.7732490915265573,1
0.48138567188384296,0.8240742338925787,0
1.732061200527238,-0.5111749518178084,1
0.9579135792346334,0.4136081443252543,0
1.5783888714252554,0.4225811865024927,1
-0.12990157127588858,1.0503979843384628,0
0.49538827640433725,-0.3669519085290717,1
0.22797016720751648,0.6416190107132251,0
1.28428141802774,-0.6783931348669514,1
0.4353078303198057,1.046993986324446,0
0.6453732469355549,-0.7806285893627622,1
0.9250638012261808,0.8075042270432826,0
2.4308622198529672,0.6374809534130332,1
-0.5881534486582974,1.0644094771919361,0
-0.3060809692381394,1.2149312411984687,1
-1.127426286469571,-0.06499496926435538,0
1.6272341086109081,-0.47863263232630826,1
1.1599771826518985,0.7274459208397759,0
2.1408633790200478,0.19540196372205376,1
-0.6694708421088567,0.8253648884204483,0
0.008859309220868866,-0.07142962635478622,1
-0.5047021510278734,0.5125558106298574,0
0.5586196262331475,-0.3860204808314059,1
-0.48351756352414643,0.5174885588763846,0
0.8070783719351392,-0.38047406302459796,1
-0.1316758104710546,1.0266938440636486,0
0.2776219873894077,0.028187151425764834,1
-0.28717548421177663,0.7457721036428928,0
1.221393616505818,-0.9018081236563802,1
-1.1484541299757804,0.18591716292739352,0
1.9109312317701497,0.22925332591632192,1
0.5345728921916352,-0.10614294853586924,0
0.5013471616434467,-0.33914662846792554,1
-0.745414575181713,0.9757078846225588,0
-0.3108993675164527,0.08010338748046704,1
-0.11801229028644372,0.3578554048545284,0
0.3691070951556185,0.40161825255315475,1
-1.1976003443218952,1.109425134448855,0
-0.38774296194629543,0.31711105908457093,1
0.8916106153397144,0.7810890394427434,0
-0.09865572000607636,-0.4768459125503006,1
0.5569492268024829,-0.14171048870607852,0
0.2598786715222103,0.05069226024925763,1
-1.0967289488823004,0.16972132149888597,0
0.48683636770504046,-0.3795723436849153,1
-0.8806029396933903,0.22616249009194866,0
1.693554274048149,0.03715263605382202,1
0.3854118543104529,0.7377275667548977,0
2.0487918678675547,-0.48704007191816295,1
-0.5541374658708876,0.6220790564272665,0
0.11427968127340829,-0.3538915694992737,1
-0.7357055309461881,0.20531549734005206,0
2.3485030011717156,0.8902518610532324,1
0.5694489255780254,1.711229478000921,0
2.0432738219589948,-0.3192918754001476,1
0.8583465980535833,0.12110350917140005,0
0.6590990710251989,-0.4090940330214685,1
0.4522218959799695,0.2235998312621635,0
1.6027299450323707,-0.799652577512908,1
0.862226736030562,0.4059933791122593,0
0.34537317644496107,0.2748811559473381,1
-0.8124596231012137,0.45185577963883705,0
-0.08965811898337123,-0.16601378586040288,1
0.7963801292227208,0.6121089729486714,0
0.6963262535798838,-0.06733149772821972,1
0.58126508132813,1.2036448736775354,0
-0.10173076651610938,0.14950050897914907,1
-0.3732853359518742,1.1626311715592244,0
1.9025891968537718,-0.2636153065811907,1
0.8211298574437059,0.23568672033886062,0
0.6221236270807051,-0.22616778395701956,1
0.1891166676340351,1.118906254967886,0
0.6612600882741488,-0.9712659946985667,1
0.19311838567977577,1.3785299880094661,0
1.8343678802908256,-0.019766696895479205,1
-0.839344995021297,0.8513889653359674,0
2.4151921208483937,0.2618177204335611,1
-0.43837458695564313,0.048838049686099116,0
1.6609749305389083,0.4524689477426932,1
-1.0564066240913492,0.5857819829494607,0
0.7750146599574826,-0.6293221023253865,1
0.32339955127087616,1.3872147153278673,0
2.0904628223696973,-0.21847362356888744,1
0.6720617954009547,0.3156517970065857,0
-0.27495330767925036,0.485008704806701,1
-1.040664056638747,0.14481887729863863,0
1.300676770572398,-0.689365001067836,1
0.7644844330450814,0.6276454447326464,0
1.8142504817578191,-0.20900523945263946,1
1.2440335187348819,-0.24220125551326965,0
0.2734702351636765,-0.3612860947258117,1
-0.5551418201929,1.0681523714109216,0
1.3066838248802628,-0.43708548350098897,1
0.8830343434310806,0.9136810484741914,0
2.047315446718734,-0.3187903484620848,1
0.427964845812757,1.2696561524713934,0
1.0860332042223608,-1.003497194380524,1
-0.09360912839220434,0.7150302608045134,0
1.9743314677016581,-0.7658092613383136,1
-0.7373634586920017,1.049282261033288,0
0.6524724505177513,-0.12807343002998606,1
-0.8477638008901084,0.549992782417634,0
1.6360029442667,0.658849201191278,1
0.4233737508110555,0.5732141232370898,0
0.009023003537025866,0.2621327167879318,1
0.8443703963841119,0.029545696753565328,0
1.7051510401838392,0.2118427513418785,1
-0.09542223289787187,0.7896985468978462,0
1.7357637118729634,0.09988163926934078,1
0.900080695358214,0.42954930730332214,0
1.3584450510803179,-0.49164523178427416,1
-0.38658746089240287,1.1085611870570724,0
1.896094921818073,-0.021848856913964293,1
0.8702221245785442,0.7975945255841733,0
1.4598472755865906,-0.4325497878786008,1
-0.8835877945872168,0.4664676650762642,0
0.9146551161271349,-0.5357639287308283,1
0.4743311597713825,0.7317238190130666,0
1.53075773742695,0.1685774442984328,1
-0.752469788717886,-0.0846685145555025,0
0.9773242457303173,-0.05893518352187105,1
0.4096222765748426,1.1173235517238393,0
1.0273405699221216,-0.9657967763108251,1
-0.006357894632839672,1.1565396314681853,0
0.7385461117087203,-0.6117076137445037,1
-0.42376664734851943,0.28053031980044457,0
-0.033252262985667635,-0.5275478598138146,1
-0.5852629141927654,0.83921637495277,0
0.47498230500068356,-0.3030648447139057,1
0.13501128834708953,1.218663687278878,0
1.8192709942866883,0.31531515029630935,1
0.5756397193352035,0.2864770228354975,0
1.849383827209547,0.2640073538326123,1
0.16892041379682748,1.223927106552839,0
2.7370445979313605,0.022114125608304582,1
-0.8848516695010699,0.522588705807948,0
0.7889710028491752,-0.6175722876545594,1
-0.2608912865345315,0.8698976228694792,0
1.7810937874860422,0.6996186052548288,1
-0.0953906265111559,1.1585412961936905,0
1.3471242303629303,0.33344082001071906,1
-1.0835250134226688,0.4676552183757804,0
1.9653864165581822,-1.0121437708423164,1
-0.8266301018410243,0.2893667360586349,0
-0.015305296521199954,-0.3497044336638751,1
1.6200592398692724,0.011735458768490414,0
0.4191668061131587,-0.6224883426321071,1
-0.6344278130396124,0.5820425389638971,0
1.5618149225235827,-0.2786824566453778,1
-0.8186554613926784,0.03746954058021993,0
0.6956006751930555,-0.570088470128835,1
-0.5337763076547856,0.38271604561543776,0
2.258067066861109,-0.34157700030763355,1
-1.2540482715659536,0.5882206968899198,0
0.27749968758046273,0.43687431935344706,1
0.9576418874848398,-0.42012092409331386,0
0.6116240976350867,-0.580652509593365,1
1.191258885905467,0.18256840014548895,0
1.4300015921151124,-0.5821744316054248,1
0.10049922422112151,1.379556295875739,0
0.42877004454990175,-0.5654577068870307,1
-0.6764029303673723,0.6500414331655262,0
-0.14790467903319954,-0.3755463538585677,1
-0.8632457674443217,-0.2920820970721334,0
1.8066043633138864,0.035542451176652196,1
-0.6828282227993521,0.5731551582100441,0
0.8817468528118828,-0.9299805942605937,1
0.6922480834313481,0.6999146690505208,0
0.4246226327648244,-0.4329833629844326,1
0.04948061159611489,0.6820905484475857,0
0.5947040317602537,-0.4053012844929856,1
-0.5152653033874681,0.637253287795893,0
1.8655537427386308,0.7011570585462892,1
-0.9019828617894865,0.24923624135332567,0
0.7296123188342226,-0.5491495393455198,1
0.2698505790353556,1.6385523687892949,0
2.1754670395616422,-0.29831436290710384,1
-0.42683602016091593,1.3821220346450045,0
1.019644333111969,-0.24038707360834838,1
-1.5069722422098875,-0.19930722500668643,0
1.4705801595706947,-0.3305944128456195,1
0.7338279349905017,0.11605746900584163,0
1.7095657058692812,-0.42510740011929027,1
0.16609966652956726,0.5993281559224095,0
2.167314043006016,0.2839675354512643,1
-0.9104544684641156,0.3886238150605671,0
1.3590212373117025,-0.6205022084787196,1
-1.2228868357310168,0.4318383299725224,0
1.7236888389318694,-0.2899066227854312,1
0.14353234421553568,1.3221406398575748,0
0.6563724633567276,-0.7294136478426064,1
0.24739064360062102,1.224017756793498,0
0.9973802934793965,-0.5647984807308771,1
-0.4584266989222384,0.5417916454620774,0
1.8195428003994831,-0.44469369787393276,1
0.9389719905671786,0.6407309495392095,0
0.38281725528696997,-0.14238926367405594,1
-0.31619145152829725,0.7901030346930402,0
0.42876940057593976,-0.18155973480235282,1
-1.124737134784762,-0.03123778408289074,0
1.009982841408359,-0.41616028808289846,1
0.13909546988386295,1.1234039333394126,0
1.8224001229886437,0.15225040163205988,1
0.16864700994460546,1.5307968285036577,0
0.2390929528209975,0.49637262253600944,1
1.1331383228338847,-0.08471994281153028,0
1.0748926295854204,-0.49631494197237613,1
1.230366782076758,0.08491233739219602,0
1.6128045540984448,-0.6321323074777508,1
0.6571375030923169,0.9923909041664924,0
2.1584619198602524,0.6987935790665718,1
-0.8254593878135146,0.7912055313595143,0
1.01552472468261,-0.8562827588888438,1
-0.4361640191360271,1.078245686996274,0
-0.15156033227473684,0.045078418068965814,1
0.2338323508766958,1.2572290842392666,0
0.4224935774959756,-0.060012087503698824,1
-0.8232588349725736,0.26296615897098274,0
1.1364718751291147,-0.7908632582961124,1
0.7244467953397654,1.234704475165656,0
0.2559706186265147,-0.6238096813934842,1
1.0257764368756868,0.427068926238441,0
1.9295535968511142,-0.24579732002269444,1
-0.6064571427966824,0.9100592338800512,0
1.493157609294086,-0.6590825058192635,1
0.5520495113626975,0.9679033952417718,0
0.07654821105026444,0.05187196132152655,1
0.5165504969668651,-0.15621373213138176,0
0.2648456046623273,-0.6407442146989211,1
-0.08373293465000398,0.6409901037871775,0
2.0453149785202034,-0.5452488067752026,1
0.9317744834127667,-0.1402421696697368,0
0.5308415493259143,0.18230706587780854,1
-1.0735660657682533,0.39277035076614664,0
1.1138333938399556,-0.28160660404386473,1
-0.8161898836924535,0.34111976250166204,0
1.6946907269636498,-0.16848576392630243,1
-0.04489862412447981,0.7082409801344982,0
1.8922038929685367,-0.08122977814162524,1
0.7887629112728818,0.03956620638191957,0
1.658372554155698,-0.2709115653618388,1
-0.7252415000454406,0.21244187200355463,0
0.34555434507620614,-0.42848020229102857,1
-0.4899701796602947,1.5062101844787155,0
1.5257682338178644,-0.25392223371762895,1
-0.9242844472261228,0.817644253940811,0
0.5369142023881364,-0.46115248778594536,1
-0.2797123423113257,0.6068184142138964,0
2.1208218781408275,0.4199059991362032,1
0.7604427365029827,0.5267946436212332,0
1.2424685262234143,-0.33338466218996565,1
0.5122987032646527,0.20765710496424697,0
0.09179005240046237,-0.1170366734250333,1
-0.5269287220356462,0.9683872489113634,0
0.3573477741185997,-0.33456704619901556,1
0.8633015504018917,1.427814726869489,0
0.19901116655417708,0.08113305540569987,1
-1.1033234637349651,-0.19537226013871314,0
1.196329493583717,0.01467697685761793,1
0.12864406653856925,0.6650821909967786,0
-0.36112069001029545,0.47063790062699074,1
-0.22102881210755743,0.5613604675038231,0
1.5566303149977399,-0.177318333708796,1
0.17890016465316771,1.399842309624452,0
1.608719146499466,-0.09632309121154572,1
0.6069664776332472,1.3323661232589767,0
1.968579225078915,0.08539546506004442,1
-0.6740439875360735,0.5437024964708115,0
1.0405180394921918,-0.7034447861951704,1
-1.2561618515799124,0.9172277945913214,0
0.04895784773090879,-0.4192352229167418,1
0.4836837722274556,0.8037390897653003,0
2.1198553059439416,0.013621423569741135,1
0.3074918799094356,0.6481062976376076,0
0.4581488499412127,0.0008621019498654126,1
0.15206781950387493,0.9290307761561316,0
0.6991984473243839,0.36215476146799946,1
0.20032357135204126,0.38634821092708105,0
0.18883685071971262,0.19511897992254973,1
-0.6823765791265662,0.7161499199615894,0
1.4257037651048257,0.16267546164564492,1
-0.1563488243779087,0.8627192018979083,0
1.0267039487502565,-0.2924907491199699,1
0.2927108998391019,0.8777965841347135,0
0.13194650702676725,-1.0330747955640542,1
0.6565236191309947,1.112978339433607,0
1.5044414078468797,-0.3016303146879795,1
-0.8278189432839703,0.7195811869288944,0
0.05159176883705018,0.43578717066495987,1
1.2718589500174666,0.5034520345539576,0
1.9151945145865938,0.5781953714142636,1
-0.6624929257479303,0.09235465608353349,0
0.5479983782910902,0.019480428042412457,1
-1.0620449200486408,-0.2253027482000998,0
0.35954436068207857,-0.14267912608442504,1
-0.20916697935292716,0.5870151222618203,0
1.0975255781860518,-0.5546759336194532,1
-1.2043122669719755,0.38476471771718235,0
1.2604944158734346,-0.3338726102121677,1
0.7193454219867901,0.32788335794903906,0
1.6356427103475817,0.029814166164319977,1
0.6138859116677995,0.7365485938587996,0
0.07403938240271465,-0.18218880665560688,1
-0.6383735202675446,1.1495532374553499,0
0.2729815395375782,-0.5645487422703944,1
0.4975636310039285,0.6970376577629342,0
1.199103359379963,0.01796487420767945,1
1.037625903399438,0.3910674700365521,0
1.1207924394993067,0.026994794267743205,1
-0.7455987016704332,0.35727150404800057,0
1.8278859819012405,-0.6589489920137208,1
-0.591168584778213,0.33382471703335503,0
1.4112465678080408,-0.8179587075990167,1
0.03414039704062107,1.3125965934673745,0
0.349908203190032,-0.6305017588625981,1
-0.8565231989767694,0.12216109929385194,0
1.726525159189792,0.33968906057052956,1
-0.4557218587697658,0.49833188332926437,0
1.9652522632610987,0.6009595408788827,1
-1.1586071598736853,0.08041912919116995,0
2.325779000768948,-0.16131279762253747,1
1.2749166508071923,0.6130182341968162,0
1.6353335514677065,-0.5326047868415377,1
-0.5512455012236153,0.6656807026779628,0
0.5381026280812811,-0.7450495507085613,1
0.009535682695544709,0.6566188641763082,0
0.4939003905847491,-1.012660627347108,1
1.4514426888789949,0.3513618816079056,0
-0.47287985784482345,-0.18910524079959862,1
0.03281868261349628,1.2498062702463444,0
-0.19173262417904086,0.39264559847826236,1
-0.9703956539716588,0.33646067458240636,0
1.8126124481901027,0.5607610207983231,1
-1.2104781886775067,0.10004395510536185,0
0.8755982730218577,-0.53807330033416,1
