x0,x1,x2,x3,x4,x5,x6,x7,x8,x9,y
0.4294339260086417,0.6218156183604151,0.8979518199339509,0.5990781178697944,0.023744214791804552,0.7247129322495311,0.9546493263915181,0.813199803000316,0.5002867267467082,0.41575676994398236,17.273960464887487
0.8823283805977553,0.9585229100193828,0.7761889225803316,0.6433806107379496,0.25913262413814664,0.20054391166195273,0.06845744582824409,0.8509374607820064,0.2509358392562717,0.7945781773887575,11.823705248752802
0.5597093959804624,0.7827240282204002,0.7230240893550217,0.5499226548708975,0.4728183171246201,0.7648169200401753,0.6490554106421769,0.7190835492219776,0.9972539795562625,0.526572685688734,18.384584144123185
0.019295800244435668,0.26226955163292587,0.5311001087538898,0.9532337205018848,0.8825214563403279,0.3958933730609715,0.9074571821838617,0.20613954425789416,0.5809555181767792,0.9623152716085315,14.6863102026249
0.25944312382489443,0.04815519694238901,0.5984419558662921,0.3864602851681411,0.9376122374087572,0.061034031910821795,0.8793365508317947,0.3442779874894768,0.40652394271455705,0.14302176935598254,10.768631725518723
0.7584470631554723,0.7658005075063556,0.45298339682631195,0.1158720173407346,0.1644876105710864,0.5564933938439935,0.1555359959602356,0.10119727486744523,0.1461357029620558,0.25818125950172544,11.42117141442365
0.37426203629001975,0.6832483632024378,0.5088045890443027,0.6362544836010784,0.9501227305736393,0.12192650022916496,0.27043415722437203,0.7915264358744025,0.9648720659315586,0.5508584803901613,20.324242152895778
0.1250073907431215,0.3074504390824586,0.8374984823167324,0.19846936292015016,0.6936281139496714,0.7564134087879211,0.6388883180916309,0.35011633369140327,0.777620745357126,0.7138797026127577,7.299123029389042
0.8049012555275112,0.6956251664087176,0.4739142186008394,0.3319829518441111,0.49097621254622936,0.7488366814795882,0.8322447445243597,0.5669232336804271,0.013216593069955707,0.4615188194438815,15.654985801134758
0.5631031366065145,0.76429961505346,0.18202653084881604,0.9632039563730359,0.9806173942051828,0.47806370886974037,0.987315587233752,0.9469110020436347,0.955136586446315,0.7222754093818367,25.43418153564672
0.14876269735395908,0.029329318553209305,0.8602947087492794,0.6162771757226437,0.11627782229334116,0.567022010916844,0.07723314501345158,0.4827203247696161,0.8902841717936099,0.7852945034392178,8.952886980299525
0.18442150088958442,0.5764559460803866,0.014537625247612596,0.39663237682543695,0.9075673792976886,0.561109489062801,0.71596311731264,0.13830975769087672,0.7882779045030475,0.454598386073485,16.553874445691427
0.713080151937902,0.7473059883341193,0.28689818596467376,0.4248062821570784,0.8310390254482627,0.9175033022183925,0.022704934235662222,0.024150347104296088,0.4860678978729993,0.18692534952424467,19.340752996851336
0.9648693220224231,0.9759893729351461,0.6093121108133346,0.6944512436166406,0.5002976737450808,0.21273171342909336,0.4630272672511637,0.6493346283677965,0.16577213164418936,0.8566227026749402,11.157798297002847
0.03808259894140065,0.06853875215165317,0.9313119035214186,0.35047693457454443,0.43555917614139616,0.7089853559155017,0.5678390364628285,0.10734942834824324,0.49195341346785426,0.3382885055616498,10.401275011448678
0.349101634696126,0.014164767693728209,0.9394882067572325,0.7640491572674364,0.6844565875362605,0.6218308252282441,0.9224535573739558,0.6881153173744678,0.13249177322722971,0.0854176131542772,13.79789663841053
0.022110143210738897,0.5127271907404065,0.07741083460859954,0.7510365264024585,0.9407250501681119,0.5617417185567319,0.0895787172485143,0.625369188375771,0.9441449297592044,0.4507180550135672,14.838018734096867
0.08563037728890777,0.457643422530964,0.9613707764074206,0.8961881650611758,0.3115843196865171,0.025686005130410194,0.8123447550460696,0.7618715260177851,0.6368665229529142,0.15688074100762606,16.392098186492113
0.388873147778213,0.28583206282928586,0.7265647824387997,0.1478086484130472,0.9194204844534397,0.265437742928043,0.9665240091271698,0.20496942941099405,0.5848000748082995,0.4342092031147331,10.26546060509688
0.811079787556082,0.7533755810000002,0.6737489986699075,0.3616715807002038,0.15058177965693176,0.28348585683852434,0.3557722452096641,0.5806803933810443,0.7916429643519223,0.39198679849505424,15.888583665224937
0.2361607924103737,0.4332897546701133,0.3717630587052554,0.6753220173995942,0.3422996187582612,0.6669933230150491,0.20884242304600775,0.5642754440195858,0.6957995789125562,0.6554059968329966,13.470173450942319
0.22966762958094478,0.23933560657314956,0.8793759543914348,0.9304200704209507,0.7254338467027992,0.9373244191519916,0.5271286165807396,0.8020714449230582,0.5174206122756004,0.949985925341025,18.982018371196475
0.879666602704674,0.6989551598671824,0.7051711811218411,0.36655107396654785,0.9113272181712091,0.510238521033898,0.13739537470974028,0.9103394211269915,0.16136094904504716,0.4589905426837504,19.784344502566796
0.9001245021354407,0.6064647922758013,0.7812602634076029,0.5190315311774611,0.15226729772984982,0.47912451322190464,0.37803343031555414,0.7755440389737487,0.6597590795718133,0.5620590914040804,17.272761465232502
0.17724786372855306,0.29719656705856323,0.45506981294602156,0.45124555192887783,0.8758893974591047,0.9548257978167385,0.8061845067422837,0.05935625405982137,0.7693838276900351,0.852133430307731,10.455146313260624
0.6568868437316269,0.18503582966513932,0.024963414994999766,0.47043898538686335,0.630314446054399,0.3282271034549922,0.0004588027950376272,0.1070915178861469,0.6603936410974711,0.23263526894152164,17.145658399605068
0.8362643306609243,0.07287988648749888,0.833073683315888,0.41575953480787575,0.6502866204828024,0.549483165377751,0.5034962452482432,0.8115524877794087,0.8513201414607465,0.5273112556897104,11.51892031247092
0.13173361984081566,0.7585373094771057,0.1411996609531343,0.6621974250301719,0.1270073859486729,0.9412171042058617,0.4785907401237637,0.3801781537476927,0.2852136187721044,0.5330109188798815,11.78496909595967
0.016715372912585735,0.12237742240540683,0.3070128581020981,0.019461390795186162,0.7829567005392164,0.9252579757012427,0.8369736240711063,0.47022233065217733,0.7232620413415134,0.6956711241509765,4.554085484267341
0.25663859001360834,0.09770623198710382,0.5928408808540553,0.8931173502933234,0.12232091440819204,0.9372153813019395,0.662476860685274,0.5035011877771467,0.453104464802891,0.5630980902351439,11.171048523858964
0.6008760523982346,0.2867167657241225,0.4735948061570525,0.12406817288137972,0.6108489306643605,0.3198112628888339,0.06657412205822766,0.6859936858527362,0.0205160912591964,0.5009297609794885,9.779719051810448
0.9104144345037639,0.17897520982660353,0.47040252084843814,0.35390784591436386,0.15830679843202233,0.42304091388359666,0.996506319148466,0.5330111156217754,0.8100077887065709,0.9796879289206117,11.509386555114414
0.0963295167312026,0.2683574385009706,0.68475860520266,0.12486298219300807,0.36773048364557326,0.04274891107343137,0.9828976336866617,0.07508324994705617,0.966316344216466,0.19757870002649724,3.6727328264861914
0.034533243626356125,0.7704267515800893,0.46901973336935043,0.5399838844314218,0.46116892131976783,0.647388274082914,0.6699774861335754,0.05505906534381211,0.46892558177933097,0.5220601898618042,8.112717285838201
0.5245564309880137,0.012085088063031435,0.5124458968639374,0.029531244887039065,0.06421603239141405,0.05388422776013613,0.55811962694861,0.44861586252227426,0.767715085297823,0.336768765700981,2.0031979856949116
0.9007002937141806,0.8633763329125941,0.8060746570117772,0.044471517438068986,0.5433719556313008,0.8058702440466732,0.6269086708780378,0.19816131237894297,0.6568006088491529,0.6902727501001209,12.594473690013386
0.4501528972759843,0.5995940950233489,0.12278713495470583,0.6810270501300693,0.8195994512643665,0.6917110085487366,0.1413806478958577,0.0769089029636234,0.08416304807178676,0.1942245690152049,22.426830638502402
0.5904461012687534,0.8893097448162735,0.4686062110122293,0.7719966839067638,0.002421566052362323,0.6309026752132922,0.8154774578288198,0.4158001912292093,0.07745564891956747,0.8916005869396031,20.15352563561914
0.8008828696329147,0.8550855726934969,0.22338186972774565,0.463965832721442,0.48117997287772596,0.13191433530300856,0.44828205718658864,0.3202834785915911,0.3891817256808281,0.7291292867157608,16.94395985035543
0.3374427743256092,0.5844336373265833,0.4165914203040302,0.24821869004517794,0.7015827368013561,0.5194431296549737,0.25191098265349865,0.7344997378531843,0.7488793050870299,0.05025412584654987,12.69613399665201
0.302513662725687,0.342192072654143,0.20093764876946807,0.26708531146869063,0.8784583532251418,0.7006105952896178,0.9272469056304544,0.5376976968254894,0.2523621052969247,0.8638253598473966,10.509478449181316
0.930433539673686,0.312113142805174,0.061932760290801525,0.2607975404243916,0.08033053297549486,0.6431947918608785,0.13551866030320525,0.5794919724576175,0.06157506559975445,0.2521604336798191,14.815509270117035
0.7675046324729919,0.012588022742420435,0.1754692578688264,0.49891540221869946,0.9017889751121402,0.7290803750511259,0.5519082993268967,0.20034122909419239,0.5011075220536441,0.6003038182388991,10.245200545663698
0.6157158419955522,0.36976742441765964,0.5648882519453764,0.2508430536836386,0.3715807581320405,0.34135922067798674,0.6309127185959369,0.5750184808857739,0.8579376970883459,0.7384083271026611,11.717139260982497
0.19224235392175615,0.5231905241962522,0.990181743633002,0.3667836377862841,0.702244485495612,0.7473799772560596,0.0486027467995882,0.5070940074510872,0.9083272202406079,0.008323772577568889,16.330875233357215
0.29632861563004553,0.6573829476255924,0.9007447168696672,0.48419874673709273,0.8634138491470367,0.025272338883951306,0.19146258011460304,0.8634075175505131,0.7066350332461298,0.35974950320087373,17.398879359624953
0.6873674890957773,0.66512072365731,0.542826003395021,0.6868669108953327,0.7436914995778352,0.06573737994767725,0.3767939321696758,0.6365690913517028,0.2799901240505278,0.9049403914250433,19.61123492084262
0.15096317371353507,0.6905188167002052,0.9073671530932188,0.32005616440437734,0.5503871801774949,0.03788048657588661,0.8032109753694385,0.9696935375686735,0.9864937490783632,0.6638466529548168,11.249337731803617
0.26853881985880435,0.9034036514349282,0.6149565309751779,0.4575247149914503,0.3489645728841424,0.5711283434648067,0.3952944215852767,0.6884783611167222,0.5550168838817626,0.6428533007856458,14.462883121508632
0.31696692085824907,0.9920040126889944,0.9149594104383141,0.8645213127601892,0.35096403677016497,0.9472499878611416,0.6123394605237991,0.5248337634839118,0.09148023836314678,0.8968063488136977,23.38494721047365
0.37814863002859056,0.7720240792259574,0.8354929003398865,0.12826056242920458,0.40051311207935214,0.12764381035231054,0.75145875941962,0.7454194501042366,0.6178566785529256,0.9314447534270585,12.791863648482767
0.6403629172127694,0.8000192707404494,0.364425643812865,0.7248403052799404,0.12292097066529095,0.17788059660233557,0.2851000977680087,0.7708108166698366,0.3680634247139096,0.5889665700960904,17.90542110860321
0.15707134129479527,0.6882836734876037,0.08723548636771739,0.776629002764821,0.18891265289857984,0.6412441926077008,0.5724757111165673,0.5708827718626708,0.07401466998271644,0.01453349064104259,15.023795079912322
0.16366572864353657,0.5233846963383257,0.43840950704179704,0.8305788359139115,0.7994942241348326,0.058335028355941176,0.7317617991939187,0.5780606525950134,0.6673403568565845,0.5257459681015462,16.07419236458258
0.9065285781398416,0.8480655595194548,0.4177906275726855,0.12486950494349003,0.9991402623709291,0.06614941544830799,0.12163601373322308,0.2564581639599055,0.3526464872993529,0.8690733851399273,13.05756690362076
0.6073574221227318,0.19922564923763275,0.41142737842164934,0.429247917374596,0.8013816282618791,0.8793921882752329,0.1603398211300373,0.32397421449422836,0.41196840023621917,0.5643531335517764,12.810252605888126
0.31884581013582647,0.8717575315386057,0.8755134011153132,0.03048562863841653,0.7060999711975455,0.37128317542374134,0.5952616822905838,0.15187562815845013,0.20178060163743794,0.8646679779049009,14.763428257670066
0.0701527192723006,0.02416331716813147,0.24371799151413143,0.5910958494059741,0.22834342392161489,0.09038718440569937,0.29598702280782163,0.728670520009473,0.8711253979708999,0.6872145754750818,8.898737054925792
0.1029198991600424,0.8294327564071864,0.7070074768271297,0.1666197762824595,0.2619803308043629,0.4002408538945019,0.6230739769525826,0.00510585168376565,0.6874292436987162,0.11992355366237462,7.566867175041827
0.37942284857854247,0.28406638326123357,0.3557220983784646,0.43738767015747726,0.510535464156419,0.9472996974363923,0.7391751639079303,0.2424157641362399,0.032984227407723665,0.6924577639438212,12.375183809657447
0.4917529574595392,0.2177521581761539,0.7846687701530755,0.24022585526108742,0.8310900458600372,0.8810459882952273,0.7528693603817374,0.19809764786623418,0.4412537235766649,0.5852961498312652,10.614402429434307
0.27567778644151986,0.567808028543368,0.16985860699787736,0.5921178462449461,0.5048539263661951,0.2990028220228851,0.7913724270183593,0.7949811711441725,0.0748420269228518,0.5677563769277185,15.705294312504877
0.5986930795479566,0.3049539215862751,0.7566286742221564,0.7989743340294808,0.9724857844412327,0.545899345073849,0.13103849440813065,0.35277734138071537,0.9400473691057414,0.25411027669906616,18.716942015649927
0.4009436024352908,0.9470742847770452,0.789397801971063,0.23897829558700323,0.3343314779922366,0.03737069945782423,0.5804774262942374,0.637648512609303,0.029365087393671274,0.164208821952343,14.707937366406448
0.5895303392317146,0.9005836776923388,0.6481837038882077,0.5448877061717212,0.5136478783097118,0.828415863448754,0.4347329963929951,0.3526627889368683,0.6396046679001302,0.7755379544105381,17.509573696396444
0.7372279509436339,0.026915821712464094,0.9866013089194894,0.1449954032432288,0.7341122422367334,0.7287645319011062,0.2821458652615547,0.26242242427542806,0.9388363508041948,0.42372045712545514,9.032321383846634
0.24039226048626006,0.44801814784295857,0.549768605735153,0.7062944564968348,0.6622039536014199,0.154645279282704,0.6215634720865637,0.40419650613330305,0.04380154446698725,0.7561479301657528,11.665886953158932
0.6251645209267735,0.4503633943386376,0.17037278227508068,0.017808658303692937,0.8362468795385212,0.4558491047937423,0.1043724031187594,0.01596332434564829,0.207484963349998,0.10910730622708797,15.770023646366766
0.48083496652543545,0.4189069247804582,0.2804906223900616,0.4203187476377934,0.05172405578196049,0.12165536801330745,0.722214801935479,0.06357376021333039,0.08508143411017954,0.12186108203604817,12.080214489348114
0.2638856212142855,0.9793711905367672,0.8482252624817193,0.2669927063398063,0.22570247785188258,0.7605680269189179,0.6755435178056359,0.024564523482695222,0.582380348816514,0.8996788568329066,14.461244575290747
0.566675782436505,0.3585630049929023,0.7445798884145916,0.18947924161329865,0.7531541355419904,0.5143412116449326,0.8792758688796312,0.4692413981538266,0.1189866685308516,0.3011973286047578,13.979791974611373
0.5143162095919251,0.1368450417649001,0.9380887541919947,0.8324394931551069,0.6177572745364159,0.8540131654590368,0.616917246254161,0.5336030044127256,0.9152172834146768,0.4100254764780402,16.76386412607783
0.8992180987261236,0.5988163114525378,0.5374125249218196,0.7120628957636654,0.006478755502030253,0.28572980291210115,0.34547647065483034,0.20642368728294969,0.6913503140676767,0.4669381163548678,16.368272353266793
0.5986976977437735,0.3166674643289298,0.4629288187716156,0.4765085391700268,0.8943915725685656,0.48633704776875675,0.8612163034267724,0.3600230508018285,0.810024693608284,0.8912359122186899,15.064216173759826
0.39777863514609635,0.9022062844596803,0.17741774371825159,0.20748600526712835,0.4262133839074522,0.0999533727299422,0.5744285562541336,0.12139195296913385,0.011017422890290618,0.5825422822963446,14.046951539386574
0.6571871240157634,0.7445198141504079,0.8538176552392542,0.33631024020724,0.7073702744673938,0.8916998994536698,0.15211546188220382,0.6590759649407119,0.6309149598237127,0.5021392146591097,18.81398247652384
0.4805184602737427,0.9827584950253367,0.11166823282837868,0.5051513840444386,0.6088513366412371,0.44423498632386327,0.38515379186719656,0.34960668371059,0.5931022029835731,0.7704272344708443,21.22440600188477
0.06346953730098903,0.8161875877995044,0.09598606615327299,0.47231385787017643,0.5879328944720328,0.5546545104589313,0.08876341953873634,0.7207719916477799,0.3626280736643821,0.007552010705694556,12.719894838412753
0.6794185193721205,0.6313892202451825,0.9806756463367492,0.8954515450168401,0.6243963141459972,0.2260157479904592,0.1134237318765372,0.8114263415336609,0.7200896337162703,0.6719489018432796,26.496701317053347
0.6542603655252606,0.7641792492941022,0.30333223077468574,0.13126231264322996,0.7579289078712463,0.9884789299685508,0.13716148934327066,0.7660595162305981,0.8069568248465657,0.18895326158963144,16.24433225321632
0.1838707176502794,0.0567902831826359,0.36982560670003295,0.7083384138531983,0.5218160694930702,0.18443990009836853,0.1368971699848771,0.944668578216806,0.33099547401070595,0.1381612243130803,9.618469294736338
0.3393213194794953,0.7025237053167075,0.4923161792103201,0.03647537506185472,0.3820725113619119,0.6098185144364834,0.7372297933325171,0.88572285650298,0.6353212599642575,0.3903922538738698,8.004271625428547
0.45100181666202843,0.8421527878381312,0.32572130765765905,0.6779933527577668,0.8398954479489475,0.6875065076164901,0.9821439196821302,0.02657694974914193,0.9377876727376133,0.9736290152650326,20.654647601634018
0.2809408016037196,0.5800302054267377,0.3369272423442453,0.35902755544520915,0.858336727367714,0.39214472007006407,0.6007615632843226,0.8382669168058783,0.3419646348338574,0.6949121744837612,12.517869210670494
0.19786874810233712,0.983223631279543,0.7347645147237927,0.8540514162741601,0.5924362146761268,0.2595574511215091,0.5110062647145241,0.8536365886684507,0.2597712385468185,0.29728947626426816,19.074002570492638
0.11066728876903653,0.4551903682295233,0.24600263452157378,0.5876107141375542,0.8056979281827807,0.10061313142068684,0.3664426514878869,0.22866915073245764,0.6103022617753595,0.0807839329354465,11.785139017800477
0.48681010608561337,0.2552051462698728,0.1125247732270509,0.673956363927573,0.8389115002937615,0.37233521323651075,0.06280128913931549,0.03838103171437979,0.8298285133205354,0.3194314611610025,17.737453620379366
0.9356288362760097,0.3288688121829182,0.8402048584539443,0.4866238341201097,0.7063519419170916,0.496152380714193,0.9728489946573973,0.7311981681268662,0.17209384473972023,0.6932678690645844,18.99657958174737
0.48705749516375363,0.7483098697848618,0.36886389763094485,0.25437716161832213,0.8376386407762766,0.04869524948298931,0.870750627014786,0.8765087109059095,0.15789522975683212,0.5935632209293544,14.74091970854875
0.1279357576277107,0.5078801889903843,0.09772662911564112,0.3667139552999288,0.07210666639730334,0.9379451544955373,0.48499636608175933,0.11442543310113251,0.7687543325591832,0.8472914558369666,10.929127339772595
0.9664667758625001,0.5077335264068097,0.21773473918437958,0.47105801687575877,0.24436394544318318,0.26766634872183204,0.40131313796155155,0.15777722862549126,0.7031993551645428,0.8859762677457184,16.95093483849211
0.8624835768714547,0.81375477835536,0.8183639093767852,0.6792159462347627,0.9116707311477512,0.5463391153607517,0.9164379048161209,0.5151653420180082,0.20948506542481482,0.536307871574536,20.039676225089863
0.16180723649449646,0.792847775388509,0.6961084471549839,0.1632748709525913,0.7787662104237825,0.9371819738298655,0.4645597927737981,0.04169564647600055,0.5788787703495473,0.33963659149594605,11.189064078417973
0.09763106959871948,0.43849890236742795,0.9393957038410008,0.16147878067567945,0.47743267216719687,0.5341577702201903,0.7784892772324383,0.8990933608729392,0.8765647765249014,0.1601089935284108,10.742233350252068
0.9626617354806513,0.7894212258979678,0.9128694543614984,0.8489892943762243,0.8106249012053013,0.015840379055589437,0.40856555523350835,0.635817980626598,0.5024033489171416,0.11518780840560794,22.17889435170986
0.9479691060259938,0.806726556038484,0.14942993526346982,0.745269239647314,0.46580847701989114,0.6380708473734558,0.42410322837531567,0.03911215625703335,0.8941557842772454,0.28397614834830165,20.04970889545161
0.7057475869078189,0.7008451912552118,0.6650542297866195,0.8191690205130726,0.8076058812439442,0.47038772888481617,0.4874555207788944,0.41933014965616167,0.7851896886713803,0.30078788683749735,23.223903360870953
0.23917413945309818,0.46720826835371554,0.42185711464844644,0.865087203681469,0.9111645182128996,0.9705187953077257,0.5551227813120931,0.6120014649350196,0.22729097004048526,0.5154859954491258,19.074528373967784
0.0972063927911222,0.2705986143555492,0.6035725015681237,0.054830815410241485,0.5323789813555777,0.9698996692895889,0.13038225937634706,0.9003754216246307,0.398106919368729,0.10995143395848572,5.352976368845091
0.9046950354240835,0.3655625346582383,0.3142195630352944,0.7198098732624203,0.7992716925218701,0.870303348870948,0.22589793801307678,0.12865316378884017,0.687409529928118,0.45773617760278285,22.072479245797695
0.849106980022043,0.9992273962125182,0.9814006004016846,0.8984801950864494,0.3417631834745407,0.9464012684766203,0.9982223445549607,0.579615977127105,0.5192378722131252,0.6172140270937234,19.32337413392585
0.04969757120124996,0.05719526973553002,0.16698685311712325,0.2924240347929299,0.5539446410257369,0.12458497122861445,0.9803520762361586,0.5318982701282948,0.003702159970998764,0.5618459193501621,7.71202904199516
0.4034261049237102,0.7597574670799077,0.4460297783371061,0.734078221488744,0.21943921502679586,0.6478171236813068,0.8825702778995037,0.6571464315056801,0.5733851785771549,0.43262683833017945,17.285966977062888
0.8647342273034155,0.9455912515986711,0.09288973826915026,0.7870266139507294,0.6489001254085451,0.9245504045393318,0.07737753912806511,0.9167902669869363,0.3859934078063816,0.524342896649614,20.477986035766012
0.3333179031033069,0.42630668729543686,0.5499372188933194,0.06208506552502513,0.7243241025134921,0.5461790387053043,0.8427219942677766,0.5264338790439069,0.33125444245524704,0.3620816180482507,7.609599303696826
0.1840444765985012,0.9134398843161762,0.3795121517032385,0.9532014664728194,0.47743219952099025,0.6383463637903333,0.0467740201856941,0.41290900600142777,0.8139490296598524,0.968585247406736,17.987855954029943
0.698988689808175,0.7484552587848157,0.44758684653788805,0.6243290535639971,0.745498183881864,0.47611365700140595,0.94287010258995,0.5766338529065251,0.6930072805844247,0.6112764487043023,20.97320473255752
0.2184411007910967,0.14226380991749465,0.9307924706954509,0.5550799665506929,0.15185621567070484,0.2823626233730465,0.9071421495173126,0.7521879419218749,0.8170893997885287,0.3058026689104736,11.638126120373324
0.2584133248310536,0.33358569093979895,0.9704701963346452,0.13199124950915575,0.4995421862695366,0.8275270082522184,0.9808621059637517,0.815943900262937,0.0950592728331685,0.6850915479008108,9.58737529940705
0.8060924664605409,0.30927048926241696,0.2681235307827592,0.11079033720307052,0.801184166688472,0.23188155004754663,0.430208838544786,0.6479107316117734,0.8683275009971112,0.7770000556483865,13.34637829437575
0.8171105824876577,0.17120723938569427,0.12993539683520794,0.45146503602154553,0.7815712040755898,0.5464946839492768,0.8185577567201108,0.5132782896980643,0.601045093499124,0.6923858625814319,15.288071818366989
0.9572621169500053,0.5111924312077463,0.1952970209531486,0.5491509791463614,0.19935463625006378,0.8915684905368835,0.3803820388857275,0.7114629619754851,0.9700372028164566,0.39790278137661517,18.77827598293839
0.8252650368958712,0.00411385134793818,0.9567818057257682,0.007259782869368792,0.2515798800159246,0.3651632235851139,0.681109505938366,0.8430113110225648,0.7906282341573387,0.9811936863698065,5.704835122988577
0.8396398422773927,0.3164280722849071,0.2158869404811412,0.18543302733451128,0.6335480529814959,0.09557435638271272,0.06892468011938035,0.3166258679702878,0.6197124777827412,0.07514652167446911,15.283040514588897
0.19504800369031727,0.029477295465767384,0.6099878391250968,0.11194806243292987,0.7399749944452196,0.4953477664384991,0.323298156959936,0.8231385664548725,0.4219836127012968,0.465663323411718,6.739011719901418
0.4713965221308172,0.8292133440263569,0.014422264648601413,0.7578927015420049,0.9447817704640329,0.3499288847669959,0.34025652473792434,0.13300662045367062,0.41335182962939143,0.7199496394023299,27.128577896543977
0.589547953568399,0.28835438028909266,0.0010370304808020592,0.46979650179855525,0.38264429778791964,0.4432688015513122,0.5909737590700388,0.42634292296133935,0.6870094644837081,0.8461061522830278,16.99778826140425
0.27763586724177003,0.3387318199966103,0.41175482724793255,0.06594114750623703,0.2427739251870662,0.11362400697544217,0.41874690051190555,0.8680123165249825,0.47049033478833735,0.5462225377559662,4.9407920219180905
0.97143321367912,0.5033338295761496,0.8442285319324583,0.3850644517224282,0.9335897210985422,0.45105358841829,0.7232239020522684,0.14097339659929276,0.7444493013899773,0.391514852643013,21.724327653581614
0.11856068787164986,0.6682589203119278,0.7552713314071298,0.4023329147603363,0.20799699914641678,0.6376413407269865,0.08202008809894323,0.5679847213905305,0.7867377500515431,0.24127457616850734,10.651792216329117
0.1388751333579421,0.3690348397940397,0.24853388080373406,0.27095996984280646,0.6388764367438853,0.9002381630707532,0.34573111799545586,0.0557464889716357,0.14407808636315167,0.10634749755263329,9.388220718660072
0.04397589876316488,0.4404319205787033,0.7896111418958753,0.5980206690728664,0.17159647191874683,0.5872594802640378,0.7625706400722265,0.3179309139959514,0.9538886665832251,0.5381721234880388,9.818211762569554
0.7738100609276444,0.916243520565331,0.6707893020939082,0.5024147990625352,0.04317410197108984,0.849646252579987,0.6409373029600829,0.6814767059404403,0.2091013842727989,0.6475966987200081,12.371165642760994
0.5761393187567592,0.4461698438972235,0.2344144252128899,0.08181510283611715,0.5200161903630942,0.5907689891755581,0.5702280232217163,0.28916116058826447,0.5705382425803691,0.11647383403033018,13.090224196770365
0.592777726938948,0.21156411990523338,0.5270463395863771,0.8235259123612195,0.9113800327759236,0.30251737288199365,0.30096992827020586,0.1624567392282188,0.5081391779240221,0.2830443298444152,18.760185202696114
0.7559344747569412,0.2720301407389343,0.8100868731271476,0.4509500691201538,0.9011793453246355,0.033274484565481544,0.9909675859380513,0.7587077321950346,0.25551853235810995,0.0875158067792654,17.63169883396655
0.18891611555591226,0.2964911162853241,0.87086341669783,0.05594606068916619,0.3751392620615661,0.1338195912539959,0.5292867785319686,0.43282351456582546,0.0916216904297471,0.896184243960306,4.951435065713451
0.3359325190540403,0.9637184175662696,0.6163953803479671,0.20441375183872879,0.08880927506834269,0.08556896494701505,0.3198954414110631,0.25185029837302864,0.4090723320841789,0.6238163604866713,10.896599182246097
0.32571484288200736,0.4369253155309707,0.4915638607926667,0.7266967259347439,0.2207792259287089,0.7105493652634323,0.02052767015993595,0.1217377413995564,0.5408514637965709,0.6506663719192147,10.91527802149181
0.2529245570767671,0.47465470363385975,0.19461183482781053,0.9285064013674855,0.9643778218887746,0.4181349743157625,0.6093859011307359,0.5723017272539437,0.619099038420245,0.5250119937118143,18.239102683550716
0.053464935859665275,0.6230181278660893,0.12712458381429315,0.6886317082680762,0.443882541032508,0.5635366931091994,0.8793703992851079,0.23262341250665486,0.21164822299033403,0.6059788875281811,12.204099117533492
0.14122234238311648,0.9918637203518301,0.2667424357496202,0.9793917590286583,0.17260002181865275,0.8902419009245932,0.9194932959508151,0.0772977308370173,0.9039476073812693,0.2665446428582072,16.955054885652835
0.5027015779633075,0.803328879410401,0.3172020760830492,0.7275076548103243,0.14093300141394138,0.27512986841611564,0.9865409429185092,0.2980619724839926,0.019639146281406283,0.4473404346499592,19.05135831028212
0.05330807901918888,0.22422586474567652,0.9964480723720044,0.7582225787919015,0.8110685201827437,0.43585932184942067,0.39954892499372363,0.34570685448125005,0.4924077298492193,0.8656525772530586,18.296750485547438
0.5624307671096176,0.013430984923616052,0.1350656128488481,0.3391796597279608,0.7587344630155712,0.04651222564280033,0.7370322456117719,0.30542392772622406,0.9147033290937543,0.8710575827863067,11.100895897273542
0.9269648878835142,0.804433518089354,0.7381815405096859,0.3683533053845167,0.7051013603340834,0.9829764876049012,0.8457428065594286,0.9899068735539913,0.38575435266830027,0.3394941929727793,17.418543923542327
0.7498140963725746,0.9994970201514661,0.9836035594344139,0.034311796771362424,0.6251298515126109,0.5077076877932996,0.43092004489153624,0.2541778380982578,0.9339469729457051,0.09709697309881449,14.568473613966303
0.7183307590894401,0.25267383991740644,0.7518921645823866,0.018159737112000585,0.7834602352231741,0.3935795349534601,0.1537093953229487,0.08208717219531536,0.2599017752800137,0.12188355438411236,10.113219916246265
0.4587446404621005,0.7198326336219907,0.9343395605683327,0.21735781617462635,0.21395408944226801,0.2100017825141549,0.23892173101194203,0.889674433041364,0.06314714765176177,0.07866408838890493,15.459622698722228
0.9839198163244873,0.051950519206002355,0.5221563328523189,0.19376030284911394,0.7746311267837882,0.34717222466133535,0.1733061047270894,0.4147395850159228,0.615271138958633,0.8270145345013589,8.065247940489076
0.5998492185026407,0.9440209043677896,0.06012241030111909,0.17064662463963032,0.2696123723872006,0.8691181978210807,0.936521731549874,0.8603375053498894,0.9360363222658634,0.5089092848356813,15.668268796824742
0.6119471276178956,0.9676153506152332,0.12831656821072102,0.8315664893016219,0.022635840345174074,0.9934056287165731,0.7474390654824674,0.6649498757906258,0.1471317601390183,0.047997558722272515,21.227066474595787
0.27240061666816473,0.8568087874446064,0.2859687760937959,0.3823249579872936,0.5334726846776903,0.6805510765407234,0.16608229791745543,0.7244651070795953,0.3714521338697523,0.02706887829117477,14.621817122752212
0.06615728395991027,0.8767155020032078,0.9630110105499625,0.7098334876354784,0.07160686072893441,0.6295883413404226,0.5975090770516545,0.2256435165181756,0.46555065480060875,0.4715332060586661,14.098298982558418
0.44113983027637005,0.46849785605445504,0.010274153668433428,0.4791743971873075,0.7219167030416429,0.10155833815224469,0.5513453241437674,0.16897108126431704,0.44360723230056465,0.5295084698591381,20.538386104542152
0.7069542508106679,0.10034570912830532,0.5743943799752742,0.519110761815682,0.11758371675387025,0.9461209601722658,0.38674447243101895,0.5102486799005419,0.41900592925958335,0.27151975012384355,8.807252722084089
0.008084282977506518,0.4036812409758568,0.6196136940270662,0.25759002286940813,0.5142779892776161,0.5431430872995406,0.4870726056396961,0.964898977894336,0.06342760543338954,0.8678713284898549,4.5038083633266774
0.942688335198909,0.6097937810700387,0.3656949969008565,0.4582803491503,0.19621513201855123,0.03232255927287042,0.9631715838331729,0.16853512357920408,0.5324922287836671,0.5127500288654119,16.453846314633644
0.6180809671059251,0.7272314368747175,0.2609899388626218,0.9441824010573328,0.8533223329577595,0.36035838699899614,0.7856168870348483,0.015451873419806361,0.6610149822663516,0.5031892026308924,22.336119767335678
0.8761144685558975,0.1607089580502361,0.3605934954248369,0.45038702455349267,0.9036372099071741,0.11938056373037398,0.45257071405649185,0.34701967472210526,0.5102109126746655,0.5228217823896557,11.658092056311386
0.5613897745497525,0.09623803594149649,0.5419800742529333,0.8443467521574348,0.2395139194559306,0.6113886025268584,0.3395874402485788,0.4988041026517749,0.02714441390708089,0.7147308357525617,9.40580688552896
0.23827257100492716,0.713140683947131,0.8299267028924078,0.3443421768024564,0.7325806296430528,0.7843245188705623,0.5406330253463238,0.8117891419678926,0.4816830444615334,0.7069177131634206,14.522768601529307
0.7748469160869718,0.9960186735261232,0.924294454511255,0.7387959621846676,0.630759916966781,0.9089829670265317,0.4601215389557183,0.3853357632178813,0.00945899891667068,0.12372334091924131,21.15944366126356
0.36230936902575195,0.2628395624924451,0.46677138446830213,0.011433395091444254,0.9482640845235437,0.13982028141617775,0.012245189631357789,0.04868196556344628,0.30381126306019723,0.8798422103282064,7.686679725077493
0.732135112863034,0.6222172537818551,0.812154222978279,0.9504119590856135,0.36924950033426285,0.780338097596541,0.7516710010822862,0.47706993599422276,0.29756955709308386,0.4297732275445014,22.410065128228712
0.00952548859640956,0.8483713981695473,0.9090774345677346,0.38456951011903584,0.3037011025007814,0.23639818583615124,0.5751987539697438,0.7701551865320653,0.3615057091228664,0.6785894501954317,7.634908896019349
0.23664830066263676,0.46923834388144314,0.38746115448884666,0.8063311253208667,0.2941331707406789,0.8423988895956427,0.856567021459341,0.6396044776774943,0.4946790251415223,0.9431956496555358,11.797105614686744
0.8213274418376386,0.2650021272711456,0.016591812949627638,0.32653495529666543,0.09837299189530313,0.6564260439481586,0.31189998984336853,0.15443740203045309,0.9694050194229931,0.8766027104575187,13.875488117774802
0.26072443975135684,0.16225130367092788,0.3873076350428164,0.3237097675446421,0.5913597827311605,0.16486345161683857,0.37585242418572307,0.20887971110641956,0.3312839507125318,0.9256963243242353,7.505856687299333
0.14544815779663622,0.13578494847752154,0.5062098731286824,0.6363465760368854,0.45338299311697483,0.6728204234968871,0.8647170141339302,0.11545368283987045,0.8271918434184045,0.8683797270059586,10.924529857229423
0.5502638735342771,0.9117930065840483,0.948501872131601,0.17327353730797768,0.609824173618108,0.7419799794442952,0.23489240952767432,0.9693909497000277,0.8009449315723032,0.6016321540810168,20.07152190145534
0.6919930973090231,0.33393841912038624,0.369526672642678,0.2236545509658754,0.9707432815339416,0.3275706940330565,0.9506152116227895,0.7048157609533519,0.9192451313138008,0.7302365419454873,13.637105987519393
0.2747152498923242,0.41048758779652417,0.15822733379900455,0.8430011672899127,0.9663866448681802,0.31359448097646236,0.10816076770424843,0.1596307430882007,0.48740880377590656,0.3532427742611617,17.773992539810894
0.7399852620437741,0.45987962535582483,0.0113849937915802,0.5714096617884934,0.7736321068368852,0.32482838188298047,0.5027013344224542,0.4224150790832937,0.2549614810850471,0.5507454620674253,23.2579265724963
0.9725610313471407,0.9128339102026075,0.7755831980612129,0.5417861279565841,0.7439018664881587,0.6233446872793138,0.26523622730746865,0.3174545499496162,0.3143879391718656,0.5286458325572312,15.595010485824783
0.6198156049940735,0.6595222696196288,0.9832860978785902,0.6952873233240098,0.2557366508990526,0.7926845832262188,0.019828172167763114,0.76995879993774,0.17895188718102872,0.8400203462224454,24.090033109703224
0.8590706980321556,0.9968329344410449,0.9740475255530328,0.41444587823934853,0.6361205442808568,0.16186958481557667,0.3365259019192308,0.24657178996130824,0.7965207784436643,0.6334906965494156,17.233242939094655
0.32017157855443656,0.5006630674470216,0.8877086129505187,0.38387323706410825,0.9768864952493459,0.881891951430589,0.7215151046402752,0.20232006488367915,0.7416994993109256,0.4010463615413755,17.381068070914914
0.08139189705252647,0.560826150001958,0.9900145120918751,0.002466909121721983,0.5960927712731063,0.6891791233792901,0.7316649893764406,0.01014022994786501,0.6624810204375535,0.36762075359001756,9.804700833270646
0.4503534114919603,0.11091373045928776,0.15915480954572558,0.23588470928370953,0.7673919508233666,0.3708617442753166,0.8356415156740695,0.2993869816418737,0.3979337203782052,0.9655441250652075,7.8848779247968
0.42514602025039494,0.7921159346587956,0.5845088767819107,0.7351963114924729,0.19956794055178761,0.023093185620382428,0.4908065802883357,0.5533535773865879,0.3641089762095362,0.2235693719703704,15.446041624398354
0.22250629216432571,0.021598620107397437,0.6275307384785265,0.8096418401692063,0.8081472187768668,0.7953019740525633,0.14673782465979457,0.22305125440470874,0.3584790190216154,0.995683109620586,12.432096729336857
0.38413704256527126,0.6447079789359123,0.620736095122993,0.5140093632508069,0.041782346088439226,0.5308491925243288,0.6400239092763513,0.8354059921111912,0.46630117762833834,0.19219653867185116,11.420611376086809
0.04779937886632979,0.3122525657527149,0.9662980111315846,0.0741269167046994,0.9750660620629787,0.28482288774102926,0.3180323080159724,0.3346688293386251,0.7441365143749863,0.8792104923631996,10.396954775349949
0.01887409039773047,0.9091509119607508,0.15878713433630764,0.496562706772238,0.21856367867439985,0.45421806327067316,0.12386822514235973,0.5303745612036437,0.8082099664025009,0.8823885850142688,10.037667164918416
0.9613791857846081,0.9581391089595854,0.04498212621547282,0.35985201480798423,0.5197401191107929,0.35023904009722173,0.9554558091331273,0.7607406245078892,0.30296594998799264,0.49161836691200733,11.691007559023829
0.001399971079081297,0.46667389874346554,0.5598198717925698,0.8464658064767718,0.8493568475823849,0.8514117503073066,0.9765616073273122,0.8392527040559798,0.7988950978033245,0.8562190707307309,12.87728386331804
0.4940240455325693,0.8695912081748247,0.0799265238456428,0.27919555036351085,0.8355218574870378,0.6165441628545523,0.5081066028214991,0.8150323538575321,0.6362451941240579,0.8290840317495167,19.053602962507288
0.503189135575667,0.5106725329533219,0.014131957665085793,0.31854401621967554,0.05742684635333717,0.6106355576775968,0.4503874194342643,0.4751963750459254,0.8795512183569372,0.4839146239683032,16.28634763945481
0.3927908851765096,0.9792374107055366,0.4660943471826613,0.5418472362216562,0.02488668984733522,0.48417583224363625,0.058670059544965625,0.2385842560324818,0.7264034554827958,0.05368877830915153,15.168826682053735
0.3029891650658101,0.9148904201574624,0.9534837589599192,0.4382251789793372,0.8180011429358274,0.5670208306983113,0.657798542175442,0.9869691638741642,0.06529246084392071,0.8327298078220338,18.963071494214987
0.26278270152397454,0.6302925376221538,0.5489011132158339,0.17789779626764357,0.8787592258304358,0.09100107150152326,0.3366983849555254,0.5944605804979801,0.5678899369668216,0.9792148675769567,10.329580240751314
0.8632058759685606,0.7327071465551853,0.28578645712696016,0.749049600912258,0.29049993329681456,0.944270633161068,0.42761804978363216,0.15744658699259162,0.38748471322469413,0.4781232171226293,17.915902698602597
0.09828023239970207,0.646812689024955,0.566829752177,0.034427022095769644,0.29437659541144967,0.7080848198384047,0.8675582762807608,0.49362914776429534,0.17596988659352064,0.02119599375873804,3.039621324056367
0.06394070014357567,0.9733204650692642,0.11563752149231732,0.7536262557841837,0.3389308135956526,0.15140855452045798,0.38596999808214605,0.5911836309824139,0.4220664657186717,0.9118098199833184,14.720976176538178
0.6451249760575593,0.7382287711370736,0.3617229836527258,0.6861382501665503,0.22629276430234313,0.40440644533373415,0.9308736957609653,0.24733077827841043,0.016454737866297364,0.810327630257234,18.714177348681456
0.35515637625940144,0.010575755033642054,0.9316699046175927,0.9835161848459393,0.40103416983038187,0.6279673443641514,0.365769975585863,0.0929298794362694,0.5151227836031467,0.013531537260860205,14.602447377794046
0.5378280465956777,0.07893855287693441,0.30866823438555,0.8663267460651696,0.8447527065873146,0.22350133350118995,0.6678207744844258,0.24883728614076972,0.7531413838732988,0.8730844603851438,14.649890053296557
0.6590685429982841,0.8576076575554907,0.9766846816055477,0.368497270392254,0.6925548918079585,0.8437831725459546,0.12456280994229019,0.7632590741850436,0.17137851007282734,0.5165987599175423,21.554893096861733
0.10409129248000681,0.8907815767452121,0.3079324259888381,0.18417832860723138,0.9167408070061356,0.05740555073134601,0.6121967972721905,0.723950159503147,0.6226027887314558,0.6997594004496932,10.25821927573977
0.22361370408907533,0.742524626199156,0.25028431229293346,0.9445071404334158,0.7969262525439262,0.22218347736634314,0.025601185858249664,0.1875334712676704,0.22297138441354036,0.9356625415384769,19.003227718515877
0.2503985797520727,0.7331793098710477,0.3244299355428666,0.21474714018404484,0.26061423891223967,0.81667644623667,0.9481286178342998,0.5569629168603569,0.14966041641309857,0.24913365743122995,9.727109949885033
0.2527014494407922,0.36107512284070253,0.737373678246513,0.2068527233786881,0.75875334138982,0.33483811980113387,0.13455371768213809,0.2677487905602902,0.02982012927532196,0.01818893081508577,11.245866722308818
0.05339663033373654,0.06632121559232473,0.012849557679146528,0.11299898289144039,0.3489797180518508,0.03664964274503291,0.5325281408149749,0.041295478120446205,0.9460807747673243,0.36965070967562497,8.885868059795188
0.17320819362066686,0.2545877732336521,0.5863764274399728,0.56233254307881,0.373812384204939,0.0930335542652756,0.2070286264643073,0.6954777163919061,0.10895424894988537,0.9161231890320778,9.500029275444128
0.2449673069640994,0.6723988072481006,0.5474119659047574,0.49113958748057485,0.9163504813332111,0.7953104109037668,0.9432894964702427,0.7293588002212346,0.655128083191812,0.4353604279458523,16.343929579443273
0.6684900021646172,0.2351907875854522,0.8964712617453188,0.5002486566081643,0.4964145515114069,0.83238934003748,0.2741970468778163,0.04833045159466565,0.6857370410580188,0.9985720268450677,14.847276223895816
0.9647531718946993,0.696909548016265,0.85357147292234,0.14188683265820146,0.6351687037386,0.7056104657240212,0.629075484815985,0.140656519215554,0.5596584298182279,0.3659393433481455,15.581844248535797
0.473066664300859,0.3247209421824664,0.5770738120190799,0.45515936822630465,0.9377094944939017,0.35898399562574923,0.4706881120800972,0.3410911583341658,0.848256602184847,0.5465935587417334,14.836978648284969
0.1864397106692195,0.6318019945174456,0.24852397898212075,0.7014616837259382,0.06326586590148509,0.09066407824866474,0.4073129768949002,0.7870786928106099,0.5893199446145445,0.15190451173111796,13.860442297238043
0.6377306950744241,0.057647251756861806,0.40115185803733766,0.030010885326191783,0.227755130501464,0.07363982801325619,0.8776483472902328,0.4466218671295792,0.3601407145615667,0.5627829353325069,2.536585000932387
0.12112062377855182,0.07597301667556167,0.011965937213972211,0.4195844577625394,0.36147167813032866,0.9239506113808602,0.34237142326310277,0.2897017092909664,0.655896533979103,0.5365578676573932,12.095511910492903
0.7823533718474209,0.9947475614026189,0.7879533218219876,0.786330685717985,0.042101842584088445,0.4906320390291512,0.4685034805443138,0.5452083759009838,0.36152697331272066,0.6172712764237076,16.562252917803324
0.7111111448612064,0.3411559744272381,0.33979477593675256,0.3380667183082551,0.08907320001162589,0.46388972038403153,0.5893688381183892,0.6908952910453081,0.3242442721966654,0.198447102913633,11.293744058674518
0.34188451315276325,0.5067594803404063,0.5932103269733489,0.7946615247055888,0.561302779475227,0.2014901665970683,0.2564548768568784,0.39730439987033606,0.1506131326314062,0.2334645432420075,16.708186575252725
0.43583109113387764,0.9504372093360871,0.5798912283498794,0.7348191065248102,0.025177892297506332,0.19745067530311644,0.22680942178703845,0.5937398376408964,0.7341130415443331,0.12273309798911214,16.44340801561533
0.3355900561437011,0.4396009489428252,0.7635095636360347,0.9831610647961497,0.3320675191935152,0.20742615521885455,0.05116713582538068,0.5867802633438259,0.4717517055105418,0.23673586500808597,17.269443722946196
0.6608180881012231,0.5483837735373527,0.7603941531851888,0.8305046695750207,0.958321648882702,0.9061783696524799,0.01715414458885789,0.227111499523744,0.8793544431682676,0.49032415077090263,23.063799757781396
0.7971396541688591,0.5017141818534583,0.13768010470084846,0.716466017998755,0.4042401642072946,0.5553174566011876,0.07609325344674289,0.4560460129287094,0.2787584711331874,0.4933745109010488,22.554394231325908
0.19891215255483985,0.13626611814834177,0.28980712266638875,0.3478030380792916,0.5286764069460332,0.3601983122061938,0.40877671423368156,0.08400240121409297,0.22427520877681673,0.7188767017796636,6.541101240012382
0.9376895732712001,0.3007166269235313,0.2862894833087921,0.55071961437352,0.5615349416621029,0.05441885255277157,0.9021729580126703,0.9161940568592399,0.5238241935148835,0.10750292264856398,16.680339502218228
0.5733134329784662,0.9023964835796505,0.13917737733572721,0.18678444088436663,0.90054368856363,0.022936900379136205,0.3825981095433235,0.4872219611424953,0.047245752066373825,0.9490033288020641,17.662197781925585
0.9789835098199546,0.5696875713765621,0.9998773359693587,0.14317533769644797,0.06897803233005106,0.9088760616723448,0.2621191225480288,0.40997106372378767,0.8102861507795751,0.43321250658482313,16.921828818728187
0.06936210230924189,0.32661555730737746,0.9764836120884866,0.7285390577744693,0.8308628329541534,0.8708081929944456,0.8468511565588415,0.9126572504173964,0.5919826959725469,0.6170931721571833,17.233965075338666
0.26381650217808783,0.5854531873483211,0.39045072603039443,0.1366340797394514,0.944220979232341,0.9925563579890877,0.021413239184767008,0.5461848247796297,0.8568569882772863,0.3661752843763679,9.688767586273602
0.2989106965251267,0.9778764725197107,0.380505763925612,0.33109935326501727,0.7566271291580051,0.8097068129573017,0.4742960245348513,0.1926804226823151,0.6855394227895886,0.025664427783340216,15.956287425505426
0.9441483612172306,0.4070366423111409,0.8252679307479411,0.9935275046154857,0.9051960124634206,0.012594996253028512,0.18224602658301592,0.28984897513873875,0.8812591279856861,0.38239091518335044,25.38188997868194
0.7419443931430578,0.21635959297418594,0.5847950431052595,0.6854714357759804,0.6006908693816513,0.29707896895706654,0.17552833864465356,0.573386502917856,0.3382270494475961,0.05873300973325968,14.678212372410206
0.8435301457066089,0.935930336592719,0.3550435749348253,0.9396867649629712,0.8861589697189629,0.9579138504341245,0.33731695637106895,0.2727441652677953,0.5424965124111623,0.10925991972908378,19.99001008246492
0.793446839088574,0.09951297705993056,0.9822335557546467,0.8771726544946432,0.7463966626673937,0.5993286257144064,0.7736639047507197,0.24518992891535163,0.10375132714398205,0.13575342088006437,19.83640039690438
0.6472378575708717,0.18141727312467992,0.8702645609155297,0.5969339907169342,0.293583644554019,0.07913556415587664,0.6927064475603402,0.02163825579918921,0.12410992477089167,0.8090242224279791,14.967664092191725
0.7878077139612287,0.5755391239654273,0.5595928826369345,0.904210859676823,0.08054533135145903,0.5948638548143208,0.2598329789470881,0.053536911495029926,0.9365161941386759,0.9219855710398406,19.02232968543053
0.3739412077702582,0.8514983511995524,0.9113806448876858,0.8209306756034493,0.14226690283976495,0.4637004188261926,0.8928356859833002,0.7341507696546614,0.5307682014536113,0.6927661604713649,21.23856033748682
0.11113927024416625,0.7843472938984632,0.6438549619633704,0.6429334611166269,0.40246682800352573,0.6026808319147676,0.34989952691830695,0.869500586297363,0.5291858064010739,0.07665416714735329,10.962462993061449
0.9091590736061335,0.08301664632745087,0.7651810743845999,0.215782969025895,0.23529690969735384,0.24719067011028528,0.8332785367965698,0.2477964658755809,0.57103326683864,0.6529774428345263,6.618613671678718
0.9675780024845153,0.6907186333555728,0.5679921063128859,0.05379527388140559,0.5986317277420312,0.8236728557385504,0.4633483807556331,0.7342946655116975,0.3298120219260454,0.49116048379801214,12.978964843199872
0.10070361965335906,0.37759631080552936,0.6409901399165392,0.845053639030084,0.9307646527886391,0.8233051823917776,0.3441389398649335,0.7493452450726181,0.17629287601448596,0.5889412104152143,14.77787883515875
0.7409427547827363,0.15775669692084193,0.18442457541823387,0.9998647149186581,0.015341269318014383,0.9194942368194461,0.31205270113423467,0.6728202265221626,0.7832961396779865,0.9125767287332565,15.372615526218704
0.7251367012504488,0.8449220249895006,0.5088006434962153,0.4108246264513582,0.2154672578908503,0.28341916762292385,0.24962998926639557,0.7858394200447947,0.8326398245990276,0.20597753510810435,13.942030197200797
0.06306213745847344,0.49484361382201314,0.7039089298341423,0.764460333622992,0.4894440716598183,0.8277160034049302,0.33408649754710495,0.6333130113780499,0.3786643610801548,0.41395369987003505,12.923520832059985
0.04930777079425752,0.7785975604783744,0.377949352376163,0.7102659125812352,0.5209321456495672,0.44801161508075893,0.6201649170834571,0.16178305400535464,0.7791500848252326,0.9234166475944221,11.87913566936751
0.2156878754030913,0.48561600781977177,0.13574633980169892,0.4350285881664604,0.9113638738635927,0.742696558823809,0.8687408410478383,0.5445225150324404,0.23661486222408712,0.2281454976182431,14.590612619924318
0.4826709365006536,0.7070133143570274,0.36556009482592344,0.6325376965105534,0.9966387911699712,0.5981754260137677,0.998572014272213,0.4277977307792753,0.1144365940708667,0.29521951684728265,21.489943532679817
0.504201662959531,0.7874604298267514,0.7951618046499789,0.46776572964154184,0.15474833664484322,0.33921100525185466,0.17446629842743278,0.6278744454029948,0.11017001420259476,0.7339520063251257,16.540972353347055
0.8295223964378238,0.8435089574195445,0.2386108278296888,0.06895267171785235,0.311691660201177,0.9447916466742754,0.16145919053815305,0.47926422115415335,0.8254867447540164,0.4999980165157467,12.90881011981065
0.009198106592521071,0.15083692339248955,0.634725806536153,0.5936169764027,0.30369681282900274,0.543262233491987,0.2938225958496332,0.6939037144184113,0.5690398716833442,0.19400991476140916,8.85544031373143
0.8918815501965582,0.9138297135941684,0.735718411160633,0.9615358007140458,0.11384794558398426,0.48275624215602875,0.4073454535100609,0.2464554151520133,0.780569305177778,0.5504859201610088,16.893420346786126
0.9922517044469714,0.8062227782793343,0.8692239981610328,0.7902028665412217,0.3013777758460492,0.8770063207484782,0.2627618939150125,0.9762803525663912,0.8876084277871996,0.037015414563938975,18.299728346404176
0.53793313074857,0.11943391896784306,0.15453367331065238,0.8248586319386959,0.5381934675388038,0.3978733364492655,0.06848846073262393,0.6843667330686003,0.7358995813410729,0.18656728928908706,16.528548388463726
0.13345055631361902,0.8342591731343418,0.934509726241231,0.9419500774238259,0.12552617932669818,0.30046931467950344,0.923896859632805,0.042294397950172424,0.9478171542286873,0.4483305858448148,17.86362638826168
0.647754326928407,0.5911801215261221,0.2777881131041795,0.3622408879455179,0.6088524886872619,0.8639441509731114,0.6442392240278423,0.11363373650237918,0.9190618863794953,0.5699330752249807,17.547812342381235
0.23969392548315227,0.43289787671528757,0.831503983354196,0.2613515853881836,0.9321472423616797,0.44988972577266395,0.10781235643662512,0.5817477542441338,0.874527700478211,0.533600908704102,12.579462273995004
0.44448240636847913,0.5606993422843516,0.8108764095231891,0.860566865419969,0.4452618360519409,0.4115446493960917,0.7887354104313999,0.0835027783177793,0.9082312560640275,0.8519781443756074,19.02982463142874
0.4825654502492398,0.023337860591709614,0.8010851382277906,0.26035335822962224,0.5569620940368623,0.5956882410682738,0.8724312258418649,0.36138308444060385,0.936195373069495,0.8587858465034515,8.787560802321666
0.9759237279649824,0.6772473088931292,0.8245508230756968,0.2596949392464012,0.17749334149993956,0.06606503645889461,0.06545912264846265,0.013309952104464173,0.7552332230843604,0.0027228507678955793,13.365461650535877
0.3051584742497653,0.677723889471963,0.976016883738339,0.8308361684903502,0.21516255591996014,0.9281148510053754,0.24137891712598503,0.7721776980906725,0.2765807693358511,0.9970991055015475,19.776099398737724
0.7494178300257772,0.3839824490714818,0.002734614536166191,0.8114970605820417,0.4332997999154031,0.02302227122709155,0.004240836249664426,0.06570763420313597,0.5277171232737601,0.06935031805187464,21.55538880123946
0.6861848852131516,0.10584615147672594,0.9614552110433578,0.9211479825899005,0.45509265130385756,0.9810605393722653,0.6868090382777154,0.84554731589742,0.6905783305410296,0.42294162325561047,18.13131042347392
0.041566997999325395,0.14379788911901414,0.8772399069275707,0.6158963821362704,0.6957325318362564,0.2979109059087932,0.8547613613773137,0.6514273923821747,0.29282365762628615,0.7951073825825006,12.520737547592603
0.3551013784017414,0.9620349353644997,0.3045776297803968,0.7623004934284836,0.3499233976472169,0.32786689908243716,0.20983030484057963,0.8883271473459899,0.06923613767139614,0.5181337958201766,19.851585937696903
0.17878797627054155,0.6611057356931269,0.6386026404798031,0.21364717977121472,0.6088440453168005,0.99001669511199,0.6775164410937577,0.6665223850868642,0.9074376558419317,0.12099811434745789,9.666120179452196
0.006318657426163554,0.4554913395550102,0.2891867640428245,0.8931738089304417,0.3383134384639561,0.8079499523155391,0.08155893464572728,0.5036384065169841,0.27214807900600135,0.023591434815898538,13.062182617107366
0.8838142852764577,0.25391394831240177,0.7750804140232503,0.7580119299236685,0.9009048594161868,0.3339327566791326,0.08447761321440339,0.07238146290183067,0.8736407798714936,0.5705543595831841,19.85812088014316
0.13558295695111156,0.6594179484527558,0.4038764557335526,0.2945473825093359,0.1462305032182485,0.23075499525293708,0.9656207174994051,0.09691451024264097,0.4047177161555737,0.26248837634921074,6.121036131071766
0.676614066818729,0.4375217955093831,0.9940518264193088,0.5039202396292239,0.3814841436687857,0.1677460994105786,0.4684925954788923,0.20080607803538442,0.4758744079153985,0.016917132772505283,19.20158294679211
0.5424815281294286,0.512385340873152,0.9531145349610597,0.5472514296416193,0.5275341710075736,0.5221013950649649,0.832677501719445,0.5128611309919506,0.7190377966035157,0.16987692867405713,20.10146523083494
0.8409976866096258,0.5405615887138993,0.7937858325894922,0.3804742437787354,0.7004300851840526,0.9661696273833513,0.06280826893635094,0.15710324700921774,0.4609426073729992,0.857471814379096,17.86823079553783
0.4766261193435639,0.47553059784695506,0.024948999751359224,0.6799604173284024,0.38919838471338153,0.20152132399380207,0.023400953505188227,0.8395996913313866,0.6965518693905324,0.5339235351420939,18.831359919758615
0.4292759245727211,0.9839969531167299,0.4753483314998448,0.29599852999672294,0.17813636432401836,0.13409627485089004,0.976200804580003,0.36827042745426297,0.3670032157097012,0.5923706656321883,13.686411752781433
0.9369105941150337,0.5297229313291609,0.5263909744098783,0.07835205411538482,0.6552613233216107,0.2593632524367422,0.827284726081416,0.7040474927052855,0.706837062491104,0.6199213964864612,14.259450244227757
0.49706827686168253,0.19304426689632237,0.5613026865758002,0.3716909431386739,0.5083884033374488,0.6333413950633258,0.012372444616630673,0.6196916713379323,0.24840257526375353,0.36912135500460863,9.213455939160292
0.8574221637099981,0.49667916377075016,0.49995339033193886,0.2814487658906728,0.5082801165990531,0.12050178553909063,0.15902586420997977,0.03977012634277344,0.6927196418400854,0.01993704424239695,14.600191148544486
0.4117019094992429,0.18730217753909528,0.6779568097554147,0.7766881980933249,0.9103515173774213,0.8662723421584815,0.09487896459177136,0.15291798650287092,0.1610276447609067,0.9570271961856633,15.861449663831062
0.00869358517229557,0.125437555834651,0.7788826597388834,0.37698167539201677,0.3487905468791723,0.8365951413288713,0.5078993192873895,0.3152308943681419,0.4066128358244896,0.06081744027324021,6.994425572446553
0.09387331060133874,0.10457723890431225,0.4309932175092399,0.017867701593786478,0.872699883999303,0.07850373815745115,0.608141002478078,0.023601072607561946,0.21613048831932247,0.2697585695423186,6.229808866755793
0.1298462087288499,0.5664602222386748,0.8085625569801778,0.23649290902540088,0.5241135859396309,0.3084056102670729,0.8089124022517353,0.4444814932066947,0.5820099762640893,0.8630107464268804,9.247971824250504
0.856977884657681,0.40200928575359285,0.020372780039906502,0.4871927115600556,0.48361244914121926,0.7453136001713574,0.36640841513872147,0.27288662688806653,0.7367373090237379,0.5155084382276982,18.510509365599965
0.07767227641306818,0.1087016190867871,0.6682479875162244,0.4940086102578789,0.17935763881541789,0.048539266688749194,0.7359384146984667,0.9125219276174903,0.1326066949404776,0.13562706112861633,6.183537253941529
0.6867630914784968,0.981470086844638,0.9878907527308911,0.6324069888796657,0.47203174978494644,0.5981037491001189,0.8497293246909976,0.6730409753508866,0.2602422123309225,0.8463872594293207,23.520262343046987
0.36558026541024446,0.6899036432150751,0.8945615189149976,0.8208206358831376,0.41943138069473207,0.14189487416297197,0.9757173990365118,0.4067795716691762,0.6934490818530321,0.8234567493200302,20.968015999324145
0.7538768753875047,0.6857852709945291,0.372700730105862,0.02384564746171236,0.13910672068595886,0.6208530892618,0.9941753975581378,0.7880336814559996,0.2760166274383664,0.8287429807242006,9.356611544192132
0.8981467674020678,0.32986161741428077,0.2267025716137141,0.4000001202803105,0.5827459054999053,0.05407516285777092,0.31119234347715974,0.11111918441019952,0.3001629237551242,0.9689308227971196,16.95673250090349
0.7698612650856376,0.34647472156211734,0.5032862038351595,0.81602564570494,0.7330952039919794,0.8416945606004447,0.17127682478167117,0.06444981740787625,0.1696290853433311,0.7459532567299902,20.339882264550628
0.6357502343598753,0.24444389319978654,0.4340144970919937,0.8375047550071031,0.08024420076981187,0.9306036839261651,0.1544590932317078,0.1293380509596318,0.04026711196638644,0.1416935755405575,14.820584479261036
0.4233609966468066,0.2758842019829899,0.16799971042200923,0.7568769173230976,0.49337369529530406,0.9645392943639308,0.1780819073319435,0.024986664298921824,0.6876931765582412,0.07116681220941246,15.649627043592108
0.5502057813573629,0.24960625055246055,0.2552931378595531,0.017571450909599662,0.6486499689053744,0.7065903835464269,0.5195334772579372,0.6680966110434383,0.3506767831277102,0.7761423322372139,6.685844550387995
0.8064165050163865,0.34561962517909706,0.5415658492129296,0.6987291099503636,0.4942465526983142,0.30830907518975437,0.5868464447557926,0.46895120409317315,0.9537467441987246,0.19091444602236152,16.575416814578308
0.5104170034173876,0.9626264506950974,0.9863630854524672,0.7417396460659802,0.32804795866832137,0.03969884314574301,0.8681183240842074,0.9285980174317956,0.16753362398594618,0.9854986651334912,22.01243546559824
0.7103294713888317,0.6276340051554143,0.8085271557793021,0.09881377639248967,0.7462342705111951,0.9931719282176346,0.08064689324237406,0.3214271196629852,0.004789549857378006,0.8901656391099095,16.985619822447592
0.1558959921821952,0.5637870957143605,0.5185667369514704,0.7365230221766979,0.707461548037827,0.8537366774398834,0.25389800569973886,0.0029444119427353144,0.5964713948778808,0.7922512551303953,13.430105484189214
0.7421015724539757,0.25024765939451754,0.03926774067804217,0.6575989059638232,0.14457756374031305,0.8553428815212101,0.09433658234775066,0.8999933719169348,0.38047230732627213,0.5260874405503273,18.697476724504327
0.033003605203703046,0.5941991517320275,0.43549757404252887,0.2488658269867301,0.1591580647509545,0.9061265320051461,0.6147920247167349,0.14138428214937449,0.1909098185133189,0.4014331423677504,4.185175108436187
0.6920561932493001,0.27989953313954175,0.45746605354361236,0.33655647397972643,0.34545172564685345,0.18390049482695758,0.36263934313319623,0.46292586461640894,0.8002885533496737,0.7128855062182993,10.527544224729667
0.24493392766453326,0.08638913254253566,0.25241056573577225,0.7753420535009354,0.5169376868288964,0.3429966224357486,0.44900086312554777,0.6988197898026556,0.17658825288526714,0.2511216118000448,13.045517469252903
0.03825079696252942,0.19566456461325288,0.23280885419808328,0.08665002277120948,0.7561626019887626,0.251144896261394,0.3216330921277404,0.9632567726075649,0.028335775015875697,0.581995154498145,6.382040889810223
0.16565611865371466,0.05786261218599975,0.272088167257607,0.29163301014341414,0.20595652307383716,0.9095852226018906,0.7496990442741662,0.09505708329379559,0.006658399477601051,0.12832110794261098,6.867073612559565
0.5408444551285356,0.166059477487579,0.8756705955602229,0.18021570914424956,0.7442497229203582,0.4330047187395394,0.9966063448227942,0.5118110743351281,0.41213392931967974,0.5885095770936459,11.434043726429545
0.7276204102672637,0.2840052987448871,0.33779517048969865,0.801791031844914,0.39896164438687265,0.29079835559241474,0.14591092336922884,0.3478293400257826,0.9968898049555719,0.2818941662553698,15.927183740435275
0.9813899269793183,0.04397216229699552,0.004301796201616526,0.5607969101984054,0.5269929459318519,0.9792996402829885,0.3494708454236388,0.051598239690065384,0.05118891131132841,0.08388618589378893,15.49842625050346
0.4453054831828922,0.9176590892020613,0.3467009246814996,0.7271305625326931,0.12944802013225853,0.26529474137350917,0.0649929759092629,0.1134772663936019,0.7972702600527555,0.16724667302332819,17.367409674831027
0.7570963383186609,0.7774649024941027,0.4415040956810117,0.01623586262576282,0.6522310508880764,0.7047336061950773,0.010812205262482166,0.4689287506043911,0.4958947622217238,0.1485271891579032,12.098536746155485
0.8585344492457807,0.8231433329638094,0.4429548850748688,0.44815240311436355,0.7588203749619424,0.5622954701539129,0.0741436795797199,0.4393239659257233,0.8930598669685423,0.145598805276677,17.09865843753048
0.36005869321525097,0.8212474517058581,0.6054402349982411,0.260058670071885,0.6881990579422563,0.08477642107754946,0.6150764569174498,0.6745896260254085,0.7412165047135204,0.9623162988573313,14.247104537713168
0.6052854454610497,0.5931907885242254,0.9061324233189225,0.16262090555392206,0.7399124219082296,0.4888209248892963,0.3527197220828384,0.5303790306206793,0.2654174049384892,0.5052238104399294,17.13265002632403
0.4847386216279119,0.981983011122793,0.8566900508012623,0.35419236216694117,0.41876797610893846,0.7710312455892563,0.5346311773173511,0.30611697514541447,0.7078062810469419,0.11352250725030899,17.697104727187153
0.6152295691426843,0.07541662245057523,0.8594711683690548,0.8908577186521143,0.5481839112471789,0.8116248617880046,0.0008758127223700285,0.3556955219246447,0.2644495398271829,0.9510061489418149,15.422869646166669
0.7493248856626451,0.2444757071789354,0.7165101876016706,0.2054136956576258,0.03157925186678767,0.7210222575813532,0.9704578511882573,0.9899337012320757,0.9322549786884338,0.1906903488561511,8.769942126444999
0.8136502008419484,0.5778959454037249,0.8168651778250933,0.9105604442302138,0.862267816439271,0.7981446892954409,0.6690048142336309,0.5455509030725807,0.4206136877182871,0.3509070898871869,25.208275841797377
0.028582874219864607,0.5885391514748335,0.35240741819143295,0.9958999855443835,0.28866898408159614,0.863909883890301,0.11963519221171737,0.06444219988770783,0.29409287846647203,0.5575119382701814,11.563669532358965
0.7481388545129448,0.12130415183492005,0.03049771045334637,0.6634233938530087,0.6396186470519751,0.7426439623814076,0.6587742739357054,0.6793179083615541,0.044111061841249466,0.43478550063446164,15.554053234525112
0.4380101915448904,0.6635239103343338,0.43203827482648194,0.10688488534651697,0.560503704007715,0.1854680848773569,0.703788427170366,0.25256620813161135,0.337649013614282,0.20146972872316837,10.180359329348272
0.374684278620407,0.9107567127794027,0.1176081143785268,0.6849764510989189,0.2684054966084659,0.8974273062776774,0.782752332277596,0.4306843467056751,0.49576472397893667,0.6641851745080203,20.838060216832577
0.8323070530313998,0.7055733683519065,0.8732997810002416,0.6116092170123011,0.4376606198493391,0.6365158907137811,0.0013390900567173958,0.6987297323066741,0.4738888810388744,0.5723391473293304,20.424921219028594
0.20719587849453092,0.6172715581487864,0.05222382303327322,0.5416402611881495,0.4794660003390163,0.7527375752106309,0.7840889173094183,0.8310931317973882,0.2374807153828442,0.8297001901082695,15.357861367920929
0.9703287954907864,0.7894409513100982,0.7393178162164986,0.15340327541343868,0.9416347627993673,0.5177340272348374,0.2640958749689162,0.02284098486416042,0.008615204365924,0.30674099549651146,14.916549607495451
0.8560542636550963,0.4076259257271886,0.4819422084838152,0.4172666778322309,0.5758882933296263,0.7303493034560233,0.7139257253147662,0.9278378286398947,0.5491219265386462,0.12133029452525079,16.676047292417955
0.9737291394267231,0.29454129934310913,0.3880163221620023,0.4092055638320744,0.765051914844662,0.10262831579893827,0.19534514169208705,0.015745874727144837,0.4891057829372585,0.7582694592420012,15.871213121502157
0.15101717924699187,0.3390398947522044,0.5738910334184766,0.37161137303337455,0.325194442179054,0.744523752713576,0.06913053058087826,0.4688960772473365,0.9141698959283531,0.12907414231449366,8.206178322974392
0.19963835459202528,0.2444539531134069,0.5551320475060493,0.8116638190113008,0.3920672945678234,0.5677718189544976,0.2406710870563984,0.9645420680753887,0.3196543587837368,0.9884783222805709,12.797426073710948
0.7637983176391572,0.37673021317459643,0.8850528495386243,0.4773163911886513,0.3642635017167777,0.999247050145641,0.4288287339732051,0.13520060549490154,0.3802825612947345,0.4885597159154713,17.72216137152774
0.5809729506727308,0.09989954368211329,0.9249535806011409,0.31604231032542884,0.7961281738243997,0.24093173793517053,0.8803337367717177,0.7965856886003166,0.8065236650872976,0.03460830170661211,12.686432634640063
0.5999534435104579,0.30283613316714764,0.5501693233381957,0.6230899093206972,0.5745372604578733,0.29624746507033706,0.16526020877063274,0.2168128441553563,0.6123176091350615,0.6534241009503603,13.395863161328721
0.26100932992994785,0.04683704115450382,0.6522956390399486,0.48990879603661597,0.3671802671160549,0.20348250144161284,0.18235363182611763,0.5056242940481752,0.15046304231509566,0.8531551843043417,8.77911385200592
0.8909444720484316,0.14978427509777248,0.6418491257354617,0.6817452509421855,0.517657175892964,0.2965447891037911,0.11370926909148693,0.08025817526504397,0.008586055831983685,0.9181466132868081,14.060996465578125
0.6772119696252048,0.21686246967874467,0.15067518292926252,0.5252995654009283,0.35723219625651836,0.21186239132657647,0.6901431151200086,0.12096184934489429,0.651365167926997,0.9997116264421493,15.316830712122787
0.45966148376464844,0.4785252383444458,0.3129238886758685,0.05707771726883948,0.8592199375852942,0.06957852561026812,0.08860566676594317,0.44698457093909383,0.7373347596731037,0.07020783168263733,11.456932722465714
0.7884908125270158,0.9080203452613205,0.7209640024229884,0.7415946319233626,0.32076331228017807,0.6976238624192774,0.3568803803063929,0.7630878784693778,0.06236743531189859,0.8265448044985533,17.26229549559025
0.07642963319085538,0.24776365980505943,0.18756996537558734,0.09158765547908843,0.02860648650676012,0.3528607226908207,0.8080870276317,0.018719526007771492,0.17427078122273088,0.790784272365272,2.7529516426573797
0.662859225878492,0.4792449160013348,0.6767731697764248,0.8969790714327246,0.956474133534357,0.8802262225653976,0.827576981857419,0.969341320451349,0.7043872680515051,0.474719274090603,23.310955880606688
0.8076774457003921,0.05024094763211906,0.7983510545454919,0.6462125116959214,0.04425647109746933,0.5597098313737661,0.09060371667146683,0.33849825081415474,0.420473700389266,0.9604354701004922,7.559986147852268
0.6197730705607682,0.059481015196070075,0.4149735646788031,0.8778090716805309,0.509748267242685,0.5803964831866324,0.8737297540064901,0.9091399835888296,0.4451804158743471,0.17688867659308016,12.580714684467925
0.04377163155004382,0.07837940379977226,0.04177641263231635,0.42601826530881226,0.22884612530469894,0.09539038129150867,0.6400998593308032,0.9946038464549929,0.13378732791170478,0.9710058970376849,8.864212403032145
0.02241547405719757,0.6732099424116313,0.5331762791611254,0.04401894588954747,0.3268372295424342,0.8825218298006803,0.3927912584040314,0.213906992925331,0.4846959668211639,0.13358012260869145,2.1093154047525986
0.4325956436805427,0.6975490336772054,0.41505311662331223,0.2890425624791533,0.30280317342840135,0.2085954963695258,0.3056764684151858,0.35384975047782063,0.34193088114261627,0.17154603311792016,13.660309705331029
0.9191933383699507,0.1840233546681702,0.7614232681225985,0.21004626690410078,0.005438771098852158,0.2431866335682571,0.9671521272975951,0.47121974802576005,0.6085564640816301,0.9302597085479647,9.152330685548666
0.9187717677559704,0.46511668083257973,0.10805761441588402,0.9183653695508838,0.6023552275728434,0.23289845208637416,0.8989769220352173,0.955675860401243,0.36256815912202,0.7356373828370124,25.4392583656923
0.673880607355386,0.7071804490406066,0.9575922805815935,0.1633315843064338,0.3200957134831697,0.5539079485461116,0.06608171947300434,0.6306174525525421,0.36376010184176266,0.18562117288820446,19.20623124033409
0.5016415943391621,0.20096751465462148,0.7265679973643273,0.5649817192461342,0.5542053121607751,0.3600143468938768,0.8282337496057153,0.7061550635844469,0.16804256779141724,0.6940616311039776,10.07818945186015
0.6148267742246389,0.4931378341279924,0.37980866339057684,0.15371909434907138,0.033943290589377284,0.015468535013496876,0.4804166394751519,0.42698914068751037,0.22475567366927862,0.5599936214275658,8.196340451364772
0.546294228406623,0.4117438767571002,0.7773036703001708,0.6674241509754211,0.6639062419999391,0.40494212368503213,0.9046207552310079,0.5015260323416442,0.7731536424253136,0.0014947475865483284,18.92621879414175
0.36573994904756546,0.7862822473980486,0.33057390758767724,0.26803364721126854,0.874482000945136,0.38923674495890737,0.5473382528871298,0.24299586401320994,0.5682337994221598,0.10161453695036471,16.37473739383465
0.4411598462611437,0.26364337862469256,0.7639493818860501,0.2598410686478019,0.05316962720826268,0.3585451564285904,0.9488085627090186,0.5419999591540545,0.07037990586832166,0.7378451465629041,8.780472052700825
0.372742248699069,0.8650000556372106,0.1409198623150587,0.8958687991835177,0.9403336294926703,0.009016369469463825,0.6460644118487835,0.8297102132346481,0.4589796280488372,0.6590281862299889,24.807813350418503
0.7664818265475333,0.5051999809220433,0.7970687036868185,0.8231885400600731,0.49843160854652524,0.917700516525656,0.4497635252773762,0.7760989179369062,0.3660355636384338,0.7835145955905318,22.00111162693986
0.2624716672580689,0.15622017439454794,0.02226318744942546,0.8118801387026906,0.12473352183587849,0.6455994171556085,0.2766272865701467,0.9609400746412575,0.5665574634913355,0.7524551346432418,12.439124138407259
0.2780534855555743,0.043476155726239085,0.21992823062464595,0.813072576187551,0.013446656987071037,0.18527548969723284,0.22172870463691652,0.31451745703816414,0.9722637569066137,0.35913237161003053,10.40401229242235
0.4071504913736135,0.3413928267545998,0.33973752218298614,0.7393392764497548,0.1240497746039182,0.28678910597227514,0.5650822930037975,0.19181222026236355,0.6334505013655871,0.9738681665621698,11.145634293186578
0.5926361414603889,0.3987315313424915,0.30552439531311393,0.7552008701022714,0.04800924495793879,0.4280007635243237,0.8429784218315035,0.00964426388964057,0.5548740914091468,0.5990088186226785,14.338179804118889
0.03615556238219142,0.62412254139781,0.8670916783157736,0.39611882506869733,0.7175860065035522,0.6898461687378585,0.7709284075535834,0.2051862191874534,0.2883276741486043,0.8623621196020395,12.517706188592605
0.48862373107112944,0.5251715739723295,0.8534303936176002,0.3506322526372969,0.7279284461401403,0.1918618562631309,0.19344381452538073,0.5304161922540516,0.048790741711854935,0.5407463675364852,18.25579080978214
0.026465711649507284,0.7061583388131112,0.5218783135060221,0.679775713942945,0.856235520215705,0.7199272867292166,0.7744835051707923,0.9679212435148656,0.7708285658154637,0.577263833489269,10.665050054059815
0.3728422906715423,0.0372691904194653,0.5384428729303181,0.14577197236940265,0.28424152405932546,0.16740637831389904,0.022596292197704315,0.7624243425671011,0.08592731901444495,0.018423359375447035,1.250257719554018
0.787062582327053,0.21915709669701755,0.12258486612699926,0.43757533584721386,0.33678704663179815,0.7280730393249542,0.16477391915395856,0.8202559230849147,0.1528227215167135,0.64481256227009,13.49319492026698
0.4668934587389231,0.5258480897173285,0.20896941563114524,0.7837269762530923,0.8384460071101785,0.9597141586709768,0.0834926594980061,0.20565050281584263,0.057965486543253064,0.7402963321655989,19.119956815077302
0.5042023733258247,0.28316395333968103,0.3260066229850054,0.612342851003632,0.1397188410628587,0.1513959621079266,0.5704902801662683,0.8878064879681915,0.4994752744678408,0.6239667178597301,11.910347012290126
0.059423023369163275,0.8198470196221024,0.4861109065823257,0.6748580629937351,0.009120559319853783,0.6243417605292052,0.6103413067758083,0.9819819908589125,0.2619764602277428,0.06809017970226705,7.875022576908257
0.3874792631249875,0.8935130115132779,0.6150922512169927,0.565844751894474,0.5542789918836206,0.8472296255640686,0.6358316789846867,0.5679468007292598,0.3689169951248914,0.2693695349153131,18.32593525545897
0.780670405132696,0.5121604844462126,0.9677036530338228,0.10784901538863778,0.24419413041323423,0.7742335861548781,0.7820452705491334,0.8324403266888112,0.17377808364108205,0.024097889428958297,16.120230339253393
0.5335491891019046,0.30475007044151425,0.4561628943774849,0.0635409546084702,0.17019298393279314,0.9800126415211707,0.815803524106741,0.16334267798811197,0.10127458325587213,0.49257926107384264,5.420492459785431
0.5199923324398696,0.32287501567043364,0.21226123394444585,0.3787408892530948,0.5270357055123895,0.3060587760992348,0.18842391367070377,0.6452320264652371,0.7960295975208282,0.7307153239380568,12.078484940754965
0.32809865148738027,0.8507379828952253,0.03387774620205164,0.7545467298477888,0.07930201664566994,0.4417329824063927,0.614791473839432,0.2519703679718077,0.26340363058261573,0.5698373103514314,19.81334518946315
0.9963270288426429,0.91987752658315,0.25830533099360764,0.7402843360323459,0.03411220433190465,0.07068172213621438,0.8629755678121,0.7312169927172363,0.7677277245093137,0.1067811471875757,10.901543235899418
0.5599775910377502,0.583742389222607,0.43508831528015435,0.32573447236791253,0.5114545112010092,0.19126916327513754,0.25957422610372305,0.7874905141070485,0.6251069565769285,0.35558395413681865,14.321361588242574
0.7131838947534561,0.07314586453139782,0.9638355635106564,0.12050207913853228,0.2007807290647179,0.8448648748453707,0.5772606851533055,0.1846016445197165,0.32398107927292585,0.49425214785151184,9.252391669367936
0.04850441822782159,0.922687194077298,0.3066957537084818,0.2409018548205495,0.7098340503871441,0.705802786629647,0.6123783644288778,0.31942598847672343,0.4123418505769223,0.974044889677316,7.240800250089951
0.6943109137937427,0.20932775200344622,0.8004795375745744,0.4877360984683037,0.9164856446441263,0.3611462388653308,0.2938413128722459,0.718679430661723,0.39424252649769187,0.16179835074581206,15.290149811711846
0.4483793240506202,0.13888460560701787,0.06391341844573617,0.4739612841513008,0.272297537419945,0.08628176664933562,0.07809797395020723,0.06855217344127595,0.9050507419742644,0.24919184460304677,13.367522954752285
0.8127534710802138,0.016805490711703897,0.8779262981843203,0.07464535627514124,0.15483752894215286,0.26848658197559416,0.06499382597394288,0.9106219641398638,0.7209123848006129,0.7969622563105077,4.565545518011781
0.02651921147480607,0.8486674022860825,0.3606240611989051,0.13162964535877109,0.7309469804167747,0.5334544798824936,0.1021773717366159,0.8515286503825337,0.20101216924376786,0.31213917164132,7.083059321240073
0.08355015330016613,0.8331787213683128,0.7637028291355819,0.750434240559116,0.4921943519730121,0.5048810082953423,0.10239192214794457,0.8295523198321462,0.21035156841389835,0.5238015800714493,13.723130735652694
0.5315644151996821,0.6550919995643198,0.7472332059405744,0.10223612212575972,0.07295568380504847,0.6792003298178315,0.4263789542019367,0.6144439748022705,0.37300410750322044,0.8585863539483398,11.42712821794416
0.310704076429829,0.9121030946262181,0.07373333442956209,0.7034216281026602,0.6281605816911906,0.30411462765187025,0.25433819834142923,0.26966856699436903,0.40715438197366893,0.7207592080812901,22.0339288133702
0.7557073435746133,0.2867790467571467,0.019785709446296096,0.4500746380072087,0.4020068438258022,0.8238805008586496,0.29986119200475514,0.6831684622447938,0.931806307984516,0.9331592377275229,17.524228302902124
0.9935589951928705,0.09537410922348499,0.26362819131463766,0.5069833241868764,0.3882162880618125,0.6989967874251306,0.590802630642429,0.16564115090295672,0.2145725933369249,0.7147472817450762,11.4052784111918
0.15739074372686446,0.826989448396489,0.8972913264296949,0.11576460371725261,0.18948047305457294,0.8520378929097205,0.5531859789043665,0.20515916612930596,0.6606196942739189,0.40422496059909463,8.790346697511394
0.4170254459604621,0.2746734572574496,0.15692828362807631,0.9420395558699965,0.08982603577896953,0.11957152071408927,0.6258898701053113,0.7691694826353341,0.48831362929195166,0.807470727711916,15.149438763398711
0.42917931638658047,0.3174926214851439,0.23959435569122434,0.8310888193082064,0.6225120215676725,0.28863743133842945,0.9206254801247269,0.7010380474384874,0.9825682111550122,0.07089899340644479,16.655226332203984
0.009393027052283287,0.09116090228781104,0.9762666516471654,0.853860275587067,0.14697544556111097,0.06547375698573887,0.016623983392491937,0.45003738440573215,0.15217108349315822,0.5538714318536222,12.065055320500363
0.9320051318500191,0.37152634817175567,0.1629421655088663,0.6459965275134891,0.6379417874850333,0.09142534038983285,0.376589966006577,0.3195367306470871,0.1262773449998349,0.6922710619401187,20.616721791767016
0.19390088645741343,0.8942581471055746,0.603128720074892,0.49430693802423775,0.02787516452372074,0.13397956104017794,0.9598454204387963,0.6528636494185776,0.18490088894031942,0.41134382924064994,10.017436878969182
0.6431585717946291,0.01803295756690204,0.30730786989443004,0.40541239245794713,0.4016479020938277,0.19333930173888803,0.05844830279238522,0.40758438827469945,0.4590483852662146,0.6325458867941052,6.839236077846788
0.7673639652784914,0.4145529030356556,0.21917112916707993,0.39282537158578634,0.8926185735035688,0.46147686522454023,0.6764464508742094,0.2130667078308761,0.5166890593245625,0.04557914845645428,18.381636403826093
0.506226790137589,0.342845342354849,0.7636314961127937,0.2390712893102318,0.8143124328926206,0.7635421012528241,0.6960517365951091,0.1817777487449348,0.19952231575734913,0.39412508253008127,12.494624943232443
0.687291219830513,0.7061376185156405,0.3732902731280774,0.2169104868080467,0.36837211926467717,0.6739860100205988,0.47118294332176447,0.7360606165602803,0.2468409026041627,0.3948255102150142,14.369330777421073
0.9752087832894176,0.4755579251796007,0.3150431918911636,0.49744416680186987,0.6717418651096523,0.2867733910679817,0.5503117579501122,0.2398032348137349,0.04319748352281749,0.18443356058560312,17.68388686937369
0.15150895062834024,0.42312652128748596,0.06275998917408288,0.09421698865480721,0.1605408473405987,0.9616048615425825,0.019683492137119174,0.04027133504860103,0.6516372822225094,0.5778923006728292,7.224541798811737
0.39641254115849733,0.8172409585677087,0.6232257119845599,0.6104651011992246,0.8491106312721968,0.430162163451314,0.04223655699752271,0.580218396615237,0.07479027169756591,0.295803252607584,19.336558051976425
0.33475841605104506,0.9668316403403878,0.7012871454935521,0.08114069770090282,0.562211595242843,0.3349923731293529,0.22295199148356915,0.5456847478635609,0.17072628415189683,0.22623092238791287,13.315568785947587
0.09179226565174758,0.428789779311046,0.5328275617212057,0.6386034335009754,0.9396496743429452,0.525990285910666,0.2334031469654292,0.2849009050987661,0.6484178798273206,0.786672196816653,11.252326800770971
0.04485822678543627,0.8615674653556198,0.08727300679311156,0.495519818039611,0.7817593468353152,0.09011387079954147,0.795735360821709,0.6053800813388079,0.8492652040440589,0.03468971746042371,14.913617821534983
0.8082195734605193,0.8761022204998881,0.6830946053378284,0.9175017869565636,0.7800700631923974,0.9039414615835994,0.8988966711331159,0.40138141391798854,0.8977037689182907,0.40791740897111595,21.48602726882008
0.6440747594460845,0.7710556278470904,0.22479235543869436,0.9404499034862965,0.639732101932168,0.8214779335539788,0.2130363117903471,0.7086112119723111,0.9692689117509872,0.7563354717567563,24.499109885037857
0.6824356524739414,0.5546690127812326,0.38479191716760397,0.7567010417114943,0.6719552676659077,0.6678242227062583,0.38892951398156583,0.7390274580102414,0.9176709922030568,0.34823698992840946,20.768270030462965
0.35760625801049173,0.11485726875253022,0.5109728048555553,0.07023412268608809,0.11465673218481243,0.9792004132177681,0.026888333959504962,0.8587810460012406,0.3987239468842745,0.2708722318056971,2.0475565255019244
0.8450246998108923,0.049523469526320696,0.5693193005863577,0.5299355948809534,0.3718550964258611,0.5084628057666123,0.36705575906671584,0.052668850403279066,0.8450523936189711,0.08632201934233308,8.411845853265458
0.07235945202410221,0.438423253595829,0.6201226161792874,0.4765206412412226,0.9547028143424541,0.22830185992643237,0.18798129865899682,0.3800961484666914,0.4139915679115802,0.7471724026836455,10.97765552272375
0.3897389417979866,0.940380833344534,0.8502035054843873,0.925480562960729,0.060155393090099096,0.8654148720670491,0.364111301722005,0.6830703034065664,0.13065751153044403,0.15522941970266402,20.948625423975365
0.9244705669116229,0.3021971492562443,0.1712534932885319,0.5195005082059652,0.09481916786171496,0.7670954915229231,0.5765166520141065,0.8476757747121155,0.25828893785364926,0.18383026053197682,16.422864357465553
0.0037191351875662804,0.747276819543913,0.30641093011945486,0.27127002691850066,0.3571930071339011,0.3882596273906529,0.7048879794310778,0.1876372864935547,0.03177930018864572,0.7363263766746968,4.95907334723133
0.06500600138679147,0.7652037465013564,0.35674433317035437,0.4653426001314074,0.1914095429237932,0.5109437883365899,0.45777505612932146,0.594662201590836,0.7601529054809362,0.7607927937060595,8.299787971287323
0.8452712455764413,0.5395580264739692,0.5562448578421026,0.6720908153802156,0.03410035488195717,0.6624666135758162,0.60848224372603,0.3264311219099909,0.9958551628515124,0.850004363572225,16.270936853096334
0.9579695635475218,0.35157696809619665,0.35910104936920106,0.7605097009800375,0.43875653203576803,0.24150368734262884,0.6049960902892053,0.8494783218484372,0.9418923160992563,0.7374992722179741,19.516022940765772
0.9212158105801791,0.2755827426444739,0.9615735784173012,0.06272032530978322,0.17526831710711122,0.8801367024425417,0.23530474700964987,0.1381753208115697,0.7887622050475329,0.40293712727725506,12.965124433381355
0.9145229912828654,0.333078617695719,0.164215401513502,0.7513012634590268,0.9112785500474274,0.49912838265299797,0.11421114858239889,0.05638702888973057,0.4958276164252311,0.16124521614983678,21.851698199753777
0.40376048628240824,0.22366195125505328,0.9461058292072266,0.08750458480790257,0.3065274574328214,0.2292014048434794,0.4370202934369445,0.8268042434938252,0.20509019680321217,0.4355179339181632,9.859267116625265
0.13495236518792808,0.6963829037267715,0.5596094019711018,0.731636427110061,0.7053544542286545,0.5770820807665586,0.30935306940227747,0.6315119995269924,0.15749809658154845,0.830740969395265,14.018018013312595
0.26490370999090374,0.7880793453659862,0.5126589362043887,0.5816669212654233,0.13807642017491162,0.47175898076966405,0.5569667858071625,0.5769765439908952,0.07951073115691543,0.22202357230708003,13.88338258771229
0.9504108519759029,0.9900449952110648,0.2912035651970655,0.2533899557311088,0.09588754293508828,0.10362498369067907,0.34898261935450137,0.484020788455382,0.7354066770058125,0.586977592902258,5.319750578548217
0.7337118487339467,0.4203460970893502,0.618091749260202,0.8441057116724551,0.705216487403959,0.6112997843883932,0.11879017343744636,0.2591416612267494,0.3540811659768224,0.08042553113773465,19.666178872113708
0.9191104790661484,0.11175712500698864,0.1801896095275879,0.0498264052439481,0.17412381246685982,0.680930231930688,0.21302814246155322,0.35309656080789864,0.32623974815942347,0.7711621196940541,6.9862442219371035
0.08185138204135001,0.832085317466408,0.7292567314580083,0.9534586290828884,0.11482159025035799,0.7886911309324205,0.1353469432797283,0.8313810299150646,0.42988975904881954,0.16738226427696645,13.235855466629914
0.9071457104291767,0.7209401312284172,0.4972688336856663,0.6386803844943643,0.198444101260975,0.8719582064077258,0.25861858134157956,0.39206102723255754,0.7571385174524039,0.20874314825050533,17.44649006260918
0.895088053541258,0.633002765243873,0.3162481193430722,0.9837958633434027,0.9413188211619854,0.49147671763785183,0.12992093106731772,0.3539513305295259,0.27055086055770516,0.9397132059093565,25.385316411899552
0.40317499241791666,0.14953917521052063,0.1595038075465709,0.44038400729186833,0.2669962777290493,0.8997533051297069,0.3932576384395361,0.21761974808759987,0.04925917484797537,0.7646523006260395,10.500514853411355
0.8405305426567793,0.38330564578063786,0.0030808073934167624,0.006883258931338787,0.2622436743695289,0.4115180082153529,0.46036865399219096,0.9681996554136276,0.32474295259453356,0.024279029108583927,15.315093402549795
0.10231721517629921,0.5498824771493673,0.6827723796013743,0.9883463056758046,0.6665006836410612,0.8874565756414086,0.6990533543284982,0.26182493451051414,0.6596794840879738,0.5410661441273987,17.47024014600825
0.8143340055830777,0.48564091767184436,0.5502651715651155,0.9559078486636281,0.2037778242956847,0.5097212085966021,0.8061433215625584,0.8107106920797378,0.677975783823058,0.6606804535258561,19.43424336355598
0.09762479201890528,0.9109023427590728,0.060004094149917364,0.621981316478923,0.7266793267335743,0.7182737591210753,0.821804714621976,0.9688917426392436,0.019723176723346114,0.7349411356262863,15.951278687142043
0.23281802074052393,0.00873687886632979,0.20098603353835642,0.5816457257606089,0.8485401237849146,0.6876961598172784,0.9135394371114671,0.5486893416382372,0.22933959122747183,0.9274673662148416,11.865473873492324
0.3505353592336178,0.6748608357738703,0.9256662898696959,0.762745316606015,0.30366586707532406,0.11375349457375705,0.7274905582889915,0.9696472284849733,0.3905324451625347,0.8933222917839885,20.46271430714845
0.6434241130482405,0.6146896961145103,0.5754385869950056,0.9086905501317233,0.35685778711922467,0.422764774877578,0.2187656844034791,0.1329209441319108,0.1172683413606137,0.7853643633425236,18.80725136843051
0.7359148871619254,0.7701729892287403,0.474802220473066,0.034937914460897446,0.6052648522891104,0.7496529081836343,0.9198663795832545,0.22247819579206407,0.04792801081202924,0.13175274687819183,12.134399944735698
0.4452589654829353,0.5995073153171688,0.7560218998696655,0.6601850772276521,0.8307148949243128,0.7614812925457954,0.8117788217496127,0.6107817296870053,0.7364116355311126,0.06447782809846103,18.798071301097554
0.17911500623449683,0.6894034186843783,0.26829220564104617,0.6001668765675277,0.8461388719733804,0.2186397248879075,0.43552739918231964,0.5806232187896967,0.7176457610912621,0.358304041903466,15.060504343548963
0.7897652615793049,0.7679930839221925,0.25475663505494595,0.14176791231147945,0.1856471325736493,0.5107270604930818,0.3533541013021022,0.16169466078281403,0.5467205452732742,0.4615426000673324,13.40255680793296
0.5359361986629665,0.9804559818003327,0.01418072497472167,0.4338585154619068,0.42630796134471893,0.854371078312397,0.3211324936710298,0.7618065746501088,0.972735708579421,0.26181403803639114,21.52588096005999
0.2171347679104656,0.9468965984415263,0.028579831821843982,0.19829485099762678,0.9396554615814239,0.19995165313594043,0.6610582768917084,0.9836877500638366,0.9149235810618848,0.20056628878228366,16.95457569268947
0.01350914197973907,0.8859333319123834,0.9595784044358879,0.2484411767218262,0.3128841675352305,0.5193956901784986,0.6031613985542208,0.34754226449877024,0.23266169102862477,0.5947550486307591,8.371718398134464
0.051855029771104455,0.5505986118223518,0.0377749886829406,0.995110398158431,0.8203455482143909,0.377000130712986,0.3754102943930775,0.5162844315636903,0.9798531827982515,0.33429477643221617,18.351564890430755
0.20169806596823037,0.18631987320259213,0.18333369703032076,0.9962856948841363,0.7417576217558235,0.7023469172418118,0.7263388864230365,0.8534259838052094,0.8129962023813277,0.11428626277484,18.445799461285258
0.5089714489877224,0.5085240388289094,0.31218784279190004,0.6750757878180593,0.1482788654975593,0.3784644012339413,0.3266661677043885,0.7778072417713702,0.13266374240629375,0.9413164332509041,15.809920887128444
0.8615871476940811,0.3883626745082438,0.41745733353309333,0.38063172437250614,0.120031125145033,0.1425690648611635,0.7983874613419175,0.3950570619199425,0.2983072465285659,0.5958846702706069,13.432352890311359
0.061280840542167425,0.9384797855746001,0.5766489158850163,0.17155335890129209,0.6684777862392366,0.7975283358246088,0.30361881852149963,0.20642505306750536,0.975068986415863,0.501967161661014,7.549433922689708
0.8322772036772221,0.279696831246838,0.08546408987604082,0.6145965266041458,0.7798150265589356,0.7676088744774461,0.4019022493157536,0.9112685716245323,0.8818572368472815,0.10438462602905929,20.570199502026483
0.5941022583283484,0.6979169710539281,0.05035879113711417,0.39959682477638125,0.5738829299807549,0.7540383676532656,0.6403629335109144,0.3613019119948149,0.8059689144138247,0.24673528759740293,19.85177742257767
0.49387431191280484,0.9706873688846827,0.20033662673085928,0.24186597089283168,0.20425694854930043,0.4940931126475334,0.8398757327813655,0.979803181020543,0.33928960049524903,0.49991515721194446,15.458764967049406
0.2919952666852623,0.031780562829226255,0.24822961981408298,0.17856236011721194,0.6295108685735613,0.910199144622311,0.3601949894800782,0.9567689264658839,0.06308603705838323,0.35101684159599245,8.58279638460961
0.7562058845069259,0.8361349212937057,0.5117139192298055,0.4316853678319603,0.7920933947898448,0.3282387093640864,0.3518409875687212,0.32989483536221087,0.16419240133836865,0.24810310336761177,17.03589308871833
0.3652991547714919,0.8281273036263883,0.42351349419914186,0.7876549179200083,0.630507905734703,0.7760052233934402,0.7668386553414166,0.9399862096179277,0.905727380188182,0.0078096236102283,18.56456084714105
0.890086148865521,0.16026070318184793,0.3098021454643458,0.3904184768907726,0.34793574060313404,0.15599016612395644,0.6436818893998861,0.8639374717604369,0.11906255315989256,0.6984638376161456,8.99170377870277
0.7561534224078059,0.2152321340981871,0.3794613101053983,0.11180094978772104,0.8084855643101037,0.03359719971194863,0.9906229840125889,0.7238442848902196,0.8738197593484074,0.6368309680838138,10.078208437948616
0.32705118833109736,0.12350765685550869,0.9513232023455203,0.9729438389185816,0.3250725863035768,0.6581070146057755,0.694401433924213,0.7453987442422658,0.34701596037484705,0.37649223068729043,16.33593593591221
0.6391742150299251,0.5146000781096518,0.881343174027279,0.1627413146197796,0.16287297755479813,0.36186437332071364,0.36882284097373486,0.37203695764765143,0.45491302758455276,0.8278260820079595,14.77194949187976
0.328378317411989,0.2436923119239509,0.6884779136162251,0.42555455584079027,0.9841953942086548,0.4309263722971082,0.8397110681980848,0.7592863005120307,0.8097635814920068,0.699782338226214,10.961399934002499
0.5855867261998355,0.4814016434829682,0.28661144501529634,0.8664591538254172,0.2518670172430575,0.977726181037724,0.5011207924690098,0.3698744142893702,0.3034344664774835,0.8382913584355265,19.677945669630375
0.21761023486033082,0.5271062019746751,0.7925237768795341,0.08757714368402958,0.5014887789729983,0.13403637404553592,0.10862407274544239,0.37514686957001686,0.7427912410348654,0.134921511169523,9.247489066404695
0.48476076149381697,0.4196899416856468,0.933723992202431,0.02085086517035961,0.5776728466153145,0.24997344007715583,0.45010209176689386,0.028079938609153032,0.7035882365889847,0.18657494755461812,14.973210264611527
0.5781425884924829,0.8774772225879133,0.5102974090259522,0.1766429622657597,0.6805801268201321,0.2057970855385065,0.8064118488691747,0.32374256756156683,0.9332528121303767,0.8457061520311981,16.941595038618786
0.8971193823963404,0.6923958105035126,0.787303060060367,0.037494382821023464,0.8028825379442424,0.14496488240547478,0.7378230004105717,0.22786711412481964,0.2152096841018647,0.9785915666725487,15.476486963960799
0.09628036292269826,0.6620967164635658,0.2904912354424596,0.8848984844516963,0.11583071411587298,0.2785689444281161,0.8191216657869518,0.950173398014158,0.22141380375251174,0.7699345408473164,12.335647360316276
0.8520835146773607,0.9647305412217975,0.03358033811673522,0.3329157470725477,0.7880981997586787,0.2083995679859072,0.056799243204295635,0.40647879452444613,0.6613531140610576,0.4644607254303992,16.533964721473726
0.07090493547730148,0.7405185394454747,0.18486043438315392,0.29282239684835076,0.5454812757670879,0.6900224015116692,0.9092665573116392,0.7435503422748297,0.3079090444371104,0.5527785085141659,8.718002388001919
0.5857677492313087,0.5606616761069745,0.2544007196556777,0.6812868544366211,0.17380079021677375,0.9015122568234801,0.8892823220230639,0.2111607505939901,0.7001577103510499,0.8042262971866876,18.618474182857526
0.3299377365037799,0.6324381986632943,0.8240528320893645,0.6976135037839413,0.16946588223800063,0.9988628679420799,0.44228407996706665,0.9627339481376112,0.812729514669627,0.5247222676407546,16.393896413959677
0.3533642387483269,0.8517310917377472,0.8045105519704521,0.24528048210777342,0.21800222829915583,0.21960881049744785,0.7384247314184904,0.8758357670158148,0.9126503916922957,0.6099389295559376,12.501102194768908
0.7453324133530259,0.05083811189979315,0.31193086178973317,0.37421119562350214,0.8928740103729069,0.659703923156485,0.025445738108828664,0.313286101911217,0.5356632566545159,0.6803158824332058,9.092169087736535
0.5433215212542564,0.300872057210654,0.18557847430929542,0.5370842632837594,0.019843257265165448,0.32337280083447695,0.06552959349937737,0.1147810691036284,0.7467391442041844,0.22301525762304664,12.258798124687969
0.8442086977884173,0.5245573094580323,0.1831160995643586,0.6944390933495015,0.3595988976303488,0.5752335970755666,0.6502720611169934,0.3383591501042247,0.3346579666249454,0.9973653196357191,21.119495899076696
0.7166330518666655,0.4248371277935803,0.29675729060545564,0.9261592833790928,0.7009612575639039,0.06285558920353651,0.603719943901524,0.7582558621652424,0.2508161428850144,0.3523469534702599,19.718067634381136
0.7964193392544985,0.9305471985135227,0.18552036327309906,0.5180710921995342,0.948651788989082,0.3914582678116858,0.3136773183941841,0.4866969601716846,0.6406936801504344,0.003296307986602187,19.829948892648016
0.3782050998415798,0.7846876697149128,0.49321439559571445,0.2027273962739855,0.38434669375419617,0.9807060167659074,0.9809453403577209,0.34450992732308805,0.001534814015030861,0.89134830981493,11.955932736916631
0.7136524487286806,0.4375383739825338,0.976156068732962,0.6342699623201042,0.38302719197236,0.7982501166407019,0.04668947705067694,0.3373305047862232,0.619694025721401,0.21049203723669052,22.41460757520795
0.14548535319045186,0.41946707759052515,0.48925728420726955,0.3937138116452843,0.5196861950680614,0.6310435589402914,0.5238367933779955,0.6316951543558389,0.2403465830720961,0.8481234395876527,9.598881135465737
0.8067974047735333,0.3770710276439786,0.9691536829341203,0.07648099935613573,0.4350318992510438,0.9938363202381879,0.5379522577859461,0.21441246336326003,0.30648968764580786,0.8418129067867994,15.637489512520043
0.7901656806934625,0.5757455565035343,0.9393723800312728,0.9570005622226745,0.29014518670737743,0.16007913136854768,0.7911216896027327,0.17117484495975077,0.8197684928309172,0.6481740404851735,23.921248047902807
0.8007985781878233,0.035980902379378676,0.5188533768523484,0.06448146887123585,0.6168865924701095,0.7175304412376136,0.19332503783516586,0.5447961792815477,0.4957463366445154,0.6001900197006762,3.740966378701725
0.1408475604839623,0.5557312306482345,0.6355015300214291,0.6845467519015074,0.46573819941841066,0.3511122588533908,0.25671679712831974,0.6914558538701385,0.15042466414161026,0.03393094660714269,12.645115180503566
0.6453024595975876,0.3211720453109592,0.9220716136042029,0.0836582318879664,0.9223803712520748,0.2761342383455485,0.5229014968499541,0.12177688861265779,0.9485107026994228,0.6303520295768976,15.38994337269651
0.9632606566883624,0.9260321536567062,0.19516819645650685,0.6477683801203966,0.6818085587583482,0.755088031757623,0.6823526136577129,0.49486003699712455,0.37733562127687037,0.4323483684565872,15.220095784917726
0.6673716397490352,0.1612628442235291,0.8828614258673042,0.4862556846346706,0.1804570707026869,0.48343881452456117,0.5750558183062822,0.949870283016935,0.1427283645607531,0.3128221007063985,10.687551898072499
0.6339334666263312,0.33749519451521337,0.8897530359681696,0.745831731474027,0.6511844594497234,0.913233159808442,0.7458636232186109,0.9795659722294658,0.1959175281226635,0.14088618126697838,19.66589268869324
0.161405926104635,0.467638720292598,0.8816495123319328,0.14665155671536922,0.10582788614556193,0.385802828008309,0.0747259606141597,0.6076459940522909,0.593649419490248,0.37809141143225133,7.803405468198567
0.6750895034056157,0.4920889448840171,0.828590972116217,0.3437631444539875,0.5432223821990192,0.7780001200735569,0.4796871365979314,0.49814953561872244,0.7370250697713345,0.8462798749096692,16.7640948497287
0.5231374923605472,0.6082424956839532,0.8178258189000189,0.17012943094596267,0.43519870238378644,0.9996605128981173,0.785160951782018,0.3737242401111871,0.38571482826955616,0.3314670210238546,14.44803202813282
0.49078689818270504,0.2551283279899508,0.5325411381199956,0.1608415807131678,0.24969681026414037,0.2152222548611462,0.36289826105348766,0.5233229992445558,0.5120326906908303,0.9752296609804034,7.5927673488163165
0.400443957420066,0.1633945438079536,0.5437411630991846,0.48694374319165945,0.6739256419241428,0.6757313306443393,0.7264869830105454,0.9762237970717251,0.3293865262530744,0.4370778603479266,11.001267213918052
0.17735752812586725,0.8722306480631232,0.37724332767538726,0.38576319231651723,0.7145788196939975,0.45142285875044763,0.3507797019556165,0.7753568748012185,0.7880124028306454,0.08717080531641841,11.532410311233852
0.515901445178315,0.10369823779910803,0.8365288125351071,0.333086222410202,0.9284130115993321,0.8406286556273699,0.7721325031016022,0.04929399979300797,0.2493143177125603,0.41375955333933234,12.001139080296467
0.29753471561707556,0.06114388816058636,0.06981554068624973,0.21268471283838153,0.7201882693916559,0.514544686768204,0.3199935108423233,0.49708012817427516,0.3863905072212219,0.4998716311529279,9.651729144301093
0.7465883726254106,0.5252270556520671,0.9626306768041104,0.5400728264357895,0.8499725547153503,0.7419565811287612,0.16102052317000926,0.8080316428095102,0.5442325538024306,0.7446351426187903,24.749641027870616
0.4956784814130515,0.6174319784622639,0.171237010974437,0.03319363621994853,0.3299913532100618,0.5978038376197219,0.35071934573352337,0.9590245892759413,0.5957534068729728,0.5605041638482362,12.595215621701895
0.47193360864184797,0.4514874438755214,0.7646164486650378,0.6948793171904981,0.3839342186693102,0.26803886890411377,0.8794425518717617,0.5263493377715349,0.6946790141519159,0.9349413504824042,16.498793936406344
0.9700623711105436,0.13822268694639206,0.02449111151508987,0.6917331807781011,0.8621337919030339,0.5157201690599322,0.5662445919588208,0.8767874522600323,0.7323571604210883,0.1742718641180545,18.75192303176713
0.8968264390714467,0.0161033698823303,0.6889391271397471,0.8192932701203972,0.04908068012446165,0.030109835555776954,0.31834461190737784,0.35239111399278045,0.2548492776695639,0.40540175419300795,8.488011154012607
0.4764385975431651,0.08284082054160535,0.08170124422758818,0.8588242814876139,0.10974999004974961,0.10494494554586709,0.10062090074643493,0.17348893987946212,0.0496017886325717,0.5327373670879751,15.583152964251784
0.43385029467754066,0.6753776466939598,0.47957316460087895,0.26091913785785437,0.8345847115851939,0.568762623006478,0.7230021373834461,0.818673353176564,0.7590075377374887,0.9287230486515909,13.676906063713364
0.08708914904855192,0.39437124226242304,0.792142074322328,0.06303255259990692,0.6524532937910408,0.460379688302055,0.5769000372383744,0.5766836318653077,0.9150470818858594,0.4181759092025459,5.467550692984601
0.8797577784862369,0.824488912243396,0.02809045626781881,0.5271795110311359,0.8810539909172803,0.8201815402135253,0.30192545731551945,0.6499794623814523,0.1347359709907323,0.19004230527207255,21.844468659654396
0.6081460136920214,0.6290256599895656,0.44407090870663524,0.3595376836601645,0.18348810635507107,0.56045689038001,0.549937040777877,0.2788569969125092,0.05460658692754805,0.0480978200212121,14.218345246965418
0.05012311669997871,0.5422871941700578,0.5491572092287242,0.872342188609764,0.29382365848869085,0.237670294707641,0.05941615253686905,0.057483674958348274,0.424970616819337,0.5685519729740918,12.940363306377073
0.796056576538831,0.606077368138358,0.9808216467499733,0.13374748080968857,0.685153761645779,0.8606416964903474,0.33457549987360835,0.8419817753601819,0.6934685036540031,0.024472147226333618,20.240198691500957
0.14327751845121384,0.05889959470368922,0.7596325487829745,0.9676887164823711,0.3996008848771453,0.09499187720939517,0.7822153749875724,0.25938317039981484,0.33034143038094044,0.46576888929121196,14.739020692998015
0.43075605016201735,0.05823412071913481,0.5149532668292522,0.32251451909542084,0.16801068233326077,0.389110455987975,0.9281826799269766,0.2995938924141228,0.22783552226610482,0.16392969619482756,5.105183239123639
0.11528481170535088,0.005943334428593516,0.9400298797991127,0.8727489623706788,0.9545044268015772,0.07573097897693515,0.6080955585930496,0.27405965724028647,0.02547595649957657,0.6110222872812301,17.023332885317373
0.9643378308974206,0.4844234718475491,0.9534819961991161,0.7095640914049,0.6188902738504112,0.3972818551119417,0.03738824278116226,0.18172940891236067,0.28765086573548615,0.9924482638016343,24.54926395376922
0.4992557382211089,0.05535331112332642,0.4909988872241229,0.7927852666471153,0.6039235771168023,0.21871670428663492,0.5715633938089013,0.5220852987840772,0.8775475681759417,0.9490819913335145,12.619256011625945
0.6930270744487643,0.356147272977978,0.5179328098893166,0.5681911916472018,0.9033095703925937,0.04872735613025725,0.99938939884305,0.9996901305858046,0.5008647567592561,0.1993988894391805,18.584935875469608
0.25706563983112574,0.5943540669977665,0.27347433334216475,0.6642539734020829,0.7799607370980084,0.19094628491438925,0.6079281652346253,0.20489728706888855,0.5147218951024115,0.5489928659517318,15.282143503621347
0.46938938135281205,0.7416454253252596,0.7446266214828938,0.2730257334187627,0.48596175061538815,0.22214203444309533,0.8282521942164749,0.15582192852161825,0.6698026049416512,0.5524758810643107,16.00059421165972
0.21025907737202942,0.5652176584117115,0.7779142120853066,0.0007804089691489935,0.41074250219389796,0.4994426276534796,0.552487850189209,0.16541413310915232,0.9948859973810613,0.8439023734536022,8.722661942800519
0.18150892690755427,0.14120918256230652,0.23146664910018444,0.33983947918750346,0.14729032455943525,0.0361862569116056,0.9491275956388563,0.3227010315749794,0.9319375329650939,0.0012125784996896982,6.0726737609136086
0.9290600239764899,0.9753678443375975,0.47785834199748933,0.22190677863545716,0.6948972102254629,0.08056271984241903,0.9010012226644903,0.7471882873214781,0.28487614495679736,0.6970738680101931,7.779856969520585
0.37213516561314464,0.8827998549677432,0.8018055949360132,0.7577479367610067,0.18100331560708582,0.1641566171310842,0.48630398605018854,0.7943325731903315,0.8913967898115516,0.5671712975017726,18.428672895888088
0.5996920098550618,0.16435674810782075,0.005892305634915829,0.3661589992698282,0.3640708897728473,0.8747449785005301,0.026947641978040338,0.1077079379465431,0.3987704247701913,0.4192040069028735,14.29329720419276
0.6115771944168955,0.7251326045952737,0.4294952985364944,0.7495865609962493,0.3165856075938791,0.09486413630656898,0.5960537239443511,0.1303330552764237,0.15525880549103022,0.5000143428333104,18.934099149691356
0.4065448946785182,0.7319884747266769,0.5189981162548065,0.7743062449153513,0.08246732782572508,0.6662820051424205,0.4716983255930245,0.7857188789639622,0.56511435424909,0.5411200569942594,17.079362274560502
0.5580623941496015,0.512146512279287,0.6867315385024995,0.5257272236049175,0.8945955920498818,0.7068479978479445,0.43158970028162,0.2037757069338113,0.4733775705099106,0.35222534742206335,18.965656148758
0.5596549594774842,0.6745576423127204,0.7811648354399949,0.5351519524119794,0.9263956577051431,0.800804519560188,0.5283198170363903,0.390682588564232,0.8525998124387115,0.9617821830324829,20.408988515937224
0.8962387705687433,0.1357802115380764,0.5706489128060639,0.39628605730831623,0.2673112691845745,0.20281921862624586,0.10485669202171266,0.21245539584197104,0.19943340821191669,0.13804978993721306,9.19860997167871
0.0899546800646931,0.32016617292538285,0.8707691878080368,0.530011038761586,0.9938589758239686,0.3954848295543343,0.3149819492828101,0.5989299486391246,0.11083922884427011,0.9716077991761267,14.81925000843074
0.16049686260521412,0.08677642210386693,0.9119455048348755,0.1413987739942968,0.160997926723212,0.1572595399338752,0.777875647181645,0.6001799083314836,0.2469089247751981,0.2930104173719883,4.441081198946454
0.8628101183567196,0.6431926768273115,0.9611137977335602,0.7683066301979125,0.08294870285317302,0.39294442697428167,0.3827609901782125,0.5055610635317862,0.2244194489903748,0.8280796755570918,22.493357914814045
0.09830872970633209,0.7747952751815319,0.2357392436824739,0.556335321161896,0.7507946898695081,0.6838425227906555,0.06309345946647227,0.8626032473985106,0.46171549218706787,0.21254390245303512,12.880406283192785
0.8451862165238708,0.7518709471914917,0.9595454616937786,0.6787580070085824,0.8396240265574306,0.03391575370915234,0.6306751701049507,0.9560320780146867,0.6221299059689045,0.9731569574214518,24.064427981536586
0.23802303127013147,0.0008287874516099691,0.8194576760288328,0.5985956026706845,0.7662914856337011,0.6764657751191407,0.044464441714808345,0.7378928249236196,0.02980600413866341,0.009174080798402429,12.6913699430492
0.5246089464053512,0.21481081517413259,0.9562338637188077,0.8112634611316025,0.4620624852832407,0.7741494150832295,0.31216857582330704,0.7036798233166337,0.049456074135378,0.7569796585012227,17.47917701912352
0.21036685537546873,0.6117781901266426,0.07760058552958071,0.47907953639514744,0.1311162996571511,0.9996193482074887,0.6688804111909121,0.1081966410856694,0.8519824682734907,0.6125158350914717,12.646517768294594
0.25210749404504895,0.050129370065405965,0.06398831331171095,0.8375870175659657,0.8076067704241723,0.808093058411032,0.9499895002227277,0.13582089100964367,0.5660535804927349,0.504191234242171,16.681179470783253
0.10722155286930501,0.49849648540839553,0.5772342730779201,0.06348482007160783,0.9467638798523694,0.13686723611317575,0.4844469300005585,0.9620916789863259,0.37793274433352053,0.10239506815560162,7.528939187013402
0.053230775985866785,0.20215445244684815,0.23388803424313664,0.5104626764077693,0.93386350851506,0.7955771335400641,0.8363657854497433,0.6714802333153784,0.618334747152403,0.5975382451433688,11.706151739884074
0.7571157217025757,0.5651939292438328,0.4348654062487185,0.6307605574838817,0.056578104849904776,0.4445501631125808,0.17629264760762453,0.02466503717005253,0.34945833031088114,0.36450823745690286,16.4385332384453
0.18941381154581904,0.19789048517122865,0.3221173642668873,0.9223463798407465,0.6837161362636834,0.8989472454413772,0.5929448865354061,0.943031121045351,0.2654463544022292,0.1997300605289638,15.481237183778337
0.5255085346288979,0.8538108579814434,0.6554587210994214,0.8454165409784764,0.8487544760573655,0.10013120505027473,0.519847443792969,0.6892163027077913,0.2088048462755978,0.9242804171517491,21.875874315561397
0.06684964406304061,0.6662232335656881,0.4597479305230081,0.9368916137609631,0.7009460995905101,0.4632454013917595,0.216857788618654,0.8810513187199831,0.5115038107614964,0.4280398250557482,13.428415045708185
0.8885148977860808,0.6953974638599902,0.4186932179145515,0.4778579019475728,0.4226515383925289,0.24215461872518063,0.15411950601264834,0.8135368092916906,0.046349773881956935,0.2708035132382065,17.98586345218772
0.22502984898164868,0.12863824516534805,0.7280068048276007,0.9446944599039853,0.3732297974638641,0.13816827186383307,0.9976849199738353,0.2277431224938482,0.04681229195557535,0.8309021207969636,13.442919782434975
0.8006393406540155,0.3363119326531887,0.7248877265956253,0.45562672335654497,0.2151868622750044,0.9950262217316777,0.15186208323575556,0.6574072754010558,0.22377447341568768,0.02781058894470334,11.707837060080301
0.5744028452318162,0.7659210339188576,0.5743752305861562,0.7073022520635277,0.2833553266245872,0.9226044584065676,0.9662861092947423,0.4532008431851864,0.09978127223439515,0.14734935201704502,19.176913051447386
0.9988007112406194,0.9681492105592042,0.5090990634635091,0.3138697079848498,0.31893310020677745,0.2894150158390403,0.35159321408718824,0.4881110063288361,0.9407744193449616,0.49229858722537756,5.640860340972222
0.8461085050366819,0.5558983704540879,0.9283408501651138,0.9541205284185708,0.9622722496278584,0.8509691189974546,0.2775901088025421,0.5589237157255411,0.7684524415526539,0.17953632911667228,29.846814781979653
0.5903906656894833,0.12945593451149762,0.9984194133430719,0.7255212089512497,0.6509260488674045,0.2661823616363108,0.5162868606857955,0.9138849682640284,0.08340356568805873,0.12981796055100858,18.023202291804775
0.4499072670005262,0.2947939627338201,0.23199326661415398,0.03139718575403094,0.3506795163266361,0.593709560111165,0.26674688793718815,0.9305069644469768,0.9841290973126888,0.38489719689823687,7.895370165127038
0.8558470366988331,0.7974021097179502,0.980189704336226,0.19943626155145466,0.6481358574237674,0.3717319469433278,0.9857007886748761,0.32355495169758797,0.7938653600867838,0.6510485135950148,18.706581963897964
0.08025021152570844,0.23786460771225393,0.43772946554236114,0.36047965683974326,0.2584589871112257,0.6356368011329323,0.8200765158981085,0.01800027722492814,0.4514842431526631,0.07986194780096412,4.746654753546135
0.99387789494358,0.7375606494024396,0.2812667954713106,0.3867525630630553,0.5668710067402571,0.874916480621323,0.7345798788592219,0.2888402247335762,0.5353456288576126,0.6605223370715976,16.23603398319352
0.8997853395994753,0.5996982485521585,0.3016893249005079,0.2852836202364415,0.7480914019979537,0.9972840130794793,0.8619143576361239,0.5503444753121585,0.23995284992270172,0.0032323787454515696,15.987105275225824
0.6140723384451121,0.4336060581263155,0.5626184260472655,0.15884759719483554,0.9742939325515181,0.9289020597934723,0.5983072919771075,0.0578928233589977,0.8827020998578519,0.17813247814774513,13.933102328768683
0.2723590098321438,0.5526554388925433,0.5791376300621778,0.5676847705617547,0.7526204297319055,0.8302550546359271,0.019380432553589344,0.6426012553274632,0.47816307889297605,0.3345229073893279,14.866582687777408
0.7947585533838719,0.966232453705743,0.15359876421280205,0.8842332928907126,0.5092996421735734,0.9042968032881618,0.7496478278189898,0.9851497397758067,0.8046210785396397,0.7544186792802066,21.30043779678138
0.3389895863365382,0.6219585994258523,0.49620603513903916,0.3091164156794548,0.5891769430600107,0.17009541718289256,0.9429569626227021,0.2525759404525161,0.9474090081639588,0.6539716192055494,12.22719309503121
0.5682903325650841,0.4803764680400491,0.4570942975115031,0.758539735339582,0.2016600959468633,0.7685743956826627,0.5594404425937682,0.811388012720272,0.22751849866472185,0.013194125145673752,14.768825152626272
0.006157942349091172,0.7327475775964558,0.25391859537921846,0.8582241276744753,0.8257337438408285,0.2805725585203618,0.9209051420912147,0.6262232677545398,0.38932836591266096,0.45181859307922423,14.980267686486092
0.9655171683989465,0.5594517679419369,0.13205968425609171,0.25238735135644674,0.1795102790929377,0.5172048413660377,0.7763104434125125,0.007707993499934673,0.6740736400242895,0.9808359516318887,16.129955405429957
0.8111652473453432,0.018506935331970453,0.004619713174179196,0.9056726268026978,0.41267450829036534,0.2247386476956308,0.9607863307464868,0.6089125040452927,0.9853508833330125,0.30697417026385665,17.785306047692742
0.3337842964101583,0.6101933314930648,0.5026673728134483,0.5504781967028975,0.1635036829393357,0.9045809581875801,0.39686355786398053,0.029011068865656853,0.46950754919089377,0.4494014398660511,12.68653574611486
0.44303189986385405,0.7091723815537989,0.4472567276097834,0.8443058533594012,0.6953108885791153,0.6886566211469471,0.4550576435867697,0.8074245797470212,0.9192008504178375,0.9717058974783868,20.809342566554275
0.5995653788559139,0.87643733760342,0.4890693554189056,0.7589250593446195,0.9402170390821993,0.11270542209967971,0.3476005687844008,0.2576734453905374,0.12134338798932731,0.8049911872949451,21.101137050532277
0.914945111842826,0.21850939095020294,0.2697580331005156,0.012016872875392437,0.7436436885036528,0.46237109741196036,0.14785231510177255,0.5157438546884805,0.8800382397603244,0.9417869173921645,9.114435508301474
0.12071189773268998,0.5529955595266074,0.011627928586676717,0.6297611610498279,0.09622632339596748,0.28159568505361676,0.2671875189989805,0.6356263032648712,0.644849612377584,0.17082887352444232,14.099680462126043
0.2505351318977773,0.14218910201452672,0.6079790608491749,0.8073651501908898,0.48484891513362527,0.008813366293907166,0.7167836383450776,0.5488739609718323,0.16387870977632701,0.1980413042474538,11.935485310485136
0.6826827812474221,0.6015801553148776,0.9792092235293239,0.9299656215589494,0.20427220058627427,0.9405492418445647,0.29070965317077935,0.12785455980338156,0.7524325661361217,0.6481829937547445,24.695756402209344
0.35155155207030475,0.4954926411155611,0.7518303915858269,0.27481313911266625,0.8520283985417336,0.19041382404975593,0.8657462392002344,0.6079199728555977,0.028813321376219392,0.9150113326031715,13.6335768501518
0.7704371565487236,0.21989526879042387,0.5003458065912127,0.21172286989167333,0.5540830239187926,0.30428457306697965,0.15452378476038575,0.2693859979044646,0.8724602852016687,0.6611094560939819,10.393502746815049
0.48156792274676263,0.9808378762099892,0.5247540238779038,0.806482101790607,0.8783554977271706,0.31152103072963655,0.9019575463607907,0.2676777255255729,0.1934514904860407,0.2471433544997126,21.57234014397332
0.9120699029881507,0.1296634883619845,0.14862057915888727,0.38440719805657864,0.6887763512786478,0.7618489305023104,0.6396379263605922,0.20998517470434308,0.004202267853543162,0.48704581311903894,12.953574680942232
0.7581846066750586,0.17249263054691255,0.13221522863022983,0.7946157625410706,0.35180685413070023,0.8731982749886811,0.20741236745379865,0.2509789653122425,0.99112056219019,0.446074350271374,17.22865217051844
0.9914250879082829,0.34249494411051273,0.41757069691084325,0.365892136702314,0.11729664029553533,0.31115068425424397,0.9221075270324945,0.182709219167009,0.4226141357794404,0.836244075326249,12.214213313509466
0.2512928594369441,0.5907771775964648,0.117431370774284,0.5186072546057403,0.9455251672770828,0.569854237139225,0.8658439996652305,0.35488727781921625,0.3361018553841859,0.2540391334332526,18.845340495114293
0.7352362787351012,0.25177220604382455,0.5711385831236839,0.5608718805015087,0.222764880862087,0.7358852105680853,0.221938896458596,0.9488608373794705,0.8665487300604582,0.906967117683962,11.899901862522325
0.7909484694246203,0.009027997264638543,0.9724206305108964,0.6339517561718822,0.4912138700019568,0.4279113619122654,0.8465390219353139,0.3488956696819514,0.04061009990982711,0.8331457015592605,14.363582637901416
0.7503605952952057,0.9762312257662416,0.18042428279295564,0.032983259530737996,0.8176555538084358,0.4339108490385115,0.056315402733162045,0.545926924329251,0.05232191551476717,0.05769741768017411,14.051146269928692
0.6853227093815804,0.8907729806378484,0.8514431291259825,0.8121801521629095,0.6713918671011925,0.6536850163247436,0.5484427358023822,0.8484118366613984,0.6379912784323096,0.6112127266824245,23.228349615107046
0.6942353276535869,0.3008477631956339,0.6374053223989904,0.04529508273117244,0.08455232158303261,0.839288066374138,0.1653764876537025,0.48452872037887573,0.7955753528513014,0.4169589579105377,8.927955125393503
0.8503103198017925,0.5020242950413376,0.8917648529168218,0.11789759481325746,0.7467967928387225,0.5228439094498754,0.7314797064755112,0.4104711418040097,0.09628607728518546,0.5416878431569785,18.08479314521267
0.8671466179657727,0.5689670541323721,0.25347092654556036,0.7817953245248646,0.8402473472524434,0.8706493757199496,0.7404723747167736,0.012316766660660505,0.8930814536288381,0.470942814135924,21.620004056334317
0.7553391293622553,0.8707140698097646,0.03996542491950095,0.1507521888706833,0.7794424849562347,0.6373729140032083,0.6946167128626257,0.032759459456428885,0.8465209587011486,0.9887533783912659,16.718304960428316
0.6899350120220333,0.8907617095392197,0.32680342183448374,0.009624592727050185,0.06707465811632574,0.1452700279187411,0.022268857341259718,0.5515958501491696,0.5240745104383677,0.34717683563940227,10.085602647021403
0.957488048588857,0.8953520716167986,0.547213661018759,0.16382823488675058,0.22937572188675404,0.46580715547315776,0.22474243817850947,0.6502138623036444,0.8949973648414016,0.3981905214022845,5.890811978198501
0.4777023021597415,0.016790821682661772,0.6203586428891867,0.9254929395392537,0.9891523020341992,0.6878262753598392,0.8717488721013069,0.2528904697392136,0.355411120923236,0.11695880489423871,13.670420364623155
0.400971271796152,0.35627162293531,0.15555837680585682,0.5361118882428855,0.4264536537230015,0.4555523074232042,0.7596322607714683,0.4975414650980383,0.6892609384376556,0.6045699382666498,12.726054295463713
0.1505391604732722,0.7655816625338048,0.39089968986809254,0.6096185583155602,0.025765617145225406,0.2199287717230618,0.24614639906212687,0.19193824171088636,0.10610050009563565,0.4619445097632706,9.98505522409898
0.360540852881968,0.48217177018523216,0.11403667298145592,0.5711477084551007,0.8766331835649908,0.39575793454423547,0.2141044451855123,0.18387763970531523,0.41806757217273116,0.2211910777259618,17.353935209346382
0.9831906997133046,0.9888746219221503,0.8086273518856615,0.6268916393164545,0.7540216792840511,0.6865216286387295,0.3447778185363859,0.6720064759720117,0.25044727697968483,0.3340213045012206,13.711478110754628
0.05945877707563341,0.059653258649632335,0.507581899408251,0.2632989124394953,0.5071508283726871,0.940867338096723,0.7104320107027888,0.1237938180565834,0.3075394560582936,0.6704058193136007,5.180993182052002
0.18457774259150028,0.3495708496775478,0.9837318817153573,0.4102357963565737,0.4597383290529251,0.35268463590182364,0.7728986456058919,0.37169381347484887,0.6488208048976958,0.6425459426827729,12.235069466959455
0.1736403303220868,0.6027662171982229,0.554573035100475,0.8505481805186719,0.14558782009407878,0.8382284753024578,0.2779909325763583,0.995081247529015,0.3715887798462063,0.7602230126503855,11.982534831225104
0.7440633145160973,0.4595476614776999,0.9289870869833976,0.6522334397304803,0.2017156034708023,0.12475199229083955,0.7662019382696599,0.3505360595881939,0.7399097317829728,0.9169086602050811,20.965521829283578
0.8988779145292938,0.4241618469823152,0.2592610165011138,0.8419080283492804,0.18158381315879524,0.5944307404570282,0.9499212813097984,0.730137367034331,0.005810001865029335,0.32510362728498876,20.530580560497587
0.30910319508984685,0.13370001129806042,0.8200793853029609,0.1398456038441509,0.28709141351282597,0.5347179241944104,0.12379936128854752,0.34846012596972287,0.10249055619351566,0.46027942444197834,5.688859942675065
0.0030877806711941957,0.6022269888781011,0.2361402155365795,0.23166693421080709,0.5257735108025372,0.042419872246682644,0.06651681661605835,0.5499560132157058,0.7055476787500083,0.36688257032074034,5.714409999780994
0.27906745159998536,0.7512289441656321,0.9924055906012654,0.4579292358830571,0.3576085108797997,0.9545665804762393,0.1789442258886993,0.11578128254041076,0.11515329242683947,0.07585004600696266,17.3668054489595
0.40797186526469886,0.1843952969647944,0.9448903030715883,0.828440714860335,0.8140172476414591,0.07049885462038219,0.18653778824955225,0.23412181390449405,0.5491284329909831,0.5370855326764286,18.657193269841724
0.8461595438420773,0.14084796607494354,0.24134807870723307,0.7170600229874253,0.23649184149689972,0.11360116163268685,0.747760092606768,0.5692347944714129,0.45940142148174345,0.5153430565260351,12.747985114790014
0.34306125272996724,0.8985060881823301,0.19804556295275688,0.3985907204914838,0.854509042808786,0.6710678273811936,0.14076225366443396,0.629681067308411,0.08824823796749115,0.32446144171990454,17.441168359304562
0.3284794839564711,0.13736260123550892,0.19756995467469096,0.7016213417518884,0.9218249307014048,0.9901038387324661,0.6047676305752248,0.01518117357045412,0.669528954429552,0.7915237341076136,15.162427089678847
0.07856380194425583,0.9521176130510867,0.8510429498273879,0.9514730237424374,0.06898244144394994,0.002142740413546562,0.7328139564488083,0.3217626081313938,0.983725160593167,0.5551962805911899,13.575098839357148
0.4353968775831163,0.7994253460783511,0.2512982334010303,0.17015309748239815,0.8758983898442239,0.3068960611708462,0.774557538330555,0.7635698397643864,0.41973580955527723,0.10060624592006207,16.155266468884324
0.4792321566492319,0.7250297737773508,0.6320870523341,0.1693103222642094,0.6663387592416257,0.7816736348904669,0.1470801066607237,0.3147453407291323,0.7489381695631891,0.5518983376678079,12.749868370508873
0.6250205188989639,0.8367317186202854,0.003717525629326701,0.43605885468423367,0.4213409286458045,0.6065565166063607,0.11234496906399727,0.07218447886407375,0.36572576337493956,0.6479949459899217,22.437704347747026
0.8325807987712324,0.41758856177330017,0.32173332292586565,0.8914149035699666,0.5084722205065191,0.5136930020526052,0.7931790128350258,0.06006565527059138,0.7367159205023199,0.39697537384927273,23.313430594439385
0.36612631753087044,0.6788568652700633,0.008611564291641116,0.4732471650931984,0.5462103383615613,0.8921148406807333,0.8233875725418329,0.25388756464235485,0.9357231287285686,0.8265490236226469,19.608476287882418
0.5457588504068553,0.7126035771798342,0.15052465139888227,0.23421309026889503,0.8853620616719127,0.8300987649708986,0.8329462404362857,0.1795793012715876,0.20351010700687766,0.3198519181460142,19.510833639732553
0.9444458000361919,0.768115823622793,0.856260959059,0.06642215722240508,0.43568265344947577,0.7733501866459846,0.3450625806581229,0.7322957064025104,0.15267652552574873,0.012524627381935716,12.370852302694589
0.49009451689198613,0.642654936062172,0.43215719726867974,0.3722812302876264,0.8323989089112729,0.6656076973304152,0.06192212365567684,0.8546344798523933,0.7520170561037958,0.07309195818379521,15.335042855821122
0.4418360982090235,0.32328998832963407,0.4976050469558686,0.5574594929348677,0.5976139476988465,0.39969089603982866,0.760865940246731,0.06721948483027518,0.2755849228706211,0.1614726004190743,12.490214499959825
0.32810682989656925,0.08782843337394297,0.6195967420935631,0.11411502072587609,0.5608226552139968,0.9508644312154502,0.8258064757101238,0.005666175624355674,0.8547859624959528,0.25192333734594285,4.631783384521011
0.6379738422110677,0.7846505988854915,0.12789196567609906,0.5722139340359718,0.906355508370325,0.7676767429802567,0.993451114045456,0.8785012154839933,0.7325775069184601,0.8554530690889806,24.372344486820833
0.9431706247851253,0.3636964117176831,0.024868971668183804,0.4601244868244976,0.8525138404220343,0.30557928420603275,0.2700230646878481,0.3281872805673629,0.8189777629449964,0.6098244979511946,23.132055126590473
0.9248781818896532,0.31846835906617343,0.6577645030338317,0.18326480826362967,0.9899573377333581,0.5997420486528426,0.8866591097321361,0.6945880085695535,0.2194206598214805,0.6500167343765497,14.138302093328136
0.9828537357971072,0.12469748477451503,0.8874225195031613,0.41363793914206326,0.06960248597897589,0.6460582686122507,0.40178002999164164,0.0818964415229857,0.48649704665876925,0.7297224577050656,11.174243222040008
0.7500134722795337,0.12656529317609966,0.6911875987425447,0.2861985054332763,0.839556182269007,0.26050249207764864,0.6082704118452966,0.4628641358576715,0.5035465059336275,0.41226288373582065,10.490467919875785
0.4750799499452114,0.03518641158007085,0.5086927535012364,0.06614757748320699,0.2780577081721276,0.851264160592109,0.4770453036762774,0.1373835785780102,0.9733740934170783,0.8489159981254488,0.7706066708169919
0.25408033607527614,0.17211005161516368,0.2991815491113812,0.2946322022471577,0.6197895719669759,0.3325540986843407,0.02020591520704329,0.4271261063404381,0.6325815715827048,0.15913309203460813,9.374123790082242
0.8543917986098677,0.9321667808108032,0.7870568025391549,0.2556151512544602,0.3400734970346093,0.06053717969916761,0.6313539349939674,0.5320498102810234,0.47889814618974924,0.5445201273541898,12.398105926112558
0.029060857370495796,0.6843508635647595,0.5046372215729207,0.19504894223064184,0.5682766062673181,0.6177796765696257,0.050385258393362164,0.7681762417778373,0.6965745859779418,0.07424585381522775,5.3531327496486485
0.951033347286284,0.08679555775597692,0.08190819318406284,0.012497954536229372,0.5431531223002821,0.11200879234820604,0.18733920413069427,0.798979755025357,0.6668447093106806,0.8783317941706628,9.090716715165815
0.6937927983235568,0.5703615739475936,0.6343314805999398,0.503643662435934,0.3073844965547323,0.36376975546590984,0.7058892552740872,0.28486147010698915,0.9737716554664075,0.7908510398119688,16.555904934491842
0.8354299222119153,0.852879032259807,0.6525253739673644,0.25835395394824445,0.7800940438173711,0.5552860007155687,0.6764796047937125,0.4660381102003157,0.11282669170759618,0.7895900376606733,16.365302331536455
0.7946478060912341,0.5245562833733857,0.5032057373318821,0.8133070056792349,0.599477086449042,0.17436605435796082,0.8716576057486236,0.08685497520491481,0.6694836725946516,0.6553311699535698,21.393098909736146
0.42502102395519614,0.8861216567456722,0.8337764001917094,0.634361915057525,0.8440354345366359,0.9426632463000715,0.39222529251128435,0.060294647701084614,0.5490721261594445,0.4640399641357362,23.62725450856659
0.45187817537225783,0.9098796704784036,0.28066294942982495,0.3159544034861028,0.9544154494069517,0.21599455713294446,0.7667214886751026,0.08874485362321138,0.33997293561697006,0.1764741267543286,17.89232577599148
0.6407452810090035,0.703548317309469,0.46445223642513156,0.7513950765132904,0.028105580946430564,0.9759115090128034,0.929693007376045,0.722222619690001,0.4657472907565534,0.25848711049184203,16.24648718872897
0.6262185825034976,0.6029015637468547,0.20053384103812277,0.9127060347236693,0.6868241182528436,0.325396201107651,0.7966664845589548,0.05122753861360252,0.27412178623490036,0.03799323155544698,25.345140720831335
0.22094658389687538,0.9661148632876575,0.7304744648281485,0.12569524999707937,0.28352721594274044,0.8919982723891735,0.056564832804724574,0.6112215211614966,0.4971791529096663,0.9718534785788506,11.04159383498462
0.5691934407223016,0.6822920076083392,0.5763953842688352,0.9063011335674673,0.8397798461373895,0.264587304322049,0.565356535371393,0.19660823699086905,0.9967674252111465,0.18601487600244582,23.663710412840214
0.8382299989461899,0.8374401966575533,0.04753611283376813,0.8546815160661936,0.9073882317170501,0.23502461146563292,0.45486015849746764,0.8368878669571131,0.15855281986296177,0.7877691967878491,25.168108072950556
0.3177997190505266,0.7662899845745414,0.5299549626652151,0.1606182479299605,0.30488458019681275,0.748117167968303,0.17134839412756264,0.24185475800186396,0.27390711661428213,0.8951946219895035,9.876813927630163
0.15809088270179927,0.21709426841698587,0.37484019505791366,0.0005100306589156389,0.8970119173172861,0.013716100715100765,0.6045879167504609,0.4065961171872914,0.7785140860360116,0.21303456695750356,6.749276322105496
0.6022199743892998,0.5193966589868069,0.29240761254914105,0.004055675119161606,0.40639525605365634,0.5197578624356538,0.6345667827408761,0.2636013329029083,0.9546835012733936,0.5309294345788658,10.501533325547825
0.5448841187171638,0.07033945247530937,0.4657989963889122,0.4593684133142233,0.5885661509819329,0.18684626976028085,0.0620657536201179,0.9600311322137713,0.3779444941319525,0.4309376901946962,8.617352068863497
0.5986736780032516,0.02495170058682561,0.47634237445890903,0.9323232779279351,0.8168772214557976,0.6048233485780656,0.7172620282508433,0.874936036998406,0.5076037889812142,0.16027174377813935,13.653239646671317
0.3925371076911688,0.2087862561456859,0.575117906788364,0.42093387292698026,0.7051492938771844,0.4993233496788889,0.5437011169269681,0.24417535308748484,0.09155686921440065,0.8398989054840058,10.470480809203183
0.33163881534710526,0.6742041064426303,0.06900387606583536,0.9225816829130054,0.808857714291662,0.5848986476194113,0.49927084730006754,0.851190701359883,0.21153880911879241,0.8960911112371832,22.96879358674073
0.33601459255442023,0.12633732496760786,0.40053176297806203,0.7290790877304971,0.127294831443578,0.7278294588904828,0.4629716209601611,0.32780055794864893,0.3534721494652331,0.34311668295413256,9.943448512855241
0.4235219534020871,0.35216109408065677,0.8696021803189069,0.8931976438034326,0.6273591623175889,0.3033647832926363,0.8089345640037209,0.7044666232541203,0.9251737124286592,0.16889051743783057,20.325440573586203
0.6799312143120915,0.8705149425659329,0.4638239706400782,0.556743455119431,0.32004515919834375,0.8262222064658999,0.7255223772954196,0.6024137286003679,0.9235874323640019,0.24313009972684085,16.67588038198163
0.6073992850724608,0.4034364952240139,0.0020689822267740965,0.5927680667955428,0.08710774825885892,0.06632026843726635,0.8568730442784727,0.006621743086725473,0.9755563854705542,0.9427632857114077,16.891738957094322
0.7560298261232674,0.6557474092114717,0.450886950828135,0.6613518369849771,0.05224329000338912,0.31878887000493705,0.7933071290608495,0.3771416232921183,0.5813283261377364,0.8690837037283927,17.607364073019138
0.32710492541082203,0.12383441650308669,0.5785762986633927,0.2817473066970706,0.6572666256688535,0.9853791352361441,0.12850956129841506,0.5422920431010425,0.5161428656429052,0.2044219875242561,5.4573568499388205
0.7668096160050482,0.06226784433238208,0.7458288909401745,0.6825717482715845,0.8776835352182388,0.476616590982303,0.11753306142054498,0.23831891338340938,0.9991823544260114,0.9745681362692267,13.017546516914365
0.2391279072035104,0.5801508200820535,0.21774376183748245,0.6937600017990917,0.4598718953784555,0.021169757936149836,0.6357057890854776,0.8443051960784942,0.4958922399673611,0.6128354205284268,15.62683738666821
0.0029162282589823008,0.41448013414628804,0.9777187891304493,0.34313508262857795,0.3623998162802309,0.7601836971007288,0.3268173679243773,0.7747804149985313,0.9653827950824052,0.8458039532415569,9.367608436293843
0.9432139098644257,0.34471611585468054,0.3561114917974919,0.10343972966074944,0.44112802972085774,0.3345364697743207,0.29634528513997793,0.4837309417780489,0.44352023326791823,0.3256292790174484,12.350291885560148
0.3231763141229749,0.2526233319658786,0.8727303803898394,0.46180390333756804,0.6282577484380454,0.13119570119306445,0.25391670991666615,0.20099046872928739,0.19733011326752603,0.7359565070364624,13.209930254564993
0.31215819623321295,0.9966033750679344,0.5875438980292529,0.8210171314422041,0.6558778726030141,0.5512462155893445,0.13079069764353335,0.5830266780685633,0.18539207614958286,0.3708344614133239,20.916451234345786
0.8909156320150942,0.4467050426173955,0.05466451542451978,0.9295744094997644,0.6342185123357922,0.4497806418221444,0.4263287929352373,0.1544358041137457,0.7951208495069295,0.6181825958192348,26.5590940674009
0.8685943954624236,0.37313118297606707,0.006119060330092907,0.7536834278143942,0.907092641107738,0.06645210343413055,0.2656051213853061,0.14297328027896583,0.12248114682734013,0.5502670344430953,24.60277630252664
0.8805109297391027,0.9498461687471718,0.8680408746004105,0.0884980340488255,0.5786452880129218,0.7561708700377494,0.8798010153695941,0.6052015905734152,0.6471431802492589,0.3640375738032162,12.757343742414736
0.6821481352671981,0.2753947547171265,0.13642063620500267,0.023993019247427583,0.8012246009893715,0.3058426594361663,0.5628530683461577,0.5979164852760732,0.8837053067982197,0.492030167253688,10.593425442345435
0.5177980070002377,0.3615958651062101,0.6805614263284951,0.9869582401588559,0.6412887535989285,0.8674646953586489,0.7180754768196493,0.11713190749287605,0.9224517436232418,0.530265791574493,18.483462263397815
0.038798826513811946,0.0035956818610429764,0.8027177234180272,0.059512740932404995,0.947860648855567,0.2906786415260285,0.32876855367794633,0.3439204019960016,0.8076530103571713,0.01287932088598609,8.40117220558627
0.6304679291788489,0.8914082515984774,0.8474828184116632,0.7595312942285091,0.9042399022728205,0.198020797688514,0.9120623338967562,0.3246164354495704,0.5260979500599205,0.07698410819284618,24.30703459613636
0.9706592883449048,0.4180686455219984,0.0741889791097492,0.2050650583114475,0.8659716830588877,0.2804068501573056,0.6665051232557744,0.7215976675506681,0.4636631889734417,0.5694696321152151,20.33534681523508
0.6894492034334689,0.68081239098683,0.7327824863605201,0.6633949824608862,0.657004619250074,0.5498339147306979,0.00888828607276082,0.0668695424683392,0.1692108795978129,0.025530718499794602,22.220461606576134
0.035528440261259675,0.29218183760531247,0.5401108767837286,0.8568380544893444,0.6680553874466568,0.0061201348435133696,0.6354583830107003,0.5811442490667105,0.9409004379995167,0.9928890576120466,12.823855297840842
0.8617405153345317,0.33892660425044596,0.009884524159133434,0.1458366473671049,0.050080072367563844,0.7351679268758744,0.939153736224398,0.1997107390780002,0.07127388007938862,0.4289492713287473,14.952972448218812
0.6229391451925039,0.17648873524740338,0.8750230411533266,0.49569243541918695,0.3644230696372688,0.6959753264673054,0.19222449464723468,0.7083233864977956,0.7975740870460868,0.5737811210565269,12.12109918653929
0.003952222876250744,0.9355610653292388,0.25738811399787664,0.7565249255858362,0.6837649277877063,0.8834585016593337,0.9477340339217335,0.5658069318160415,0.7358364688698202,0.33041625772602856,13.774201600165087
0.5210326442029327,0.6015422528143972,0.19158834521658719,0.5541068939492106,0.6107983491383493,0.5717369541525841,0.09832467744126916,0.012827416881918907,0.5039266555104405,0.3528541596606374,18.822152698561627
0.8458538041450083,0.4520885089877993,0.6996889729052782,0.771532682934776,0.5927029005251825,0.3498398782685399,0.8599915220402181,0.8642905389424413,0.026387925492599607,0.18797940714284778,21.244948115995463
0.7378001352772117,0.07707186066545546,0.07614036300219595,0.16316791181452572,0.5537690764758736,0.7755845601204783,0.958393283188343,0.6725401466246694,0.7885985795874149,0.8340755484532565,9.926974832148472
0.46111081494018435,0.00743704941123724,0.981183945434168,0.12493320042267442,0.1772700254805386,0.33639508159831166,0.5206186193972826,0.7931290173437446,0.08002915582619607,0.37782031763345003,6.082206265015718
0.6704858089797199,0.2228564559482038,0.2229655534029007,0.7324514139909297,0.9530816301703453,0.7795773921534419,0.09632259816862643,0.5421142994891852,0.1237014215439558,0.27083232603035867,16.64760064744962
0.5734657214488834,0.5713294222950935,0.9865192640572786,0.7492669343482703,0.12014916026964784,0.23306790692731738,0.19082315638661385,0.3283700451720506,0.6716492276173085,0.5973493959754705,18.25675923811296
0.9071803730912507,0.36064406228251755,0.7575147000607103,0.3617209931835532,0.5918106546159834,0.14115551626309752,0.28891672170720994,0.5884121211711317,0.6317566982470453,0.9737324952147901,15.819512109387844
0.6367803858593106,0.8373125328216702,0.3605518324766308,0.372906690929085,0.06838404992595315,0.01524395146407187,0.1113686051685363,0.08114883909001946,0.19457211415283382,0.15149678173474967,15.978872222583277
0.34835586650297046,0.2062940988689661,0.5699970235582441,0.0820270860567689,0.7688303096219897,0.5978337009437382,0.5580507791601121,0.9463677301537246,0.9043572044465691,0.21931768907234073,8.682577711232671
0.9382150017190725,0.8609645611140877,0.20298393652774394,0.03413633303716779,0.9231494679115713,0.6353097429964691,0.9757771498989314,0.6743739920202643,0.008091768249869347,0.7053517824970186,12.372318090243988
0.6378027352038771,0.512472135014832,0.3092015548609197,0.21255663852207363,0.24346344429068267,0.25191984488628805,0.7912662918679416,0.2757574685383588,0.3638577100355178,0.47342506097629666,13.826735216002207
0.19003216130658984,0.10695661185309291,0.0631085664499551,0.22953470097854733,0.6303419368341565,0.25488705304451287,0.16378133976832032,0.9544317938853055,0.007312750210985541,0.39424892771057785,9.604168717116217
0.2924896804615855,0.9749886312056333,0.7804711156059057,0.013394589768722653,0.41457312973216176,0.6308880273718387,0.47135171410627663,0.10051781218498945,0.054358337074518204,0.3532947509083897,11.91774495686266
0.47750299051404,0.03719563945196569,0.31845999974757433,0.9606615616939962,0.08860624441877007,0.8930456847883761,0.04425022006034851,0.6410023677162826,0.751873679459095,0.5807671265210956,10.618963485434687
0.009406267898157239,0.7897600145079195,0.7413898254744709,0.9584077163599432,0.66659841616638,0.03574386076070368,0.5355774941854179,0.048226738814264536,0.07444806792773306,0.5447653764858842,15.29827017464879
0.19497615890577435,0.3801114335656166,0.538428965723142,0.2982294817920774,0.88643141486682,0.5668948765378445,0.09746020566672087,0.4048375377897173,0.9631992273498327,0.5686810174956918,10.812735385108871
0.09526190720498562,0.7443170957267284,0.8924297334160656,0.0564999976195395,0.288266098825261,0.9265588987618685,0.3955547302030027,0.9570271824486554,0.14661325048655272,0.6147649330087006,5.29622962895372
0.6577804628759623,0.13046178803779185,0.19885665457695723,0.0056494970340281725,0.566165576223284,0.052755323238670826,0.7361665687058121,0.8042111899703741,0.9123744815587997,0.6294821386691183,6.152210195930717
0.6089886033441871,0.7987605333328247,0.5992324412800372,0.3389144230168313,0.549998244503513,0.801129101542756,0.12283267010934651,0.44796588039025664,0.5036632400006056,0.36695391521789134,16.044745868891628
0.5915377230849117,0.3386093832086772,0.3554187063127756,0.9600523968692869,0.9110053826589137,0.9162062902469188,0.04403640376403928,0.7463339527603239,0.2763030999340117,0.7795981792733073,23.071062033597407
0.6427181011531502,0.9476097051519901,0.6893684847746044,0.07348561380058527,0.5926898759789765,0.6578893638215959,0.29682792839594185,0.926549086580053,0.2589317373931408,0.286786659155041,12.134891896419914
0.7355664425995201,0.4776722900569439,0.22323628305457532,0.8597890243399888,0.09211052721366286,0.953642038628459,0.8977980129420757,0.172000725986436,0.4276111125946045,0.2440332535188645,18.72440957482446
0.5992191294208169,0.7378245699219406,0.15174934128299356,0.9394885264337063,0.4153725353535265,0.5499427220784128,0.22012155642732978,0.6042361194267869,0.24688568781130016,0.5871330588124692,23.14359387243893
0.33012451487593353,0.9403275144286454,0.7014535365160555,0.449629609240219,0.7096877344883978,0.09562004962936044,0.723332738969475,0.7849139934405684,0.1467956535052508,0.24129500053822994,17.30779495580721
0.3983119810000062,0.4173117328900844,0.8425284149125218,0.5208653211593628,0.7993432930670679,0.8755008173175156,0.5058612104039639,0.5305257418658584,0.47200121777132154,0.7359841009601951,15.504724993168683
0.7139200125820935,0.8092921504285187,0.7713980015832931,0.9744715050328523,0.8456787508912385,0.32919911737553775,0.9723194681573659,0.8824691905174404,0.7196355671621859,0.6427525395993143,26.435016665641175
0.31569407577626407,0.7707625583279878,0.02514970162883401,0.1632890694309026,0.08655380271375179,0.18951133801601827,0.3904123578686267,0.054290335392579436,0.33184843440540135,0.773851728765294,13.077456348546617
0.6596835011150688,0.040969306603074074,0.9121072883717716,0.2757254100870341,0.32860048161819577,0.4212774757761508,0.2713329871185124,0.1148715044837445,0.25889374827966094,0.3746716738678515,7.474575727012401
0.7549598517362028,0.5609161944594234,0.9142881636507809,0.21196277532726526,0.9184611102100462,0.45021158060990274,0.8673965712077916,0.0647976235486567,0.487392915179953,0.3107594072353095,18.412300421445252
0.6462742567528039,0.39828642061911523,0.2794063785113394,0.6032661411445588,0.5750474275555462,0.5576536250300705,0.4060640672687441,0.5982657957356423,0.45895419060252607,0.9204006846994162,16.201544431276854
0.933986839838326,0.022782067069783807,0.18142687226645648,0.03551897616125643,0.09639292256906629,0.989633263554424,0.6920204993803054,0.7196121418382972,0.8179976211395115,0.7249557436443865,4.445413857179864
0.2981389397755265,0.6846734057180583,0.7202941274736077,0.9001209591515362,0.4807989050168544,0.9662446435540915,0.31625857949256897,0.3901640330441296,0.38113336148671806,0.24677237239666283,18.44327653152492
0.8622438518796116,0.392627245048061,0.4708754054736346,0.10369942523539066,0.07413670187816024,0.8085192847065628,0.8319462146610022,0.07971987198106945,0.795268245972693,0.05316976923495531,9.577344466403146
0.08726493339054286,0.8520649010315537,0.37734977272339165,0.37800015578977764,0.11114263837225735,0.8028559435624629,0.40982785006053746,0.043112835846841335,0.49627167196013033,0.6498667811974883,5.881209185463783
0.37137110671028495,0.4487295770086348,0.27519942563958466,0.31798588996753097,0.4464192441664636,0.7597240447066724,0.3060677261091769,0.6976102802436799,0.8434438691474497,0.41853087535128,11.997263943435305
0.38887643441557884,0.3104780681896955,0.24495413014665246,0.1500614807009697,0.407956849783659,0.8413399150595069,0.5651788546238095,0.9962456014472991,0.42352363001555204,0.5394044700078666,9.78700549826243
0.06366043211892247,0.033087056363001466,0.04758377536199987,0.022264006081968546,0.9744499025400728,0.4484406835399568,0.954752309480682,0.18002080149017274,0.40469909086823463,0.7364766981918365,11.907701987736926
0.3841334788594395,0.8463289700448513,0.8677204719278961,0.16699510789476335,0.5098311102483422,0.4465911614242941,0.27401138097047806,0.4334805184043944,0.660295041045174,0.7732335054315627,15.58592386947694
0.9926595988217741,0.23903158702887595,0.7212291972246021,0.19586395053192973,0.8911198971327394,0.5537684238515794,0.6420933166518807,0.1395885667297989,0.6323672209400684,0.9615988843142986,14.394834915729968
0.07918725349009037,0.9435585469473153,0.23398494417779148,0.861744818976149,0.5942958910018206,0.6684994446113706,0.1986583296675235,0.507075013127178,0.775386530905962,0.24539070366881788,16.104577031733097
0.4386299785692245,0.5666159368120134,0.5563934419769794,0.4505896274931729,0.853332833154127,0.30982606834731996,0.01409690361469984,0.9151860405690968,0.7362194806337357,0.07973626675084233,16.41126885826232
0.7210635144729167,0.2573757441714406,0.6648993408307433,0.7639794023707509,0.8458427821751684,0.5177189880050719,0.6045042600017041,0.04672356485389173,0.6442770240828395,0.7016952210105956,18.20452846387747
0.13165876385755837,0.484707917785272,0.6163538678083569,0.8820237654726952,0.10746752144768834,0.4091894330922514,0.15980541007593274,0.34545759460888803,0.787282447796315,0.7806815735530108,11.600588287279212
0.04402541508898139,0.28574257134459913,0.08259998401626945,0.6810852629132569,0.5394026339054108,0.12741451221518219,0.8180404182057828,0.17672501085326076,0.274557214230299,0.21295060846023262,13.352218009527107
0.39389660069718957,0.1668347625527531,0.2803357590455562,0.7744009469170123,0.2880933256819844,0.6906649614684284,0.915632865857333,0.15642591984942555,0.36113996151834726,0.437965577468276,11.145211864401434
0.9310737540945411,0.2699692160822451,0.9921930022537708,0.816804523114115,0.5679219134617597,0.5536978249438107,0.31798963993787766,0.1138604604639113,0.6077387852128595,0.11059035919606686,21.907281471596626
0.011469254735857248,0.160735564539209,0.4349128126632422,0.3712296390440315,0.8505908634979278,0.8043047555256635,0.16821603500284255,0.6754611812066287,0.8638019184581935,0.693034983240068,8.212192898659557
0.0918736713938415,0.3999092085286975,0.583473979961127,0.7160249745938927,0.49913804745301604,0.8288022014312446,0.37846430111676455,0.3552078038919717,0.07891841675154865,0.6052002054639161,10.993763087293958
0.22710933187045157,0.6082199567463249,0.16231306828558445,0.211561381816864,0.6100078197196126,0.847245529294014,0.7000160126481205,0.13932240707799792,0.3176475712098181,0.1727191060781479,12.258013837816934
0.4719270276837051,0.12044446798972785,0.9020175090990961,0.5262308290693909,0.5660837891045958,0.40335423685610294,0.08126891800202429,0.819963765097782,0.5611631528008729,0.2014337598811835,13.095236906130282
0.09232762455940247,0.4097140650264919,0.783772649243474,0.37931148684583604,0.9329884187318385,0.22625219519250095,0.8421298791654408,0.8189336180221289,0.16903025074861944,0.5212311530485749,10.783426821201385
0.22744076163507998,0.11743666371330619,0.960166227305308,0.058013215428218246,0.0949886494781822,0.7511728489771485,0.7851717432495207,0.606790758902207,0.9223937892820686,0.5585837245453149,5.344014477308268
0.8679040225688368,0.9650111210066825,0.32329119089990854,0.7488176985643804,0.23220276436768472,0.4873312583658844,0.7625369424931705,0.9793837841134518,0.9663413758389652,0.6479419101960957,13.421302170222496
0.4705540838185698,0.21623452380299568,0.5947819848079234,0.9137458081822842,0.9662485450971872,0.6534290993586183,0.518389425938949,0.5385049972683191,0.5790080246515572,0.8697677163872868,16.938039292766625
0.942244753241539,0.6957294738385826,0.06593821244314313,0.29611536441370845,0.2302841222845018,0.7400996442884207,0.8650724580511451,0.28654814162291586,0.5279699675738811,0.6354292556643486,15.969390833177942
0.8075818661600351,0.5824566925875843,0.4903202671557665,0.7609702488407493,0.9697096571326256,0.8034535218030214,0.897937398403883,0.9463136207778007,0.16617446253076196,0.734124603914097,22.1219405163337
0.19328812626190484,0.35933276917785406,0.06356871942989528,0.8787868011277169,0.751667802920565,0.8987991577014327,0.6355702630244195,0.970440196339041,0.30380520271137357,0.2421705317683518,17.02569944106401
0.9377249437384307,0.21829637745395303,0.08057923964224756,0.5349375936202705,0.9544762391597033,0.008325872709974647,0.9676073333248496,0.953421023208648,0.7357839953619987,0.28194051259197295,17.898697660176083
0.9055285637732595,0.37083070329390466,0.079316460294649,0.36275492212735116,0.15569693129509687,0.8666884978301823,0.3666512412019074,0.4078151371795684,0.8189402937423438,0.8295047210995108,16.334920861011057
0.5325083686038852,0.35017234552651644,0.6280591618269682,0.5956710388418287,0.9813404399901628,0.5302550024352968,0.34329873486422,0.2868558519985527,0.2559836166910827,0.2019159235060215,15.865098496158097
0.7519029814284295,0.19548683729954064,0.21312767919152975,0.6993615699466318,0.43291355250403285,0.24739426677115262,0.04195988643914461,0.9648874029517174,0.2531439808662981,0.5798113900236785,17.333827640175237
0.6726330758538097,0.6772480204235762,0.404256294015795,0.21106130466796458,0.2767601797822863,0.8296641290653497,0.5843640777748078,0.25329012190923095,0.15045938873663545,0.547417949186638,13.040184176174382
0.5549931295681745,0.35744260624051094,0.8547786965500563,0.5351517968811095,0.005997681524604559,0.5908155553042889,0.32153213303536177,0.9243161438498646,0.39312373334541917,0.6539612945634872,14.725349459275549
0.02990525751374662,0.02783020306378603,0.7396787335164845,0.018253894057124853,0.48041097866371274,0.4674015997443348,0.28210423584096134,0.8066017457749695,0.7893580249510705,0.20680681127123535,3.919158804054038
0.8226651621516794,0.23597600124776363,0.4086471479386091,0.6980436630547047,0.6536513252649456,0.15288174781017005,0.8315384255256504,0.12946384400129318,0.19747290713712573,0.47752795508131385,15.085283287237045
0.9916632405947894,0.50383654050529,0.9232530754525214,0.7408174541778862,0.9305563271045685,0.5283421652857214,0.7661707869265229,0.08459680853411555,0.7498065170366317,0.39229900669306517,25.103925938373468
0.2925157882273197,0.6621850456576794,0.10171945299953222,0.8491910819429904,0.6746736369095743,0.2814587247557938,0.8696172425989062,0.3224124666303396,0.8816981555428356,0.06726032635197043,19.85158190902318
0.6667859046719968,0.8367956839501858,0.797556022182107,0.0414983294904232,0.46657223207876086,0.7023259128909558,0.5062618562951684,0.18661506823264062,0.6422666795551777,0.975220799446106,15.241158358054646
0.033543408615514636,0.4084432169329375,0.8893380966037512,0.3053881232626736,0.1058504085522145,0.45536261377856135,0.7318638255819678,0.8820714552421123,0.9371166352648288,0.43501526420004666,8.845841286061535
0.2630451167933643,0.7079336729366332,0.2400180569384247,0.9048899183981121,0.45168567006476223,0.8671996556222439,0.19757824367843568,0.43734479206614196,0.4248225246556103,0.8373204639647156,18.861268956745818
0.8847148949280381,0.07734816404990852,0.34942554240114987,0.4152952909935266,0.5234757210128009,0.6897985234390944,0.5820592129603028,0.820356760174036,0.724674949189648,0.014605276519432664,9.324083994807824
0.1041096979752183,0.8004498053342104,0.05337543087080121,0.7692236930597574,0.8316966483835131,0.6303243774455041,0.7600898474920541,0.8555603472050279,0.3561639692634344,0.86253637005575,19.389913848890657
0.9584997412748635,0.24706580652855337,0.1854389114305377,0.6283291960135102,0.3962994220200926,0.314713483909145,0.03829646133817732,0.4860868805553764,0.18019874463789165,0.4427981136832386,17.206937174957616
0.0157581539824605,0.37052074959501624,0.45762722473591566,0.07414424885064363,0.6447318140417337,0.08845630940049887,0.7534980240743607,0.5751185019034892,0.03861549566499889,0.6034300995524973,3.1018567894603764
0.7799638768192381,0.6346720019355416,0.8638333810959011,0.912331674946472,0.6976100536994636,0.7035319551359862,0.9416968764271587,0.9071298346389085,0.9799554697237909,0.3167911365162581,25.437356095774458
0.23469730815850198,0.11647522076964378,0.5204189503565431,0.017123879166319966,0.3686794424429536,0.7016941187903285,0.06967512471601367,0.23748503089882433,0.8271372634917498,0.6199508605059236,3.1022165612452923
0.13173922593705356,0.6808377837296575,0.42160619515925646,0.2754650597926229,0.3758358939085156,0.7941399272531271,0.9738147729076445,0.01999753317795694,0.7676868012640625,0.43308275658637285,7.775832988659628
0.6730660516768694,0.5834292843937874,0.7656106404028833,0.8539345597382635,0.8712516857776791,0.15268396027386189,0.23723944555968046,0.07640117034316063,0.3854191096033901,0.6075730919837952,22.585137611571316
0.2945348147768527,0.7548874635249376,0.15371552342548966,0.7166226236149669,0.6817506421357393,0.01868402468971908,0.7798068148549646,0.3107493969146162,0.45152493799105287,0.9369578452315181,19.576467600723944
0.46224718540906906,0.5274900165386498,0.825596304377541,0.42570492066442966,0.5641750143840909,0.022962244460359216,0.48124782578088343,0.18593958276323974,0.5835652882233262,0.16518536722287536,14.681224641589589
0.15019545750692487,0.0264527490362525,0.930446939310059,0.6375935112591833,0.6014231580775231,0.18964274693280458,0.309070176910609,0.7661057282239199,0.6429933921899647,0.0858805631287396,14.357589424133966
0.1353522262070328,0.7937197929713875,0.9995148761663586,0.480781230609864,0.4754944425076246,0.7247784386854619,0.6740044311154634,0.16105215391144156,0.735558798070997,0.603323977207765,15.601903703339072
0.5582110923714936,0.0644093279261142,0.3195470853243023,0.6577242654748261,0.21596027840860188,0.6029842949938029,0.19565848889760673,0.1517299865372479,0.8200811357237399,0.5257917968556285,8.268367371680482
0.7908266745507717,0.2728132924530655,0.4590407810173929,0.7551153001841158,0.8237509038299322,0.6451464027632028,0.4373720826115459,0.9393132077530026,0.8714586026035249,0.0690469469409436,17.407183278531654
0.3233853003475815,0.38217705651186407,0.3006143318489194,0.14015525695867836,0.2777214103844017,0.7365954623091966,0.9232266414910555,0.5986684469971806,0.8816964784637094,0.27183155552484095,7.05455962917155
0.035278149880468845,0.14732151734642684,0.482433918165043,0.17323367367498577,0.003836554940789938,0.4079514986369759,0.9080049279145896,0.7262138009537011,0.22177630104124546,0.3338539991527796,-0.006148091431735558
0.785408555297181,0.958587980363518,0.25695345643907785,0.19257508381269872,0.9034447588492185,0.29660591250285506,0.014488759450614452,0.7002514482010156,0.9643453464377671,0.2901155676227063,14.915896827038782
0.5848972264211625,0.06576802302151918,0.11841043410822749,0.9025916554965079,0.7215501146856695,0.19981847191229463,0.47344854730181396,0.29286106349900365,0.8413155805319548,0.7454679803922772,14.825296545073137
0.4096548231318593,0.5638093205634505,0.25455921585671604,0.10232702735811472,0.2897133983206004,0.9999730037525296,0.12077882280573249,0.725941033102572,0.4748862963169813,0.4597035706974566,10.269340240644214
0.3776795065496117,0.10948305088095367,0.41502271941863,0.9589745190460235,0.0607812802772969,0.85816088039428,0.6259908732026815,0.06684669037349522,0.3785409568808973,0.6336727617308497,10.75604712724241
0.9249420412816107,0.5257690700236708,0.4405959569849074,0.6256643745582551,0.919562651310116,0.9458655226044357,0.14432713855057955,0.4758025798946619,0.36367655056528747,0.8914260121528059,22.1522127579989
0.6399235927965492,0.6591211310587823,0.5569217533338815,0.47047541406936944,0.23265936295501888,0.5961139691062272,0.21305765537545085,0.959893858525902,0.9966951301321387,0.3430672462563962,15.32521534475464
0.5240069024730474,0.11750922189094126,0.17319049988873303,0.5395895710680634,0.5172815420664847,0.6808733851648867,0.486523749306798,0.941104301251471,0.6353757895994931,0.3191797595936805,12.819870567791698
0.46568126883357763,0.16411805874668062,0.34069689246825874,0.6912644593976438,0.8744856112170964,0.26906907674856484,0.8501457080710679,0.5900258619803935,0.1902107058558613,0.2334732343442738,15.626732766603839
0.0859656292013824,0.21335291722789407,0.5523685999214649,0.5493271043524146,0.8097905367612839,0.5710622000042349,0.756817934801802,0.7932733183261007,0.22997586941346526,0.3262295098975301,9.526285558176223
0.23351106280460954,0.5903890903573483,0.9730729404836893,0.21392044983804226,0.011459070723503828,0.33603336731903255,0.7224822745192796,0.9485494440887123,0.8693228571210057,0.28014361928217113,12.120901160929305
0.6616712829563767,0.29812519857659936,0.9637091076001525,0.10609116870909929,0.6660505062900484,0.27762996312230825,0.41714605619199574,0.12684410624206066,0.2512664587702602,0.8596772816963494,13.789347415012069
0.0077052738051861525,0.8825269832741469,0.6156871996354312,0.35167377861216664,0.9439943085890263,0.9539992325007915,0.5651840693317354,0.49609468900598586,0.5170793521683663,0.10218130610883236,9.465001986766621
0.6389053945895284,0.49625941808335483,0.9866419762838632,0.08602856565266848,0.9503817060030997,0.7345531235914677,0.2285475831013173,0.6951164666097611,0.18434769287705421,0.38526813802309334,18.9912333579913
0.46172772673889995,0.9579604035243392,0.6547483070753515,0.6030141699593514,0.5967342348303646,0.19106092862784863,0.1253782077692449,0.5413453762885183,0.9175108899362385,0.8663069501053542,20.360164803236497
0.5890870941802859,0.6870675208047032,0.5002722730860114,0.8142964916769415,0.6768172250594944,0.5461849207058549,0.31949266558513045,0.6236543545965105,0.7884827838279307,0.14129703701473773,20.597482968667126
0.6019777706824243,0.7502662693150342,0.16285393410362303,0.8425897075794637,0.6759268059395254,0.05133716459386051,0.4342788113281131,0.3964686254039407,0.8107900081668049,0.09332911809906363,23.311397525326413
0.41854036692529917,0.42517928732559085,0.6788520563859493,0.5304720168933272,0.7417158393654972,0.1524580956902355,0.654245441313833,0.7240218354854733,0.6085705936420709,0.9450999577529728,14.626731560819785
0.8553612360265106,0.5764273572713137,0.02095854585058987,0.38456776668317616,0.7283064175862819,0.6912240339443088,0.5705687084700912,0.03657533088698983,0.19825461879372597,0.6251392494887114,22.19913215229925
0.4700142703950405,0.6683284565806389,0.20113759022206068,0.9422872161958367,0.9578987252898514,0.4050231499131769,0.8052930454723537,0.3321389991324395,0.8907899833284318,0.34530312404967844,25.362806790498176
0.5854111101944,0.024754157988354564,0.712851885240525,0.9396365592256188,0.33777036471292377,0.7468968101311475,0.9833501144312322,0.49716220470145345,0.4739651698619127,0.5682005798444152,13.41021143147669
0.073587462073192,0.14864026941359043,0.8985173581168056,0.8320676975417882,0.8872772543691099,0.1776190570089966,0.6725610562134534,0.3716894742101431,0.3372642118483782,0.23797384765930474,16.18789770252444
0.817592836683616,0.08817960065789521,0.9401500604581088,0.9838369612116367,0.25841638748534024,0.18679388891905546,0.7407117635011673,0.052873842185363173,0.9085010229609907,0.29688811767846346,17.362389320169033
0.9795982588548213,0.7101650414988399,0.038802437018603086,0.8317124273162335,0.32001882256008685,0.7458627030719072,0.10022415779531002,0.4503214545547962,0.14628257299773395,0.6282244655303657,20.96025953134583
0.739158758893609,0.6982037031557411,0.9567364891991019,0.92459736042656,0.6497476962395012,0.5872237815055996,0.7736341038253158,0.17938077962026,0.8133868917357177,0.5444832155480981,25.76781657088755
0.8557710330933332,0.6265183514915407,0.6639599341433495,0.9360338030382991,0.6127062146551907,0.15296966605819762,0.9459458505734801,0.18654331611469388,0.5681469743140042,0.32153682061471045,23.24403699038036
0.6247197529301047,0.8935357483569533,0.6357768545858562,0.8883799312170595,0.44215301889926195,0.0037581680808216333,0.15365376533009112,0.7767868055962026,0.778977693291381,0.5286010466516018,21.430475409914088
0.931314987828955,0.25886495248414576,0.5288884225301445,0.15274891373701394,0.3874230638612062,0.9562469571828842,0.5381244919262826,0.4838021267205477,0.5585622349753976,0.6759586944244802,11.896191184433116
0.6124187549576163,0.1437951815314591,0.2615841724909842,0.08627208392135799,0.5252727442421019,0.08876485354267061,0.5062888422980905,0.07589276926591992,0.7916178135201335,0.9136846670880914,6.465108174224188
0.14141286606900394,0.7417409354820848,0.21684743463993073,0.19251415552571416,0.6742128080222756,0.7549605155363679,0.6380791496485472,0.8657696924638003,0.4808508325368166,0.9271653834730387,10.77245192704196
0.16966284182853997,0.34375780122354627,0.013647741638123989,0.24111075955443084,0.6028010619338602,0.7597303946968168,0.8728026915341616,0.7226962090935558,0.6194736834149808,0.986917708767578,10.902821528943264
0.09832101967185736,0.1125305462628603,0.442287232959643,0.9629469660576433,0.7322128408122808,0.30711278482340276,0.049575267592445016,0.33716549328528345,0.6877834766637534,0.6062066680751741,13.749537383366723
0.9960583609063178,0.9653800488449633,0.1659442950040102,0.6441466512624174,0.5613723031710833,0.47226299764588475,0.7967753440607339,0.2753332348074764,0.22219954431056976,0.7126080482266843,13.399319951897947
0.6045512026175857,0.4201511964201927,0.3739655455574393,0.2797187159303576,0.5118008097633719,0.3132371192332357,0.801303792744875,0.24311076500453055,0.06810723384842277,0.7606582802254707,14.22392841836106
0.7180450756568462,0.9712880209553987,0.327034049667418,0.6784127706196159,0.9860031169373542,0.8994476739317179,0.20554762543179095,0.43259861576370895,0.8453312078490853,0.05867304466664791,20.389224914827903
0.7557310371194035,0.4995153390336782,0.3034629593603313,0.12070881249383092,0.20008394913747907,0.2844646768644452,0.9761819608975202,0.025435889372602105,0.44490561611019075,0.9420135214459151,12.583027323563503
0.220821940805763,0.3426628480665386,0.10429754457436502,0.7910446128807962,0.23563571460545063,0.8479776831809431,0.5331671759486198,0.14365231106057763,0.3530157213099301,0.493811875814572,13.145897066341531
0.8899412814062089,0.11965020233765244,0.6465844267513603,0.9069871688261628,0.6416093385778368,0.9560568204615265,0.6980050362180918,0.8513177649583668,0.9195950722787529,0.4716331781819463,16.182804232470655
0.5665805342141539,0.9841735933441669,0.9449789638165385,0.3512250508647412,0.8870686807204038,0.12543554767034948,0.04960061074234545,0.3439175430685282,0.5753120630979538,0.0655864228028804,19.779912571887753
0.2847820636816323,0.7508723768405616,0.35863699368201196,0.354331333655864,0.8358119553886354,0.39273159485310316,0.6557216064538807,0.8783835894428194,0.8219612999819219,0.8676146878860891,15.193966999034348
0.8163654620293528,0.09944209456443787,0.7894256708677858,0.6171390716917813,0.6636158612091094,0.26977232890203595,0.457410256145522,0.23045798833481967,0.9968965149018914,0.869550519157201,13.470365937674302
0.3051095334812999,0.8109250641427934,0.6123178780544549,0.5978103610686958,0.6207862091250718,0.818400445394218,0.2893932138103992,0.9863296474795789,0.6210720913950354,0.04558425326831639,16.683431595610923
0.908169565955177,0.31914884503930807,0.5533596687018871,0.7413099477998912,0.06666031922213733,0.8456366418395191,0.8788581404369324,0.6703405035659671,0.820351260015741,0.5101677505299449,15.138334016722082
0.9741592512000352,0.361175348283723,0.9933927410747856,0.3990720713045448,0.5049244009424001,0.5424353089183569,0.8258610391058028,0.1251468826085329,0.9886508560739458,0.4286293126642704,21.7112126178523
0.8972661930602044,0.3984774388372898,0.6666517604608089,0.4014471147675067,0.4928813041187823,0.38937982684001327,0.12620742875151336,0.9869852333795279,0.3488574621733278,0.544121355516836,16.78552002758167
0.9640871805604547,0.17093832418322563,0.8756633342709392,0.22925399290397763,0.011645225109532475,0.5395866476465017,0.3882425569463521,0.46436437754891813,0.6393908497411758,0.9354416553396732,8.686223928197565
0.3959776069968939,0.8821070424746722,0.49921174719929695,0.2656573068816215,0.5796954927500337,0.775983621366322,0.1438493465539068,0.1064185332506895,0.1845409309025854,0.49888970889151096,15.512813618505586
0.38595297932624817,0.46916254120878875,0.21375208906829357,0.08200426516123116,0.703757906332612,0.35968149499967694,0.20259850658476353,0.7300106391776353,0.7648504611570388,0.9300562646239996,11.607418744066212
0.7167064950335771,0.8601788603700697,0.8930770540609956,0.2623821839224547,0.40395437530241907,0.5940939472056925,0.014971890021115541,0.8527191029861569,0.2721975340973586,0.4724967456422746,18.036081273970478
0.5385442462284118,0.2173462074715644,0.18514678138308227,0.5854425798170269,0.8864396349526942,0.6020924232434481,0.7407320635393262,0.46690983208827674,0.36519585084170103,0.6037816288881004,16.475389511906304
0.06505077751353383,0.22967288363724947,0.21157131786458194,0.7245019583497196,0.1336065442301333,0.3075485765002668,0.33555440208874643,0.080821025185287,0.7914879180025309,0.39898744272068143,10.672114518323282
0.05501880147494376,0.06531994417309761,0.8838254362344742,0.05944547802209854,0.17589338682591915,0.6263671971391886,0.9157956535927951,0.9558992413803935,0.8834340346511453,0.22036195592954755,5.305061378406044
0.00860331067815423,0.9488119261804968,0.4936618336942047,0.6543432297185063,0.7193010270129889,0.9025609195232391,0.3542968628462404,0.41618089005351067,0.7635552340652794,0.10159343155100942,9.80895043433282
0.5416480363346636,0.10630637244321406,0.7402750607579947,0.1715082242153585,0.613648327300325,0.44645968033000827,0.5483631973620504,0.3562841408420354,0.2911028889939189,0.44173515564762056,8.849193567102338
0.4721892026718706,0.787209207424894,0.6217388233635575,0.8043006006628275,0.6101963412947953,0.7380395364016294,0.5494148980360478,0.3150435427669436,0.724876016844064,0.5800661121029407,21.494733534585883
0.42958312341943383,0.9527278384193778,0.5887942037079483,0.012238591210916638,0.5836011974606663,0.710592111106962,0.09636809211224318,0.4414061326533556,0.06747927074320614,0.842556906864047,14.134882998726434
0.7775194754358381,0.8952685305848718,0.8311874149367213,0.4672004955355078,0.3233454776927829,0.893253818154335,0.9960376129020005,0.7342054978944361,0.7833220281172544,0.5376459166873246,16.247844053545364
0.1182555602863431,0.7620239418465644,0.06344994227401912,0.008613314712420106,0.656500005396083,0.6807912841904908,0.6753782327286899,0.47102348669432104,0.8932808400131762,0.128599087940529,10.840046703719056
0.21213566372171044,0.4345911603886634,0.15290027926675975,0.8155480474233627,0.616285051451996,0.9444280676543713,0.1502749437931925,0.11106807179749012,0.5171741740778089,0.027921879664063454,16.504927587496134
0.22393542737700045,0.4947522666770965,0.3759595227893442,0.6483615622855723,0.7419556486420333,0.2074786019511521,0.024104811251163483,0.8644294403493404,0.5640654203016311,0.19305201363749802,12.82700599271398
0.18074209964834154,0.3420479726046324,0.9458197192288935,0.5780149144120514,0.7760327514261007,0.27769008511677384,0.9320258921943605,0.09515949571505189,0.45038070692680776,0.3739347900263965,15.72597560502877
0.2908432299736887,0.3657152878586203,0.25970450486056507,0.11731253517791629,0.30410885997116566,0.33150765439495444,0.6508125397376716,0.8573652568738908,0.18170561967417598,0.5192370438016951,7.599151033976257
0.08900942280888557,0.24904796271584928,0.4188738032244146,0.39657137263566256,0.3526023970916867,0.9201180250383914,0.4440750521607697,0.3360935989767313,0.3040972165763378,0.43582313577644527,7.089540512446264
0.11667573405429721,0.4239217699505389,0.3157620495185256,0.7803897617850453,0.7761031745467335,0.5579440232831985,0.9408542264718562,0.926462542032823,0.5586848929524422,0.7744688468519598,14.079924240886827
0.9239335376769304,0.7866486269049346,0.3391422750428319,0.8861614316701889,0.2698337775655091,0.19698620773851871,0.5340839310083538,0.5443281691987067,0.4279609841760248,0.32978217443451285,16.807455306862703
0.8285669640172273,0.596135072177276,0.7787740542553365,0.4798744968138635,0.29313115240074694,0.9139191459398717,0.7601189988199621,0.9199098867829889,0.23991372133605182,0.5724602718837559,18.297897515021795
0.37950987461954355,0.03993091732263565,0.014623185386881232,0.16319535998627543,0.44324788730591536,0.1922369401436299,0.026716562220826745,0.3316027906257659,0.49189830757677555,0.5320325961802155,9.675557162580297
0.8933660956099629,0.9361376264132559,0.7178718305658549,0.5452074680943042,0.8829423061106354,0.010345477610826492,0.832974087446928,0.3413076556753367,0.26992137590423226,0.21331062191165984,15.48684751120437
0.2859304277226329,0.32296580937691033,0.9092188326176256,0.8789684274233878,0.8643803801387548,0.91574288578704,0.78597521642223,0.44825998484157026,0.5503057024907321,0.48626927845180035,20.498536365460502
0.09819697239436209,0.17505684401839972,0.7973435760941356,0.1131314595695585,0.4809864885173738,0.1865284419618547,0.2796948025934398,0.7977287697140127,0.8057824457064271,0.5575567472260445,6.450328920097073
0.3277095933444798,0.4159651342779398,0.7889921125024557,0.06097148754633963,0.863498103339225,0.8387017196509987,0.7141377874650061,0.6938073406927288,0.114510219078511,0.40691244904883206,11.828932087699055
0.87789725093171,0.7725833954755217,0.7001074736472219,0.058697549160569906,0.04269430646672845,0.34716528840363026,0.7954014686401933,0.8175437510944903,0.05286931595765054,0.9497665674425662,8.977254692349378
0.18937901314347982,0.04870076500810683,0.9518046251032501,0.9939644020050764,0.5987811882514507,0.5802792883478105,0.5215389104560018,0.20056159351952374,0.2567182364873588,0.7450620669405907,17.93853534242582
0.836412058211863,0.7281778114847839,0.5839025487657636,0.3118681409396231,0.8140938049182296,0.8259468523319811,0.03485878114588559,0.9005038111936301,0.21885281847789884,0.2940426205750555,18.298916510346448
0.5035852387081832,0.5013037996832281,0.9237833342049271,0.009142359253019094,0.026528062764555216,0.6751425378024578,0.15536082349717617,0.7957164405379444,0.9770257768686861,0.17885998846031725,11.58827302138488
0.8875440747942775,0.17660072073340416,0.23650529002770782,0.3692131410352886,0.28589766565710306,0.6293633566237986,0.02966781845316291,0.671292690327391,0.983970952918753,0.20326424995437264,13.400099222977287
0.6425770705100149,0.2998568811453879,0.8201043012086302,0.723319168901071,0.21047538751736283,0.30520733655430377,0.13887409074231982,0.18978665536269546,0.394432648550719,0.23276500031352043,17.151009937504405
0.8395098885521293,0.35666062706150115,0.17250859481282532,0.24180287099443376,0.4771784043405205,0.20995921432040632,0.13773374375887215,0.12543246243149042,0.993646023562178,0.10659321630373597,15.488468176509821
0.11228336789645255,0.08619742444716394,0.3780276575125754,0.5379429822787642,0.591995412716642,0.6432835336308926,0.4383437968790531,0.09382908581756055,0.2809374372009188,0.9968414215836674,8.839677932603417
0.6203510563354939,0.48305779532529414,0.03248646925203502,0.9289736824575812,0.20940055325627327,0.4381228818092495,0.7787020257674158,0.12158987461589277,0.41850586980581284,0.9335939723532647,23.163662884212844
0.1543278784956783,0.18428314616903663,0.21815900038927794,0.0760727128945291,0.23093529511243105,0.4364387847017497,0.35317071760073304,0.9858271302655339,0.04482115735299885,0.5107379131950438,4.972756795027208
0.015147232916206121,0.32217278191819787,0.573656355496496,0.27444608975201845,0.19654689054004848,0.42278415453620255,0.24778734357096255,0.3304482735693455,0.9247959083877504,0.538408529246226,4.048322979088914
0.6688735231291503,0.8516831051092595,0.483881582506001,0.6567079017404467,0.5808403538540006,0.21356262569315732,0.6629924727603793,0.003159858286380768,0.16750607662834227,0.7168126080650836,18.200970490860833
0.8930053915828466,0.5530022140592337,0.8157421757932752,0.407949794549495,0.5520887055899948,0.14190113451331854,0.11242589657194912,0.29102874640375376,0.029167596949264407,0.005498136859387159,17.75036187895069
0.2731073657050729,0.6100838973652571,0.21641171467490494,0.7953624518122524,0.6549609007779509,0.15771622816100717,0.6058472341392189,0.4826024970971048,0.35388425597921014,0.21655170037411153,17.83852700399066
0.6502395952120423,0.0889250214677304,0.45816073031164706,0.006453336449339986,0.22600002167746425,0.12222827924415469,0.15331661608070135,0.16814857628196478,0.9831416155211627,0.8157620946876705,2.825290238786783
0.02616358222439885,0.4077896513044834,0.5712145043071359,0.299205161863938,0.12110199360176921,0.08483666344545782,0.7892526397481561,0.2869729441590607,0.5944594708271325,0.5556860261131078,5.662381265175663
0.5247009929735214,0.4535805897321552,0.14668851834721863,0.28715340374037623,0.6642094766721129,0.9743730844929814,0.700436458690092,0.11779173742979765,0.8631711469497532,0.6513452255167067,15.868679652360667
0.5452814404852688,0.1435814485885203,0.3196014640852809,0.6525335717014968,0.9431896808091551,0.0356024457141757,0.41721598035655916,0.720195654546842,0.7569170305505395,0.9658618271350861,13.468031860230559
0.602343684528023,0.8059516469947994,0.6454062587581575,0.6844725478440523,0.39915142371319234,0.3948526701424271,0.3429457559250295,0.28458472434431314,0.9668602121528238,0.7372967409901321,18.886120757821665
0.2150929516647011,0.9101801915094256,0.045881512109190226,0.6290562227368355,0.766390583012253,0.941766710486263,0.3798120997380465,0.991671779891476,0.577363200718537,0.7433060640469193,20.41441365541978
0.8954777021426708,0.9681221712380648,0.31256326753646135,0.7396805745083839,0.7872908944264054,0.8502039541490376,0.4709399158600718,0.1426024294923991,0.7347579835914075,0.5639895119238645,13.867534800482375
0.1292341356165707,0.3493673433549702,0.3971975485328585,0.5010880820918828,0.5746242387685925,0.779865215998143,0.507850100286305,0.14680071943439543,0.04503388865850866,0.9659122766461223,8.778880313675703
0.06491107330657542,0.16815798776224256,0.9166836815420538,0.25147883244790137,0.26886442489922047,0.5953220441006124,0.6982711018063128,0.7521953920368105,0.2790016941726208,0.6134861290920526,7.591193508774803
0.7423085502814502,0.0005511108320206404,0.9647581286262721,0.22652858891524374,0.22766916081309319,0.45907685556448996,0.38248714501969516,0.5321571284439415,0.07165082753635943,0.37332626385614276,8.211014113914379
0.7452312405221164,0.8809226602315903,0.1279434773605317,0.6529784519225359,0.2772717869374901,0.47219948354177177,0.035341343842446804,0.9775721055921167,0.15600282256491482,0.29187625111080706,19.458896772665504
0.06770529667846859,0.497712473385036,0.8519177467096597,0.8239755316171795,0.3040251415222883,0.9336110460571945,0.7053160271607339,0.0635309440549463,0.6006886432878673,0.704905210994184,13.125043408548674
0.20057976408861578,0.2938313961494714,0.3042248082347214,0.5800394432153553,0.7290380010381341,0.4403903796337545,0.22597437421791255,0.08451015292666852,0.3489581097383052,0.02295854571275413,12.05942862988303
0.32569253840483725,0.31966742454096675,0.483686133986339,0.10311897494830191,0.7026960481889546,0.6594810278620571,0.7982897388283163,0.19869908480904996,0.3853857493959367,0.41546744969673455,8.937135068766544
0.6123380465433002,0.8919657873921096,0.9487342198844999,0.07583801168948412,0.6645286246202886,0.02237371471710503,0.4258444276638329,0.16807465604506433,0.6266084539238364,0.6436662098858505,18.514802878588977
0.9171584816649556,0.37732944381423295,0.4165778197348118,0.2514135232195258,0.6952276397496462,0.971882148180157,0.7738505129236728,0.7597699663601816,0.88013387308456,0.6120297412853688,15.947210903403029
0.6560768210329115,0.4278160035610199,0.9913230931852013,0.7068529552780092,0.4145879624411464,0.1820806786417961,0.708818041253835,0.06399370660074055,0.6701654512435198,0.46008981741033494,21.55028894435191
0.006707985885441303,0.27248084684833884,0.557369960937649,0.09198459004983306,0.8555640687700361,0.2718727404717356,0.5403681981842965,0.15078130108304322,0.6944973850622773,0.05483674327842891,6.878217325816811
0.2864270193967968,0.9766106652095914,0.4495678881648928,0.21541237854398787,0.5085525834001601,0.6327221656683832,0.21861707465723157,0.06288959458470345,0.04134655534289777,0.20325957145541906,10.054989786842455
0.14896287838928401,0.8889037990011275,0.4834376387298107,0.9308838897850364,0.2521967582870275,0.6042960204649717,0.818576957564801,0.28265571617521346,0.176248679170385,0.15607893816195428,14.049023845726351
0.4132908012252301,0.2508685707580298,0.022163096582517028,0.1909895148128271,0.7133209009189159,0.406453519128263,0.8980892649851739,0.3904545670375228,0.4198277578689158,0.244990041712299,13.611516876496884
0.9172242577187717,0.7422392196021974,0.1722426237538457,0.697487888392061,0.4624657763633877,0.901901236968115,0.24158882768824697,0.3283519649412483,0.6258585315663368,0.039709637174382806,21.492839281424487
0.03485602326691151,0.4047975460998714,0.7928750934079289,0.3028678747359663,0.5565561328548938,0.8532835086807609,0.7120809340849519,0.5586276154499501,0.7836374272592366,0.2962144208140671,7.251765125033922
0.4431490895804018,0.48124301293864846,0.6908410715404898,0.09744147560559213,0.45600936096161604,0.16533781099133193,0.47680921969003975,0.4491772376932204,0.3927783153485507,0.27308307914063334,10.167700164867394
0.4105931941885501,0.95818858477287,0.05798620404675603,0.2535866084508598,0.3313887969125062,0.2925931152421981,0.29679805040359497,0.6826072090771049,0.7045983874704689,0.7421920255292207,16.797648338314158
0.8137381260748953,0.24722492531873286,0.3788846991956234,0.027246336918324232,0.8532080133445561,0.11591362254694104,0.34403785201720893,0.7360370862297714,0.4783181941602379,0.22155935293994844,11.898248109543651
0.26618641475215554,0.9603760761674494,0.7374276525806636,0.7740129362791777,0.3556042667478323,0.7440073429606855,0.7221395578235388,0.40777424769476056,0.9431307401973754,0.8213135607074946,15.563484061574858
0.931492435047403,0.11246607056818902,0.16177242761477828,0.46222845325246453,0.886129136197269,0.42340738349594176,0.6854291926138103,0.1302842607256025,0.2577184005640447,0.8758300109766424,13.144957689011337
0.024979440262541175,0.97034285007976,0.07945197680965066,0.7774873168673366,0.5955606051720679,0.4069637577049434,0.8878877677489072,0.2657690364867449,0.5012037330307066,0.5340908614452928,13.840817617398853
0.6755242431536317,0.6811526296660304,0.7455851675476879,0.09306040522642434,0.6949120741337538,0.9918173509649932,0.0032398344483226538,0.44266919093206525,0.709707073867321,0.9168334275018424,15.629220936557983
0.2999268928542733,0.7141370743047446,0.7590548165608197,0.7117431093938649,0.3179100996349007,0.43113088537938893,0.9032045174390078,0.2137181751895696,0.37369857472367585,0.9894329220987856,16.024626139559803
0.5368321496061981,0.8721032538451254,0.2980977613478899,0.8626656976994127,0.8771801453549415,0.19442438846454024,0.23916300013661385,0.5903889045584947,0.3611207799986005,0.573577509727329,23.252640502843978
0.566268075723201,0.563319786451757,0.5156727766152471,0.48681188584305346,0.5120770977810025,0.045880760764703155,0.5771719890180975,0.4565566123928875,0.8687306754291058,0.6132289350498468,15.26026941521265
0.969174160156399,0.641662352019921,0.07724104961380363,0.054842924466356635,0.8369215237908065,0.21883849729783833,0.4115793069358915,0.6226609509903938,0.3164045705925673,0.9629012157674879,18.270763957452775
0.38061741716228426,0.37784228497184813,0.208018459379673,0.29642984829843044,0.45334375253878534,0.8423298487905413,0.7683567153289914,0.7055083634331822,0.7986904131248593,0.6009450540877879,11.04945581270343
0.36544536822475493,0.026368436170741916,0.3915536713320762,0.443398559698835,0.8139992852229625,0.702158720465377,0.6065424075350165,0.15145493624731898,0.7819713142234832,0.8091744631528854,9.912519573568694
0.37529659317806363,0.5712886264082044,0.1385622858069837,0.5506170301232487,0.09194320649839938,0.39795598248019814,0.6428060361649841,0.676119107985869,0.02510056016035378,0.3881416416261345,15.26223454494586
0.8221494792960584,0.22279238910414279,0.39828182058408856,0.9975888784974813,0.8872586044017226,0.4961906240787357,0.7836783446837217,0.4300352551508695,0.8448149485047907,0.8706420965027064,20.369423402345767
0.25116966175846756,0.16868024482391775,0.36651118379086256,0.08801871398463845,0.7632760691922158,0.9573509993497282,0.11701516853645444,0.5571767934598029,0.5539886429905891,0.2134539142716676,7.0630543708246245
0.7857198289129883,0.24496035696938634,0.43133061402477324,0.578459877287969,0.3960408808197826,0.3506133465562016,0.8448946524877101,0.5353013800922781,0.9691771259531379,0.4942972909193486,14.217651124976392
0.7199563407339156,0.833634166046977,0.005644215969368815,0.26722036907449365,0.6247865862678736,0.23145836149342358,0.7890181911643595,0.6962257029954344,0.7156532965600491,0.8039672505110502,20.407878478591936
0.9140796568244696,0.21424535731785,0.5983302767854184,0.22940695215947926,0.4145220883656293,0.6199593406636268,0.7405401836149395,0.7946843528188765,0.8739834502339363,0.2283101142384112,11.491245827120789
0.829877158626914,0.7212510192766786,0.9119922704994678,0.4886555450502783,0.19135727337561548,0.06382126710377634,0.42242480092681944,0.46453268034383655,0.0794172971509397,0.6929541134741157,18.49776856405011
0.7378185235429555,0.4709647987037897,0.41485940641723573,0.26251322287134826,0.0421495633199811,0.7778513031080365,0.15855060191825032,0.40463371691294014,0.25179425929673016,0.07090172125026584,11.771947916024969
0.7697473440784961,0.11572049325332046,0.5788340079598129,0.6005013333633542,0.3175500244833529,0.4693743253592402,0.9387508013751358,0.788321414263919,0.20749515551142395,0.24274506513029337,11.863381641076327
0.20577059942297637,0.2351605931762606,0.08157180435955524,0.1906504575163126,0.7675275809597224,0.2605553069151938,0.22563554043881595,0.7773579847998917,0.7807412489783019,0.946188670117408,11.5123632879274
0.7582140655722469,0.15216630836948752,0.3074152523186058,0.5216039097867906,0.27222511381842196,0.7639766524080187,0.544698670739308,0.2538236721884459,0.058747010538354516,0.34509526286274195,9.637082545178849
0.11623465409502387,0.277162401471287,0.9032355747185647,0.3224568774458021,0.9378483144100755,0.9050090257078409,0.19695249013602734,0.34202648932114244,0.6205393269192427,0.14201368461363018,12.072286465607256
0.9561575572006404,0.15870224963873625,0.22885436285287142,0.6324727199971676,0.9085780819877982,0.6336940857581794,0.8284644647501409,0.5112759682815522,0.6805997036863118,0.8966016399208456,15.620027552318284
0.4978396804071963,0.5282076362054795,0.23732566740363836,0.07811837992630899,0.23892708658240736,0.5185606209561229,0.7611160459928215,0.2226965157315135,0.6924309651367366,0.4191323749255389,10.694171256075748
0.8406006467994303,0.6470143217593431,0.3360906729940325,0.0425439418759197,0.18573569343425333,0.4658848138060421,0.9970270772464573,0.8025732561945915,0.6569677169900388,0.6688142644707114,11.393428546872583
0.5858382405713201,0.8498776752967387,0.8328969432041049,0.8303760481067002,0.29961431631818414,0.750105339102447,0.48524669534526765,0.6508657385129482,0.9908795084338635,0.3853952749632299,23.930468953060693
0.26736669219098985,0.2524167080409825,0.6123422258533537,0.7501356361899525,0.6287112296558917,0.3473450061865151,0.28170826216228306,0.5575264412909746,0.6422128283884376,0.48737115785479546,13.26757702535523
0.1790637201629579,0.765992307337001,0.8536777687259018,0.777380247367546,0.6927396289538592,0.34061279078014195,0.43806287460029125,0.12710523372516036,0.1410312622319907,0.041404763236641884,16.461141947009466
0.7099637375213206,0.952932131011039,0.9939450505189598,0.5232479253318161,0.6545428312383592,0.29327589529566467,0.5759687803220004,0.7406096686609089,0.42966876132413745,0.007611296372488141,21.77960089490316
0.6440580957569182,0.4499447625130415,0.239398438250646,0.597601774148643,0.9878000435419381,0.626489078393206,0.7706600511446595,0.22977716848254204,0.7052394840866327,0.5309343319386244,19.96086118150199
0.6503627628553659,0.9413267988711596,0.5848158313892782,0.1358112960588187,0.8848023156169802,0.756569012068212,0.9002207855228335,0.37678708392195404,0.45463462895713747,0.6747478356119245,16.22114788507418
0.48036991711705923,0.12501011812128127,0.3011082427110523,0.7078022672794759,0.9463184189517051,0.092663140501827,0.7524503676686436,0.5502119299490005,0.537207682384178,0.40163127379491925,14.978175765219166
0.9069778197444975,0.12236978043802083,0.7065093445125967,0.2632830776274204,0.963406829861924,0.4112533873412758,0.517228180076927,0.3927305149845779,0.43378282128833234,0.9399915188550949,10.34783792573434
0.14259226550348103,0.14994067722000182,0.48459484591148794,0.7743871719576418,0.5373527582269162,0.4418558613397181,0.7076617165002972,0.8572695963084698,0.5117437969893217,0.8087306716479361,12.412084998076818
0.846962413052097,0.14756083651445806,0.9487611253280193,0.03624442173168063,0.32482631504535675,0.9959174771793187,0.9999895344953984,0.27401637518778443,0.9821053561754525,0.6889024139381945,7.826244023510462
0.06316930404864252,0.19528798037208617,0.5474498763214797,0.4762131532188505,0.21686462755315006,0.7378079516347498,0.6447085184045136,0.9230629587545991,0.5890123695135117,0.7681059672031552,7.1088079965875695
0.14535331772640347,0.2626010507810861,0.21091571683064103,0.6342024246696383,0.03816089010797441,0.7585694037843496,0.0606290337163955,0.24908706615678966,0.5114579100627452,0.47517653135582805,10.042732807630353
0.37682514917105436,0.6139263284858316,0.09717548498883843,0.8245122174266726,0.5067808930762112,0.2195190149359405,0.2613097291905433,0.45814287615939975,0.2715755177196115,0.6985392163041979,19.326797217515075
0.5660189180634916,0.3366312622092664,0.12328883400186896,0.2348390396218747,0.828925070585683,0.11937174946069717,0.40506702731363475,0.4437027636449784,0.5371769627090544,0.5179049877915531,14.653407679732492
0.6020966237410903,0.27543336735107005,0.27713098214007914,0.431030560284853,0.42686888785101473,0.11654734099283814,0.7929703169502318,0.5848338822834194,0.06053134030662477,0.7901359621901065,12.383614288025461
0.5936807387042791,0.4900880283676088,0.5141612007282674,0.6063449690118432,0.5348350037820637,0.7842972590588033,0.8607544437982142,0.22672051680274308,0.9776716113556176,0.10294143599458039,17.70484286036169
0.1417774627916515,0.8253217153251171,0.1591022547800094,0.8908899258822203,0.15888280677609146,0.4475695767905563,0.596805973444134,0.6057431227527559,0.12496211542747915,0.34842639160342515,17.99075105817927
0.908636660547927,0.5211833640933037,0.5709323906339705,0.6864667425397784,0.7996119032613933,0.6217953306622803,0.6728802446741611,0.4921122172381729,0.6551165664568543,0.7063735080882907,20.65310823572971
0.8920265634078532,0.8593065622262657,0.3414142008405179,0.16569288028404117,0.409664946841076,0.9832810112275183,0.4110905034467578,0.8308524722233415,0.8264142198022455,0.9230865605641156,11.730839336761687
0.8143635774031281,0.16790920333005488,0.5283374367281795,0.5217810599133372,0.900415591429919,0.712270425632596,0.6455270249862224,0.05480209877714515,0.0261665815487504,0.2542194970883429,15.068641529039041
0.4665158335119486,0.7074735872447491,0.6972328620031476,0.23008902883157134,0.9199014615733176,0.05372969736345112,0.4907058426178992,0.3806006165686995,0.6792554196435958,0.905390399042517,18.021699912881008
0.09301018831320107,0.9124169109854847,0.3980490730609745,0.818526468006894,0.6566377300769091,0.37430665362626314,0.740874299313873,0.4804079723544419,0.37121164542622864,0.7416210859082639,14.317382614092919
0.40924705006182194,0.1137719377875328,0.42442555679008365,0.8093146865721792,0.3049869812093675,0.8210221400950104,0.18062964733690023,0.6956049602013081,0.6060969023965299,0.762421295279637,12.894775179730425
0.6539230104535818,0.22489029355347157,0.7796166893094778,0.3085375218652189,0.6722108686808497,0.10518081486225128,0.4704510916490108,0.9480726053006947,0.9544083976652473,0.6623959606513381,12.714849687859239
0.3031734137330204,0.3413684752304107,0.6987727708183229,0.6178969074971974,0.017030252143740654,0.2986238959711045,0.16921271407045424,0.0246273847296834,0.6281379552092403,0.7893639516551048,9.875298977559488
0.9058637397829443,0.5738781609106809,0.015375492861494422,0.44072850211523473,0.3003828988876194,0.6993441598024219,0.5761460976209491,0.6437425599433482,0.565494391368702,0.7561997876036912,20.231193670627
0.18689283425919712,0.7136311256326735,0.866588665638119,0.6742865373380482,0.4322998742572963,0.001016619149595499,0.817666532471776,0.11210998822934926,0.16998355346731842,0.10256168525665998,14.129440063026271
0.5114991667214781,0.4901791149750352,0.2563313376158476,0.4599199437070638,0.3969848451670259,0.3260666774585843,0.3284830611664802,0.6159455329179764,0.7127166821155697,0.7869889717549086,15.003646291404047
0.5563168032094836,0.6094346209429204,0.7741854023188353,0.03102948539890349,0.5234978708904237,0.7679534228518605,0.5513159807305783,0.34481720300391316,0.8952379941474646,0.5225785463117063,14.639563132721545
0.3894209119025618,0.8298485204577446,0.4836455655749887,0.7397658673580736,0.9581827698275447,0.07844849163666368,0.694532441906631,0.5511067239567637,0.21389974793419242,0.7530652249697596,21.54873000419585
0.13940559467300773,0.5222750601824373,0.888736761873588,0.7363993504550308,0.765212346566841,0.6424803696572781,0.445864871609956,0.4695983058772981,0.8695613415911794,0.19820702401921153,16.577553716810275
0.4050699509680271,0.7222743481397629,0.929830422392115,0.787978682667017,0.5768889838363975,0.17706919508054852,0.8144496865570545,0.4998561558313668,0.6137930569238961,0.3679162566550076,21.778550345603396
0.3127824750263244,0.03951640659943223,0.7350829194765538,0.47780529013834894,0.5995190436951816,0.0007309338543564081,0.172984256176278,0.11669852142222226,0.6763193842489272,0.39377930178306997,9.079991840565105
0.900860688649118,0.11911390535533428,0.10127221746370196,0.9163737017661333,0.05285221943631768,0.21978622069582343,0.8027858156710863,0.3920157328248024,0.6406630289275199,0.7956344443373382,14.354993130187577
0.925239437725395,0.6441136822104454,0.5761288225185126,0.1821228046901524,0.021827438147738576,0.540401324396953,0.03247185726650059,0.4649757349397987,0.8442826487589628,0.5430688005872071,10.764119392783648
0.09608111996203661,0.4478828674182296,0.44618247635662556,0.26514005032368004,0.26328148739412427,0.3765430045314133,0.6966925454325974,0.17906485963612795,0.5766458597499877,0.993993301410228,5.3838113758663715
0.33877702080644667,0.9062445855233818,0.7349976925179362,0.021417273674160242,0.16049346909858286,0.16715329745784402,0.49521504109725356,0.021365000400692225,0.282166862860322,0.05933532491326332,11.000673833081244
0.41956910234875977,0.7456790774594992,0.5368715468794107,0.925447488669306,0.92751848208718,0.8088612058199942,0.05015991232357919,0.46357310516759753,0.19386457721702754,0.3485401177313179,21.457592602068225
0.8938840623013675,0.1185873276554048,0.12418208294548094,0.39703627256676555,0.4785245372913778,0.17347617051564157,0.8366431200411171,0.4188300434034318,0.46475802548229694,0.6124579107854515,11.818463725393638
0.014526759274303913,0.45218798727728426,0.6201612204313278,0.12660742131993175,0.8551439731381834,0.3841971845831722,0.21682193782180548,0.17251797229982913,0.19137691450305283,0.26866789092309773,4.065773511753286
0.3397501849103719,0.40498970868065953,0.49330433434806764,0.21616395749151707,0.7607982074841857,0.5169767716433853,0.8500995265785605,0.9575395057909191,0.4272818495519459,0.1052979922387749,11.052147894998498
0.20059514278545976,0.14290476543828845,0.8216443127021194,0.3084063201677054,0.6819224352948368,0.4860708084888756,0.5043431185185909,0.4043602959718555,0.3302772573661059,0.7970388673711568,9.76027595492764
0.5224708314053714,0.04425789252854884,0.2784938763361424,0.46768837166018784,0.2976294734980911,0.376388986594975,0.8728607054799795,0.7496292209252715,0.65343889570795,0.49621729948557913,7.760256673182539
0.5320234599057585,0.07083866884931922,0.1911482815630734,0.41763384197838604,0.5629251634236425,0.2304927110671997,0.5178397125564516,0.05025660223327577,0.31606123340316117,0.718539853580296,10.064232841474842
0.6651324906852096,0.08472121553495526,0.5976940679829568,0.034412469482049346,0.9906203425489366,0.927897869143635,0.42786273499950767,0.9342289757914841,0.36335577606223524,0.6506503960117698,8.531665716470947
0.3507377759087831,0.7303739965427667,0.35208030394278467,0.12296795286238194,0.030946645885705948,0.7241250153165311,0.14749746024608612,0.22431545611470938,0.2874559364281595,0.3951805036049336,9.632385454715013
0.34646825050003827,0.9910409806761891,0.7011527533177286,0.43669454590417445,0.43926344020292163,0.6346182664856315,0.6012604536954314,0.27050632145255804,0.08490277524106205,0.815794091206044,15.438530358277607
0.1441562573891133,0.2869312074035406,0.7800899099092931,0.27503130096010864,0.801262519787997,0.19399699522182345,0.3754053935408592,0.40199138689786196,0.4916903697885573,0.06913620536215603,8.489792901500504
0.381944892462343,0.9387197846081108,0.8371509201824665,0.6511886429507285,0.9560663024894893,0.45217645657248795,0.6490695024840534,0.11066981824114919,0.8309471351094544,0.4019608001690358,23.606910010841382
0.38018114562146366,0.2623906768858433,0.9791656660381705,0.7336422258522362,0.47458713687956333,0.5321076172403991,0.5959275946952403,0.29913018411025405,0.025091134244576097,0.7323144511319697,16.963298522575265
0.7926331039052457,0.9453946794383228,0.3250455134548247,0.15984543249942362,0.8017259775660932,0.24440181371755898,0.5771405065897852,0.6920265580993146,0.37157330592162907,0.9435627055354416,13.426529409910769
0.5066248970106244,0.36286996537819505,0.14831160753965378,0.5593167685437948,0.9857572643086314,0.16269096406176686,0.460779050597921,0.05848663882352412,0.7938914594706148,0.755511827301234,18.132680773472135
0.3189583644270897,0.9744362768251449,0.7836726666428149,0.4179383795708418,0.5048483645077795,0.9879342860076576,0.34625667869113386,0.1650317998137325,0.48115635593421757,0.859457710525021,14.684303137840168
0.4820719489362091,0.8113089560065418,0.6517714248038828,0.31069264747202396,0.41172378696501255,0.38056703843176365,0.8978522724937648,0.7859833806287497,0.7069777897559106,0.3123172235209495,14.825770262363633
0.24731075577437878,0.12943119299598038,0.06378357717767358,0.7638422725722194,0.24977607326582074,0.8668703613802791,0.43085710261948407,0.1508042176719755,0.19691800838336349,0.9350180411711335,13.65082119953758
0.8820988307707012,0.7447686742525548,0.7364927101880312,0.8124766077380627,0.7844522825907916,0.9656919818371534,0.522247081855312,0.5952244366053492,0.1700956360436976,0.8109013775829226,21.290830926323416
0.8162597734481096,0.49835091875866055,0.9045186035800725,0.6267092700581998,0.5540873662102968,0.944641150534153,0.3064286485314369,0.5809689471498132,0.9774816755671054,0.09556187968701124,24.21744062979843
0.17067252099514008,0.7640137274283916,0.5882434183731675,0.8174361775163561,0.8511248300783336,0.5023039849475026,0.637422944419086,0.593445064034313,0.7049321748781949,0.8030241350643337,15.464644450723899
0.6276536809746176,0.9135777628980577,0.8914357421454042,0.057641969760879874,0.21057427930645645,0.24505991279147565,0.43758298200555146,0.25018808362074196,0.4691173192113638,0.8081637746654451,14.953973732266224
0.8000841443426907,0.7503762457054108,0.9496218904387206,0.8235802699346095,0.7072127882856876,0.9487147573381662,0.6216863344889134,0.22353897080756724,0.3988242312334478,0.09947007172740996,26.33314556409493
0.24185975431464612,0.18693523108959198,0.5859345423523337,0.8118237708695233,0.8073435123078525,0.21586911822669208,0.6523040642496198,0.49472894915379584,0.6866954232100397,0.2253097053617239,13.38923499023978
0.5457245600409806,0.3408890904393047,0.9767116592265666,0.3535374451894313,0.5632240790873766,0.7940354207530618,0.9387213117443025,0.3234151299111545,0.04707434168085456,0.7424299474805593,15.636654716058727
0.4469647549558431,0.1485374744515866,0.11230727704241872,0.6370719955302775,0.9811810441315174,0.4660245485138148,0.4691564519889653,0.21108750812709332,0.15532554732635617,0.7996579587925225,16.47885475370425
0.4492970295250416,0.26071562082506716,0.015863095177337527,0.11916217487305403,0.6034132353961468,0.4048480084165931,0.8469438792672008,0.6361009927932173,0.6473011295311153,0.3101254759822041,13.349087404762331
0.9034369888249785,0.7136914010625333,0.2903742385096848,0.9212811023462564,0.6019995366223156,0.1970311556942761,0.7461573935579509,0.3419667596463114,0.5169186592102051,0.8969248610083014,22.306445230569526
0.46904756664298475,0.4895966739859432,0.061573451617732644,0.1674289908260107,0.4874826178420335,0.4330764915794134,0.053353861439973116,0.03567318292334676,0.40134372748434544,0.23195476550608873,15.882518485710337
0.3103480509016663,0.06685299915261567,0.6489697294309735,0.6698918798938394,0.8633550675585866,0.10030911024659872,0.7075419100001454,0.8731502406299114,0.8533555082976818,0.28596396860666573,11.894690509296616
0.6807251854334027,0.9265835003461689,0.758655620040372,0.032136711524799466,0.2739318925887346,0.0937529569491744,0.06421328987926245,0.7490543050225824,0.4615210061892867,0.732940006069839,11.278006538544687
0.7089345522690564,0.276415636530146,0.15585901029407978,0.12465884839184582,0.28229315485805273,0.13320847763679922,0.7343346688430756,0.4917054884135723,0.7409879066981375,0.44513414381071925,11.203598303133619
0.4040695584844798,0.6286946430336684,0.1934682719875127,0.9151605425868183,0.15476295235566795,0.11598075390793383,0.862828086130321,0.006674124160781503,0.914132165722549,0.8150670155882835,19.1528438842741
0.45128307584673166,0.9736582662444562,0.8055622822139412,0.7120054459664971,0.795961549738422,0.7646099023986608,0.38029801403172314,0.8162307220045477,0.6070037765894085,0.7173349154181778,20.394081106676182
0.0021204787772148848,0.8724447537679225,0.35894749173894525,0.25750560965389013,0.5737686008214951,0.3883680619765073,0.13608766300603747,0.512891162885353,0.34629759890958667,0.4765498775523156,5.616601218078515
0.629108220571652,0.364244814729318,0.9664857310708612,0.4415695492643863,0.27492241840809584,0.693426153389737,0.6136345455888659,0.675835590576753,0.2357597469817847,0.6058983602561057,16.186317420088706
0.78787861764431,0.7639796384610236,0.08907287032343447,0.7165148456115276,0.3364416384138167,0.6087436564266682,0.9127323594875634,0.801966204540804,0.9716908801347017,0.2865219982340932,21.724578692008013
0.40480432100594044,0.6433195173740387,0.027227598009631038,0.8672631182707846,0.891796397510916,0.38963098055683076,0.3039904439356178,0.986955393338576,0.8242626355495304,0.7254977335687727,23.87035807003162
0.27789703593589365,0.5124879674986005,0.22030366235412657,0.006353114498779178,0.9789486601948738,0.32620172668248415,0.9490830965805799,0.6767745539546013,0.6199463531374931,0.6196528053842485,9.21603395460717
0.3109022923745215,0.07796992338262498,0.39585629501380026,0.9549930361099541,0.38540942990221083,0.8458314007148147,0.43481390830129385,0.5245024571195245,0.9842632112558931,0.16812388808466494,12.28774019446981
0.585823193192482,0.9042994040064514,0.1215689608361572,0.16153266443870962,0.47638027952052653,0.9882735142018646,0.9411393897607923,0.7603626130148768,0.6994072636589408,0.554870491148904,16.988741565498504
0.4742433859501034,0.6097460018936545,0.8016058502253145,0.3866815979126841,0.6106350617483258,0.7074735653586686,0.897250534966588,0.3058170713484287,0.6447123500984162,0.6075850657653064,14.996700567318054
0.4979884901549667,0.7006506351754069,0.9745565284974873,0.8382541516330093,0.2954049906693399,0.3516926954034716,0.7693291848991066,0.5629869799595326,0.7194571376312524,0.5909902991261333,24.051565510339795
0.09701613103970885,0.0907242838293314,0.023666944820433855,0.03305781539529562,0.15129403304308653,0.9908058780711144,0.7813486966770142,0.8019965637940913,0.3199880439788103,0.6688383941072971,5.422557923528464
0.6163493830244988,0.36080870125442743,0.7043577446602285,0.8066302987281233,0.31230867002159357,0.3690664665773511,0.9674863792024553,0.24124699318781495,0.030797418439760804,0.9508940426167101,15.22931500354763
0.7824624015484005,0.4092573430389166,0.5500268074683845,0.18792221252806485,0.1654348624870181,0.5658778033684939,0.14426779374480247,0.16168297338299453,0.44480304094031453,0.027885081013664603,10.231109170557696
0.13617556099779904,0.10535133490338922,0.0472264401614666,0.3983275021892041,0.1908504639286548,0.0022090475540608168,0.9661052573937923,0.6790574009064585,0.21005817945115268,0.22530679940246046,11.173267157952683
0.8812490806449205,0.4724971642717719,0.865363544318825,0.1635026119183749,0.7099055256694555,0.05550116510130465,0.5025240909308195,0.9641641417983919,0.7101803368423134,0.5320290115196258,19.369354073845173
0.809279658831656,0.5649684511590749,0.4083408892620355,0.9517076497431844,0.39589182659983635,0.17103749001398683,0.4266696374397725,0.6439838788937777,0.040038521867245436,0.2808691381942481,20.851305851128107
0.10365352872759104,0.14260203670710325,0.23462849180214107,0.06280886102467775,0.8584164823405445,0.589653150876984,0.9083951271604747,0.019589855335652828,0.025948128197342157,0.2695323897060007,6.3967713698758875
0.9309899301733822,0.35671721189282835,0.5518233003094792,0.7565230135805905,0.9060719283297658,0.8625867783557624,0.08431576332077384,0.7393507028464228,0.9393404650036246,0.7269446898717433,19.364139892872156
0.429799250792712,0.45629339781589806,0.07218814408406615,0.09770562476478517,0.6260108263231814,0.3724048368167132,0.5634287144057453,0.7027373937889934,0.7745832453947514,0.6572476222645491,15.366409669237035
0.10294375941157341,0.8675033929757774,0.4593251710757613,0.07114088744856417,0.141209302470088,0.12889569299295545,0.699007763992995,0.5521028197836131,0.823063952382654,0.21675252728164196,2.2991575295868314
0.8490033280104399,0.6137237222865224,0.7693566796369851,0.6932789604179561,0.7608939001802355,0.11532377218827605,0.6084490322973579,0.37177677103318274,0.7332771474029869,0.338091560639441,21.656410949291214
0.29950868454761803,0.850408224388957,0.5569488925393671,0.5584348274860531,0.20210084016434848,0.9195665537845343,0.3078317930921912,0.5995415954384953,0.17700438620522618,0.19155146414414048,13.459037394214832
0.5779755876865238,0.35152916330844164,0.036346846260130405,0.3735124818049371,0.5961436934303492,0.391078167129308,0.14762936788611114,0.9187413915060461,0.8318629493005574,0.4036287018097937,16.38738265663603
0.8621127470396459,0.2633668652269989,0.34677876019850373,0.5091365613043308,0.846439169254154,0.5645000119693577,0.8800550394225866,0.7952901236712933,0.1101590134203434,0.1945450403727591,16.597807505080212
0.8928923616185784,0.555735464207828,0.8103271396830678,0.5175757000688463,0.7148597589693964,0.07669122121296823,0.24874179740436375,0.649074329296127,0.30005408404394984,0.3222725884988904,20.688264955520868
0.7405994643922895,0.1930177202448249,0.5469804825261235,0.6210643511731178,0.4454682394862175,0.379065397195518,0.18197624734602869,0.015776053071022034,0.6430806652642787,0.9942336331587285,11.934024487660254
0.020261140540242195,0.7653158390894532,0.478917277418077,0.2487904487643391,0.07123052305541933,0.0377403711900115,0.12379937968216836,0.7324925172142684,0.6361696203239262,0.5792520120739937,3.7201972035122814
0.7999116203282028,0.7048084470443428,0.021851273253560066,0.9447191071230918,0.12057587527669966,0.8717899033799767,0.14822484110482037,0.7662966314237565,0.01868160185404122,0.295360176358372,23.56317881748716
0.7509661833755672,0.8709597680717707,0.4235378720331937,0.10206562280654907,0.7879343640524894,0.6517541406210512,0.5107802343554795,0.24360324465669692,0.6372041353024542,0.12281119171530008,13.307467384810613
0.4867355697788298,0.16021695849485695,0.20194803574122488,0.17968954355455935,0.849806317826733,0.7663428916130215,0.36058455193415284,0.15651788329705596,0.5271198661066592,0.056049197213724256,11.074389162890172
0.3682149809319526,0.8349966460373253,0.569958807900548,0.2787405652925372,0.5370569657534361,0.7507340188603848,0.8413317676167935,0.15212189848534763,0.28724745009094477,0.49541754135861993,13.445354974692014
0.2608718478586525,0.2458497837651521,0.33859352534636855,0.45309360581450164,0.843792779603973,0.5825648028403521,0.9609590014442801,0.5494562750682235,0.9478234359994531,0.22780636860989034,11.682150996847426
0.962341257603839,0.7354878957848996,0.600932399276644,0.7007547207176685,0.7511985136661679,0.9958735955879092,0.8283602844458073,0.25792444008402526,0.33504764176905155,0.12046342389658093,18.73240301254075
0.6447471638675779,0.42904421128332615,0.607416256563738,0.5577968144789338,0.14740770333446562,0.8359566507861018,0.9001164541114122,0.11413114774040878,0.9060788876377046,0.06918536918237805,14.501583499183244
0.6334523493424058,0.7664820672944188,0.3544518365524709,0.7377479507122189,0.6343878963962197,0.008054919075220823,0.9040456379298121,0.3573208483867347,0.9841949846595526,0.09383186628110707,20.16907167390488
0.7247167793102562,0.7139287290629,0.9301714159082621,0.26787676475942135,0.7324111678171903,0.6581353284418583,0.052796870470047,0.42969282856211066,0.22757103689946234,0.513314520707354,21.022588996617543
0.5652038580738008,0.787640543654561,0.3290906478650868,0.993805201491341,0.27130677178502083,0.1097064740024507,0.10329824243672192,0.1251044429372996,0.35465100151486695,0.20641343714669347,20.50298762733735
0.1480165859684348,0.05912516615353525,0.5586566778365523,0.6001942902803421,0.296446168795228,0.48869363008998334,0.8227165788412094,0.758725906489417,0.9824898573569953,0.1018384569324553,7.137049285270643
0.2082685639616102,0.3774486077018082,0.7715223545674235,0.014261983335018158,0.447711932240054,0.12711609504185617,0.4444540170952678,0.21075990702956915,0.7431747608352453,0.950767939677462,7.5457687860153015
0.7651497283950448,0.9169872428756207,0.6283974486868829,0.8584976787678897,0.9034628092776984,0.2617370500229299,0.0007990060839802027,0.8386005377396941,0.9532505059614778,0.5471054499503225,20.684281282410478
0.47439418151043355,0.009625072125345469,0.02795728947967291,0.020851649343967438,0.23416029824875295,0.6968499810900539,0.16319165495224297,0.8337473454885185,0.2300530569627881,0.7043303863611072,6.358637218910723
0.1239729521330446,0.48188400105573237,0.04101222311146557,0.5697660343721509,0.6534310809802264,0.29057102161459625,0.27295811544172466,0.1679441691376269,0.39622953929938376,0.8373589850962162,16.302999316028984
0.8416069101076573,0.8757461176719517,0.8891196127515286,0.39085542340762913,0.03791007027029991,0.02295138407498598,0.23220179695636034,0.7214059866964817,0.5716809169389307,0.6813712865114212,13.889521184596662
0.49325907323509455,0.5967825150582939,0.6663569444790483,0.7346849914174527,0.22565349587239325,0.5344897769391537,0.13408066960982978,0.04322181944735348,0.9373168754391372,0.8078026818111539,16.777162290161783
0.34310251055285335,0.8041346026584506,0.16983766108751297,0.9472187971696258,0.7848553380463272,0.263003020780161,0.6255666855722666,0.9685345711186528,0.2851723509375006,0.40642109676264226,22.50012644490031
0.5733929914422333,0.154498556163162,0.21053906460292637,0.5597593949642032,0.7552483770996332,0.3148621781729162,0.429154985351488,0.8571599633432925,0.08571698749437928,0.28017441160045564,12.8686773201574
0.29568679980002344,0.4254344878718257,0.5255237969104201,0.5101139910984784,0.9727455738466233,0.02066768822260201,0.7254238985478878,0.17296046554110944,0.8769519780762494,0.0663397922180593,14.697874875004727
0.34727918705902994,0.6732114520855248,0.1424894833471626,0.9026727117598057,0.7549713596235961,0.1234442419372499,0.28070119046606123,0.7681554490700364,0.7733403297606856,0.4079317084979266,22.491708170680063
0.47023786418139935,0.7054768607486039,0.3961973574478179,0.2615529338363558,0.344620710471645,0.9511865377426147,0.2587722463067621,0.9820593108888716,0.8864225088618696,0.26146093429997563,12.771285199557402
0.7029867465607822,0.19489155244082212,0.14657980436459184,0.5785487005487084,0.7190396594814956,0.31051473901607096,0.37716452218592167,0.31870192801579833,0.20993211981840432,0.9445096591953188,17.04068963085415
0.6000918853096664,0.42926078336313367,0.8955761350225657,0.2579278976190835,0.008433621609583497,0.833155651576817,0.6847101429011673,0.7340076735708863,0.7973769765812904,0.9886290347203612,14.398703847404708
0.2409875935409218,0.9011202538385987,0.2989444062113762,0.917003387119621,0.9133377484977245,0.8498470650520176,0.643757016165182,0.645311855012551,0.5523393994662911,0.11273590428754687,20.62213711394785
0.9261428734753281,0.7417878557462245,0.18570674187503755,0.2858677529729903,0.6532546731177717,0.05395636451430619,0.8515465736854821,0.8832954992540181,0.4010546156205237,0.16298817051574588,17.782673101993986
0.32239905931055546,0.0001395433209836483,0.2529232599772513,0.264939934713766,0.6682372172363102,0.6207718423102051,0.19726337888278067,0.16207123501226306,0.9450547033920884,0.4516160369385034,6.357236615556852
0.17383167380467057,0.30182104208506644,0.19516537082381546,0.9781961487606168,0.26637831376865506,0.5553722288459539,0.6696356723550707,0.37606010236777365,0.20219723787158728,0.6521260833833367,15.914001121577666
0.6235157630871981,0.2972571465652436,0.798205881845206,0.13515048893168569,0.5040026230271906,0.23090015910565853,0.2829722873866558,0.45837785699404776,0.6888825609348714,0.3089213171042502,11.373334729242078
0.16599726770073175,0.36010068631730974,0.6940657740924507,0.042836127104237676,0.9746778479311615,0.2557412814348936,0.2900110792834312,0.1571855533402413,0.0249487841501832,0.5698040327988565,7.661212655433246
0.31441994523629546,0.5725576828699559,0.37929668463766575,0.7236913740634918,0.22307524201460183,0.48617766168899834,0.5192806681152433,0.5809522746130824,0.5064260310027748,0.12801617104560137,13.046665698811557
0.5350285188760608,0.1696418011561036,0.8515472421422601,0.7551855377387255,0.2907638172619045,0.8972945639397949,0.526882593287155,0.5316495420411229,0.1025067139416933,0.12562250578776002,14.825735961926874
0.1225569003727287,0.6435565038118511,0.6695137189235538,0.7320440597832203,0.9710389722604305,0.5711506744846702,0.6435031753499061,0.10845216969028115,0.6047277625184506,0.8363666580989957,14.795116782201491
0.40957628074102104,0.226354927290231,0.09574611973948777,0.19981411076150835,0.40562392957508564,0.7169094374403358,0.9808619180694222,0.8930144160985947,0.1598900672979653,0.760859738336876,10.916946959607479
0.6535260716918856,0.7206203790847212,0.6734564190264791,0.06531386566348374,0.5469457320868969,0.33417102321982384,0.5085794783663005,0.5193614473100752,0.8616804205812514,0.18772991164587438,13.09109947861497
0.014880358707159758,0.19885895820334554,0.8269655804615468,0.41464410233311355,0.7708708660211414,0.9027155335061252,0.0776227752212435,0.359037236077711,0.09839489101432264,0.44287096220068634,9.308335567461736
0.5995783586986363,0.11530490033328533,0.19337135809473693,0.12103400193154812,0.6316292644478381,0.4717744584195316,0.49908322864212096,0.4364408722613007,0.7548656058497727,0.6364591440651566,8.478310549581572
0.5307723353616893,0.023653141921386123,0.8283319105394185,0.35018681711517274,0.2887615419458598,0.05999022372998297,0.2100265589542687,0.4302818379364908,0.2647952053230256,0.5786857977509499,6.952323118388378
0.7248092498630285,0.28501698770560324,0.5808990132063627,0.5659645518753678,0.7008254639804363,0.23023386159911752,0.18085705488920212,0.9703565021045506,0.36074520857073367,0.4147848426364362,16.598369263360414
0.0545418462716043,0.4468846144154668,0.4558217851445079,0.5292014868464321,0.33463777462020516,0.7092260881327093,0.31636062054894865,0.48554400471039116,0.0779918935149908,0.30318517866544425,6.432721886601007
0.9513996040914208,0.10672129737213254,0.7277869288809597,0.6633580771740526,0.1415164340287447,0.8201142989564687,0.14239315944723785,0.31824852037243545,0.9147247893270105,0.2690757929813117,10.947854181855865
0.5305111950729042,0.24918046896345913,0.10586326313205063,0.9171161581762135,0.5780286479275674,0.34039679053239524,0.5400373141746968,0.2280473867431283,0.4529779127333313,0.6754888675641268,18.961598653345032
0.7737246234901249,0.51238202303648,0.44468108378350735,0.6935468725860119,0.4649552849587053,0.1754933383781463,0.8420070572756231,0.8522070625331253,0.7058751685544848,0.2856891076080501,17.79264380851657
0.27755541494116187,0.08132622693665326,0.5584628202486783,0.4128340659663081,0.5066389539279044,0.4419209791813046,0.4789586311671883,0.9253580144140869,0.6169807661790401,0.8016886711120605,7.685175261243247
