x0,x1,x2,x3,x4,x5,x6,x7,x8,x9,y
0.4582904183771461,0.5732943897601217,0.85911122453399,0.5656721598934382,0.7896823864430189,0.041496807942166924,0.5024070222862065,0.28933399450033903,0.6642354498617351,0.37387091014534235,21.089669132359077
0.7405320180114359,0.5780917052179575,0.5188714265823364,0.016383685637265444,0.17358807451091707,0.6040643772576004,0.522091525606811,0.35289498744532466,0.6550540472380817,0.5207181612495333,11.24857785682953
0.9289664989337325,0.128080730792135,0.8648438956588507,0.2536123606842011,0.15851628524251282,0.9031689367257059,0.5419924173038453,0.7901472491212189,0.2176217541564256,0.5209339011926204,9.826706129398595
0.5093152190092951,0.39815773465670645,0.8067993384320289,0.501779864076525,0.36919440631754696,0.9845088548026979,0.6256323168054223,0.7140847626142204,0.047022989485412836,0.7426761114038527,17.132897534323735
0.48283237405121326,0.8382459890563041,0.9220663809683174,0.11312122363597155,0.2518171947449446,0.03152305004186928,0.9972575069405138,0.7429464824963361,0.12201008573174477,0.3605340807698667,15.38174344962064
0.9742374662309885,0.7343535348773003,0.16266902443021536,0.09227055381052196,0.41093718400225043,0.5137515666428953,0.3437131284736097,0.2982521313242614,0.10747145558707416,0.5325313964858651,12.358436494213674
0.2870884870644659,0.21748927957378328,0.9573656446300447,0.845071064773947,0.9199872938916087,0.22568347491323948,0.01890778774395585,0.3861303525045514,0.771785547491163,0.09242151211947203,16.8100357459249
0.8867545460816473,0.42763282591477036,0.6729117466602474,0.508537624264136,0.8438007344957441,0.7950708349235356,0.8825497126672417,0.5939531265757978,0.08465358475223184,0.8412565069738775,20.12628166707635
0.2684520594775677,0.942012234358117,0.29840537486597896,0.2658055236097425,0.8724057571962476,0.48794813617132604,0.45578209683299065,0.6627022963948548,0.9733334656339139,0.2840396356768906,14.896841005619272
0.5392907618079334,0.37284139916300774,0.9260713376570493,0.344754223478958,0.8602606833446771,0.929642345989123,0.9895451513584703,0.11359359580092132,0.49771303101442754,0.9512091998476535,18.04640069001051
0.08109333761967719,0.8447290745098144,0.4546600002795458,0.7838949973229319,0.4592343436088413,0.918639350682497,0.767666447442025,0.41166682564653456,0.871317540993914,0.8933301214128733,13.056374988531728
0.10359861282631755,0.8482181252911687,0.3709227947983891,0.19381839339621365,0.9297812981531024,0.029742904705926776,0.32877389970235527,0.8218112757895142,0.8493605516850948,0.34314325964078307,10.495824454170032
0.9409676482900977,0.999316432280466,0.9025426697917283,0.301160802366212,0.8926469027064741,0.14595036953687668,0.7627481324598193,0.5126826111227274,0.05126796802505851,0.6319644514005631,12.996147989617423
0.30358450254425406,0.5462519465945661,0.47566080815158784,0.428400004748255,0.5368246228899807,0.4340340858325362,0.1784021146595478,0.32487511122599244,0.037483530351892114,0.5242797632236034,13.427830907145044
0.4790235322434455,0.2648271939251572,0.6089197653345764,0.5996733934152871,0.7516940026544034,0.7108203591778874,0.12442738772369921,0.5993018585722893,0.7219823743216693,0.5567093724384904,15.23659237272275
0.28826881712302566,0.3723199174273759,0.26451881718821824,0.8686356053221971,0.5570087779778987,0.943940153112635,0.5441277821082622,0.7142568086273968,0.244867080822587,0.5923138807993382,15.40790843760278
0.03744627418927848,0.262533703353256,0.6227876041084528,0.09174149623140693,0.030641524819657207,0.14566352032124996,0.2967919842340052,0.856495430925861,0.18258143472485244,0.6801443481817842,0.8798127580422997
0.05471559567376971,0.22750174044631422,0.40306405327282846,0.6677008299157023,0.6875342975836247,0.026174103608354926,0.20539219211786985,0.28650334873236716,0.04819814721122384,0.03105981065891683,10.385986329476381
0.3906334466300905,0.03286082320846617,0.9799003370571882,0.706012791255489,0.06763545493595302,0.7931764798704535,0.1755799746606499,0.6865509811323136,0.7793750024866313,0.9336442134808749,13.16316447140614
0.3402751630637795,0.4540601968765259,0.9033770416863263,0.6070146644487977,0.1945677399635315,0.10382775007747114,0.9659259330946952,0.4182592339348048,0.6492957207374275,0.7676244841422886,14.179846290585623
0.03359639900736511,0.8053905079141259,0.7336179192643613,0.3837999701499939,0.6200261644553393,0.7503360889386386,0.4224588037468493,0.8189952203538269,0.3568514047656208,0.16363346413709223,7.456783594265983
0.11720729945227504,0.7469020732678473,0.3587014314252883,0.752244763309136,0.04439587937667966,0.8013493677135557,0.3425201971549541,0.5836229973938316,0.3985343514941633,0.030493472469970584,10.637431421072794
0.4834733917377889,0.7356411784421653,0.39174308930523694,0.41918586823157966,0.6510360995307565,0.5541842146776617,0.1992835565470159,0.17533597769215703,0.040398094803094864,0.9288171052467078,15.210146057599506
0.22684842976741493,0.7134392149746418,0.8122355290688574,0.1637292082887143,0.9061098794918507,0.5444992533884943,0.6583852404728532,0.9950230717658997,0.33995410753414035,0.6851845714263618,13.458745165450258
0.6164228275883943,0.20346031640656292,0.8794685353059322,0.7094669248908758,0.48359163268469274,0.8814181101042777,0.6093480703420937,0.5034730089828372,0.35001517459750175,0.617153299273923,14.563583934915087
0.657596563687548,0.32723644631914794,0.5088323515374213,0.7787063620053232,0.610887908609584,0.9338760124519467,0.7947510776575655,0.13495644181966782,0.19016557489521801,0.7092256182804704,15.881669785696062
0.035997914616018534,0.6872272258624434,0.29384987824596465,0.21225124644115567,0.895430400269106,0.34181162575259805,0.43823623727075756,0.7308637558016926,0.65911277779378,0.8894719001837075,7.315039543768263
0.16173409530892968,0.8580975872464478,0.49437872134149075,0.40692454017698765,0.9757176532875746,0.6532612461596727,0.27708519203588367,0.1852069403976202,0.43813984165899456,0.3864837768487632,11.702648617550068
0.7422838108614087,0.7464380345772952,0.45617787330411375,0.5865445318631828,0.8196462052874267,0.21705283503979445,0.1846254295669496,0.46634099166840315,0.6472453624010086,0.9689169782213867,18.60835839396315
0.021446081344038248,0.050825225189328194,0.5992373859044164,0.4182610628195107,0.08587315143086016,0.12863196549005806,0.9971282703336328,0.9779912151861936,0.043726243544369936,0.05560355819761753,6.149220130430598
0.48201018548570573,0.6249858913943172,0.2331868566107005,0.5479687196202576,0.7206400679424405,0.6469675465486944,0.1286093471571803,0.3872187084052712,0.22633168543688953,0.0008589217904955149,19.123386624902366
0.7460070049855858,0.8192321264650673,0.6890916964039207,0.07654957938939333,0.38520563347265124,0.7576499811839312,0.9041614274028689,0.007127321325242519,0.40992821380496025,0.02119174087420106,12.553111185126554
0.9764535331632942,0.40491863223724067,0.1465419849846512,0.87688042758964,0.14052824722602963,0.7816130951978266,0.8105223220773041,0.5240415178705007,0.7356965627986938,0.6635147263295949,22.0749201596958
0.8567579563241452,0.39129860838875175,0.40835936763323843,0.3012152679730207,0.4465844633523375,0.39967607287690043,0.061629307456314564,0.9730324842967093,0.1450972326565534,0.0902980228420347,14.931693038179336
0.7792762259487063,0.38173149805516005,0.16756420233286917,0.657306557521224,0.7012009075842798,0.4507899407763034,0.11192930256947875,0.7472649135161191,0.8573887462262064,0.6613087521400303,21.032486863709224
0.9241184247657657,0.39306324999779463,0.026012636022642255,0.8447967588435858,0.8099963099230081,0.45485083432868123,0.8627600835170597,0.336214141221717,0.771658530458808,0.9814640528056771,25.54112538667006
0.8151185542810708,0.5032601763959974,0.30691893002949655,0.20809051464311779,0.5511101016309112,0.4574301540851593,0.8146206657402217,0.4224145654588938,0.28528574970550835,0.3031285936012864,16.476414849455228
0.5800610315054655,0.28487973590381444,0.5244643706828356,0.39063092530705035,0.2591300313360989,0.75866330973804,0.05814115284010768,0.5424504345282912,0.6236909094732255,0.7161698320414871,10.807333082650866
0.3206254441756755,0.7097442853264511,0.9246853874064982,0.19892058125697076,0.19163858122192323,0.44922712608240545,0.4814783518668264,0.23439800390042365,0.5598666861187667,0.08908514468930662,13.483284848044635
0.19518169038929045,0.49446470593102276,0.04363245656713843,0.26941657182760537,0.07402221881784499,0.5104581515770406,0.46263475995510817,0.14237373415380716,0.3662729838397354,0.4706081603653729,11.287304244576527
0.27326234709471464,0.8688476292882115,0.9111199576873332,0.18060162873007357,0.7081044570077211,0.8364171744324267,0.31534615252166986,0.47286849771626294,0.7639564615674317,0.5953697499353439,16.48355350664752
0.3466462641954422,0.564003542996943,0.7198133724741638,0.3899859059602022,0.2273264559917152,0.6047174616251141,0.4846770614385605,0.9113167729228735,0.8853884197305888,0.523302303859964,12.891532653810481
0.6615622646640986,0.8095469863619655,0.6268846513703465,0.41360624181106687,0.7945249839685857,0.7317478354088962,0.570621260209009,0.7995531496126205,0.6735488101840019,0.31126401107758284,17.101966215331597
0.6808466366492212,0.8290102572645992,0.2838595712091774,0.09617824316956103,0.23203289299272,0.21196235762909055,0.19057187624275684,0.6350762629881501,0.34540859889239073,0.8919511043932289,11.952578619490794
0.27594302874058485,0.9297079166863114,0.44313350785523653,0.5081328724045306,0.3096279944293201,0.8598546565044671,0.8961249438580126,0.1675796762574464,0.8841079736594111,0.2621338109020144,13.364458280821351
0.7850896343588829,0.46864551212638617,0.429748959839344,0.533685906091705,0.31566060963086784,0.4060463709756732,0.6838812045753002,0.4193507225718349,0.7344626188278198,0.45637961267493665,17.033351768025753
0.8059560551773757,0.89444411220029,0.9388823371846229,0.7111578746698797,0.1661752152722329,0.07834104937501252,0.7174042202532291,0.27364412532188,0.9968539278488606,0.19780564727261662,18.529377984596593
0.8822079875972122,0.2630050654988736,0.7438761128578335,0.9623864470049739,0.2515110361855477,0.5811125817708671,0.6116132512688637,0.8473712604027241,0.234324443154037,0.8805419015698135,18.359442933864813
0.7817162931896746,0.14362240908667445,0.5109892508480698,0.5892025425564498,0.7627496861387044,0.8124481292907149,0.7912522316910326,0.5008591716177762,0.9030237167607993,0.5204457496292889,14.183446602938695
0.7749184463173151,0.5026555221993476,0.982718083774671,0.20755305420607328,0.38928684685379267,0.13939349399879575,0.9768090627621859,0.5002777532208711,0.34349044249393046,0.5686137962620705,18.18508146296544
0.3436618740670383,0.7968655184376985,0.8882463166955858,0.2645822730846703,0.08020633948035538,0.6032479400746524,0.6834264532662928,0.6358496476896107,0.3951755575835705,0.09163293614983559,12.046025035336505
0.6897145651746541,0.8923315482679754,0.5179473955649883,0.6092650617938489,0.2955207545310259,0.31911526434123516,0.898013262078166,0.1305812366772443,0.21629988122731447,0.7561394113581628,17.139330242621927
0.7482877017464489,0.5536166375968605,0.9809218787122518,0.4013399782124907,0.11740654683671892,0.8092650873586535,0.32419134420342743,0.7711252169683576,0.7376421929802746,0.501580233220011,19.59966811463501
0.8481126967817545,0.1211587805300951,0.7540930253453553,0.6868178064469248,0.9678617897443473,0.8242794724646956,0.4017626696731895,0.5646257768385112,0.04070350783877075,0.709773093694821,16.030265266048342
0.4595470873173326,0.34688384598121047,0.16232305904850364,0.170219138963148,0.3578529281076044,0.6290879680309445,0.7221021431032568,0.10509515879675746,0.1803485720884055,0.47280009300448,9.821471936930255
0.3353850261773914,0.2137848362326622,0.6376637977082282,0.11816921178251505,0.5199843428563327,0.5125152787659317,0.7354753103572875,0.45844959910027683,0.6264826799742877,0.7293297471478581,4.261073390406882
0.32156164152547717,0.7695371976587921,0.3361875172704458,0.33121033874340355,0.4818231202661991,0.8257006036583334,0.8805103315971792,0.096014020498842,0.5761473525781184,0.09981651091948152,14.051430480916517
0.3131682015955448,0.3692305537406355,0.35685047367587686,0.6690270691178739,0.739459709264338,0.761203836183995,0.05528129334561527,0.23692062636837363,0.4505430250428617,0.09946027491241693,14.916773145573824
0.7339358618482947,0.6108843619003892,0.09045145218260586,0.642931672744453,0.4728461503982544,0.36475074011832476,0.7459627133794129,0.07675617630593479,0.3863152074627578,0.7535469555296004,22.596487690454687
0.4966570190154016,0.1331869843415916,0.4830166925676167,0.4699947505723685,0.1819121055305004,0.9425806906074286,0.8738547873217613,0.1319253039546311,0.18849436263553798,0.0377625422552228,5.758714098744138
0.6599537427537143,0.6918840070720762,0.010403448482975364,0.8692910624668002,0.3296625704970211,0.5304309173952788,0.5526449668686837,0.959316274151206,0.38057508249767125,0.5282391426153481,24.47982889366251
0.8276296681724489,0.71122957020998,0.8635417821351439,0.6949601164087653,0.749684447189793,0.6143732110504061,0.5496165717486292,0.29051524121314287,0.21588043053634465,0.3325348470825702,23.529558417172872
0.4484211599919945,0.09044595365412533,0.7384446654468775,0.6790958507917821,0.46919602807611227,0.07695316872559488,0.621181647060439,0.8034178775269538,0.7092657135799527,0.0609655873849988,12.089574524458813
0.36003808164969087,0.13433777331374586,0.9996051413472742,0.6969405030831695,0.564926661318168,0.5505382237024605,0.9111360237002373,0.6228946903720498,0.8426342036109418,0.9956537114921957,17.157944879760553
0.5558075658045709,0.05930132744833827,0.12177754729054868,0.8522899171803147,0.4338121509645134,0.6005249987356365,0.31004072981886566,0.5136233905795962,0.4579627262428403,0.41368441795930266,15.057568630435055
0.22270382731221616,0.7538952473551035,0.4309839801862836,0.16152666532434523,0.7809760118834674,0.6600276825483888,0.8655737021472305,0.7953831951599568,0.33709751651622355,0.6406684555113316,11.786726938295491
0.6340244740713388,0.8142587139736861,0.3530342890881002,0.8560743492562324,0.16713664424605668,0.7519462346099317,0.2908795396797359,0.9854145594872534,0.921723643084988,0.6118619956541806,19.78487606930999
0.46649515675380826,0.11081386427395046,0.6985293545294553,0.7723689009435475,0.14695519348606467,0.6157816457562149,0.49089461262337863,0.3925597374327481,0.08019979298114777,0.12791469739750028,10.691795004378024
0.49513686751015484,0.9694172430317849,0.7340061422437429,0.41347643197514117,0.8607060194481164,0.31271145259961486,0.4925295286811888,0.6670076444279402,0.8003886819351465,0.37468843371607363,18.068938364040747
0.3795238183811307,0.46539915748871863,0.39371966989710927,0.07856803853064775,0.7965325254481286,0.10914452350698411,0.2261603050865233,0.3614845892880112,0.9734626614954323,0.25145848211832345,9.496899616597597
0.7344584784004837,0.3027336373925209,0.12449354771524668,0.20606242143549025,0.7650835211388767,0.3592769945971668,0.5175944080110639,0.6046811456326395,0.48759597446769476,0.1977546433918178,14.074000460775544
0.3719133122358471,0.15643714391626418,0.15372013417072594,0.12946069985628128,0.18149669119156897,0.8498529894277453,0.30322902789339423,0.5523479273542762,0.9518464303109795,0.8778424207121134,6.68924673108015
0.7501446877140552,0.751535348361358,0.01428193785250187,0.30154156568460166,0.25026899739168584,0.15268150391057134,0.7699204995296896,0.3062797924503684,0.14328460348770022,0.8252971649635583,19.250149442395497
0.9354935178998858,0.7000713455490768,0.3225354484748095,0.8723425276111811,0.9902316010557115,0.16346677229739726,0.289100841851905,0.498022782150656,0.7090750948991627,0.2032555565237999,23.675282677279053
0.5424370439723134,0.3547597760334611,0.4217864803504199,0.7586481168400496,0.6061044472735375,0.46397533058188856,0.3348940887954086,0.4068981655873358,0.3697612280957401,0.8180913894902915,15.15820999908584
0.08419902436435223,0.042615945218130946,0.5789970553014427,0.2373225074261427,0.0938157883938402,0.3389826694037765,0.15068188169971108,0.3533723596483469,0.4433527698274702,0.902402576059103,2.0229634941755976
0.20428296830505133,0.9505441337823868,0.658543195342645,0.8837789709214121,0.14186976267956197,0.9160394063219428,0.6909657546784729,0.41838001646101475,0.2620824072510004,0.29282352700829506,15.409431264897016
0.14968795399181545,0.6333823925815523,0.562451763311401,0.995295180240646,0.3046343403402716,0.05920073250308633,0.15572632430121303,0.015140153234824538,0.8086140402592719,0.15172950783744454,14.708692518448217
0.8387169719208032,0.8507337644696236,0.07946116453967988,0.4482654361054301,0.3116667838767171,0.0055166620295494795,0.7440748556982726,0.18879936123266816,0.7008283811155707,0.9160068114288151,17.729384424281683
0.0870675218757242,0.4578157311771065,0.8876047257799655,0.9051338373683393,0.4927325693424791,0.9923852786887437,0.16028068005107343,0.9715324095450342,0.18825356871820986,0.5746382484212518,15.75312199192972
0.42936480534262955,0.3863627889659256,0.7634727556724101,0.7824971692170948,0.5411962624639273,0.615735397906974,0.9370126083958894,0.732540475204587,0.05242519243620336,0.9604295375756919,16.281128164000688
0.8327802838757634,0.31600168510340154,0.9615771905519068,0.5630205720663071,0.8340210705064237,0.18999037030152977,0.5664472316857427,0.8934463274199516,0.15266183391213417,0.10945078846998513,20.59777112833455
0.424725639866665,0.43786542932502925,0.42637734580785036,0.09249083371832967,0.24394664471037686,0.1306771133095026,0.6693588546477258,0.8135348218493164,0.16080593084916472,0.19624726893380284,8.939784574988378
0.8547134425025433,0.945515216793865,0.5759924971498549,0.4956973739899695,0.3733064664993435,0.48550217179581523,0.5196774958167225,0.33506351988762617,0.07872927584685385,0.0506388817448169,11.50527990827376
0.4743921102490276,0.42334025586023927,0.25863676401786506,0.1242010798305273,0.3003300898708403,0.8416667885612696,0.11109481775201857,0.2299541977699846,0.24952040147036314,0.7568231695331633,9.152346131148548
0.1946753072552383,0.19022379955276847,0.6636253162287176,0.4597879177890718,0.24792808084748685,0.6752873619552702,0.9203400369733572,0.11306298291310668,0.9022095843683928,0.5811067426111549,7.6125720156694685
0.8887365704867989,0.11390629853121936,0.38738436182029545,0.7312949385959655,0.8769487494137138,0.8709220197051764,0.15442913305014372,0.23140146466903389,0.824870420852676,0.7236937342677265,14.78111162940164
0.4496305282227695,0.4800196511205286,0.3212619158439338,0.5995978335849941,0.4604616379365325,0.04766074544750154,0.3647224174346775,0.44570717797614634,0.27611862402409315,0.8937706691212952,13.044419378745097
0.7253205119632185,0.6585586613509804,0.8994508783798665,0.8848846086766571,0.8003110701683909,0.6216038756538182,0.6107293057721108,0.47107360884547234,0.8941320762969553,0.08928667148575187,25.44244823170658
0.9892103222664446,0.8162255131173879,0.8023787948768586,0.8929206870961934,0.22235685284249485,0.306095362175256,0.33736401447094977,0.4771526283584535,0.12014516931958497,0.5926866184454411,18.10712420161118
0.39933309867046773,0.9409577446058393,0.43500602757558227,0.8004680979065597,0.8901889056432992,0.930671751499176,0.07086533540859818,0.7703901254571974,0.2850716458633542,0.002565603004768491,22.42123515851394
0.25350470398552716,0.1578897787258029,0.2798267281614244,0.7403259770944715,0.8889784461352974,0.06262329849414527,0.6524392678402364,0.42943193204700947,0.8937004806939512,0.21032775519415736,13.770729149297022
0.3610002270434052,0.005869792075827718,0.5148857315070927,0.648231252329424,0.6123257305007428,0.3536494045984,0.2257288177497685,0.38083333405666053,0.587885782122612,0.8648349908180535,9.22197983391188
0.05669470177963376,0.43907678104005754,0.41493582678958774,0.3552073840983212,0.9485283195972443,0.3843448518309742,0.1422688364982605,0.04923066101036966,0.926221868256107,0.8323677850421518,7.425232118236329
0.6385284406132996,0.5913276765495539,0.49900572397746146,0.19365200377069414,0.6266250323969871,0.1139914293307811,0.4492292860522866,0.4631647600326687,0.7458333182148635,0.9626319310627878,15.840441924881755
0.7706385331694037,0.0026252008974552155,0.636661539785564,0.00583919114433229,0.7075473475269973,0.005838832817971706,0.7327750537078828,0.018803698709234595,0.5182580610271543,0.6297457288019359,3.852927227799839
0.42481349618174136,0.5323657591361552,0.8784391863737255,0.08901118487119675,0.7509417792316526,0.5825262814760208,0.23346546106040478,0.8812862178310752,0.40755846770480275,0.5987502869684249,13.7315622356357
0.09359785146079957,0.19075515028089285,0.7510857884772122,0.467899746960029,0.059641735162585974,0.8748696423135698,0.2833159763831645,0.21597229805774987,0.8208775606472045,0.36249948758631945,7.7887495547177545
0.6058278135024011,0.721566375112161,0.9243903898168355,0.9638071428053081,0.6947144481819123,0.8831172653008252,0.9287864060606807,0.49656209792010486,0.34548879973590374,0.7782618016935885,24.07794973679381
0.8093619388528168,0.7656657178886235,0.24457743135280907,0.5696095146704465,0.5994383753277361,0.46162453736178577,0.7509470183867961,0.5187374702654779,0.33244793652556837,0.3370709023438394,19.52091737495815
0.1619000646751374,0.4074920804705471,0.8720878823660314,0.3633607116062194,0.6178114227950573,0.4071243542712182,0.7455274884123355,0.6518144041765481,0.012164827436208725,0.2084959705825895,11.764050267040158
0.9805749768856913,0.367272888077423,0.7868234168272465,0.9710044746752828,0.010286526521667838,0.960948369000107,0.5317858103662729,0.09652952384203672,0.44387550884857774,0.01316857966594398,21.791391131898106
0.7714833670761436,0.35264929477125406,0.664834669791162,0.6403781387489289,0.7186334191355854,0.2628763623069972,0.0809655652847141,0.9727464653551579,0.2515619460027665,0.8004075046628714,18.1485887578317
0.8301288187503815,0.7462994903326035,0.47779026604257524,0.9931014534085989,0.5227927500382066,0.47162795858457685,0.14943392062559724,0.6603639738168567,0.8589331987313926,0.2769904888700694,21.447619903383803
0.7290908428840339,0.17731602815911174,0.8615520431194454,0.5533052852842957,0.06314061535522342,0.16200583893805742,0.07837336300872266,0.5339967624749988,0.3819039824884385,0.5925466485787183,11.456550198660214
0.49163774214684963,0.07827297691255808,0.39720904384739697,0.36715019633993506,0.45115071861073375,0.09867861005477607,0.27525115851312876,0.6277550435625017,0.44493124447762966,0.5540039532352239,9.329132795849086
0.1839734937530011,0.7057732024695724,0.44563259300775826,0.540681421989575,0.09867981099523604,0.0011669257655739784,0.5548658412881196,0.9861745934467763,0.3647535056807101,0.34925129264593124,10.132389988752594
0.1374925400596112,0.4919842716772109,0.025527646066620946,0.6618936364538968,0.9206770153250545,0.3433306438382715,0.7911383784376085,0.3127712798304856,0.4167483097407967,0.23718541604466736,16.875362754709716
0.29379724944010377,0.261407554615289,0.6236032624728978,0.8176845493726432,0.1880126791074872,0.2825511449482292,0.17398797580972314,0.42318576807156205,0.15080498717725277,0.2619093756657094,10.932106176754843
0.15155607392080128,0.7244221894070506,0.19132210779935122,0.1484373842831701,0.1699535173829645,0.8792877879459411,0.2288968355860561,0.0608388134278357,0.5627755736932158,0.40086750872433186,9.791162914326154
0.9126607035286725,0.5063007841818035,0.29468071134760976,0.004961149301379919,0.44766813493333757,0.9598473706282675,0.03907231194898486,0.3864391543902457,0.23379102535545826,0.19842110597528517,14.315980996492943
0.5226677993778139,0.8464759546332061,0.9248684775084257,0.40102533530443907,0.35793164372444153,0.20690391235984862,0.9613248219247907,0.8620596255641431,0.3262429931201041,0.7645688580814749,18.96754095047573
0.26042858860455453,0.8430248873773962,0.31678747409023345,0.989789066137746,0.6261705223005265,0.3903907034546137,0.2596038037445396,0.9027984817512333,0.2798082041554153,0.28053154214285314,19.59816952010153
0.7944188243709505,0.2890895176678896,0.373160065850243,0.09123871708288789,0.6595617132261395,0.9802876668982208,0.9048560834489763,0.5329082757234573,0.5379595959093422,0.2024365095421672,12.149090022708332
0.5343174543231726,0.8813377474434674,0.7645569907035679,0.3409532445948571,0.3358030605595559,0.13751313090324402,0.638393078930676,0.15139825525693595,0.8954833862371743,0.6848983222153038,16.286525667970558
0.8181472581345588,0.4354718434624374,0.47406095336191356,0.23600164311937988,0.39489739830605686,0.9250476663000882,0.8046995755285025,0.1789201544597745,0.5160836188588291,0.6578258792869747,14.266314118466571
0.8879245421849191,0.2771298694424331,0.8059747226070613,0.9213569082785398,0.30805199942551553,0.7013402201700956,0.04371601436287165,0.6978403127286583,0.8712339678313583,0.3387820723000914,20.97158502381758
0.4123420638497919,0.5988537268713117,0.9593561571091413,0.30215281737037003,0.466229259269312,0.39873061957769096,0.8118969884235412,0.8446840168908238,0.9719467551913112,0.9870965976733714,15.677104395290183
0.8601026863325387,0.14387552929110825,0.32457062089815736,0.9104477819055319,0.7989834926556796,0.15170790045522153,0.9944354230538011,0.5490455150138587,0.6066699577495456,0.6407218873500824,17.003935804180614
0.7562714049126953,0.3927877531386912,0.5350840662140399,0.5492160217836499,0.967980211135,0.4030030551366508,0.9275783225893974,0.16047254437580705,0.7974257410969585,0.8847376417834312,19.600025015639268
0.10688318032771349,0.0901453762780875,0.19115284993313253,0.8800305984914303,0.7496619001030922,0.6837146400939673,0.3523229951970279,0.6142262222710997,0.9138977346010506,0.09588483907282352,15.485522841402647
0.5413034984376281,0.839276070240885,0.9510909805539995,0.8781672487966716,0.9041953205596656,0.8140594610013068,0.4146133481990546,0.4417126814369112,0.6326866566669196,0.22269807825796306,27.05267626372329
0.19212855235673487,0.6573226742912084,0.04242427460849285,0.64409443247132,0.7547990025486797,0.5378841671627015,0.7485946149099618,0.5713850266765803,0.46364689455367625,0.6543158900458366,17.60833698598712
0.4047630641143769,0.4523120194207877,0.20153724355623126,0.6374497532378882,0.9469987733755261,0.5999222800601274,0.825636510970071,0.2891011224128306,0.6757011171430349,0.5105719643179327,18.23647811349491
0.822883591754362,0.7783645638264716,0.47567519173026085,0.31440660753287375,0.5219117882661521,0.628089003264904,0.7517280015163124,0.23605725727975368,0.6760328505188227,0.30208607763051987,14.33773218078355
0.5793869832996279,0.8174328121822327,0.09558104490861297,0.6887046149931848,0.07795552350580692,0.5205906582996249,0.6128782141022384,0.2474234737455845,0.4853005337063223,0.014919811859726906,20.368225124989987
0.905505993636325,0.773727510124445,0.016101359389722347,0.9950675589498132,0.08305841614492238,0.3844000252429396,0.7679044725373387,0.5960531602613628,0.5728857403155416,0.09834191994741559,22.312497059555817
0.06808723765425384,0.6172406445257366,0.9756427095271647,0.7030396314803511,0.9551663266029209,0.7482397824060172,0.4289360004477203,0.6811747513711452,0.29673780547454953,0.11306275054812431,17.340946297668868
0.9446735437959433,0.2755723502486944,0.14888708386570215,0.07828134531155229,0.8473276409786195,0.06945571256801486,0.6143438580911607,0.1675612055696547,0.40999903064221144,0.009303790284320712,16.5380637057869
0.6222179958131164,0.8619363370817155,0.8592328480444849,0.5083358469419181,0.8667725468985736,0.5831283638253808,0.4195225229486823,0.4700944551732391,0.43254881422035396,0.5249681188724935,20.799113274541195
0.6826328919269145,0.9642656263895333,0.1951332341413945,0.4069951253477484,0.26977772754617035,0.08095183107070625,0.8567466039676219,0.41461767884902656,0.6497990130446851,0.37501031160354614,16.636142552477914
0.5046493322588503,0.8595178734976798,0.2701137945987284,0.5254232475999743,0.5918745854869485,0.6091965078376234,0.2921999846585095,0.9904467700980604,0.019469762919470668,0.4760178024880588,20.00120602687562
0.28641065838746727,0.12219216115772724,0.9790191950742155,0.8311782295349985,0.09232843294739723,0.785090088378638,0.5888404198922217,0.027236137771978974,0.6051057437434793,0.6024078230839223,14.494878200740542
0.5059509333223104,0.9338353041093796,0.8370052871759981,0.7032700891140848,0.3222964957822114,0.8969862386584282,0.8794843184296042,0.723320938879624,0.7251868075691164,0.7618944863788784,18.92053630812263
0.008641842985525727,0.4385182505939156,0.8418802744708955,0.3278549623209983,0.23903301893733442,0.0820077434182167,0.9803301196079701,0.3905660754535347,0.5018869328778237,0.6313751812558621,6.5539388168273
0.5503761016298085,0.21099946089088917,0.1492699405644089,0.06008380698040128,0.11232880339957774,0.7839546762406826,0.2002764386124909,0.3349158661440015,0.5251853750087321,0.1159316529519856,6.496289312222992
0.22311036684550345,0.48602225468494,0.49896529386751354,0.033269365318119526,0.3977610310539603,0.6418078714050353,0.4216795319225639,0.7739683822728693,0.4994689617305994,0.7584780298639089,5.763140510850536
0.1814747084863484,0.3033946813084185,0.45031718304380774,0.9534309993032366,0.9036085999105126,0.09155969647690654,0.5226400359533727,0.2736308416351676,0.05598239414393902,0.7380402984563261,16.451089056670135
0.08671664539724588,0.8696634017396718,0.03050361922942102,0.21480139833875,0.8199093223083764,0.21320031979121268,0.4279525578022003,0.49617482256144285,0.11880873562768102,0.7455904758535326,11.52943059623837
0.09447435731999576,0.6480388999916613,0.17632716381922364,0.9942306405864656,0.6256546953227371,0.23473164881579578,0.6046484196558595,0.16015620878897607,0.9133896566927433,0.8435299491975456,17.179024821834005
0.7587326357606798,0.7964715973939747,0.6099446837324649,0.6270943060517311,0.3255897487979382,0.9596708102617413,0.979127848520875,0.9267811814788729,0.24294336885213852,0.7580137618351728,17.449279391049533
0.08021738054230809,0.6806504579726607,0.6997736617922783,0.45925206830725074,0.07848508842289448,0.03923381003551185,0.1311048346105963,0.2208387260325253,0.7435320883523673,0.15868925605900586,6.629788851260384
0.44567431905306876,0.10401193052530289,0.17574846767820418,0.0841073242481798,0.24147910019382834,0.01964837103150785,0.8813201282173395,0.178308826405555,0.13193104858510196,0.5436254697851837,5.644584367633078
0.8157208375632763,0.7101068298798054,0.2014160214457661,0.7390286945737898,0.7427362552843988,0.558037388138473,0.35538569279015064,0.2978538325987756,0.29648749507032335,0.1263767268974334,22.25182520996436
0.32139141857624054,0.27937406091950834,0.2848506288137287,0.12576674576848745,0.7439031912945211,0.16689878469333053,0.11283049895428121,0.7143267865758389,0.826315876794979,0.8149822892155498,8.395450421551296
0.7709710586350411,0.3600022802129388,0.969786211848259,0.5467346012592316,0.19220091868191957,0.9334850762970746,0.8432783291209489,0.4864341071806848,0.1364262739662081,0.8642871051561087,16.70545268969513
0.4419935445766896,0.7656838353723288,0.5219293276313692,0.34807377425022423,0.2247389166150242,0.3750848062336445,0.3536302959546447,0.9466275852173567,0.14003690122626722,0.8449604564812034,13.328905171676256
0.6274771420285106,0.832826554775238,0.5154237924143672,0.21798603050410748,0.6988145359791815,0.5585357234813273,0.46440239739604294,0.13937443844042718,0.9308993420563638,0.8174563117790967,16.660636731980073
0.2128437254577875,0.1568282046355307,0.9672115384601057,0.7288985226769,0.5053764865733683,0.36792682902887464,0.49372480413876474,0.5464605367742479,0.7939883645158261,0.8046261789277196,15.770045007601107
0.4388053696602583,0.6709443640429527,0.029029416386038065,0.2521876662503928,0.18883057311177254,0.08216487732715905,0.004048088565468788,0.9338650007266551,0.34342127200216055,0.7256867778487504,15.675067073821651
0.4662836908828467,0.8951327176764607,0.44056564406491816,0.693508563330397,0.36916880775243044,0.6834711276460439,0.06633242592215538,0.5469471570104361,0.14832605817355216,0.1863290525507182,17.92084544299926
0.40035085403360426,0.3514597397297621,0.8786208205856383,0.5945508682634681,0.6598111384082586,0.6831564859021455,0.9028884363360703,0.10627618175931275,0.382406385615468,0.3239867854863405,15.099912317619864
0.6277923991438001,0.8640867499634624,0.6593411513604224,0.2648501500952989,0.28166564903222024,0.06237017689272761,0.005582354497164488,0.26404828391969204,0.15974720637314022,0.2436666537541896,14.718593974676796
0.2949295847211033,0.35160351917147636,0.846562203252688,0.7075778236612678,0.003473657416179776,0.012661213986575603,0.16354461759328842,0.8406674289144576,0.4008529025595635,0.2242278615012765,14.662827250660545
0.23748546792194247,0.6201230240985751,0.18940747156739235,0.9570519921835512,0.3807069752365351,0.8248603683896363,0.027919596061110497,0.07336552627384663,0.15421608393080533,0.7698666392825544,16.672965715054037
0.34030383289791644,0.3871947559528053,0.7333797244355083,0.23720360943116248,0.917266791453585,0.028046684339642525,0.6806077535729855,0.4828043603338301,0.8059340289328247,0.02294328436255455,12.589428763957638
0.8679396717343479,0.9796241365838796,0.06852234923280776,0.36078448430635035,0.06845760461874306,0.4764017201960087,0.9378109422978014,0.7564020273275673,0.40093715698458254,0.7861599086318165,13.498083005488006
0.9514338381122798,0.6221354978624731,0.6466674704570323,0.050469218054786325,0.3159554956946522,0.8506257629487664,0.40052355523221195,0.9801163098309189,0.38193448819220066,0.2978429477661848,12.242539532603175
0.8732492073904723,0.2855995069257915,0.8075007076840848,0.19222458824515343,0.0948130413889885,0.15286209317855537,0.12326568737626076,0.7845839350484312,0.7845550684724003,0.5523318662308156,11.199089746361393
0.13666065852157772,0.49852842139080167,0.020065377233549953,0.19301768904551864,0.37092343950644135,0.3219405231066048,0.09269515867345035,0.3972632489167154,0.31207769294269383,0.1418871378991753,10.086682135039474
0.43839177140034735,0.3354285075329244,0.37966442853212357,0.09865626506507397,0.9046957844402641,0.8909551450051367,0.8609250199515373,0.7715891648549587,0.38536235177889466,0.16245009237900376,10.224832860219264
0.4983769378159195,0.9368012335617095,0.247912137536332,0.018289053812623024,0.7428099240642041,0.5850078358780593,0.75379942310974,0.8771057317499071,0.6588524249382317,0.07264646678231657,14.169522102529333
0.6918341107666492,0.6352883379440755,0.22348708589561284,0.29044851171784103,0.9473266606219113,0.2969837097916752,0.48670805990695953,0.11263945489190519,0.3516933263745159,0.4776303661055863,17.97625951089627
0.42084751022048295,0.19594203401356936,0.39812574186362326,0.9483297367114574,0.6267557099927217,0.9086160387378186,0.03660403680987656,0.13016829336993396,0.5128140500746667,0.24468479095958173,16.575664222605518
0.7046024075243622,0.1789519537705928,0.608374590286985,0.1094184354878962,0.9298830018378794,0.6998316706158221,0.8425972047261894,0.29509013216011226,0.4263100738171488,0.6979549920652062,9.82490622007518
0.35223981784656644,0.9700323787983507,0.09605225292034447,0.8452506647445261,0.8106519035063684,0.20198557269759476,0.2379323155619204,0.018606492783874273,0.9781259372830391,0.9767028123605996,24.266482241611197
0.7919021509587765,0.6216830441262573,0.8398526348173618,0.2959783317055553,0.801931953523308,0.6333153708837926,0.4739391889888793,0.2587410903070122,0.1932159943971783,0.1320628433022648,19.807075249813703
0.3262904037255794,0.3280728932004422,0.26337277540005744,0.8981535453349352,0.49416840984486043,0.7066479488275945,0.9250619830563664,0.0333466490264982,0.9385542701929808,0.8916512762662023,16.097647508863304
0.1098196089733392,0.5596934673376381,0.3765579373575747,0.6382114209700376,0.06743375002406538,0.835546646034345,0.130181975197047,0.590415648650378,0.04623748711310327,0.5387632320635021,8.346997657268544
0.8152219862677157,0.590650909114629,0.41318309446796775,0.20998739101924002,0.9389104002621025,0.6521140427794307,0.48603749880567193,0.4196918485686183,0.5184395422693342,0.1059452872723341,14.75876989660908
0.7154942087363452,0.47264805203303695,0.477309737354517,0.11527263559401035,0.018970462726429105,0.26031801477074623,0.09071600320748985,0.08100363053381443,0.2057258754502982,0.8741403352469206,8.66952529597829
0.32273824559524655,0.8979240094777197,0.1324791715014726,0.16324184788390994,0.5022217521909624,0.33265284821391106,0.1871276597958058,0.3610212141647935,0.43037677300162613,0.5421939077787101,15.565995307346226
0.16097194654867053,0.9725657785311341,0.9423088929615915,0.19307773606851697,0.3975698431022465,0.2317420938052237,0.7191498551983386,0.8411028496921062,0.8674658846575767,0.026950384490191936,14.41798172362003
0.3496645682025701,0.6923809277359396,0.7739295463543385,0.6313355646561831,0.7752318978309631,0.11182235344313085,0.9104761790949851,0.3833278804086149,0.29587508691474795,0.12671562423929572,20.182082297685007
0.7868075531441718,0.5008443663828075,0.18387838010676205,0.10557528282515705,0.5126342105213553,0.5901778284460306,0.7372890068218112,0.9816611416172236,0.4617256799247116,0.42016830388456583,14.7278298120081
0.5819046145770699,0.6940901789348572,0.6834801104851067,0.6040574982762337,0.5961502648424357,0.890420911135152,0.24264939432032406,0.38053094781935215,0.7584491695743054,0.1163050145842135,19.418049164371958
0.25131932203657925,0.6094313622452319,0.4342120746150613,0.9539923993870616,0.9504115981981158,0.6926449839957058,0.22525545163080096,0.7913741962984204,0.06773599050939083,0.9799410093110055,19.165346467280713
0.9646300966851413,0.3859823520760983,0.4988983338698745,0.2649274277500808,0.013224876020103693,0.3211715826764703,0.4717568368650973,0.07354884850792587,0.9227102627046406,0.38677456276491284,12.233247811236025
0.9233953603543341,0.6245838510803878,0.5340475013945252,0.49113868665881455,0.21652462193742394,0.8429719854611903,0.39647377119399607,0.17390589672140777,0.7685155186336488,0.444887968711555,15.193539797155124
0.10453539458103478,0.2870908519253135,0.0751238523516804,0.03920301259495318,0.5909527267795056,0.8380496902391315,0.441295976517722,0.6376484800130129,0.806855343747884,0.6556392312049866,7.914124847830328
0.487032410223037,0.09982684487476945,0.10816823015920818,0.47757125413045287,0.7149534709751606,0.6380695754196495,0.8770296087022871,0.9063789865467697,0.9343080322723836,0.4822340328246355,13.265014869762314
0.8658337912056595,0.23962378478609025,0.036297614220529795,0.9076341460458934,0.3439009396824986,0.44647255493327975,0.19610152929089963,0.7462004250846803,0.23003421514295042,0.9367988337762654,21.873176411024346
0.179965014802292,0.7982700034044683,0.3622704138979316,0.9533710747491568,0.9375775365624577,0.12022930686362088,0.5021468319464475,0.7427771901711822,0.935317205497995,0.7457724679261446,17.16836617234858
0.10968433879315853,0.36264804168604314,0.55959706264548,0.40855921688489616,0.15085731097497046,0.05379107780754566,0.7426629711408168,0.7362656269688159,0.0657286865171045,0.4691741429269314,6.120423694295097
0.5237759500741959,0.6148616806603968,0.5907023400068283,0.24430030770599842,0.888450990896672,0.10612464812584221,0.7662583847995847,0.3990191745106131,0.6452378539834172,0.09879805310629308,16.641287535289024
0.1807785271666944,0.8219660818576813,0.3341750430408865,0.024184745736420155,0.02683537476696074,0.7286401379387826,0.6360244017560035,0.6423159786500037,0.9477686493191868,0.4796012337319553,4.737578576714067
0.9071339447982609,0.5754377795383334,0.25361614511348307,0.8138689082115889,0.8880625902675092,0.7832807409577072,0.14386401884257793,0.7042679672595114,0.7044127979315817,0.43089053267613053,24.162547604893426
0.24508213391527534,0.8873366920743138,0.7736294420901686,0.7006207064259797,0.41261216974817216,0.8245344702154398,0.9115253344643861,0.024818464647978544,0.031779690412804484,0.8576654642820358,16.285349967100704
0.6936816424131393,0.37286242679692805,0.3291691041085869,0.46170788421295583,0.4029541884083301,0.9095897839870304,0.5482506202533841,0.7831469611264765,0.8766006035730243,0.3503864472731948,14.056413322243872
0.16013952577486634,0.5721675748936832,0.32155623100697994,0.40707550290971994,0.15876138140447438,0.9322841435205191,0.9524595336988568,0.7477463358081877,0.04151431587524712,0.8375204377807677,9.484006454529698
0.564689819002524,0.10304010356776416,0.7645028315018862,0.6067982048261911,0.1668232826050371,0.9999904027208686,0.5815347116440535,0.19242989807389677,0.9740473832935095,0.3692345244344324,9.29249758442174
0.20826467778533697,0.2469107722863555,0.5379422109108418,0.6653394841123372,0.09952986356802285,0.7719778479076922,0.41457973094657063,0.680063639068976,0.6099342822562903,0.10544624063186347,6.578001291733885
0.9812705614604056,0.9263284704647958,0.03671654127538204,0.3152537648566067,0.6360240601934493,0.40835018805228174,0.5774175049737096,0.12292047729715705,0.6782903808634728,0.7945794751867652,13.322131352352935
0.6886640302836895,0.5564689957536757,0.6599912235978991,0.47979803988710046,0.12223258102312684,0.6059151117224246,0.85344531503506,0.07226820383220911,0.4657736571971327,0.6155757803935558,15.680736814091299
0.38552835932932794,0.5863013206981122,0.49186074221506715,0.7954342444427311,0.8501288869883865,0.40310560050420463,0.37629371881484985,0.4143858749885112,0.6605134843848646,0.3415332166478038,19.012743476491945
0.3091037606354803,0.6351770695764571,0.42332022194750607,0.6897220434620976,0.12568980734795332,0.36919291922822595,0.9732202207669616,0.8262910114135593,0.6526450957171619,0.12119582062587142,14.311480083021877
0.4094213575590402,0.7767073099967092,0.9528846123721451,0.590992950135842,0.3072262762580067,0.9180972641333938,0.6083082938566804,0.7789675679523498,0.35280331410467625,0.0912818806245923,19.763075654982377
0.14562657568603754,0.3776539883110672,0.8848756207153201,0.9464156632311642,0.657884995220229,0.21935599157586694,0.653858388075605,0.36664143367670476,0.06870051985606551,0.02276828745380044,15.369185407262734
0.8394637261517346,0.09260346251539886,0.2144206988159567,0.6297413604333997,0.4262496707960963,0.09145668847486377,0.2543807637412101,0.2150523462332785,0.2647611629217863,0.369105531135574,11.999932407101163
0.8633848330937326,0.8487374519463629,0.17211251938715577,0.8387689460068941,0.31259603053331375,0.35600065253674984,0.10201767249964178,0.46375548955984414,0.8497972525656223,0.3545450051315129,18.179575792927682
0.009197713807225227,0.46313719428144395,0.2664034948684275,0.848916120827198,0.3074082122184336,0.7339893979951739,0.4059517220593989,0.6900403327308595,0.28841423033736646,0.7371589292306453,12.724276632172133
0.9863105246331543,0.8849744247272611,0.35590850678272545,0.9875464150682092,0.5300974522251636,0.3312298518139869,0.3812350779771805,0.8595893282908946,0.4476237543858588,0.6800750873517245,16.331074191084635
0.5742857384029776,0.4877097543794662,0.09486063825897872,0.3527502124197781,0.1706131505779922,0.32194085186347365,0.5491725674364716,0.5188238327391446,0.8833321556448936,0.054547446547076106,16.58811151048832
0.8437748090364039,0.16258454485796392,0.31387766217812896,0.518028000369668,0.4949709491338581,0.011410044273361564,0.18456313922069967,0.29611850273795426,0.7122690202668309,0.6530767269432545,11.282434485333983
0.5512402660679072,0.007326359394937754,0.752649239031598,0.9311223896220326,0.8871307233348489,0.5010282355360687,0.334957433398813,0.9601120429579169,0.17728961957618594,0.40476005524396896,14.96923066729799
0.025606945157051086,0.4992928262799978,0.004431149223819375,0.07718191179446876,0.7199888147879392,0.774607993196696,0.8750913150142878,0.03513989597558975,0.4552688179537654,0.7527241017669439,9.342254494347177
0.6641560140997171,0.0451414012350142,0.6209209789521992,0.6025713835842907,0.1604609154164791,0.386654555099085,0.2368660040665418,0.856290198629722,0.5483630772214383,0.06682431418448687,6.675816747988979
0.6054298446979374,0.8406039054971188,0.6729959743097425,0.7786597141530365,0.49965046090073884,0.8484264987055212,0.0690729666966945,0.1384249860420823,0.7481728938873857,0.35160361020825803,20.85176599857474
0.8161884171422571,0.45510763861238956,0.44761629891581833,0.39520653267391026,0.06667185435071588,0.41450577741488814,0.2110138824209571,0.9797028277534992,0.43808139278553426,0.48595073469914496,12.743160593692686
0.634418310597539,0.31616034684702754,0.2937224367633462,0.04821006185375154,0.4113098122179508,0.34087451407685876,0.9686722815968096,0.32098956778645515,0.8599650228861719,0.6039293599314988,9.224078483602321
0.5262379013001919,0.8136509587056935,0.00769653357565403,0.39975845301523805,0.31615498499013484,0.4710949866566807,0.7601593085564673,0.22217397089116275,0.5144367280881852,0.2473311962094158,19.661337403882733
0.07298226864077151,0.6154227866791189,0.28784327348694205,0.13180856523104012,0.49399955687113106,0.9487747002858669,0.32169493241235614,0.3999163624830544,0.5480561931617558,0.8120091003365815,6.806604902836958
0.15576578793115914,0.2752061355859041,0.0005615116097033024,0.8515396320726722,0.8745027375407517,0.23869798937812448,0.7190215424634516,0.36717102117836475,0.08849315531551838,0.23654850758612156,19.45173151271089
0.5952737368643284,0.5698564120102674,0.43862130329944193,0.5007713928353041,0.2764637558721006,0.3257099536713213,0.9882114150095731,0.23285693558864295,0.052928547374904156,0.06183758075349033,14.920182744385906
0.8897381580900401,0.517866593087092,0.5811597402207553,0.11867771879769862,0.40803211950697005,0.37940014991909266,0.635435972828418,0.32556911720894277,0.32099015382118523,0.7626047050580382,12.734662215190667
0.45616069436073303,0.2531066669616848,0.3003813799005002,0.7815473736263812,0.8118560875300318,0.11525423009879887,0.013589574489742517,0.33187795360572636,0.39888675860129297,0.0877341884188354,15.995675466346999
0.798023508861661,0.19560843100771308,0.11868161312304437,0.07372524589300156,0.48707118979655206,0.5305625528562814,0.754604518879205,0.14796951040625572,0.03776949201710522,0.004991547204554081,10.690857572880905
0.8747515142895281,0.9772386336699128,0.7099280687980354,0.21517762704752386,0.09636377217248082,0.1946150551084429,0.9293894490692765,0.8198206785600632,0.4733667268883437,0.28938495903275907,8.809205478432432
0.5488220059778541,0.4653176513966173,0.26655784249305725,0.3209042507223785,0.6063577134627849,0.5980313012842089,0.6523092852439731,0.7266890723258257,0.8505748899187893,0.8483109828084707,13.30576980787473
0.46220459323376417,0.7851762836799026,0.3332906358409673,0.11919751577079296,0.31412067892961204,0.8206664405297488,0.8458032396156341,0.8975486804265529,0.1498629478737712,0.9809259546454996,13.248775400933937
0.2653867055196315,0.16927225864492357,0.8083006765227765,0.7130392878316343,0.5594004201702774,0.5765158657450229,0.7890136251226068,0.5624268723186105,0.028464251896366477,0.013081296579912305,13.955960271801118
0.8550004924181849,0.8047158436384052,0.38302200799807906,0.04704760666936636,0.02496647206135094,0.6993990654591471,0.29452617303468287,0.9210109876003116,0.23284184420481324,0.7409049409907311,7.569230399568956
0.4599634571932256,0.818391309119761,0.6397045315243304,0.03661821596324444,0.438610847806558,0.14916903339326382,0.8196104497183114,0.7977715928573161,0.2957256315276027,0.7460128497332335,13.22364324667656
0.9440201865509152,0.6142108668573201,0.22437249938957393,0.9201317399274558,0.7845546421594918,0.36285598343238235,0.7111187065020204,0.4636845358181745,0.12853811751119792,0.7857032183092088,23.354065482836834
0.6435741817113012,0.7605401517357677,0.4340270773973316,0.42603530874475837,0.7674580956809223,0.203038624022156,0.7790648995433003,0.4199956879019737,0.6046427686233073,0.30376465478911996,19.3722529206886
0.5908104907721281,0.7652893336489797,0.8266058608423918,0.6608876914251596,0.5108396713621914,0.5113577484153211,0.3735076829325408,0.9608604761306196,0.1519119346048683,0.25949654122814536,20.327161593304734
0.6500279130414128,0.33344215946272016,0.5676904269494116,0.8573729910422117,0.07175499456934631,0.8059935397468507,0.11171879735775292,0.9015803933143616,0.0817490539047867,0.09969990444369614,14.62525944720742
0.7948160949163139,0.0139032993465662,0.9531688238494098,0.5845869686454535,0.5462078468408436,0.9445556565187871,0.02343872608616948,0.14132302533835173,0.11844875011593103,0.8418769694399089,11.539229950383964
0.8647808148525655,0.6219985466450453,0.5661344742402434,0.8001181290019304,0.6246375592891127,0.9269565118011087,0.029296887572854757,0.8704825951717794,0.27600077586248517,0.6813262128271163,20.131491177843678
0.4661610445473343,0.8013630683999509,0.03572425921447575,0.44036040105856955,0.631705972366035,0.5663662033621222,0.4747836231254041,0.18803943484090269,0.8210149193182588,0.4426906337030232,20.850486628708676
0.48025195416994393,0.39199072355404496,0.7974111407529563,0.08954102196730673,0.9216163563542068,0.42780686542391777,0.02639576094225049,0.24221751186996698,0.9196814154274762,0.5818441656883806,12.825528237257704
0.8206757118459791,0.6954742108937353,0.12052534567192197,0.4331729910336435,0.309446174884215,0.760389611357823,0.04363508592359722,0.6335956980474293,0.1594612211920321,0.22434933693148196,18.239539579850312
0.6146313403733075,0.7097774685826153,0.4795956446323544,0.8896358974743634,0.247180090053007,0.9977667958009988,0.6775457488838583,0.6083338127937168,0.7984732617624104,0.07274896372109652,19.67640436834259
0.6441252478398383,0.4571670147124678,0.3081585301551968,0.651990576647222,0.9577274157200009,0.9325453974306583,0.5536367876920849,0.7349816858768463,0.1002551659476012,0.8925011132378131,21.31222461879954
0.8591324232984334,0.6452935864217579,0.060659106355160475,0.2859102124348283,0.45357235078699887,0.7396290996111929,0.024217613507062197,0.7075369514059275,0.5699595094192773,0.8468082984909415,20.303659488634885
0.4757336948532611,0.9510998241603374,0.09725582599639893,0.6551043447107077,0.12836874229833484,0.6091863170731813,0.6875555594451725,0.5206253833603114,0.8291224932763726,0.47022898425348103,21.01367994695011
0.5541930263862014,0.24715618952177465,0.9204625098500401,0.8609164978843182,0.02942098444327712,0.43711650860495865,0.02450903970748186,0.9726927678566426,0.5411484488286078,0.5082084017340094,17.237406619232367
0.48555789422243834,0.5018107984215021,0.6617958243004978,0.8492313774768263,0.01647873315960169,0.11507097654975951,0.5605879949871451,0.39768574736081064,0.5569387190043926,0.5922146367374808,16.367920264709575
0.7621083201374859,0.43623600085265934,0.8187623268458992,0.7442094853613526,0.6661278053652495,0.7836813903413713,0.7348159407265484,0.981820659711957,0.8211697896476835,0.3145912198815495,18.965403321065146
0.6898606149479747,0.6175756868906319,0.8426030208356678,0.270887138787657,0.9803425266873091,0.76852843654342,0.02957356977276504,0.7292501193005592,0.54722242616117,0.46272528800182045,19.855369697856933
0.5075865304097533,0.06810281169600785,0.39649622747674584,0.25056204735301435,0.647728884825483,0.9312001729849726,0.17527922801673412,0.22067087865434587,0.060214429162442684,0.09344470105133951,6.987844432465467
0.23793898336589336,0.40643648291006684,0.7750545800663531,0.4393040391150862,0.5792077661026269,0.37312804558314383,0.6920026249717921,0.8602281578350812,0.12149912654422224,0.6182529754005373,12.376503456234541
0.9229604080319405,0.17390526714734733,0.906675169011578,0.47064343141391873,0.9239905176218599,0.5585748446173966,0.6323273067828268,0.43608824885450304,0.8574463450349867,0.5918467096053064,17.38976203868546
0.3955714823678136,0.22642424935474992,0.17418444016948342,0.9219268183223903,0.8534761532209814,0.7845422900281847,0.48404071666300297,0.5904239502269775,0.2935294141061604,0.17377542052417994,20.499767476185994
0.7753238109871745,0.11749795661307871,0.9330312691163272,0.6470763934776187,0.24955999990925193,0.05143644451163709,0.9257343856152147,0.7758916851598769,0.5807079717051238,0.09253723989240825,15.288374366088863
0.8743267948739231,0.616307302378118,0.7673912025056779,0.917597105493769,0.035502531100064516,0.06426229584030807,0.8612130035180598,0.9078804566524923,0.5089496227446944,0.0955880805850029,21.44676499310861
0.624532523099333,0.09298263653181493,0.5058309603482485,0.8360239448957145,0.11831573769450188,0.9519137942697853,0.5594762007240206,0.6482721408829093,0.6763066537678242,0.7559312924277037,11.544695298281027
0.3776901310775429,0.09921279991976917,0.2904373900964856,0.7814194976817816,0.32454570988193154,0.27939406991936266,0.5452313150744885,0.06364235957153141,0.5460337370168418,0.5155811964068562,11.331869958944832
0.2525803397875279,0.803130914689973,0.6186496692243963,0.16243395814672112,0.9788071664515883,0.5454771376680583,0.6251718376297504,0.9153070857282728,0.6377987368032336,0.3479324250947684,14.462622087258023
0.10275499033741653,0.49201928288675845,0.7031634037848562,0.5413440335541964,0.3589121194090694,0.4376182232517749,0.4917912103701383,0.48708767141215503,0.08429228165186942,0.22643940756097436,10.410538832489372
0.7837094562128186,0.10566350631415844,0.23837269586510956,0.997487319400534,0.8503976312931627,0.8441368469502777,0.35131712490692735,0.9859335783403367,0.7877844476606697,0.08872782462276518,19.009226333962395
0.738088168669492,0.5493830621708184,0.5713626514188945,0.8646422401070595,0.7248440815601498,0.08631641627289355,0.7699902059976012,0.960160409566015,0.9672037186101079,0.37270761956460774,22.093878709320485
0.27877092477865517,0.01327546639367938,0.040173168294131756,0.5053282391745597,0.5852667985018343,0.7852670878637582,0.3674279870465398,0.1872019823640585,0.7074559913016856,0.4512266784440726,13.031624821476392
0.9529485115781426,0.6611283316742629,0.4234575286973268,0.4958555097691715,0.8043891431298107,0.14475813112221658,0.34402837161906064,0.5721622961573303,0.3679820403922349,0.010818338254466653,17.631087908239447
0.48816410498693585,0.5157876394223422,0.12371132103726268,0.9118812682572752,0.5947275287471712,0.4347650876734406,0.767976202070713,0.4183564044069499,0.7878004931844771,0.37030349881388247,22.843724481296054
0.5039913579821587,0.30873294454067945,0.7491358462721109,0.6091040470637381,0.4003654853440821,0.9164747374597937,0.7149496916681528,0.30606918153353035,0.5568345964420587,0.4306016843765974,13.54940586279641
0.9812978084664792,0.27536609838716686,0.7907508506905288,0.16129546659067273,0.31113149831071496,0.7533768499270082,0.8520563757047057,0.2980999618303031,0.7887066153343767,0.1578054705169052,12.183624380029087
0.4037810054142028,0.3900985214859247,0.9714756954926997,0.2415633462369442,0.8584139980375767,0.4673238343093544,0.6949518071487546,0.5502875819802284,0.8235077396966517,0.19690670049749315,17.50367996530132
0.19847974204458296,0.30537590221501887,0.2976271652150899,0.650688230060041,0.41934120771475136,0.7894326252862811,0.3420397765003145,0.6295627204235643,0.11928338441066444,0.557588400086388,11.060689906673765
0.44735903409309685,0.6494190720841289,0.9631049537565559,0.4528088686056435,0.6775757160503417,0.9412086845841259,0.29304213682189584,0.46574578364379704,0.8052741857245564,0.37141661159694195,19.41337679926497
0.04886778397485614,0.05301092006266117,0.14913705457001925,0.5801983401179314,0.5484389676712453,0.5807737719733268,0.4302797904238105,0.23860556562431157,0.21429870673455298,0.5894655119627714,10.720875409015253
0.23635908518917859,0.3010340833570808,0.15565132745541632,0.16271561081521213,0.40038667200133204,0.666674348525703,0.8971756203100085,0.32503517623990774,0.5641137096099555,0.01847910019569099,7.077505713581719
0.314425406511873,0.4299252931959927,0.43351893685758114,0.30014085373841226,0.5777042303234339,0.7316841545980424,0.8848431650549173,0.7710244411136955,0.9127403348684311,0.1902142351027578,9.708600230352339
0.1650920605752617,0.02868601307272911,0.3008832468185574,0.2355677008163184,0.10047262744046748,0.909874313743785,0.47321502096019685,0.3730922304093838,0.27987611945718527,0.9748159640002996,3.883225795545565
0.7755325553007424,0.46823859680444,0.6534691143315285,0.2831794274970889,0.5638520366046578,0.4247820246964693,0.2215538383461535,0.014459477504715323,0.9103318615816534,0.7059083061758429,14.937638354636274
0.5827011275105178,0.7908676927909255,0.8219574294053018,0.7426805787254125,0.9275699774734676,0.16325766663067043,0.6463649037759751,0.15269359853118658,0.21494307881221175,0.4758473269175738,24.35515452347126
0.02947405818849802,0.9089697257149965,0.572698793374002,0.5564653119072318,0.5930833260063082,0.3203771107364446,0.8512364942580462,0.15210561081767082,0.6159848456736654,0.5032856483012438,9.88912466437997
0.4351087464019656,0.8340169859584421,0.908985510468483,0.814316667849198,0.62389264581725,0.7093254704959691,0.043662312207743526,0.7230727295391262,0.5815055281855166,0.43990709632635117,25.215623826762435
0.8282448335085064,0.7642619302496314,0.9048517013434321,0.9305665520951152,0.7590213250368834,0.6530452356673777,0.10412620101124048,0.2059963229112327,0.18626196100376546,0.7241709385998547,26.6846600066081
0.3542765658348799,0.2120316328946501,0.011954203713685274,0.3129038126207888,0.9579146723262966,0.6314302396494895,0.4746589967980981,0.298455526586622,0.43904178007505834,0.43892541737295687,14.677097912833304
0.615740466164425,0.3463430036790669,0.9661061801016331,0.9480838244780898,0.08162718452513218,0.2919768171850592,0.024966040858998895,0.6178172240033746,0.5722704941872507,0.48895870824344456,20.81415357492612
0.6538998091127723,0.5264427235815674,0.24352882476523519,0.04927984904497862,0.19983055535703897,0.9467791286297143,0.38447453593835235,0.2676280145533383,0.3284093802794814,0.2056638328358531,11.403942843481417
0.8009491935372353,0.15312692103907466,0.8109181690961123,0.6081388008315116,0.743248948128894,0.5380833861418068,0.5333651273977011,0.7033253186382353,0.2093537226319313,0.845954196061939,14.98959626769994
0.1772901169024408,0.3663477720692754,0.07905513560399413,0.533653958234936,0.15252873324789107,0.5060713940765709,0.6582642870489508,0.5033820583485067,0.9306644988246262,0.8813597734551877,12.45955498170712
0.38409730326384306,0.656824667006731,0.04066385352052748,0.362909397110343,0.32469333545304835,0.13645949913188815,0.7236892557702959,0.7015325026586652,0.6396292266435921,0.9048025931697339,16.772704672087645
0.6099029981996864,0.29384852619841695,0.007246985798701644,0.26241479883901775,0.697980597615242,0.5753253155853599,0.22848344431258738,0.5221993608865887,0.7823926275596023,0.6781280641444027,15.196771984698
0.41146515775471926,0.6240261329803616,0.026933089829981327,0.029059470864012837,0.3612377664539963,0.17252413975074887,0.3027767767198384,0.03328078892081976,0.8238195981830359,0.6152331477496773,12.864918425500921
0.9398582081776112,0.7853011880069971,0.6928910692222416,0.2162873176857829,0.4610957205295563,0.34591886238195,0.18619072786532342,0.8606470576487482,0.9233279370237142,0.4382798981387168,12.416366366872191
0.726887040073052,0.3899210365489125,0.9484583763405681,0.6321247960440814,0.5576228538993746,0.15822771145030856,0.7524273868184537,0.07442807941697538,0.9884986609686166,0.16552942735143006,20.21290721395569
0.011427880264818668,0.6242168594617397,0.6535376675892621,0.47053914214484394,0.7112893105950207,0.04497713106684387,0.7259896416217089,0.5825434448197484,0.6567804021760821,0.3766411351971328,9.887245514679066
0.44869516300968826,0.47635214193724096,0.021181602496653795,0.4549735530745238,0.971565937390551,0.19187533482909203,0.29682726692408323,0.9299494726583362,0.005806291243061423,0.8324463306926191,20.12292916389512
0.09576856810599566,0.9026652309112251,0.21844497602432966,0.42391700204461813,0.2861915621906519,0.7140861337538809,0.34980148589238524,0.990082526113838,0.5411525308154523,0.49892879044637084,9.85584423794972
0.9238890181295574,0.5027860570698977,0.11500568175688386,0.13576653925701976,0.8857262849342078,0.28786056605167687,0.9285880215466022,0.6295092296786606,0.9733441788703203,0.7632428088691086,20.312624162465756
0.3019601290579885,0.11563684465363622,0.7074358770623803,0.8398254332132638,0.008630192838609219,0.19064460624940693,0.6163119396660477,0.3749394346959889,0.42591245798394084,0.8721181056462228,10.793698307619222
0.2723265893291682,0.7739876916166395,0.7930824621580541,0.5698814438655972,0.17360167019069195,0.6441382344346493,0.28012522868812084,0.26805240800604224,0.06371922139078379,0.44632099266164005,13.419251142093836
0.7443673121742904,0.5967854054179043,0.6313415858894587,0.37025435804389417,0.8878578001167625,0.2971788765862584,0.7035149831790477,0.1369377002120018,0.8176556807011366,0.06017700978554785,18.26875874724525
0.28908781916834414,0.8533986757975072,0.1892262038309127,0.6233190384227782,0.9183789724484086,0.39522165688686073,0.7791970800608397,0.4047483049798757,0.8252753280103207,0.19189222063869238,18.87409039105653
0.9704609082546085,0.018197294790297747,0.9422385357320309,0.3356489904690534,0.5524993515573442,0.28012784267775714,0.46120612043887377,0.5787326055578887,0.5112344552762806,0.6029228935949504,9.354932212809684
0.17820445005781949,0.2657816424034536,0.8695699234958738,0.32758024195209146,0.3879064715001732,0.04110087710432708,0.8283416836056858,0.4436146237421781,0.14536198740825057,0.7695743299555033,8.911486602762311
0.43274202034808695,0.13599570118822157,0.5887591051869094,0.4935050308704376,0.8456159099005163,0.25032333959825337,0.041554003255441785,0.022221954073756933,0.6441402833443135,0.9629857731051743,10.802553252190043
0.7945948475971818,0.5609018821269274,0.6233758481685072,0.015648126369342208,0.8765982540789992,0.9702731922734529,0.537720093736425,0.09901301469653845,0.7388463742099702,0.2391130020841956,14.461921557366157
0.25967732910066843,0.03978005540557206,0.520019355462864,0.4121121824719012,0.9694815794937313,0.31174076348543167,0.9518014076165855,0.18173495260998607,0.30334106273949146,0.40380300069227815,7.89858751810315
0.09068907285109162,0.02142840577289462,0.5111816974822432,0.9045580320525914,0.42952350503765047,0.11258145025931299,0.013135034358128905,0.37447717669419944,0.5776776152197272,0.41324800346046686,10.650177413378382
0.5094992264639586,0.8357057275716215,0.9352165246382356,0.41291569196619093,0.27629009750671685,0.5514683674555272,0.22168921772390604,0.019472833489999175,0.6600870108231902,0.556622326374054,18.17111458622037
0.20558553910814226,0.5916078891605139,0.21129567339085042,0.9927655174396932,0.7894712300039828,0.6242535265628248,0.5758535780478269,0.7876385210547596,0.746846177149564,0.4822508560027927,18.607167047491444
0.6055827853269875,0.036500901682302356,0.9888117364607751,0.4474065185058862,0.5393827252555639,0.49055769853293896,0.7712885960936546,0.2952421170193702,0.26193613139912486,0.47499751998111606,12.795040059430992
0.18080743891187012,0.056103933369740844,0.29609451023861766,0.6677910827565938,0.43227395159192383,0.6981810799334198,0.7263078480027616,0.7655683166813105,0.8876503685023636,0.48055867245420814,8.870511218494565
0.11305909557268023,0.33369473763741553,0.3870239539537579,0.03768527205102146,0.41289068991318345,0.15793464402668178,0.112712646368891,0.07190518896095455,0.9786683165002614,0.2661099324468523,2.586186253987428
0.18923488981090486,0.7365145934745669,0.1869111757259816,0.21901153796352446,0.08978713303804398,0.7621153637301177,0.5391922332346439,0.2681983469519764,0.5793922694865614,0.8205049049574882,8.314780351843313
0.21275007398799062,0.23246296332217753,0.15843222220428288,0.08971206517890096,0.0695958046708256,0.7184327591676265,0.3183160328771919,0.2093531284481287,0.47037194203585386,0.5894614062272012,5.729917096537755
0.98496726131998,0.5447774978820235,0.43840842274948955,0.546125584281981,0.129466587677598,0.732207992579788,0.4746974625159055,0.002071944298222661,0.9826281510759145,0.033507282845675945,15.682937432028549
0.8343387632630765,0.1815516611095518,0.9276946175377816,0.23800824931822717,0.7304337702225894,0.4831572021357715,0.5936291124671698,0.8381437349598855,0.5132609247229993,0.4737335171084851,15.42060914703259
0.37175838090479374,0.044289251090958714,0.2741237615700811,0.5482821662444621,0.7674560968298465,0.6818488487042487,0.7628022588323802,0.06606837455183268,0.8348177813459188,0.8016958837397397,9.65286464942413
0.23717575380578637,0.32072769734077156,0.5370113886892796,0.5764271887019277,0.08344223164021969,0.061836730455979705,0.2566843463573605,0.3740319071803242,0.15589889837428927,0.9923163859639317,8.478499008915062
0.2820720858871937,0.689147895667702,0.13793681235983968,0.7176690001506358,0.21271741995587945,0.9402176521252841,0.9661373358685523,0.6536726835183799,0.3038554408121854,0.38225353695452213,17.921704832422996
0.5130970114842057,0.26333016413263977,0.7963296356610954,0.49877742561511695,0.5787711003795266,0.5919733738992363,0.8571702395565808,0.22340962826274335,0.600772637873888,0.8582292157225311,12.535620941089993
0.8716060614679009,0.7017111675813794,0.22086143400520086,0.9033655237872154,0.3454689721111208,0.1604186031036079,0.7505198591388762,0.4930640591774136,0.06165429297834635,0.47478374978527427,20.9474052091444
0.09329959121532738,0.5312231564894319,0.9619007934816182,0.32881207298487425,0.4296979564242065,0.9097437767777592,0.5554224892985076,0.5812594837043434,0.5587477197404951,0.5099504268728197,12.204594233979131
0.057218052446842194,0.46448300150223076,0.38646103302016854,0.8273196497466415,0.8841283451765776,0.574642835650593,0.6774070495739579,0.023543930146843195,0.4293766689952463,0.9485228788107634,16.205064432536684
0.44720767554827034,0.8185503771528602,0.281984023982659,0.30944215320050716,0.9362437247764319,0.0506379003636539,0.30790786957368255,0.9343087698798627,0.6810821483377367,0.9548469171859324,16.547707481567492
0.21232312615029514,0.1455719550140202,0.6607967240270227,0.74245551135391,0.26852078130468726,0.4481530301272869,0.4486698310356587,0.5996442129835486,0.4180508458521217,0.47658016765490174,10.462146041462834
0.7240360802970827,0.4692717541474849,0.6564646447077394,0.8817566772922873,0.9452914621215314,0.5034731631167233,0.1840172791853547,0.34939537290483713,0.1901854327879846,0.5653066097293049,21.64309689178959
0.6994643926154822,0.39335805433802307,0.4909493522718549,0.9883609684184194,0.14371141768060625,0.7640768433921039,0.8268540978897363,0.3312654697801918,0.3382276783231646,0.9412679891102016,18.276114127812416
0.5866485370788723,0.9663168240804225,0.7695686772931367,0.7275057446677238,0.2048267622012645,0.424254905898124,0.32155538140796125,0.13579726219177246,0.7010954834986478,0.9889938947744668,18.303744490143043
0.5699445537757128,0.19850843818858266,0.18629695591516793,0.48122225143015385,0.6116313703823835,0.9767139253672212,0.8521522900555283,0.934600772568956,0.226456212811172,0.7468691405374557,15.438284429764558
0.25259672151878476,0.45480372034944594,0.632749447831884,0.22886308562010527,0.052409568103030324,0.6341155664995313,0.05586672085337341,0.23152409703470767,0.614513294538483,0.6711634173989296,6.223000309853409
0.10327031463384628,0.7912132984492928,0.062290048226714134,0.6150210003834218,0.6005233868490905,0.8661708615254611,0.4940841200295836,0.37654367508366704,0.48358451877720654,0.5365735264495015,15.366470244264296
0.9914496492128819,0.6395397293381393,0.24464942910708487,0.2932834478560835,0.21805762313306332,0.0910435738041997,0.025656200479716063,0.9982098222244531,0.7972402828745544,0.8744083014316857,13.44266423582155
0.456018352182582,0.46044205757789314,0.11491760704666376,0.3782352863345295,0.2730086464434862,0.8961799675598741,0.5551232846919447,0.7998712849803269,0.6279295082204044,0.2947015769314021,13.220171742438989
0.6669040662236512,0.6215913298074156,0.33540355088189244,0.8447332540526986,0.3419906413182616,0.8298282416071743,0.07569514261558652,0.22829761891625822,0.4410048141144216,0.8077137917280197,20.633446124296498
0.3454272225499153,0.8807385901454836,0.3591219384688884,0.9901661714538932,0.3721613520756364,0.9156953496858478,0.04091488989070058,0.9176105898804963,0.03068102989345789,0.30799258942715824,19.350227169052033
0.3496754178777337,0.9759079068899155,0.7844908984843642,0.7111043720506132,0.012685285648331046,0.9945426865015179,0.9314897076692432,0.26724952389486134,0.25096725206822157,0.8786204583011568,16.66212299398798
0.9930168963037431,0.9073154965881258,0.38493329915218055,0.35282253031618893,0.6135296102147549,0.5101964245550334,0.4990402313414961,0.1551004247739911,0.23486477206461132,0.3348982613533735,10.186464314500325
0.6885195304639637,0.7680474240332842,0.24106403067708015,0.5424963310360909,0.5610003988258541,0.009507214184850454,0.39508458552882075,0.9167317529208958,0.7181299855001271,0.8834176429081708,19.75808397340845
0.025859419023618102,0.6637582955881953,0.3001025684643537,0.870467116124928,0.6145661044865847,0.4840156079735607,0.577957168687135,0.13853793777525425,0.7642864482477307,0.7381175782065839,13.410976731372802
0.5115457905922085,0.355979852611199,0.8066536067053676,0.04388085543178022,0.467767633497715,0.07181208021938801,0.5314893808681518,0.8186636487953365,0.6108015268109739,0.4975871224887669,9.665296277880437
0.6136371528264135,0.3627404049038887,0.6557122685480863,0.19599741837009788,0.25581666245125234,0.3730412181466818,0.050863533513620496,0.7601632981095463,0.19359860476106405,0.43448236025869846,9.564504967676571
0.3635192031506449,0.6345061264000833,0.9259022292681038,0.07287609274499118,0.11803860869258642,0.3884140783920884,0.06429883348755538,0.7257517559919506,0.30945274652913213,0.2349862747360021,11.45380767768515
0.0920255808159709,0.8359633577056229,0.4944002467673272,0.8338000546209514,0.7158296999987215,0.6031361932400614,0.5106242368929088,0.8651106234174222,0.31336015020497143,0.398876414867118,15.902880874145755
0.8690560190007091,0.6477248927112669,0.9242477351799607,0.8680890726391226,0.15580405783839524,0.26596763310953975,0.0842655545566231,0.6608801428228617,0.41931021702475846,0.5137266754172742,23.172496198363802
0.35667112562805414,0.006348642520606518,0.4610676581505686,0.42819801694713533,0.16217752825468779,0.49357996601611376,0.6974108882714063,0.7449153470806777,0.7516737405676395,0.5442162465769798,6.65722202637227
0.979201735695824,0.8540435745380819,0.4621162647381425,0.9089127560146153,0.1918127303943038,0.4072640757076442,0.8374162712134421,0.2734406474046409,0.4353979716543108,0.9323075953871012,13.94425422184404
0.07529283431358635,0.8415299537591636,0.13012119196355343,0.4392725683283061,0.7803366368170828,0.4163976297713816,0.27523558074608445,0.7012711013667285,0.9229771243408322,0.027945700800046325,14.127963550077542
0.769679015269503,0.23473967937752604,0.5095036434940994,0.10766483028419316,0.5171697472687811,0.8482528303284198,0.2755234690848738,0.295354625210166,0.32713936385698617,0.1425663591362536,9.879006475306756
0.030458231223747134,0.22879993706010282,0.4028753754682839,0.30537396809086204,0.5404533741530031,0.6995568792335689,0.7935651622246951,0.43197146407328546,0.2912659158464521,0.2243761697318405,6.660096797712909
0.6656601855065674,0.8100101323798299,0.5791052728891373,0.14546263427473605,0.945192699553445,0.45795162697322667,0.02047444856725633,0.4599052732810378,0.8382421154528856,0.09992800327017903,15.503085651862607
0.29279061732813716,0.7602175569627434,0.4722240287810564,0.2615625960752368,0.388852063100785,0.10825128830038011,0.9691837509162724,0.7932683157268912,0.2922604479826987,0.6414021519012749,10.645357679494852
0.1085032420232892,0.6282094907946885,0.32015974330715835,0.7770611646119505,0.8117101965472102,0.5369459956418723,0.575763861881569,0.4911711507011205,0.34592346870340407,0.4430023110471666,16.638651781206757
0.047558750957250595,0.4785085169132799,0.47541518881917,0.9580560463946313,0.1629756789188832,0.21781294490210712,0.8154543205164373,0.40858200192451477,0.9618375285062939,0.5893650820944458,11.657723909549167
0.6506325737573206,0.9486847715452313,0.07681559771299362,0.5361953338142484,0.1408819507341832,0.1528712820727378,0.6905791573226452,0.08931384375318885,0.7673752577975392,0.8295933390036225,18.409578386789132
0.2224355812650174,0.9478437139187008,0.09909382392652333,0.45156803959980607,0.963316612644121,0.267716056201607,0.8759604936931282,0.6147280519362539,0.99543990008533,0.09998893714509904,17.076977924032743
0.8885899048764259,0.0811593309044838,0.25577686028555036,0.7059135229792446,0.8932687845081091,0.8192868062760681,0.259574921336025,0.7796387486159801,0.3038473972119391,0.030636776238679886,13.660902517398974
0.8971276369411498,0.9080137929413468,0.684554522158578,0.045496406964957714,0.8572580614127219,0.15436910395510495,0.5824861212167889,0.23132991045713425,0.31795811257325113,0.2264019032008946,12.007161588209383
0.6215688686352223,0.527208388550207,0.18735364126041532,0.6599325663410127,0.9485791851766407,0.8144029329996556,0.3120956998318434,0.33616908732801676,0.8165691588073969,0.36484747054055333,21.981662962853083
0.36984853353351355,0.050782720325514674,0.05914817261509597,0.7174108729232103,0.7609303251374513,0.009570265654474497,0.8547992284875363,0.4243871420621872,0.6455894310493022,0.5358022849541157,13.905301358128552
0.46452565188519657,0.048253136686980724,0.1962835481390357,0.42116212705150247,0.5224045370705426,0.47168880654498935,0.7640739118214697,0.33808457967825234,0.5283333547413349,0.1355900017078966,8.105280850387642
0.2130096813198179,0.22113988571800292,0.23272425308823586,0.7971413040068,0.9789712789934129,0.7637720305938274,0.015211047371849418,0.22312841610983014,0.01205233670771122,0.9848457663320005,16.87134259679434
0.5448265615850687,0.751250475179404,0.8086472891736776,0.7693645723629743,0.8336173824500293,0.2337297045160085,0.6292842552065849,0.7608044187072664,0.8175366357900202,0.657413111301139,23.382355633989995
0.2304644046816975,0.5606381746474653,0.6995183157268912,0.900118543766439,0.7635996360331774,0.30387058830820024,0.8478304352611303,0.43786765029653907,0.6769977665971965,0.6047186739742756,19.885508092240897
0.6017675849143416,0.19913911283947527,0.028964071068912745,0.011704365257173777,0.28119373647496104,0.6438443136867136,0.5546294611413032,0.17813422600738704,0.47008811705745757,0.11839213292114437,9.15472591278242
0.9941513643134385,0.9392367168329656,0.03970232675783336,0.6201898239087313,0.7908010161481798,0.8467446300201118,0.5523412423208356,0.3440933064557612,0.9472869653254747,0.502223834162578,15.60099528025401
0.3555353668052703,0.9336025512311608,0.5197948317509145,0.7600917490199208,0.17924242629669607,0.6887684911489487,0.16125644533894956,0.5805513572413474,0.7594509138725698,0.4354288149625063,16.31204114516022
0.3082064762711525,0.13376670330762863,0.7922821112442762,0.3906330605968833,0.002630762755870819,0.7553526731207967,0.5957102724350989,0.3264898133929819,0.2962057190015912,0.6341571384109557,7.552642787074833
0.7339423762168735,0.54588762531057,0.5871195658110082,0.6195299103856087,0.9863558223005384,0.73500149208121,0.140098329866305,0.13079242454841733,0.7727257173974067,0.602714751381427,20.59167314544129
0.3856086819432676,0.3152827706653625,0.9161645460408181,0.5932375325355679,0.9553990857675672,0.8748053607996553,0.7783342879265547,0.0858120983466506,0.774132413091138,0.8546779183670878,17.60813728615396
0.4587968369014561,0.8915070847142488,0.25016622617840767,0.16657913732342422,0.21722340513952076,0.561125555075705,0.1684790989384055,0.4988716198131442,0.2127187424339354,0.05021611391566694,14.800366137845185
0.6478993350174278,0.3415804726537317,0.05764180957339704,0.9826828807126731,0.7933685418684036,0.1325052329339087,0.7163430089130998,0.8192385111469775,0.7163684458937496,0.5145860540214926,24.05273516322316
0.8095509882550687,0.45296516991220415,0.3447429803200066,0.33919682377018034,0.6749800487887114,0.2349675188306719,0.23258583061397076,0.5729245182592422,0.9738610903732479,0.5580343890469521,15.498696575460928
0.6928515096660703,0.7768673256505281,0.44475334719754755,0.6208955496549606,0.037711427081376314,0.08269116654992104,0.4875123812817037,0.9609409407712519,0.4344057166017592,0.6018775976262987,17.096000766976214
0.7315708217211068,0.5355367353186011,0.570399257587269,0.35415550833567977,0.42039343481883407,0.5482875560410321,0.2452331716194749,0.841728714061901,0.16987228649668396,0.2962780287489295,14.021028343719445
0.881583632202819,0.7375697051174939,0.7655565715394914,0.8505946958903223,0.02098003262653947,0.3958172472193837,0.6597354963887483,0.34560987958684564,0.9556028668303043,0.3455292971339077,20.03162732210208
0.22390383970923722,0.1858173874206841,0.8720816646236926,0.07504511368460953,0.053719107527285814,0.6565693346783519,0.5510406098328531,0.3588601774536073,0.03161225141957402,0.1893484997563064,5.126687639688011
0.6727396789938211,0.07583255646750331,0.8179010022431612,0.36884630960412323,0.6610616107936949,0.2412961453665048,0.9236301376949996,0.11613349965773523,0.667149025015533,0.2323874137364328,11.010610096131346
0.3502166918478906,0.22281470149755478,0.36883068294264376,0.2297107030171901,0.8664580909535289,0.5356599560473114,0.2532440694049001,0.8969880379736423,0.817743718624115,0.5439349599182606,11.23572313898283
0.6059511515777558,0.08969911257736385,0.25373643287457526,0.10194291407242417,0.7651730170473456,0.6895127701573074,0.3967435376252979,0.5883016746956855,0.049397735856473446,0.07472858112305403,8.661308232509402
0.8095352335367352,0.6196259343996644,0.4870669022202492,0.5555159742943943,0.4468458336777985,0.028151662088930607,0.528923193924129,0.007448491407558322,0.9698289080988616,0.23841678583994508,17.674147560396406
0.8774709601420909,0.37882669596001506,0.0039596837013959885,0.15353457815945148,0.012775761540979147,0.3365260667633265,0.028466432355344296,0.10084209800697863,0.788696076720953,0.8237125943414867,16.22244236131634
0.5706259210128337,0.7099846366327256,0.8840199664700776,0.2502977349795401,0.6187602176796645,0.32719272933900356,0.40210744133219123,0.2775789469014853,0.2127885993104428,0.40790887689217925,18.77444222199811
0.4734890728723258,0.5210395043250173,0.5555884810164571,0.6989225884899497,0.002802001778036356,0.5700952124316245,0.5110369375906885,0.22958012437447906,0.8116252697072923,0.828853911254555,15.87472147844255
0.6676335178781301,0.2325673778541386,0.28966903290711343,0.9323034139815718,0.6224133481737226,0.7343844887800515,0.8858756993431598,0.5014306700322777,0.40941952681168914,0.12295822612941265,17.29735747604318
0.16267574043013155,0.44490802311338484,0.6007976008113474,0.4398234754335135,0.8095820005983114,0.9391484030056745,0.921740100486204,0.31923677725717425,0.4058655956760049,0.44613356445915997,11.59138304971554
0.8659691491629928,0.24315262190066278,0.044598907232284546,0.37771822698414326,0.8318032284732908,0.755251940106973,0.8316555479541421,0.9598175040446222,0.802010289626196,0.4488536312710494,18.860463540237017
0.019554203609004617,0.06388799520209432,0.6102945301681757,0.7405800982378423,0.6538665487896651,0.3076546376105398,0.5278755906037986,0.08008969970978796,0.8033268884755671,0.6780592466238886,11.225611032669734
0.6398160040844232,0.4320864714682102,0.9216042275074869,0.19477247027680278,0.9814180443063378,0.21993922675028443,0.007984276628121734,0.06041827076114714,0.8638365904334933,0.7106933121103793,16.59000590584215
0.8676085930783302,0.9187894351780415,0.22969015617854893,0.4843333698809147,0.8406408089213073,0.5465000062249601,0.4190679125022143,0.9781320437323302,0.8145450865849853,0.05348734860308468,18.37957632185748
0.8168751867488027,0.37989703100174665,0.2986798493657261,0.6643225788138807,0.7531099249608815,0.22762730275280774,0.613529659807682,0.770387586671859,0.9106959002092481,0.34395337547175586,20.35062607841611
0.2229774296283722,0.17938984790816903,0.8546250860672444,0.8199458091985434,0.02916712244041264,0.32482496718876064,0.8812320709694177,0.7087422516196966,0.532041362253949,0.07948076189495623,10.926052263137647
0.11534474301151931,0.21859658369794488,0.5442824144847691,0.622972656507045,0.2956002866849303,0.3560385750606656,0.5980539559386671,0.45859214616939425,0.996183535316959,0.9067381038330495,10.738672876674345
0.171314264414832,0.31052401498891413,0.9383825187105685,0.5988507368601859,0.5421053592581302,0.4140717654954642,0.06191503070294857,0.20835027727298439,0.22396780992858112,0.8784362871665508,13.416785262255145
0.8159189547877759,0.9063980961218476,0.27011004788801074,0.7313237527851015,0.5204030834138393,0.206895406357944,0.06458030128851533,0.8594843186438084,0.7817851572763175,0.5749161883722991,18.582743425546354
0.14197438792325556,0.9937403399962932,0.32067267992533743,0.4336153385229409,0.043856190517544746,0.5040521952323616,0.6246554655954242,0.9054529564455152,0.3953520325012505,0.3694207693915814,8.657988483411517
0.6081105200573802,0.9323197598569095,0.6387598931323737,0.9910108279436827,0.39527147891931236,0.6863358120899647,0.10653796792030334,0.22075075935572386,0.5410853680223227,0.5477427861187607,21.48565718875997
0.120193543843925,0.7467029166873544,0.9365144947078079,0.1987289551179856,0.7532164694275707,0.7840717365033925,0.5189346971455961,0.7485539577901363,0.36431344226002693,0.18108968692831695,12.128330541733725
0.9780994181055576,0.5831064016092569,0.5833861152641475,0.3634805113542825,0.540228315629065,0.3572937485296279,0.9031758743803948,0.9168181181885302,0.6588531425222754,0.08024512347765267,15.028848640851086
0.7021499276161194,0.5563440972473472,0.8227243833243847,0.24773083860054612,0.9239578312262893,0.9034679883625358,0.2684957191813737,0.34846519166603684,0.050743622006848454,0.08201783383265138,18.60278656590547
0.46519116195850074,0.6475685983896255,0.9234718319494277,0.5598684931173921,0.9320969979744405,0.48611040436662734,0.09107497776858509,0.9734249208122492,0.36989665892906487,0.8379968111403286,21.859836308772746
0.7316553669515997,0.48722168896347284,0.866636591264978,0.9478644805494696,0.8953271289356053,0.21219974639825523,0.4410869530402124,0.8330336147919297,0.8945968917105347,0.06753959506750107,23.287835577778097
0.8172589167952538,0.9584878841415048,0.6066559941973537,0.9080591041129082,0.9968235057312995,0.7543788815382868,0.19939538999460638,0.434724502498284,0.1044413773342967,0.06425212696194649,19.664657585246196
0.5998183297924697,0.27675158251076937,0.7280269316397607,0.12649468192830682,0.2344402528833598,0.9218814335763454,0.4509876789525151,0.6636252971366048,0.9548754906281829,0.9321697223931551,10.138533881280638
0.76788359740749,0.9141308292746544,0.7675483790226281,0.5222266947384924,0.8264488342683762,0.9614279253873974,0.4226419699843973,0.904298837762326,0.4370105026755482,0.6441648954059929,16.83926622600754
0.3524426529183984,0.6104247404728085,0.2684250685852021,0.14218661398626864,0.9550551259890199,0.196521284757182,0.7803863589651883,0.7056898516602814,0.8306936549488455,0.2547616276424378,15.180549573856675
0.35836340580135584,0.7884251025971025,0.5987921911291778,0.9198436886072159,0.18573073600418866,0.7270037515554577,0.33051964291371405,0.9136569492984563,0.4816089745145291,0.4803996679838747,18.947436711445363
0.8568231500685215,0.5379338338971138,0.3789581849705428,0.5294595565646887,0.7414699986111373,0.4640495947096497,0.9730676542967558,0.8744458323344588,0.11553365527652204,0.5470934140030295,17.66647038767797
0.6774178892374039,0.8106120498850942,0.6604944670107216,0.8150473160203546,0.10878141433931887,0.2935206675902009,0.3418406965211034,0.38721702084876597,0.5956281770486385,0.6427793279290199,19.612338275369723
0.6176841077394783,0.02423102711327374,0.3854065395426005,0.7405407100450248,0.2797725680284202,0.24274488887749612,0.4333840343169868,0.3179531751666218,0.6094222711399198,0.2109176751691848,10.776506873845825
0.4011540189385414,0.299616368021816,0.8195206602104008,0.1326913561206311,0.8966164656449109,0.8330775380600244,0.9932245339732617,0.04870465840213001,0.6144889160059392,0.5213583763688803,13.010276653671868
0.07505742576904595,0.9142719700466841,0.30638333805836737,0.8228304118383676,0.16279789619147778,0.5281932423822582,0.3194487092550844,0.0993432451505214,0.6669339851941913,0.9219398277346045,12.800878488876549
0.32674427470192313,0.5619789436459541,0.33272950374521315,0.900318565312773,0.21494099963456392,0.7007804694585502,0.06824935460463166,0.4829480533953756,0.03669357905164361,0.8167054371442646,17.07400349029819
0.9229991571046412,0.7303144065663218,0.31547390669584274,0.7852001634892076,0.3359293711837381,0.6603761212900281,0.6328173449728638,0.498096163617447,0.16180157545022666,0.5051991981454194,18.508827138119905
0.5572087531909347,0.6682356453966349,0.2698360658250749,0.7937776511535048,0.556427403120324,0.033954241313040257,0.8311697056051344,0.591577896149829,0.7106687631458044,0.5472409022040665,21.14655769838609
0.13146277982741594,0.6848035589791834,0.5397961470298469,0.2772852396592498,0.4370452309958637,0.7127508849371225,0.054103546077385545,0.8706669590901583,0.8824785265605897,0.5726668550632894,7.943879413627267
0.09490827703848481,0.30359166394919157,0.534457266330719,0.5200019001495093,0.9988044968340546,0.8990048952400684,0.8459043933544308,0.7443025563843548,0.3313061217777431,0.041207931004464626,11.910641973536102
0.28858822863548994,0.8113009093794972,0.38381333579309285,0.7299753434490412,0.27716197399422526,0.8311232661362737,0.7441871410701424,0.3957329303957522,0.08389780670404434,0.1351163035724312,17.431505064214672
0.15536818513646722,0.34241772280074656,0.5106025880668312,0.6868377956561744,0.3045530649833381,0.3921002361457795,0.002123640850186348,0.5319132395088673,0.4214647593908012,0.5337692380417138,10.25352001994002
0.6138576741795987,0.220230600098148,0.5889536992181093,0.3833838084246963,0.02517846878618002,0.1045888673979789,0.6876595909707248,0.42196559184230864,0.47990194289013743,0.6461929443757981,7.408867223466792
0.12257515778765082,0.7512591395061463,0.6583696068264544,0.3620553086511791,0.8333823564462364,0.019482367672026157,0.5704961949959397,0.22498603002168238,0.9810669338330626,0.9911008654162288,11.833585637176125
0.019887522794306278,0.05853976495563984,0.7083144225180149,0.5390780316665769,0.25475773215293884,0.8958318708464503,0.6011242007371038,0.12176736677065492,0.38659798237495124,0.488083457108587,10.18260478839938
0.6238711141049862,0.5199270080775023,0.7652220891322941,0.6855869344435632,0.6025746187660843,0.4688462531194091,0.1564121732953936,0.9033918420318514,0.5079744306858629,0.08957433165051043,19.779421110059896
0.5896162290591747,0.3206838008482009,0.0297691710293293,0.05085373320616782,0.6227725392673165,0.5277439965866506,0.4301433297805488,0.14533444424159825,0.023261850234121084,0.42658590083010495,15.039776582213861
0.45278335432522,0.37454531202092767,0.6507776698563248,0.35316839814186096,0.02194678783416748,0.7524239297490567,0.8454892113804817,0.22219302458688617,0.3811587116215378,0.8546065150294453,10.32992252200027
0.1588637016247958,0.6213594931177795,0.5715811417903751,0.37768888566643,0.14651419664733112,0.1060663575772196,0.7342724225018173,0.9477072888985276,0.4984396146610379,0.6937171998433769,7.236763540985605
0.6889748023822904,0.4218635833822191,0.04879798204638064,0.4474302367307246,0.4376936824992299,0.9690908759366721,0.9011436572764069,0.10546859842725098,0.507644189754501,0.4471763640176505,18.608757136245337
0.6392279788851738,0.09385648067109287,0.8850909708999097,0.062333599431440234,0.3592300955206156,0.9089486168231815,0.7885092156939209,0.6942819848190993,0.017096621450036764,0.9844641746021807,7.414741453793054
0.5428346686530858,0.8056239287834615,0.6423575226217508,0.13725756178610027,0.2065027360804379,0.9217416476458311,0.9015134228393435,0.8192810406908393,0.3779370957054198,0.7479726723395288,12.873922962072713
0.41010766522958875,0.599127103574574,0.10719130374491215,0.22218170715495944,0.4539058494847268,0.4416436911560595,0.8522968236356974,0.5710870651528239,0.685000303434208,0.9296505756210536,15.238181482630058
0.38646036898717284,0.44122787145897746,0.3416813504882157,0.46304801432415843,0.35360195743851364,0.9192722535226494,0.02475070208311081,0.8060039889533073,0.5556187143083662,0.46548731508664787,11.215368975228
0.22921922849491239,0.08864628267474473,0.061812767991796136,0.373796941479668,0.06689695967361331,0.8222785431426018,0.036720830015838146,0.9039745216723531,0.5467010370921344,0.8285202505066991,7.9849402167451755
0.3165086121298373,0.4190563636366278,0.9847119515761733,0.745233861496672,0.48444452532567084,0.8720295305829495,0.7138236770406365,0.15367388376034796,0.6289256531745195,0.35810201498679817,19.649469868892762
0.183254967443645,0.33444758714176714,0.2483308482915163,0.8680238930974156,0.9511461211368442,0.6096987493801862,0.4899975734297186,0.7973253845702857,0.7605431275442243,0.6362809594720602,17.26328952709712
0.504378124140203,0.8713579287286848,0.6782163963653147,0.9406314145307988,0.30619241832755506,0.6820446110796183,0.6289344113320112,0.3599805405829102,0.9786429032683372,0.21263676811940968,21.145162635843995
0.4285821008961648,0.5082054969388992,0.36460704216733575,0.6184717516880482,0.41477325558662415,0.6949793968815356,0.9966782471165061,0.69577851658687,0.9365293809678406,0.331699077738449,14.713000588243567
0.8007826863322407,0.9526050772983581,0.8525865788105875,0.6991346436552703,0.607517909258604,0.028694082284346223,0.81345902569592,0.7643573477398604,0.7078609431628138,0.9172520735301077,19.09388323891285
0.38310511014424264,0.6372804271522909,0.35870601842179894,0.12774666864424944,0.8947991095483303,0.21599243418313563,0.6427985639311373,0.7935959326568991,0.30009509762749076,0.27623414155095816,13.474434831465787
0.7562635038048029,0.24896132829599082,0.7258822072762996,0.3317912027705461,0.046456810319796205,0.8346011943649501,0.21169904083944857,0.762190535897389,0.2714548169169575,0.4089650656096637,8.931707575104449
0.27867524791508913,0.8523147669620812,0.13429072801955044,0.19020843668840826,0.2891941387206316,0.6762473531998694,0.2632494466379285,0.9942572836298496,0.07248346018604934,0.39817719883285463,13.422887683819157
0.9268865527119488,0.331886327592656,0.3082697275094688,0.5552515927702188,0.4525419326964766,0.7629809346981347,0.16556695313192904,0.12156345578841865,0.30192946060560644,0.008242755895480514,17.07485313430674
0.5501531148329377,0.9281661107670516,0.20473412540741265,0.2915741726756096,0.7715026263613254,0.17435357929207385,0.6900374335236847,0.283164988970384,0.6020079669542611,0.36672873492352664,18.11044712886561
0.7127680510748178,0.023395426338538527,0.41678147902712226,0.6817521606571972,0.6394001471344382,0.4560815382283181,0.2512131566181779,0.3927667608950287,0.6267986870370805,0.34044385864399374,11.054444968308617
0.425677987979725,0.4419940961524844,0.7604122704360634,0.1978415297344327,0.3309356567915529,0.5458740710746497,0.2895127721130848,0.7420689300633967,0.04819730645976961,0.9641639813780785,11.901380714622778
0.32487145136110485,0.018735344288870692,0.5954769626259804,0.48371925111860037,0.6328538975212723,0.684189016930759,0.9821722151245922,0.11912478809244931,0.6864753623958677,0.22654712502844632,8.500871582539387
0.9056390912737697,0.8720494671724737,0.7141401346307248,0.43717169505544007,0.4540407992899418,0.03897769656032324,0.627460170770064,0.3686885037459433,0.02985262800939381,0.6512916840147227,13.843094344427241
0.024259851779788733,0.5555183966644108,0.033360850997269154,0.22874033031985164,0.9966847063042223,0.6601511726621538,0.3382671596482396,0.34871080867014825,0.8845572471618652,0.7897535641677678,11.496618888701647
0.5414928530808538,0.7748305727727711,0.4657087414525449,0.5941107543185353,0.4281020499765873,0.032091539818793535,0.17647816124372184,0.19999575335532427,0.13245847751386464,0.7312577830161899,18.70501606298713
0.26509153959341347,0.8606348927132785,0.5418403167277575,0.029696019599214196,0.33923870185390115,0.37946171360090375,0.5006133748684078,0.24474685708992183,0.8572928735520691,0.26612271554768085,10.241885707128132
0.9427928410004824,0.4776395361404866,0.24683445203118026,0.03730081464163959,0.026852562092244625,0.6187378165777773,0.5328723529819399,0.7280529353301972,0.40911932988092303,0.31599866366013885,12.513728252124679
0.15855847485363483,0.2999727944843471,0.7470277620013803,0.20910369814373553,0.3746337862685323,0.8083483432419598,0.44586514960974455,0.3531911738682538,0.06600430607795715,0.5958675951696932,7.699126829924547
0.0894123048055917,0.8997348069678992,0.5811110595241189,0.785560485208407,0.010333300568163395,0.8224180359393358,0.6918892404064536,0.7337820946704596,0.43489098479039967,0.07754525472410023,10.115146681201756
0.4370843688957393,0.6286838122177869,0.9640264180488884,0.15059343492612243,0.3345926362089813,0.7862005599308759,0.23286690399982035,0.2765730924438685,0.14883130928501487,0.7877356135286391,14.467218782314928
0.8843694217503071,0.919936265097931,0.035649994388222694,0.33959712949581444,0.47875217348337173,0.20923816948197782,0.41295047919265926,0.6687388489954174,0.18846514006145298,0.8214644265826792,16.39478100096926
0.6432189780753106,0.9489749795757234,0.6206351474393159,0.6161576486192644,0.2612316666636616,0.6957951637450606,0.8148579138796777,0.06530681368894875,0.845221349503845,0.8630699056666344,16.533212868607173
0.8054389369208366,0.37147134472616017,0.15299946418963373,0.5267260698601604,0.4315894863102585,0.07073178328573704,0.6262255001347512,0.41871633590199053,0.627393004950136,0.18475496000610292,17.248875320144887
0.5261435625143349,0.8545158521737903,0.5032834941521287,0.31497698021121323,0.2666156857740134,0.43819844257086515,0.5600611593108624,0.7306908294558525,0.07684504450298846,0.6860652372706681,12.937856492298248
0.23694633599370718,0.16059465636499226,0.1422069389373064,0.3912715276237577,0.9134721313603222,0.03512607468292117,0.7711624167859554,0.7123027252964675,0.9177789802197367,0.6289774128235877,12.01137918259686
0.5673512136563659,0.32097582309506834,0.6965706604532897,0.2901209855917841,0.6311986250802875,0.40441785706207156,0.3325706641189754,0.22028058441355824,0.7532367829699069,0.10232549021020532,11.38132280085335
0.8671340073924512,0.0010717830155044794,0.36154090240597725,0.5586702472064644,0.8864064337685704,0.07051029521971941,0.596072523156181,0.43163366871885955,0.16906421771273017,0.242365408455953,8.900371336474969
0.8242800522129983,0.2046645835507661,0.5618646626826376,0.9062964846380055,0.7184009430930018,0.8137486318591982,0.9682491202838719,0.02876782836392522,0.7600922165438533,0.3128309522289783,18.914899985773648
0.6588946064002812,0.8681611472275108,0.920585798798129,0.38187086395919323,0.5038567518349737,0.14265380869619548,0.09113339497707784,0.16017156816087663,0.5366096757352352,0.26670284662395716,18.330709992772782
0.42185534886084497,0.08835446299053729,0.8847273085266352,0.42481817048974335,0.7071152983698994,0.9048957002814859,0.5225220038555562,0.38760394137352705,0.43037138949148357,0.5388736969325691,12.857999595727016
0.06070988648571074,0.5624974025413394,0.13163419370539486,0.5018278029747307,0.1648364074062556,0.22576609533280134,0.38676695711910725,0.2693142807111144,0.5601578480564058,0.31467909342609346,9.43354556554996
0.7432780826929957,0.016082461923360825,0.9753807734232396,0.8842709993477911,0.09332713694311678,0.7355355091858655,0.01826454559341073,0.35543310758657753,0.676883858628571,0.060100808972492814,15.028331169618632
0.5284343874081969,0.24650123086757958,0.6748074302449822,0.09362728567793965,0.23281669965945184,0.5233026519417763,0.5525541950482875,0.4993394606281072,0.03537781722843647,0.03814985486678779,5.061778430552501
0.32337839319370687,0.9254224174655974,0.3961004053708166,0.9458400674629956,0.41715820343233645,0.9752725395374,0.5641357670538127,0.027335365070030093,0.6332750956062227,0.7218350020702928,19.206662372853188
0.5285456576384604,0.0381796658039093,0.4422932039014995,0.33294283878058195,0.7259328437503427,0.3141552417073399,0.36042404966428876,0.2908128956332803,0.0553220184519887,0.9819632486905903,5.31979139022001
0.023898981045931578,0.575886347796768,0.30816929298453033,0.9766320497728884,0.29870876227505505,0.6930458645801991,0.4027632921934128,0.8397988514043391,0.35443089879117906,0.8418476798105985,13.898496142661429
0.37392169889062643,0.3688359905499965,0.06177682615816593,0.05895286169834435,0.790680885547772,0.6627953425049782,0.6709742655511945,0.5676318241748959,0.2055748295970261,0.546079361345619,14.854194622382884
0.60603674990125,0.5878482849802822,0.5123386983759701,0.37347141932696104,0.6458322792313993,0.5238823115359992,0.19620482018217444,0.7834122497588396,0.6329629085958004,0.44927103421650827,15.84556002722627
0.9618083531968296,0.019817855674773455,0.6701247710734606,0.6965936089400202,0.8591824825853109,0.42431296198628843,0.5007455062586814,0.12118924991227686,0.36944990255869925,0.600866035791114,12.658960810278877
0.3675598995760083,0.8733990355394781,0.20715597621165216,0.22485152375884354,0.3213217144366354,0.8309768012259156,0.009790710639208555,0.793886263621971,0.9797691823914647,0.2638380713760853,14.125820885155067
0.5191988605074584,0.08460584655404091,0.8689435750711709,0.9060794070828706,0.9808310943190008,0.9580571975093335,0.42393470043316483,0.3255174192599952,0.42710596113465726,0.28867540694773197,16.802149037916827
0.5666898128110915,0.2215714508201927,0.842968079727143,0.3731402314733714,0.7181811190675944,0.26357941422611475,0.4448898418340832,0.44048217637464404,0.5011163544841111,0.8589903526008129,14.35625446405355
0.7295188514981419,0.1236959716770798,0.6415843914728612,0.4673667731694877,0.9708991076331586,0.405984136974439,0.5712613854557276,0.891718614846468,0.4844908833038062,0.9939960779156536,13.397746342048867
0.7838709275238216,0.6630536415614188,0.3798505044542253,0.8648666930384934,0.05399492639116943,0.22584521141834557,0.5622304119169712,0.6558800761122257,0.3947687237523496,0.9248103068675846,19.463914626349936
0.4673630013130605,0.3864010386168957,0.17508398252539337,0.042403774335980415,0.3566449205391109,0.4288464509882033,0.07968227122910321,0.698946691583842,0.9032238200306892,0.34602077794261277,9.777754820685418
0.7912125217262655,0.8693795390427113,0.5828395697753876,0.3165582879446447,0.8257752279751003,0.23046306846663356,0.7978007530327886,0.7347925626672804,0.5181616505142301,0.7201203752774745,15.140739721481683
0.22133271698839962,0.828252462670207,0.04602468153461814,0.6916096506174654,0.9815402296371758,0.14432582794688642,0.04671976459212601,0.41913366154767573,0.7895055147819221,0.4910565766040236,21.508682634332356
0.005774862132966518,0.33866596943698823,0.5251663466915488,0.7473797122947872,0.359507305547595,0.434761893004179,0.2349731510039419,0.6637297328561544,0.9631080036051571,0.9938041081186384,10.044068075089909
0.5417061413172632,0.5693620117381215,0.8164317202754319,0.7897397915367037,0.9655930337030441,0.07276736502535641,0.9923393442295492,0.9985500781331211,0.4402812921907753,0.3070554221048951,21.072404126223773
0.3594465581700206,0.03078895853832364,0.6990450820885599,0.12136828037910163,0.6907583938445896,0.9955794194247574,0.7356629653368145,0.19817927875556052,0.2265014797449112,0.41651445999741554,7.23453919975536
0.5276504689827561,0.16543446341529489,0.14768643607385457,0.7962534718681127,0.825355208478868,0.8023029086180031,0.8202415639534593,0.9458367561455816,0.7852655353490263,0.25388830434530973,16.243093018583153
0.4624938308261335,0.7838580368552357,0.06720480369403958,0.8766483294311911,0.36549558606930077,0.828602084191516,0.4735255625564605,0.30753362155519426,0.420831898227334,0.9065968384966254,24.531017527142303
0.5520248706452549,0.829704548465088,0.5148485209792852,0.8985558194108307,0.5314404356759042,0.6285445038229227,0.33966152695938945,0.28025595005601645,0.43473793333396316,0.3713787200395018,21.373594269698216
0.7903609671629965,0.47989524784497917,0.8925745356827974,0.3433766223024577,0.8649849412031472,0.2008652137592435,0.7994120614603162,0.32933061686344445,0.5386947519145906,0.9374590842053294,18.8944887304029
0.8882106868550181,0.9011402144096792,0.21924961893819273,0.6340899334754795,0.3395705227740109,0.39709601807408035,0.30886541842482984,0.3852112947497517,0.7673786166124046,0.6957516456022859,17.042235946048166
0.42222362593747675,0.6191847799345851,0.6527865522075444,0.9768734481185675,0.012911240803077817,0.4518861216492951,0.0003941252361983061,0.733546762727201,0.40258658095262945,0.13480103691108525,18.588126833098876
0.45835764915682375,0.9516718937084079,0.25644227815791965,0.8994699860922992,0.832819334231317,0.10897911642678082,0.005412337137386203,0.3968004393391311,0.6743516088463366,0.3689229763112962,24.291662296310122
0.2537163244560361,0.20106697385199368,0.3227564140688628,0.7595371170900762,0.22678713174536824,0.20163448993116617,0.0002501725684851408,0.6888602699618787,0.7913153790868819,0.9778307613451034,11.846728276577617
0.39380519464612007,0.3842760210391134,0.2292725034058094,0.621846869122237,0.19231280824169517,0.26858730847015977,0.9432061405386776,0.0010959857609122992,0.7668371838517487,0.040385074680671096,13.611616426810874
0.38510367297567427,0.32706201914697886,0.7747099413536489,0.21017037332057953,0.5533705679699779,0.7271121011581272,0.4003218912985176,0.7749568589497358,0.21598738292232156,0.21801253105513752,11.080385631207484
0.8460331102833152,0.4413486002013087,0.25883874599821866,0.06163527793250978,0.3937117108143866,0.053453354164958,0.5846349264029413,0.31253756233491004,0.8534409436397254,0.6775332919787616,11.959380021290276
0.772041994612664,0.8499966228846461,0.8876296845264733,0.33360711112618446,0.5481137393508106,0.3443492273800075,0.9506701310165226,0.5967989708296955,0.004244655836373568,0.0175411703530699,18.85478923002519
0.013011734699830413,0.6896861386485398,0.583757174666971,0.30118890502490103,0.786758434260264,0.0607240847311914,0.29937561438418925,0.35846288222819567,0.6052188815083355,0.5504567136522382,7.084380562279765
0.42415891075506806,0.86027289647609,0.7937287327367812,0.5720924059860408,0.6059187115170062,0.9241456768941134,0.3081578726414591,0.8041591250803322,0.18229517224244773,0.7806941191665828,18.81583369647298
0.6213953965343535,0.8965404296759516,0.1979901143349707,0.6669741901569068,0.6356176536064595,0.7294410527683794,0.23747108597308397,0.6398579443339258,0.37907178746536374,0.7140785208903253,21.871689663742217
0.3881169753149152,0.9343269118107855,0.31104771001264453,0.2771657011471689,0.8369729262776673,0.008548317244276404,0.6071018951479346,0.5325231689494103,0.5042254319414496,0.8591207030694932,16.17518864748509
0.17659408878535032,0.5072155769448727,0.6665408064145595,0.9998212407808751,0.6035559712909162,0.2961206983309239,0.8398695073556155,0.12080308701843023,0.8811345840804279,0.9287822097539902,15.6870642182555
0.4754524927120656,0.8711962946690619,0.6638329615816474,0.4974372105207294,0.2530939399730414,0.7420138642191887,0.6664135409519076,0.8042825895827264,0.7628370416350663,0.6578987964894623,15.6592867962405
0.5487319002859294,0.560233089607209,0.4089240417815745,0.0780341261997819,0.9576484691351652,0.35419673728756607,0.7679618583060801,0.7334895317908376,0.3043923177756369,0.73580945818685,12.88665439132307
0.0316981861833483,0.9631037674844265,0.9321089449804276,0.7426921913865954,0.640568025643006,0.1970895396079868,0.33008451224304736,0.06866631610319018,0.9364176257513463,0.3034255753736943,14.848087183748278
0.10619952878914773,0.45180354989133775,0.9149565102998167,0.18253360409289598,0.633695119060576,0.9888004004023969,0.6585899624042213,0.7852115202695131,0.7292098323814571,0.31085164239630103,9.070645850940403
0.7082599503919482,0.5226012372877449,0.9945078599266708,0.9922494834754616,0.6360847111791372,0.7946773623116314,0.4114989081863314,0.6814177129417658,0.09438502485863864,0.7369192901533097,27.888196417361726
0.9184121852740645,0.7160203950479627,0.057913223979994655,0.9104136151727289,0.05563759244978428,0.23263232945464551,0.23384701670147479,0.30835034139454365,0.8937653426546603,0.5420156349427998,23.069799503505486
0.7619764620903879,0.29159726668149233,0.6063194705639035,0.4998427692335099,0.03707685507833958,0.6729106716811657,0.8916984989773482,0.6383391674607992,0.44311403622850776,0.8134828244801611,11.863633917481271
0.967540095327422,0.33371814456768334,0.09773602522909641,0.01258811610750854,0.9687663642689586,0.8554989462718368,0.9780963961966336,0.5836427183821797,0.5470628631301224,0.13013319787569344,15.962391476038604
0.042550458339974284,0.9534587871748954,0.43836762150749564,0.12743401527404785,0.36891345912590623,0.6449556455481797,0.36831097630783916,0.1597153334878385,0.1435115267522633,0.042705248575657606,5.108819020500179
0.3633794269990176,0.8891903734765947,0.5876981727778912,0.9129066241439432,0.6401632942724973,0.06288310931995511,0.20701632974669337,0.17728610942140222,0.893857755465433,0.6756706684827805,20.348568356060355
0.5084413937292993,0.8181319946888834,0.6474863069597632,0.08715588226914406,0.8720828606747091,0.9516421626321971,0.9908539692405611,0.13897543749772012,0.8442228308413178,0.7972958364989609,16.26542074857933
0.08563340338878334,0.5697853493038565,0.5532158073037863,0.6251477138139307,0.6901010344736278,0.633277973625809,0.600235263351351,0.03112621302716434,0.7228357498534024,0.04779023746959865,9.99075194075356
0.06774783274158835,0.2440941291861236,0.2093676347285509,0.45033373427577317,0.011530942982062697,0.698149326723069,0.2512539408635348,0.7251106000039726,0.7439124309457839,0.7829561117105186,6.613823966688412
0.7612434611655772,0.3746655615977943,0.40963828726671636,0.26906053628772497,0.8336933869868517,0.5261812957469374,0.2498501967638731,0.0777408336289227,0.626399289118126,0.8636891320347786,13.30819278339412
0.9762247884646058,0.6107822300400585,0.6289070686325431,0.14539576624520123,0.47456321702338755,0.349032029742375,0.07679475541226566,0.5956662688404322,0.2957263619173318,0.5630505161825567,14.388592037625761
0.7644870649091899,0.6501595128793269,0.9509793354663998,0.29061308526434004,0.18068126076832414,0.03947050077840686,0.7070860669482499,0.4066987088881433,0.32213659561239183,0.4041066390927881,17.62478154697976
0.9639436593279243,0.28814590838737786,0.519581651315093,0.40428671846166253,0.9615512131713331,0.9147556598763913,0.48149798321537673,0.498251001117751,0.6144594154320657,0.052476331824436784,16.127223478612517
0.3073395029641688,0.9105928034987301,0.6851753704249859,0.93306804751046,0.995221622986719,0.8187789537478238,0.06745858560316265,0.30222639674320817,0.11044363141991198,0.0495923173148185,23.226227803534016
0.4114133201073855,0.7004392968956381,0.017904388019815087,0.32847080915234983,0.30969945597462356,0.21990842535160482,0.48250202229246497,0.2214938928373158,0.1699886885471642,0.5398599386680871,16.773401994880963
0.6864834350999445,0.6146888416260481,0.43113922141492367,0.03551708348095417,0.572336204815656,0.9334254406858236,0.6932667847722769,0.13062819908373058,0.701575392857194,0.9127852749079466,12.232470800026155
0.7444471963681281,0.9857454360462725,0.2980957787949592,0.8607457305770367,0.3591572374571115,0.20834917854517698,0.4937582176644355,0.6886601625010371,0.5235490472987294,0.8021921333856881,18.715988732133127
0.9360881759785116,0.12146105710417032,0.9064327145460993,0.42378210672177374,0.8862473445478827,0.7359960761386901,0.6657713411841542,0.9484312902204692,0.4211565318983048,0.9859735055360943,15.086558596396621
0.3143775665666908,0.13447950966656208,0.9865428709890693,0.8388627204112709,0.7036602662410587,0.13418482523411512,0.3011151703540236,0.2923474102281034,0.26578636933118105,0.5931322432588786,16.79751607410656
0.1943158160429448,0.6214201531838626,0.07878871448338032,0.27165580820292234,0.6250667951535434,0.9781361653003842,0.9417357679922134,0.4770012744702399,0.2876083771698177,0.9933670749887824,15.327091915742704
0.13508854690007865,0.3089030038099736,0.7752428674139082,0.5889491138514131,0.06408135872334242,0.38759907288476825,0.060831520706415176,0.42981061572209,0.8718105035368353,0.32324929372407496,8.263716646623411
0.7988077669870108,0.24985661287792027,0.928797998232767,0.6609879031311721,0.4338624344673008,0.5822607348673046,0.8919320688582957,0.7828483516350389,0.5984729633200914,0.7408032671082765,17.736615296868575
0.21619594050571322,0.7571807249914855,0.2646589183714241,0.662395004183054,0.7588273449800909,0.020209277980029583,0.10035255085676908,0.3539787889458239,0.008419789373874664,0.9605763584841043,15.973906126818799
0.09302419703453779,0.2260299993213266,0.610592738725245,0.5552066778764129,0.8899741640780121,0.9548555857036263,0.8056111400946975,0.4614526005461812,0.7600860649254173,0.9853801759891212,11.685208408264732
0.9730384817812592,0.3322391677647829,0.2040027400944382,0.3501198075246066,0.4647401198744774,0.5645961270201951,0.16558106523007154,0.10334682324901223,0.4087847098708153,0.993130384478718,15.715521073134175
0.6307668145745993,0.7909364372026175,0.17562477593310177,0.348659047158435,0.8053679130971432,0.05307868728414178,0.4064210467040539,0.42865439783781767,0.5442503895610571,0.9291982892900705,21.20115346734013
0.9431444578804076,0.4270678765606135,0.5655914701055735,0.048394912388175726,0.5609815632924438,0.8348463440779597,0.49263627105392516,0.525852213613689,0.44064388889819384,0.267606288427487,11.233678925799587
0.18601977988146245,0.05162088735960424,0.13375187758356333,0.2083308172877878,0.018352043814957142,0.5558253284543753,0.18650910537689924,0.8735951464623213,0.93641820945777,0.592434223741293,5.4813596639916815
0.3223055189009756,0.38992012897506356,0.9547471089754254,0.10677190218120813,0.1763382893987,0.00575506710447371,0.3565204287879169,0.006995423696935177,0.6420068920124322,0.9598779203370214,10.841031991046574
0.024655277142301202,0.05226882081478834,0.8986033906694502,0.019189511658623815,0.959348214790225,0.9059977047145367,0.43265976663678885,0.8005824056454003,0.22004996985197067,0.21434126584790647,9.035215669069615
0.6598786464892328,0.36522514605894685,0.0224582408554852,0.7200120170600712,0.40037949103862047,0.3511804239824414,0.7648657860700041,0.6919136631768197,0.04116148455068469,0.8156928822863847,19.975815935945313
0.21872418420389295,0.26491643115878105,0.85638497909531,0.255114431027323,0.5721710436046124,0.09727537212893367,0.06449873116798699,0.8454564758576453,0.6437551756389439,0.6564837489277124,9.374940858808882
0.1392695470713079,0.3669222928583622,0.04540708661079407,0.6885410698596388,0.9847537074238062,0.8248519559856504,0.3300062327180058,0.9012765164952725,0.0129565903916955,0.468514853855595,17.25759812202318
0.6235952808056027,0.7175254803150892,0.10134705528616905,0.8284269564319402,0.10886138468049467,0.27878323500044644,0.18058102834038436,0.430040143430233,0.2537515771109611,0.9977087592706084,22.195038028520067
0.8010941427201033,0.14217702159658074,0.17670278949663043,0.12754763942211866,0.1220262385904789,0.019808663288131356,0.8647391200065613,0.798625179566443,0.06631833361461759,0.776960417162627,8.279778313511974
0.3911418716888875,0.4737890544347465,0.41629059542901814,0.2631365268025547,0.9875105815008283,0.7748428746126592,0.052047661039978266,0.7362603903748095,0.8939639118034393,0.4771208686288446,15.94960658026326
0.6118592261336744,0.8812722079455853,0.8471369887702167,0.4597482078243047,0.5071841478347778,0.45960009237751365,0.7627614373341203,0.9050570402760059,0.756291616242379,0.7720641004852951,21.71309514942731
0.8147235300857574,0.23086465685628355,0.14457363239489496,0.06524678599089384,0.5169640684034675,0.8263683903496712,0.9898390527814627,0.7814656682312489,0.4258276307955384,0.2046413472853601,10.736999623279388
0.1093609631061554,0.5749905169941485,0.39253624877892435,0.4169118353165686,0.8532516073901206,0.13793824915774167,0.6201897582504898,0.08462531119585037,0.9859063006006181,0.04354312946088612,10.341013375274425
0.46865823585540056,0.2865117168985307,0.4294720820616931,0.6809134676586837,0.4632238815538585,0.33763995044864714,0.5052445842884481,0.5005408595316112,0.6371435550972819,0.8264179923571646,13.411827061408353
0.8215098839718848,0.3705828171223402,0.6972375106997788,0.5816573649644852,0.9865942043252289,0.9815720561891794,0.6426641813013703,0.43565592519007623,0.4749426804482937,0.2503777879755944,18.83210679823319
0.9145325578283519,0.5660351433325559,0.09102241857908666,0.8089829827658832,0.14694215659983456,0.687242861604318,0.8818331467919052,0.03637625556439161,0.32847119332291186,0.5459884107112885,21.62384642833905
0.3445597623940557,0.13046961836516857,0.8406676417216659,0.8022192609496415,0.45983774634078145,0.4006187336053699,0.2650580161716789,0.9681919389404356,0.5267631623428315,0.15672988607548177,15.007119237110784
0.11205913126468658,0.2783500941004604,0.12057838938198984,0.14548713667318225,0.9601400610990822,0.9060334018431604,0.4044072397518903,0.4320474697742611,0.8404283525887877,0.48062137025408447,10.353721950533387
0.9914266511332244,0.44332580734044313,0.05241132737137377,0.35561506310477853,0.04619686212390661,0.13212028425186872,0.5979177656117827,0.9130415786057711,0.008898098720237613,0.984713097801432,17.462259270241844
0.36662807199172676,0.049202165100723505,0.243781132157892,0.9204934798181057,0.8440662596840411,0.878814943600446,0.4289993830025196,0.9707763232290745,0.9403994728345424,0.6825825825799257,15.698223601446493
0.6392585176508874,0.758852157741785,0.14547570701688528,0.4936934725847095,0.6408793700393289,0.5201043810229748,0.1240160008892417,0.9775002638343722,0.31934335292316973,0.9553436771966517,19.548808406834212
0.8569334771018475,0.29140356509014964,0.6766586690209806,0.620668382383883,0.276154343271628,0.6086499684024602,0.8837824978400022,0.05319665069691837,0.8941463159862906,0.9043869010638446,14.33745179093119
0.6426533581689,0.4899149890989065,0.2052323033567518,0.817076813429594,0.7537424445617944,0.1877853402402252,0.7188348637428135,0.6758029537741095,0.05590287619270384,0.9113775123842061,20.332270552139185
0.30599150783382356,0.5857707543764263,0.05641676392406225,0.17082568421028554,0.3214805608149618,0.9630933622829616,0.053124597296118736,0.921884189825505,0.4881093930453062,0.3020227076485753,13.57318782782374
0.7411583007778972,0.017997337272390723,0.7448750045150518,0.2657530896831304,0.04133772966451943,0.7372709249611944,0.1094556269235909,0.41250279266387224,0.39523704070597887,0.0003559417091310024,3.795657349363862
0.7796582875307649,0.4322932723443955,0.8047434517648071,0.6760281990282238,0.4897230612114072,0.43320760200731456,0.13607757654972374,0.13347293250262737,0.6978344989474863,0.1821374874562025,20.157305948056827
0.4043280992191285,0.08534817257896066,0.5950318691320717,0.5583903652150184,0.5093893685843796,0.6334365785587579,0.8472154126502573,0.9122031135484576,0.550509519642219,0.359686873620376,8.7591855417744
0.5661882758140564,0.03011278063058853,0.062340900069102645,0.5319958713371307,0.06721564033068717,0.49067220045253634,0.9004421620629728,0.986351584084332,0.6457229896914214,0.9642714343499392,9.590620680498542
0.6948678335174918,0.4428642080165446,0.15739311440847814,0.062056671595200896,0.8727985976729542,0.9709005740005523,0.9526296893600374,0.2451375548262149,0.8593228594399989,0.016654320992529392,15.45370955148694
0.8127122882287949,0.32789703249000013,0.5777554153464735,0.8309861968737096,0.9123720927163959,0.3559948105830699,0.5995720627252012,0.8702882728539407,0.8028031243011355,0.9571386992465705,18.626153740314255
0.16921483329497278,0.0945591984782368,0.5183121603913605,0.6263966797851026,0.8763499045744538,0.3666771985590458,0.4279887219890952,0.93396882340312,0.12490100646391511,0.7985918915364891,10.512328614511292
0.9147262203041464,0.7241204231977463,0.7250569656025618,0.2745459717698395,0.7873256024904549,0.7719057833310217,0.7820681459270418,0.9686657337006181,0.1995821758173406,0.14962213556282222,18.289180375476512
0.02158959466032684,0.6581699338275939,0.013872476993128657,0.30588401132263243,0.17142033111304045,0.7593735016416758,0.3758179370779544,0.6776069486513734,0.5378388562239707,0.8220279896631837,6.825714533075208
0.8240213373210281,0.6837073867209256,0.01148567907512188,0.4091859650798142,0.9249816241208464,0.5038713221438229,0.26848407997749746,0.536143739707768,0.5929104958195239,0.6565732143353671,23.25517673638185
0.40371140046045184,0.8979951387736946,0.2780994512140751,0.5567406467162073,0.27368480060249567,0.43046826287172735,0.298609531018883,0.0934693415183574,0.7305997328367084,0.05735687003470957,18.115359927261377
0.5436434040311724,0.9937540751416236,0.2830546861514449,0.5561179141514003,0.8902525894809514,0.9324717298150063,0.07683159178122878,0.7664093121420592,0.9821795662865043,0.6241459720768034,21.17285352580157
0.0639987550675869,0.17373406002297997,0.20524735446088016,0.00029310258105397224,0.38298467895947397,0.7362300944514573,0.10324595216661692,0.6476284912787378,0.1659264131449163,0.7172178800683469,3.1833996488093863
0.43805263354443014,0.7135173117276281,0.2886581444181502,0.9626328710000962,0.367831805953756,0.5794562518130988,0.9875620256643742,0.6485680723562837,0.33073815261013806,0.15405461355112493,20.158329109786166
0.036505498457700014,0.04497987497597933,0.6352095203474164,0.4918722913134843,0.021100302692502737,0.040296751307323575,0.31602213624864817,0.9676771028898656,0.8093581690918654,0.49576197005808353,3.584423199667407
0.8768181037157774,0.2299842801876366,0.7081559696234763,0.6879179480019957,0.564266067231074,0.9785321345552802,0.9389768138062209,0.810617569135502,0.9617094798013568,0.3165580299682915,16.63385235919518
0.36522976821288466,0.1393488645553589,0.4009272367693484,0.31258651334792376,0.7287852184381336,0.8090896250214428,0.1494079630356282,0.7178013392258435,0.6836225006263703,0.37570633995346725,7.296803867013005
0.6164037315174937,0.9015953417401761,0.007429620949551463,0.3966913733165711,0.8143367127049714,0.9532039812766016,0.367768045514822,0.6344841471873224,0.9207004595082253,0.9236691372934729,24.02237214293082
0.7857196398545057,0.8663575882092118,0.21306201559491456,0.9060671248007566,0.8225861780811101,0.4111755504272878,0.7834595213644207,0.18631952907890081,0.9591720823664218,0.054655181942507625,22.697613918914048
0.81646186276339,0.8380552812013775,0.6654981384053826,0.6961295565124601,0.9818215747363865,0.542078040773049,0.22047089505940676,0.5196859061252326,0.9283265667036176,0.038446030113846064,20.585798382384517
0.12028626492246985,0.6125794118270278,0.4032039628364146,0.279333240352571,0.5979846711270511,0.37465636245906353,0.6024233205243945,0.4023531395941973,0.3901980984956026,0.22975436528213322,7.809901743653052
0.2440845596138388,0.7511176124680787,0.6965414476580918,0.8476254239212722,0.2852446115575731,0.5135676257777959,0.5330217592418194,0.5643938400316983,0.25134244142100215,0.34549080417491496,15.953701561168153
0.019025464542210102,0.9685276974923909,0.3328535854816437,0.9296964383684099,0.9896536413580179,0.6379172329325229,0.9504476129077375,0.1795824619475752,0.9272357034496963,0.8462434215471148,16.092436921676054
0.11218462372198701,0.05846332432702184,0.8880103083793074,0.451336209429428,0.47311833733692765,0.779409647686407,0.13111802702769637,0.3540418650954962,0.8741137853357941,0.25641159783117473,10.747465244536546
0.48560536769218743,0.5156910822261125,0.2600651392713189,0.414709904929623,0.24174814415164292,0.39007364748977125,0.9923332289326936,0.6373924270737916,0.9793924342375249,0.06420753477141261,13.160123492352717
0.23842179239727557,0.10472089960239828,0.9283151887357235,0.44962655077688396,0.548676178092137,0.8004484653938562,0.4083177028223872,0.11235303711146116,0.02914428827352822,0.2912596929818392,12.414276050626745
0.19631906622089446,0.03204332967288792,0.8015840449370444,0.13769799517467618,0.2819330918136984,0.1584344282746315,0.23066523438319564,0.47345785866491497,0.6198395143728703,0.02857364434748888,3.8928737122110064
0.2607100822497159,0.2048476415220648,0.10281463479623199,0.7226613312959671,0.5654815740417689,0.9349064412526786,0.7070933261420578,0.6755283349193633,0.3936995849944651,0.8348805592395365,14.836718853015483
0.696240461198613,0.3537148083560169,0.6042027866933495,0.5953483066987246,0.5153421780560166,0.13490198971703649,0.49446332990191877,0.548510275548324,0.590512644033879,0.3834353806450963,17.30829206125093
0.2698891169857234,0.8565642284229398,0.3413577403407544,0.5678439394105226,0.5179030732251704,0.30019262712448835,0.10275912983343005,0.39930542721413076,0.4375065101776272,0.0868550839368254,16.05919410640597
0.08727328921668231,0.04979773494414985,0.09052726696245372,0.28751676459796727,0.4648953618016094,0.8376262963283807,0.005920688388869166,0.3719812121707946,0.7515808907337487,0.33863259688951075,8.991203783275985
0.30941677815280855,0.1628402303904295,0.2259616320952773,0.5100969837512821,0.8530410211533308,0.4310974879190326,0.28940718178637326,0.24101744079962373,0.7900006559211761,0.46105488762259483,13.421722875399276
0.574640657985583,0.8369566306937486,0.4943908171262592,0.7453642976470292,0.9284695701207966,0.6211579102091491,0.3537086476571858,0.16827523917891085,0.6193382078781724,0.6167526110075414,21.163280562528232
0.35429717670194805,0.07394112972542644,0.09127016109414399,0.4810847919434309,0.3775796736590564,0.8613148147705942,0.9383638093713671,0.5687011058907956,0.31489290040917695,0.1778071781154722,11.065718992617155
0.5390185520518571,0.0304675183724612,0.4670569961890578,0.11603505886159837,0.21718757506459951,0.5038327474612743,0.10309529234655201,0.3503218460828066,0.22543330350890756,0.3342342050746083,3.5296099770716207
0.12043868540786207,0.6569292533677071,0.03159023588523269,0.5155052379705012,0.19212484871968627,0.5687736750114709,0.40075624408200383,0.43338295561261475,0.8304945232812315,0.984293872024864,12.128180585337466
0.4879042408429086,0.3364972637500614,0.9401317536830902,0.4793452101293951,0.006918188650161028,0.8461642020847648,0.04798449296504259,0.27068180590867996,0.8457658351399004,0.193813381716609,13.182595330888114
0.8926092085894197,0.18390166712924838,0.5025561798829585,0.7274008970707655,0.6764142618048936,0.7617698616813868,0.007957264548167586,0.5790164510253817,0.7422292965929955,0.9370457888580859,15.510603643682636
0.02578442683443427,0.9714879859238863,0.16339380480349064,0.7093812983948737,0.37265180866234004,0.09029136411845684,0.8391780881211162,0.8729652289766818,0.9495359845459461,0.5333808085415512,12.862688786313923
0.042827105382457376,0.38319659722037613,0.34359927102923393,0.08746897173114121,0.671731756767258,0.6621411971282214,0.7395710113923997,0.5000602637883276,0.8334458817262203,0.007374372566118836,5.934700995204144
0.9542967767920345,0.9014547218102962,0.9016792711336166,0.10468194610439241,0.46706535620614886,0.5909999934956431,0.2752632419578731,0.1327675972133875,0.18412697431631386,0.7706028518732637,10.965304703196786
0.01989925978705287,0.009125495096668601,0.02892181556671858,0.3844062224961817,0.8300012389663607,0.34746507345698774,0.19075722037814558,0.21673816838301718,0.9723414583131671,0.49717807001434267,12.073828718114466
0.4331497885286808,0.8177666750270873,0.15062827919609845,0.7209760101977736,0.37634973996318877,0.5013770938385278,0.8638679671566933,0.10336579359136522,0.46947412844747305,0.6947551188059151,19.682335694598
0.8704183779191226,0.4840666805393994,0.8144047036767006,0.4983506826683879,0.423712499672547,0.32920390856452286,0.5616592823062092,0.29217915260232985,0.5555273958016187,0.06935853394679725,19.030514340244963
0.1498624535743147,0.5157323351595551,0.12526377569884062,0.8233067155815661,0.22310783038847148,0.33606297383084893,0.704124930780381,0.9592593156266958,0.7447376239579171,0.3707462805323303,14.025275653129286
0.1994509627111256,0.02215080615133047,0.3913013944402337,0.38435235363431275,0.32638975605368614,0.7038357227575034,0.057503701420500875,0.30180046195164323,0.23539751605130732,0.22705728746950626,3.577639341740776
0.8488011918962002,0.2555760038085282,0.3937863321043551,0.4864396289922297,0.9124966294039041,0.7587526510469615,0.61011862475425,0.09177098446525633,0.7341951646376401,0.4226155474316329,13.327220952459355
0.9188039370346814,0.9563758492004126,0.18342836620286107,0.2201405584346503,0.39235523506067693,0.8933904962614179,0.227945537539199,0.6248715664260089,0.6384209301322699,0.17256390117108822,9.899572715343737
0.6861430767457932,0.8716093532275409,0.45238072285428643,0.3131021526642144,0.1417275418061763,0.15762845403514802,0.0045358913484960794,0.5212509587872773,0.4320459102746099,0.19099943758919835,13.316173861252642
0.41345448954962194,0.28983706049621105,0.5909110449720174,0.7967051775194705,0.08041315665468574,0.6151377826463431,0.5229253645520657,0.1893290253356099,0.9832984460517764,0.3650681837461889,11.18222377730378
0.7155901719816029,0.4012757008895278,0.770845714956522,0.7826949001755565,0.9039656061213464,0.38977184775285423,0.8334292727522552,0.4402767322026193,0.4213377549313009,0.5614509058650583,23.40552440879309
0.9703340760897845,0.6794049991294742,0.5796134669799358,0.6287575343158096,0.19039392960257828,0.6061514473985881,0.5787368821911514,0.36215747776441276,0.5285937418229878,0.7991398894228041,17.212593339373683
0.28555129445157945,0.3266518861055374,0.9182004800532013,0.5904905761126429,0.7459535272791982,0.26157279033213854,0.995057622436434,0.8640235317870975,0.49174226238392293,0.6249127043411136,15.276456106552775
0.49704715493135154,0.19200187409296632,0.36899952380917966,0.9285864082630724,0.7805462130345404,0.4659640023019165,0.8633974241092801,0.043971730628982186,0.9067556296940893,0.35127325914800167,17.34240104437271
0.35798578057438135,0.25601216312497854,0.25787953403778374,0.9760014968924224,0.533088993979618,0.24489742959849536,0.29698649514466524,0.16074295155704021,0.03961821272969246,0.49791881488636136,17.038031508646757
0.757526288041845,0.21444203285500407,0.36540785897523165,0.7098037078976631,0.8830615503247827,0.8436025308910757,0.9989696245174855,0.43672918411903083,0.4539431962184608,0.9622850581072271,15.402537177056734
0.4085499788634479,0.7164613178465515,0.482350290985778,0.6618694851640612,0.4054389481898397,0.9281232692301273,0.7877120543271303,0.245332462945953,0.16883759363554418,0.8332544802688062,15.9174623606483
0.15695444168522954,0.5541609739884734,0.05031915125437081,0.9880677433684468,0.4449650614988059,0.9041765378788114,0.7566613948438317,0.9935928392224014,0.9124880703166127,0.49987219739705324,17.551255397093897
0.4977304481435567,0.1350401360541582,0.4702539471909404,0.5870660250075161,0.5179128812160343,0.5970681877806783,0.11745454673655331,0.8797709748614579,0.5810510835144669,0.26802696799859405,11.36566050278021
0.17292134487070143,0.5435928902588785,0.10905043547973037,0.9800563189201057,0.1724966501351446,0.31592593574896455,0.08751320606097579,0.15935182385146618,0.35691007622517645,0.7869840539060533,17.882153675326865
0.8029985958710313,0.9116946763824672,0.8925784467719495,0.9402717128396034,0.5970175294205546,0.938455717638135,0.8440368368756026,0.9735134441871196,0.1813525955658406,0.5006560895126313,22.862618513031194
0.7625814927741885,0.297923895297572,0.606040911981836,0.14517787494696677,0.9360295264050364,0.30247914465144277,0.14340776042081416,0.41674429061822593,0.9350003537256271,0.11117992643266916,12.685697366142515
0.6867645147722214,0.12376463087275624,0.8713795009534806,0.9564881937112659,0.29965025023557246,0.8183836585376412,0.2302400681655854,0.47584951343014836,0.5639614157844335,0.6678537451662123,17.513671104529372
0.5403007559943944,0.9906477024778724,0.13857144606299698,0.6783476644195616,0.6533714395482093,0.8308839758392423,0.4642966901883483,0.6855014606844634,0.17804764467291534,0.4562514240387827,22.726015243585444
0.0829135593958199,0.9823486616369337,0.3562486036680639,0.8844961894210428,0.8141628645826131,0.6526461832690984,0.8317604218609631,0.2070055827498436,0.8563361235428602,0.4783645726274699,15.632823798193426
0.21941084135323763,0.658960415283218,0.27657429152168334,0.6385866270866245,0.9056765134446323,0.3786127255298197,0.1042430093511939,0.32794771576300263,0.23508574743755162,0.9939275945071131,17.094766082342495
0.021557088242843747,0.5614802578929812,0.9553242325782776,0.6912883431650698,0.9628225781489164,0.7417907225899398,0.5142058269120753,0.7154271702747792,0.9864215259440243,0.6081156029831618,16.772196223511294
0.5637185517698526,0.5985822007060051,0.19020846113562584,0.8734144212212414,0.975864827632904,0.3606032272800803,0.23608188214711845,0.1207871655933559,0.2531782570295036,0.3862480502575636,25.44110198153154
0.07637024647556245,0.8029496914241463,0.8349551041610539,0.19467611331492662,0.7485555466264486,0.33324975753203034,0.6422461380716413,0.460331859998405,0.6951934157405049,0.7332008082885295,8.912074333842229
0.5571618974208832,0.5151226655580103,0.24334723223000765,0.3357317433692515,0.2917824739124626,0.6725727296434343,0.8222947884351015,0.4999457257799804,0.4240303449332714,0.4796808660030365,13.335118693486091
0.52565359743312,0.02720789099112153,0.6353079068940133,0.004791870946064591,0.3209691308438778,0.24142922088503838,0.9632661934010684,0.5348180350847542,0.05059629678726196,0.6374286452773958,1.4221387893287616
0.5881191999651492,0.3142244596965611,0.9562287873122841,0.4759654183872044,0.650028612697497,0.4351229905150831,0.37074461695738137,0.5045799496583641,0.9064599920529872,0.7958728128578514,18.28219317942411
0.8051750792656094,0.13851636741310358,0.3768243067897856,0.5586804996710271,0.5623321661259979,0.5898254020139575,0.6937211353797466,0.9389242262113839,0.6081113354302943,0.802233012393117,11.149076334527873
0.4102998243179172,0.6887812719214708,0.41242897789925337,0.026493625016883016,0.8058017306029797,0.8401851637754589,0.38885512156412005,0.3537204209715128,0.48671819642186165,0.4627191985491663,11.631485646960401
0.12299672258086503,0.9237571228295565,0.4658677517436445,0.5575540470890701,0.6482595838606358,0.8141879788599908,0.5706640663556755,0.8271891078911722,0.8754507282283157,0.1457822637166828,13.04597251455833
0.48546947073191404,0.34094274742528796,0.947000531712547,0.33030899427831173,0.8805409900378436,0.7981574686709791,0.1536826672963798,0.7521608769893646,0.4175503544975072,0.6826220313087106,17.349561939675024
0.6630704819690436,0.43612165353260934,0.7204009101260453,0.18393509462475777,0.9025100455619395,0.14919610018841922,0.664611266925931,0.6515984772704542,0.24777632695622742,0.2814853007439524,14.642230701775732
0.6621375845279545,0.013980126241222024,0.2386170180980116,0.09629697725176811,0.976567909354344,0.3598530115559697,0.4190914472565055,0.5060303558129817,0.3359099696390331,0.21650065667927265,6.5755395350730055
0.3493616911582649,0.06691832654178143,0.2073063461575657,0.3280609962530434,0.43523224350064993,0.776113992324099,0.9898361784871668,0.803571027237922,0.46655475883744657,0.6258900386746973,7.7428759513050345
0.4402617737650871,0.8523245458491147,0.6834559685084969,0.21952994400635362,0.6656795148737729,0.09713355894200504,0.24410468409769237,0.1676940938923508,0.2754489374347031,0.019497108412906528,14.24413052269398
0.7195856769103557,0.7198398364707828,0.4292826587334275,0.6250714987982064,0.36564904171973467,0.06597342621535063,0.49000552482903004,0.5158401087392122,0.8732344389427453,0.7968338173814118,18.29132803227972
0.14802219811826944,0.254352519987151,0.8716033224482089,0.4521377859637141,0.9250490302219987,0.11411024490371346,0.6008460451848805,0.8469044636003673,0.6601652370300144,0.6767008528113365,14.004338654334004
0.7677640267647803,0.49139553564600646,0.6162336650304496,0.922670780448243,0.8465753979980946,0.9735333514399827,0.1304193758405745,0.9217499794904143,0.28966990928165615,0.60855807014741,23.03417228815582
0.44246060331352055,0.16549134836532176,0.6494604314211756,0.0453142945189029,0.9621038066688925,0.17069851816631854,0.7433066281955689,0.745328368851915,0.9157028021290898,0.5022964696399868,8.226528102766567
0.27799557568505406,0.13496233336627483,0.09164169174619019,0.557995252776891,0.7058610066305846,0.34731727838516235,0.24006013455800712,0.7642375375144184,0.7226714112330228,0.018235160037875175,12.46556834903885
0.07792916963808239,0.09324952773749828,0.9357210698071867,0.14345643809065223,0.6504240070935339,0.8743991302326322,0.35269515635445714,0.7794418754056096,0.813134528696537,0.28583419299684465,8.227642711236246
0.31427157018333673,0.8129141123499721,0.4147859246004373,0.0752210037317127,0.21486426587216556,0.755101015791297,0.26875970629043877,0.6067886750679463,0.32790295756421983,0.6558124292641878,11.022926514684395
0.27044760389253497,0.7146173035725951,0.06968475156463683,0.16634189779870212,0.6565511173103005,0.0746740447357297,0.7164604633580893,0.6706509385257959,0.10394257842563093,0.3625281979329884,12.868752784213246
0.5338684271555394,0.9049825593829155,0.1910587523598224,0.15609612967818975,0.7792975895572454,0.758891170611605,0.7530695758759975,0.12601590086705983,0.8883088962174952,0.7921024442184716,18.52523049841827
0.16483441810123622,0.8460813581477851,0.5073263859376311,0.671037846012041,0.06585740833543241,0.908772541442886,0.9522113155107945,0.4352396719623357,0.3397560641169548,0.055600640596821904,11.13151611181859
0.8218590489123017,0.3933051018975675,0.8203611455392092,0.6187998172827065,0.815036220708862,0.2060307851061225,0.4619101176504046,0.811717179371044,0.7206742914859205,0.3160295726265758,20.89063260318031
0.2453118411358446,0.9002074017189443,0.5002025496214628,0.7386560034938157,0.17058876785449684,0.4448041480500251,0.5264422760810703,0.1015915758907795,0.14380713598802686,0.590006475104019,14.19892691473528
0.29855636809952557,0.19419588358141482,0.7208771021105349,0.7451982588972896,0.22160531324334443,0.20111941848881543,0.39771980000659823,0.8730466307606548,0.5551586356014013,0.4292295351624489,10.717550110601712
0.9540864662267268,0.1325050094164908,0.7485727856401354,0.8528319885954261,0.01714146207086742,0.7416399454232305,0.0015325667336583138,0.09342053579166532,0.41507046902552247,0.35476255835965276,13.091209443932756
0.15768504398874938,0.6666614518035203,0.728197512915358,0.3839852693490684,0.573155565885827,0.8536925232037902,0.25046399398706853,0.25923700886778533,0.9467610160354525,0.017745162826031446,9.9557461607775
0.11201999802142382,0.49712258647195995,0.24249333632178605,0.3672985346056521,0.7098753668833524,0.5838393517769873,0.11827827477827668,0.15779405483044684,0.9153117567766458,0.0810707900673151,10.776498676260049
0.2637816262431443,0.7885461819823831,0.00833747605793178,0.8784304007422179,0.7159663706552237,0.441558480495587,0.4409219629596919,0.09125279355794191,0.9390102324541658,0.4295026180334389,23.252309240402123
0.8570912920404226,0.9001319399103522,0.5941472698468715,0.19637089455500245,0.8896814016625285,0.1524579741526395,0.38501318520866334,0.32426859508268535,0.6860895885620266,0.9109254430513829,13.668699469161355
0.660989941097796,0.08739732694812119,0.2865466964431107,0.3264203732833266,0.9273081924766302,0.35191747127100825,0.21849992917850614,0.8219453829806298,0.0005832749884575605,0.24281552620232105,10.232765906498171
0.08671195269562304,0.988735486054793,0.12365309474989772,0.823191424831748,0.01851234002970159,0.21255359333008528,0.1059852042235434,0.6521979686804116,0.35980445030145347,0.8528712480328977,13.53495529241117
0.9737132913433015,0.3529937923885882,0.010253192856907845,0.7439047517254949,0.5340431467629969,0.24523978447541595,0.888907025102526,0.7152934747282416,0.12221080786548555,0.2488440244924277,24.193668318502244
0.7364080925472081,0.2889953129924834,0.5656343442387879,0.9503411089535803,0.9524414206389338,0.8534708986990154,0.3104123626835644,0.7377716375049204,0.06910345563665032,0.3379026362672448,21.079878224775328
0.08406658540479839,0.11828467668965459,0.9737377548590302,0.026860124664381146,0.5381511757150292,0.5422191261313856,0.610453078057617,0.704316238174215,0.0412790235131979,0.6860837412532419,7.044518447760607
0.47657717508263886,0.711624588817358,0.29775132541544735,0.919323323527351,0.44782979041337967,0.3664687976706773,0.509265128755942,0.07580491830594838,0.12342356168664992,0.4211913573089987,21.090223969001034
0.5510253407992423,0.9782494732644409,0.3200398306362331,0.4726119255647063,0.9385525030083954,0.6693017408251762,0.37049587327055633,0.9326213672757149,0.07378144701942801,0.43910617264918983,18.67767687747055
0.7868795103859156,0.7121626252774149,0.5807142925914377,0.5725539226550609,0.17174915270879865,0.8538660060148686,0.19889815035276115,0.72519874968566,0.25366821722127497,0.9445575405843556,14.416888966509092
0.11165136261843145,0.9182490834500641,0.19610446505248547,0.3675898122601211,0.25849820929579437,0.8029776006005704,0.21493492648005486,0.6517711083870381,0.5949392521288246,0.8217069020029157,12.476508957139162
0.06304987263865769,0.2753066038712859,0.015432741027325392,0.2588109604548663,0.4046286283992231,0.30216289474628866,0.17998848319984972,0.31463555549271405,0.12224063626490533,0.008560430025681853,8.908663417367318
0.5606882765423506,0.4855283705983311,0.70676323864609,0.17858594399876893,0.4420033011119813,0.07284512277692556,0.07659511058591306,0.47058978280983865,0.6521951695904136,0.016642234986647964,12.593382327732831
0.7141307487618178,0.859958014683798,0.8332511845510453,0.9950985603500158,0.8982211155816913,0.5373639001045376,0.528505580034107,0.7535210405476391,0.8724764015059918,0.8527293666265905,26.71778335180068
0.3499699207022786,0.8846980205271393,0.42264514695852995,0.3069497044198215,0.29327553743496537,0.7002841976936907,0.0149250035174191,0.5348552914801985,0.30016730865463614,0.6307053219061345,13.431435575337217
0.495517588686198,0.07893201988190413,0.5370679392945021,0.08135318965651095,0.8770765734370798,0.5520209027454257,0.5434897989034653,0.6674154305364937,0.10699505358934402,0.1810838549863547,4.2954829964953465
0.07490496034733951,0.8757310814689845,0.9401867566630244,0.4628500563558191,0.015298248967155814,0.668095586122945,0.14663511444814503,0.45866131922230124,0.43120348430238664,0.5481762536801398,10.235300091094974
0.8510356417391449,0.4869856368750334,0.5018058815039694,0.8371593893971294,0.5768542988225818,0.44354113074950874,0.527606223942712,0.6912485223729163,0.3956566818524152,0.8857241761870682,20.45805496801048
0.7902768277563155,0.11988389771431684,0.8270103852264583,0.12409963738173246,0.4926073793321848,0.9644863582216203,0.5710549005307257,0.43705876753665507,0.9699997177813202,0.61831503524445,9.898909998774544
0.4355195160023868,0.7618052291218191,0.6398664037697017,0.6028183070011437,0.8940029311925173,0.14241783181205392,0.2170044973026961,0.60819469881244,0.26367725897580385,0.5519951269961894,17.501431169057028
0.5592142317909747,0.10938724945299327,0.7534342610742897,0.9241372623946518,0.3600982923526317,0.2114825553726405,0.059555219020694494,0.40459564980119467,0.14436089689843357,0.38668021000921726,14.981796052307901
0.045223660534247756,0.057598683750256896,0.6521161696873605,0.7940945993177593,0.6784518661443144,0.7758546422701329,0.2192311119288206,0.06290874537080526,0.25713935657404363,0.3999271378852427,12.954411959230692
0.9822854299563915,0.10414706636220217,0.35705590853467584,0.9282226620707661,0.7990711822640151,0.25214960775338113,0.4515978917479515,0.1324829498771578,0.09807858802378178,0.7837659628130496,16.614758835998853
0.3600706811994314,0.6774672123137861,0.27720967144705355,0.04996857699006796,0.3496088651008904,0.23313284991309047,0.23627531831152737,0.009800416650250554,0.7134895129129291,0.7726634335704148,10.055638933312515
0.4189621948171407,0.746893348870799,0.7068718618247658,0.18574343947693706,0.2628282788209617,0.7908875767607242,0.5688366745598614,0.7832600814290345,0.39019889128394425,0.8854332298506051,13.557239874646022
0.8327557467855513,0.2925372545141727,0.15841245115734637,0.9204066039528698,0.6560757192783058,0.9642247275914997,0.4524228242225945,0.5837846773210913,0.6669443696737289,0.28628655313514173,21.106383258080555
0.08358872728422284,0.5557584119960666,0.9413770935498178,0.5958551710937172,0.6020420857239515,0.9834415127988905,0.8376197249162942,0.5746917356736958,0.7200375110842288,0.9627640300896019,12.039451025842656
0.7925628011580557,0.2848986363969743,0.23275786195881665,0.11577055021189153,0.3096697765868157,0.048475040355697274,0.5381169111933559,0.36412862432189286,0.7717526217456907,0.9703711590263993,11.32062877670814
0.12227913946844637,0.10140404454432428,0.8246498208027333,0.9974291548132896,0.5062137728091329,0.7198113047052175,0.8193653651978821,0.5327233269345015,0.8597550382837653,0.5384252788498998,12.755681862472688
0.738750072196126,0.32150385971181095,0.2647367734462023,0.276213153032586,0.9360592740122229,0.5096291357185692,0.5189783480018377,0.736474440433085,0.19176956545561552,0.6157886907458305,15.653060308651298
0.6232543038204312,0.699141847435385,0.6742257284931839,0.09660586039535701,0.9208449884317815,0.28065412142314017,0.34837726620025933,0.510679634520784,0.2798320569563657,0.34223737358115613,16.16194709689878
0.7536450689658523,0.8666287229862064,0.81224793381989,0.5820584592875093,0.8728057844564319,0.667642685584724,0.16281345789320767,0.30863747256807983,0.2460453191306442,0.07806030428037047,18.579626605974852
0.17146678012795746,0.5803068012464792,0.5512661715038121,0.7500592002179474,0.9556542609352618,0.542182195931673,0.518535218667239,0.2219618409872055,0.35542969312518835,0.013740204740315676,15.464167060089709
0.1990448625292629,0.2364737547468394,0.6035254769958556,0.47946531511843204,0.7906272390391678,0.23505396419204772,0.4678506632335484,0.05252484721131623,0.2017340618185699,0.752830732613802,12.407427443943408
0.4587344489991665,0.06944340420886874,0.8635163137223572,0.3902182390447706,0.5604873052798212,0.8230094416067004,0.26667285710573196,0.28817986813373864,0.7233400132972747,0.6749636032618582,9.251060764323375
0.6888658865354955,0.34481953945942223,0.34281146456487477,0.3170201883185655,0.08888718578964472,0.4278093248140067,0.44296939857304096,0.8989354283548892,0.8572097641881555,0.9150743084028363,10.844342276718676
0.004577167332172394,0.8220656940247864,0.042889289325103164,0.7795826683286577,0.8676059651188552,0.22765709925442934,0.9526581396348774,0.5277026747353375,0.20993098872713745,0.4912633902858943,15.553628710390743
0.7117139452602714,0.741456969641149,0.7067150608636439,0.1775596330408007,0.9627769500948489,0.12968227406963706,0.5485480879433453,0.3189844011794776,0.6947469883598387,0.3539020523894578,16.686223226637665
0.9973298977129161,0.334024494048208,0.869406663114205,0.8191033652983606,0.23859200067818165,0.35563304158858955,0.5156380694825202,0.1225205771625042,0.3688607115764171,0.9721849572379142,20.330370707162167
0.2279160765465349,0.40132079692557454,0.21641196589916945,0.23457154468633235,0.32517550606280565,0.9628506002482027,0.6640607870649546,0.3533766062464565,0.5742404733318835,0.7327764516230673,9.215408719243618
0.6535969839897007,0.7611670792102814,0.8036789228208363,0.5204364508390427,0.7482361444272101,0.8640125868842006,0.5413756791967899,0.906562432879582,0.7275731111876667,0.55897086719051,21.076610844020443
0.25212765159085393,0.8420905638486147,0.620053174206987,0.04515182878822088,0.06856774096377194,0.5217496622353792,0.822085922351107,0.3946195035241544,0.1010238213930279,0.015745761105790734,7.315185786928431
0.953698348486796,0.5060191967058927,0.7205435887444764,0.7359157195314765,0.08216093573719263,0.41773168719373643,0.26397273503243923,0.9000300557818264,0.0021647431422024965,0.7375825373455882,18.1428710300575
0.6328088089358062,0.23026100895367563,0.7640322363004088,0.6174763035960495,0.42524494347162545,0.5739210261963308,0.48856499092653394,0.6950178521219641,0.32891883910633624,0.10055272071622312,15.032702472253948
0.9731945700477809,0.5710137039422989,0.7230210115667433,0.4535741680301726,0.18705790652893484,0.6881452784873545,0.5200644813012332,0.6811053764540702,0.635948265902698,0.4108883645385504,15.939086692642466
0.1993683169130236,0.6892515979707241,0.537836475064978,0.6446678272914141,0.31792866345494986,0.06337221851572394,0.3617368182167411,0.15087616071105003,0.5226651560515165,0.6122834535781294,12.37523099025488
0.11054116720333695,0.8153753287624568,0.4293493549339473,0.16617364552803338,0.8909982789773494,0.32417663326486945,0.37305835960432887,0.3867294683586806,0.28507226472720504,0.956116586457938,9.068994356868409
0.2730852726381272,0.8117332456167787,0.33920527528971434,0.9439818391110748,0.22782563976943493,0.6979409498162568,0.4921144575346261,0.24315477441996336,0.4070096977520734,0.13145669014193118,17.079577691071762
0.14864838309586048,0.47122002323158085,0.8347929662559181,0.3911880045197904,0.9816143386997283,0.23956955992616713,0.20871476642787457,0.8758001339156181,0.8220096344593912,0.06080929562449455,13.996604981131895
0.4502395112067461,0.06537348311394453,0.030454306630417705,0.7004484469071031,0.8462461566086859,0.4408937571570277,0.4050869601778686,0.5938011363614351,0.38226098171435297,0.4320509291719645,17.294888057450763
0.48891209880821407,0.8114401537459344,0.9318619736004621,0.1488130099605769,0.5514230560511351,0.9223800345789641,0.4273464330472052,0.41551535902544856,0.11011638818308711,0.9765758749563247,18.825114500519003
0.29939181823283434,0.003276993054896593,0.3124626209028065,0.4297256146091968,0.14821401936933398,0.5058471180964261,0.30971663747914135,0.034242377150803804,0.6431922311894596,0.5500364426989108,4.9808980886361205
0.9820955074392259,0.8886700300499797,0.07333285035565495,0.5397416914347559,0.9822068032808602,0.440568974474445,0.23644897202029824,0.4790027558337897,0.19681225693784654,0.4754854594357312,18.869354099783227
0.7225508261471987,0.13105883309617639,0.1409025159664452,0.19671450136229396,0.4525962683837861,0.9061959374230355,0.27383163245394826,0.621475299121812,0.34425197378732264,0.6146792019717395,9.985755310329253
0.7299529374577105,0.28124987171031535,0.9442840898409486,0.2813147152774036,0.15819557989016175,0.010704951826483011,0.22717818315140903,0.057710856664925814,0.4470043941400945,0.24884951231069863,15.963914495229577
0.948784000473097,0.23236677492968738,0.4483637933153659,0.793650418985635,0.3909382913261652,0.00015707663260400295,0.298879018984735,0.09569620969705284,0.04171805502846837,0.5776128354482353,16.233045766442846
0.8282443955540657,0.569844935555011,0.18960514036007226,0.21890529966913164,0.8616337343119085,0.22599098761565983,0.8187958614435047,0.7319410417694598,0.06744629587046802,0.35313240229152143,18.121291339706847
0.0712655927054584,0.015506185358390212,0.5957874772138894,0.47683876287192106,0.05419607530348003,0.42241103178821504,0.7409487743861973,0.5019877604208887,0.16719427984207869,0.3092753579840064,4.727461782848146
0.9888263128232211,0.5749129308387637,0.21618462959304452,0.46730264462530613,0.8558976224157959,0.6534873615019023,0.4548053122125566,0.48891945416107774,0.7747019785456359,0.903030849294737,20.429087914347637
0.16407567099668086,0.8676554209087044,0.38200022536329925,0.5261818293947726,0.6433404642157257,0.6021733707748353,0.6403699615038931,0.00833536684513092,0.23642232385464013,0.5983009866904467,14.58380541103862
0.3418606906197965,0.4020276579540223,0.6863143930677325,0.4395082409027964,0.770110237877816,0.21388485515490174,0.9251724937930703,0.7089458059053868,0.05022348556667566,0.934381247498095,11.918758172563734
0.3117392261046916,0.034335143165662885,0.6195044580381364,0.8556990709621459,0.2636699196882546,0.7009236793965101,0.04990747617557645,0.7004230713937432,0.545207625022158,0.2197444026824087,12.440497066774334
0.9193360516801476,0.3293132809922099,0.8675827737897635,0.9008944181259722,0.9390991267282516,0.1178429655265063,0.26965922908857465,0.7050577441696078,0.9566595030482858,0.3418663970660418,24.52628173365078
0.8616356705315411,0.9067619203124195,0.5983151546679437,0.7428242370951921,0.7410520627163351,0.18208774994127452,0.31068636872805655,0.20707006216980517,0.9501059644389898,0.7595027710776776,17.33157265204795
0.9071220702026039,0.6411467448342592,0.4065980245359242,0.6569465561769903,0.7446420816704631,0.03760629706084728,0.9127612796146423,0.19090002472512424,0.5469343692529947,0.3588083542417735,21.40114153379269
0.43829262093640864,0.1458523680921644,0.5657895831391215,0.9321359775494784,0.3180168950930238,0.8533577625639737,0.3597026455681771,0.14715254516340792,0.08557932917028666,0.985984958242625,12.95208717849953
0.5112286617513746,0.7768504288978875,0.5575339612551033,0.8096452546305954,0.18258488015271723,0.9378580038901418,0.7495189951732755,0.2404422047547996,0.8989102968480438,0.2392733716405928,17.76945906877966
0.07101139216683805,0.3952110146638006,0.900350225623697,0.5951822639908642,0.8828876733314246,0.9221793108154088,0.2545050629414618,0.5310543801169842,0.2302619111724198,0.3395096480380744,14.124043319108523
0.8738610972650349,0.06912340316921473,0.1222005095332861,0.840585577301681,0.45729698543436825,0.00187892303802073,0.8979074207600206,0.6492379917763174,0.8072926325257868,0.3597586040850729,13.5624321770062
0.146757137728855,0.5764763664919883,0.22569278697483242,0.3255652622319758,0.9757878824602813,0.27383525180630386,0.7764342441223562,0.2935155052691698,0.6215832042507827,0.6647161559667438,11.654301017483421
0.4723008710425347,0.9659697306342423,0.719798285048455,0.5138185892719775,0.3325509373098612,0.8759178640320897,0.9082225549500436,0.19896616460755467,0.07323181116953492,0.1574996281415224,18.08121875517625
0.25058707501739264,0.4582834297325462,0.013609178131446242,0.38797542778775096,0.4954683242831379,0.6639209554996341,0.26714674569666386,0.1260046639945358,0.6828069125767797,0.9663162506185472,14.553184611114531
0.2302465436514467,0.9039444350637496,0.6994665288366377,0.4018417720217258,0.12971455557271838,0.5650751050561666,0.04612989374436438,0.17126309825107455,0.38059694436378777,0.12176296580582857,11.959818735174826
0.16874732146970928,0.31128652417100966,0.8280397232156247,0.09899649769067764,0.2845791345462203,0.7974932361394167,0.3632100315298885,0.35178106860257685,0.5031796898692846,0.8915603936184198,5.703560760181946
0.06577466311864555,0.406303332420066,0.8673983158078045,0.5919848121702671,0.10667163506150246,0.6460554965306073,0.6784956036135554,0.9338418617844582,0.34818584914319217,0.41641827090643346,10.389207932756376
0.2678245778661221,0.24517884734086692,0.6793714514933527,0.09388483804650605,0.9293261617422104,0.4868597397580743,0.569382717134431,0.15929707954637706,0.6923323064111173,0.261307914275676,8.27753747533
0.8146689583081752,0.6066237059421837,0.38925828668288887,0.5269507169723511,0.4429582974407822,0.4879620657302439,0.8448674860410392,0.5014717322774231,0.9455167674459517,0.9824203576426953,17.257324269248713
0.9331172704696655,0.6193640814162791,0.43750015110708773,0.7981011734809726,0.8758606382180005,0.8428373618517071,0.014733288204297423,0.41526041575707495,0.3718643495813012,0.8433860614895821,21.7158775471442
0.4348797460552305,0.8284356957301497,0.4130229784641415,0.47654521674849093,0.639030143385753,0.23445437173359096,0.5935719315893948,0.29986047139391303,0.9389766459353268,0.012914905324578285,19.001542704747685
0.7294684641528875,0.7098583600018173,0.3652019842993468,0.46779126743786037,0.7452889762353152,0.6946169908624142,0.37247888068668544,0.007986025419086218,0.7223664075136185,0.8612244888208807,17.4865726938504
0.25885949563235044,0.5176793069113046,0.5125625752843916,0.7452571832109243,0.9526825498323888,0.671745570609346,0.14398192055523396,0.1413544851820916,0.8289337523747236,0.39090002491138875,16.733833888817383
0.49171761819161475,0.3224502957891673,0.2537721968255937,0.04951861221343279,0.6596782845444977,0.7512476588599384,0.9780725475866348,0.8538928471971303,0.5189387889113277,0.8420094528701156,9.834144619571616
0.1409831396304071,0.7876964679453522,0.30751868593506515,0.4235064862295985,0.9363992174621671,0.24215995566919446,0.1461284547112882,0.056064582196995616,0.3190016751177609,0.9245669606607407,14.225718049552572
0.4194444708991796,0.4224445726722479,0.11269417381845415,0.512059242464602,0.4406045414507389,0.8414651178754866,0.28290907479822636,0.8652624434325844,0.7502039272803813,0.17661678115837276,15.912958247411192
0.41874147951602936,0.5956094055436552,0.6690249142702669,0.2889076394494623,0.6804864106234163,0.37228301796130836,0.22347264550626278,0.9874584928620607,0.3802774951327592,0.1581620811484754,13.188152546607443
0.10924900136888027,0.32690643635578454,0.585654383758083,0.42345944070257246,0.20440484816208482,0.9817698411643505,0.17899168864823878,0.4081556375604123,0.9191654564347118,0.9446455202996731,5.380946530842206
0.4147503913845867,0.7888529519550502,0.24494414334185421,0.42883570375852287,0.7390163871459663,0.46465643332339823,0.64917051512748,0.2952160316053778,0.898889415897429,0.552213660441339,18.549569700698928
0.40380629035644233,0.8171010732185096,0.49279742082580924,0.04848776920698583,0.9297631466761231,0.7748559943865985,0.15699971932917833,0.740007697371766,0.6101796082220972,0.44088041689246893,11.396018950302434
0.8646295559592545,0.7203133257571608,0.15478718862868845,0.012306546559557319,0.204974944004789,0.3872092207893729,0.11627634591422975,0.7398263670038432,0.32442183466628194,0.46708723600022495,12.70451886671551
0.4876607188489288,0.27910065511241555,0.8116991750430316,0.6527290048543364,0.5413908469490707,0.17104021180421114,0.6643382622860372,0.9297103895805776,0.30704002967104316,0.09669721755199134,15.145612196045446
0.6729280170984566,0.5337479307781905,0.5297663966193795,0.4389183276798576,0.45530424220487475,0.2541261506266892,0.3013205351307988,0.35741567495279014,0.9020185163244605,0.578255967469886,15.191003791484304
0.2638750073965639,0.9866039538756013,0.0034863026812672615,0.5500755950342864,0.935816683107987,0.5534734078682959,0.5369849093258381,0.16187701770104468,0.13306967657990754,0.8598352004773915,23.01181062771371
0.6274305582046509,0.5519423068035394,0.43767881370149553,0.28445656038820744,0.15639684372581542,0.9021607649046928,0.09686714573763311,0.8444797089323401,0.45672794594429433,0.5894573319237679,12.491564176376347
0.8447662291582674,0.09080209769308567,0.06438905466347933,0.21372700459323823,0.48780721076764166,0.0673203996848315,0.2587617812678218,0.6911864164285362,0.9102045216131955,0.430876660393551,10.169122488583088
0.8471295142080635,0.6723003361839801,0.498462577117607,0.28598889615386724,0.03198898630216718,0.29451866121962667,0.5565920344088227,0.4019822890404612,0.546255650697276,0.1682701630052179,11.850777040411625
0.8470581038855016,0.30730638839304447,0.6908275096211582,0.11619091127067804,0.8276429793331772,0.21125382441096008,0.2691129385493696,0.8134206917602569,0.9818208811338991,0.7852536404971033,13.855963658807983
0.9572289818897843,0.2986917004454881,0.5828269522171468,0.0781275148037821,0.8734825947321951,0.9621295377146453,0.9416037844493985,0.6614205571822822,0.47292450559325516,0.09796322113834321,12.351276732462619
0.01135225291363895,0.5875321833882481,0.763708229875192,0.287050565937534,0.6357603420037776,0.6241633165627718,0.3419752537738532,0.026036325376480818,0.1754499718081206,0.7041355930268764,9.337546359890961
0.4883299428038299,0.21898425836116076,0.47590099554508924,0.6996104321442544,0.5003066398203373,0.2417365456931293,0.2637271157000214,0.6064436442684382,0.7550190642941743,0.8744119801558554,11.654086200830312
0.7307075976859778,0.33632603799924254,0.8153131054714322,0.88433254417032,0.3922526079695672,0.3098048106767237,0.48384157568216324,0.5738552822731435,0.23729940643534064,0.650736141949892,21.076695697511315
0.5449151925276965,0.9891078895889223,0.9868657218758017,0.7684349757619202,0.3538735650945455,0.6638217042200267,0.3796437915880233,0.49640446715056896,0.349764454877004,0.31376498681493104,24.95488814400707
0.5547891112510115,0.3594576334580779,0.35076874145306647,0.3836920205503702,0.22168047889135778,0.7648286239709705,0.7413413503672928,0.5357166882604361,0.9941375639755279,0.45948056504130363,9.874263576686733
0.23086378490552306,0.6835668445564806,0.3019993342459202,0.14957474963739514,0.5531330187804997,0.026925814803689718,0.5696544672828168,0.8295339767355472,0.714593592332676,0.6323502429295331,9.124257051006104
0.6775953932665288,0.2709366772323847,0.14762583537958562,0.5990404468029737,0.21792166586965322,0.22038584668189287,0.5816115790512413,0.32742599747143686,0.7274157030042261,0.5613443606998771,14.437109118444486
0.1613880645018071,0.16307595395483077,0.9413448721170425,0.3825452912133187,0.2961652351077646,0.5024430186022073,0.8388134266715497,0.9913078104145825,0.6991637542378157,0.08775580651126802,9.925840564904846
0.10978783341124654,0.1988029011990875,0.31621957500465214,0.3456831485964358,0.2619600894395262,0.34978485270403326,0.27049945457838476,0.06834452273324132,0.9894607807509601,0.8703543692827225,6.732730000737369
0.5966855471488088,0.11934434459544718,0.3362631786148995,0.07974705751985312,0.7375539015047252,0.08243155525997281,0.560065487632528,0.13193955877795815,0.7721933017019182,0.06607484281994402,7.742492432419102
0.33195467945188284,0.10055106901563704,0.2652113609947264,0.18195712054148316,0.7441592589020729,0.7458554306067526,0.3831078147049993,0.8887582258321345,0.2894798789639026,0.9143171769101173,8.980307767488688
0.6884599551558495,0.44922252534888685,0.2852474993560463,0.9833646803162992,0.8188055900391191,0.17712856992147863,0.9068379057571292,0.23727153381332755,0.7349985875189304,0.22416226053610444,21.891663673668482
0.3742129863239825,0.891795655246824,0.6484767619986087,0.6817316536325961,0.6187982738483697,0.926569138886407,0.6755156263243407,0.6744610075838864,0.24154606880620122,0.23030237178318202,19.98161567932001
0.4452165903057903,0.7180375198367983,0.5717840360011905,0.7084955028258264,0.29877956700511277,0.6629823399707675,0.769556034822017,0.5522328668739647,0.6564101644326001,0.15065768151544034,16.66832965273244
0.7509444684255868,0.8175590310711414,0.8448063414543867,0.6585003652144223,0.7668351167812943,0.1609362941235304,0.30382988951168954,0.375194028718397,0.6347831294406205,0.572836720617488,20.11332604963734
0.09815868362784386,0.5948844728991389,0.81520060217008,0.5698904595337808,0.10802505607716739,0.8692166730761528,0.6845697539392859,0.3347248954232782,0.4542473326437175,0.3974966942332685,9.252004300916015
0.48976891161873937,0.8292857105843723,0.5927808799315244,0.36975814355537295,0.5752131699118763,0.8247950801160187,0.3349207069259137,0.9328001220710576,0.5280259016435593,0.10151889431290329,16.75772825540585
0.007287428015843034,0.49070547986775637,0.12336474936455488,0.44034926290623844,0.023758485913276672,0.6529000964947045,0.2907316356431693,0.9989332826808095,0.795254101511091,0.8446348896250129,6.104525530034046
0.10874033020809293,0.10372935142368078,0.6449594274163246,0.5767397759482265,0.6332094031386077,0.9503348958678544,0.7976822860073298,0.5751776730176061,0.3379840082488954,0.11005170084536076,9.128047437864144
0.21478235721588135,0.595367677276954,0.231408238876611,0.05392774217762053,0.968581500230357,0.6575352968648076,0.25137905799783766,0.02601129817776382,0.5643875896930695,0.44479030347429216,11.03558945272034
0.9112197789363563,0.7885911115445197,0.664709537755698,0.2825985108502209,0.9926178762689233,0.6238279624376446,0.8703288557007909,0.28937813569791615,0.011100581381469965,0.989270482910797,16.104851803199065
0.36845208797603846,0.4211738749872893,0.49633384263142943,0.027075359830632806,0.686954733915627,0.8740616689901799,0.031617332715541124,0.605029072612524,0.44639146444387734,0.46616254933178425,8.98572606122698
0.9540431832429022,0.3813007138669491,0.22462648572400212,0.8063511422369629,0.8926010460127145,0.21133323456160724,0.34086385765112936,0.07142265909351408,0.7906773830763996,0.007032263092696667,23.865784924382314
0.3535866290330887,0.6666365126147866,0.6411542578134686,0.5628824774175882,0.6156743746250868,0.2513213134370744,0.027767375577241182,0.15623185480944812,0.7467398648150265,0.4393353380728513,13.51517663907487
0.18988224817439914,0.08886864595115185,0.6184593110810965,0.42802061093971133,0.38941413233987987,0.5822534146718681,0.2508648110087961,0.7381572285667062,0.5839930719230324,0.00937933032400906,5.865400985631503
0.11571544082835317,0.028542840154841542,0.9645714517682791,0.7619444392621517,0.6763588995672762,0.9249637017492205,0.4169604512862861,0.513665537815541,0.7237319278065115,0.8774803706910461,15.167477419737109
0.3515120046213269,0.8240291173569858,0.2292852750979364,0.13075208757072687,0.14498356729745865,0.1874324339441955,0.3058275349903852,0.3655091063119471,0.1233843076042831,0.2235992297064513,13.626828649626077
0.03573658666573465,0.3303405020851642,0.7961551751941442,0.7156599091831595,0.10810737707652152,0.5074207792058587,0.7063428442925215,0.31832958618178964,0.24434092780575156,0.45317372540012,10.3315087588648
0.20341782295145094,0.7875493885949254,0.8236918232869357,0.6668307294603437,0.6333525255322456,0.01360939908772707,0.9449484571814537,0.3984777939040214,0.9222836669068784,0.11269784905016422,15.647889368609958
0.4716897008474916,0.5420316706877202,0.027760186698287725,0.6901415858883411,0.08908509952016175,0.8037553504109383,0.5101925835479051,0.7377908262424171,0.8964277817867696,0.17067782930098474,16.715038204346477
0.8683891722466797,0.2778717300388962,0.02711548120714724,0.5510926039423794,0.31231074733659625,0.6327364186290652,0.4610069275368005,0.9237469141371548,0.04446759889833629,0.8681245327461511,19.4816100168531
0.8727966067381203,0.9158050548285246,0.6596537441946566,0.3526516647543758,0.9803272727876902,0.41887392895296216,0.7936943473760039,0.5627395540941507,0.7896454744040966,0.21755198948085308,15.092499125656602
0.5439246648456901,0.8120395541191101,0.9830759787000716,0.9938776467461139,0.3100269769784063,0.5400261299218982,0.4641843093559146,0.34820845373906195,0.2664869313593954,0.26676118187606335,25.756383692060044
0.4024731528479606,0.7927792218979448,0.9452685688156635,0.3760290846694261,0.27857835800386965,0.7131374096497893,0.0677409281488508,0.7426636314485222,0.43185549578629434,0.42466700985096395,18.368433652525276
0.16673570801503956,0.7887827341910452,0.3824627138674259,0.1333180102519691,0.9083008572924882,0.3718659139703959,0.8134857406839728,0.34736587130464613,0.0884592819493264,0.630561372730881,10.993797052997465
0.010037143714725971,0.5998704745434225,0.3116706358268857,0.21399375516921282,0.5264704315923154,0.016597687732428312,0.6242220550775528,0.3818978979252279,0.12120888265781105,0.7057895427569747,8.034528278109383
0.9220368231181055,0.6497346251271665,0.7372601381503046,0.6331157381646335,0.03486512182280421,0.9832184149418026,0.42536375974304974,0.473273403942585,0.9955502552911639,0.6964553340803832,17.107732112181164
0.8151311830151826,0.6543010345194489,0.9383635025005788,0.18594967131502926,0.8594018924050033,0.5847442173399031,0.25385196041315794,0.43428087676875293,0.8571624748874456,0.8347853044979274,20.62633465449742
0.5980570141691715,0.2883276960346848,0.8809228423051536,0.34972414071671665,0.45949283451773226,0.5039070381317288,0.9687485387548804,0.15342318802140653,0.0985069191083312,0.9342362040188164,15.327388833447284
0.7359242383390665,0.8443455807864666,0.4928669324144721,0.409834855934605,0.1328155379742384,0.6512824110686779,0.39288551709614694,0.7594266214873642,0.4327158350497484,0.6017775484360754,13.870609596186284
0.3113270488101989,0.9258547122590244,0.14026936353184283,0.49148142128251493,0.8954365032259375,0.2396881254389882,0.20329143037088215,0.27248057490214705,0.4605139943305403,0.6943546268157661,21.08084277710626
0.886871533934027,0.22478336142376065,0.8511124879587442,0.41934492415748537,0.8201288809068501,0.7249613662716001,0.4344326062127948,0.5432949275709689,0.5619315798394382,0.1780095228459686,17.856830903664477
0.24732828326523304,0.46301725995726883,0.4716056166216731,0.04690214223228395,0.8508256366476417,0.9870019527152181,0.6640629714820534,0.03849969734437764,0.9482274127658457,0.09020797093398869,8.249787271150709
0.45004893676377833,0.5194789320230484,0.05611472995951772,0.8353403324726969,0.7240780384745449,0.24529629410244524,0.824519342975691,0.6455435145180672,0.3285282123833895,0.7380329174920917,22.02321318651534
0.6723298653960228,0.006492033367976546,0.02000918472185731,0.4061301916372031,0.2225676318630576,0.6195163356605917,0.9796979096718132,0.0687305754981935,0.23270963644608855,0.9942837639246136,10.378723717059945
0.5963914827443659,0.6828916694503278,0.4003171091899276,0.16456922562792897,0.7098341633100063,0.22132439259439707,0.5749699883162975,0.41825435077771544,0.5717114373110235,0.11156333540566266,13.189101596036782
0.4184542722068727,0.9819607350509614,0.6745824352838099,0.2190434979274869,0.6830045992974192,0.568641159683466,0.47697599953971803,0.8595990044996142,0.2632753299549222,0.7594461266417056,15.30654700855649
0.4733143546618521,0.5236019459553063,0.0967889113817364,0.18554885382764041,0.6027946050744504,0.036411344073712826,0.8859655044507235,0.4388150065205991,0.989596999483183,0.2678109847474843,15.563003137495008
0.6433949074707925,0.4969698644708842,0.9940594274085015,0.10277483123354614,0.05958728399127722,0.5390929377172142,0.9890890996903181,0.25080386525951326,0.6229137766640633,0.3171810416970402,14.508731490215348
0.5694901866372675,0.1028257180005312,0.8051456862594932,0.021997468546032906,0.0739488594699651,0.6133370471652597,0.4578199100214988,0.1454643956385553,0.6359416909981519,0.006114361574873328,4.888674440368577
0.7991135565098375,0.22395521705038846,0.8600579656194896,0.9943046285770833,0.9132735433522612,0.7449840812478215,0.14708821382373571,0.7278464955743402,0.6293546436354518,0.5085565773770213,23.021549902650648
0.6838748762384057,0.270553590497002,0.6658606519922614,0.01643768814392388,0.16762975859455764,0.6510158483870327,0.80026197549887,0.24757581925950944,0.5624276858288795,0.9653544607572258,5.6476008620220615
0.9012825349345803,0.6999389510601759,0.2281188266351819,0.09202591283246875,0.4623940815217793,0.3630501131992787,0.9943725932389498,0.4353019187692553,0.858801465248689,0.5862926007248461,13.925248957502127
0.38267416856251657,0.4078174193855375,0.3355622061062604,0.22624176647514105,0.9986091610044241,0.639300852548331,0.33930383273400366,0.9261409630998969,0.8288037145975977,0.20262848073616624,13.060744053521141
0.8167460286058486,0.837220826651901,0.8751140197273344,0.8043775032274425,0.9027222332078964,0.5333631662651896,0.47981510194949806,0.0456763778347522,0.4420020212419331,0.0023337320890277624,24.65799231670794
0.9073899092618376,0.21950085344724357,0.9818278988823295,0.24463271349668503,0.8329104320146143,0.06361070834100246,0.865978280082345,0.25579160335473716,0.4802553376648575,0.2887006886303425,16.682794921097695
0.6756280865520239,0.7223974554799497,0.2640395858325064,0.30529991164803505,0.43874237104319036,0.4312655907124281,0.4345131856389344,0.255303394747898,0.9644333811011165,0.8984130423050374,16.048044033388095
0.8284834933001548,0.0749173907097429,0.12152022193185985,0.4171280488371849,0.6937506126705557,0.9633509053383023,0.9909969104919583,0.40822338592261076,0.94073845166713,0.19482128345407546,11.921904162994458
0.3176044267602265,0.8232656614854932,0.29121424560435116,0.7361867763102055,0.559541849186644,0.07245367579162121,0.7844033949077129,0.3557599587365985,0.7381028751842678,0.8317133879754692,18.056693835250847
0.9677427976857871,0.4692305945791304,0.2841236023232341,0.2216224370058626,0.19669016683474183,0.6043371763080359,0.6826831551734358,0.331233415286988,0.10293667716905475,0.6794206488411874,14.075427690307112
0.4911187724210322,0.7412763745523989,0.11006664671003819,0.5962604095693678,0.6293084782082587,0.46371214813552797,0.8180950144305825,0.6996749746613204,0.19895362691022456,0.6361459239851683,20.330317795527982
0.5176033140160143,0.11342572048306465,0.6502587425056845,0.5711478323210031,0.784777068765834,0.6730218268930912,0.358033501310274,0.45138550689443946,0.05455280723981559,0.270863298792392,12.684456872455856
0.8296717044431716,0.7358692346606404,0.6510979165323079,0.8226989877875894,0.20652581774629653,0.3444100306369364,0.679302429780364,0.7899772119708359,0.5277073993347585,0.8531247270293534,19.576383491536593
0.30299317836761475,0.21407522610388696,0.3950487526599318,0.584795332280919,0.46389930439181626,0.2583255507051945,0.40506407734937966,0.6899012967478484,0.41521927807480097,0.8407056401483715,10.905963248009197
0.05224366835318506,0.8822369307745248,0.5241744234226644,0.13494970998726785,0.9036301427986473,0.4650515220128,0.9304439104162157,0.542452365392819,0.6282542990520597,0.776134975021705,6.735393990305037
0.4039206907618791,0.9795914075803012,0.5636557815596461,0.6648999231401831,0.7619596391450614,0.9075559221673757,0.5234339158050716,0.5583582317922264,0.9603643084410578,0.15562978014349937,19.911824166330216
0.15485720126889646,0.21869132411666214,0.8133337951730937,0.8626570969354361,0.9366361740976572,0.6188750071451068,0.26538223773241043,0.6962890636641532,0.8307500963564962,0.39517149375751615,16.565239524206483
0.09509262023493648,0.6306006263475865,0.05640022433362901,0.8732031979598105,0.6962640560232103,0.7762239535804838,0.3664806350134313,0.7088441625237465,0.9411928814370185,0.11858360515907407,18.02304225778221
0.1978418247308582,0.10261292126961052,0.060496796388179064,0.33814163180068135,0.9399214789737016,0.9764300724491477,0.3288654254283756,0.16308857197873294,0.18554953671991825,0.2305081591475755,13.078283664684523
0.3200126083102077,0.2745608389377594,0.7552350023761392,0.7861625363584608,0.20497224084101617,0.053678808035328984,0.0024739662185311317,0.20771609339863062,0.36817828589119017,0.9545130033511668,13.129513203964597
0.10280162305571139,0.2678408809006214,0.40270962519571185,0.9647335577756166,0.7813772263471037,0.3101228983141482,0.2906614034436643,0.657370871398598,0.5641107505653054,0.38736933865584433,13.009578268642798
0.164047259837389,0.08181370608508587,0.17891458375379443,0.5809556259773672,0.9795852473471314,0.11196401109918952,0.8675501856487244,0.5648909606970847,0.7818775570485741,0.8090059023816139,14.178367373723953
0.13568554748781025,0.7627285430207849,0.222279415698722,0.11087178299203515,0.4304837144445628,0.12274010595865548,0.9958919209893793,0.49060811940580606,0.28757368167862296,0.47878946643322706,10.300244931350031
0.8775882804766297,0.5122344638220966,0.7684360868297517,0.1179212131537497,0.7425553465727717,0.08554252982139587,0.04456837917678058,0.632042973767966,0.1153711301740259,0.9211583931464702,15.657675541414134
0.38491584453731775,0.11327942623756826,0.16748877381905913,0.9603412367869169,0.42682682257145643,0.9954397235997021,0.43601703620515764,0.23221118212677538,0.15158755285665393,0.5850649741478264,16.070535309809138
0.9323455987032503,0.4376841364428401,0.32052969723008573,0.12899176310747862,0.041748441057279706,0.8799952936824411,0.4212232807185501,0.06540401210077107,0.6073485156521201,0.28321908437646925,10.89412346629069
0.8087868557777256,0.8138856382574886,0.9867240933235735,0.09779532137326896,0.4582395968027413,0.49540614266879857,0.7739984975196421,0.7637254211585969,0.9084999111946672,0.6712312255986035,16.186928826475636
0.601177514763549,0.25104595138691366,0.8290767148137093,0.7196258576586843,0.8212295433040708,0.9978768210858107,0.43842704058624804,0.8195041557773948,0.041832486633211374,0.0408890419639647,18.62219080213436
0.1821136479265988,0.7950958665460348,0.451663889689371,0.6281110991258174,0.34195196512155235,0.5264535315800458,0.8146172924898565,0.5391989732161164,0.8776954999193549,0.6817157429177314,12.335798757580413
0.1924979912582785,0.9961670744232833,0.9168472753372043,0.8082721433602273,0.6745457167271525,0.35355505626648664,0.3936373330652714,0.7628083701711148,0.6484021986834705,0.8040571014862508,20.00362533664379
0.8640380799770355,0.3834844804368913,0.30599366617389023,0.5991856933105737,0.33036367408931255,0.7265817325096577,0.3781291099730879,0.2846960809547454,0.7008449856657535,0.6041933484375477,17.117604917406407
0.4724532118998468,0.7389286267571151,0.19387848186306655,0.06258348724804819,0.6982763633131981,0.9550907041411847,0.14830885757692158,0.18215846735984087,0.38479251880198717,0.8597166447434574,15.596928672152387
0.990211338037625,0.3714203124400228,0.5837947211693972,0.00822075130417943,0.33672821754589677,0.7969074957072735,0.7231523739174008,0.3298715017735958,0.620212618028745,0.594815795077011,11.494803921730314
0.12064200756140053,0.6177241732366383,0.2871997735928744,0.7790034303907305,0.533898635301739,0.9939192973542958,0.7122741756029427,0.6150038514751941,0.21168259344995022,0.9728416216094047,12.541877027963265
0.16874225647188723,0.923202786128968,0.7323358994908631,0.2548279264010489,0.00940264598466456,0.3810080047696829,0.8619827241636813,0.73118124040775,0.35346885793842375,0.5046491252724081,9.358338211816479
0.9366632457822561,0.8583209770731628,0.37576708872802556,0.8056166779715568,0.37580739124678075,0.38379076961427927,0.08502719039097428,0.11830042372457683,0.5191937068011612,0.707572182174772,15.783832326861647
0.5287595428526402,0.7095513641834259,0.5481749209575355,0.38132318248972297,0.740317699033767,0.501710532233119,0.015298988204449415,0.6019878163933754,0.08227219106629491,0.4400713983923197,16.206610541199318
0.07179735880345106,0.001641798298805952,0.5042153913527727,0.6220855985302478,0.33825664105825126,0.5230147319380194,0.20380779588595033,0.19480831013061106,0.760940280277282,0.8993033650331199,8.795094699493415
0.7476167124696076,0.3254646898712963,0.8649311703629792,0.9063137425109744,0.5172562189400196,0.6867646046448499,0.12337535060942173,0.9219377480912954,0.23946579452604055,0.4110854514874518,23.656235586616383
0.15415526740252972,0.5626880663912743,0.6134176822379231,0.4782415614463389,0.9062504176981747,0.7214286839589477,0.5968918367289007,0.8913985162507743,0.20503363013267517,0.10673722182400525,11.162174042385388
0.5980755407363176,0.8172535090707242,0.25392255280166864,0.3094919004943222,0.6962082181125879,0.42759920796379447,0.6647819504141808,0.09968195646069944,0.3915146964136511,0.14065901283174753,17.172154975197287
0.6010955271776766,0.6446983583737165,0.9840220990590751,0.6370773774106055,0.10439372225664556,0.06233622250147164,0.3668449786491692,0.38366919406689703,0.9143214307259768,0.21430899226106703,22.17509375983772
0.8026770758442581,0.2105425987392664,0.8746205971110612,0.3922557723708451,0.049805356189608574,0.8559040417894721,0.3617272009141743,0.30422684364020824,0.6494703711941838,0.5457094290759414,12.903346365488058
0.32416903716512024,0.5041030757129192,0.2539329961873591,0.1345560986083001,0.6718196810688823,0.448895723791793,0.23271019523963332,0.8979340412188321,0.36413112469017506,0.3635263633914292,11.527836927793183
0.9233347494155169,0.6526375750545412,0.6081689114216715,0.5182754306588322,0.27175354468636215,0.002871408360078931,0.6136254901066422,0.5804857979528606,0.3887946589384228,0.30816245661117136,14.869945086099483
0.9428500263020396,0.48131026211194694,0.6240740600042045,0.5589615518692881,0.5196513012051582,0.27258489886298776,0.06525547103956342,0.07894300948828459,0.3775822774041444,0.23282842128537595,16.784807976553314
0.9322617948055267,0.31600495311431587,0.13769575930200517,0.9686724892817438,0.7176916941534728,0.6978943825233728,0.757268809247762,0.2877155374735594,0.8740050147753209,0.32082310947589576,23.986945055535617
0.3208644753322005,0.07492892327718437,0.6812917732167989,0.7145045509096235,0.5389769847970456,0.8676638447213918,0.31626394600607455,0.015279239043593407,0.11285774759016931,0.6747398858424276,10.959580320921333
0.44893342535942793,0.835450234124437,0.06092742923647165,0.5489244230557233,0.40321256150491536,0.2570405479054898,0.3684404082596302,0.16352835693396628,0.6806090499740094,0.47859509638510644,21.111327069987908
0.6705753596033901,0.8458583320025355,0.9640371843706816,0.09705370618030429,0.06044885190203786,0.9371301338542253,0.5960170980542898,0.27944162976928055,0.3387873833999038,0.9991398262791336,16.01103965326647
0.00972307100892067,0.06684892601333559,0.7959322782699019,0.39988988428376615,0.9132126120384783,0.28786309459246695,0.0830948892980814,0.20129647431895137,0.6425405885092914,0.18568257009610534,12.057442193725743
0.1254194078501314,0.8269480979070067,0.6843369754496962,0.7376846517436206,0.19770724070258439,0.10023605031892657,0.6644032129552215,0.0029177465476095676,0.7165434053167701,0.7626304817385972,11.506900724088739
0.1581393622327596,0.7133826797362417,0.9443240468390286,0.8750085728242993,0.7318585787434131,0.5247101655695587,0.9598691607825458,0.8231645626947284,0.6794408147688955,0.7880638621281832,20.1375875315085
0.8341045815031976,0.18279232759959996,0.3390126309823245,0.6336069975513965,0.17692203354090452,0.8747473442927003,0.735434006433934,0.31251387507654727,0.5981646350119263,0.8899456835351884,12.23111139555689
0.4482491356320679,0.4369121468625963,0.8396972739137709,0.9610390169546008,0.44612380117177963,0.6403660860378295,0.29513733903877437,0.9842763342894614,0.7125813870225102,0.2275271147955209,18.715976365419067
0.2792279217392206,0.7534782916773111,0.8341904797125608,0.7152376887388527,0.6508023317437619,0.8566282298415899,0.5410690039861947,0.7127075956668705,0.29831586102955043,0.7890838328748941,19.293121353670788
0.8390724677592516,0.34665065980516374,0.891027940204367,0.08646547561511397,0.7978934976272285,0.7582951146177948,0.004524414194747806,0.92047059093602,0.2751161630731076,0.7631334827747196,17.032580402661463
0.3154396191239357,0.27777568507008255,0.43327731522731483,0.4060615946073085,0.7632418051362038,0.4701752334367484,0.14142814720980823,0.048684048000723124,0.3904057939071208,0.012381359934806824,10.60001614702325
0.13150204392150044,0.14969726838171482,0.5920364838093519,0.22432533791288733,0.3733277216088027,0.428643936291337,0.5999140674248338,0.34318173327483237,0.23683445528149605,0.9747957817744464,4.1293506186424915
0.3735245652496815,0.3547961045987904,0.22780627524480224,0.8089576028287411,0.34381449897773564,0.7951497244648635,0.4822863223962486,0.6541915629059076,0.4427218227647245,0.16693896031938493,16.529960082693883
0.35560576478019357,0.7598225201945752,0.3538819798268378,0.9626265477854759,0.11034124880097806,0.18504283064976335,0.24028153251856565,0.09951897733844817,0.3323992434889078,0.9516260426025838,19.058579301679988
0.029940739972516894,0.07259795325808227,0.10254651377908885,0.45708440127782524,0.9503807411529124,0.008697736077010632,0.9990410290192813,0.37165731214918196,0.9352827779948711,0.9118733555078506,12.61004658424856
0.9349916793871671,0.39489472145214677,0.8581169997341931,0.29327956843189895,0.8518425449728966,0.42734296270646155,0.6028391106519848,0.5444956354331225,0.7322629822883755,0.9155709312763065,18.51214284539711
0.04463162389583886,0.001440244261175394,0.15037620696239173,0.5018489332869649,0.724772430723533,0.2633925979025662,0.25352134997956455,0.08993175672367215,0.08270162250846624,0.22123790346086025,11.95879498842139
0.4879055470228195,0.019313350785523653,0.5534572105389088,0.8632485303096473,0.24599976767785847,0.7655614337418228,0.7215870574582368,0.2418712843209505,0.09737258474342525,0.029527452075853944,11.310492544477357
0.6854884661734104,0.9169553937390447,0.3971184722613543,0.764369044220075,0.9389805062673986,0.35164132434874773,0.3914258948061615,0.6222557346336544,0.45962216332554817,0.8035788582637906,23.88863107783649
0.3528651795350015,0.1580550647340715,0.8636591632384807,0.6405864127445966,0.46296430425718427,0.17408338352106512,0.7659877580590546,0.4956110406201333,0.9576587066985667,0.4662232082337141,13.452514447869381
0.9687793417833745,0.28116842173039913,0.517446807352826,0.9096259893849492,0.07596089760772884,0.35502145788632333,0.9374293433502316,0.24837710638530552,0.4833734827116132,0.6376496800221503,18.04914027671048
0.8455559613648802,0.4169507303740829,0.17419368331320584,0.8526259148493409,0.4514635226223618,0.9096873851958662,0.23780127428472042,0.9609097605571151,0.4085239509586245,0.9340881041716784,21.265675893313464
0.24724266631528735,0.4024114648345858,0.8641906348057091,0.3119950871914625,0.3538763099350035,0.42076508956961334,0.583904959494248,0.4949836954474449,0.8123264161404222,0.7953047065529972,10.019215569214676
0.4010661137290299,0.5534672429785132,0.12935035396367311,0.784893084783107,0.291876862058416,0.03471429762430489,0.5907081430777907,0.4481263277120888,0.20339766144752502,0.1665488318540156,20.79066427111727
0.8442887093406171,0.2625457134563476,0.71230005659163,0.40584245044738054,0.3863614753354341,0.7754879866261035,0.1619549049064517,0.10340729937888682,0.12571940920315683,0.8288377001881599,13.536512652579226
0.5305470244493335,0.33927290770225227,0.5070163868367672,0.39590292843058705,0.10464269807562232,0.42824493953958154,0.891751664923504,0.24638878437690437,0.4069522125646472,0.39636105252429843,8.748756522605191
0.12512065516784787,0.9043766395188868,0.7471798106562346,0.0078115316573530436,0.04115158854983747,0.7532095669303089,0.5755804989021271,0.12329032318666577,0.06492693186737597,0.311097469413653,5.237353602681297
0.5081973497290164,0.39272884791716933,0.315230306237936,0.9067131394986063,0.8680815557017922,0.7004455672577024,0.7190276908222586,0.6017746948637068,0.6983219718094915,0.6589537397958338,18.873417319624195
0.047728039557114244,0.2651016160380095,0.23702942579984665,0.1224792031571269,0.23290058597922325,0.4881951294373721,0.5624405047856271,0.022419122979044914,0.7147686830721796,0.8094736966304481,5.421739372805087
0.7034277257043868,0.5524019589647651,0.9818501241970807,0.4053721074014902,0.6369819487445056,0.6104185583535582,0.18087213509716094,0.05311266263015568,0.3355082699563354,0.11596880131401122,21.12839819859731
0.44927366846241057,0.28326782840304077,0.566832609474659,0.09787042997777462,0.44584276946261525,0.16848041815683246,0.13456018455326557,0.5819879192858934,0.3889737722929567,0.49267574679106474,8.228619374880232
0.07196599571034312,0.6800139041151851,0.10385135724209249,0.47480857628397644,0.5104750988539308,0.2821236285381019,0.9082167237065732,0.8928071642294526,0.1615385978948325,0.03646703599952161,10.887763359350583
0.136091883527115,0.006653546588495374,0.8781711889896542,0.4450562703423202,0.7803921741433442,0.9863624193239957,0.7808144490700215,0.7846037859562784,0.458463252754882,0.5700649518985301,10.331791480295696
0.1693342828657478,0.22530573653057218,0.8970469776540995,0.31843749340623617,0.03030854230746627,0.8972795915324241,0.23467524955049157,0.04553455812856555,0.45810687984339893,0.3078987067565322,7.768808877892486
0.7145272532943636,0.10858725500293076,0.4428147959988564,0.31552691920660436,0.9206213494762778,0.14693410973995924,0.32636309042572975,0.5029460759833455,0.48219645395874977,0.3001673612743616,11.318317727664251
0.01573433494195342,0.7384546685498208,0.8639932880178094,0.37262214184738696,0.23344696988351643,0.6938382734078914,0.09146604966372252,0.20410725567489862,0.9342532765585929,0.9860724322497845,8.99113093473458
0.6222295826300979,0.753229996887967,0.1443420024588704,0.9920395174995065,0.827167917508632,0.8016752146650106,0.832278395537287,0.6455886333715171,0.3793959100730717,0.7700949381105602,27.526584026475856
0.010403081541880965,0.8887368838768452,0.5667181441094726,0.6279844476375729,0.1602949418593198,0.33320786780677736,0.37941980990581214,0.13397711608558893,0.19903149199672043,0.7453466129954904,6.657164931689235
0.7611944465897977,0.40807435009628534,0.23601409723050892,0.7120183031074703,0.823149403790012,0.23374668788164854,0.3349615519400686,0.14176309783942997,0.5127492214087397,0.2864886745810509,21.043004045847024
0.11104086460545659,0.06875029322691262,0.699540677247569,0.053000980289652944,0.4374097711406648,0.9124332992359996,0.6806668462231755,0.3121798245701939,0.1604661017190665,0.3082406979519874,3.5867720802442897
0.8103984519839287,0.1668648689519614,0.84567762282677,0.049012881238013506,0.43375073024071753,0.06612153421156108,0.11285715224221349,0.7423207962419838,0.9023643545806408,0.6143792294897139,10.182039868545354
0.43372464645653963,0.7089198033791035,0.09335170057602227,0.8880163501016796,0.9139196737669408,0.3085659488569945,0.7527960587758571,0.6590760806575418,0.11422821530140936,0.039319772040471435,23.42737830375355
0.07106716651469469,0.10536859720014036,0.1633585011586547,0.9474718482233584,0.21604106365703046,0.21577353263273835,0.4148554843850434,0.8970930811483413,0.010886873817071319,0.7621087476145476,12.95979072165611
0.35863305488601327,0.5349295584019274,0.3590097038540989,0.5761243877932429,0.9933593957684934,0.21969542978331447,0.4971289508976042,0.45509755052626133,0.04472756618633866,0.5029136885423213,17.222107706798564
0.7883821895811707,0.6818990686442703,0.7105062510818243,0.010630361968651414,0.29081377503462136,0.7046744613908231,0.7595847856719047,0.5699313022196293,0.8482869027648121,0.8912090661469847,13.649913108936445
0.5960371068213135,0.05628816271200776,0.7436874192208052,0.1533141676336527,0.3561050468124449,0.7525112987495959,0.37669772026129067,0.9014541797805578,0.6511969401035458,0.8257273968774825,5.943567591121877
0.4973445856012404,0.38801810960285366,0.33312328695319593,0.6661459412425756,0.2716587649192661,0.548499986063689,0.3353112209588289,0.23023589048534632,0.5194819595199078,0.9879465694539249,14.576464467402747
0.30388287268579006,0.5038149103056639,0.10071373730897903,0.8952327785082161,0.8997451940085739,0.16474996181204915,0.30001495871692896,0.8715302932541817,0.43171364557929337,0.7068012326490134,20.20625916342029
0.020015469752252102,0.7184724367689341,0.9925019403453916,0.8242105564568192,0.8424874299671501,0.6704838906880468,0.03622596291825175,0.2804266572929919,0.29203823138959706,0.5905511199962348,19.787465582314727
0.4161519736517221,0.8281027819029987,0.7151306781452149,0.5604251986369491,0.5297992951236665,0.34137548645958304,0.5483536149840802,0.0104467305354774,0.8901323131285608,0.47877596761099994,19.180287763500754
0.9265410774387419,0.6818595407530665,0.07543476717546582,0.660910572623834,0.4158096336759627,0.563974880380556,0.12387312552891672,0.35731211421079934,0.9787413070444018,0.0035349177196621895,22.000515003070294
0.3608487325254828,0.9729721657931805,0.9707046044059098,0.25586412684060633,0.6097234229091555,0.9565700667444617,0.916837748605758,0.9249442217405885,0.599358812905848,0.8994800795335323,19.876592872214474
0.8576110021676868,0.01899961638264358,0.7809820717666298,0.910745806992054,0.11227198061533272,0.6150385404471308,0.6357132471166551,0.11183176632039249,0.27658557798713446,0.05980942724272609,11.688627351137058
0.026076430454850197,0.07505355263128877,0.6724770467262715,0.5720839945133775,0.2941728204023093,0.3912487388588488,0.9447892718017101,0.34310652827844024,0.6341039589606225,0.9615287643391639,9.26088314335157
0.09476946690119803,0.4580731533933431,0.02313114143908024,0.44908023020252585,0.3738106107339263,0.04598976392298937,0.32586548081599176,0.16367577039636672,0.14910051925107837,0.36256895074620843,13.335254736124583
0.6261832460295409,0.41554401884786785,0.10894937417469919,0.30692115845158696,0.31458342587575316,0.13162143295630813,0.024347704835236073,0.2213583120610565,0.43560849875211716,0.7776398390997201,15.303127711917417
0.4047979812603444,0.18611445114947855,0.29992254241369665,0.35825734538957477,0.5643942330498248,0.009095571702346206,0.9489534595049918,0.054770442890003324,0.3026634322013706,0.9556812483351678,8.90082827612937
0.8756752505432814,0.9117541906889528,0.1319787297397852,0.65651461831294,0.8979551915545017,0.6740049647632986,0.6481744672637433,0.21479196683503687,0.3324217633344233,0.17189765884540975,20.79365784991947
0.849943915149197,0.9387567476369441,0.4054459445178509,0.46612874418497086,0.6274834529031068,0.4689843147061765,0.5861013447865844,0.33061253488995135,0.3871422172524035,0.13112235721200705,11.987861040263311
0.6089131641201675,0.8501487460453063,0.28035055799409747,0.5349913274403661,0.6333044981583953,0.8588482306804508,0.028784532332792878,0.856897312682122,0.8643184078391641,0.8390368509571999,19.23897482986094
0.7666665508877486,0.857705503469333,0.49361441913060844,0.2606056791264564,0.04719404526986182,0.9314605593681335,0.884431904181838,0.23067459021694958,0.3867229602765292,0.9892463940195739,11.170016670664396
0.29559669247828424,0.424080592347309,0.08681427710689604,0.606438257265836,0.4703395755495876,0.9913751550484449,0.29858252429403365,0.5431295232847333,0.4305871706455946,0.8134705384727567,15.591075242533517
0.2085451411549002,0.9122644867748022,0.22375252726487815,0.8605140862055123,0.4966604202054441,0.5742705098818988,0.6427226967643946,0.8081167796626687,0.44331887271255255,0.3490253798663616,17.795557215417553
0.06202309858053923,0.8148200949653983,0.39156464231200516,0.9076138057280332,0.15817494574002922,0.2406036416068673,0.12491064821369946,0.22657407657243311,0.4837851335760206,0.6569710010662675,13.08475190174383
0.19632152351550758,0.35223741293884814,0.078147062798962,0.6364105825778097,0.6428148201666772,0.2728033547755331,0.1852162340655923,0.10878719482570887,0.807534305844456,0.5807691072113812,15.050488140560569
0.2707152161747217,0.1055537920910865,0.6188053102232516,0.08193125389516354,0.026078223483636975,0.9326714314520359,0.5843412703834474,0.5497398073785007,0.5226411046460271,0.39147938578389585,2.6416946663948115
0.3836538379546255,0.5647946605458856,0.7387663405388594,0.7657489702105522,0.5903806032147259,0.46501128864474595,0.07447827397845685,0.4456545780412853,0.8424576157703996,0.11897279717959464,18.25372238256648
0.8745271668303758,0.43396569113247097,0.3908542587887496,0.13160735345445573,0.06920167128555477,0.5197052240837365,0.500357948243618,0.8786074134986848,0.4316332587040961,0.5337912479881197,12.1161729741134
0.6180499491747469,0.7057533622719347,0.25498989247716963,0.2296340106986463,0.3161731550935656,0.23595403973013163,0.4931453277822584,0.5664277456235141,0.26753715868107975,0.1659605202730745,15.135091305223035
0.16516561969183385,0.9589070354122669,0.8689339640550315,0.6758152106776834,0.3473709290847182,0.6522323142271489,0.6158453249372542,0.43196649360470474,0.05937169003300369,0.879984479630366,14.92305824546092
0.671889680903405,0.13282805238850415,0.5118752843700349,0.81134920171462,0.8845267726574093,0.9228916608262807,0.725766523508355,0.11444158782251179,0.00771850673481822,0.3474146018270403,15.57922595626323
0.9985237964428961,0.03416377096436918,0.7567911739461124,0.4839489141013473,0.27991644595749676,0.04883616021834314,0.2331396269146353,0.3160549222957343,0.39302883367054164,0.5341236679814756,9.041576732332
0.27834491920657456,0.7822533121798187,0.26230820710770786,0.17841700348071754,0.3983084070496261,0.9778874234762043,0.48789260163903236,0.9736400316469371,0.9776450428180397,0.5973084287252277,10.298849666878317
0.3760406563524157,0.964935815660283,0.7333752426784486,0.3208355992101133,0.5510895389597863,0.8103942079469562,0.7021473837085068,0.9479581450577825,0.7511489614844322,0.19707208988256752,16.438160182984404
0.005530414171516895,0.028016203781589866,0.4273231939878315,0.7165426551364362,0.6809056731872261,0.16184260323643684,0.7160536078736186,0.07980165327899158,0.16370204440318048,0.271410237532109,12.151717435678677
0.576765516307205,0.0320348646491766,0.47341142082586884,0.8817947607021779,0.319766161730513,0.7475269285496324,0.6755793923512101,0.20468453061766922,0.8962363568134606,0.9320087060332298,11.582817682947255
0.16739307600073516,0.3672206907067448,0.8210692566353828,0.43995827436447144,0.5838513127528131,0.798475035931915,0.3577767056412995,0.8951614077668637,0.8758692091796547,0.4151610918343067,11.82997382610235
0.1693627331405878,0.6547211613506079,0.04744036588817835,0.6025430560112,0.9921597391366959,0.3974840510636568,0.5635088018607348,0.41025123465806246,0.47878687852062285,0.4165420711506158,19.186299777328177
0.18780102324672043,0.15977443335577846,0.9099948017392308,0.2305522058159113,0.21967091970145702,0.27726108068600297,0.9897932377643883,0.42389615438878536,0.2413640667218715,0.9485332607291639,6.2385452264437635
0.4946013567969203,0.1460975231602788,0.6628422546200454,0.5415104194544256,0.18426914932206273,0.8025197156239301,0.11862920899875462,0.18803107016719878,0.2074808250181377,0.5219196951948106,9.702052241491758
0.2385392722208053,0.7754953233525157,0.9011887833476067,0.46828902093693614,0.09387088473886251,0.01672770525328815,0.7332404067274183,0.08922673179768026,0.8754665723536164,0.08876190846785903,14.423232050812212
0.8671587610151619,0.9156031941529363,0.9931458800565451,0.3599674354773015,0.03313267859630287,0.07255294895730913,0.6136058177798986,0.47403072589077055,0.9301004041917622,0.5724651704076678,15.19215132147888
0.7553580808453262,0.7008465833496302,0.5052256020717323,0.7646889598108828,0.5183495106175542,0.22161212051287293,0.027455432806164026,0.01695822086185217,0.8464324250817299,0.44528351072221994,20.485888159280048
0.13574575097300112,0.4745336810592562,0.4031300372444093,0.008008157601580024,0.8425030659418553,0.4308577368501574,0.7300101125147194,0.1199956382624805,0.9220865613315254,0.44938154704868793,7.575594726255087
0.7909823819063604,0.6585947298444808,0.7060817624442279,0.2723990308586508,0.8277738697361201,0.5515316717792302,0.5396138855721802,0.7781701807398349,0.6867106440477073,0.24024277599528432,16.45707789695803
0.024398212786763906,0.26313856220804155,0.12576450570486486,0.19626373308710754,0.21340686874464154,0.20419212756678462,0.6562591705005616,0.457180519355461,0.8246358430478722,0.653802388580516,8.662697649194087
0.5630082322750241,0.9227501740679145,0.48540480760857463,0.6146281885448843,0.7895833088550717,0.24844468873925507,0.7694575106725097,0.1844174477737397,0.6034811404533684,0.7069392350967973,20.47954603336425
0.1396164447069168,0.8573330193758011,0.2969155346509069,0.17806830862537026,0.06126113003119826,0.16234785900451243,0.2587835327722132,0.33774054353125393,0.08026795578189194,0.12940473365597427,8.386753550496893
0.1763486829586327,0.8418611709494144,0.8641444582026452,0.9961109932046384,0.5496975723654032,0.25509903160855174,0.3827852630056441,0.9095518928952515,0.33927928609773517,0.41904404223896563,19.551843646569765
0.9222217765636742,0.25064103584736586,0.11559224408119917,0.34460631129331887,0.23616753844544291,0.4095266426447779,0.2693232235033065,0.4618986193090677,0.5438674348406494,0.39463885594159365,12.892589268961176
0.4328458949457854,0.26614243211224675,0.5930612722877413,0.6371081424877048,0.9773742763791233,0.688886258751154,0.7493515538517386,0.045235960045829415,0.5018406701274216,0.7512402392458171,13.365932322348119
0.3418475813232362,0.8375374716706574,0.2697278158739209,0.6238383939489722,0.81557516916655,0.8268071336206049,0.12311168666929007,0.6395403125789016,0.31339261890389025,0.21425502747297287,21.489881344019732
0.5807275485713035,0.32606564881280065,0.3997430009767413,0.6695407337974757,0.6757212849333882,0.9509729892015457,0.06233643880113959,0.11216527340002358,0.5774219988379627,0.5103854960761964,15.131181547467039
0.3114197759423405,0.07269721059128642,0.6837783784139901,0.05191490100696683,0.6180994077585638,0.8205980674829334,0.47256329376250505,0.6755892406217754,0.35834210994653404,0.4532310694921762,5.581289393681368
0.6905769966542721,0.11342264292761683,0.31817441643215716,0.28488507866859436,0.22241737553849816,0.9749749950133264,0.5768955135717988,0.6706804167479277,0.1516574874985963,0.21234698221087456,7.896207361074162
0.3592860063072294,0.2466499397996813,0.07062563975341618,0.286523234564811,0.26637397380545735,0.29029210610315204,0.5999983127694577,0.7601343621499836,0.41095347818918526,0.8058095704764128,10.441836706815565
0.9863688338082284,0.8380308095365763,0.9992078349459916,0.362841121153906,0.7945038119796664,0.4252858334220946,0.41626877686940134,0.4958317044656724,0.08964804676361382,0.7441608135122806,16.52154628042195
0.3245436567813158,0.8935347236692905,0.21729615260846913,0.9654942916240543,0.05507458304055035,0.6020558860618621,0.853886412922293,0.7865219989325851,0.0749211807269603,0.07239870051853359,18.459666379716943
0.3093923768028617,0.09840224077925086,0.396036293823272,0.8848898909054697,0.9741530062165111,0.8266309436876327,0.7210764999035746,0.691991135943681,0.04581847810186446,0.6586001180112362,15.93458288880294
0.20726744458079338,0.6305054728873074,0.707544464385137,0.5033882204443216,0.08098888956010342,0.9845129053574055,0.3305363606195897,0.11489618429914117,0.7379948678426445,0.575122790876776,9.405220357483245
0.2812635409645736,0.3197644343599677,0.04191649169661105,0.04115818440914154,0.009999101981520653,0.8923562418203801,0.43644459429197013,0.5898559181950986,0.9259770335629582,0.5643630714621395,8.325818097359459
0.5322715088259429,0.46423075278289616,0.23316319310106337,0.7760399004910141,0.31189908692613244,0.004947630455717444,0.30183033854700625,0.4627754408866167,0.07825719914399087,0.8223216773476452,18.603483366782164
0.41791497357189655,0.2669329207856208,0.9140368364751339,0.15539953368715942,0.7575203392188996,0.9992744519840926,0.6312848639208823,0.5026710671372712,0.7841057903133333,0.2231125421822071,11.880720076145336
0.6813580323942006,0.7966049280948937,0.4711808296851814,0.8534399694763124,0.7877005583140999,0.23716573021374643,0.19330517086200416,0.8418251669500023,0.8744227467104793,0.025899305008351803,21.653289406368355
0.836531296139583,0.2875347009394318,0.8133842663373798,0.5035071431193501,0.8228192098904401,0.5536468753125519,0.05092395725660026,0.5677570379339159,0.6508324313908815,0.6763752568513155,18.249141424103843
0.0648773827124387,0.36548458389006555,0.04679816635325551,0.07030542613938451,0.5641178470104933,0.8427719054743648,0.5218004691414535,0.2115076791960746,0.06926030851900578,0.9846369125880301,8.562457165494987
0.7761388823855668,0.04793818318285048,0.28216816834174097,0.049547259928658605,0.9750582200940698,0.7007487271912396,0.10493045346811414,0.7195724125485867,0.5071901245974004,0.3679317182395607,4.488260331762106
0.6003015076275915,0.9080530512146652,0.9324147698935121,0.5057926990557462,0.7456622053869069,0.3459194670431316,0.16955666057765484,0.9369028734508902,0.42732223914936185,0.37918612104840577,21.70732402014641
0.8294318784028292,0.03468424663878977,0.7803433502558619,0.4994947691448033,0.8345559921581298,0.0578669928945601,0.4089845207054168,0.8070420583244413,0.9001879983115941,0.6425400895532221,12.9512719853222
0.7889478758443147,0.040884145302698016,0.9932249768171459,0.23831390286795795,0.9700852483510971,0.055439285235479474,0.8131026008632034,0.4652152922935784,0.37776386900804937,0.07324094092473388,11.799819980709351
0.2921900225337595,0.055553688667714596,0.8737964038737118,0.8965826069470495,0.8740590529050678,0.16598716122098267,0.9310248822439462,0.4802117287181318,0.608667288441211,0.4556282318662852,17.638168158452405
0.5084370451513678,0.06654701475054026,0.6403395161032677,0.2933054994791746,0.8683162860106677,0.8333826123271137,0.607249511172995,0.7124376269057393,0.42619229736737907,0.6345477101858705,7.7455283813049
0.16485815308988094,0.11642246716655791,0.24014126183465123,0.6442914993967861,0.9454337698407471,0.9620629835408181,0.8527105480898172,0.718369944486767,0.8617839731741697,0.7740680270362645,13.65424219337086
0.988789974944666,0.27569586015306413,0.7189364286605269,0.44679893157444894,0.8764892800245434,0.69391247513704,0.07365312473848462,0.3589994511567056,0.17018010350875556,0.2424280154518783,18.447218865349125
0.8145593379158527,0.11048499890603125,0.2910327680874616,0.9803730288986117,0.30522619537077844,0.5057029826566577,0.7873193272389472,0.36202632379718125,0.8061312867794186,0.463901043869555,14.48171529912245
0.3933845581486821,0.07400230341590941,0.1341765676625073,0.7970619674306363,0.33594864630140364,0.6311852526850998,0.8202426650095731,0.48033294873312116,0.37705676816403866,0.19952561403624713,13.050764613381192
0.9234145220834762,0.8810886945575476,0.3717750604264438,0.06711782957427204,0.4916302436031401,0.9112739956472069,0.0016738702543079853,0.2331497974228114,0.17448918567970395,0.21326816268265247,9.740963515638374
0.9214263705071062,0.10987098468467593,0.9954687852878124,0.3996350239031017,0.6307444358244538,0.5545676189940423,0.7010988781694323,0.6703222810756415,0.3491671758238226,0.8544244794175029,16.14348213065548
0.6635771179571748,0.8559801850933582,0.20583026949316263,0.4037173232063651,0.7409252161160111,0.15943761030212045,0.7488045687787235,0.9392703759949654,0.3684422424994409,0.94321642187424,18.05532636824217
0.9726683038752526,0.10981724760495126,0.43215681659057736,0.6770769741851836,0.15836853440850973,0.23353574285283685,0.3874248703941703,0.9752187475096434,0.5325067508965731,0.31655839714221656,11.896797845292145
0.17460540821775794,0.05379924806766212,0.3909511265810579,0.2296846613753587,0.430819648783654,0.9829392314422876,0.7685501566156745,0.8325196728110313,0.8794344272464514,0.12566455244086683,6.5544368001490785
0.37821846222504973,0.6938055434729904,0.35348925343714654,0.9604128848295659,0.7751671643927693,0.061797224218025804,0.5725051921326667,0.08837619284167886,0.46258641593158245,0.22629324789159,21.02147549931167
0.6264384689275175,0.4199099058751017,0.2150844084098935,0.2000353429466486,0.268047833815217,0.5316100399941206,0.2977510238997638,0.6245598823297769,0.7101016934029758,0.538129658671096,13.496352705902305
0.08214318240061402,0.8789124307222664,0.9776757447980344,0.33804229414090514,0.8143311261665076,0.06678197719156742,0.9571152171120048,0.9622861496172845,0.5770375507418066,0.45898938993923366,14.970988637259552
0.8173155051190406,0.2360352617688477,0.62997792288661,0.48753190552815795,0.18859453592449427,0.1928602233529091,0.7588512126822025,0.9560676703695208,0.36633752076886594,0.2914443335030228,11.822970606009237
0.7282491617370397,0.9032172188162804,0.5905135844368488,0.2562422270420939,0.7894662085454911,0.4061313532292843,0.8650569417513907,0.3962351540103555,0.5282352324575186,0.8264783832710236,16.501652107040133
0.44824524596333504,0.21707713836804032,0.4208454790059477,0.791787117253989,0.41501893918029964,0.10154901095665991,0.5598079548217356,0.060966481221839786,0.1519581638276577,0.22352643590420485,12.577299505744914
0.7005151957273483,0.6849682237952948,0.9215778657235205,0.8954861999955028,0.5839643322397023,0.23839499964378774,0.0658162604086101,0.26362719549797475,0.28411172516644,0.8151438059285283,26.23212151616553
0.4222890662495047,0.8010776140727103,0.8778793322853744,0.36353655089624226,0.8084630472585559,0.3317095267120749,0.2425659946165979,0.21987181925214827,0.5972867587115616,0.4994443948380649,19.65741031012275
0.8961853368673474,0.7572856633923948,0.29890057211741805,0.3731830238830298,0.03342840331606567,0.06391713838092983,0.5892652298789471,0.137614740524441,0.8884310405701399,0.09229015512391925,12.482098847405842
0.026780708925798535,0.4368350503500551,0.9702195392455906,0.3589903940446675,0.04952300130389631,0.23107330221682787,0.7120497352443635,0.13851478695869446,0.31892846594564617,0.6995813248213381,9.646438908167774
0.9303484940901399,0.1731492322869599,0.4760647192597389,0.8352587246336043,0.702334264293313,0.14917041873559356,0.8232141502667218,0.780624947976321,0.9139154395088553,0.6073361618909985,17.9859761951555
0.10794041096232831,0.1215505008585751,0.4223080724477768,0.5337430890649557,0.02456029737368226,0.7434304414782673,0.14498701319098473,0.9228356599342078,0.5361520061269403,0.35919759422540665,6.891798166940958
0.48618883080780506,0.602162072667852,0.45603419723920524,0.5352854207158089,0.6039043702185154,0.6098100433591753,0.08404926350340247,0.16806283756159246,0.8901076246984303,0.8118114632088691,16.21288598312968
0.1875623115338385,0.1942204642109573,0.9677865956909955,0.490957212401554,0.5875311880372465,0.20939792110584676,0.88266740902327,0.8979301596991718,0.1179563666228205,0.9093799327965826,12.822297698898176
0.8827278059907258,0.7070767879486084,0.35136599047109485,0.1145650208927691,0.20035245292820036,0.4100670232437551,0.035135280806571245,0.9447512892074883,0.6382418381981552,0.21502007474191487,14.123039421809404
0.6955975566525012,0.2898799197282642,0.4967093961313367,0.13321542600169778,0.5318478057160974,0.7999778660014272,0.07144536380656064,0.8690055853221565,0.371433200314641,0.1585488668642938,9.726437276723471
0.7832717613782734,0.808177899569273,0.8199653991032392,0.08932374767027795,0.8525410268921405,0.6306479962076992,0.7979831304401159,0.4556367602199316,0.5598283796571195,0.09675430762581527,15.514466771960075
0.6219372157938778,0.8065675569232553,0.9982676254585385,0.6663324797991663,0.1345744631253183,0.9833906695712358,0.9097518022172153,0.8860804683063179,0.5437189601361752,0.05240838881582022,23.61277302918044
0.8747609213460237,0.9057798418216407,0.16066470160149038,0.6139616107102484,0.4440928332041949,0.6288391449488699,0.6138656686525792,0.8506015255115926,0.852546609705314,0.41142566152848303,16.352063983286286
0.22654679883271456,0.5229672875721008,0.19378288998268545,0.260615321341902,0.7344251247122884,0.8433955239597708,0.39817481650970876,0.7937601844314486,0.9155457231681794,0.4529357715509832,12.785670346583789
0.1766266287304461,0.49042201694101095,0.396648318041116,0.34827569546177983,0.17805748712271452,0.5328666309360415,0.7393297646194696,0.880804363405332,0.05542513052932918,0.7375351428054273,6.872978951727838
0.06549141206778586,0.8438052833080292,0.6581035302951932,0.5119258186314255,0.8704893856775016,0.6649708894547075,0.13112327130511403,0.8388631171546876,0.8096273620612919,0.8550409413874149,11.248235416502235
0.7412106306292117,0.24204041226767004,0.007976522902026772,0.25686791399493814,0.19406006415374577,0.34535075281746686,0.4958946655970067,0.09791323146782815,0.2592769335024059,0.06994978105649352,12.82053384600171
0.32143331901170313,0.4253737840335816,0.2155373152345419,0.34513801173307,0.43970059766434133,0.7960550698917359,0.5321003396529704,0.5718953418545425,0.08418900263495743,0.7667289923410863,10.799102736508633
0.19638241548091173,0.8536995679605752,0.49853508663363755,0.823619379196316,0.195017654215917,0.2116937378887087,0.05164741980843246,0.023436911404132843,0.7104403905104846,0.39043192262761295,14.843933559705718
0.7357496181502938,0.04333363752812147,0.25038448604755104,0.39643043209798634,0.1735196285881102,0.03834520629607141,0.13826926844194531,0.8961615378502756,0.7786371386609972,0.3693252927623689,7.031947826957519
0.9355664241593331,0.9472594768740237,0.9366169767454267,0.5876336900983006,0.3712909263558686,0.8146450330968946,0.8164520794525743,0.06214972538873553,0.8970091224182397,0.21936356811784208,16.241801768627088
0.42343450943008065,0.4116712845861912,0.3979483777657151,0.5052481752354652,0.5827190047129989,0.8833145243115723,0.25043651973828673,0.9866489092819393,0.2911203387193382,0.3555010661948472,13.671169480024304
0.7324060453101993,0.03351618396118283,0.826267305528745,0.7325113799888641,0.899005034007132,0.9414569516666234,0.037329866318032146,0.692772583803162,0.656513974070549,0.007567949825897813,18.188751499085917
0.48019827459938824,0.09998306003399193,0.7320620557293296,0.5872696796432137,0.6632781680673361,0.7900923476554453,0.05094621772877872,0.23395247175358236,0.5188783199992031,0.3655824032612145,12.087321699072538
0.3748295595869422,0.22664176276884973,0.35842790780588984,0.12096822168678045,0.0414455842692405,0.008859937079250813,0.08180404757149518,0.8753452736418694,0.9810210398864001,0.37339270603843033,4.305863600944111
0.4310871511697769,0.40864472836256027,0.44682278647087514,0.7225947433616966,0.4718173984438181,0.369003253756091,0.5862953485921025,0.05247332900762558,0.920276950346306,0.5291109513491392,16.216681650225286
0.6341014641802758,0.6454219724982977,0.3611826675478369,0.006770067382603884,0.30048770969733596,0.7941974599380046,0.2448210173752159,0.5613251142203808,0.30230385554023087,0.44957823189906776,11.452454634145216
0.8831619864795357,0.357341171707958,0.3834515567868948,0.7847519440110773,0.6171199411619455,0.5314206734765321,0.12848320743069053,0.2181973922997713,0.6994904004968703,0.22420717077329755,18.956886205135973
0.5046010517980903,0.5283268932253122,0.19504728424362838,0.7586422611493617,0.280789288925007,0.3626622601877898,0.5595559049397707,0.3443111137021333,0.8141604331322014,0.11060958402231336,16.93144547525834
0.16893298784270883,0.11882318765856326,0.6188549434300512,0.8489526200573891,0.2984352954663336,0.6298571503721178,0.7130392345134169,0.4947016229853034,0.24882438383065164,0.6093212401028723,9.96294871067383
0.19085337687283754,0.9227482441347092,0.7334751717280596,0.7871152434963733,0.3110920174513012,0.3764137174002826,0.011764090973883867,0.12980351760052145,0.33550053578801453,0.321447140770033,16.682665470885574
0.008567915996536613,0.8066061490681022,0.5823653591796756,0.8893145422916859,0.7632122880313545,0.5324135413393378,0.3873949961271137,0.3435396305285394,0.22047753212973475,0.9427371169440448,14.488552893568071
0.5872859181836247,0.4720175922848284,0.5145424327347428,0.514421975472942,0.5426272237673402,0.9435147775802761,0.792906898772344,0.3560076963622123,0.591232042061165,0.822632109047845,16.739659355268202
0.8938226886093616,0.9843352492898703,0.14845336973667145,0.9684139699675143,0.7484481718856841,0.8574726975057274,0.732211516937241,0.25062394398264587,0.23636894347146153,0.16290812124498188,17.75350481170066
0.9253014102578163,0.20279844175092876,0.2072039726190269,0.5833793904166669,0.7563768052496016,0.2906150321941823,0.22872470249421895,0.526322720805183,0.07967851939611137,0.7410939789842814,17.734691902812404
0.9703708931338042,0.17448011180385947,0.017181057948619127,0.30714905029162765,0.05852405889891088,0.2517218242865056,0.9828406940214336,0.2556127537973225,0.0661441630218178,0.8530497231986374,12.744098688643463
0.7469618543982506,0.9656726394314319,0.9879580887500197,0.7510909850243479,0.036295987432822585,0.3333708562422544,0.6985895675607026,0.09569014422595501,0.06751834414899349,0.9509946149773896,20.500314580478012
0.3009813691023737,0.08680222276598215,0.8055668126326054,0.5014300814364105,0.5284139725845307,0.35986477858386934,0.5103549321647733,0.32662794506177306,0.018773258663713932,0.3070032871328294,9.11344849960867
0.9690284964162856,0.3843567406293005,0.3076473518740386,0.16439021308906376,0.3827337143011391,0.3059279846493155,0.4428366699721664,0.92582824267447,0.2138063763268292,0.18921455484814942,13.050048150178622
0.17717447131872177,0.3110676964279264,0.9464427190832794,0.5688977600075305,0.3821195524651557,0.30533440154977143,0.37285426585003734,0.26986011397093534,0.92109035840258,0.5180879272520542,13.158750492919193
0.27120885206386447,0.36645055026747286,0.46356684155762196,0.5162211095448583,0.21510429214686155,0.03564494475722313,0.9862569617107511,0.6860272691119462,0.35653910017572343,0.6852867130655795,9.049613510153895
0.791721400571987,0.3192560998722911,0.9552527242340147,0.61203005281277,0.8193997209891677,0.8689308303873986,0.2790770954452455,0.7932331215124577,0.923552434425801,0.305411220761016,23.29593307485346
0.9644905789755285,0.6152381552383304,0.3000143913086504,0.18350875959731638,0.27233825204893947,0.3055540134664625,0.28524047532118857,0.0359018431045115,0.9120393597986549,0.11870726081542671,12.81581761512708
0.36905247112736106,0.8726316934917122,0.14518731320276856,0.4604565391782671,0.9627824337221682,0.24782898626290262,0.7817304383497685,0.6457341273780912,0.06433205236680806,0.44204653869383037,19.91822096397743
0.9239142197184265,0.09463681397028267,0.3757713194936514,0.4464414343237877,0.8172347731888294,0.6184003124944866,0.2809462125878781,0.5909302884247154,0.46335571981035173,0.9240041116718203,11.062053651270066
0.15424670185893774,0.11648261523805559,0.1502236018422991,0.324285643408075,0.460579093080014,0.7223344768863171,0.8976051926147193,0.7060793051496148,0.8484978061169386,0.9866549253929406,8.905486853738106
0.9839316073339432,0.25948307011276484,0.051160769537091255,0.7458921356592327,0.7968419685494155,0.17733869445510209,0.9158021006733179,0.22271677991375327,0.15980390855111182,0.7140457136556506,22.833238952640414
0.39684690185822546,0.6353698212187737,0.9096460787113756,0.9140472183935344,0.6338077723048627,0.5985383621882647,0.3280698398593813,0.721074984408915,0.17204559850506485,0.7600462040863931,22.56689931729407
0.4683815501630306,0.6419640535023063,0.03814575984142721,0.4826156939379871,0.5192200327292085,0.4088515944313258,0.30486070993356407,0.4893099737819284,0.20746287191286683,0.05821239552460611,19.180699069248167
0.28008779557421803,0.5945944213308394,0.15134378452785313,0.9668033504858613,0.6515856783371419,0.21096696611493826,0.25831730919890106,0.5391278099268675,0.22315111057832837,0.42210948071442544,20.09499160533418
0.6728444457985461,0.4282134003005922,0.8527173451147974,0.32103676768019795,0.7980887137819082,0.6771561452187598,0.7230783007107675,0.7518419683910906,0.48628431209363043,0.2923600007779896,17.228967326230368
0.8813683912158012,0.8089767314959317,0.6746425800956786,0.9939245679415762,0.45030531799420714,0.016266967402771115,0.2627529890742153,0.16806584387086332,0.5050081468652934,0.4834299385547638,20.913008008310868
0.22615467221476138,0.6164950397796929,0.7114320327527821,0.7943429371807724,0.9226101886015385,0.12068496341817081,0.6854280231054872,0.14316743751987815,0.2300535566173494,0.29703990067355335,19.143322495500417
0.918833457166329,0.6202700494322926,0.4474869908299297,0.14041875372640789,0.6334624944720417,0.43579662195406854,0.6466498721856624,0.4772904943674803,0.7233443250879645,0.21181510016322136,13.245192005518705
0.03468492464162409,0.9785909885540605,0.21808999427594244,0.26903516706079245,0.7140990959014744,0.6092908717691898,0.6463097692467272,0.7775658841710538,0.5071676280349493,0.06670405552722514,9.90273123287693
0.055322294821962714,0.810064886463806,0.6772341751493514,0.42655136599205434,0.40348141943104565,0.7266780538484454,0.6244787711184472,0.002029896480962634,0.41426143096759915,0.6367707753088325,7.054107944369095
0.8546498904470354,0.7594904957804829,0.17759511340409517,0.5948192656505853,0.06829261383973062,0.0842997848521918,0.4464978571049869,0.8385058003477752,0.39883728907443583,0.5086536579765379,16.542718649149506
0.5625797349493951,0.24561916361562908,0.09288521227426827,0.9593178085051477,0.9547969612758607,0.01992716733366251,0.40663416241295636,0.602772428188473,0.8621816241648048,0.188608969328925,20.529683438886927
0.22103201388381422,0.5824200860224664,0.29548612306825817,0.3963314888533205,0.5658860453404486,0.2091894738841802,0.49373503332026303,0.9532593274489045,0.6084845487494022,0.5900751340668648,11.136815129260016
0.2605261702556163,0.8194505593273789,0.6772917795460671,0.08699513273313642,0.9038982354104519,0.5427860519848764,0.026743825990706682,0.597530571045354,0.3213280369527638,0.9917930788360536,11.909360036893089
0.35819301079027355,0.301287280395627,0.12120236246846616,0.409931403119117,0.30639542592689395,0.8894231163430959,0.42471118248067796,0.7733494066633284,0.9735457741189748,0.14592919824644923,14.116926482248658
0.8916972512379289,0.8821538360789418,0.4794541473966092,0.9599853570107371,0.23931776219978929,0.6429087112192065,0.13183980900794268,0.36499932198785245,0.32561805471777916,0.09364692564122379,17.210187049978398
0.23360344069078565,0.8501190671231598,0.2571302358992398,0.05203936551697552,0.024156414438039064,0.8572085739579052,0.5703975043725222,0.3145163275767118,0.20595521992072463,0.02856252808123827,7.354688783509391
0.2544221261050552,0.8399841510690749,0.42007939028553665,0.20428140088915825,0.3147180147934705,0.31844250462017953,0.28181974147446454,0.3280361299403012,0.8340070380363613,0.08422765461727977,9.938827843068124
0.2958272637333721,0.17363981157541275,0.3641782260965556,0.7116560752037913,0.3462911699898541,0.3141811795067042,0.0836308712605387,0.6934997662901878,0.7811709363013506,0.9963458257261664,10.739091812775106
0.41083848429843783,0.8719018301926553,0.9794220961630344,0.010495390743017197,0.5767636611126363,0.023316659731790423,0.1941625999752432,0.14454797422513366,0.7350826943293214,0.13312132842838764,16.38417893681936
0.419135017786175,0.7731124549172819,0.6419184075202793,0.607202005572617,0.7383434523362666,0.49190709134563804,0.8428789682220668,0.8159543909132481,0.22182406880892813,0.6975956670939922,17.961979845390356
0.2376178486738354,0.8358075965661556,0.3850433954503387,0.8948842191603035,0.6131568877026439,0.9850196053739637,0.0529577077832073,0.8784818451385945,0.49917692923918366,0.8863297894131392,18.809839335404114
0.030548425391316414,0.7988253063522279,0.5906498574186116,0.20107796811498702,0.5826896703802049,0.2642213497310877,0.7680482638534158,0.9727599632460624,0.8915116987191141,0.8137086753267795,3.9338480468527877
0.7533410035539418,0.030881209764629602,0.9258150255773216,0.905434548156336,0.9178455481305718,0.31322129303589463,0.10603880928829312,0.5698190412949771,0.09933330700732768,0.7237172045279294,18.494792484650873
0.3092660033144057,0.9138508241157979,0.08634805586189032,0.6838466336484998,0.4320655446499586,0.6380770246032625,0.8120076963678002,0.8066819957457483,0.24113069893792272,0.016476251184940338,21.040925843017323
0.16753632156178355,0.6847257479093969,0.7026676645036787,0.2569550003390759,0.1938253901898861,0.2579592587426305,0.4150083458516747,0.2500935164280236,0.44365187687799335,0.030295055359601974,8.061652649092997
0.16060197912156582,0.3673170281108469,0.8455945223104209,0.43821818800643086,0.4159881602972746,0.05967018776573241,0.7969479723833501,0.1408452980685979,0.8306868392974138,0.9623069218359888,10.768862814926033
0.12163675716146827,0.4552280646748841,0.4645847633946687,0.8440893420483917,0.6495673446916044,0.831638160161674,0.9356502259615809,0.3272680868394673,0.6759839407168329,0.5708359214477241,14.788660889990219
0.01243044645525515,0.8687122080009431,0.7552529480308294,0.20425578183494508,0.8035375531762838,0.9140092572197318,0.6805898614693433,0.9951842117588967,0.0683098139706999,0.15630304510705173,7.4091972624781635
0.36411841004155576,0.11597620858810842,0.6506823715753853,0.9367900374345481,0.016476994613185525,0.34765974152833223,0.3326744793448597,0.21444147336296737,0.5732824509032071,0.2881410885602236,9.425868779635818
0.19416334968991578,0.5947986040264368,0.9596041648183018,0.21123233204707503,0.5445927395485342,0.33842312823981047,0.7982315544504672,0.14693185850046575,0.4004202950745821,0.8712507935706526,12.786089069279901
0.9849689495749772,0.17758239689283073,0.8496468006633222,0.8387495293281972,0.9219271268229932,0.9436653510201722,0.8304762565530837,0.18126149848103523,0.6434447378851473,0.03501107241027057,19.085276712858743
0.08663880312815309,0.45187186263501644,0.8861916745081544,0.41991870291531086,0.8741876152344048,0.611954037565738,0.9397804141044617,0.6870245267637074,0.29774182150140405,0.06720896810293198,13.516137908966297
0.5962722045369446,0.44345741369761527,0.4148069091606885,0.7259989606682211,0.9560171039775014,0.7226875766646117,0.9318341396283358,0.8909493840765208,0.48005972313694656,0.7136049519758672,19.651051984058547
0.8805898129940033,0.43805790902115405,0.040527335833758116,0.20536341634579003,0.8292130688205361,0.5651848926208913,0.6586184399202466,0.8936079845298082,0.32351267617195845,0.31961797876283526,19.80105323176713
0.27750238915905356,0.6769502405077219,0.5543609810993075,0.735664869658649,0.6267924606800079,0.13327574217692018,0.05599726550281048,0.636883192230016,0.4953728204127401,0.7518142117187381,16.06372433062823
0.06879398017190397,0.23419177415780723,0.6559768270235509,0.9782329893205315,0.8490535442251712,0.060366044752299786,0.38442089571617544,0.7878505853004754,0.5447634942829609,0.7044833123218268,14.697014637065248
0.07045608852058649,0.5965414601378143,0.24936025077477098,0.5819749201182276,0.42709067976102233,0.5875192654784769,0.266286154743284,0.8125158792827278,0.11887062317691743,0.6750329143833369,10.225241499272407
0.5360237977001816,0.20516859437339008,0.012998495250940323,0.9094803682528436,0.5584978458937258,0.9129098658449948,0.2779844042379409,0.25614609592594206,0.0584219757001847,0.6786489626392722,20.065543560258757
0.2373581223655492,0.5688935145735741,0.5326397642493248,0.6203126278705895,0.747295779408887,0.7155009028501809,0.019185402197763324,0.10283074271865189,0.47907217335887253,0.9027189873158932,12.438827546274894
0.3744465191848576,0.2763706452678889,0.1147307027131319,0.3339660628698766,0.6488172656390816,0.5816032779403031,0.16064066626131535,0.5242938136216253,0.4615651932545006,0.0295823416672647,13.066785513230379
0.18002320313826203,0.1687601876910776,0.20690516009926796,0.8356152111664414,0.6310021583922207,0.7648821382317692,0.500179999973625,0.022445858223363757,0.5056202688720077,0.7355011347681284,13.288037155768809
0.6987938298843801,0.172299716854468,0.9425590324681252,0.9765768779907376,0.0007997304201126099,0.544177865376696,0.028592471964657307,0.6288349158130586,0.07708736951462924,0.22832629806362092,18.77679409293229
0.45615043584257364,0.8411852451972663,0.9928834692109376,0.6376687833108008,0.5996090504340827,0.8120241235010326,0.6482341107912362,0.5260540677700192,0.4234210541471839,0.9514903230592608,23.321979073512246
0.39315881370566785,0.24248468852601945,0.3500847874674946,0.8001150249037892,0.22327277716249228,0.7417490563821048,0.5195410230662674,0.6715802573598921,0.9932246641255915,0.9151696658227593,12.643001049115464
0.7588527253828943,0.2749190016184002,0.7507457602769136,0.5071632515173405,0.7056867051869631,0.5306037240661681,0.9320059565361589,0.7412173897027969,0.10697360103949904,0.4250544069800526,17.626507568917972
0.4892653252463788,0.9206669735722244,0.7614398107398301,0.06158978072926402,0.25016386108472943,0.5326478434726596,0.4176205527037382,0.2332042723428458,0.4668734180741012,0.061488759238272905,12.71314903035955
0.013020919868722558,0.7067555238027126,0.6892088074237108,0.3570412292610854,0.41452486207708716,0.40804965794086456,0.8729640536475927,0.7061286072712392,0.1625705948099494,0.9226373340934515,5.499015525127751
0.9541963320225477,0.43530230643227696,0.5900957954581827,0.706792468437925,0.8124441059771925,0.9779601695481688,0.6514025246724486,0.8548356255050749,0.05034031416289508,0.25040136743336916,23.452085954549467
0.3705933620221913,0.28546310565434396,0.23865472804754972,0.38658019714057446,0.9623930216766894,0.08886422542855144,0.020489778136834502,0.2333199621643871,0.984214648604393,0.9109990282449871,13.806438544561756
0.24670691834762692,0.36334691592492163,0.9845119677484035,0.5342516007367522,0.3506785917561501,0.5063063311390579,0.6081666168756783,0.016282307216897607,0.2763828784227371,0.08848416386172175,15.60648782648985
0.7404923194553703,0.16461900412105024,0.14479203522205353,0.619526393013075,0.9114582925103605,0.029067843919619918,0.10961397807113826,0.6779751316644251,0.3430361084174365,0.5459376748185605,15.584473588882798
0.25232592108659446,0.2603857705835253,0.9485240397043526,0.002645574975758791,0.46884011244401336,0.474557152017951,0.37548708776012063,0.2585484734736383,0.8376702300738543,0.2061909472104162,9.091595397398548
0.3582272178027779,0.9348320472054183,0.8025830090045929,0.5670631346292794,0.137206026352942,0.905790951102972,0.42420858703553677,0.5104337052907795,0.5111614763736725,0.5017740209586918,16.08714117479721
0.7015020875260234,0.5415897846687585,0.7483396849129349,0.8005316280759871,0.3911812005098909,0.2066581309773028,0.44511289382353425,0.7500838080886751,0.9260571820195764,0.18065545172430575,21.046765069984914
0.1662490228191018,0.6996466796845198,0.44928912818431854,0.03443344961851835,0.3659721598960459,0.8197792840655893,0.43030300876125693,0.29108580970205367,0.9808306032791734,0.07335755694657564,4.68110593023618
0.1311686667613685,0.6103763554710895,0.6107354266569018,0.09504544525407255,0.3543889767024666,0.9253049250692129,0.7296919750515372,0.5149948785547167,0.2969288663007319,0.9103724705055356,4.829842757751592
0.7252140906639397,0.7101099803112447,0.4225559097249061,0.5226898279506713,0.8224107725545764,0.5729701083619148,0.3282831753604114,0.18117165379226208,0.5567921493202448,0.5139629163313657,19.703229717722703
0.23287131590768695,0.5666012589354068,0.7734275499824435,0.9618568073492497,0.33686815621331334,0.12284957966767251,0.9935841159895062,0.06436300952918828,0.8162168043199927,0.3284753405023366,17.586490877404426
0.365058507071808,0.4278244220186025,0.7826520933303982,0.0522005723323673,0.903045542538166,0.3862111286725849,0.14017927180975676,0.24249099171720445,0.37208302807994187,0.2761170915327966,12.151299135657561
0.8775269803591073,0.14588929084129632,0.9642555972095579,0.42929693474434316,0.877586288144812,0.8703413517214358,0.46705925720743835,0.1471664623823017,0.6287363353185356,0.9846983139868826,16.040120445677047
0.29801620659418404,0.5727623971179128,0.6023852580692619,0.30283714667893946,0.6057615834288299,0.2378562930971384,0.1478695182595402,0.3543305650819093,0.8926011088769883,0.7517808468546718,12.140814389643433
0.6765145987737924,0.08275823388248682,0.42835614713840187,0.23865458578802645,0.18154003657400608,0.9830675227567554,0.3290271982550621,0.6061568609438837,0.6285734879784286,0.10822579404339194,5.326328037044636
0.5401596871670336,0.43267888156697154,0.3766344441100955,0.8108014187309891,0.1268621541094035,0.01812458341009915,0.6749260153155774,0.4105095840059221,0.6861455587204546,0.8725411084014922,14.690239580400611
0.308544076513499,0.8044998412951827,0.8281909269280732,0.5876598230097443,0.43528608698397875,0.32509844563901424,0.8511178048793226,0.37998378765769303,0.3652327435556799,0.009944221703335643,17.161080618229132
0.2302675733808428,0.9205849072895944,0.6534087001346052,0.24519639695063233,0.3658533119596541,0.12810648884624243,0.40645042760297656,0.7861475930549204,0.8818499366752803,0.8574491566978395,8.95923223586994
0.26447153533808887,0.5147540606558323,0.4894829348195344,0.09730840590782464,0.5686711112502962,0.08715193020179868,0.7101552675012499,0.29409134667366743,0.559484340948984,0.981122096767649,8.261548691065288
0.0873656221665442,0.8333916026167572,0.8533328406047076,0.800298722460866,0.3165027655195445,0.9945368454791605,0.9969386463053524,0.12461181287653744,0.5767223034054041,0.681824307423085,15.796313788124403
0.5512358921114355,0.882185626309365,0.07915437058545649,0.9441071809269488,0.11744303721934557,0.9077693540602922,0.3974232957698405,0.6830166941508651,0.6821291313972324,0.6895948240999132,23.797536546029995
0.5535337522160262,0.8390185669995844,0.8872503899037838,0.8616766855120659,0.8340558006893843,0.8453784761950374,0.549591344082728,0.07143181026913226,0.9412583843804896,0.8043449930846691,25.41772459842104
0.15190236689522862,0.08872755873017013,0.3328932870645076,0.068302137311548,0.4954637938644737,0.1237662194762379,0.4197390847839415,0.9869781495071948,0.5198949915356934,0.8713055653497577,6.262641987689383
0.04031350859440863,0.7021909102331847,0.35039229691028595,0.8927365317940712,0.6059059123508632,0.4485255244653672,0.8625079626217484,0.9786744120065123,0.23356404341757298,0.9697565964888781,12.095056370876176
0.2168706157244742,0.8476679127197713,0.835185733390972,0.08122018678113818,0.7588581326417625,0.04383558640256524,0.7356053849216551,0.4402315281331539,0.6832835697568953,0.09019488468766212,13.490690868513003
0.07158501143567264,0.6196336343418807,0.5700428136624396,0.7411763158161193,0.4370837123133242,0.9865900606382638,0.32708584680221975,0.6225380597170442,0.6301362907979637,0.3879823398310691,11.494939445927129
0.08427230105735362,0.29277713783085346,0.883883866481483,0.667274275328964,0.9696941212750971,0.8827292025089264,0.4036059551872313,0.2915551371406764,0.4293928889092058,0.3034949884749949,15.119030251856195
0.8164182086475194,0.8435172941535711,0.8811041400767863,0.6892718905583024,0.8161742973607033,0.4183211422059685,0.7526174185331911,0.017148978309705853,0.7721411439124495,0.5143309398554265,22.145401079081463
0.20510186813771725,0.5260926017072052,0.07165890955366194,0.9791827115695924,0.973190856166184,0.14794216863811016,0.15881329122930765,0.14771459065377712,0.23770028119906783,0.2767562963999808,20.565133005098993
0.596136899664998,0.660334395011887,0.5912034292705357,0.8096371721476316,0.01390345930121839,0.4185705301351845,0.12091697356663644,0.20989194512367249,0.652284731157124,0.785344191128388,20.09551668857885
0.15868971776217222,0.05160212051123381,0.1940055328886956,0.3581943556200713,0.2862931222189218,0.7767354026436806,0.711132787168026,0.38683709618635476,0.49944339669309556,0.5271155158989131,6.532617808287197
0.856628717854619,0.39104371052235365,0.1363153902348131,0.614644973538816,0.20549273095093668,0.8626346704550087,0.18895265273749828,0.5207567361649126,0.8783016258385032,0.5806225058622658,20.48429991107236
0.8735657089855522,0.9973113264422864,0.8655082245822996,0.07860886445268989,0.5334653449244797,0.9877770990133286,0.9099615819286555,0.6749349788296968,0.9483164476696402,0.2589514295104891,10.40907431183633
0.9944443423300982,0.5833664275705814,0.6747728469781578,0.67015321389772,0.6137202891986817,0.07232304895296693,0.7370579605922103,0.6545521751977503,0.07384625542908907,0.47614136314950883,20.146171429505877
0.2166551409754902,0.5456433454528451,0.9921924567315727,0.32831005076877773,0.8411829890683293,0.4862859915010631,0.5381436257157475,0.34751902404241264,0.6770965603645891,0.9309735766146332,15.262493812637297
0.3847074885852635,0.4963097106665373,0.5712567665614188,0.05551950563676655,0.987740206066519,0.9713310564402491,0.24161373917013407,0.3398383946623653,0.4820456320885569,0.5483440600801259,11.884732056048646
0.7039171904325485,0.006642089923843741,0.9668632445391268,0.39772886084392667,0.6769351114053279,0.9799273835960776,0.08851427817717195,0.2440755027346313,0.9471883582882583,0.31856980500742793,11.320787440767205
0.6476398326922208,0.3278069347143173,0.24146124254912138,0.9730180993210524,0.9756803738418967,0.769174262881279,0.08546505635604262,0.255537839140743,0.4069561662618071,0.37066680914722383,22.132248980360895
0.1771262907423079,0.43086455645971,0.030722296563908458,0.4007787611335516,0.2146922906395048,0.46126186824403703,0.9415663280524313,0.6267280564643443,0.10107353143393993,0.5496679071802646,12.842400255404634
0.3791063365060836,0.3108129499014467,0.1475523568224162,0.33757612807676196,0.6410120644140989,0.007120106369256973,0.4383697514422238,0.6874954830855131,0.696547273080796,0.8250288271810859,11.928459885017643
0.10133702051825821,0.6960862695705146,0.4369348050095141,0.5880260304547846,0.6363041738513857,0.5728078831452876,0.3455406925641,0.05384150426834822,0.8372574890963733,0.9423835850320756,9.833970663454254
0.5082160765305161,0.24861490447074175,0.692118278471753,0.4099250652361661,0.7075586344581097,0.3856830222066492,0.8847521760035306,0.59241534746252,0.17266987427137792,0.6317638552282006,12.437269366647454
0.5192243531346321,0.6082516275346279,0.981516435276717,0.9003924434073269,0.7350082497578114,0.7334608568344265,0.9079107970464975,0.2692949257325381,0.4364926489070058,0.5192230346146971,26.757986568905878
0.4489999799989164,0.7774941094685346,0.44973582751117647,0.7312720236368477,0.9013346859719604,0.5494262215215713,0.6720816332381219,0.7669089201372117,0.8031427203677595,0.08952666400000453,20.956542415822163
0.24721333920024335,0.5760292266495526,0.8818253406789154,0.7750629365909845,0.5495344989467412,0.04749163892120123,0.3790724044665694,0.6013761791400611,0.8034436507150531,0.33089883835054934,17.58762824683475
0.16948621277697384,0.30222397204488516,0.8898151505272835,0.5286254221573472,0.36180163105018437,0.40821805968880653,0.610417601885274,0.15721492120064795,0.8280448785517365,0.30216688732616603,11.369915225067647
0.43000801908783615,0.8421373052988201,0.09735088073648512,0.696001224219799,0.1368984659202397,0.3166888323612511,0.7890170223545283,0.5009977840818465,0.8217686058487743,0.049154621781781316,18.221042983151847
0.34583419119007885,0.5829829543363303,0.9983950476162136,0.27040371648035944,0.6995222691912204,0.014027338940650225,0.4941461381968111,0.2700499617494643,0.5759107908234,0.33936440595425665,16.814462493961184
0.5882878319825977,0.6584309537429363,0.3490419336594641,0.2684476550202817,0.19105611415579915,0.15402658958919346,0.6023011258803308,0.6906065761577338,0.24368168669752777,0.4385670688934624,14.051141281687446
0.14417618373408914,0.15365391108207405,0.28193633491173387,0.5640148313250393,0.1838652363512665,0.38628015923313797,0.8564586020074785,0.8189686273690313,0.8224841195624322,0.8755277544260025,8.942136553549501
0.01877066446468234,0.8747779198456556,0.7514551896601915,0.9259223621338606,0.5074476704467088,0.5837832735851407,0.5398743110708892,0.09249327727593482,0.47002451308071613,0.6084214861039072,12.794705016288928
0.4226968956645578,0.16604609973728657,0.8191174615640193,0.057934766402468085,0.39561351714655757,0.4880209856200963,0.12798321736045182,0.8349370998330414,0.6577541865408421,0.55264873476699,8.068712607553037
0.7801473224535584,0.5414639213122427,0.24175886274315417,0.03829256305471063,0.20977763831615448,0.6312980288639665,0.5635495609603822,0.8008274000603706,0.1782039317768067,0.3595871871802956,12.195364290302626
0.6845843682531267,0.046735554933547974,0.29585882602259517,0.8053471387829632,0.5954065225087106,0.006717290496453643,0.06862758728675544,0.74258849513717,0.1691817978862673,0.36825424269773066,14.061538171065665
0.8091767292935401,0.8973457568790764,0.9569793858099729,0.5232549232896417,0.6813051016069949,0.06205807439982891,0.9542986182495952,0.8379264783579856,0.5052997414022684,0.012645101174712181,19.29626357632751
0.6321958459448069,0.6901339620817453,0.6650387216359377,0.6849023695103824,0.8678405957762152,0.21582477213814855,0.28229295602068305,0.9813855786342174,0.9409767678007483,0.13424522220157087,19.811066806681875
0.35292903427034616,0.5297164400108159,0.477427949430421,0.7595867395866662,0.773190866690129,0.8574413696769625,0.3389277528040111,0.34738212334923446,0.06787861930206418,0.8785440903156996,16.526414299996343
0.9254776949528605,0.9424246938433498,0.15016731759533286,0.7767756243702024,0.5768018472008407,0.019396167248487473,0.3699993684422225,0.8944709252100438,0.1358725754544139,0.93358367937617,16.878710617918944
0.003490713657811284,0.8390986961312592,0.4835710250772536,0.631568010430783,0.01025037793442607,0.9832449106033891,0.5518338880501688,0.6465638657100499,0.2664630161598325,0.4101296018343419,7.150534873003556
0.7471485533751547,0.8032258318271488,0.9659246858209372,0.039732948411256075,0.7658213067334145,0.11672109412029386,0.4240753932390362,0.05056648841127753,0.5418077951762825,0.049568217946216464,19.106731638873747
0.2678145447280258,0.04014472081325948,0.7716778633184731,0.22795047867111862,0.6465843974146992,0.14875270170159638,0.16169799212366343,0.7223078394308686,0.374465734930709,0.2657976367045194,8.605050019565956
0.07276431238278747,0.2303599277511239,0.15647314675152302,0.3886087646242231,0.46490072808228433,0.6686225545126945,0.6487530539743602,0.12794508528895676,0.3889304695185274,0.5253449489828199,8.373332822837478
0.8056651095394045,0.29812030703760684,0.4533968190662563,0.33304803585633636,0.2910274991299957,0.9989697402343154,0.6536320629529655,0.3342953510582447,0.7932750722393394,0.25177309778518975,11.87134221794509
0.31158762937411666,0.2951923755463213,0.7849193695001304,0.06433424632996321,0.8569899704307318,0.464602614287287,0.890525879804045,0.14277912466786802,0.3975927229039371,0.9419521202798933,10.3668531048278
0.21285476791672409,0.5325411621015519,0.526200687745586,0.8135042311623693,0.5854819314554334,0.3693088840227574,0.5802771190647036,0.4671568574849516,0.6046369986142963,0.12734800553880632,15.165445482924282
0.2492770387325436,0.0635615938808769,0.841459859162569,0.4581136521883309,0.18941781390458345,0.03260685410350561,0.8105125734582543,0.746929531916976,0.0835574024822563,0.6203151273075491,7.812268207377269
0.5991575226653367,0.8350798690225929,0.3053116297814995,0.9497763135004789,0.7697129985317588,0.33283827058039606,0.9512508395127952,0.7385874195024371,0.20483365701511502,0.2264426883775741,23.018452431715314
0.052611045772209764,0.8580013159662485,0.06525574554689229,0.7991792308166623,0.6275275177322328,0.9846804265398532,0.31249805749394,0.054834781447425485,0.2614790075458586,0.947861562250182,15.086112528774976
0.49715947452932596,0.23708691308274865,0.8084758857730776,0.30759744718670845,0.8566411833744496,0.59573874482885,0.20524274837225676,0.5134195482823998,0.05955217406153679,0.8029011196922511,12.260434693390435
0.4207658974919468,0.36662844801321626,0.6144062988460064,0.8173144529573619,0.7754369808826596,0.930338395992294,0.8995748828165233,0.6037099801469594,0.40578909358009696,0.478952270001173,17.077756109923317
0.5525668705813587,0.6953889795113355,0.48116070847027004,0.9701948727015406,0.8227972746826708,0.4431805422063917,0.506201544078067,0.7025308725424111,0.6921556906308979,0.21166647342033684,25.513112914993133
0.7658062234986573,0.3992308888118714,0.19491137587465346,0.2711385455913842,0.8017733593005687,0.031126837246119976,0.5715275204274803,0.7139308727346361,0.17032973049208522,0.13015917595475912,16.48592938733661
0.48677162546664476,0.9206867404282093,0.22483015176840127,0.5424107175786048,0.7283485096413642,0.7617086202371866,0.820897872094065,0.05527810496278107,0.23020494217053056,0.20699741505086422,18.604989867788003
0.4582396054174751,0.8924259131308645,0.5009178493637592,0.08143274928443134,0.07430546777322888,0.005707024829462171,0.0013108104467391968,0.6840891388710588,0.5337870090734214,0.7710493553895503,13.163224686762494
0.7468754120636731,0.7236833842471242,0.6733958651311696,0.8485306412912905,0.08575150952674448,0.06600520526990294,0.13677973323501647,0.12273114454001188,0.7871366448234767,0.5283386765513569,18.099774230251438
0.7428278042934835,0.9474616716615856,0.2717024052981287,0.6071365175303072,0.14204300055280328,0.0378266591578722,0.14368792017921805,0.9273834719788283,0.9804909345693886,0.7415721737779677,16.052441991060988
0.24139719340018928,0.8679440468549728,0.947951918002218,0.014329848112538457,0.7579401491675526,0.4349162098951638,0.3226391097996384,0.964073640992865,0.48714597919024527,0.5217377441003919,14.685587010833112
0.6494822101667523,0.061739066848531365,0.4756261019501835,0.622405843809247,0.11360386107116938,0.9167444079648703,0.7664303870406002,0.25433191237971187,0.03611829224973917,0.8419854466337711,8.830012336959241
0.3245817213319242,0.35596243431791663,0.09582641650922596,0.9978238479234278,0.7689534043893218,0.5972329527139664,0.31721510482020676,0.2681561841163784,0.20229613198898733,0.17802900588139892,19.857042046961784
0.25906314281746745,0.7214242916088551,0.9313481440767646,0.447717517381534,0.77436932339333,0.0440333210863173,0.9492201737593859,0.8431146440561861,0.30472722300328314,0.5196479773148894,17.690657768373487
0.5501562233548611,0.12111581722274423,0.8622609295416623,0.9370224627200514,0.4776319933589548,0.23281574458815157,0.3055062622297555,0.7946092805359513,0.028787805465981364,0.9462149071041495,16.33877538459994
0.8540428574196994,0.044328267220407724,0.1600131073500961,0.6745481616817415,0.7376614771783352,0.22050670767202973,0.24692877428606153,0.2161814565770328,0.7785061129834503,0.8912120684981346,12.118543299153577
0.5986065506003797,0.49297124054282904,0.8573030594270676,0.975607382832095,0.6443038892466575,0.6363231062423438,0.8669930789619684,0.4282548036426306,0.6555041542742401,0.8433719554450363,23.328011180561816
0.6933046183548868,0.5611809028778225,0.32031597197055817,0.7145581361837685,0.4271437667775899,0.4371451744809747,0.5301567662972957,0.2817624839954078,0.31872636661864817,0.48924717074260116,19.26810622524278
0.08113603317178786,0.7766124613117427,0.7132395664229989,0.9841224306728691,0.8823256471659988,0.6933002520818263,0.9404998936224729,0.9024770660325885,0.5612255642190576,0.21366667794063687,17.380811889734915
0.5715283532626927,0.5435831507202238,0.251894848421216,0.031244023703038692,0.8731402442790568,0.5397435715422034,0.9887438295409083,0.6327071734704077,0.28931362461298704,0.22590885893441737,14.12301960905016
0.20002567837946117,0.008978910511359572,0.9905697731301188,0.4882803685031831,0.9489689250476658,0.5905228441115469,0.31008714088238776,0.5502131329849362,0.7084138372447342,0.34808164183050394,13.802300689576576
0.006598759442567825,0.48679780308157206,0.5901729541365057,0.7951356079429388,0.40284972777590156,0.8455890845507383,0.23476100340485573,0.5745489080436528,0.6067832196131349,0.12343817413784564,8.549709273278758
0.1475628800690174,0.7496966614853591,0.9386936388909817,0.48158133612014353,0.8090139527339488,0.6474818293936551,0.843698680633679,0.8327661263756454,0.22259741253219545,0.9289871493820101,16.925288363591694
0.7443482072558254,0.35256420471705496,0.7144761641975492,0.5025328190531582,0.13085893937386572,0.11415212857536972,0.5947037558071315,0.4320192167069763,0.358337436337024,0.6800482077524066,13.380016474437781
0.25644950405694544,0.21915517724119127,0.5363723398186266,0.05477185035124421,0.2733959264587611,0.899886368541047,0.7421100663486868,0.45748376613482833,0.7953691047150642,0.20940541103482246,3.930619290449547
0.8119003991596401,0.5315241164062172,0.46228486811742187,0.5906308479607105,0.34505166462622583,0.598051599226892,0.1995474409777671,0.8814488758798689,0.3478400781750679,0.08652633288875222,16.47295088505198
0.8095422978512943,0.48222950543276966,0.06722481129691005,0.5119628782849759,0.12102966150268912,0.14068704727105796,0.39929976500570774,0.3096543687861413,0.45296086301095784,0.17895358544774354,19.90970320731666
0.3865915483329445,0.4132398848887533,0.03875432093627751,0.2021162121091038,0.2281838790513575,0.04173038899898529,0.19772579241544008,0.36876736325211823,0.4620081102475524,0.02546885795891285,12.222911105700108
0.641950957942754,0.46736481692641973,0.9422636465169489,0.3167224400676787,0.40680482028983533,0.683027180377394,0.12848000042140484,0.1579618896357715,0.26972513436339796,0.3628137190826237,16.90339983110617
0.1384823357220739,0.7550104758702219,0.2785646296106279,0.5171535327099264,0.7807489938568324,0.2010340082924813,0.8893987599294633,0.16283881478011608,0.291928025893867,0.7292745148297399,12.46554725123207
0.28422780032269657,0.5905474778264761,0.5716868771705776,0.8704622713848948,0.8357738247141242,0.10607711342163384,0.691141024697572,0.3312220242805779,0.12988130538724363,0.24986005201935768,18.59529357202034
0.3560131012927741,0.9266289796214551,0.06830708589404821,0.23953146301209927,0.5196203941013664,0.017762323608621955,0.3590607026126236,0.3540679421275854,0.3930632199626416,0.06635165750049055,16.164799881218375
0.680299018509686,0.30096558411605656,0.2047154069878161,0.35018108249641955,0.37021312792785466,0.6760749109089375,0.7490186146460474,0.38299196283333004,0.5311527953017503,0.9699372234754264,12.999324976042253
0.9839805839583278,0.6895995792001486,0.04541098955087364,0.3931867345236242,0.3876348480116576,0.11265582032501698,0.028532205149531364,0.7996266300324351,0.42271280684508383,0.36294293869286776,20.665096952343234
0.13370081665925682,0.572251400211826,0.8648890219628811,0.9351662029512227,0.660218802979216,0.14049267186783254,0.4280709777958691,0.6564890998415649,0.14163626544177532,0.4461593034211546,17.2235566879761
0.3177060354501009,0.8078845599666238,0.21778798568993807,0.7877474722918123,0.7447521907743067,0.05999248824082315,0.34831113275140524,0.4316941767465323,0.466132944682613,0.6569658555090427,19.737213961962112
0.827354540117085,0.3537478258367628,0.6210800122935325,0.9324446120299399,0.06871286616660655,0.7426221210043877,0.2992042298428714,0.4423252383712679,0.685380098875612,0.3052043658681214,17.67845853819139
0.42950513353571296,0.3103847177699208,0.91718147136271,0.9003478894010186,0.2690573940053582,0.6993576842360198,0.13587603601627052,0.18549472512677312,0.23119542747735977,0.6631432673893869,17.740664112366737
0.5368260247632861,0.4071476066019386,0.3023437194060534,0.72253587981686,0.7579712667502463,0.7750707331579179,0.15844266582280397,0.1237869739998132,0.5350287749897689,0.2664059982635081,16.895441085547517
0.9755247104912996,0.16401096573099494,0.2661536098457873,0.3645367834251374,0.5707394443452358,0.3083077573683113,0.2452126492280513,0.3467315605375916,0.723932510940358,0.3580946277361363,13.353704241637185
0.6592390956357121,0.6682652139570564,0.7230869790073484,0.08370871655642986,0.8528581443242729,0.975115085253492,0.6029715789481997,0.5811302200891078,0.9712546055670828,0.5278233592398465,17.621016562259257
0.32890416122972965,0.7741275101434439,0.9405174828134477,0.002186435041949153,0.893446470843628,0.1343776066787541,0.1412431770004332,0.278510807082057,0.5968750352039933,0.8564184685237706,15.417351684250747
0.4992907883133739,0.416764467721805,0.8066904111765325,0.9890986185055226,0.5432349401526153,0.4110673447139561,0.4930096506141126,0.5153825634624809,0.6053101492580026,0.568723029922694,19.452205837678108
0.27448846958577633,0.49629620066843927,0.13600813131779432,0.3333739689551294,0.7106076888740063,0.9662051987834275,0.020912245381623507,0.8188781724311411,0.08478447026573122,0.06787305721081793,11.389332772601534
0.16538307070732117,0.11568709090352058,0.8482498610392213,0.23984934156760573,0.5406217225827277,0.8517785130534321,0.2257042934652418,0.8941067666746676,0.39536130195483565,0.8793046688660979,9.976754705025584
0.17182412673719227,0.3665459540206939,0.8480685385875404,0.29226267454214394,0.9510524759534746,0.26486160955391824,0.4146031173877418,0.9098224355839193,0.9139723409898579,0.45432840241119266,13.455493465533689
0.06253651133738458,0.96890514716506,0.09506854438222945,0.34881159313954413,0.08281530626118183,0.7952392182778567,0.6063179147895426,0.032681012991815805,0.2488423848990351,0.18749763793312013,8.761888037021913
0.0393334892578423,0.19811313250102103,0.33634008350782096,0.9755673576146364,0.51855997601524,0.43305638432502747,0.39844850124791265,0.20722026797011495,0.09930340596474707,0.19591160584241152,13.122125460449796
0.740971049061045,0.3846760028973222,0.25332684302702546,0.8205069766845554,0.37103688856586814,0.21909873839467764,0.7917546385433525,0.35203313338570297,0.22501320857554674,0.8801337261684239,17.683319154233075
0.00047485134564340115,0.6597371781244874,0.5391981424763799,0.31412636302411556,0.4000748929101974,0.04758762591518462,0.5977748280856758,0.5510131721384823,0.4257472313474864,0.7252533757127821,5.786768681340766
0.38446384365670383,0.7517382900696248,0.9671084424480796,0.4968535949010402,0.03633883036673069,0.27968612336553633,0.5887313310522586,0.05663335393182933,0.3824056815356016,0.8754000847693533,17.494268004187276
0.8874210694339126,0.1288808372337371,0.7957574487663805,0.16660347254946828,0.4053340570535511,0.5645800696220249,0.5574115924537182,0.1681068183388561,0.6717154302168638,0.5102073256857693,9.188852347024273
0.16416294826194644,0.6728007579222322,0.3262605667114258,0.8181341285817325,0.9954776535741985,0.8783640514593571,0.12563195545226336,0.7009466188028455,0.0004606966394931078,0.95508201722987,16.237963989406083
0.6635026559233665,0.11044848361052573,0.6667263915296644,0.6105115546379238,0.6029481526929885,0.32481737388297915,0.23928893683478236,0.8787643497344106,0.36781307170167565,0.041344040306285024,11.025066183182998
0.9534451274666935,0.7666847314685583,0.8802518360316753,0.5469332917127758,0.18330945447087288,0.5867122958879918,0.4249620898626745,0.49174129450693727,0.3801319836638868,0.5321949364151806,16.39986676985479
0.5221401031594723,0.07410701736807823,0.6389943854883313,0.7504014170262963,0.8852898324839771,0.5827559588942677,0.7234530870337039,0.3265654828865081,0.06377550028264523,0.982653523562476,13.754767617347404
0.9116545943543315,0.04686955246143043,0.1851600434165448,0.17793993721716106,0.7377852799836546,0.7482756902463734,0.7902278227265924,0.05548979784362018,0.4653464436996728,0.09306255262345076,7.811948486619955
0.005523093743249774,0.007136421976611018,0.646824864204973,0.09026319300755858,0.6891880636103451,0.24273834959603846,0.6758998043369502,0.08937802398577332,0.3671593002509326,0.7087761256843805,6.5239885293778705
0.783324601361528,0.1853863769210875,0.7699639417696744,0.8622160395607352,0.15438921935856342,0.7631659023463726,0.972217113012448,0.0034972322173416615,0.18034162977710366,0.6049807877279818,17.31993353302785
0.08977339789271355,0.2912089913152158,0.258182805031538,0.23257872741669416,0.33681850507855415,0.49134813621640205,0.7224949619267136,0.8937664891127497,0.16309868753887713,0.519344772445038,4.804569315398922
0.23436556453816593,0.7411041473969817,0.2119342947844416,0.1787526614498347,0.3891979733016342,0.6516255254391581,0.1792698772624135,0.27979342662729323,0.962258450454101,0.46271576010622084,10.942989916567473
0.26047721202485263,0.3065674027893692,0.4005029327236116,0.8816549838520586,0.23162728175520897,0.012421479215845466,0.30554674030281603,0.8675486734136939,0.17648577503859997,0.033449248876422644,12.982136013800252
0.48405890609137714,0.3429661469999701,0.6900593324098736,0.5518285077996552,0.8433463906403631,0.34136616555042565,0.43074877629987895,0.8081334454473108,0.9385838955640793,0.2630880819633603,14.569447017080249
0.3619193236809224,0.6664910388644785,0.7186045118141919,0.08534254226833582,0.35315998806618154,0.6871938358526677,0.7665698793716729,0.7220970960333943,0.9685997965279967,0.32322557200677693,10.019948098415334
0.37914622644893825,0.936182679142803,0.8600208892021328,0.7078874215949327,0.07390275038778782,0.45035820826888084,0.5606869051698595,0.330140431644395,0.3283949380274862,0.43175509735010564,19.118982187277748
0.7041880288161337,0.6656790296547115,0.6713699090760201,0.1430639980826527,0.536842790665105,0.3968173873145133,0.6309018956962973,0.04349069809541106,0.7183246745262295,0.5296090615447611,14.489251316872343
0.8089043945074081,0.6317786197178066,0.7174290071707219,0.9926716503687203,0.5883038775064051,0.6258255515713245,0.03983013890683651,0.4415433167014271,0.30767895048484206,0.5002134253736585,23.79241403199979
0.32406785688363016,0.24301864579319954,0.09211766999214888,0.9823534411843866,0.7027475507929921,0.4130049420055002,0.13595876703038812,0.7804725607857108,0.2942919821944088,0.30621674261055887,20.921291678139507
0.936318194726482,0.19210158078931272,0.7310979566536844,0.13568731723353267,0.1490080407820642,0.21880882163532078,0.32284959871321917,0.9759323506150395,0.7550368059892207,0.20103100244887173,10.761349214287074
0.880818032193929,0.11029415600933135,0.7518746519926935,0.8885289749596268,0.988704021088779,0.912971937097609,0.9114019847474992,0.6457150836940855,0.5196247817948461,0.5573514769785106,19.287870172543514
0.6393815139308572,0.6851507923565805,0.24768846877850592,0.755883474368602,0.11613655043765903,0.6976123224012554,0.3902105810120702,0.4486400841269642,0.5080931391566992,0.3463701952714473,19.666765918346663
0.810913183260709,0.26146355038508773,0.09964140271767974,0.5595871761906892,0.6581435673870146,0.6504604695364833,0.024204373825341463,0.29629102163016796,0.9929759665392339,0.09510630602017045,17.87869113644547
0.5841760893817991,0.14709722227416933,0.45445710071362555,0.6897722941357642,0.5582825532183051,0.6622693634126335,0.8058985194656998,0.11239378363825381,0.14459546166472137,0.08055456401780248,11.396688115458396
0.4214681782759726,0.07936880923807621,0.610244321404025,0.3264552929904312,0.24804556486196816,0.6061325331684202,0.8200959314126521,0.3489766849670559,0.7869795879814774,0.5061908101197332,4.010671702445978
0.6206512099597603,0.6070518021006137,0.9948382575530559,0.44764266326092184,0.17496425611898303,0.8732513999566436,0.5639629273209721,0.02166005806066096,0.5204122413415462,0.7735789937432855,17.80507044289653
0.8545922797638923,0.43224466941319406,0.898576847743243,0.6416024619247764,0.08938090316951275,0.5235873439814895,0.5863918941468,0.11901947390288115,0.19488941482268274,0.4771915322635323,19.353723830689905
0.9908418215345591,0.28998318454250693,0.5642308290116489,0.2911728788167238,0.8803760453592986,0.30825115996412933,0.5660229737404734,0.11926003941334784,0.31100366497412324,0.013865103013813496,14.20330646606195
0.2436856224667281,0.8266802269499749,0.060461067128926516,0.4657382715959102,0.9813879064749926,0.6853824954014271,0.627873478224501,0.09179910854436457,0.9523213093634695,0.2575564095750451,17.4594773407173
0.41658398951403797,0.7813481348566711,0.865063312696293,0.6785551512148231,0.11221126699820161,0.39390294533222914,0.9170609461143613,0.6580851103644818,0.5358892022632062,0.7043758132494986,18.10308768230653
0.33387589338235557,0.37275301944464445,0.9502528607845306,0.07363937771879137,0.9660029588267207,0.4277505879290402,0.5793419571127743,0.8830190859735012,0.85939797363244,0.16937005962245166,13.721197512425032
0.001845615915954113,0.2382798083126545,0.45548297464847565,0.9262063235510141,0.34056858625262976,0.6157775053288788,0.8461573547683656,0.01856981683522463,0.8962068790569901,0.5772299126256257,10.826265126711608
0.22454378916881979,0.9471140645910054,0.3585686862934381,0.1209861219394952,0.09827916626818478,0.6843096681404859,0.3698563484940678,0.39928052690811455,0.32183179701678455,0.29592811432667077,6.964641238060964
0.6193575521465391,0.5291961668990552,0.7796246099751443,0.14010766195133328,0.8443155768327415,0.5623396197333932,0.9472270580008626,0.7401897707022727,0.9695148298051208,0.10743087320588529,13.984590618296714
0.40198510768823326,0.6096080928109586,0.8841801970265806,0.3463743997272104,0.515325921587646,0.6301678461022675,0.44862719904631376,0.8129012291319668,0.11999946506693959,0.30786376958712935,17.1047294224574
0.6395500497892499,0.4727995526045561,0.7162225125357509,0.8569797417148948,0.26925235614180565,0.1609035669825971,0.6849472287576646,0.6824603215791285,0.8023946036119014,0.37016201578080654,19.387191671830728
0.42720677400939167,0.5574375216383487,0.288558597676456,0.2889647176489234,0.9248353536240757,0.19913256261497736,0.6862121468875557,0.8403937600087374,0.4170777031686157,0.8166081947274506,14.689705186066238
0.5437628827057779,0.11791024100966752,0.7017379426397383,0.9401555391959846,0.9914183954242617,0.2024458155501634,0.6244217150378972,0.5086455685086548,0.03710344946011901,0.21546463295817375,17.518208608017535
0.19124066387303174,0.7449218346737325,0.7193464273586869,0.8768837486859411,0.7507120193913579,0.5189327802509069,0.946140150539577,0.30297610256820917,0.316588731482625,0.6501863144803792,16.98566839213272
0.9121225015260279,0.7742568191606551,0.36970219551585615,0.5023793843574822,0.9559962393250316,0.579960550647229,0.4326960854232311,0.29041234985925257,0.8558268016204238,0.9509538302663714,18.014032146309113
0.9340724619105458,0.0023384601809084415,0.06554465275257826,0.9319347755517811,0.24844021815806627,0.7277281973510981,0.24505535583011806,0.23328426131047308,0.7429990600794554,0.17907222430221736,14.750329356582883
0.3818687307648361,0.11922172596678138,0.685959872091189,0.7520045957062393,0.5464736169669777,0.7822134590242058,0.41316961916163564,0.22302908939309418,0.9160848448518664,0.22007988626137376,13.120013239440421
0.4930370959918946,0.9589939177967608,0.7848721630871296,0.8382909845095128,0.41823592130094767,0.7001208565197885,0.428799610119313,0.46613377146422863,0.3662121663801372,0.645518597215414,20.56852289215946
0.12725140200927854,0.8435481616761535,0.08975919499062002,0.2157908515073359,0.738074766471982,0.8820895061362535,0.29874339583329856,0.8048163168132305,0.1870354327838868,0.06949209119193256,12.722969930666554
0.5744353856425732,0.7340404647402465,0.9289462233427912,0.3459898813161999,0.8726388111244887,0.5366436403710395,0.4285790908616036,0.33484421018511057,0.7412384655326605,0.8144046198576689,21.08977959913965
0.040544651448726654,0.5189552092924714,0.9392127220053226,0.3895548330619931,0.7016704583074898,0.5919299423694611,0.28502965392544866,0.09213687689043581,0.42461887700483203,0.4378906872589141,10.761954473458436
0.7728739667218179,0.8368211446795613,0.17285442142747343,0.916374430526048,0.5195007463917136,0.07561747240833938,0.2801293935626745,0.7426562677137554,0.08352077822200954,0.4997894430998713,22.71355104112684
0.5942928530275822,0.7593927734997123,0.2141480704303831,0.4984618150629103,0.18590226606465876,0.6647917258087546,0.05307535617612302,0.798762068618089,0.1292419300880283,0.2156405420973897,18.10231770542609
0.7014710016082972,0.5727270862553269,0.5256575215607882,0.7219964961986989,0.15319808712229133,0.33320193272084,0.5940664878580719,0.8716927310451865,0.2472339728847146,0.4903212580829859,17.286011619351626
0.975847736466676,0.7078229251783341,0.36946377879939973,0.5439374211709946,0.2223000624217093,0.06328706140629947,0.22518137469887733,0.15147945377975702,0.27516182675026357,0.20961553300730884,14.340775649779287
0.98641924909316,0.3817368159070611,0.3498399935197085,0.4240656835027039,0.7630412066355348,0.731245358241722,0.3282434504944831,0.5769916425924748,0.6391092883422971,0.6701272160280496,17.39819272082663
0.3714930689893663,0.44371291366405785,0.002606951864436269,0.13431710586883128,0.37146196817047894,0.015601044287905097,0.5914865471422672,0.2818161300383508,0.8976400552783161,0.8891700303647667,13.263137163636355
0.7073229711968452,0.17451407597400248,0.25912041612900794,0.9148613167926669,0.5749819041229784,0.8654823829419911,0.6231248574331403,0.6736481715925038,0.4382420238107443,0.24116831319406629,15.810795221949194
0.5609567605424672,0.3489859860856086,0.6502992557361722,0.9184537208639085,0.8981934802141041,0.47386586922220886,0.9473333470523357,0.056381295435130596,0.01602566847577691,0.4188551518600434,19.940766056972645
0.1359282792545855,0.7684051021933556,0.2315447956789285,0.6970339103136212,0.8831626118626446,0.5229841824620962,0.24966916861012578,0.2443723117467016,0.3725266815163195,0.5281467505265027,15.760737808527844
0.5134141964372247,0.29910565726459026,0.11841597873717546,0.0586013407446444,0.5883693569339812,0.8932544845156372,0.02316629304550588,0.7911926778033376,0.6178428558632731,0.8041221506427974,9.741781594543133
0.6765883853659034,0.7151992472354323,0.33630559337325394,0.435134842293337,0.6249798580538481,0.8409198725130409,0.9484122614376247,0.16213071951642632,0.012923544738441706,0.2651036703027785,18.59790404963429
0.4256028146483004,0.5726826179306954,0.18124631396494806,0.34012190415523946,0.20349367894232273,0.2923241120297462,0.2243336532264948,0.08407220314256847,0.761957640061155,0.7084045065566897,13.766336284843355
0.8960717862937599,0.38474010792560875,0.01190428831614554,0.9396355708595365,0.36819866159930825,0.01939654559828341,0.3113897768780589,0.06200763676315546,0.47986071719788015,0.7487851150799543,23.697804602114203
0.8826806279830635,0.79442292987369,0.75896190200001,0.6631788650993258,0.7174264609348029,0.5998137358110398,0.7971817590296268,0.7118293626699597,0.7358321149367839,0.4975704236421734,19.084331301211577
0.583674181252718,0.8134807827882469,0.7076798172201961,0.7156610314268619,0.9034100389108062,0.4045778748113662,0.10306854755617678,0.2941597255412489,0.7770128536503762,0.22263573366217315,23.05724362591026
0.48508798563852906,0.9617872689850628,0.4735049409791827,0.8081835841294378,0.25262029422447085,0.37771846097894013,0.5963451240677387,0.9479352042544633,0.07393380254507065,0.9485609363764524,20.09868328751004
0.35677407844923437,0.778254261938855,0.4043211352545768,0.4895177686121315,0.5023336161393672,0.3875053145457059,0.49909946718253195,0.8262770869769156,0.1438039024360478,0.5277255128603429,15.6674698670916
0.004916965262964368,0.1990462620742619,0.12278097122907639,0.9495526044629514,0.9249717337079346,0.7719041442032903,0.6568124070763588,0.6601524103898555,0.5156886018812656,0.757581073557958,16.875296945924905
0.6482322227675468,0.3541569532826543,0.44000840629450977,0.8150837521534413,0.02481162268668413,0.3606246074195951,0.9381259859073907,0.7343551181256771,0.6243492630310357,0.7684347515460104,14.344891144456774
0.7307140473276377,0.9521379929501563,0.07714326702989638,0.21193529828451574,0.6635240269824862,0.7829238986596465,0.5710411078762263,0.5034908554516733,0.8936935686506331,0.1891379919834435,16.116341690540363
0.4140023086220026,0.794870542595163,0.14665874768979847,0.4284082979429513,0.7559442252386361,0.7340964076574892,0.8838545731268823,0.04515277571044862,0.38191958027891815,0.008118293946608901,18.64478625351148
0.5433524518739432,0.12233012029901147,0.3542014639824629,0.5771637759171426,0.8127612669486552,0.2088287379592657,0.10262746922671795,0.30771856172941625,0.16068205260671675,0.4324739396106452,11.66840040130725
0.3689090795814991,0.22570006526075304,0.21537502645514905,0.8001170167699456,0.5558907259255648,0.05333653138950467,0.2135329875163734,0.5014878816436976,0.5274178818799555,0.09522939310409129,14.516886845860654
0.10918231355026364,0.07426884886808693,0.5135105862282217,0.02976261847652495,0.3549310478847474,0.2097883785609156,0.21817652718164027,0.07925951387733221,0.5113161418121308,0.968440368771553,0.3020836091619086
0.7788381506688893,0.5440558816771954,0.3600976807065308,0.32685313769616187,0.7737856400199234,0.21250556712038815,0.90531684178859,0.2607609564438462,0.7713577770628035,0.2911777812987566,16.66441581787399
0.549965989543125,0.6859122009482235,0.25850939308293164,0.13769048335961998,0.7212266845162958,0.7025772032793611,0.3804347636178136,0.10518940165638924,0.6747662061825395,0.19860617048107088,15.01825624352284
0.9895654441788793,0.5303584174253047,0.20121240010485053,0.49488280224613845,0.4188354678917676,0.93394337547943,0.13612177758477628,0.19237579894252121,0.32850582292303443,0.18179700267501175,18.274746565719088
0.05368329933844507,0.43584463372826576,0.7282390359323472,0.8186348641756922,0.1999311309773475,0.003183570923283696,0.5944986301474273,0.8821410641539842,0.3263761727139354,0.24256988195702434,10.51308891320263
0.4365578244905919,0.7365442018490285,0.31784251844510436,0.7654512480366975,0.5751968554686755,0.6569660622626543,0.3173002942930907,0.2940556542016566,0.3932656068354845,0.06189343496225774,20.36964418058206
0.9274770049378276,0.9816721607930958,0.5989708637353033,0.9968745834194124,0.6095591003540903,0.9852441740222275,0.8112324718385935,0.4416430019773543,0.6357275464106351,0.9273377596400678,14.626375224805715
0.021832920610904694,0.5684324437752366,0.03435525065287948,0.8871635994873941,0.25121926818974316,0.47136758267879486,0.6758514654356986,0.027589097386226058,0.8944455343298614,0.07814211025834084,13.038554693387306
0.21618950087577105,0.6541514517739415,0.5486945412121713,0.3555496041662991,0.1625330972019583,0.15147166326642036,0.8748048124834895,0.30354608851484954,0.8610275078099221,0.19142864737659693,9.766985074548238
0.35477007809095085,0.5345428183209151,0.361501005012542,0.0902449272107333,0.26504199393093586,0.10052626626566052,0.9697863715700805,0.9485123110935092,0.6838002542499453,0.43157319352030754,8.301532604815684
0.42222541524097323,0.9733649557456374,0.5641490961425006,0.023290818091481924,0.9812382627278566,0.8345341412350535,0.632169779855758,0.7597699780017138,0.6133673926815391,0.47884649760089815,15.907413142658637
0.9660189568530768,0.5357135829981416,0.4525094928685576,0.8558001748751849,0.08981222240254283,0.1997629082761705,0.7609374793246388,0.3568143006414175,0.8442710377275944,0.17325863731093705,19.208372821562254
0.1383500057272613,0.010207751533016562,0.009547279914841056,0.4852087467443198,0.41650147386826575,0.18154578190296888,0.4393588723614812,0.4188147387467325,0.4093440240249038,0.856105589075014,10.236599210885743
0.9529649741016328,0.6763001393992454,0.054721699096262455,0.3270220416598022,0.7330280034802854,0.6801314130425453,0.21491659176535904,0.5247030635364354,0.3076407075859606,0.9894919779617339,19.469859442572236
0.6653832378797233,0.2932039226870984,0.26106008468195796,0.22569376579485834,0.5445603195112199,0.021385411266237497,0.09159963834099472,0.7527711631264538,0.8907360897865146,0.5618161861784756,12.455589213061813
0.13451066962443292,0.1750197175424546,0.2805615705437958,0.23793967603705823,0.44315454945899546,0.18612587288953364,0.9606437848415226,0.21570518310181797,0.25923169194720685,0.8637379189021885,5.802349036233516
0.04474360356107354,0.37530831759795547,0.5001432790886611,0.0433501813095063,0.402761087520048,0.19436934334225953,0.6833323328755796,0.8688211520202458,0.8914955742657185,0.7750611298251897,3.13127875976101
0.8619335182011127,0.31850453512743115,0.7646527732722461,0.7312272151466459,0.8289616315159947,0.47998954146169126,0.9143462998326868,0.03151104133576155,0.8831686887424439,0.5863110201898962,20.169667363337947
0.5052140457555652,0.5361878145486116,0.6216405893210322,0.2688048523850739,0.5948955465573817,0.4126995427068323,0.2637230346444994,0.09437497286126018,0.8881497613620013,0.5989622757770121,12.569937284841307
0.060845422092825174,0.9002093498129398,0.7027778625488281,0.21968966093845665,0.1605786788277328,0.7817407383117825,0.6498134126886725,0.9096756763756275,0.34850473795086145,0.020336164394393563,8.020782904991105
0.4162807194516063,0.3726522943470627,0.5554425378795713,0.897706656018272,0.13069910928606987,0.6600488186813891,0.18136250390671194,0.07162817590869963,0.5220282678492367,0.767615209100768,14.600718358190846
0.027804671553894877,0.43314968259073794,0.6729741473682225,0.13545654620975256,0.9967784413602203,0.12402861495502293,0.05964793381281197,0.7732581140007824,0.5310396486893296,0.8470336005557328,7.601303209683806
0.9913192852400243,0.14487861399538815,0.6313599792774767,0.8047723616473377,0.06229846319183707,0.3136599624995142,0.6335249044932425,0.15509744174778461,0.4759642416611314,0.5811795524787158,14.742726642380564
0.467463371809572,0.013489160453900695,0.05019783740863204,0.6771737651433796,0.7289739677216858,0.9579806488472968,0.47918405570089817,0.2587185853626579,0.9135666671209037,0.6641723581124097,14.636035679232121
0.8666607020422816,0.8080294120591134,0.2536794755142182,0.7059726773295552,0.9001586614176631,0.47109509515576065,0.43788429629057646,0.2279147277586162,0.16347579029388726,0.1491010789759457,20.004272183343538
0.3312459010630846,0.9069421307649463,0.1902545066550374,0.5898537607863545,0.4721589214168489,0.8107016300782561,0.35685689747333527,0.938790978398174,0.021399691700935364,0.6556312462780625,18.36023212601385
0.9617304450366646,0.5382813401520252,0.8862863024696708,0.7357865315862,0.3264019328635186,0.11623515840619802,0.39105562632903457,0.2865887642838061,0.7794104120694101,0.14586635120213032,21.261627510306454
0.37171192560344934,0.29652673890814185,0.3837082772515714,0.038801997900009155,0.3102354018483311,0.6548246459569782,0.5199357275851071,0.39972239336930215,0.8548277348745614,0.2387344513554126,5.5022542982697535
0.9607603347394615,0.016153489472344518,0.7029540904331952,0.6134802969172597,0.5660024781245738,0.7571380566805601,0.23193180933594704,0.2618187719490379,0.45603830739855766,0.755438988795504,9.52457751150861
0.5735587105154991,0.6331825875677168,0.014571752166375518,0.6902326662093401,0.09957518940791488,0.2831011766102165,0.2640468399040401,0.06619969941675663,0.8550197975710034,0.8278742949478328,20.276317478058726
0.14638268761336803,0.11644122586585581,0.7945306771434844,0.2800900836009532,0.9761555364821106,0.09990567108616233,0.8990215440280735,0.30815662653185427,0.4873194363899529,0.1025563389994204,10.470360455263002
0.24161021667532623,0.5882635640446097,0.279320880305022,0.6959360698238015,0.8801421371754259,0.6093563281465322,0.409028077730909,0.39295144914649427,0.8498874038923532,0.5753720623906702,18.240508951936924
0.7595552147831768,0.13993719522841275,0.99044537730515,0.6877149709034711,0.4215738249476999,0.3780063693411648,0.15560654224827886,0.6003824337385595,0.37564472830854356,0.564721362432465,17.995704908825317
0.904987923335284,0.9427601560018957,0.7087148684076965,0.29149585706181824,0.7508957169484347,0.22817663685418665,0.6614724809769541,0.852705764118582,0.9763943678699434,0.9602722527924925,11.694013544434274
0.2952998224645853,0.9081692995969206,0.5768398416694254,0.008908734191209078,0.6712176690343767,0.3233338906429708,0.6251129591837525,0.5933216556441039,0.10353172826580703,0.7463267054408789,12.360624510138067
0.8380559522192925,0.8135153246112168,0.7866161807905883,0.926390404580161,0.9586139293387532,0.051795667270198464,0.3289778712205589,0.36358607606962323,0.15667174546979368,0.8621587271336466,23.049901034436562
0.8244616847950965,0.5954900502692908,0.6684491334017366,0.14302863576449454,0.5632647860329598,0.45954937767237425,0.8164377298671752,0.42342060385271907,0.14912354480475187,0.5639227943029255,15.870791275687218
0.9298905469477177,0.07999367197044194,0.417608673684299,0.8836977193132043,0.7982668259646744,0.9884000474121422,0.9400419099256396,0.6497792880982161,0.051944489823654294,0.4261572996620089,13.794231174151882
0.07371572288684547,0.21125840325839818,0.9572606862057,0.8618817443493754,0.8082681021187454,0.5901234911289066,0.13351554470136762,0.5055260539520532,0.038627921137958765,0.983603328699246,17.812237238707873
0.8730138572864234,0.7886074888519943,0.15334979840554297,0.5496611909475178,0.034659255761653185,0.9089070605114102,0.8860819321125746,0.6428998478222638,0.9841896793805063,0.5521268674638122,17.09910934483631
0.36997276777401567,0.23791676433756948,0.46984587609767914,0.4430252257734537,0.820781585527584,0.30175392027013004,0.1863318933174014,0.6300816652365029,0.559833109145984,0.9745798381045461,12.075793411336424
0.9438778276089579,0.6763649752829224,0.41332986601628363,0.4508880884386599,0.976982863387093,0.7090323939919472,0.18627008982002735,0.6096477913670242,0.2660157873760909,0.5291204468812793,18.415067431433066
0.9275408869143575,0.33934412989765406,0.41016595531255007,0.19596556201577187,0.6209835074841976,0.2812290589790791,0.8845947831869125,0.6213446774054319,0.33657855866476893,0.3617638270370662,12.13193744207773
0.2600915350485593,0.6991327272262424,0.2783541940152645,0.2833070259075612,0.20528723346069455,0.6376034000422806,0.5687879810575396,0.3369073506910354,0.9447786619421095,0.5288063746411353,9.133608447866177
0.7298964674118906,0.9942205317784101,0.4614025456830859,0.3993891063146293,0.7032491466961801,0.9625283179339021,0.9503663177601993,0.8187460214830935,0.009287924505770206,0.3299677905160934,17.167337797328482
0.4929026085883379,0.2829838173929602,0.18012163322418928,0.7447859141975641,0.9585986286401749,0.871543737128377,0.878325303317979,0.566027415683493,0.7103145183064044,0.8029507016763091,18.733241847446564
0.8902874097693712,0.7704355879686773,0.5822428765241057,0.44238151027821004,0.833334470866248,0.21713966061361134,0.07254458800889552,0.15582340047694743,0.7879918005783111,0.523893374716863,17.653450450368933
0.834301206516102,0.06809362815693021,0.37917150906287134,0.6082434232812375,0.5671003335155547,0.5776757006533444,0.9811334332916886,0.4992782536428422,0.09142444841563702,0.2860810961574316,12.49881056928163
0.8617602435406297,0.5420945428777486,0.21678170771338046,0.16193448728881776,0.7269956555683166,0.11696216138079762,0.899196614511311,0.19764696503989398,0.9783158451318741,0.009891986846923828,17.27193687846763
0.05460787401534617,0.39131997851654887,0.9233934413641691,0.4398925509303808,0.44147146097384393,0.6058107488788664,0.28108562668785453,0.3703610545489937,0.03188680182211101,0.34502468281425536,10.585318874958627
0.9318631018977612,0.4195226251613349,0.18620325322262943,0.22903145174495876,0.6751830717548728,0.44589469069615006,0.4742672785650939,0.4492483309004456,0.8458818518556654,0.7622025266755372,17.07538645516518
0.4315424389205873,0.9914612818975002,0.7146374599542469,0.15603428962640464,0.9751018770039082,0.5860782980453223,0.4373524319380522,0.6024671932682395,0.2371682021766901,0.005662413313984871,18.28211383593682
0.7777228238992393,0.866403910331428,0.29135257634334266,0.06924352189525962,0.5117373517714441,0.5167986266314983,0.46489823050796986,0.26773002836853266,0.06838807929307222,0.32845171773806214,13.736475830684736
0.7559072936419398,0.3903530652169138,0.26958401594311,0.871105503058061,0.9114415526855737,0.9657186658587307,0.9505099805537611,0.6456970712170005,0.9899518741294742,0.7728619736153632,22.9839972184723
0.7112583869602531,0.9847132083959877,0.326451912522316,0.2835353168193251,0.4219750938937068,0.40486976550891995,0.6862904371228069,0.53673877986148,0.23070892272517085,0.15690158144570887,13.70860452696425
0.11803117929957807,0.17758309515193105,0.7665231921710074,0.016392929712310433,0.923280315939337,0.1589203078765422,0.29066125210374594,0.7230947965290397,0.011091461637988687,0.14531181240454316,6.330154991836396
0.9699753632303327,0.5328890818636864,0.024353986140340567,0.09889114694669843,0.7676352160051465,0.30151456338353455,0.5041700715664774,0.15629019541665912,0.7368843597359955,0.11102618626318872,18.785203529172424
0.7853466351516545,0.7695557759143412,0.059935920871794224,0.7088358828332275,0.8874556156806648,0.22349622496403754,0.8538529630750418,0.9867474911734462,0.06885771313682199,0.34736295929178596,23.39384266470111
0.9477699098642915,0.3228377129416913,0.8096904973499477,0.018100444227457047,0.5571465264074504,0.818713974673301,0.7558259607758373,0.8667715599294752,0.03348424145951867,0.28362336149439216,12.432859191794297
0.9917486247140914,0.06619551102630794,0.16092429123818874,0.2088446281850338,0.9651876143179834,0.10088709043338895,0.699256477644667,0.9784698050934821,0.9947595607955009,0.6188993090763688,12.55581599385584
0.9287278580013663,0.9220846153330058,0.9486018640454859,0.08354602474719286,0.5103508282918483,0.04193633352406323,0.9551793378777802,0.2457634035963565,0.9434002398047596,0.7397399749606848,11.30941295366345
0.152571132639423,0.7612592366058379,0.7956547101493925,0.6100716011133045,0.640956531278789,0.5431126952171326,0.8354512136429548,0.18879829882644117,0.1892954132054001,0.3412415406201035,15.338167775862384
0.8899587457999587,0.9174649016931653,0.8316966849379241,0.9210466619115323,0.9743105862289667,0.5320671044755727,0.22924696002155542,0.10762321040965617,0.9338564642239362,0.9471435041632503,21.64136202039719
0.16622048360295594,0.33397730509750545,0.6002163256052881,0.601992339361459,0.6295366543345153,0.6712916172109544,0.2703845661599189,0.5539473195094615,0.9930139449425042,0.36048039025627077,11.302149613076068
0.3825449263677001,0.509957427624613,0.7759996387176216,0.6205576292704791,0.19317621970549226,0.14237764151766896,0.4240849937777966,0.6574659950565547,0.9177448228001595,0.11472280346788466,14.810488530252785
0.3436842260416597,0.4283991693519056,0.4041737178340554,0.9365171391982585,0.7555830969940871,0.612956504104659,0.28918113582767546,0.6621262584812939,0.6860864281188697,0.6191847925074399,18.805255445946948
0.3012073584832251,0.24769991007633507,0.7206787618342787,0.2981081346515566,0.3515037731267512,0.2756390336435288,0.7638426625635475,0.35457556298933923,0.013257225044071674,0.4459427890833467,6.794155277059021
0.6417108057066798,0.9176333888899535,0.888030904578045,0.9784316385630518,0.9752017417922616,0.7038101034704596,0.9348699632100761,0.9258712634909898,0.6331924262922257,0.713571815053001,26.78742214480314
0.879608856048435,0.6941969627514482,0.48485034168697894,0.32979560759849846,0.6701567450072616,0.6799395529087633,0.7250357822049409,0.1218671987298876,0.0650624018162489,0.11295985034666955,16.68796991270937
0.7238802621141076,0.40647840430028737,0.2515296097844839,0.6154523938894272,0.44501947122626007,0.7451217614579946,0.0738787348382175,0.9411518629640341,0.7878306773491204,0.7696947325021029,18.11020209339933
0.6046681241132319,0.5968790182378143,0.9429269484244287,0.22896844218485057,0.5068443920463324,0.3163089519366622,0.20831821719184518,0.7594880205579102,0.795483315596357,0.38939300389029086,18.738429613678075
0.3005081780720502,0.6185221751220524,0.631807250669226,0.6610820402856916,0.5143830997403711,0.6268408612813801,0.7251027063466609,0.40625523473136127,0.18308716220781207,0.9491428879555315,14.756259340460543
0.8588109507691115,0.1824568526353687,0.41445216606371105,0.42809468135237694,0.09923482406884432,0.3873143473174423,0.9239164756145328,0.23385536530986428,0.005869372049346566,0.7012144792824984,9.14584922284718
0.10538268741220236,0.6446691688615829,0.9501533377915621,0.704810940194875,0.6995026294607669,0.7940686978399754,0.9193302649073303,0.301424365490675,0.33157741487957537,0.47367169545032084,17.38855008461947
0.48334348131902516,0.9262779678683728,0.17914752173237503,0.3420561400707811,0.8558077130001038,0.8837768349330872,0.1544196642935276,0.9451652630232275,0.6381047037430108,0.6593959811143577,19.326041406933545
0.7966067653615028,0.49748700694181025,0.7262998342048377,0.6673688455484807,0.20968096144497395,0.18865773594006896,0.8583758804015815,0.9827505785506219,0.2040109415538609,0.6602878891862929,17.22583699026337
0.11676323600113392,0.6719272939953953,0.26575080025941133,0.9819441144354641,0.6050524460151792,0.3457994556520134,0.7751261247321963,0.23533715144731104,0.5108686953317374,0.8961237343028188,17.12881643922986
0.23094484652392566,0.37212870130315423,0.2754878296982497,0.19321617623791099,0.8330622389912605,0.46415245230309665,0.8721453393809497,0.3419156880117953,0.788593270117417,0.9972818694077432,9.884106277026687
0.5090280857402831,0.22120991232804954,0.31585425650700927,0.5396004156209528,0.8608443038538098,0.17546157934702933,0.03372565237805247,0.26955078006722033,0.17401886824518442,0.2999600851908326,14.60341564454002
0.1955684858839959,0.6057790848426521,0.30574577185325325,0.599362468579784,0.4987793096806854,0.8125466478522867,0.5327249926049262,0.8673389777541161,0.9450269918888807,0.3436142927967012,11.887241656553567
0.4970567552372813,0.8279963673558086,0.012501496355980635,0.15328316064551473,0.1747800619341433,0.5318527694325894,0.014305597869679332,0.6877736125607044,0.09406627435237169,0.8583996810484678,17.692107257874245
0.6595778444316238,0.3484845608472824,0.8713628244586289,0.8522595087997615,0.3716966980136931,0.4576982082799077,0.012111776741221547,0.4686517040245235,0.9374203681945801,0.2250680027063936,18.74501243808809
0.8688181177712977,0.5808809124864638,0.5120529239065945,0.03701936872676015,0.44616038422100246,0.94144182279706,0.7568032641429454,0.12491538235917687,0.6922982968389988,0.8062875599134713,13.290248571576818
0.5963636925444007,0.37924864678643644,0.3405419138725847,0.2289172646123916,0.22222642600536346,0.4803075504023582,0.5535162051673979,0.8953083399683237,0.5118871880695224,0.09528869553469121,10.93656827937783
0.9688068004325032,0.20219308836385608,0.5225762543268502,0.792249352671206,0.176310277543962,0.2811271846294403,0.582116634119302,0.9092359659262002,0.1048001148737967,0.7759006223641336,15.259302089439082
0.04948338586837053,0.6306669290643185,0.19026248692534864,0.5534581104293466,0.43433197494596243,0.045587276108562946,0.6787105312105268,0.3206284723710269,0.32061448600143194,0.28102146927267313,9.385844128195593
0.5117656625807285,0.6526493956334889,0.5527422570157796,0.3721078368835151,0.7774931297171861,0.9595276676118374,0.7000801768153906,0.5105525173712522,0.9791687179822475,0.5827235728502274,15.744305956317243
0.6182519763242453,0.650203648256138,0.061580410692840815,0.2736374733503908,0.36455536517314613,0.4404525284189731,0.3463613756466657,0.06153655471280217,0.6565160290338099,0.5984104205854237,15.591006274496175
0.8932048440910876,0.9029419766739011,0.6603992546442896,0.5037293646018952,0.9124300430994481,0.7341966370586306,0.505341530079022,0.7639274075627327,0.7773594362661242,0.07412543264217675,16.76353476154063
0.007514051394537091,0.3057903207372874,0.23348461487330496,0.6421881846617907,0.625778224086389,0.7934670832473785,0.06497272313572466,5.716807208955288e-05,0.7092645152006298,0.9402901004068553,10.406243856169397
0.733746082521975,0.5813500541262329,0.0639066465664655,0.8259030403569341,0.6641986768227071,0.786125514889136,0.7171886314172298,0.27473556133918464,0.5788090659771115,0.11087263585068285,25.694619239360257
0.6249163635075092,0.8058310644701123,0.9710233965888619,0.36280486453324556,0.06428120634518564,0.6319715983700007,0.7640493579674512,0.8260585037060082,0.523204795550555,0.850368106039241,19.561723130221925
0.9660938126035035,0.6044898524414748,0.8711446176748723,0.42998483520932496,0.28821092238649726,0.25253329891711473,0.04262864752672613,0.682682937476784,0.7358945067971945,0.7230857824906707,19.43817056836057
0.36982490378431976,0.7813817313872278,0.37181722978129983,0.3518045505043119,0.887832015985623,0.9980144356377423,0.28696516971103847,0.11270998022519052,0.997414638986811,0.021751694846898317,16.55873082147937
0.8364718637894839,0.658509727800265,0.6124257345218211,0.38664111588150263,0.6552581971045583,0.8452876971568912,0.43506336584687233,0.9201519037596881,0.3210034421645105,0.3542097853496671,17.806726237731482
0.6953688939101994,0.32371063670143485,0.4191893229726702,0.5004438366740942,0.2896596295759082,0.2715618871152401,0.40288984682410955,0.32005740026943386,0.18172900169156492,0.5044674440287054,11.673058697452046
0.6643304747994989,0.7315770341083407,0.6284693304914981,0.9791905633173883,0.42714227293618023,0.6023820783011615,0.1764122792519629,0.6987183098681271,0.32887494727037847,0.9663353019859642,21.672082387253354
0.046289797173812985,0.9029105233494192,0.015835165046155453,0.9331207741051912,0.05879077757708728,0.6006059995852411,0.9938929136842489,0.6578404463361949,0.5353904475923628,0.04407194582745433,16.241117767886685
0.6472330566029996,0.44934320566244423,0.23416968248784542,0.8967036944814026,0.8098223411943763,0.6394755758810788,0.2553396646399051,0.5905841689091176,0.25531262485310435,0.19413308356888592,22.509000634410224
0.9175776450429112,0.08513189107179642,0.1322314185090363,0.2890569297596812,0.9207168964203447,0.9405864765867591,0.12098901253193617,0.4953877374064177,0.9338383176364005,0.9281129830051214,13.762409719637505
0.6271809439640492,0.4015426852274686,0.27558749192394316,0.8486981939058751,0.16971638309769332,0.21835416369140148,0.39359049568884075,0.8167062900029123,0.580001326976344,0.8011233953293413,17.503468147781643
0.6129503215197474,0.7092612979467958,0.8387746498920023,0.7366406875662506,0.3053666048217565,0.7419552570208907,0.5633111360948533,0.9790155233349651,0.730742969783023,0.09297525300644338,20.350947004352005
0.5354768245015293,0.09206327213905752,0.7688097166828811,0.5903945828322321,0.9499873307067901,0.8308326636906713,0.6131469239480793,0.44174405955709517,0.8673432902432978,0.029956730315461755,13.728038487055333
0.4484187173657119,0.046891237143427134,0.7054822044447064,0.5968219758942723,0.7081873626448214,0.21758777485229075,0.9864467091392726,0.6484990112949163,0.8251490225084126,0.08302479307167232,9.77545834101214
0.08304214221425354,0.6586173181422055,0.5185237510595471,0.41608438873663545,0.039564432576298714,0.4137480214703828,0.7820014273747802,0.7470021422486752,0.41794531256891787,0.17617783579044044,5.244322316746999
0.19411516096442938,0.35675313835963607,0.132295910269022,0.6719468841329217,0.07720144256018102,0.26765432045795023,0.8478582026436925,0.7612103337887675,0.39101714827120304,0.9579363085795194,12.317858689818273
0.28656161040998995,0.7001602200325578,0.8850771167781204,0.9223586802836508,0.6781657331157476,0.16299748397432268,0.9995153455529362,0.9185940360184759,0.40522259450517595,0.9194328542798758,21.67516260404205
0.7101525524631143,0.35611774772405624,0.37643052893690765,0.4348496424499899,0.07900882698595524,0.8977669647429138,0.47264610044658184,0.6946664073038846,0.27252194262109697,0.9191987395752221,10.613219447484393
0.6646230961196125,0.6774410302750766,0.030537116341292858,0.4364576230291277,0.4621891179122031,0.9125201220158488,0.8077405542135239,0.926310874056071,0.22703024884685874,0.334666253766045,22.477888727079026
0.8061933752615005,0.29977157479152083,0.9721466354094446,0.5187575304880738,0.08659541979432106,0.3679566935170442,0.2950396346859634,0.8166672436054796,0.3215147973969579,0.9146882954519242,16.63916700592509
0.09531414648517966,0.31629171618260443,0.05856023193337023,0.4709237620700151,0.6437787611503154,0.3597538764588535,0.6260577524080873,0.3698228362482041,0.6491789917927235,0.4384779054671526,13.276713620481909
0.5578724348451942,0.5573843324091285,0.9034937887918204,0.872725622728467,0.24189688498154283,0.10083823301829398,0.5902934104669839,0.31334825907833874,0.43844934552907944,0.6520783591549844,20.74836886614997
0.7375914172735065,0.015889202943071723,0.15747221163474023,0.397997981403023,0.5209366178605705,0.8675270578823984,0.3578078602440655,0.6513376228976995,0.0032306858338415623,0.5594370916951448,7.892599301509586
0.5699557533953339,0.2428413606248796,0.2900383553933352,0.15962968091480434,0.8503880309872329,0.5469310663174838,0.9140058103948832,0.7256974996998906,0.5912623337935656,0.45620316127315164,11.022173638498899
0.8978084302507341,0.7145455074496567,0.7275986664462835,0.9799621850252151,0.9655902616214007,0.7786300966981798,0.9289107345975935,0.30115254665724933,0.23038017842918634,0.7818762843962759,26.599357849104372
0.5692666033282876,0.15038224938325584,0.1160595843102783,0.011286720167845488,0.8247602940537035,0.6629495553206652,0.763494863640517,0.2531074727885425,0.565027727978304,0.1797551333438605,9.772551313135729
0.910616512177512,0.3149922725278884,0.5805378714576364,0.3805282711982727,0.6249018297530711,0.9032763380091637,0.4061208430211991,0.9076018882915378,0.8732156748883426,0.6796556964982301,14.425452031546019
0.8054826452862471,0.27788703399710357,0.8215663835871965,0.9640719126909971,0.7506446631159633,0.18056347500532866,0.6259139815811068,0.8666048180311918,0.9285187262576073,0.5871183618437499,22.290715226060268
0.5482587716542184,0.019385322695598006,0.2979183024726808,0.9564793524332345,0.8540967293083668,0.13955730968154967,0.17152280476875603,0.5447926167398691,0.20684627047739923,0.08552565285935998,16.784491855379844
0.2434426574036479,0.5881886191200465,0.7890935256145895,0.18683006125502288,0.09806861309334636,0.0015198076143860817,0.6081469180062413,0.2557655763812363,0.478504054248333,0.2750081173144281,8.76985930237674
0.3427057438530028,0.5519148302264512,0.2726698995102197,0.6506673009134829,0.597588733304292,0.29245428764261305,0.8352938089519739,0.9415610218420625,0.6335189798846841,0.5646650842390954,16.182322695679733
0.443216722458601,0.9848255929537117,0.03452361957170069,0.44001905689947307,0.0332954004406929,0.5497497301548719,0.25335598667152226,0.7050751741044223,0.01805064082145691,0.10304956953041255,19.076825972199813
0.5748582391534001,0.09244423126801848,0.01646398683078587,0.4584022944327444,0.8380836532451212,0.22357085021212697,0.7196333294268698,0.7260120804421604,0.45785398478619754,0.6175988821778446,15.539127819862616
0.36659216484986246,0.10840093158185482,0.027720686746761203,0.5688277210574597,0.21888083801604807,0.4162228899076581,0.14491499750874937,0.5019607206340879,0.7655736827291548,0.7397958461660892,12.117167504612484
0.6458019830752164,0.8224784098565578,0.40258296695537865,0.3074904694221914,0.5587386258412153,0.7793994045350701,0.29474815516732633,0.4243189061526209,0.11435464466921985,0.08444932871498168,14.814794186332042
0.5654731427785009,0.8147792990785092,0.730048819212243,0.2510616125073284,0.580987272085622,0.4951277896761894,0.08271968574263155,0.7073734533041716,0.9796086943242699,0.19452845980413258,18.67155560093869
0.24603489856235683,0.13500171876512468,0.3953720007557422,0.6710588438436389,0.8952429359778762,0.3526905360631645,0.5665759271942079,0.723790215793997,0.8690092731267214,0.764214952243492,11.131979502296414
0.5802104477770627,0.07757642702199519,0.8551417996641248,0.07761990069411695,0.25119140604510903,0.5313040940091014,0.6996583151631057,0.7581457984633744,0.8077951911836863,0.9725867896340787,6.294435566292406
0.7896205477882177,0.25002985959872603,0.4185897600837052,0.7655544250737876,0.4832307023461908,0.01719715353101492,0.42631043680012226,0.1980839711613953,0.3331299291457981,0.9736297584604472,15.92525573960002
0.7701939144171774,0.13262314931489527,0.30881584947928786,0.94561658333987,0.7003409697208554,0.023470890475437045,0.7667226125486195,0.2668410209007561,0.09085729159414768,0.5652134609408677,15.931335429831062
0.6203796342015266,0.6431133910082281,0.8114126175642014,0.7923211695160717,0.2966715139336884,0.9983385778032243,0.2987274006009102,0.032972661312669516,0.7638226507697254,0.17823724611662328,20.475313924154392
0.9060191405005753,0.031867756973952055,0.0716992320958525,0.16538430168293417,0.32285384368151426,0.7477149618789554,0.17476946930401027,0.8006398370489478,0.9789266127627343,0.7848865957930684,7.09671561674357
0.2981882793828845,0.4461804039310664,0.7137958460953087,0.7236216037999839,0.8504204417113215,0.9960491869132966,0.31262697582133114,0.13717954349704087,0.6072188462130725,0.18230036296881735,15.719814526725184
0.27297411509789526,0.9626240644138306,0.9444428156130016,0.5582279567606747,0.21544268145225942,0.39880150044336915,0.7439078749157488,0.5139337717555463,0.37073708907701075,0.7468603402376175,16.36909420532512
0.7316888156346977,0.3471382772549987,0.4376200034748763,0.9298339544329792,0.3934158254414797,0.6270189988426864,0.11222791438922286,0.673245377605781,0.8976123156026006,0.6306102955713868,19.278637737037286
0.9811711865477264,0.05691686552017927,0.17062072828412056,0.5884249650407583,0.9255032227374613,0.4687670501880348,0.15281474334187806,0.7523970380425453,0.46702898968942463,0.8728735402692109,14.986123508600967
0.33846647501923144,0.8636221962515265,0.9799509295262396,0.0004002423956990242,0.5678356213029474,0.8480695283506066,0.1667664705310017,0.1310517720412463,0.9115290306508541,0.2610763879492879,14.023003218756156
0.328656820114702,0.44282349897548556,0.018859331030398607,0.6404567051213235,0.45714696822687984,0.28465511184185743,0.757209503557533,0.11422790144570172,0.812848438275978,0.2233705664984882,19.22619681384421
0.40286302100867033,0.3308850978501141,0.970576046500355,0.5060730969998986,0.48995616706088185,0.8587421015836298,0.4653388038277626,0.3062684494070709,0.8413062582258135,0.9510086341761053,17.065546045389198
0.4545647222548723,0.3774125366471708,0.025788004975765944,0.34370570769533515,0.13684666226617992,0.2913809292949736,0.11087629362009466,0.15415981831029058,0.9789597161579877,0.9537580909673125,12.885548674561086
0.8604433068539947,0.7042816861066967,0.8655273001641035,0.587495491374284,0.8299019623082131,0.6077667828649282,0.45313107897527516,0.6957838980015367,0.3046634388156235,0.16838132217526436,20.22736826974524
0.1361844192724675,0.3459826165344566,0.7463100096210837,0.4881644882261753,0.5402275065425783,0.45516334869898856,0.3017216243315488,0.835353686241433,0.214541936526075,0.5065779886208475,10.984924126780324
0.2092197781894356,0.5335368646774441,0.5451065641827881,0.9092145438771695,0.20371560170315206,0.12338784686289728,0.4707421374041587,0.28387088025920093,0.984707867493853,0.16577620641328394,14.631343864836456
0.7688009263947606,0.04816499468870461,0.9822727811988443,0.33972156839445233,0.5922718085348606,0.015045798616483808,0.17974324151873589,0.9947785050608218,0.5141183424275368,0.4898416774813086,12.301540493968659
0.335433452622965,0.5521475186105818,0.969375082058832,0.7537367909681052,0.31499028019607067,0.21889245696365833,0.9676185939460993,0.6542934684548527,0.24902013898827136,0.7149081835523248,19.230129692062274
0.07003812748007476,0.9757783454842865,0.9993025183212012,0.5306992789264768,0.652948372066021,0.9296012662816793,0.2038817184511572,0.026914242887869477,0.543085046345368,0.49896416743285954,15.674789147885681
0.15892184781841934,0.11851183953694999,0.08035342488437891,0.12815929483622313,0.6018578598741442,0.7923292352352291,0.9946776975411922,0.4770137572195381,0.0023690038360655308,0.09326269337907434,7.977437891081532
0.35668274015188217,0.34871440124697983,0.8913918428588659,0.5959957735612988,0.5963120642118156,0.5794493798166513,0.8975602826103568,0.21976354578509927,0.5365794287063181,0.30616614129394293,15.059714396861317
0.6515702542383224,0.9724801229313016,0.2651061562355608,0.3251594540197402,0.017582795582711697,0.20425977231934667,0.7623798751737922,0.3410406266339123,0.8911853316240013,0.11725278245285153,12.57000816671616
0.7540012612007558,0.7925842409022152,0.5665649382863194,0.8116954003926367,0.09637774573639035,0.04746941523626447,0.14254243904724717,0.658859935356304,0.9767527158837765,0.5067053127568215,18.497996836315377
0.08560504228807986,0.4195532549638301,0.8440971579402685,0.1099149736110121,0.39875771943479776,0.6174306960310787,0.597305387724191,0.15680882916785777,0.8185032033361495,0.08114655269309878,6.528542955469637
0.8060935414396226,0.9988813237287104,0.3731902993749827,0.793011324480176,0.14929707325063646,0.7277608793228865,0.9959144650492817,0.13764885673299432,0.5146163799799979,0.29723942070268095,14.967906255413125
0.9747826468665153,0.10609133122488856,0.25746560376137495,0.13463462167419493,0.8974175867624581,0.6382634250912815,0.11094119842164218,0.23826864082366228,0.7386519121937454,0.2575535050127655,11.568128626177026
0.5684057984035462,0.2685740536544472,0.4989912344608456,0.16902582673355937,0.2940152019727975,0.04123428696766496,0.09084338578395545,0.06677808333188295,0.23930791253224015,0.41158497729338706,8.044483583389908
0.32507672044448555,0.00850479444488883,0.24454677570611238,0.810238151345402,0.1312485111411661,0.7152680172584951,0.638521988177672,0.5764061128720641,0.7866416024044156,0.9150587434414774,8.616822351821702
0.9600120752584189,0.3060932154767215,0.7086114657577127,0.9335406378377229,0.12468929123133421,0.7676237118430436,0.026034322334453464,0.2022759250830859,0.7019244348630309,0.3946951183024794,17.951033010202664
0.5717588274274021,0.6662540601100773,0.4847649794537574,0.95464928005822,0.48276704805903137,0.47289256751537323,0.25208577420562506,0.05203550262376666,0.5668645985424519,0.9173939223401248,21.355911975735623
0.6516873256769031,0.001846108352765441,0.5654375278390944,0.23054522299207747,0.10052975197322667,0.6464341264218092,0.08434195281006396,0.27171358466148376,0.19020151114091277,0.4395148251205683,2.6243860387930655
0.5896161929704249,0.10136364097706974,0.291829984402284,0.9487890745513141,0.3915285824332386,0.057944429805502295,0.9850244217086583,0.2800039097201079,0.2351535444613546,0.9048392325639725,15.533201577618406
0.37280802335590124,0.21779419854283333,0.5032110067550093,0.3323490316979587,0.317891838029027,0.05650962516665459,0.49322798708453774,0.011293238727375865,0.035346298944205046,0.5308607809711248,7.470628662173946
0.7729164455085993,0.11174134840257466,0.4065255878958851,0.8988499317783862,0.016347602708265185,0.4763557722326368,0.26809967984445393,0.10095356777310371,0.9139960368629545,0.1724467787425965,11.216900947624206
0.8086432684212923,0.4523597878869623,0.1783916582353413,0.7128528619650751,0.6335543170571327,0.6071440037339926,0.24741333536803722,0.5741272736340761,0.9583219257183373,0.5858682217076421,19.39560629443228
0.26177310734055936,0.4660470171365887,0.04161959746852517,0.19890621467493474,0.44287702441215515,0.6701484182849526,0.9447003991808742,0.48157633445225656,0.34737618919461966,0.0813651573844254,11.493024420436246
0.012841469375416636,0.16291800350882113,0.4646979416720569,0.579028025502339,0.5185047981794924,0.1969152286183089,0.48824952682480216,0.6439042112324387,0.18424812029115856,0.44537399848923087,9.045961671500823
0.9001149944961071,0.027712334878742695,0.2506877656560391,0.3803487871773541,0.3602653965353966,0.4842836344614625,0.6777694122865796,0.7731085466220975,0.8117465891409665,0.6792852163780481,8.636812182547246
0.2562198208179325,0.8262393521144986,0.9194981958717108,0.08609200804494321,0.5775497208815068,0.7633699618745595,0.5821950491517782,0.8554704040288925,0.25236496794968843,0.6943053288850933,14.420056679282604
0.08805006835609674,0.19598011020570993,0.49350392422638834,0.22639276995323598,0.6678583617322147,0.9593976167961955,0.4636705229058862,0.7427437950391322,0.7914021662436426,0.32944682613015175,6.170306280840876
0.8743433277122676,0.3615100516472012,0.9677885286509991,0.5566505782771856,0.8368315428961068,0.6437475830316544,0.17364365723915398,0.732013872358948,0.959141613682732,0.032509661512449384,21.700978236425936
0.3548375840764493,0.9006627425551414,0.009235263802111149,0.12079905183054507,0.33122819825075567,0.10034647211432457,0.22792168287560344,0.6868476110976189,0.955222801072523,0.6277397368103266,15.99077028406344
0.2194082997739315,0.37589041772298515,0.22469725273549557,0.7912766390945762,0.6539883962832391,0.96568923140876,0.1727711686398834,0.36544539453461766,0.645321226445958,0.09685377939604223,15.434904871358865
0.5748703731223941,0.15212516789324582,0.08960606949403882,0.9696734170429409,0.0909314074087888,0.6644128621555865,0.15707694832235575,0.14119259035214782,0.3640820828732103,0.47594036161899567,15.16958516037301
0.3911836864426732,0.055810235207900405,0.0986172107513994,0.6853872400242835,0.4520304149482399,0.7371419004630297,0.8935443591326475,0.19416630151681602,0.8058359134010971,0.5295415699947625,12.56352015528932
0.20073984330520034,0.7475899122655392,0.5936268656514585,0.5015771510079503,0.9745711488649249,0.8067713305354118,0.2311142508406192,0.6552468598820269,0.19790728040970862,0.3455412541516125,14.216258409412147
0.3669655977282673,0.9696168031077832,0.8423881230410188,0.3124950777273625,0.5859209573827684,0.5600985139608383,0.3230364618357271,0.4259922399651259,0.9734765707980841,0.4971166735049337,17.29019416674872
0.4250494826119393,0.04894901905208826,0.8654787156265229,0.35079786484129727,0.7866257799323648,0.05674774036742747,0.11358316871337593,0.24755530152469873,0.02585142059251666,0.5324856233783066,10.499875071427802
0.03797197085805237,0.8591242213733494,0.2881607194431126,0.0643838089890778,0.9062751850578934,0.5779527430422604,0.004037593025714159,0.5144847452174872,0.8984304144978523,0.13601165427826345,8.050086906804246
0.5376482410356402,0.9758543714415282,0.3442914558108896,0.03297400916926563,0.33469459670595825,0.6051579893101007,0.03805406135506928,0.8267768598161638,0.4880550892557949,0.7914029189851135,11.722628313526611
0.011779758846387267,0.41724531748332083,0.5639948048628867,0.40098386304453015,0.7315149542409927,0.39815769670531154,0.692469663452357,0.037062322022393346,0.13955108379013836,0.37501153629273176,9.811236029214411
0.5758202779106796,0.48081488418392837,0.8825648436322808,0.1631458573974669,0.2192644071765244,0.30264386953786016,0.8167492549400777,0.5117848003283143,0.6911613559350371,0.6710400683805346,12.334723028533821
0.9182543603237718,0.4917851600330323,0.9177871691063046,0.8029632223770022,0.6235028696246445,0.8788290559314191,0.6470459250267595,0.52792175905779,0.7891725955996662,0.5561557787004858,24.597223047913
0.2498816717416048,0.6406868742778897,0.8748865881934762,0.7906978984829038,0.3613701476715505,0.13521116902120411,0.2917285915464163,0.2904103093314916,0.5443863610271364,0.44558908068574965,17.631580109025148
0.20154189504683018,0.1758207376115024,0.21976905688643456,0.8404372108634561,0.07342759938910604,0.8626591465435922,0.24841228662990034,0.602818769402802,0.1759414521511644,0.1997199202887714,12.119111835148107
0.18335847510024905,0.7430160522926599,0.13141491287387908,0.09063538606278598,0.5135784384328872,0.8844643924385309,0.6032268586568534,0.5635777520947158,0.6004182274919003,0.9656788192223758,9.60066743242651
0.8565222912002355,0.4326158764306456,0.6136754299513996,0.45836907741613686,0.44699294841848314,0.0668747816234827,0.2746329715009779,0.7297765733674169,0.6259755322244018,0.13678527786396444,17.55076964386937
0.2769633033312857,0.9255481180734932,0.46206008875742555,0.6719155088067055,0.8026909702457488,0.1391654156614095,0.5170814781449735,0.11793582211248577,0.8860417890828103,0.1993896916974336,17.452371537102874
0.3350422370713204,0.18641205225139856,0.357170810457319,0.4150824062526226,0.9186996610369533,0.29326452733948827,0.9560672347433865,0.8243636218830943,0.8355750096961856,0.19231376238167286,11.064994791240842
0.7817713804543018,0.7055314837489277,0.7466811325866729,0.8044142061844468,0.1304401580709964,0.8753631177823991,0.17839379841461778,0.11215563118457794,0.8554698913358152,0.7354481145739555,18.803583229665985
0.30461440421640873,0.9505631125066429,0.6245669776108116,0.6521233895327896,0.007337845861911774,0.5820105643942952,0.6439143614843488,0.13539511268027127,0.43958631064742804,0.25586924073286355,14.697463824062513
0.8025198276154697,0.973402478499338,0.04532721661962569,0.14196171867661178,0.32023700908757746,0.315546290948987,0.012806090759113431,0.9162718271836638,0.2914397136773914,0.319884768454358,11.97600044328463
0.1500626348424703,0.634242256404832,0.542556710075587,0.19954855390824378,0.4291504165157676,0.6591189422179013,0.44585209689103067,0.2027790902648121,0.6359002182725817,0.7452953981701285,6.675481954531462
0.002346196211874485,0.4926967555657029,0.5155465144198388,0.3016893249005079,0.7281590809579939,0.6364268306642771,0.22483479999937117,0.8293376613873988,0.0985560289118439,0.1666046737227589,7.11549109023268
0.4210851928219199,0.2738898026291281,0.3704825311433524,0.17087012249976397,0.1843902904074639,0.029528357088565826,0.7144715841859579,0.1397810725029558,0.5928234381135553,0.6105402493849397,5.900683311722476
0.6509870879817754,0.516957578016445,0.6591796285938472,0.08688440546393394,0.9333040488418192,0.0698796242941171,0.0018003885634243488,0.5000200662761927,0.3572073651012033,0.880191745236516,13.58066461988445
0.6868261347990483,0.15386349707841873,0.5540049816481769,0.7905474314466119,0.09660577890463173,0.5616690150927752,0.44910407485440373,0.4719299061689526,0.6974074884783477,0.7094612300861627,11.890026527109498
0.05129251815378666,0.9303948904853314,0.8856176529079676,0.8315693635959178,0.27819018345326185,0.2303192955441773,0.42735279235057533,0.3659585095010698,0.5681374655105174,0.6145802766550332,14.176150063659216
0.8085288519505411,0.675377826904878,0.29053048114292324,0.3437975172419101,0.9075874506961554,0.07465558825060725,0.10457654972560704,0.49793933564797044,0.47243743389844894,0.9257552893832326,19.01424916007323
0.8910501205828041,0.36123467911966145,0.6492128418758512,0.6571021291892976,0.18508443026803434,0.024822182953357697,0.9855933745857328,0.4766616050619632,0.8009186782874167,0.977697916328907,16.226799479628145
0.7888685408979654,0.9437195039354265,0.23581259534694254,0.6168016465380788,0.09636428789235651,0.35731502110138535,0.9433306430000812,0.6750099842902273,0.8849382030311972,0.539067124016583,15.530941073498242
0.8056434413883835,0.2769664186052978,0.2175623772200197,0.9563838439062238,0.74372727307491,0.7862027250230312,0.484281403478235,0.6544883535243571,0.7599426573142409,0.6277855127118528,22.179683546530015
0.2497253876645118,0.23668850818648934,0.4233729178085923,0.39615930896252394,0.5568927833810449,0.2740434012375772,0.09488548897206783,0.3045243937522173,0.6550828365143389,0.2603572772350162,9.084782898786221
0.6813074892852455,0.054549522465094924,0.5940779133234173,0.42408521147444844,0.3035734992008656,0.30109042790718377,0.8155677379108965,0.21963408240117133,0.7762878069188446,0.3567330695223063,7.351307070361232
0.5453030550852418,0.6594052934087813,0.5972282194998115,0.6514469617977738,0.004512369865551591,0.7294213420245796,0.1381383289117366,0.6901141121052206,0.4561889336910099,0.3215834095608443,15.489336831342893
0.9489821509923786,0.43878178391605616,0.6872754383366555,0.13576313364319503,0.6714231933001429,0.6205074493773282,0.7562316474504769,0.8193165836855769,0.8072403934784234,0.39124030037783086,15.723759269763907
0.3098631161265075,0.11963938036933541,0.9327544113621116,0.9465898075141013,0.3280831153970212,0.4243143517524004,0.4903908169362694,0.027252461295574903,0.5351323918439448,0.34188151080161333,16.972615952781656
0.4278102098032832,0.1464850001502782,0.8390895465854555,0.47382782492786646,0.4760391355957836,0.04772590519860387,0.8921420283149928,0.34239698969759047,0.8630151250399649,0.22684519342146814,11.105020208031789
0.9497418014798313,0.2324148267507553,0.5263187556993216,0.36501919594593346,0.13044365402311087,0.07389993616379797,0.6457993439398706,0.8903738472145051,0.7099680423270911,0.21418384881690145,10.820275037441078
0.9956890000030398,0.3392986280377954,0.03248729440383613,0.3612745793070644,0.1555825995747,0.13171896734274924,0.5449208095669746,0.10335103841498494,0.3903194821905345,0.9728036208543926,16.83708834740734
0.43892529839649796,0.9634356915485114,0.6780944077763706,0.9690625129733235,0.6896272657904774,0.6614690818823874,0.23374730092473328,0.9801522176712751,0.6071160321589559,0.052742677042260766,24.852094237726174
0.9684205141384155,0.6302086163777858,0.5594545314088464,0.5868668074253947,0.7712674380745739,0.8272279433440417,0.06949663977138698,0.09827839257195592,0.8155002160929143,0.8267372825648636,19.07764859896256
0.4157969574443996,0.30833383556455374,0.9179719605017453,0.1401564555708319,0.849475935800001,0.7614063329529017,0.1456919035408646,0.853654489852488,0.0848524293396622,0.5502225290983915,14.440550168151846
0.32817856851033866,0.5170003487728536,0.06579415407031775,0.03674952010624111,0.3459538593888283,0.3271609009243548,0.5676871202886105,0.036958947544917464,0.8180323059204966,0.3500844615045935,9.428440260115039
0.401703889016062,0.16857382468879223,0.315274900989607,0.9563216117676347,0.16144682187587023,0.11324755800887942,0.7330479368101805,0.31823366205208004,0.1591913290321827,0.9130699429661036,12.328556883352372
0.4060902341734618,0.902336971834302,0.009665739256888628,0.6906202917452902,0.9003264084458351,0.7713626702316105,0.9926852674689144,0.6061181642580777,0.2941109659150243,0.48101977817714214,26.67479353864611
0.7169854957610369,0.059668187284842134,0.07480647810734808,0.27726799878291786,0.534209649078548,0.14416567771695554,0.3768181186169386,0.9805199182592332,0.14683371363207698,0.4448674926534295,11.145125931100164
0.10956813907250762,0.14338666712865233,0.9870158245321363,0.9479383637662977,0.550910621182993,0.19023539684712887,0.03674407792277634,0.07544872560538352,0.7568763562012464,0.5227743580471724,17.213494265521632
0.29265843238681555,0.7877686007414013,0.3758249308448285,0.880063961725682,0.5176436293404549,0.6847938767168671,0.7729846332222223,0.23987286305055022,0.9012895813211799,0.9548514771740884,18.55507949301374
0.4021274824626744,0.9687545399647206,0.7849113699048758,0.8105818722397089,0.6667964328080416,0.13694489025510848,0.9483117929194123,0.6613752439152449,0.34977930784225464,0.05685934307985008,22.66274600149597
0.8382579993922263,0.9469339449424297,0.6561366959940642,0.06648779101669788,0.45605213148519397,0.83894336479716,0.32703622500412166,0.47788733057677746,0.7397350717801601,0.9379885823000222,8.122465942760599
0.12018307414837182,0.4359936446417123,0.5760920844040811,0.5383795083034784,0.8490731129422784,0.2821868013124913,0.2700045658275485,0.9280283765401691,0.8265456750523299,0.9184999337885529,11.990252350400828
0.1396879644598812,0.2334856630768627,0.5929305688478053,0.441288810223341,0.6332899581175297,0.3859569444321096,0.452908270759508,0.6073582796379924,0.07936335448175669,0.9112665948923677,10.626804830750034
0.742375734494999,0.752449227264151,0.7951874530408531,0.1979127824306488,0.6323679592460394,0.22649675188586116,0.6753125721588731,0.8546819549519569,0.9612825191579759,0.7982282212469727,17.693480239700307
0.4091951728332788,0.9589771386235952,0.14252921589650214,0.5909486312884837,0.7865559654310346,0.947934705298394,0.39347390085458755,0.07021668832749128,0.6246549095958471,0.03700025123544037,20.19254047391748
0.05805006320588291,0.04659383953548968,0.90020786318928,0.08166767004877329,0.5965685893315822,0.033527986612170935,0.23973021423444152,0.5096909184940159,0.38800588180311024,0.8414157051593065,7.603114643865034
0.8284181351773441,0.7219974703621119,0.15678565786220133,0.4595882121939212,0.11769461329095066,0.24973287736065686,0.3332237070426345,0.8293881844729185,0.30066192778758705,0.8238674611784518,18.3561496924824
0.3095036505255848,0.2882562503218651,0.20255822502076626,0.5616880722809583,0.9180338813457638,0.9364924789406359,0.10331079876050353,0.6615575503092259,0.22484258702024817,0.7882528442423791,15.13015120825317
0.4492204920388758,0.13738592597655952,0.9683642087038606,0.45493507781066,0.5517358933575451,0.8816065532155335,0.060516882222145796,0.7969236648641527,0.8824077118188143,0.40011182823218405,12.626910134922166
0.5867244177497923,0.39614555262960494,0.015523745212703943,0.19078829395584762,0.6895671703387052,0.08566290931776166,0.8162590586580336,0.1429600757546723,0.5639825772959739,0.07094259583391249,16.739861481749383
0.7464887392707169,0.2915794379077852,0.31686989055015147,0.7666199875529855,0.12558072339743376,0.4351723208092153,0.52208121586591,0.595004047267139,0.0005442816764116287,0.372698453720659,15.577698812951528
0.9628923302516341,0.18741988739930093,0.33731727837584913,0.1560670139733702,0.8821241594851017,0.10710072051733732,0.8121973897796124,0.08272920758463442,0.15352850500494242,0.789939476409927,12.32656426777355
0.9986091358587146,0.3308089522179216,0.8967985003255308,0.2778827832080424,0.5961500867269933,0.4092465101275593,0.790872075362131,0.5628102538175881,0.9115016018040478,0.22300198581069708,17.87593727504582
0.14591290731914341,0.1458969064988196,0.8573634708300233,0.3111833706498146,0.4303857742343098,0.2519271490164101,0.6494006549473852,0.05762406042777002,0.8850719286128879,0.14973971573635936,8.85273454069445
0.21066060941666365,0.11460036784410477,0.08892806735821068,0.3523461821023375,0.9154507473576814,0.33611632138490677,0.1335476115345955,0.541296491632238,0.8908992654178292,0.5327175850979984,11.890778713675534
0.5372406805399805,0.4647575984708965,0.5617867717519403,0.17249661847017705,0.05995481600984931,0.4210538088809699,0.04880022583529353,0.570969533873722,0.46840049675665796,0.44437526632100344,9.933511578888222
0.9699921633582562,0.2602675093803555,0.5845208743121475,0.895681643858552,0.47604249231517315,0.49949048343114555,0.7923867979552597,0.5626108038704842,0.5696775813121349,0.9508207743056118,19.494649512046713
0.6395355558488518,0.2519050631672144,0.9852890558540821,0.2514230457600206,0.34889650205150247,0.7686477284878492,0.6732838787138462,0.16915555903688073,0.15085502248257399,0.07355153048411012,13.617296794749993
0.1909069342073053,0.7712592810858041,0.2873547768685967,0.39063769136555493,0.9379465323872864,0.3342797439545393,0.18719586334191263,0.432169490493834,0.7258816724643111,0.1870292965322733,13.598794576537697
0.29001610167324543,0.9268301650881767,0.9519256728235632,0.36045032856054604,0.5466420368757099,0.8075529192574322,0.32275079586543143,0.6586368947755545,0.7624010560102761,0.37644149269908667,17.22755615327386
0.7398282275535166,0.5765337955672294,0.77676164614968,0.5672666553873569,0.30353004578500986,0.4211285747587681,0.25607955176383257,0.2930534917395562,0.32209473522379994,0.8938846283126622,18.760528988073535
0.9214055985212326,0.8889845863450319,0.17000297643244267,0.8680145137477666,0.976436366327107,0.1858394667506218,0.5305939917452633,0.9251006073318422,0.2144714705646038,0.26463863789103925,20.624309612780756
0.7667252596002072,0.8567480468191206,0.21227875398471951,0.27017500274814665,0.8628822250757366,0.8055747735779732,0.1926682551857084,0.08514657593332231,0.602542235981673,0.39474397082813084,18.77886387825658
0.3069930432830006,0.8724623082671314,0.4780511371791363,0.7863216733094305,0.02431493648327887,0.12571841082535684,0.9813109694514424,0.2712384178303182,0.8703679342288524,0.8906189447734505,15.162049077626326
0.8676121674943715,0.512011198559776,0.59608691977337,0.8241889532655478,0.3277076524682343,0.5929311125073582,0.659212380181998,0.329457308864221,0.4408100394066423,0.32492612791247666,20.27358605323139
0.8832653702702373,0.004605454625561833,0.5939413302112371,0.12749879341572523,0.6852696812711656,0.4794635595753789,0.13026635721325874,0.5227513136342168,0.07735322322696447,0.41816020873375237,7.352853714056995
0.1517378285061568,0.38364784605801105,0.7616223318036646,0.8814875914249569,0.09819250018335879,0.49487411556765437,0.49336046958342195,0.36946358485147357,0.1752355240751058,0.062098714523017406,12.405329457523383
0.625028541078791,0.012349666794762015,0.9709635656327009,0.9315396507736295,0.20607144595123827,0.13080600835382938,0.8997554401867092,0.5761129683814943,0.596356651512906,0.8558485314715654,15.838062160091381
0.8926701629534364,0.33242591214366257,0.6391592239961028,0.16837320709601045,0.8301850871648639,0.054782299092039466,0.6958363163284957,0.6041351486928761,0.8779558029491454,0.009070449275895953,14.024120371262756
0.1672858945094049,0.8681303814519197,0.2644936826545745,0.6522689526900649,0.16691005206666887,0.22554865689016879,0.4794980031438172,0.7325996670406312,0.19154737517237663,0.9442096650600433,13.43486839721464
0.30302233062684536,0.3078537785913795,0.25784167228266597,0.008325631264597178,0.4331688666716218,0.9236479750834405,0.8158781342208385,0.8005880902055651,0.057968939654529095,0.447692726040259,6.323220638410276
0.8136925655417144,0.3754606223665178,0.25507101346738636,0.45248022163286805,0.32473076437599957,0.3115347009152174,0.33762143179774284,0.07376877195201814,0.9626245719846338,0.37802875484339893,15.898356513362334
0.9991018876899034,0.8317348975688219,0.11042061308398843,0.0074003508780151606,0.6005223656538874,0.24409514176659286,0.24660733295604587,0.6063186170067638,0.5949246145319194,0.790432101348415,9.35798195558544
0.7554672199767083,0.35164600308053195,0.8349645351991057,0.5114524022210389,0.007920085685327649,0.08688494376838207,0.49516376946121454,0.3641861255746335,0.5907828665804118,0.47123309783637524,13.777175309128545
0.8786876627709717,0.15483197127468884,0.9163405157160014,0.9809350650757551,0.7767300494015217,0.20355169288814068,0.9917663321830332,0.8350464440882206,0.17970134946517646,0.7702907370403409,20.939423575023998
0.4322294471785426,0.9442229985725135,0.9164826984051615,0.6145625526551157,0.36018998525105417,0.8982361257076263,0.510675341822207,0.9778439470101148,0.9136378485709429,0.9073067004792392,20.687195524912593
0.7424157885834575,0.3767410512082279,0.14330406649969518,0.11437025922350585,0.8381876479834318,0.5506078519392759,0.6913528509903699,0.10432042554020882,0.12869430519640446,0.2391393631696701,15.46903456343533
0.08155503869056702,0.16355739068239927,0.99377540522255,0.8361857417039573,0.9353832246270031,0.6532663356047124,0.994654095498845,0.9310914201196283,0.8097937912680209,0.7520886592101306,19.00534453079572
0.638459556736052,0.24816288310103118,0.03447790630161762,0.04747451492585242,0.6246157081332058,0.30675993603654206,0.19203382451087236,0.4327195342630148,0.37099400302395225,0.8036823244765401,11.604240736621197
0.9017969656269997,0.8423227746970952,0.22424184787087142,0.7625217204913497,0.02770939003676176,0.9853576957248151,0.3753618474584073,0.651168110081926,0.41230787918902934,0.27638954296708107,15.613176684689929
0.8155494653619826,0.14997987262904644,0.06313881441019475,0.8600361018907279,0.9850140106864274,0.9066167084965855,0.24152527167461812,0.5530886279884726,0.4801927050575614,0.7217187103815377,22.696318169681273
0.6845947047695518,0.5016446204390377,0.04958992847241461,0.06812387774698436,0.13111858535557985,0.8150639387313277,0.6543338887859136,0.4552353168837726,0.2514891119208187,0.9908982813358307,14.565389808139065
0.7587655899114907,0.6725636881310493,0.16894910018891096,0.14697611914016306,0.7526612773071975,0.060243632178753614,0.6665089926682413,0.10424911207519472,0.7709769131615758,0.5743023729883134,15.378634268153696
0.7448176413308829,0.5978512715082616,0.7715006009675562,0.5011722627095878,0.22817719681188464,0.37099853018298745,0.2905221760738641,0.4848855705931783,0.6773571791127324,0.8430557772517204,18.560786762364682
0.7907529515214264,0.7464284712914377,0.20358743821270764,0.810168115189299,0.08603789657354355,0.9707799777388573,0.9597918996587396,0.4866863687057048,0.201139580225572,0.15467029949650168,20.102486954381543
0.34381605009548366,0.4321750607341528,0.47993080923333764,0.171907274518162,0.298280922928825,0.6662001719232649,0.879042771877721,0.10756382811814547,0.40907985903322697,0.02563586039468646,8.32946535084491
0.8423214862123132,0.9934606589376926,0.6412067299243063,0.5910127190873027,0.6080494506750256,0.7327449903823435,0.7553841429762542,0.6964439630974084,0.15656823036260903,0.7572966332081705,14.806655520495145
0.553146343678236,0.11833301419392228,0.6706365109421313,0.25946886581368744,0.5916346958838403,0.5857312527950853,0.0810469132848084,0.16039441642351449,0.0497980194631964,0.17355716112069786,8.968203440764428
0.5768268466927111,0.911640556063503,0.7184597656596452,0.17381383385509253,0.12120598391629755,0.6689863775391132,0.726778989424929,0.5820147346239537,0.7633097690995783,0.08933739410713315,13.356545960937508
0.742844209773466,0.746564737521112,0.5410081795416772,0.44098652130924165,0.5560028541367501,0.24311397760175169,0.963471109746024,0.4263074027840048,0.25553374784067273,0.5299291780684143,18.025494269025337
0.24847261747345328,0.609058742178604,0.5017927028238773,0.9543362858239561,0.8877029861323535,0.2216534372419119,0.5155656109564006,0.2347671368625015,0.41845368780195713,0.8821230644825846,17.74740024616165
0.21789932204410434,0.701525827171281,0.5681050582788885,0.9911058126017451,0.6775165579747409,0.11908280104398727,0.6056590515654534,0.3844758137129247,0.9130855880212039,0.837926005711779,18.323171381041487
0.3910869851242751,0.2934997249394655,0.8503962305840105,0.3106261813081801,0.5024906867183745,0.6279540366958827,0.5030923851300031,0.7739313603378832,0.8231305414810777,0.12700632633641362,11.745444735723742
0.41302224597893655,0.7198107226286083,0.342233034549281,0.874892744468525,0.40746202878654003,0.016358159948140383,0.44048753986135125,0.9994655018672347,0.457499663811177,0.3292520495597273,19.44225109425342
0.8877375039737672,0.13945681345649064,0.5592715463135391,0.2871044995263219,0.5670502868015319,0.04574423283338547,0.7692062519490719,0.24263963848352432,0.8489992546383291,0.2593469303101301,9.031961261139863
0.7496097506955266,0.5391252567060292,0.8622099361382425,0.4053136354777962,0.09804361616261303,0.7473075243178755,0.16885025543160737,0.13383964821696281,0.7647332232445478,0.07821447914466262,15.203863131152668
0.4085465723183006,0.05631454871036112,0.10901700053364038,0.15280756237916648,0.9055675603449345,0.4999069203622639,0.9269292703829706,0.9872700893320143,0.8442378039471805,0.7470089579001069,8.605595686220841
0.12752536730840802,0.6742367565166205,0.403002527076751,0.9444600404240191,0.8822070916648954,0.08886042539961636,0.06640751240774989,0.22517788922414184,0.2741704566869885,0.7379814716987312,16.447904438502228
0.0574885995592922,0.8978745075874031,0.8014818339142948,0.4538854181300849,0.10266110231168568,0.38160626869648695,0.15293397940695286,0.4148860350251198,0.39021722064353526,0.48451505578123033,8.275642115551696
0.11679422971792519,0.3245574457105249,0.0710690962150693,0.6449537905864418,0.6742714112624526,0.1259841569699347,0.9481448889710009,0.9544318276457489,0.8835577345453203,0.22122082160785794,13.6773694484265
0.7471380778588355,0.5798181390855461,0.7930797089356929,0.6993064493872225,0.33873632247559726,0.6262116553261876,0.16390491393394768,0.5209971137810498,0.4783756311517209,0.8993623305577785,20.152211980030465
0.9066198342479765,0.628427179530263,0.26786965457722545,0.25332643277943134,0.27184365200810134,0.07877053529955447,0.542134738760069,0.9475427221041173,0.06397659494541585,0.14028528798371553,15.318053888679048
0.21448484458960593,0.3658913259860128,0.950217654928565,0.19822535035200417,0.18027711822651327,0.621784504968673,0.19394839694723487,0.04964608303271234,0.4668099342379719,0.8305267891846597,8.736398150778502
0.7722779414616525,0.9822505561169237,0.5817178203724325,0.7046063016168773,0.4588498594239354,0.7284061284735799,0.05859405663795769,0.673282049363479,0.8712310153059661,0.9121640813536942,16.70018722932211
0.7242973514366895,0.6641807167325169,0.8524397562723607,0.7819780155550689,0.03336578467860818,0.719680940033868,0.7186491831671447,0.6793142277747393,0.09160931804217398,0.15185970114544034,19.567455467063613
0.9555722491350025,0.35589438513852656,0.8787354598753154,0.7364157293923199,0.49777491786517203,0.27985341008752584,0.6481101626995951,0.367269100388512,0.8596935558598489,0.8038152053486556,23.26359991202775
0.19340952415950596,0.5118738440796733,0.3129008519463241,0.0862821179907769,0.10687571857124567,0.4706242436077446,0.9703433625400066,0.1694086838979274,0.6455905917100608,0.05178312840871513,4.423013106029757
0.16624495666474104,0.7793920007534325,0.7448067148216069,0.8565963278524578,0.5404991782270372,0.2175617953762412,0.9446472192648798,0.11207274557091296,0.3612501393072307,0.4540813169442117,16.12688814114052
0.3815743450541049,0.661924205487594,0.30640065390616655,0.05607316340319812,0.3616671587806195,0.8952451124787331,0.5641574149485677,0.6777775674127042,0.03564613754861057,0.9118954760488123,10.5361005955888
0.9035648151766509,0.08360051806084812,0.875839208252728,0.7554187297355384,0.11152454186230898,0.6114410869777203,0.2531384334433824,0.905656146351248,0.5249209441244602,0.718437799019739,12.841441904952415
0.3678540554828942,0.9893542870413512,0.6763271780218929,0.27788293291814625,0.8916862108744681,0.32047051563858986,0.9090663897804916,0.006914833094924688,0.5683539679739624,0.002226168755441904,17.287085116178254
0.3255596812814474,0.010504188481718302,0.023588715819641948,0.7702654113527387,0.8903741571120918,0.1173326310236007,0.6896550473757088,0.33000493375584483,0.16951225814409554,0.8629569313488901,18.34042754134521
0.10510525829158723,0.8714754276443273,0.7796153267845511,0.8292762855999172,0.5678639514371753,0.3640302331186831,0.40750221256166697,0.5142233639489859,0.42308293795213103,0.44626384414732456,15.450493871353697
0.14376401039771736,0.17888361914083362,0.713656289037317,0.20884563121944666,0.19335635122843087,0.37456111004576087,0.42070396640338004,0.5778664075769484,0.3824596188496798,0.18553973594680429,3.6559660650087347
0.63800955330953,0.8618137289304286,0.5870974897406995,0.40514485724270344,0.9605663276743144,0.569835459580645,0.495215549133718,0.7707392668817192,0.4483052911236882,0.8075485706795007,17.23904810088798
0.7479972580913454,0.857195214368403,0.21152741531841457,0.38680564030073583,0.4069092608988285,0.17754536611028016,0.2004878344014287,0.4863026039674878,0.5813653352670372,0.5644957907497883,15.853570020483938
0.3679604746866971,0.521593811456114,0.11081099486909807,0.7382839201018214,0.8589809045661241,0.9037228405941278,0.28406130126677454,0.26158747379668057,0.8822549902833998,0.264493192313239,21.426568269677233
0.5671284564305097,0.8603890489321202,0.3534453653264791,0.02560425503179431,0.8491060922387987,0.17935751844197512,0.41180334449745715,0.6597755856346339,0.3539019078016281,0.790340738138184,16.01104034313
0.35669138422235847,0.1427022183779627,0.9386138652916998,0.30139940208755434,0.0864815660752356,0.16143666137941182,0.7257677589077502,0.6593963757622987,0.16751200635917485,0.24719731439836323,7.744685189575019
0.1890344361308962,0.06840275856666267,0.9396338250953704,0.8815216049551964,0.5605200829450041,0.3871166168246418,0.814568230882287,0.14328318648040295,0.28415231173858047,0.1322972511406988,15.500766830118222
0.37558810063637793,0.48947127372957766,0.09007890056818724,0.7790697414893657,0.3326928447932005,0.06126876827329397,0.5874999286606908,0.8330615644808859,0.5312132847029716,0.1179874932859093,19.139070178399628
0.7712859963066876,0.9561761950608343,0.7523824027739465,0.012599561596289277,0.24252636637538671,0.415298666106537,0.11739642056636512,0.3982655815780163,0.21205446077510715,0.9929393976926804,8.58624767635066
0.0847941623069346,0.5332878739573061,0.33919012965634465,0.4843417573720217,0.9981417306698859,0.045360495103523135,0.0703304277267307,0.0741188635583967,0.5355859135743231,0.5675030162092298,12.217209483629912
0.024424182251095772,0.18356551323086023,0.6140932231210172,0.8179719992913306,0.010066410526633263,0.7007023254409432,0.8407734215725213,0.11216762568801641,0.4419534660410136,0.6424171093385667,8.772352343110352
0.9872929691337049,0.8487238800153136,0.12181212520226836,0.2936468613334,0.011094505665823817,0.37424985808320343,0.09296048642136157,0.9129245257936418,0.2641302137635648,0.022635533241555095,11.149383465298058
0.945315471617505,0.1366573318373412,0.8574202831368893,0.023693151772022247,0.7865464922506362,0.7089139434974641,0.8902108434122056,0.4802547157742083,0.5870874794200063,0.92126255040057,11.260339792978549
0.04203381575644016,0.49523943243548274,0.10661857249215245,0.03616713499650359,0.7068469785153866,0.5638567819260061,0.2786586463917047,0.6552457893267274,0.21220409008674324,0.8607250461354852,8.957106598740868
0.614971497328952,0.004881976637989283,0.7216945046093315,0.09449400077573955,0.4265750194899738,0.15409440314397216,0.5795371572021395,0.7813156545162201,0.536743120290339,0.8846895839087665,4.863605082644882
0.9645288970787078,0.5191877083852887,0.6746548833325505,0.9651677671354264,0.9738325136713684,0.36798127251677215,0.3570215958170593,0.4725130007136613,0.5823688260279596,0.8937361063435674,24.504245305785915
0.33496701577678323,0.5042552459053695,0.05606638174504042,0.16308047669008374,0.033498343313112855,0.5961943308357149,0.08275847183540463,0.8673249762505293,0.07797427289187908,0.09117700322531164,11.624674424706138
0.8314083085861057,0.06853268761187792,0.08680060133337975,0.0704886270686984,0.5624671129044145,0.2970283080358058,0.042782642878592014,0.9527595841791481,0.5511580028105527,0.7187936743721366,8.640767686829212
0.3793529288377613,0.17211805866099894,0.11247451463714242,0.8040546192787588,0.6793218103703111,0.13525989232584834,0.14416252449154854,0.0361913142260164,0.5290481974370778,0.046058930456638336,17.618998705451652
0.9471856113523245,0.13898675865493715,0.4205865596886724,0.34637807426042855,0.17442735633812845,0.2577156799379736,0.6366806121077389,0.8546399720944464,0.2716717335861176,0.8085857569240034,7.90449276013495
0.8636999719310552,0.9560985332354903,0.5362928016111255,0.6121042331214994,0.3288914004806429,0.7304324372671545,0.6083959375973791,0.5237995656207204,0.8842011876404285,0.3974996388424188,10.660180211698108
0.051686586113646626,0.5511017306707799,0.5958467554301023,0.1313985288143158,0.20260254805907607,0.4653600547462702,0.20468031102791429,0.9225679812952876,0.983102060854435,0.02798028546385467,3.6156621753199567
0.5406774166040123,0.3661278309300542,0.0737721910700202,0.6451433543115854,0.47363447630777955,0.3614712830167264,0.7668157091829926,0.7994894145522267,0.9804713816847652,0.8724392021540552,18.701875187529
0.5685138448607177,0.5465785174164921,0.23219222645275295,0.9125680800061673,0.8317481148988008,0.6678814464248717,0.33285728888586164,0.41020905575715005,0.9084634310565889,0.46561066224239767,22.703160897417426
0.9017649984452873,0.012477832147851586,0.9954997673630714,0.4868514484260231,0.18808911880478263,0.406670794589445,0.4671638859435916,0.7423757223878056,0.0060811880975961685,0.979628715198487,11.455851076627276
0.8069114193785936,0.13225830462761223,0.14402587176300585,0.21114278491586447,0.8761143730953336,0.06145894550718367,0.704775637248531,0.5035715813282877,0.29527318524196744,0.09803580888547003,12.720488339838555
0.1323634043801576,0.2435346629936248,0.9248367322143167,0.23245433089323342,0.773867393610999,0.2830574556719512,0.6729469378478825,0.45725488872267306,0.22270602034404874,0.0149997363332659,10.161376611202718
0.6156106404960155,0.7550700502470136,0.7190947630442679,0.2950455257669091,0.48147797817364335,0.8039477618876845,0.6442308973055333,0.696404007030651,0.39449767395853996,0.2420439834240824,14.767512402368968
0.2973542013205588,0.8065343762282282,0.7338037251029164,0.15001577674411237,0.9988981503993273,0.7386344647966325,0.6520649665035307,0.516116404440254,0.9767619816120714,0.5464380360208452,16.304056351528793
0.47860191902145743,0.5256708350498229,0.9505467244889587,0.8181824055500329,0.9603107995353639,0.053933196468278766,0.07795169693417847,0.2125079247634858,0.21943415352143347,0.7141577873844653,22.863124965849487
0.16365761496126652,0.33166355756111443,0.5921345567330718,0.551039656624198,0.8894207226112485,0.3461522739380598,0.18213392794132233,0.8006510511040688,0.4270252347923815,0.485901921056211,11.965906605291282
0.8064521772321314,0.08586317300796509,0.8862319111358374,0.6689433853607625,0.3841843749396503,0.07522629387676716,0.27314164442941546,0.652353533077985,0.3188306337688118,0.1268249903805554,12.167236004121442
0.09364340244792402,0.5677069220691919,0.3767585684545338,0.9625081298872828,0.6362474844790995,0.8264020851347595,0.9775269133970141,0.8692153370939195,0.2672975859604776,0.9748704903759062,14.287245910128817
0.5515476395376027,0.8189439307898283,0.6356677333824337,0.09352630120702088,0.137857356807217,0.7162665757350624,0.21369482716545463,0.27814525505527854,0.5995373199693859,0.001945781521499157,11.43362883528616
0.7377125939819962,0.7094440239015967,0.7680545311886817,0.3604099170770496,0.7077124824281782,0.04444115865044296,0.6199587434530258,0.8950045143719763,0.3659318592399359,0.16668073227629066,18.701465524132225
0.22640428319573402,0.03681945148855448,0.3719830480404198,0.05587277584709227,0.04468371160328388,0.02982311719097197,0.05821460043080151,0.6260226629674435,0.8665709916967899,0.12643806799314916,1.4283506393842358
0.11103686736896634,0.9999668796081096,0.000792420469224453,0.31335849966853857,0.302456621080637,0.7194767314940691,0.844497820129618,0.2634421205148101,0.751052750274539,0.5563074294477701,13.12219620294605
0.8842117921449244,0.7118050067219883,0.6979765498545021,0.4252354041673243,0.14638275187462568,0.7763383677229285,0.13304167846217752,0.9117014377843589,0.4515651073306799,0.5732210383284837,14.948699917351043
0.9846887711901218,0.5794995753094554,0.15679041482508183,0.990047539351508,0.9947731851134449,0.36100601591169834,0.4159215686377138,0.19432302960194647,0.41459116991609335,0.8072162601165473,29.22066769537833
0.7100409220438451,0.0061781699769198895,0.8467553076334298,0.7426595112774521,0.5548521811142564,0.5987960542552173,0.21136742364615202,0.10693340376019478,0.8343894525896758,0.0796261546202004,12.747409886101744
0.9294454518239945,0.16717400890775025,0.5164881416130811,0.957578798988834,0.5919171927962452,0.14141700905747712,0.7230874795932323,0.4682561713270843,0.6265101020690054,0.35376407159492373,16.95356987977457
0.5041348959784955,0.7106696504633874,0.04284208524040878,0.6128679432440549,0.13716226327233016,0.2983038213569671,0.37436444219201803,0.15192408044822514,0.3058323797304183,0.7211697737220675,21.409232788202498
0.09511160850524902,0.20387872750870883,0.15551495319232345,0.041422662092372775,0.6965361419133842,0.5049417121335864,0.9342856884468347,0.7386675013694912,0.7384580387733877,0.6645529726520181,6.3449659607371585
0.8962535997852683,0.026533182710409164,0.4118108057882637,0.8553404584527016,0.13178935018368065,0.9171101350802928,0.33094829600304365,0.7807712177745998,0.42284414055757225,0.8983103816863149,9.737941319659823
0.395079291658476,0.7213800919707865,0.02835779427550733,0.1554241464473307,0.8422458488494158,0.7215825724415481,0.7257089703343809,0.21507229539565742,0.008318312698975205,0.046977278077974916,16.559846773042437
0.7320708986371756,0.12152978079393506,0.6910960045643151,0.6174961170181632,0.9425429219845682,0.5797907167579979,0.6792657033074647,0.7776263041887432,0.07282969634979963,0.6234330779407173,13.333440519949422
0.6445340136997402,0.4265577271580696,0.4701222225558013,0.05030581005848944,0.0920257365796715,0.912879217416048,0.4439116937573999,0.822484697913751,0.1039249082095921,0.9448954481631517,8.499452664537444
0.6019496738445014,0.09451835718937218,0.19836522568948567,0.021581573644652963,0.8479809847194701,0.10532498033717275,0.018574310932308435,0.9230870218016207,0.3161316707264632,0.0134643220808357,9.057899171798027
0.8570218535605818,0.5845393498893827,0.04434627736918628,0.9663889068178833,0.49930365406908095,0.293041598983109,0.5201972983777523,0.9593168620485812,0.7402835609391332,0.6674668285995722,24.00745168700286
0.02397943544201553,0.8557830995414406,0.4089759255293757,0.5671776232775301,0.6440475420095026,0.2203060695901513,0.38775499421171844,0.9121085798833519,0.7854296597652137,0.43245425750501454,10.145099944524631
0.7068065477069467,0.3836698094382882,0.34767523827031255,0.7010873255785555,0.7970173622015864,0.2917048139497638,0.47532121022231877,0.6454691523686051,0.9020478383172303,0.5769966649822891,19.791918269987214
0.2390189589932561,0.5012341756373644,0.6071545607410371,0.4311043641064316,0.9404252162203193,0.0625310861505568,0.25478149647824466,0.8916585291735828,0.783404567046091,0.01552862673997879,13.192506511302954
0.5602867926936597,0.6452592853456736,0.4343163000885397,0.3588692620396614,0.24598531029187143,0.3958591662812978,0.20866024727001786,0.37130531994625926,0.38544960087165236,0.36469322070479393,14.343744471334011
0.5417133539449424,0.7203382982406765,0.3490188659634441,0.19663635035976768,0.3506066328845918,0.2311502448283136,0.9033809856045991,0.5420798948034644,0.09101572213694453,0.35431640362367034,13.785400515232142
0.002792764687910676,0.8399435470346361,0.38353084097616374,0.5182513881009072,0.8326809867285192,0.5614541913382709,0.06569154188036919,0.9773227721452713,0.8996790167875588,0.6541438773274422,8.038641584738485
0.4788091133814305,0.024434253573417664,0.2665095943957567,0.1339576169848442,0.1279347874224186,0.5060174812097102,0.043383573181927204,0.8734372593462467,0.5737081535626203,0.5568672076333314,3.4643468316527586
0.5730899279005826,0.7372837443836033,0.43148940755054355,0.7262325685005635,0.09292592876590788,0.32267551659606397,0.8687500590458512,0.7446736746933311,0.8977680471725762,0.5639813346788287,16.025098345368058
0.9500352956820279,0.10531067242845893,0.8821578752249479,0.7143127997405827,0.8293537446297705,0.10983254760503769,0.409599021775648,0.819843262899667,0.9363937431480736,0.2548403225373477,17.46149445598293
0.3250325813423842,0.03114619222469628,0.2838557977229357,0.2525131127331406,0.9213418217841536,0.8247826183214784,0.9285304467193782,0.6272838127333671,0.8597381715662777,0.42374738468788564,7.675279766563773
0.9018203190062195,0.7649540100246668,0.6790693229995668,0.7307049315422773,0.8896023947745562,0.490416542859748,0.20265713916160166,0.7482955434825271,0.3518314785324037,0.19217503885738552,19.871846480351138
0.6666206752415746,0.13535520620644093,0.12121418979950249,0.4471653155051172,0.8809877044986933,0.5934234538581222,0.9062724323011935,0.29899714794009924,0.011851626681163907,0.718555491650477,16.822558381484857
0.9903367564547807,0.620690647745505,0.36597575317136943,0.5513295494019985,0.38546586595475674,0.46705482224933803,0.7803219964262098,0.8433304640930146,0.2522879869211465,0.45340364915318787,17.991582019469774
0.6512782364152372,0.6029538598377258,0.34505752520635724,0.8997796406038105,0.4201827496290207,0.40633368981070817,0.6754168251063675,0.8826112141832709,0.6563362716697156,0.6410593700129539,20.369594337455535
0.3981545011047274,0.9269859462510794,0.27179294009692967,0.32653675484471023,0.28719863179139793,0.3789734235033393,0.7364901946857572,0.27324812742881477,0.834258750313893,0.21757964696735144,14.466568300401029
0.008323267567902803,0.546328910626471,0.8835319785866886,0.22870060638524592,0.33212326117791235,0.11411677254363894,0.18315153406001627,0.09079954796470702,0.9480655349325389,0.13429321814328432,5.817300727646846
0.21573654166422784,0.8729534840676934,0.47782714641653,0.748479992384091,0.23958415305241942,0.5983056905679405,0.9525785502046347,0.8752214417327195,0.5891468634363264,0.11501237843185663,15.493347429863993
0.07255949382670224,0.36064465227536857,0.08979514986276627,0.8330846815370023,0.006810283288359642,0.115714997285977,0.3615739217493683,0.9994039847515523,0.9465709622018039,0.6951478736009449,10.767769266955161
0.36054001096636057,0.5016759631689638,0.7229817223269492,0.7518227188847959,0.18661471409723163,0.7547289561480284,0.4221535502001643,0.30919801560230553,0.39155310369096696,0.2482650731690228,14.035184729492418
0.6811254727654159,0.9708273604046553,0.2035766716580838,0.3934786580502987,0.17735565756447613,0.9257735272403806,0.27120604971423745,0.9935133457183838,0.6275391450617462,0.4570969552733004,15.1782012961652
0.2395025067962706,0.23919049906544387,0.4147736008744687,0.5751026407815516,0.7456484369467944,0.8963889223523438,0.46271125110797584,0.22495758556760848,0.25719669717364013,0.14405833557248116,11.927974086616505
0.6023194899316877,0.07375220349058509,0.9545191403012723,0.9412271538749337,0.9711880597751588,0.338612774387002,0.12141418526880443,0.5859960066154599,0.4121929930988699,0.1496191571932286,19.300342151342228
0.2974352608434856,0.7672895644791424,0.5633195750415325,0.8552390721160918,0.3933416388463229,0.6445717131718993,0.06152042490430176,0.5435099315363914,0.06651461473666131,0.44135042163543403,16.277653645798395
0.8312196088954806,0.04768527206033468,0.43834063271060586,0.3167408681474626,0.4287497161421925,0.27027714462019503,0.4146257461979985,0.1841161441989243,0.8618960143066943,0.5718645190354437,7.2203265217351555
0.30996435042470694,0.20519131468608975,0.47669819719158113,0.7221866056788713,0.9469507373869419,0.16540949163027108,0.3074505233671516,0.29328075773082674,0.13457782799378037,0.03544738655909896,13.293987893731043
0.8138219935353845,0.6780310054309666,0.6211162738036364,0.45480868266895413,0.8453133944422007,0.684669567970559,0.6202249529305845,0.19375994615256786,0.23357779369689524,0.46155835990794003,19.4514218612882
0.8038895761128515,0.7884013594593853,0.17717634001746774,0.6913852747529745,0.04401445621624589,0.38721985882148147,0.22959864186123013,0.2796911164186895,0.587163197575137,0.12579628941603005,18.55954348805031
0.36370590841397643,0.9448428847827017,0.4040852542966604,0.1866954865399748,0.5949258301407099,0.43066446646116674,0.26196472672745585,0.10784304491244256,0.7646895118523389,0.2546687643043697,11.940595884610378
0.3724328908137977,0.4378447507042438,0.346613785950467,0.8174681740347296,0.9970879089087248,0.9160276241600513,0.6233816263265908,0.027350837597623467,0.2568082599900663,0.6719603948295116,19.608671865370088
0.8333798828534782,0.095408886205405,0.9717771294526756,0.4864677619189024,0.4070544554851949,0.03326795436441898,0.5175114537123591,0.5687171425670385,0.4710671226494014,0.7570745337288827,13.90738399980813
0.5283771969843656,0.9589776825159788,0.4894691889639944,0.018767513101920485,0.6326568888034672,0.48500242829322815,0.5723549711983651,0.48832845874130726,0.497578612761572,0.9907144091557711,12.439643584833615
0.9289580290205777,0.5525184809230268,0.15473626600578427,0.3073963890783489,0.4790290566161275,0.009355907561257482,0.815711208852008,0.004830688005313277,0.8301663543097675,0.05517716193571687,18.399666841067166
0.9600290572270751,0.15653162589296699,0.4970236290246248,0.9738044142723083,0.9600657341070473,0.7423102238681167,0.9146721875295043,0.5605082435067743,0.6955985501408577,0.42051598336547613,19.36070480440213
0.3953128335997462,0.5082580849993974,0.2740998244844377,0.9516089374665171,0.8508979245088995,0.30464993556961417,0.3305439045652747,0.11198436911217868,0.5505173103883862,0.5567528065294027,21.963544325265243
0.6027840129099786,0.8780840714462101,0.5451832446269691,0.9275718638673425,0.921909193508327,0.4624640049878508,0.2613660357892513,0.8107792735099792,0.2939982817042619,0.5201764926314354,24.50176941503964
0.4131868937984109,0.16933383862487972,0.6647121957503259,0.627011985052377,0.8276516934856772,0.5401265644468367,0.8046914145816118,0.4968312429264188,0.4663503367919475,0.3162161400541663,12.379114806396556
0.49176160781644285,0.6048254717607051,0.554026496829465,0.004650799790397286,0.05432086042128503,0.37567562237381935,0.8312444884795696,0.8884693540167063,0.11241300124675035,0.8061576117761433,7.097626956148716
0.1337719119619578,0.9261088243220001,0.09368833783082664,0.7758755029644817,0.19366334890946746,0.6900734540540725,0.16834601433947682,0.34414313337765634,0.9407682348974049,0.5531354518607259,16.29965326589939
0.4576522696297616,0.5980343862902373,0.4434708927292377,0.6072391087654978,0.81724360329099,0.39298697118647397,0.5603757116477937,0.6208524643443525,0.5554999995511025,0.31102170213125646,19.042155048437063
0.7853391291573644,0.44622210948728025,0.4276732893195003,0.6664323832374066,0.9304413304198533,0.8572980798780918,0.32304066605865955,0.6770907253958285,0.1972103842999786,0.5645264750346541,20.42730205411208
0.19787993584759533,0.23101543635129929,0.42791361291892827,0.8982869805768132,0.03177716117352247,0.2913206785451621,0.005722252652049065,0.6895937470253557,0.19616494770161808,0.3730583118740469,10.981942318707963
0.7117852612864226,0.9250036564189941,0.18732858006842434,0.7758490575943142,0.2984232685994357,0.5866245317738503,0.080767503939569,0.6928557427600026,0.13842659979127347,0.35313754389062524,17.715988490765497
0.8628343648742884,0.9291980427224189,0.7787435424979776,0.8808947843499482,0.9396310998126864,0.354837391525507,0.2648841890040785,0.8187686246819794,0.9512398671358824,0.3720291934441775,18.953303918460588
0.23962627281434834,0.9148146833758801,0.7512775652576238,0.9169183254707605,0.5399817167781293,0.4849488486070186,0.49402010370977223,0.14793204446323216,0.8249224103055894,0.9231839401181787,19.401172751052577
0.7331136397551745,0.7455506308469921,0.9724309123121202,0.30590816866606474,0.00946638430468738,0.46726459241472185,0.7785502756014466,0.23880014405585825,0.3072712521534413,0.6274020036216825,19.764132178808346
0.4815036638174206,0.354183797724545,0.030711624771356583,0.28558269678615034,0.18616384686902165,0.7926019616425037,0.4376274817623198,0.9357192749157548,0.7754531854297966,0.2615338072646409,14.296269206089512
0.11553060216829181,0.02750982134602964,0.7373197823762894,0.8312682949472219,0.0034590051509439945,0.7429907240439206,0.4571638433262706,0.09584541525691748,0.8976344333495945,0.5381126264110208,10.113364454392524
0.9843834287021309,0.2657744747120887,0.7235641211736947,0.5109447769355029,0.6632501080166548,0.13865405274555087,0.4876103810966015,0.04872953286394477,0.33993759704753757,0.14307434251531959,17.579926737447465
0.1041652241256088,0.5455047588329762,0.35798334889113903,0.7832947529386729,0.7705380213446915,0.05365612264722586,0.06482131057418883,0.5475688476581126,0.879970223410055,0.4405767060816288,12.749015845298288
0.16313744080252945,0.7430725961457938,0.879806358134374,0.6849769190885127,0.5151005594525486,0.5199113946873695,0.341507799224928,0.7898704325780272,0.13991849846206605,0.12205611611716449,16.398745339006755
0.3184358016587794,0.2390300501137972,0.9606415086891502,0.9317163887899369,0.4283669393043965,0.006617705570533872,0.8664430002681911,0.3504385184496641,0.35341575602069497,0.6412053685635328,17.083145572821266
0.8694145099725574,0.6462363216560334,0.583418179070577,0.8235106635838747,0.5416579896118492,0.31738899974152446,0.9976497804746032,0.8267903558444232,0.4553166178520769,0.7779304070863873,19.597980056286897
0.39223440061323345,0.22155011049471796,0.614262780174613,0.8136139335110784,0.9989188187755644,0.7162513840012252,0.5941183420363814,0.7060935767367482,0.8194611861836165,0.3833695906214416,16.64937587272569
0.0970837667118758,0.9939652420580387,0.9843840319663286,0.5044130135793239,0.5018359776586294,0.2525833628606051,0.5067312985192984,0.8469201957341284,0.5733080476056784,0.27925902837887406,15.274452953312181
0.3891980675980449,0.5901382949668914,0.5710502229630947,0.42425208259373903,0.8873964375816286,0.31966092926450074,0.30724149383604527,0.8301432449370623,0.8763776847627014,0.5272177953738719,15.296094147205165
0.7562750703655183,0.47259171842597425,0.8563352297060192,0.28994479472748935,0.31112709222361445,0.3133474027272314,0.5474102550651878,0.919371644500643,0.15074282651767135,0.8799544051289558,17.15519448894842
0.10474753379821777,0.8857278388459235,0.9010098536964506,0.55617575510405,0.4709948969539255,0.5632104007527232,0.4283770613837987,0.7768429273273796,0.5329160890541971,0.3194715203717351,13.286691277001268
0.8703809408470988,0.2585422149859369,0.2605798689182848,0.4288434535264969,0.056414487306028605,0.7380761937238276,0.2949577383697033,0.6314489596989006,0.6234272453002632,0.33941032039001584,12.699523817748737
0.39203454833477736,0.1489429643843323,0.8061586676631123,0.6368030288722366,0.21389256650581956,0.5967652008403093,0.951888888143003,0.5280548501759768,0.14176112925633788,0.9885093760676682,11.957846279443645
0.12066844548098743,0.9090543547645211,0.6033853716216981,0.4976941333152354,0.8016603677533567,0.8969277627766132,0.43213294981978834,0.1378274611197412,0.8643827580381185,0.32951530860736966,12.087045694799613
0.4201329986099154,0.898351967567578,0.09378442377783358,0.9488652390427887,0.6970532524865121,0.48137975577265024,0.1439279061742127,0.8466250610072166,0.4631937362719327,0.21583966072648764,26.568599687517533
0.07138527906499803,0.029087598668411374,0.8825728399679065,0.6279302311595529,0.6056078977417201,0.945588591042906,0.07308166171424091,0.2571270698681474,0.9992005126550794,0.11100907996296883,11.811015229867042
0.598779606167227,0.533869634848088,0.33628306607715786,0.6043387094978243,0.27288504992611706,0.9471407611854374,0.6540835464838892,0.8220762552227825,0.30229522567242384,0.28152812947519124,15.420791320881433
0.7360011674463749,0.6684385733678937,0.15333928121253848,0.7715125498361886,0.352382636629045,0.5241487328894436,0.902935940772295,0.33740726206451654,0.7917673019692302,0.9968739037867635,21.960828444450414
0.6268015643581748,0.38797738566063344,0.855109860189259,0.29023205139674246,0.40582379163242877,0.07041891058906913,0.7758524483069777,0.9243553034029901,0.7846566792577505,0.7412206865847111,15.176032885124211
0.9779422578867525,0.07708275550976396,0.15993518405593932,0.613107928307727,0.9941150008235127,0.5024171529803425,0.21127448743209243,0.8917329807300121,0.13766240584664047,0.5848482607398182,16.78041608988692
0.4770151232369244,0.8157408202532679,0.11489990213885903,0.4233538471162319,0.7185273861978203,0.38138339202851057,0.5064049486536533,0.8992228573188186,0.07659163908101618,0.5792836763430387,20.338002408101026
0.5814806672278792,0.16555078676901758,0.45417532324790955,0.196016448084265,0.6467711364384741,0.5237468795385212,0.881310417316854,0.5117429534438998,0.9691354387905449,0.14803420356474817,9.74481645339834
0.9682575061451644,0.028197112726047635,0.23722973838448524,0.9638004540465772,0.9509683675132692,0.1011165021918714,0.039543383521959186,0.7028375018853694,0.0887982517015189,0.7341993513982743,16.924234524877896
0.01144877029582858,0.8300409191288054,0.5056142855901271,0.5098066169302911,0.6303636319935322,0.6148601069580764,0.6090617252048105,0.18083172454498708,0.24727856367826462,0.3596788707654923,9.405225277522169
0.4832693520002067,0.561452085385099,0.6371864171233028,0.2984532401897013,0.6866574678570032,0.3499524472281337,0.4933819107245654,0.8689470698591322,0.5439366102218628,0.7423846719320863,13.790283795417245
0.6580504120793194,0.16569800954312086,0.25920050172135234,0.4934249725192785,0.43701940192840993,0.9335948938969523,0.9237939331214875,0.8238959182053804,0.2628238152246922,0.9802894531749189,12.580717230823344
0.4437695543747395,0.06329488684423268,0.5111446648370475,0.6393223355989903,0.4876513278577477,0.9142632978037,0.16965408343821764,0.45554147800430655,0.7862433528061956,0.4224244481883943,9.726000977666601
0.9038700682576746,0.16548671596683562,0.24322017165832222,0.8722168726380914,0.7131950077600777,0.5923995275516063,0.6626975315157324,0.8480163761414587,0.847149397013709,0.9175111092627048,18.372220355749107
0.9892724752426147,0.6416965769603848,0.3189739561639726,0.28076394740492105,0.44902239204384387,0.3139774105511606,0.4449048414826393,0.2656859587877989,0.7426964100450277,0.524194834753871,14.87296843123436
0.8976521228905767,0.711977202212438,0.5490960997994989,0.9435371195431799,0.13824710482731462,0.7473410938400775,0.6295528570190072,0.8594580471981317,0.5303082924801856,0.7911134755704552,18.545314035097704
0.1410724373999983,0.8609337294474244,0.44553221040405333,0.6990364252123982,0.6814118504989892,0.9810354867950082,0.49214469152502716,0.6121026698965579,0.3884448567405343,0.11762369377538562,12.622593973242036
0.9720080641563982,0.2468072676565498,0.1826799400150776,0.8349653887562454,0.6255454015918076,0.43833648785948753,0.11464655329473317,0.07942060893401504,0.2606549870688468,0.1586741346400231,20.45404364863754
0.4463096291292459,0.40656706178560853,0.29088902147486806,0.7528085741214454,0.49333391431719065,0.8709167358465493,0.6464918085839599,0.010275998618453741,0.6683242721483111,0.6271752784959972,16.11956116906639
0.15051168017089367,0.46865219925530255,0.3255560540128499,0.6261410855222493,0.35788171738386154,0.7475618477910757,0.6659899412188679,0.6390500401612371,0.4777627531439066,0.7531379237771034,11.938600539000515
0.5754813784733415,0.18878043093718588,0.15926171257160604,0.6040903925895691,0.484247253742069,0.9925881631206721,0.711178882047534,0.0826712662819773,0.9989896237384528,0.9435679777525365,14.671924043883392
0.9298149079550058,0.9017381190788001,0.6956975075881928,0.25272758956998587,0.7063222962897271,0.08315867139026523,0.8014222127385437,0.9846222910564393,0.39232376497238874,0.24070224119350314,10.282492765562612
0.8290639575570822,0.29188798530958593,0.20500755729153752,0.41738436045125127,0.827939786715433,0.8560469273943454,0.5221335380338132,0.7953195180743933,0.5637198053300381,0.40516911121085286,16.974957700061488
0.47750009945593774,0.16391465649940073,0.9031126115005463,0.4438686103094369,0.48624279513023794,0.3598891324363649,0.5933374573942274,0.02695402060635388,0.8899791787844151,0.6141283444594592,11.3754696255895
0.0034330766648054123,0.08848654315806925,0.676573297707364,0.3859752919524908,0.5866889609023929,0.2231572598684579,0.3017231959383935,0.5816896690521389,0.33426114544272423,0.447108666645363,8.125647248912864
0.8578485697507858,0.9763854502234608,0.0795905590057373,0.7711591622792184,0.5925841866992414,0.4268699826207012,0.6469421940855682,0.6526685869321227,0.20687810820527375,0.3523940024897456,18.674002074246957
0.18957676040008664,0.476937442086637,0.6586710982955992,0.7471205869223922,0.4836984216235578,0.030468722572550178,0.07798212836496532,0.37185854744166136,0.7604695670306683,0.2644087977241725,13.502049027634161
0.6604343529324979,0.2974521245341748,0.22384424693882465,0.30135083687491715,0.8550875927321613,0.28936377284117043,0.992232978111133,0.07375337136909366,0.043684649746865034,0.7444395278580487,15.520174975121584
0.2931247390806675,0.5331396285910159,0.068391707027331,0.8298884062096477,0.23470771545544267,0.43737836508080363,0.701659896178171,0.8506251063663512,0.33802747051231563,0.760595268337056,17.601563768562606
0.3958309411536902,0.7584807104431093,0.591900861589238,0.8879219302907586,0.7572099037934095,0.6707438924349844,0.3824531170539558,0.5280152903869748,0.35076186526566744,0.8627903624437749,22.318503346421966
0.02678002160973847,0.04417409608140588,0.6793908586259931,0.057168937753885984,0.8056471089366823,0.019918893463909626,0.7506500899326056,0.29858477506786585,0.20024739834479988,0.8467473594937474,7.0816081636414525
0.06017331243492663,0.5603751183953136,0.8644212107174098,0.4878331604413688,0.33444002782925963,0.7053474197164178,0.7542509117629379,0.23416220699436963,0.47609309013932943,0.9572581490501761,11.60744631384362
0.40472579025663435,0.3586738482117653,0.933029173174873,0.7510328707285225,0.5614467114210129,0.8224333222024143,0.6485298385377973,0.5332445483654737,0.8617054154165089,0.08983839908614755,19.82124639484088
0.7615568183828145,0.1046391159761697,0.6014014896936715,0.5108518952038139,0.6984042739495635,0.74673279421404,0.4091344573535025,0.16277056676335633,0.47941815946251154,0.18220387934707105,11.35304173701295
0.5217038351111114,0.7097919925581664,0.45398449758067727,0.2995352908037603,0.7599175083450973,0.8671369198709726,0.46473201853223145,0.9612651034258306,0.6838910698425025,0.35628367913886905,16.289044660855858
0.36211418942548335,0.1340707461349666,0.8445922341197729,0.6155245278496295,0.7536129704676569,0.8979211749974638,0.3988712471909821,0.8558300344739109,0.21486634551547468,0.18716252245940268,13.545687684858533
0.4737309569027275,0.1564589396584779,0.5066175598185509,0.7711589594837278,0.569471693597734,0.05803209822624922,0.9946692956145853,0.6954875781666487,0.8708457513712347,0.09872760390862823,13.879056576837726
0.3224459057673812,0.6286926898173988,0.9023020002059639,0.9317660273518413,0.511084879282862,0.7820227476768196,0.24349008314311504,0.6624176958575845,0.9037136337719858,0.8583585110027343,21.781777025621185
0.5389737647492439,0.6516507561318576,0.7455474175512791,0.994175897911191,0.9832260312978178,0.9291005583945662,0.5035844866652042,0.20737684844061732,0.8041299486067146,0.7225960679352283,26.457004779362602
0.28865812765434384,0.40539386589080095,0.7354044236708432,0.9860438671894372,0.6343567355070263,0.01967858779244125,0.7949653377290815,0.9020829382352531,0.5885402879212052,0.2025124877691269,17.52847214442122
0.21488668932579458,0.33452174975536764,0.7540951499249786,0.5920370679814368,0.8266724809072912,0.2039180309511721,0.04759472399018705,0.6528428762685508,0.4834056368563324,0.845712436363101,15.676677705306671
0.012803967576473951,0.7614580933004618,0.05389074212871492,0.42074473900720477,0.3657653918489814,0.9772748488467187,0.5254205802921206,0.3629988948814571,0.45058821770362556,0.9181915649678558,9.375245404747087
0.5305683934129775,0.06682731187902391,0.056398648070171475,0.3455117563717067,0.28183699608780444,0.9221537569537759,0.9238316752016544,0.797314815223217,0.9027702736202627,0.4110271886456758,10.40370120537175
0.9496158098336309,0.02472608513198793,0.08566033258102834,0.31277490174397826,0.01004514074884355,0.3338073007762432,0.9547821856103837,0.9043558142147958,0.8015195499174297,0.34308424801565707,7.4794054179598195
0.572621934581548,0.4752592812292278,0.20561332534998655,0.8934210964944214,0.008904277579858899,0.6338026388548315,0.7031523475889117,0.30655619013123214,0.06715357839129865,0.527322658803314,18.533237983902985
0.8407502172049135,0.4779769857414067,0.2526186634786427,0.17542268778197467,0.42383649479597807,0.5906709949485958,0.8554315210785717,0.6152958234306425,0.167831965489313,0.33669148897752166,14.25248480657436
0.8693444381933659,0.6682645427063107,0.23553349100984633,0.47363642579875886,0.8610570360906422,0.2248901322018355,0.17182977544143796,0.7207953224424273,0.43900224030949175,0.005112036131322384,20.037782677810313
0.6677040329668671,0.9517860047053546,0.2175464709289372,0.07199980597943068,0.2538916866760701,0.17872734111733735,0.8958520400337875,0.7351847134996206,0.5774623195175081,0.5268848210107535,12.563790709757452
0.14989120443351567,0.7674048547632992,0.44845903222449124,0.4071273000445217,0.37311890185810626,0.660292164189741,0.40304706199094653,0.19652188895270228,0.829814501805231,0.8461946526076645,8.961192204095305
0.035285300109535456,0.7586400024592876,0.2921577845700085,0.8750523631460965,0.7927332303952426,0.36612269119359553,0.5737281953915954,0.5344082054216415,0.3400611614342779,0.8840503410901874,14.145148863044144
0.7741632021497935,0.6297560364473611,0.7085818566847593,0.838538388023153,0.8407577960751951,0.23114225245080888,0.5873007529880852,0.6724585760384798,0.8821838579606265,0.07838524109683931,22.726046766324302
0.4933387979399413,0.3827288458123803,0.6654500353615731,0.2861150640528649,0.6636565076187253,0.646886742208153,0.7307737458031625,0.17007588152773678,0.6334746950305998,0.6154839771334082,11.889092106856307
0.44851528643630445,0.9215380151290447,0.26428232435137033,0.27905269409529865,0.19174832478165627,0.6254655581433326,0.03943770215846598,0.0702873864211142,0.20853639440611005,0.6458493727259338,13.66141752690855
0.6742676813155413,0.927526377607137,0.836677405051887,0.6505461293272674,0.6466029435396194,0.19856948778033257,0.11663893354125321,0.6720537953078747,0.9475369811989367,0.7792258420959115,23.106235235021067
0.9664363991469145,0.3192360666580498,0.15845219674520195,0.9708913106005639,0.8127214529085904,0.934686312219128,0.19152575940825045,0.6253391266800463,0.5566801647655666,0.34336492815054953,24.370253225523065
0.14941640896722674,0.7448284761048853,0.3405589275062084,0.3137060950975865,0.4528305281419307,0.40775463660247624,0.9522968225646764,0.24217362119816244,0.4495359717402607,0.9213676780927926,8.987315019718075
0.2761165164411068,0.885653717443347,0.6657005660235882,0.52679309155792,0.2450448260642588,0.9463086440227926,0.6787835438735783,0.6477435072883964,0.3581202265340835,0.14950217260047793,14.857283085679224
0.7433805398177356,0.08550034021027386,0.28124851267784834,0.715450166258961,0.15396387525834143,0.3207166052889079,0.40769617003388703,0.46280132536776364,0.6081186465453357,0.6911969552747905,12.822746667484425
0.5224507946986705,0.8399258488789201,0.5759201408363879,0.7368841008283198,0.6100954539142549,0.6706175142899156,0.0011333534494042397,0.21395694580860436,0.7628139150328934,0.3519259439781308,22.12983459501064
0.023993654642254114,0.5236367974430323,0.15470877080224454,0.047387439757585526,0.01529243215918541,0.9591494852211326,0.9542366988025606,0.5719156616833061,0.8743697863537818,0.2754559947643429,3.933123813177504
0.16555336536839604,0.9447010052390397,0.9499864901881665,0.009605652885511518,0.8922945111989975,0.06563060847111046,0.568657613126561,0.8226035921834409,0.39446019660681486,0.22536399052478373,12.336816708912496
0.705877774162218,0.5393514200113714,0.49340805714018643,0.7263010423630476,0.616509000537917,0.016206480329856277,0.1279091804753989,0.9462171636987478,0.0664183481130749,0.38096128962934017,19.208201079246084
0.40737749240361154,0.43132867361418903,0.4282344966195524,0.19173951260745525,0.33059547399170697,0.32972057978622615,0.9929832085035741,0.9729764016810805,0.3299601231701672,0.5441385426092893,7.703327510229895
0.05350646493025124,0.8917839084751904,0.5147376889362931,0.8751426064409316,0.9571397500112653,0.7332367009948939,0.3358607501722872,0.7500489030499011,0.22825731104239821,0.9073051849845797,13.472250054621863
0.8952294082846493,0.5577913140878081,0.6934002912603319,0.39259546529501677,0.5050282082520425,0.7354951999150217,0.3702861089259386,0.21358463657088578,0.16500048502348363,0.2341840178705752,17.499746375551947
0.875100436154753,0.47544160205870867,0.26151410792954266,0.7439437846187502,0.8493682469706982,0.3937864741310477,0.1932987947948277,0.36963762575760484,0.7616714672185481,0.06256154854781926,22.91068317452904
0.0718411470297724,0.02930434769950807,0.7466121816542,0.06891691964119673,0.09397641895338893,0.46953003527596593,0.8740021625999361,0.6667850809171796,0.8999896773602813,0.7309300135821104,3.017256415562806
0.5380610493011773,0.6487979504745454,0.6300739836879075,0.4701534453779459,0.8506125495769083,0.870521804317832,0.09076030435971916,0.78326460509561,0.927905613090843,0.44389086635783315,16.892535290342725
0.9753488835413009,0.48484269552864134,0.6375297270715237,0.7720901474822313,0.6834324537776411,0.0217785753775388,0.10571271879598498,0.06468888442032039,0.9220958778169006,0.7222812036052346,23.761910001147484
0.8517970191314816,0.02539568766951561,0.976478133816272,0.06456007366068661,0.12629829137586057,0.4941551454830915,0.1813549802172929,0.0695982538163662,0.9334795831236988,0.9015092421323061,5.397570460214862
0.2591250834520906,0.3646639632061124,0.26959486468695104,0.7732078323606402,0.19206083309836686,0.9441650151275098,0.6351525764912367,0.9879126702435315,0.843305715592578,0.19654330285266042,13.828999980901525
0.32162242219783366,0.44492463185451925,0.6548695610836148,0.24324458371847868,0.5747982214670628,0.10541512700729072,0.959244770463556,0.925527062965557,0.7558751909527928,0.9324750327505171,9.674827624377114
0.6370025891810656,0.2828492149710655,0.41764002526178956,0.37359099369496107,0.9466280099004507,0.927966230083257,0.5642213225364685,0.6834070147015154,0.5825196176301688,0.8141403759364039,14.598613481685089
0.8917305958457291,0.8851442104205489,0.7327707263175398,0.24615781172178686,0.637226160382852,0.11038880725391209,0.6673592037986964,0.7843345131259412,0.9900597825180739,0.6961367982439697,11.08713051239723
0.7822410049848258,0.5245005928445607,0.2037420580163598,0.19513947516679764,0.29190511093474925,0.2681099583860487,0.05263516423292458,0.8753546536900103,0.30583562329411507,0.46958812489174306,11.767625890019282
0.59409921313636,0.3932780590839684,0.671964842826128,0.10171447577886283,0.9900037974584848,0.8378196898847818,0.5469671713653952,0.9531682766973972,0.8698838653508574,0.6715700384229422,14.576371375939136
0.8135312295053154,0.8901593992486596,0.9653749130666256,0.7232636387925595,0.3006234266795218,0.43517827917821705,0.5670684147626162,0.5636173456441611,0.7662740009836853,0.09602293744683266,20.770497031212816
0.4662869081366807,0.6434742228593677,0.5351308197714388,0.8546923333778977,0.01883950107730925,0.231048691784963,0.0673129630740732,0.47086620586924255,0.5111364047043025,0.05280009238049388,17.393806162055466
0.7865977846086025,0.5708631626330316,0.2871256582438946,0.793825023341924,0.31706913909874856,0.5561759301926941,0.7966910102404654,0.5086881993338466,0.5649575486313552,0.7667116562370211,19.02038758089436
0.90601488458924,0.8715199329890311,0.6255614350084215,0.8195782008115202,0.7673436079639941,0.4350882526487112,0.3244014009833336,0.5753137157298625,0.7941350787878036,0.24312381749041378,19.14304049008739
0.7593012051656842,0.3739939257502556,0.10162766021676362,0.5014604835305363,0.5856878904160112,0.9306215262040496,0.5601673112250865,0.9136015241965652,0.4522863873280585,0.03917766967788339,17.99986100899216
0.052953272592276335,0.5161704942584038,0.3199673022609204,0.7574547096155584,0.6107107067946345,0.6145883593708277,0.3243669990915805,0.49440175644122064,0.0535476126242429,0.7297632039990276,11.259481674511957
0.09153175074607134,0.3016456139739603,0.7995280816685408,0.6162166190333664,0.9214572936762124,0.1318289649207145,0.5087845439556986,0.2194669998716563,0.330370165174827,0.5852491187397391,13.53564633973877
0.9124069374520332,0.9556337422691286,0.24503893917426467,0.4562783516012132,0.8532192329876125,0.6889557149261236,0.6877609447110444,0.2034233242738992,0.20698564196936786,0.36365476134233177,15.168221800505467
0.44284554733894765,0.3665880812332034,0.43298312928527594,0.31533016124740243,0.040249251294881105,0.0026917136274278164,0.4921205211430788,0.26963607920333743,0.13727507484145463,0.801877967780456,8.432848733203729
0.9119707741774619,0.5208131007384509,0.23180651920847595,0.005222247447818518,0.23181781102903187,0.7535979328677058,0.2250616797246039,0.8327896017581224,0.33420878439210355,0.40219444036483765,12.62801935546859
0.18793289992026985,0.5578769457060844,0.6438515307381749,0.09654193092137575,0.787761713610962,0.9355236808769405,0.03660942683927715,0.05715585662983358,0.18800749443471432,0.39320417609997094,8.684612024524789
0.7915692909155041,0.05348200001753867,0.4175275778397918,0.9582073492929339,0.05766521766781807,0.4162392718717456,0.8125312146730721,0.3990480345673859,0.603246015496552,0.8623773544095457,10.810867452048281
0.678116271039471,0.9611428249627352,0.6933945058844984,0.19964360096491873,0.6729285672772676,0.5967337356414646,0.14467366272583604,0.4361226577311754,0.8143238059710711,0.7296136112418026,14.74229994642814
0.6800640190485865,0.11348153813742101,0.39572283951565623,0.11571239167824388,0.026466371957212687,0.48293832154013216,0.29400979238562286,0.009532258845865726,0.8185131389182061,0.5118126829620451,5.453447664615556
0.7707846781704575,0.117167609045282,0.7438919313717633,0.6914386134594679,0.9985257980879396,0.5351598982233554,0.54495066893287,0.15109487297013402,0.6583675942383707,0.9162446625996381,15.843534202625198
0.6928831553086638,0.7502463685814291,0.33711269148625433,0.06611149967648089,0.5539253754541278,0.4208199044223875,0.19273064262233675,0.6927055399864912,0.3398908535018563,0.26349761825986207,13.241055528678302
0.021236373810097575,0.9511495225597173,0.9301590416580439,0.47190110478550196,0.49367342912591994,0.28950904961675406,0.8916864055208862,0.4612846199888736,0.9940944064874202,0.44102774700149894,11.394028805948853
0.06139490916393697,0.09656060743145645,0.7123099784366786,0.4904602044261992,0.9452158513013273,0.14767233096063137,0.5062568562570959,0.9257399996276945,0.8923387236427516,0.7487509874626994,12.256581779824497
0.7853697119280696,0.3251183954998851,0.9366581772919744,0.02372018015012145,0.8364540240727365,0.5125612672418356,0.4123893247451633,0.9121808051131666,0.42158289928920567,0.004035808844491839,13.730894149999726
0.6738566807471216,0.38629083544947207,0.5576161600183696,0.6930257794447243,0.34495934774167836,0.989143195329234,0.7174951944034547,0.3539852655958384,0.599399111000821,0.939522048458457,16.129753806709434
0.20956961158663034,0.1520027006044984,0.2562309647910297,0.6869732269551605,0.373914806637913,0.5066514990758151,0.03950099181383848,0.7231769310310483,0.36901541613042355,0.6637352134566754,12.000309059029957
0.1268684344831854,0.33533872850239277,0.2227193252183497,0.5080129464622587,0.15014324779622257,0.024062786949798465,0.4496158298570663,0.9898269132245332,0.7152743909973651,0.06846301257610321,8.859890806983849
0.23792507033795118,0.6831962068099529,0.09441097243689,0.7095588282682002,0.3608981925062835,0.4441227591596544,0.9982872523833066,0.8702550125308335,0.6570230680517852,0.10553123406134546,16.966971309722272
0.09745489270426333,0.9287987339776009,0.576076713623479,0.3504003915004432,0.04838474467396736,0.592101599322632,0.8662433268036693,0.1660014281515032,0.037294145207852125,0.8101377729326487,8.293047694866686
0.5699220688547939,0.572218625806272,0.7339957545045763,0.4610199318267405,0.27194747352041304,0.326517739566043,0.07006328157149255,0.6026354383211583,0.2834394103847444,0.7242899145931005,17.25203932756003
0.28325694031082094,0.5465513325762004,0.022963676368817687,0.31020273524336517,0.5178838735446334,0.020457895705476403,0.18744681985117495,0.14236514340154827,0.8917143284343183,0.14640925684943795,13.28643619422966
0.8592510330490768,0.24601991404779255,0.15170659869909286,0.36716052470728755,0.5716830829624087,0.28494160575792193,0.9087052666582167,0.6217370419763029,0.7643476258963346,0.9986014952883124,16.60946140333905
0.9195173382759094,0.5646530813537538,0.4705048657488078,0.4662034697830677,0.24507702002301812,0.9622021778486669,0.9352354479487985,0.6420345299411565,0.7040545225609094,0.4217249574139714,16.718136641242893
0.0055629664566367865,0.6635652931872755,0.7999467379413545,0.7920020152814686,0.688648130511865,0.3741829835344106,0.8108718686271459,0.6829524857457727,0.9249585999641567,0.23496415163390338,12.196223997267666
0.49511294439435005,0.37802925682626665,0.9818635056726635,0.5093694666866213,0.9227021981496364,0.40253386087715626,0.5842727455310524,0.13245350681245327,0.2548346044495702,0.10777265834622085,19.79806321712746
0.5652567262295634,0.22508534463122487,0.5445535108447075,0.18814493506215513,0.1702858479693532,0.9681650311686099,0.9829039964824915,0.7266079224646091,0.18600315786898136,0.7266183765605092,5.227556656586304
0.5019175088964403,0.14527440001256764,0.7290091901086271,0.45268776873126626,0.2981958226300776,0.37010432640090585,0.3094348704908043,0.39481906150467694,0.6712526809424162,0.013040050398558378,8.374176307462553
0.02920366544276476,0.1992805413901806,0.6074694264680147,0.26179605000652373,0.2215973762795329,0.16745293815620244,0.08206527819857001,0.9631680967286229,0.7469530610833317,0.0916279461234808,3.9407002155628
0.3396488877478987,0.504814135376364,0.6857695444487035,0.706595471361652,0.9216830325312912,0.4755455260165036,0.35729513107798994,0.9876817069016397,0.9293349618092179,0.7382703139446676,18.05103687527979
0.6822188224177808,0.1551314126700163,0.36197683215141296,0.7081277582328767,0.9300421448424459,0.1860506609082222,0.20805171644315124,0.6634562544059008,0.47193838632665575,0.5319090913981199,15.0186162153012
0.46101560443639755,0.5582654066383839,0.20087498566135764,0.8684142220299691,0.971972216386348,0.2467917101457715,0.9509213618002832,0.0159343215636909,0.8335942104458809,0.49016591161489487,21.924945374080753
0.06005538650788367,0.44960814830847085,0.027195350266993046,0.6916833468712866,0.7792450212873518,0.3602730752900243,0.9902920965105295,0.6669913926161826,0.13478940934874117,0.5417846846394241,17.7907828155448
0.21465661749243736,0.44840706256218255,0.6668889571446925,0.11926473979838192,0.6344448321033269,0.12118026986718178,0.7693866409827024,0.4156189684290439,0.23263227916322649,0.011358141666278243,9.607722117228345
0.860525815282017,0.9552911405917257,0.44935910077765584,0.6813317637424916,0.10016839788295329,0.4533089455217123,0.4251147643662989,0.31006574677303433,0.6595406569540501,0.3003360948059708,12.551130729890478
0.5990547328256071,0.22002007253468037,0.4945511284749955,0.7168888438027352,0.24483630154281855,0.06838331185281277,0.9604304893873632,0.42415225808508694,0.05273751053027809,0.2096967319957912,12.38816591449681
0.0823432169854641,0.028568696230649948,0.1262764239218086,0.500337164150551,0.9710314883850515,0.8730423592496663,0.9714649086818099,0.1973237181082368,0.8428116424474865,0.5464186975732446,11.292307942430872
0.45926656830124557,0.795475116930902,0.6760840697679669,0.7340761506929994,0.6191612035036087,0.46277976012788713,0.4141098491381854,0.980191090842709,0.34072762401774526,0.3085606044624001,20.49442228533674
0.24198529310524464,0.2438038911204785,0.7404120673891157,0.8175431122072041,0.7227022091392428,0.7217679065652192,0.7026015850715339,0.748440065421164,0.7931771101430058,0.8773801631759852,16.09350489399027
0.33155451342463493,0.5194545988924801,0.13847193401306868,0.7478109449148178,0.41411614161916077,0.12348538567312062,0.37329170224256814,0.8410667162388563,0.08340725814923644,0.556680214125663,17.71051081046933
0.10747614037245512,0.9199098118115216,0.11700949305668473,0.8419882783200592,0.29512827889993787,0.18713413551449776,0.4330504657700658,0.7679889053106308,0.0042954920791089535,0.2517355210147798,14.873663450098126
0.3754865664523095,0.8043106435798109,0.024129744619131088,0.7124226696323603,0.47873968514613807,0.6682672754395753,0.9415943883359432,0.9552151376847178,0.7361882284749299,0.7580849013756961,20.230825566133504
0.5436444971710443,0.46729841362684965,0.009983525844290853,0.20056040561757982,0.14410044951364398,0.3673091728705913,0.6329422383569181,0.740027004852891,0.44397293706424534,0.18500508042052388,14.898994516851108
0.3902341842185706,0.9299339218996465,0.6199569813907146,0.8569450911600143,0.4683178898412734,0.060207297559827566,0.9327894875314087,0.9578045234084129,0.7740304376929998,0.2624639163259417,20.715134034309074
0.2511668324004859,0.20270295371301472,0.4857661968562752,0.3157068726141006,0.28202556842006743,0.9548944267444313,0.9893160827923566,0.5049920689780265,0.483802302274853,0.4555586609058082,6.708991233272881
0.9771347967907786,0.6411234359256923,0.31139090610668063,0.8017114314716309,0.7582931637298316,0.14373716549016535,0.8378002259414643,0.38352975342422724,0.19482865557074547,0.515974395442754,22.169556865410236
0.30811971658840775,0.300802705809474,0.9777941652573645,0.10770628694444895,0.5026583911385387,0.5803042731713504,0.9355557775124907,0.6904384787194431,0.06557943485677242,0.9071928258053958,12.047858791171617
0.6626368307042867,0.4079313345719129,0.2297835755161941,0.07225838326849043,0.5862665544264019,0.9537965536583215,0.6201492587570101,0.171850053826347,0.010893952334299684,0.6707337601110339,11.454806535491304
0.8599779673386365,0.05288808676414192,0.5102415385190398,0.3838372372556478,0.8934579251799732,0.9539530950132757,0.6080683311447501,0.9017847205977887,0.9386971644125879,0.2752944314852357,10.051879254089974
0.5362238858360797,0.4006514565553516,0.8474266994744539,0.8192765347193927,0.09988572145812213,0.29155358439311385,0.27696140948683023,0.7676841600332409,0.8831926684360951,0.0598146291449666,17.72055518644939
0.5640807189047337,0.09432494966313243,0.6637272061780095,0.2634319239296019,0.817872644867748,0.17245304258540273,0.3896903849672526,0.5066409877035767,0.16634525451809168,0.7222154890187085,6.849341807974935
0.16416689567267895,0.9068786106072366,0.12460703635588288,0.7589788495097309,0.7812045952305198,0.9051742982119322,0.7970585667062551,0.06689528934657574,0.7370824187528342,0.007314337184652686,18.90652429051716
0.3172367010265589,0.8473018410149962,0.6333660518284887,0.424324783263728,0.6049173949286342,0.8689111259300262,0.758766800398007,0.8817611252889037,0.6761473275255412,0.22146562859416008,15.837253167606404
0.46299609588459134,0.31380602647550404,0.0001922203227877617,0.2574618973303586,0.9825092938262969,0.5085285215172917,0.17091447650454938,0.2811846036929637,0.6218051293399185,0.2859351031947881,17.746245948241608
0.4991573893930763,0.5333015469368547,0.0034706818405538797,0.7505538067780435,0.27283607120625675,0.6181061125826091,0.5212184088304639,0.007109216880053282,0.2851405036635697,0.09395431447774172,21.06481599198799
0.22119977185502648,0.5414144543465227,0.7236072719097137,0.6065348989795893,0.13398339645937085,0.9313303926028311,0.01991417841054499,0.5280748796649277,0.628579122480005,0.9708096233662218,10.540540104349237
0.888891760725528,0.9517866345122457,0.3082768698222935,0.3670641661155969,0.12765249679796398,0.3785289339721203,0.870482892729342,0.3278078755829483,0.40719376178458333,0.6585640988778323,9.223504499606584
0.5243819146417081,0.7368483485188335,0.27181016211397946,0.2371096967253834,0.6205869971308857,0.9495935228187591,0.5000944279599935,0.5092264423146844,0.5478765193838626,0.13186275609768927,15.197710701959005
0.7055453057400882,0.9613502365536988,0.8353302965406328,0.5671256456989795,0.3814726306591183,0.2369626872241497,0.791378344874829,0.03729208302684128,0.6964485412463546,0.019823818234726787,17.98943978623334
0.9484379906207323,0.17290517687797546,0.4315516143105924,0.4519628481939435,0.07932431739754975,0.034877722384408116,0.8333662878721952,0.9899442917667329,0.47986984392628074,0.09347190009430051,10.223583981732437
0.02197225601412356,0.5174481100402772,0.24174501770175993,0.25772919366136193,0.5938210925087333,0.6158621211070567,0.5453220878262073,0.6457557932008058,0.35434455471113324,0.8464908981695771,7.694683817509892
0.24448676640167832,0.5911870358977467,0.7705897050909698,0.5136586083099246,0.7272007358260453,0.6769194405060261,0.32683227048255503,0.15947388694621623,0.7139263993594795,0.8630576333962381,13.508345401325357
0.6610019507352263,0.7348539824597538,0.6640812391415238,0.23314546910114586,0.771835899213329,0.46600645943544805,0.8640253683552146,0.3113023638725281,0.5688891948666424,0.7096945906523615,15.573516251737946
0.48063005693256855,0.41222819220274687,0.015496645821258426,0.6999691715463996,0.6960069800261408,0.4371122510638088,0.10703597636893392,0.7316140849143267,0.8200042655225843,0.005352099658921361,20.03152865684606
0.33119443198665977,0.007297385483980179,0.5967899069655687,0.3139683639165014,0.2269304054789245,0.06616703444160521,0.5229314335156232,0.4658888881094754,0.41762966895475984,0.47899317066185176,5.295183044627597
0.15174236870370805,0.7145617250353098,0.0563495228998363,0.029427328845486045,0.07159688998945057,0.5088247114326805,0.1388219476211816,0.2596772746182978,0.19894740567542613,0.3410609259735793,7.771254932336175
0.8479717473965138,0.550857596565038,0.21130652073770761,0.04588570282794535,0.7583642830140889,0.7068916040007025,0.2550614767242223,0.5190182428341359,0.19700580020435154,0.4502646126784384,15.870650738856902
0.5650667469017208,0.4836653284728527,0.5433583005797118,0.4524824589025229,0.4161390191875398,0.7022237286437303,0.7883565586525947,0.5399253794457763,0.6425490989349782,0.8971181272063404,13.173604308209763
0.7357215327210724,0.35233280807733536,0.42863520607352257,0.5988203703891486,0.3940031575039029,0.0880944321397692,0.8790764226578176,0.8119127585086972,0.732367834309116,0.9481194561813027,14.613728456903091
0.8483172804117203,0.44979047193191946,0.5708677333313972,0.33252010541036725,0.7491572087164968,0.2984301357064396,0.7269423559773713,0.6478807942476124,0.4181078732945025,0.6710653223562986,16.284487068581754
0.16475232760421932,0.02474620519205928,0.846501978347078,0.6475925026461482,0.778944447869435,0.8799672678578645,0.037612052634358406,0.22349594486877322,0.6488921847194433,0.02325736405327916,11.725732693789297
0.019854608457535505,0.7291725554969162,0.7990794775541872,0.3268586734775454,0.1667849945370108,0.2739063147455454,0.035791537491604686,0.8605205512139946,0.09335393109358847,0.32632410642690957,8.291801746245538
0.5192353862803429,0.6170916790142655,0.37851497577503324,0.7521559249144047,0.5813175165094435,0.8135234331712127,0.5886921922210604,0.003291302127763629,0.17742684646509588,0.7387237213551998,18.40172656305424
0.7646638615988195,0.8129136762581766,0.8948370532598346,0.23123146663419902,0.47182241175323725,0.04174250550568104,0.4202532221097499,0.688265300123021,0.38700125995092094,0.06750814826227725,15.72186725291584
0.27277729264460504,0.01525388821028173,0.7007933468557894,0.4152603435795754,0.053431581472977996,0.5393907569814473,0.45679807756096125,0.4959548369515687,0.4328037903178483,0.36329517350532115,5.234812928809041
0.34691430698148906,0.21224329201504588,0.11732992972247303,0.8766013740096241,0.5365737860556692,0.9665539034176618,0.38020111504010856,0.9311732838395983,0.17209814977832139,0.34693125868216157,17.18393232716641
0.9732771273702383,0.18798864702694118,0.7441504350863397,0.7355333704035729,0.8464515034575015,0.17472443729639053,0.28681619046255946,0.12019192706793547,0.8775772990193218,0.8424398472998291,17.16400695155278
0.45772205176763237,0.8558222746942192,0.8789671210106462,0.8029916300438344,0.3714914976153523,0.9722190417815,0.9054172730538994,0.6296390776988119,0.4875005418434739,0.09329931857064366,23.339796991652523
0.2386636664159596,0.7951018034946173,0.7290830104611814,0.2303584418259561,0.9382961688097566,0.17949822405353189,0.40205384278669953,0.3355658238288015,0.4527335518505424,0.13265370717272162,12.25854686173464
0.299017216777429,0.12432228145189583,0.21029569394886494,0.21708360454067588,0.35257312608882785,0.002028615912422538,0.38298355462029576,0.617996689165011,0.230577711481601,0.3173527540639043,8.853468294464117
0.17669658386148512,0.13664751267060637,0.6579803170170635,0.2736644111573696,0.09853608370758593,0.0661108607891947,0.260525519028306,0.8755841332022101,0.6373817673884332,0.23003249382600188,4.160252599878099
0.09303006436675787,0.13587746815755963,0.36721862154081464,0.17586578358896077,0.43473484087735415,0.1179772533942014,0.41900530573911965,0.32620937074534595,0.6317643246147782,0.913134140195325,2.85458712553359
0.17932323087006807,0.40249418444000185,0.32432578853331506,0.47016753582283854,0.27910664048977196,0.9165362834464759,0.22564477450214326,0.05693674087524414,0.6931257084943354,0.09236843511462212,7.65854785748094
0.39802031801082194,0.9176883625332266,0.38278086367063224,0.42000185255892575,0.7401171675883234,0.3895053192973137,0.37254565581679344,0.4855549191124737,0.6883232230320573,0.41743589704856277,15.606658995069875
0.8247530602384359,0.2813430514652282,0.40664383745752275,0.6109264539554715,0.3023665037471801,0.8544066974427551,0.43987500946968794,0.800387448631227,0.224820472067222,0.6849163984879851,14.01529670886452
0.5937996166758239,0.58247388782911,0.2106113201007247,0.2226865345146507,0.5293087656609714,0.22371193044818938,0.24888988840393722,0.9448822415433824,0.7035049211699516,0.8747293178457767,15.83396165345873
0.831953028216958,0.14525544620119035,0.16692167916335166,0.7877444897312671,0.6151326920371503,0.3725231634452939,0.17072769138030708,0.47226583445444703,0.578820081660524,0.9955028253607452,16.116833599495806
0.8185435659252107,0.7459523149300367,0.24198842816986144,0.9488361272960901,0.372584338998422,0.48517869086936116,0.21253016963601112,0.9338227943517268,0.8502949089743197,0.5642135674133897,22.38866861461986
0.12702120328322053,0.6512873908504844,0.2258944041095674,0.6580114355310798,0.6111726304516196,0.5948681295849383,0.6544027656782418,0.4098513650242239,0.13260343973524868,0.28456383384764194,13.145542017410762
0.06031094747595489,0.9406632916070521,0.6279849028214812,0.18595012719742954,0.48354938346892595,0.19184940354898572,0.6277036967221648,0.24468929809518158,0.3545666488353163,0.13046325114555657,6.882254836593454
0.4055941994301975,0.5882193113211542,0.46563128056004643,0.5677949243690819,0.2660958985798061,0.831256914883852,0.9946250142529607,0.8105133716017008,0.6901253478135914,0.3582901549525559,15.024259648635452
0.7384620178490877,0.5400160606950521,0.042537208180874586,0.17920580320060253,0.3203897827770561,0.6553919962607324,0.9570650972891599,0.12668833835050464,0.08462755451910198,0.5385427980218083,16.416620663090498
0.9284812619443983,0.9463485674932599,0.6866091068368405,0.8652331717312336,0.13232327881269157,0.560890452703461,0.5543727125041187,0.8053664064500481,0.6910891477018595,0.6868699875194579,12.780280573484143
0.8400461622513831,0.66970389848575,0.9281400095205754,0.9932459690608084,0.6477920906618237,0.7478955204132944,0.17696993588469923,0.31026998977176845,0.38786143041215837,0.40799756348133087,28.978567007007662
0.09548429725691676,0.9472901301924139,0.6747061212081462,0.8474104981869459,0.24479216104373336,0.32979001803323627,0.9078547132667154,0.7850698768161237,0.8013356449082494,0.514821819961071,13.013010220453097
0.4985971173737198,0.639702305663377,0.8934533616993576,0.7961616474203765,0.2075545359402895,0.9126868101302534,0.5374430031515658,0.7736688514705747,0.20458424417302012,0.26046484732069075,20.03306793067412
0.13182462705299258,0.4982187987770885,0.31692373007535934,0.3791611206252128,0.1950356017332524,0.19409787678159773,0.8537122716661543,0.062292133225128055,0.16663442086428404,0.6983049393165857,6.435313651733763
0.6817082851193845,0.61940349615179,0.24855957413092256,0.5579250555019826,0.8861077213659883,0.13797303661704063,0.5011950777843595,0.750475853215903,0.07235327851958573,0.9242992224171758,20.774767475509822
0.11884831986390054,0.5628544972278178,0.9347626676317304,0.6679156930185854,0.20045757363550365,0.929452883079648,0.28732491517439485,0.10182053339667618,0.7145620696246624,0.6165538518689573,13.711224396698166
0.9791248424444348,0.5248386387247592,0.6284290801268071,0.6150882155634463,0.4626593361608684,0.010779069969430566,0.9758852606173605,0.42475330573506653,0.47531634219922125,0.893801546888426,19.146028082921347
0.33401396172121167,0.31121561652980745,0.2789148623123765,0.18520380114205182,0.9997595294844359,0.05843664659187198,0.525834838161245,0.6449505179189146,0.6437387554906309,0.2420794046483934,11.39092287819828
0.11630341992713511,0.19880362739786506,0.3720984284300357,0.12987409811466932,0.9171945592388511,0.9277218442875892,0.718392396112904,0.9537772899493575,0.0659522176720202,0.6530453767627478,8.267808546910087
0.4761246992275119,0.753351675812155,0.6083600521087646,0.3829547706991434,0.6167152265552431,0.6099446341395378,0.20654628216288984,0.3283525912556797,0.34377163741737604,0.9539129708427936,15.113257295669241
0.9902946997899562,0.4162949009332806,0.46990631124936044,0.8658193238079548,0.28880349500104785,0.9807910446543247,0.9569101543165743,0.6790961942169815,0.08380981767550111,0.19633460091426969,19.511568018253918
0.35804822435602546,0.21826336882077157,0.5921852146275342,0.866185812978074,0.3338892974425107,0.7387022704351693,0.038256630999967456,0.5416002334095538,0.33891928335651755,0.41935033444315195,11.810693810483789
0.9063359384890646,0.4936272441409528,0.4519531650003046,0.12969404109753668,0.44965567509643734,0.5125230657868087,0.9914961662143469,0.5604733841028064,0.294342621229589,0.2417806216981262,14.231674738253203
0.7162747983820736,0.4092088043689728,0.15071661886759102,0.775616995524615,0.8889641375280917,0.5977399745024741,0.3049767450429499,0.5790497891139239,0.46245322562754154,0.9535762397572398,22.353041221613772
0.6363759662490338,0.9128890787251294,0.9504085574299097,0.9167164859827608,0.6503010264132172,0.7213220968842506,0.666646299418062,0.4164127414114773,0.9150298042222857,0.8999273027293384,27.340574794468424
0.3262816658243537,0.8771133171394467,0.9252529346849769,0.44254529057070613,0.3124259680043906,0.4510096919257194,0.9106514994055033,0.9980136123485863,0.8757279058918357,0.7772000273689628,17.598190558588023
0.11175127001479268,0.9561725954990834,0.8298214932437986,0.9652642498258501,0.7097743963822722,0.8092605641577393,0.737415794050321,0.47013747901655734,0.6305815745145082,0.13350305543281138,19.627507364444327
0.03433619765564799,0.024008289212360978,0.2633592968340963,0.2695581160951406,0.8565207857172936,0.0015929145738482475,0.3463683701120317,0.3307213329244405,0.027913676807656884,0.25414284178987145,7.561443473505306
0.39286304265260696,0.2090680410619825,0.3049522084183991,0.3506880975328386,0.892109937267378,0.5453415126539767,0.30677134543657303,0.41083213430829346,0.038490802282467484,0.2938587013632059,11.558129113902416
0.5948222293518484,0.38380081788636744,0.016521845245733857,0.0842572352848947,0.3074326647911221,0.4693488576449454,0.7377526806667447,0.3467337142210454,0.18605762207880616,0.8994543976150453,13.955686225812599
0.12008111109025776,0.45170943508856,0.15243702265433967,0.8861031858250499,0.7608392790425569,0.21892369934357703,0.45564499660395086,0.5415306398645043,0.5564166174735874,0.028610540088266134,17.3090602320392
0.4267159481532872,0.93893300765194,0.9468496257904917,0.1889718233142048,0.8159078683238477,0.7428011188749224,0.8264832319691777,0.8049990616273135,0.3178987472783774,0.9371517349500209,20.47409424289481
0.4343509301543236,0.11865068646147847,0.031095184152945876,0.20277838758192956,0.18551392666995525,0.24918558495119214,0.9190014596097171,0.46322815073654056,0.721720491303131,0.6624604936223477,9.848954761237318
0.4031784632243216,0.812206125119701,0.13716566166840494,0.8891212451271713,0.670405185315758,0.1430149720981717,0.24210014380514622,0.4145892742089927,0.6282545912545174,0.7147822389379144,23.024026194008957
0.04289976600557566,0.3351108080241829,0.7370258837472647,0.5960462046787143,0.529926931951195,0.44947109348140657,0.631195749854669,0.04891189304180443,0.898034728365019,0.1548805923666805,9.503532090426633
0.3243463532999158,0.31316250236704946,0.88785280007869,0.36188634880818427,0.12612350867129862,0.8072034900542349,0.6450734133832157,0.2063851705752313,0.14797941781580448,0.7803716631606221,10.923366563896623
0.6077602542936802,0.03625119780190289,0.35473408573307097,0.161607148591429,0.0405421769246459,0.5813827307429165,0.9083224860951304,0.6894941767677665,0.6964504092466086,0.9990554635878652,4.465620481533117
0.7675815992988646,0.9990551406517625,0.7113119405694306,0.7867215457372367,0.7119010975584388,0.6120286618825048,0.009818672901019454,0.5035055174957961,0.36263312259688973,0.7984805721789598,19.554912912095233
0.8840239038690925,0.5040379222482443,0.8629591993521899,0.7921547894366086,0.5651206925977021,0.24255048180930316,0.6832259565126151,0.2924325449857861,0.9863871883135289,0.8596939574927092,22.424845430082964
0.27052914071828127,0.5226528183557093,0.3448243453167379,0.9510699822567403,0.9253098545596004,0.23704124800860882,0.10683908290229738,0.16636485722847283,0.9549661786295474,0.6571305121760815,19.033873905416247
0.031215242808684707,0.9678946735803038,0.588481823913753,0.9726154415402561,0.2349213829729706,0.4991606662515551,0.24214901984669268,0.7298660108353943,0.16676654992625117,0.7687959019094706,11.688657478775594
0.2710712286643684,0.9000964113511145,0.7808607523329556,0.11929453490301967,0.33294048020616174,0.8659415282309055,0.9398651432711631,0.7231192118488252,0.09493995225057006,0.661102537997067,10.687689648105044
0.4559938923921436,0.31194892432540655,0.6344584550242871,0.4221512218937278,0.6494871692266315,0.4011000250466168,0.4438114892691374,0.931572878966108,0.7343487138859928,0.5815193501766771,11.744257332781192
0.10634007910266519,0.664692600723356,0.8017928970512003,0.7365245327819139,0.5132215078920126,0.04914846969768405,0.25956080248579383,0.8896591675002128,0.803226879099384,0.6772442643996328,16.403615900036673
0.9003691386897117,0.1638516050297767,0.6483355939853936,0.13854278717190027,0.27059008181095123,0.0822282216977328,0.9048347168136388,0.4594224989414215,0.3327884094323963,0.6631097740028054,7.124944364626448
0.6527253980748355,0.1790279026608914,0.6785358441993594,0.06186886294744909,0.49990763794630766,0.10053893318399787,0.70312454784289,0.5194008061662316,0.7616458549164236,0.6343530907761306,9.613281212294678
0.8291017641313374,0.5919791990891099,0.7328274899628013,0.8636773545295,0.8695536246523261,0.1920706166420132,0.36126698553562164,0.4871870861388743,0.1768726254813373,0.5472029855009168,25.266783561840885
0.6325275462586433,0.75011256034486,0.7197363225277513,0.6567498915828764,0.15094967908225954,0.04500242858193815,0.9479550060350448,0.058958993293344975,0.4523780099116266,0.39308381523005664,19.264345201966883
0.40816032071597874,0.8517191808205098,0.8776860169600695,0.2998643396422267,0.2840377490501851,0.9403533609583974,0.18231062986887991,0.34814818669110537,0.5224991580471396,0.6421273094601929,17.17036866582911
0.07166533265262842,0.3540759771130979,0.40356484218500555,0.7302897633053362,0.40512564801611006,0.021802468225359917,0.442404504166916,0.7703417029697448,0.4041436552070081,0.7344379953574389,10.593711003586936
0.8679541680030525,0.19180728727951646,0.5901769632473588,0.11262050457298756,0.17838782770559192,0.18509630556218326,0.2815326047129929,0.33469378016889095,0.43906546477228403,0.23080169991590083,8.307317874019194
0.7403984884731472,0.3817656694445759,0.15117893810383976,0.7094270312227309,0.20415911031886935,0.7925829193554819,0.513966093538329,0.33986412244848907,0.18784562894143164,0.48157250438816845,17.95093093737669
0.6502258062828332,0.7209164598025382,0.29772017570212483,0.11334138363599777,0.1009865328669548,0.3121275878511369,0.15942911291494966,0.5542331174947321,0.8691096005495638,0.8311720597557724,12.278230323111336
0.403340024407953,0.2471852945163846,0.13429539767093956,0.3530430814716965,0.02457709633745253,0.6878318376839161,0.3949172494467348,0.042485734447836876,0.8336979509331286,0.9708765412215143,9.661405379769592
0.30836056428961456,0.9352392968721688,0.816566399531439,0.660564670804888,0.07471984811127186,0.6727524367161095,0.33119122101925313,0.47738798847422004,0.008382879197597504,0.8111480500083417,16.23513730214123
0.6377959016244859,0.03325928864069283,0.4457277450710535,0.9970518935006112,0.9235397835727781,0.23433174844831228,0.5732974053826183,0.3720398747827858,0.8858868719544262,0.6845538697671145,15.29075499801584
0.41467749886214733,0.9036939970683306,0.3884427510201931,0.7628653778228909,0.4617596419993788,0.14568664808757603,0.17361046886071563,0.11235060566104949,0.7817154719959944,0.6041412390768528,19.004473792760038
0.8087727474048734,0.46668981038965285,0.0454200345557183,0.22387801948934793,0.8047221477609128,0.008743508718907833,0.20728249941021204,0.9792120156344026,0.20940117514692247,0.5521636356133968,19.862969292091947
0.7506907053757459,0.2077782650012523,0.10727437189780176,0.48308447375893593,0.4804143647197634,0.9322904015425593,0.8217441220767796,0.4319592546671629,0.08455472066998482,0.04469385766424239,14.265578030367802
0.973724658600986,0.9959690845571458,0.7442903011105955,0.23313379334285855,0.16879275627434254,0.15918735577724874,0.9109723004512489,0.3857867226470262,0.024060585536062717,0.9132935726083815,6.157218546590663
0.04841490229591727,0.07405768521130085,0.3398590045981109,0.3071105685085058,0.2877896835561842,0.4959621934685856,0.9257644466124475,0.8851923164911568,0.6042723613791168,0.9149130708537996,5.879989954330767
0.6199690448120236,0.12424469669349492,0.0006753241177648306,0.2505893425550312,0.5746201814617962,0.6319193129893392,0.6801650100387633,0.7279363323468715,0.4980426544789225,0.1274629095569253,15.364698154192137
0.38426028774119914,0.8093662532046437,0.739102793391794,0.8486062858719379,0.5874698914121836,0.6610474037006497,0.5558761791326106,0.9622485134750605,0.7997410327661783,0.08528327569365501,20.859267629875614
0.14973748591728508,0.26187433721497655,0.5892787985503674,0.47377402521669865,0.8896812442690134,0.35031097498722374,0.7212243443354964,0.17566769290715456,0.2335301216226071,0.184808588353917,11.279383762348244
0.26180275809019804,0.5839260290376842,0.6385406348854303,0.26967918523587286,0.5476044151000679,0.45970970881171525,0.375206372467801,0.5568395578302443,0.3797505453694612,0.09870890900492668,8.976542004638203
0.08861621771939099,0.4355740952305496,0.3359943274408579,0.5606060100253671,0.18959921831265092,0.6558763033244759,0.5362737267278135,0.6992832869291306,0.8243413809686899,0.05958500341512263,8.011551100489601
0.5964764740783721,0.5122247182298452,0.6296713468618691,0.05576361226849258,0.8746470692567527,0.5672628812026232,0.8521113945171237,0.4084419230930507,0.6037592059001327,0.08335290476679802,13.707770746019467
0.7677943906746805,0.2452483254019171,0.23519584932364523,0.6645058426074684,0.5767044976819307,0.27228093799203634,0.6479123514145613,0.8076138314791024,0.9336043656803668,0.22017344855703413,17.28923750316673
0.7016436634585261,0.3208014261908829,0.6388647512067109,0.9726229517254978,0.30908525828272104,0.17862338782288134,0.809791769599542,0.06468858337029815,0.68163295625709,0.14784269011579454,18.53658125189915
0.7741869613528252,0.8904625808354467,0.50083052017726,0.5007091194856912,0.08405314036644995,0.6981479867827147,0.4024603229481727,0.5772969743702561,0.18226250843144953,0.24144576187245548,15.063609648014754
0.3402257307898253,0.8243345534428954,0.8393635987304151,0.184005921240896,0.23447318724356592,0.6339637138880789,0.7591555383987725,0.639411848038435,0.18459139368496835,0.813927689101547,11.504800217371066
0.8076171525754035,0.20689016510732472,0.9647788535803556,0.9724873236846179,0.8432751982472837,0.822960510617122,0.802461949409917,0.07553107058629394,0.22046726429834962,0.7570800592657179,25.042337052226827
0.2183004084508866,0.5925952014513314,0.13473429391160607,0.26450619217939675,0.6219245516695082,0.49365366413258016,0.048845620127394795,0.28648280538618565,0.6109671522863209,0.33068147767335176,11.28322047504177
0.9962952777277678,0.22888664063066244,0.8859981328714639,0.840572040528059,0.26874011545442045,0.5369404731318355,0.3947912056464702,0.5417727418243885,0.5883783679455519,0.1592014094348997,18.042086169728325
0.8545175837352872,0.002617513295263052,0.71372159733437,0.6989084454253316,0.07837373577058315,0.6503858158830553,0.26354216085746884,0.966072630835697,0.30962725449353456,0.8369772853329778,10.08154666842669
0.9294588894117624,0.9224377754144371,0.8410263974219561,0.33802835922688246,0.16606570198200643,0.417627067072317,0.9116222311276942,0.8659645775333047,0.7922996252309531,0.7981189438141882,10.033667172552857
0.06445188377983868,0.9465373824350536,0.27891257824376225,0.2554442116525024,0.4409667789004743,0.05146884126588702,0.7635963635984808,0.7219718636479229,0.47195988171733916,0.2646972283255309,8.135285658142678
0.43342135939747095,0.9482082256581634,0.12350849923677742,0.12747563212178648,0.8942560954019427,0.7255900194868445,0.11327661690302193,0.8237308834213763,0.8680721253622323,0.7259218133985996,20.292375976483367
0.12675185222178698,0.2718892253469676,0.7805434644687921,0.5323545495048165,0.0839437807444483,0.768827294697985,0.7166735604405403,0.6276344934012741,0.6556362621486187,0.555847387528047,8.385996966115748
0.7093919371254742,0.610303592402488,0.29985291324555874,0.4115085818339139,0.6178515236824751,0.33621887443587184,0.47891692933626473,0.6429018680937588,0.10416873008944094,0.30933748511597514,17.91915623651023
0.42615933530032635,0.365515440935269,0.6771231577731669,0.7292305012233555,0.4444385461974889,0.11792946583591402,0.6715434801299125,0.037215921096503735,0.23684481694363058,0.9735597097314894,15.864864166002965
0.9746975598391145,0.13788357190787792,0.942769933026284,0.2110059531405568,0.3744939831085503,0.7011329783126712,0.31829368113540113,0.9921496117021888,0.20879074023105204,0.5863509867340326,10.974161359058979
0.7469962099567056,0.5386539017781615,0.7707926291041076,0.1703589225653559,0.09534835699014366,0.3385799990501255,0.07052395632490516,0.32100284192711115,0.9807583803776652,0.9288583532907069,13.261435228109832
0.05452431691810489,0.9352750140242279,0.8315795282833278,0.4890155449975282,0.31671350565738976,0.6400538107845932,0.17984642065130174,0.18871828587725759,0.504057344282046,0.4377847448922694,12.571405186141781
0.009271051501855254,0.4191491154488176,0.09124868456274271,0.4465938713401556,0.5541958310641348,0.3418313234578818,0.6644692986737937,0.5731002592947334,0.40052405023016036,0.6377886063419282,9.67635246998221
0.18960625398904085,0.892517642583698,0.7730168579146266,0.3716147707309574,0.6665982594713569,0.48095208080485463,0.3038058113306761,0.8114903115201741,0.29084082040935755,0.1732824742794037,13.628012019617243
0.3244179175235331,0.08428048831410706,0.8832335192710161,0.021804398158565164,0.8821746383327991,0.12358315568417311,0.5172380143776536,0.005014718510210514,0.7137654896359891,0.9290900169871747,8.96845278982939
0.2542833383195102,0.2659509191289544,0.2996701772790402,0.9033804864156991,0.17969357455149293,0.1683737935964018,0.6866702127736062,0.6205026609823108,0.7840219743084162,0.25171571411192417,13.877168882649176
0.048562070820480585,0.10769366472959518,0.8812872173730284,0.5081147958990186,0.4171677592676133,0.7067667711526155,0.2343292215373367,0.0348435714840889,0.6131886935327202,0.08115294808521867,9.74979502218129
0.2189350847620517,0.8618688713759184,0.3814534053672105,0.6477996511384845,0.4052284874487668,0.7967153093777597,0.9570323897060007,0.11299164895899594,0.5891385341528803,0.2919582410249859,14.917885555983462
0.546369218500331,0.39571075374260545,0.2442372590303421,0.003197538899257779,0.23094320902600884,0.28407522197812796,0.651732136728242,0.21666469145566225,0.247124649817124,0.459557342575863,8.322935346484824
0.9411980255972594,0.23614009516313672,0.9552800189703703,0.6697757416404784,0.3867887023370713,0.983014069031924,0.7337197277229279,0.9291867900174111,0.12400596076622605,0.22202999307774007,20.19595404083629
0.30026642535813153,0.00808845809660852,0.135323669295758,0.8238738176878542,0.7545608801301569,0.5500707833562046,0.5650629387237132,0.8277771468274295,0.4235229061450809,0.8061932784039527,13.618311990692149
0.7691042905207723,0.7121503518428653,0.5726097684819251,0.28572392859496176,0.9061406999826431,0.9157743211835623,0.6866602040827274,0.7497933045960963,0.5928462129086256,0.769214681815356,15.89018312108082
0.48436333634890616,0.9580749082379043,0.7796426175627857,0.15724261198192835,0.8652714537456632,0.2600999928545207,0.9314054395072162,0.5467487773858011,0.3365861517377198,0.11466118996031582,18.388604994776685
0.009738648543134332,0.5530979526229203,0.68709551775828,0.11621478968299925,0.8752134975511581,0.66211715224199,0.4876458167564124,0.636811651289463,0.5398099585436285,0.06342332134954631,6.460514344852314
0.16462552198208869,0.6368589857593179,0.945845304755494,0.030232533812522888,0.9003833141177893,0.3775277661625296,0.29194884304888546,0.0901076861191541,0.9857993053738028,0.4702379023656249,12.184408507981965
0.3308828570879996,0.011977937771007419,0.017073504626750946,0.5895190392620862,0.8861585764680058,0.6969874580390751,0.9919592957012355,0.6745346901006997,0.2648745907936245,0.11109101749025285,17.349426677428966
0.24969649128615856,0.9898127198684961,0.36544025177136064,0.7945638715755194,0.7122309247497469,0.4277513169217855,0.6172213472891599,0.7823599348776042,0.1748116873204708,0.34317632066085935,18.692804156887284
0.03647592617198825,0.5861817251425236,0.31511133909225464,0.9674299589823931,0.28187400335446,0.9796849393751472,0.07000072812661529,0.8580393339507282,0.860014213481918,0.19861169392243028,13.288687130062572
0.7157294740900397,0.7302681424189359,0.7948841736651957,0.6756237193476409,0.283142214640975,0.6528268116526306,0.8735442832112312,0.8843062748201191,0.4942550698760897,0.9084545897785574,21.485918560320577
0.6939589066896588,0.9101014914922416,0.9725178647786379,0.550635993713513,0.907305602915585,0.4922565689776093,0.8669907886069268,0.45463912258856,0.28457216126844287,0.4935957200359553,23.398331395154035
0.756260373396799,0.4005338647402823,0.7754441774450243,0.929199944017455,0.9342452585697174,0.30277451127767563,0.5327689580153674,0.3509885831736028,0.09855767036788166,0.6826380402781069,22.737663618632965
0.8735311657655984,0.8235459534917027,0.4789400175213814,0.6059164912439883,0.458266336703673,0.38527113874442875,0.3918605111539364,0.4138647320214659,0.07454152894206345,0.663743871031329,15.768451537651536
0.14805908221751451,0.14496271149255335,0.6635016049258411,0.41400647978298366,0.811652280157432,0.011582928011193871,0.40232242085039616,0.011817109771072865,0.12184676341712475,0.7640782182570547,9.579066474446671
0.022407374577596784,0.1572279657702893,0.6265430450439453,0.25203032582066953,0.8192244486417621,0.6403747571166605,0.018590532010421157,0.5960863898508251,0.39900382421910763,0.8505038900766522,6.82039694742284
0.5254748708102852,0.7239945998881012,0.2944562982302159,0.21532124909572303,0.30571142630651593,0.9964207243174314,0.6597870693076402,0.8981347340159118,0.3655488786753267,0.7943506767041981,12.539700274167618
0.566561491927132,0.5527505457866937,0.24722976121120155,0.8151210534851998,0.10829431493766606,0.3865570432972163,0.6325448809657246,0.37321676476858556,0.6832363666035235,0.872426676331088,18.2179079938858
0.011883867904543877,0.8706132709048688,0.46649184753187,0.24782299203798175,0.9521120116114616,0.4849489133339375,0.685576360905543,0.8684587806928903,0.7739398232661188,0.44806956476531923,8.178545395637302
0.2518730671145022,0.8509890644345433,0.040016553131863475,0.09824511152692139,0.22995235514827073,0.478202398866415,0.9394456089939922,0.987921237712726,0.6055057751946151,0.1891519722994417,12.63604783558487
0.818514606449753,0.03733791830018163,0.7605406264774501,0.10551186767406762,0.3978808724787086,0.7560582153964788,0.30178239149972796,0.27313507883809507,0.5286674634553492,0.571253230329603,5.865154156127713
0.7639181709382683,0.6307788484264165,0.6110032047145069,0.8731573694385588,0.40861661662347615,0.5878393154125661,0.03945738961920142,0.15470055816695094,0.9013836705125868,0.9862067587673664,19.838669096957407
0.525812620529905,0.4941466022282839,0.5610401791054755,0.2017940825317055,0.9962927200831473,0.45540913729928434,0.14591883565299213,0.07159541663713753,0.9275917951017618,0.6223549749702215,14.702004614805123
0.27459311531856656,0.4205419768113643,0.3537587078753859,0.3389624950941652,0.8809304053429514,0.1853554251138121,0.02785640489310026,0.4957097584847361,0.3755521960556507,0.7825610882136971,11.297597083569977
0.46040795068256557,0.59423513780348,0.6030573775060475,0.2701330699492246,0.22812951682135463,0.28330599213950336,0.22917674342170358,0.7760934098623693,0.23145243641920388,0.4858229800593108,10.53314947749211
0.7104872262571007,0.6469085421413183,0.4238871862180531,0.5785143522080034,0.311434508766979,0.8099223007448018,0.14539378974586725,0.551452501444146,0.4320292205084115,0.5616918953601271,17.077398240878708
0.7292438137810677,0.7771005977410823,0.8064994320739061,0.22232456877827644,0.24071346991695464,0.9265241485554725,0.9679826986975968,0.07913060463033617,0.1201576238963753,0.5216558983083814,14.379221551211916
0.1694289578590542,0.07362925400957465,0.9447056208737195,0.9966489064972848,0.5194969743024558,0.22396670165471733,0.35797979473136365,0.4753643397707492,0.7533043646253645,0.055248544784262776,16.38143853531951
0.6206958889961243,0.34147935220971704,0.5323054264299572,0.28867318551056087,0.0887589103076607,0.6298930326011032,0.31279823719523847,0.21241498738527298,0.047013435047119856,0.06845706794410944,7.240145895639937
0.3503727288916707,0.5809999736957252,0.6961289986502379,0.17588141793385148,0.49535904987715185,0.6009820071049035,0.035533122485503554,0.491940752370283,0.29004156426526606,0.7209276289213449,10.440856200692291
0.012051768833771348,0.8844154116231948,0.08300760225392878,0.36317883082665503,0.31323582236655056,0.13123909616842866,0.6194522671867162,0.4508249678183347,0.2767652163747698,0.48852367233484983,8.720143412584846
0.1807160172611475,0.6811940588522702,0.3761630901135504,0.35978620150126517,0.31821941724047065,0.568411722779274,0.32984948297962546,0.3567817446310073,0.28866671258583665,0.5461495469789952,9.142638426693734
0.30498516000807285,0.9030354619026184,0.5328120798803866,0.2032764577306807,0.3891793452203274,0.04926807736046612,0.8219454074278474,0.13515418046154082,0.6365784269291908,0.18409753474406898,12.476595653585095
0.28346026269719005,0.1962116665672511,0.4204079888295382,0.47872864990495145,0.1471866189967841,0.05596654489636421,0.6826488662045449,0.654471721034497,0.30292169260792434,0.982097354484722,8.415103990272462
0.7981501778122038,0.09751244634389877,0.8035885735880584,0.5101341898553073,0.943385697202757,0.09843673463910818,0.3040296700783074,0.5417632679454982,0.4965374073944986,0.553635192103684,13.823677891808456
0.36546011874452233,0.4711485537700355,0.16733296727761626,0.19574312889017165,0.9849627281073481,0.747065401636064,0.8064760374836624,0.937151581980288,0.6161113479174674,0.2933170748874545,14.989940978597785
0.6824834125582129,0.2968689303379506,0.20814332785084844,0.2972867568023503,0.229916634503752,0.026255804812535644,0.4600559046957642,0.05684682121500373,0.12295818305574358,0.17801933782175183,13.634671723412753
0.832945620175451,0.4936676744837314,0.8046309209894389,0.7225068625994027,0.22583761508576572,0.07025878340937197,0.9071189265232533,0.20865456410683692,0.8994063911959529,0.8966342047788203,19.46706163178463
0.5508679286576807,0.6239839263726026,0.18271439033560455,0.1447713894303888,0.1655163881368935,0.2515026000328362,0.9597136145457625,0.654010565020144,0.33343300386331975,0.17397819855250418,14.612149870107697
0.49545517074875534,0.2221254580654204,0.18047382403165102,0.7774446322582662,0.4531790653709322,0.8024001650046557,0.7853698031976819,0.6589709722902626,0.764305907767266,0.6345473716501147,16.540899903841613
0.09801232372410595,0.5960685366299003,0.35327697615139186,0.52630655025132,0.07525207684375346,0.6304315750021487,0.7163920991588384,0.9235535161569715,0.37045806809328496,0.40280947950668633,6.991316600563966
0.40837463759817183,0.17341826111078262,0.8530021121259779,0.8562521538697183,0.7609661649912596,0.08696523332037032,0.10323828645050526,0.655855828197673,0.19848626758903265,0.6968986811116338,16.597143877729906
0.16881339740939438,0.6946112897712737,0.6982300507370383,0.31045914464630187,0.9769882417749614,0.7660820218734443,0.5075531143229455,0.06321124057285488,0.2763637404423207,0.2731924457475543,14.71220701271931
0.9476216067560017,0.485898332670331,0.9509826377034187,0.82825763290748,0.8717715546954423,0.1301714237779379,0.9914485258050263,0.9562861146405339,0.3388946666382253,0.5077538695186377,25.93379236927836
0.7691887549590319,0.5117963831871748,0.6559852687641978,0.27783782314509153,0.7374329178128392,0.3402530935127288,0.7856575089972466,0.42770114191807806,0.9206140672322363,0.0910570181440562,16.386767739987523
0.06961586815305054,0.6182322001550347,0.6954769061412662,0.22633975185453892,0.5854459300171584,0.4690906519535929,0.4458074604626745,0.7921231540385634,0.10152806271798909,0.22496168548241258,7.669915091543658
0.03798324055969715,0.44351012888364494,0.6933904509060085,0.22137107118032873,0.9346920165698975,0.24874782375991344,0.08536311471834779,0.3868678992148489,0.7371178714092821,0.9725991187151521,9.39367210586413
0.4651747536845505,0.9167625796981156,0.9407222794834524,0.14259554306045175,0.7199043848086149,0.04817966651171446,0.12426412617787719,0.6082936280872673,0.3792616534046829,0.6124569927342236,16.961071722778126
0.000849204370751977,0.09095379081554711,0.44158095866441727,0.6196262240409851,0.44477091380394995,0.277342721587047,0.3710054240655154,0.11799592990428209,0.3914110076148063,0.5954122189432383,9.397657533261482
0.3441905449144542,0.8144693796057254,0.4785687983967364,0.9015857963822782,0.20087280729785562,0.8789775087498128,0.4869913493748754,0.5361376933287829,0.5880275613162667,0.9691429762169719,15.685624315864034
0.9872031833510846,0.21121193980798125,0.1851304390002042,0.1922644292935729,0.394826638745144,0.6689876432064921,0.5070674938615412,0.7547859731130302,0.7643121222499758,0.48280912823975086,11.92798797520816
0.5023676380515099,0.774610287277028,0.05188662838190794,0.33480763365514576,0.4783881821203977,0.2600985309109092,0.4077897018287331,0.8296547287609428,0.4974637171253562,0.41315659461542964,18.281714572477867
0.4643579625990242,0.580888049909845,0.8834901901427656,0.14279678836464882,0.5833501990418881,0.03702110657468438,0.06355528789572418,0.5371576198376715,0.0592446681112051,0.09124286752194166,15.32883226417489
0.9639035440050066,0.44615674763917923,0.3481194353662431,0.6298103455919772,0.20076884981244802,0.6609753621742129,0.3455678552854806,0.5864583731163293,0.26670478167943656,0.2085096980445087,17.349758501673197
0.23563756444491446,0.721811348805204,0.6940195562783629,0.058797698467969894,0.25317272706888616,0.39974569738842547,0.34513407526537776,0.013339800760149956,0.5011094636283815,0.9752465225756168,6.592754933038018
0.4751108994241804,0.3538424987345934,0.20950630120933056,0.2346373584587127,0.6186256371438503,0.6357600593473762,0.9846108728088439,0.5863997132983059,0.303461370524019,0.31357884290628135,11.978465667001995
0.39549235347658396,0.02316259127110243,0.023256914457306266,0.9718504643533379,0.6056902601849288,0.011018292745575309,0.39373449166305363,0.6373029877431691,0.810931590385735,0.5009836750105023,16.75439455095909
0.5169884662609547,0.8097721319645643,0.6441330525558442,0.033414368983358145,0.37035953835584223,0.25040892977267504,0.4647023300640285,0.05944894370622933,0.9925766775850207,0.07324421941302717,12.369561302804328
0.3029703900683671,0.2050868533551693,0.6218563551083207,0.08785706548951566,0.8122471456881613,0.09537249570712447,0.8799128727987409,0.2858869631309062,0.8266977109014988,0.2233163802884519,7.217017323167192
0.6704768287017941,0.978297368157655,0.7621739360038191,0.30853884550742805,0.521124072605744,0.4160827773157507,0.4446077879983932,0.9610693261492997,0.8431006653700024,0.2717853558715433,15.6768363997731
0.5523545476607978,0.2358740244526416,0.8793717841617763,0.6673765704035759,0.7395983303431422,0.6836828021332622,0.9094107327982783,0.12299871235154569,0.4262606760021299,0.22307288902811706,17.534466779753203
0.5018609799444675,0.9738605397287756,0.4450653165113181,0.3709596493281424,0.6588590373285115,0.22857154859229922,0.5476417928002775,0.10415354394353926,0.9387044324539602,0.9518351186998188,16.85114251163979
0.8009833816904575,0.3093009199947119,0.11977587454020977,0.8370546174701303,0.8937940390314907,0.6748079250101,0.8475295116659254,0.4826616991776973,0.9077441266272217,0.0710479945410043,22.788672083129423
0.008765656966716051,0.29304688703268766,0.5794478158932179,0.3129810178652406,0.6779554809909314,0.061971724499017,0.7987774980720133,0.8985104488674551,0.21871959837153554,0.7228841234464198,6.977997784690112
0.9563944144174457,0.18168331403285265,0.7836086950264871,0.13297420321032405,0.7410741618368775,0.2876100530847907,0.597444826271385,0.6985593880526721,0.5718922584783286,0.20054481434635818,10.84295162147601
0.24433245998807251,0.15688717900775373,0.7946547218598425,0.37577131879515946,0.046573282685130835,0.41902248840779066,0.13192306482233107,0.5891735022887588,0.05165435862727463,0.08213208778761327,9.09682783153998
0.16890445863828063,0.855262731667608,0.5591718344949186,0.755437899613753,0.5706287485081702,0.5168428311590105,0.9961762437596917,0.8256138656288385,0.32521910103969276,0.32169771706685424,15.378083060058884
0.06733428779989481,0.34361438918858767,0.4462296450510621,0.040645322762429714,0.48856615694239736,0.12259241892024875,0.20604287995956838,0.040268704295158386,0.8802759570535272,0.96212890278548,3.909684482914883
0.8253119168803096,0.7419761652126908,0.09894384467042983,0.2042133640497923,0.43855955894105136,0.0411643385887146,0.32706749928183854,0.3314347474370152,0.8717978263739496,0.05304844886995852,15.577011761721934
0.9644852159544826,0.273845681687817,0.45705773192457855,0.5639125185552984,0.7080813182983547,0.19886143854819238,0.4043595800176263,0.03390935296192765,0.39699749392457306,0.09619081811979413,16.847781101514745
0.9334036011714488,0.7721926812082529,0.6675707697868347,0.19559990498237312,0.7023039923515171,0.43004493438638747,0.27523663407191634,0.9207903584465384,0.5626607090234756,0.28859428595751524,13.93197328242498
0.9072356540709734,0.11450477526523173,0.8938621282577515,0.8860397094395012,0.7181809132453054,0.45281541743315756,0.6939335688948631,0.37210735213011503,0.20785764488391578,0.8992191581055522,19.593539413658274
0.7730394415557384,0.7685752178076655,0.6375138005241752,0.4019663108047098,0.3084227142389864,0.5809699466917664,0.7005353199783713,0.644137495663017,0.179064184660092,0.03255560272373259,17.31835194457763
0.5550736766308546,0.9255396106746048,0.9183805922511965,0.2271258805412799,0.3177926952484995,0.41054062847979367,0.4125728332437575,0.44723192416131496,0.8134556575678289,0.4374313100706786,17.03732298537469
0.37231100047938526,0.7836790913715959,0.9271415409166366,0.5984751253854483,0.9140322527382523,0.2723875583615154,0.7682388045359403,0.943570724921301,0.1022022704128176,0.05556001351214945,20.894712308777077
0.36491181747987866,0.19853616133332253,0.7555927357170731,0.4936584089882672,0.041695116786286235,0.5544711605180055,0.0031444102060049772,0.29520997148938477,0.5545209646224976,0.7838853693101555,9.913794980796096
0.08498930023051798,0.4886038303375244,0.3413337634410709,0.34124532784335315,0.39326321659609675,0.10023096366785467,0.4475082322023809,0.5352087896317244,0.9573531649075449,0.2666997821070254,8.540799011247021
0.6590259466320276,0.24287134152837098,0.8434987803921103,0.7799681671895087,0.5422647122759372,0.372513665817678,0.2264683626126498,0.6702314242720604,0.48085121950134635,0.4393821053672582,18.25345820286085
0.45999881252646446,0.9800673176068813,0.7505747943650931,0.07077893754467368,0.8191639767028391,0.7550990153104067,0.9535743310116231,0.6932745450176299,0.8944488912820816,0.05623048567213118,15.842639991291765
0.3395347415935248,0.6646405796054751,0.22732693632133305,0.052170139737427235,0.7063724459148943,0.9457406965084374,0.18285056855529547,0.7435734949540347,0.6706223653163761,0.6154286460950971,12.476371897925189
0.617986889090389,0.9961687021423131,0.8811628110706806,0.06584317632950842,0.21752421208657324,0.5243816520087421,0.10617544897831976,0.8487226166762412,0.17908328026533127,0.11262972932308912,13.54896060115113
0.24864168767817318,0.44924910832196474,0.24539096769876778,0.8664927908685058,0.31866160151548684,0.8465289520099759,0.5034621472004801,0.9006331514101475,0.8554002025630325,0.8508271935861558,15.012807325261505
0.9238584153354168,0.34004858625121415,0.47448530909605324,0.11950619821436703,0.7341684091370553,0.14501228043809533,0.40659669460728765,0.654601939022541,0.9164777863770723,0.8498733986634761,13.345773578020452
0.28504778910428286,0.7750036281067878,0.734173231292516,0.8670339693780988,0.3013441909570247,0.3684320382308215,0.27641203766688704,0.9613236184231937,0.4694031155668199,0.323592136381194,18.160632412401483
0.6010189992375672,0.4760708110406995,0.7022975096479058,0.8348893944639713,0.6439386513084173,0.7199677980970591,0.7910719946958125,0.5210671816021204,0.3762988271191716,0.12479879194870591,21.708320801782
0.5728527642786503,0.45845472416840494,0.15950401313602924,0.7772573123220354,0.13367702811956406,0.011564841959625483,0.6825271775014699,0.1423608313780278,0.5518772674258798,0.9146782420575619,18.479006361482835
0.3361432438250631,0.011893375078216195,0.49112537666223943,0.45411438471637666,0.10012795915827155,0.4698993805795908,0.5656020857859403,0.0355543764308095,0.9629411476198584,0.00692836195230484,4.994078829538159
0.35035431617870927,0.7074137309100479,0.8091041219886392,0.585829557152465,0.6075355825014412,0.3034573504701257,0.7766569713130593,0.20247948006726801,0.29276842228136957,0.8242800375446677,17.997488718166128
0.24377520265989006,0.6996640155557543,0.36948316101916134,0.2046670166309923,0.4953395826742053,0.3771481215953827,0.0063661085441708565,0.2614444454666227,0.2857870392035693,0.8401125406380743,10.49392298934166
0.13165501621551812,0.6728391570504755,0.17012102878652513,0.3091094410046935,0.8418065686710179,0.05793413892388344,0.5101015272084624,0.8605986633338034,0.4478169491048902,0.3128187460824847,11.642802940470832
0.08942173281684518,0.5831793791148812,0.7429462024010718,0.3314545345492661,0.25604174565523863,0.44278003345243633,0.8038046162109822,0.6947879404760897,0.3236472783610225,0.9704950933810323,6.172284013782452
0.680884582689032,0.6043308891821653,0.31809285446070135,0.14544578990899026,0.05420572473667562,0.3390000518411398,0.26024296157993376,0.9765112169552594,0.7211813821922988,0.9156761253252625,13.304844260936262
0.5125488883350044,0.5298562222160399,0.47363889473490417,0.1303451715502888,0.28529452136717737,0.20540409488603473,0.7435134237166494,0.36482826387509704,0.7027265443466604,0.07607108796946704,9.661813986588067
0.049939222168177366,0.8345883605070412,0.6283225400839001,0.2962913461960852,0.5386736218351871,0.9424781233537942,0.33501841500401497,0.12297110818326473,0.03962562885135412,0.6900369680952281,7.649975293097921
0.9578796830028296,0.10834508761763573,0.2241010016296059,0.3352374071255326,0.887828333536163,0.07732018921524286,0.494042246369645,0.6507865004241467,0.5403476359788328,0.9746957051102072,12.64960862958175
0.3207042475696653,0.7580417462158948,0.0539104756899178,0.1792418910190463,0.3538001736160368,0.7685357173904777,0.1935154574457556,0.021042248234152794,0.03477411577478051,0.04715586407110095,13.605677487823788
0.24275032384321094,0.1780283092521131,0.45666025415994227,0.6969543523155153,0.7877609152346849,0.9987935398239642,0.007692734943702817,0.8557310407049954,0.7540955580770969,0.9807737732771784,11.733006877301989
0.07416513096541166,0.6467020967975259,0.7795624502468854,0.3582094316370785,0.6831554472446442,0.5492641935124993,0.8893575256224722,0.9825108267832547,0.6239436739124358,0.6265659132041037,7.1899781329354315
0.6414587574545294,0.7814039622899145,0.5188057045452297,0.36935459333471954,0.4196989075280726,0.03191895899362862,0.972919896710664,0.40798660018481314,0.6491996047552675,0.415460693417117,15.816619396520453
0.8167957165278494,0.2285527689382434,0.10585201345384121,0.46228491980582476,0.8872267473489046,0.6136689651757479,0.04183040792122483,0.29065689188428223,0.4492499178741127,0.10828172951005399,17.34190175920645
0.6144745692145079,0.7573880194686353,0.49516126443631947,0.5470169330947101,0.7911190027371049,0.4797249378170818,0.030905625550076365,0.09171507507562637,0.4591167662292719,0.20526049844920635,19.36929683348784
0.7321978327818215,0.45989211392588913,0.4951066698413342,0.6103066871874034,0.45384716033004224,0.20056759170256555,0.8516033270861953,0.8153311552014202,0.12146137445233762,0.5795595892705023,17.062462477211973
0.9472978247795254,0.8489576554857194,0.6453288472257555,0.8877833746373653,0.5463804041501135,0.7087017074227333,0.08638596744276583,0.9330635694786906,0.40284097846597433,0.405955778202042,17.387482889832686
0.043341435957700014,0.42000408726744354,0.9686238069552928,0.7869439537171274,0.7296139090321958,0.3953894644510001,0.1423889712896198,0.048515504226088524,0.8219062266871333,0.4717676795553416,16.172683858711466
0.9639502423815429,0.17871609493158758,0.33836281718686223,0.9251647554337978,0.14628144702874124,0.7521642986685038,0.9088275278918445,0.618903495837003,0.5023073602933437,0.953957833815366,15.68952999353459
0.712356979958713,0.5090385326184332,0.4951811896171421,0.14980158652178943,0.6683725600596517,0.9854215290397406,0.1366431755013764,0.24724530382081866,0.9690229368861765,0.3386052658315748,12.870555223028717
0.7305684119928628,0.2583270117174834,0.2311872965656221,0.4383951826021075,0.35503077739849687,0.7748095996212214,0.10053990874439478,0.36417817580513656,0.9440463786013424,0.20102579845115542,12.551157308601423
0.6387873736675829,0.8385973949916661,0.6287481863982975,0.9699083704035729,0.45474401279352605,0.8785800156183541,0.22657270939089358,0.5955800446681678,0.09734705346636474,0.08024349203333259,21.403382941100134
0.567753391340375,0.3506051138974726,0.6732936690095812,0.30472930218093097,0.34352844674140215,0.9390501326415688,0.5995886912569404,0.643201929749921,0.9056851097848266,0.7071432329248637,11.382567189035992
0.4403734744992107,0.3219313609879464,0.260584402596578,0.9946436283644289,0.19771448383107781,0.44408524851314723,0.051953004440292716,0.4276934154331684,0.82892692880705,0.162711818004027,17.52468472737169
0.608037021709606,0.9665737017057836,0.9218552689999342,0.9951043324545026,0.33456638641655445,0.6131959001068026,0.24756947066634893,0.7975565078668296,0.3595515415072441,0.3316750666126609,27.693290275996247
0.42101778904907405,0.20263229589909315,0.14604027080349624,0.9142360645346344,0.8483884779270738,0.43776643625460565,0.3524893543217331,0.040528381476178765,0.6651985044591129,0.5181336775422096,18.850616186448562
0.6230483681429178,0.6448597870767117,0.7128905071876943,0.5873024659231305,0.21187204867601395,0.777958060381934,0.16304076928645372,0.6091716263908893,0.2594688462559134,0.9138842786196619,18.101759327465196
0.8648919374682009,0.9735199282877147,0.7593827242963016,0.8914093493949622,0.4065834009088576,0.6114832181483507,0.6423835861496627,0.8353041568771005,0.6358504495583475,0.9130460044834763,18.466475836004484
0.21171219181269407,0.9164640754461288,0.1190080838277936,0.20200023194774985,0.20806151069700718,0.6828435119241476,0.33245551702566445,0.8532757281791419,0.8624270965810865,0.7007010516244918,13.141244589904836
0.7186940817628056,0.49671527254395187,0.6775372177362442,0.11511969263665378,0.9081424318719655,0.7268478856422007,0.7889169899281114,0.223543684463948,0.2632810012437403,0.2751531917601824,14.781332062348817
0.21057703741826117,0.041790762916207314,0.8347666405607015,0.7556044054217637,0.6533968718722463,0.5716496123932302,0.31287126103416085,0.5407531403470784,0.5659779298584908,0.3601041827350855,12.063180186541262
0.27065978944301605,0.590844165533781,0.5766631639562547,0.4117013243958354,0.5418486618436873,0.4097464047372341,0.5036369347944856,0.7300477486569434,0.9233140633441508,0.5201139471028,11.632869684197692
0.9115640206728131,0.40936823282390833,0.7140267079230398,0.35855556186288595,0.01128217694349587,0.9267380221281201,0.3233055742457509,0.17866714065894485,0.8403547541238368,0.7851191875524819,14.763082711268908
0.5588693884201348,0.12397160800173879,0.3239850369282067,0.26033739862032235,0.12864534533582628,0.8167731233406812,0.6015285335015506,0.975984878372401,0.1854025600478053,0.192088327370584,5.477209852087849
0.5329848632682115,0.3993842152412981,0.8420361345633864,0.518170707160607,0.8405836105812341,0.08400053600780666,0.3109372644685209,0.9039651362691075,0.036561878863722086,0.1796659743413329,17.9551605853067
0.6598048573359847,0.33700945996679366,0.04934231541119516,0.8842158375773579,0.3182191173546016,0.8275267852004617,0.24762524664402008,0.21656013559550047,0.07073453883640468,0.9625771574210376,21.37088500478924
0.373621973907575,0.756883731810376,0.31219568219967186,0.6716692114714533,0.44382460229098797,0.12262669578194618,0.2753803781233728,0.2523354571312666,0.5416739650536329,0.08378657815046608,18.76915176098907
0.9659283242654055,0.41800386854447424,0.4172635544091463,0.9983187296893448,0.549231922486797,0.9344198044855148,0.981870693853125,0.3702965567354113,0.6965499089565128,0.9147324359510094,20.763520795110956
0.9311797898262739,0.49478818685747683,0.17985972622409463,0.4572534093167633,0.6131578176282346,0.9088371533434838,0.4268790250644088,0.9539634033571929,0.5797261297702789,0.29701060452498496,19.767594129536047
0.5286770616658032,0.464395941933617,0.5993538417387754,0.21975230448879302,0.07635344425216317,0.6824726525228471,0.737180553143844,0.25888941064476967,0.11088407831266522,0.07696585892699659,9.126590707288996
0.050615951884537935,0.5184766128659248,0.09139194549061358,0.9513503829948604,0.9182669129222631,0.8580859212670475,0.8189145009964705,0.26023043878376484,0.40021104365587234,0.566490551456809,17.102981026499613
0.8428658861666918,0.4956998727284372,0.08147009206004441,0.06779551645740867,0.11638849647715688,0.4344831919297576,0.09462617477402091,0.4533829546999186,0.4076219454873353,0.047122772783041,13.301187415609032
0.950095646083355,0.35244772769510746,0.5738176957238466,0.09910574229434133,0.5230928310193121,0.27160896407440305,0.9582311590202153,0.9538764955941588,0.8416949016973376,0.7122098873369396,13.378581348439722
0.25563341565430164,0.31486561871133745,0.4097052589058876,0.6706579183228314,0.43904196424409747,0.23717458662576973,0.49467778392136097,0.11220780340954661,0.2059051850810647,0.42887938511557877,12.047363920504203
0.2606728000100702,0.5762372268363833,0.15125484368763864,0.6220130873844028,0.4143133657053113,0.9064112233463675,0.3153856557328254,0.5920014514122158,0.42275947285816073,0.08719984139315784,15.825653476175535
0.5516673258971423,0.3557725204154849,0.5114017508458346,0.4128736376296729,0.500188693171367,0.5587597959674895,0.9749786334577948,0.7101041364949197,0.37870022119022906,0.9088086830452085,13.775473961807734
0.7821797276847064,0.210506270872429,0.988973670406267,0.022319554118439555,0.3449449965264648,0.5109264894854277,0.15768724121153355,0.7702950122766197,0.47974850656464696,0.020997326355427504,13.533505624807162
0.23074832209385931,0.9890757331158966,0.6092797715682536,0.9181487911846489,0.47827309696003795,0.38077750732190907,0.08272174349986017,0.5384341408498585,0.7604644268285483,0.6892356085591018,18.585196196915394
0.22022985853254795,0.8145486442372203,0.2807499074842781,0.3953663054853678,0.7326772240921855,0.5186636534053832,0.47543020104058087,0.33785424195230007,0.4626052686944604,0.08272297075018287,11.352714045950568
0.8511864820029587,0.9020782322622836,0.1320862015709281,0.878525894600898,0.3326571532525122,0.4279649215750396,0.4805810423567891,0.643050005659461,0.9587265788577497,0.06728460686281323,19.034441798008604
0.36005545989610255,0.4029087903909385,0.32045550155453384,0.10713197756558657,0.5490299731027335,0.6734262281097472,0.8987582023255527,0.04313890263438225,0.8898161482065916,0.45013383869081736,7.696649641877066
0.9455941030755639,0.05159426131285727,0.5244807715062052,0.21415137499570847,0.04728486714884639,0.5001438190229237,0.7791935577988625,0.7717373142950237,0.2570019350387156,0.8630691994912922,6.1453091999615
0.04382883384823799,0.3575011268258095,0.9585672707762569,0.9891182899009436,0.3942533517256379,0.4317004601471126,0.01651947177015245,0.7023750133812428,0.39388936338946223,0.4419800464529544,17.435364670928326
0.5806036372669041,0.6990207091439515,0.392152750864625,0.6288511261809617,0.4637732566334307,0.3910340692382306,0.8035469651222229,0.6690817910712212,0.9144800032954663,0.3291921077761799,18.72830729561266
0.697414485970512,0.9773549009114504,0.42787282285280526,0.634265250293538,0.9321295397821814,0.629517117049545,0.8745346032083035,0.020156444516032934,0.6766906529664993,0.6073449398390949,18.859937921578545
0.37506784521974623,0.10614709975197911,0.07525432971306145,0.16076759016141295,0.7648957658093423,0.1797692913096398,0.9255864559672773,0.9375872754026204,0.5722818961367011,0.96831542160362,10.549670820702199
0.8998818180989474,0.020640967646613717,0.6612653979100287,0.35366835445165634,0.7294026424642652,0.7129551863763481,0.33758495002985,0.7960222652181983,0.6204137825407088,0.7195552319753915,8.218618733274269
0.5448526167310774,0.5135804289020598,0.605233519570902,0.18089087726548314,0.5267486148513854,0.9658056872431189,0.34046493587084115,0.7646952352952212,0.6229753466323018,0.863863765494898,13.896922375409652
0.4199423217214644,0.48989232210442424,0.9802076835185289,0.746337893884629,0.7681375620886683,0.6348057475406677,0.5626950350124389,0.8549756109714508,0.05392761994153261,0.6622781432233751,22.050206753886897
0.589589050039649,0.20838158577680588,0.6023192736320198,0.2772654739674181,0.6400510894600302,0.847717336146161,0.7388771979603916,0.5859437515027821,0.5575027365703136,0.4762702686712146,10.301831976371151
0.697509131859988,0.6242502555251122,0.41554184001870453,0.8248257450759411,0.9376445487141609,0.05297009600326419,0.15595923317596316,0.20648935600183904,0.04504825477488339,0.4304805174469948,22.970114560853116
0.35718596796505153,0.5510142601560801,0.468614243902266,0.5191464426461607,0.3300949309486896,0.057102917926386,0.9919834353495389,0.7523680969607085,0.03361177840270102,0.4388357992284,12.638050655510408
0.367550250608474,0.1304240352474153,0.5997754959389567,0.06833478761836886,0.061900735134258866,0.4699728903360665,0.5995345928240567,0.7693275171332061,0.2722591497004032,0.8440809880848974,2.91334564167865
0.07618188951164484,0.881514159264043,0.9354563127271831,0.5252907010726631,0.0722743971273303,0.0024381026159971952,0.4068533703684807,0.9483019013423473,0.9907638223376125,0.7887260927818716,10.716353901887567
0.20893742400221527,0.8890151889063418,0.19047844875603914,0.3595134988427162,0.5155329359695315,0.7039576864335686,0.5919528885278851,0.26210648054257035,0.31888282438740134,0.1373735696543008,16.216516137290803
0.7144059438724071,0.9979270501062274,0.4439374941866845,0.7737571899779141,0.613494356861338,0.9272007211111486,0.61723822215572,0.3912199535407126,0.492332364898175,0.609194895485416,20.883220640036065
0.5357103855349123,0.06485905731096864,0.5466334228403866,0.5819230857305229,0.3404577043838799,0.5883556664921343,0.7080646436661482,0.9748911140486598,0.0656262687407434,0.19401659606955945,9.324589600880353
0.9403681298717856,0.032020018668845296,0.9670285261236131,0.3929340345785022,0.7852048990316689,0.23747879173606634,0.6389173336792737,0.896775608882308,0.4844532401766628,0.5065699964761734,14.523384479262834
0.8171846545301378,0.46460530371405184,0.6660499346908182,0.9558287430554628,0.18210444715805352,0.15650637657381594,0.9910043689887971,0.6171144070103765,0.9963230134453624,0.8068295742850751,20.53601830405628
0.018419838044792414,0.3958274300675839,0.5889286401215941,0.19429104402661324,0.1348484435584396,0.3139202333986759,0.38362833042629063,0.10993956681340933,0.34284362383186817,0.9728935672901571,2.5706424930851415
0.7432505590841174,0.016232496360316873,0.7813310360070318,0.7022530215326697,0.5485452325083315,0.5324437017552555,0.12137069157324731,0.5904447319917381,0.7282250409480184,0.9584931060671806,12.91242378262452
0.5213093960192055,0.23672927217558026,0.25267693563364446,0.43491900502704084,0.36930966284126043,0.2513690274208784,0.9377308404073119,0.5291276567149907,0.08636667183600366,0.23723493865691125,10.927404847788445
0.7854021980892867,0.913422109792009,0.9772594596724957,0.12423912389203906,0.9862185621168464,0.7106088872533292,0.4208396046888083,0.5142450367566198,0.3339178627356887,0.04921162826940417,16.821673827915784
0.25436866004019976,0.003478867467492819,0.22718640929087996,0.4484190053772181,0.8297926345840096,0.16081654629670084,0.057679687393829226,0.06400510133244097,0.7295391897205263,0.8648945854511112,9.59673434927897
0.48470451636239886,0.41912158438935876,0.28288060263730586,0.9091967900749296,0.07192477188073099,0.7341176993213594,0.01701644342392683,0.06970703089609742,0.6821722036693245,0.08768734592013061,17.39889820931863
0.6922308204229921,0.3921031600330025,0.9307346355635673,0.9019096179399639,0.7385269782971591,0.45011771796271205,0.8862666536588222,0.7119999690912664,0.16292541893199086,0.9697958393953741,24.82853159966872
0.8076922832988203,0.3314544309396297,0.6715025533922017,0.6625713873654604,0.6960958407726139,0.4310562298633158,0.3243799307383597,0.9694295411463827,0.47587474691681564,0.23666803142987192,17.35761219684635
0.26769211888313293,0.20998007897287607,0.45035601034760475,0.42664723517373204,0.2564003255683929,0.21488723647780716,0.16492154565639794,0.3019039584323764,0.25655958661809564,0.5546412782277912,6.332492164665065
0.3903928115032613,0.8484479668550193,0.054165554232895374,0.2351625666487962,0.363478563958779,0.5744182746857405,0.5424483355600387,0.6748989331535995,0.20290256035514176,0.0413680721540004,15.23978250275188
0.889513082569465,0.3220095590222627,0.11548624513670802,0.1409262721426785,0.9059641931671649,0.14294518320821226,0.8683717111125588,0.3775462852790952,0.17395980120636523,0.19976252550259233,15.376139101812441
0.5191954094916582,0.7023856164887547,0.6732349204830825,0.3614839243236929,0.24917155620642006,0.24941946030594409,0.19093527900986373,0.6354074620176107,0.5482236233074218,0.7206297391094267,14.721878615561746
0.1171858983580023,0.926675608381629,0.5037741721607745,0.5631162752397358,0.8739956414792687,0.19161414611153305,0.7848303075879812,0.5636546374298632,0.5234646392054856,0.8117591680493206,12.943166770652152
0.6689957496710122,0.10714400955475867,0.5345165391918272,0.8953962053637952,0.7979519492946565,0.9471859319601208,0.04651265707798302,0.6520718731917441,0.13498626532964408,0.1714095075149089,14.511926123183907
0.3585481164045632,0.717384593328461,0.99698003125377,0.12072288105264306,0.15242222044616938,0.37679460854269564,0.5837913444265723,0.1384360755328089,0.9977776778396219,0.8130462658591568,12.7205361295707
0.34042762173339725,0.7907542907632887,0.8002657885663211,0.7943605440668762,0.7290510025341064,0.8326942624989897,0.766491103451699,0.4157360882963985,0.9355388730764389,0.4911451139487326,19.283456822050155
0.9072517370805144,0.7458431504201144,0.27636825083754957,0.6534571929369122,0.4127617054618895,0.7198245564941317,0.22173091117292643,0.30686753429472446,0.13447544747032225,0.009890198474749923,17.10884768862129
0.6853134070988744,0.16394353611394763,0.9309406231623143,0.9907168706413358,0.8346843984909356,0.34603912103921175,0.4873646318446845,0.7058623782359064,0.7509705501142889,0.7263431514147669,21.080636239506426
0.2938859201967716,0.5932315089739859,0.17318738135509193,0.602049965178594,0.543065284145996,0.44687742949463427,0.3630365140270442,0.23883079295046628,0.8481911483686417,0.4453726918436587,15.652033529204981
0.5355128776282072,0.9714423092082143,0.22669055219739676,0.04611378349363804,0.07313753548078239,0.25092244194820523,0.65117849688977,0.93343430547975,0.3494572483468801,0.27260866155847907,12.14259431134929
0.4016486741602421,0.3501707911491394,0.5873496918939054,0.8953305785544217,0.6215890964958817,0.28537880699150264,0.7540930886752903,0.1864620130509138,0.5040885258931667,0.2617153760511428,15.546493121569618
0.7636531458701938,0.455450288252905,0.6267534324433655,0.1437408747151494,0.9425628252793103,0.3594058114103973,0.9749626584816724,0.8828632077202201,0.5961784550454468,0.6267478261142969,13.916373081553768
0.7007388754282147,0.7187574482522905,0.101998409954831,0.8628148720599711,0.3111564365681261,0.5728880995884538,0.23460325761698186,0.3890934919472784,0.2521378262899816,0.2527808817103505,23.82724505635406
0.4200043093878776,0.8350624709855765,0.8053443713579327,0.4791451895143837,0.9803680572658777,0.1605279736686498,0.8744930699467659,0.8495829936582595,0.9078429534565657,0.6317550595849752,21.74870014270851
0.07875211513601243,0.6956953681074083,0.527520282426849,0.3040270460769534,0.5953961350023746,0.8535561156459153,0.3947598678059876,0.5512273341882974,0.8669107600580901,0.9922905960120261,7.717756442101378
0.09036718145944178,0.559394481824711,0.19250805000774562,0.6670686779543757,0.602085396880284,0.23702829470857978,0.0032001479994505644,0.44730776851065457,0.2547033387236297,0.17058266140520573,13.228398839745072
0.3570127517450601,0.13517856132239103,0.9219864164479077,0.8102764431387186,0.518377001862973,0.5028073070570827,0.6793162487447262,0.8440866265445948,0.5049845981411636,0.3981968320440501,16.9876009922637
0.25330221676267684,0.7995893007609993,0.8028977042995393,0.5676581715233624,0.7588482571300119,0.04339520004577935,0.294438622193411,0.9318706463091075,0.6037209620699286,0.23910406092181802,17.143919903144145
0.24136749049648643,0.11632157117128372,0.3687193584628403,0.8133359476923943,0.3250636039301753,0.18261061236262321,0.1991382702253759,0.898180118529126,0.25061946851201355,0.6735538700595498,11.03030683465864
0.7927512028254569,0.4285315847955644,0.8630561081226915,0.9197076631244272,0.38746561645530164,0.0957597172819078,0.799400246469304,0.03233607718721032,0.8306666573043913,0.6880166977643967,23.16453184450919
0.6879044661764055,0.6718439506366849,0.13035990530624986,0.14549141377210617,0.9167191672604531,0.027780690230429173,0.26337253022938967,0.629499442409724,0.8712446137797087,0.31590717611834407,17.167751951340485
0.20538017130456865,0.142169454600662,0.08556882687844336,0.04038135311566293,0.19514421885833144,0.6706795727368444,0.844214576529339,0.25445835082791746,0.02139627980068326,0.5744048182386905,6.746937980105365
0.43283081497065723,0.1227982381824404,0.6675086051691324,0.6987902175169438,0.5226140122395009,0.8726015484426171,0.14374663005582988,0.7559357604477555,0.30393399903550744,0.9306446134578437,11.449645725400327
0.4473655491601676,0.7283791387453675,0.7975654324982315,0.739022679394111,0.1892709645908326,0.3408665875904262,0.8691536304540932,0.3363015912473202,0.4198058359324932,0.8473748622927815,20.598226370258956
0.9407569321338087,0.7304407295305282,0.22686996753327549,0.6170238815248013,0.07086361641995609,0.8446193139534444,0.4939070395193994,0.3806288307532668,0.06095934403128922,0.9967612179461867,17.235982456095776
0.8442702118773013,0.22626188420690596,0.35859190486371517,0.8388147233054042,0.3231467357836664,0.32428627647459507,0.5406670744996518,0.6878693015314639,0.190495481248945,0.6187669911887497,17.98123074744383
0.11980546009726822,0.10065060551278293,0.6274128973018378,0.8544796446803957,0.5422237196471542,0.3250628667883575,0.24693418154492974,0.679088449338451,0.400214133085683,0.6933742666151375,12.664390037591854
0.5881008054129779,0.3387708014342934,0.15580265945754945,0.9336760058067739,0.6137166311964393,0.5572297347243875,0.4622481130063534,0.22206476796418428,0.6860585962422192,0.834768807515502,21.86742963715455
0.5893014809116721,0.5761585822328925,0.2708467524498701,0.7230622426141053,0.955581963993609,0.2891072169877589,0.023644666420295835,0.5129006945062429,0.42455369397066534,0.6606048119720072,22.132885853803554
0.5987101667560637,0.8007790276315063,0.12744046049192548,0.9042286574840546,0.338410307187587,0.796428075991571,0.5500431577675045,0.5248878668062389,0.2870235398877412,0.6139945588074625,24.140623868255098
0.43977571395225823,0.7910243130754679,0.5995992196258157,0.8303357153199613,0.7226064905989915,0.42932227556593716,0.23353921831585467,0.6150548981968313,0.1741643708664924,0.47122111334465444,20.721960303814182
0.6280722210649401,0.8516464554704726,0.9870190569199622,0.7878394876606762,0.15769138629548252,0.22481101984158158,0.7997548419516534,0.23973626689985394,0.002982545178383589,0.7058726132381707,24.731123106321768
0.9714426719583571,0.17956638289615512,0.8845841509755701,0.39581186114810407,0.2655165472533554,0.056751721538603306,0.9069491832051426,0.6165145039558411,0.9996647771913558,0.3541907421313226,13.63576399746627
0.16906611784361303,0.9840768829453737,0.5096993679180741,0.8369861331302673,0.13229275145567954,0.9819197005126625,0.9281449306290597,0.4054601024836302,0.37590688350610435,0.582713937619701,14.64595684246319
0.3339020237326622,0.6430427415762097,0.20710245077498257,0.23850051104091108,0.7123502038884908,0.5490816165693104,0.050987554946914315,0.11001367680728436,0.9708727223332971,0.4149696477688849,14.681699672612558
0.2335607607383281,0.5858800988644361,0.1621487771626562,0.29542891145683825,0.25842942856252193,0.016631771810352802,0.2518323033582419,0.2676407846156508,0.35472516505979,0.9251826498657465,10.301782494241753
0.7079199810978025,0.8298539058305323,0.9481668248772621,0.23719755397178233,0.90829385118559,0.4479874942917377,0.13716569147072732,0.3877817594911903,0.026087661273777485,0.21997958305291831,22.201767917458312
0.4563972014002502,0.6150729483924806,0.39208239153958857,0.3272572383284569,0.03956837113946676,0.8855199820827693,0.872297080932185,0.19739108975045383,0.6991448954213411,0.6782387779094279,10.464723744370657
0.9643413745798171,0.4630452983547002,0.23803341132588685,0.828497986542061,0.6472422818187624,0.787280015880242,0.5341469338163733,0.613911697641015,0.6990903050173074,0.43785483785904944,21.67678706995108
0.9770834704395384,0.4978349423035979,0.7704790809657425,0.7353113333228976,0.07663253787904978,0.9995201441925019,0.9155605749692768,0.6954061288852245,0.25473935483023524,0.7126347103621811,19.921173861747672
0.659505125368014,0.22970462567172945,0.45592201431281865,0.02876013983041048,0.3512652793433517,0.4019136687275022,0.7267314302735031,0.9584057619795203,0.7667655404657125,0.2061053211800754,6.669775746879194
0.055400794837623835,0.5571849378757179,0.31799778644926846,0.5127712804824114,0.871599837904796,0.6985180326737463,0.6260634681675583,0.40904155280441046,0.9925083545967937,0.6531628062948585,11.929254080933076
0.34352038730867207,0.3645547323394567,0.21346629783511162,0.08324009296484292,0.23065002565272152,0.2873705585952848,0.1409663597587496,0.8697547682095319,0.6466085938736796,0.5264598049689084,6.104379229835697
0.6599551546387374,0.6730286492966115,0.23525554477237165,0.29888966865837574,0.9703231395687908,0.910195070784539,0.9711172834504396,0.5601243253331631,0.8373557478189468,0.6557464068755507,17.212873467031923
0.7240144542884082,0.5131233765278012,0.7072507394477725,0.7091069458983839,0.9817471117712557,0.9087266218848526,0.19198098662309349,0.09960251930169761,0.7561682069208473,0.4582264155615121,22.465527542785868
0.6161132454872131,0.8618678315542638,0.666470707859844,0.46295853541232646,0.10612498293630779,0.2696932649705559,0.12729222234338522,0.7142065113876015,0.442009802442044,0.8544845280703157,16.57718865506778
0.6601851100567728,0.8322991342283785,0.08508709236048162,0.5056038480252028,0.3757011708803475,0.7142982608638704,0.9489306611940265,0.2758362786844373,0.5857566129416227,0.044089268893003464,20.45306564284305
0.4452775788959116,0.9302795405965298,0.8642406142316759,0.034351196605712175,0.6349852522835135,0.03437989600934088,0.17950563575141132,0.6568801559042186,0.2023712017107755,0.5957560674287379,16.95869729243838
0.6836053139995784,0.3180441858712584,0.03245526226237416,0.49945968808606267,0.2556909767445177,0.978036958957091,0.3869729854632169,0.4953877457883209,0.42797461547888815,0.5248813489452004,16.34294128101372
0.36315338453277946,0.11997533054091036,0.45286005223169923,0.6560681473929435,0.16229804488830268,0.7701475021895021,0.616701066493988,0.4074542741291225,0.7719393377192318,0.5368819406721741,8.926193288539961
0.4742548428475857,0.5777534018270671,0.8057910986244678,0.4934849252458662,0.48160647810436785,0.4321784037165344,0.1603088304400444,0.9256504878867418,0.24747851095162332,0.04454627144150436,17.15938477162836
0.36380003252997994,0.4499731590040028,0.1021092189475894,0.8889127548318356,0.6123912283219397,0.27740671834908426,0.6310434259939939,0.5564106181263924,0.9175416226498783,0.23025765223428607,21.404306188682618
0.9103115973994136,0.6970153597649187,0.48791871266439557,0.7995752750430256,0.13060826621949673,0.3572044940665364,0.46262034913524985,0.5002096267417073,0.3561298279091716,0.7465110088232905,19.29810507985753
0.8053858978673816,0.43494676565751433,0.3815179483499378,0.37653200258500874,0.23652001493610442,0.5375741133466363,0.8099084482528269,0.778042993042618,0.08605148992501199,0.8108312822878361,13.237576823648123
0.07443964737467468,0.09326497931033373,0.8010422133374959,0.0644217855297029,0.3542579908389598,0.9109247378073633,0.9125224526505917,0.4879248575307429,0.7347913407720625,0.8637038304004818,5.569195812368246
0.028422961244359612,0.5265170747879893,0.37180425808764994,0.19262050045654178,0.9020228823646903,0.4931243278551847,0.9727480439469218,0.37458161218091846,0.05123686301521957,0.8903304245322943,8.93059708072117
0.8676072866655886,0.8621994713321328,0.6366193105932325,0.7278668608050793,0.7785284875426441,0.07976194215007126,0.01457331981509924,0.28157695895060897,0.14423431525938213,0.6533789325039834,18.877392492098007
0.9945219722576439,0.21143052470870316,0.3356207455508411,0.14036730816587806,0.11177389603108168,0.5737871937453747,0.7092397050000727,0.061747300904244184,0.8602525568567216,0.3280016260687262,9.301119958271649
0.5502802601549774,0.6246530169155449,0.6724923229776323,0.8227526152040809,0.42076549120247364,0.5755223745945841,0.5725014829076827,0.812545946566388,0.4287847066298127,0.30943741486407816,18.237983325715682
0.12761162035167217,0.39272812637500465,0.3451003525406122,0.1043392769061029,0.9227046032901853,0.6125035043805838,0.49731506407260895,0.9994030334055424,0.39201019424945116,0.5774855385534465,7.711803432674162
0.03635376342572272,0.029934423277154565,0.4468492672313005,0.9517155126668513,0.31195196812041104,0.525540258968249,0.322494458174333,0.6663240580819547,0.32833934971131384,0.3226591069251299,10.825534783247011
0.9206588084343821,0.609559239121154,0.8051156213041395,0.41105168918147683,0.3563837024848908,0.6592993650119752,0.4023633066099137,0.03574120718985796,0.5578193536493927,0.18752396130003035,15.61613921905402
0.6765527902171016,0.12489922111853957,0.5866768502164632,0.10119679011404514,0.7023390007670969,0.4538386387284845,0.025242027826607227,0.479925072286278,0.4395275437273085,0.716956296004355,6.305881787821752
0.30732424138113856,0.008327385876327753,0.23901343485340476,0.47437931620515883,0.45063703530468047,0.6777641370426863,0.005444951821118593,0.6928789352532476,0.023966851411387324,0.12867770297452807,6.5844040951031735
0.012843312695622444,0.2271404261700809,0.5871688786428422,0.7423164234496653,0.003753192722797394,0.7353283409029245,0.9092250477988273,0.021215207409113646,0.1701699667610228,0.7252508508972824,7.526922959275868
0.5562149649485946,0.6409903259482235,0.024792493786662817,0.7281676712445915,0.1037258303258568,0.7933372326660901,0.7670476674102247,0.6286741313524544,0.5136520473752171,0.9177665812894702,22.186251701566654
0.4901081139687449,0.8475272036157548,0.6204195821192116,0.16810450237244368,0.07779943360947073,0.7874617842026055,0.6140995319001377,0.5086632776074111,0.9517231455538422,0.9822801209520549,12.099890314646522
0.07484279875643551,0.013515006750822067,0.6046412279829383,0.6870710020884871,0.2154976816382259,0.1909935015719384,0.43718359316699207,0.021521711954846978,0.30477765831165016,0.368086127564311,9.738801446259883
0.24098954466171563,0.9166116865817457,0.8330752516631037,0.16146406764164567,0.0017714500427246094,0.8968925843946636,0.40642074565403163,0.47223121440038085,0.6741158212535083,0.33410965744405985,9.317126711807804
0.07690865965560079,0.4272597054950893,0.875906836707145,0.6690155994147062,0.7492103667464107,0.638906431151554,0.009319792035967112,0.42640975397080183,0.6632293942384422,0.21553833899088204,14.313817095523293
0.42548991995863616,0.16263949172571301,0.08971884963102639,0.6891659793909639,0.7113900075200945,0.7220193701796234,0.5533529734238982,0.0365487583912909,0.4910492617636919,0.8357694619335234,14.966204932309761
0.8571826964616776,0.017524843337014318,0.3681875860784203,0.4315577333327383,0.22514003491960466,0.04444839316420257,0.18124885950237513,0.5362732312642038,0.8791287455242127,0.2977717260364443,7.1937048200715505
0.18040971434675157,0.02596244285814464,0.07013887679204345,0.008243649965152144,0.474455309798941,0.09525561425834894,0.93973652087152,0.07845463789999485,0.814739964203909,0.4493127043824643,6.198031190190566
0.8118955588433892,0.31654183007776737,0.8291381315793842,0.4757917234674096,0.934063755441457,0.7087724793236703,0.8795118927955627,0.4649702880997211,0.736120006069541,0.10051602218300104,18.10508512691632
0.008480103919282556,0.7693197389598936,0.3061226534191519,0.6509215359110385,0.16681747743859887,0.19079217361286283,0.8703757296316326,0.37921682302840054,0.03828934417106211,0.2130950684659183,8.563562560136205
0.19627691619098186,0.84271185612306,0.9964609453454614,0.14796346006914973,0.20849938225001097,0.33278031810186803,0.5106458077207208,0.3540047744754702,0.5075727596413344,0.2092076945118606,11.336405143208719
0.9230046113952994,0.42812641407363117,0.8987739884760231,0.6592797737102956,0.8250695439055562,0.7233725900296122,0.11675370205193758,0.8963404439855367,0.5526212984696031,0.7931041934061795,22.86628657670338
0.7172111708205193,0.5182749959640205,0.39295213646255434,0.5668792005162686,0.07115036202594638,0.06471165060065687,0.9790416825562716,0.7604715009219944,0.9215524927712977,0.9084886582568288,14.718732917299834
0.10322885471396148,0.06479554623365402,0.9171153800562024,0.6918340150732547,0.5691285410430282,0.638168428093195,0.2739347966853529,0.46943069947883487,0.05921336030587554,0.02618960221298039,14.116327842533126
0.2608445400837809,0.4559661918319762,0.35226798988878727,0.7460995919536799,0.2268881641793996,0.8581420674454421,0.5309466982726008,0.597919560270384,0.15885775489732623,0.9021551720798016,12.926427510421936
0.5312184081412852,0.8110178590286523,0.4921974663157016,0.26984793809242547,0.6859115052502602,0.3199938707984984,0.4423490723129362,0.1345459211152047,0.48074061539955437,0.19045690400525928,14.551704359611435
0.3872429255861789,0.6453154536429793,0.16745863412506878,0.8381021779496223,0.04298954759724438,0.5542948876973242,0.39214918157085776,0.3624134494457394,0.49206354888156056,0.7612042070832103,20.194798196320946
0.20096982107497752,0.1934194122441113,0.6761453461367637,0.9404689390212297,0.1215914860367775,0.01901181391440332,0.24411267647519708,0.1682641338557005,0.6761186926160008,0.05536723602563143,11.928223802577142
0.5501534903887659,0.4389258495066315,0.36744089098647237,0.09609475312754512,0.021668876986950636,0.549250001553446,0.40630332031287253,0.6213068037759513,0.154711430426687,0.21117649413645267,8.866351509980047
0.4386271752882749,0.9959252288099378,0.9662624064367265,0.6217936938628554,0.295174925820902,0.3819039410445839,0.9980973529163748,0.968508270336315,0.6946051877457649,0.6087514362297952,23.13630000556592
0.9278476762119681,0.8596483345609158,0.9567284220829606,0.9370910145808011,0.8664911710657179,0.5906134648248553,0.7024207329377532,0.8992435426916927,0.8125595359597355,0.2486401479691267,24.20147911567307
0.404651150573045,0.8973629467654973,0.5864398176781833,0.06746697379276156,0.4028566728811711,0.9082238059490919,0.983765343669802,0.8515882077626884,0.45423541334457695,0.9677475213538855,12.943461176628478
0.8306514841970056,0.25753020541742444,0.6198113402351737,0.2702686705160886,0.30119138513691723,0.9342504572123289,0.3261885417159647,0.581094216555357,0.8919949957635254,0.27654214738868177,11.891748982527563
0.9344938721042126,0.9347056043334305,0.32708934345282614,0.5682936166413128,0.3615126961376518,0.017274883342906833,0.626658943714574,0.20940699893981218,0.5705926606897265,0.9396641505882144,12.053185109587567
0.4957155305892229,0.6455587456002831,0.2897210253868252,0.9018269684165716,0.6888239569962025,0.5690659112296999,0.5947970722336322,0.36827140185050666,0.932403092039749,0.028447286691516638,20.36971935500055
0.3286632269155234,0.9513938347809017,0.8261423062067479,0.1059723247308284,0.9115540573839098,0.05106817069463432,0.13773613423109055,0.6810777417849749,0.791562797036022,0.7278544686269015,16.361279303376495
0.35738872084766626,0.5150360555853695,0.30334834288805723,0.740593753522262,0.6674965161364526,0.8143754720222205,0.7002707093488425,0.8208061615005136,0.7950577361043543,0.44227346614934504,16.959047114398004
0.33349634264595807,0.6670556594617665,0.046041804598644376,0.5879482734017074,0.0856329551897943,0.3116868131328374,0.8542186161503196,0.8757401762995869,0.06964396242983639,0.859043596778065,16.27612080353475
0.22117017768323421,0.3083496750332415,0.4173703349661082,0.5290503124706447,0.7321818913333118,0.8559998020064086,0.8042882457375526,0.45065591810271144,0.2640609098598361,0.11875576828606427,10.390727907931922
0.40538075170479715,0.7966797039844096,0.16086545796133578,0.3005488230846822,0.32468780945055187,0.10136323189362884,0.8893919514957815,0.9088584678247571,0.7778907767497003,0.34816333930939436,13.880585394276727
0.22137136477977037,0.3871531398035586,0.02924242615699768,0.1953935963101685,0.10908933589234948,0.673605909338221,0.8319878871552646,0.008511395193636417,0.23777861800044775,0.01584102609194815,9.860966920383197
0.41917598503641784,0.18883139081299305,0.10303672426380217,0.5777750280685723,0.1723892423324287,0.8841778063215315,0.6504893468227237,0.8520962309557945,0.7545292207505554,0.01027448638342321,11.456961586096218
0.3635341553017497,0.020253850845620036,0.8511307022999972,0.8841086477041245,0.5085951215587556,0.8725858305115253,0.8861955488100648,0.6464568772353232,0.4983089384622872,0.8347326754592359,13.148406748634752
0.4085000059567392,0.08153158449567854,0.23687883699312806,0.8154389732517302,0.2694785895291716,0.14235791936516762,0.766481657512486,0.25972590083256364,0.7768278096336871,0.7117360797710717,12.908756909879434
0.8204766863491386,0.8121750105638057,0.2693284291308373,0.9213385677430779,0.5690752533264458,0.07325535477139056,0.45418151491321623,0.13686674390919507,0.31402079202234745,0.20322511834092438,22.21638003307791
0.29955203901045024,0.3672826015390456,0.6480871555395424,0.8831006151158363,0.31457540788687766,0.5096271699294448,0.5664387147407979,0.7844606197904795,0.8431098477449268,0.8873258854728192,12.107483453806065
0.061665237648412585,0.15595313045196235,0.6313613094389439,0.28559262794442475,0.960720960283652,0.2931351223960519,0.9141109518241137,0.060405376832932234,0.022638410329818726,0.2958806580863893,8.664890312396784
0.8600427454803139,0.6068436393979937,0.19050601194612682,0.2905425876379013,0.6823655371554196,0.5080870019737631,0.8659553253091872,0.4342909425031394,0.09725069743581116,0.02826725598424673,17.871321597197955
0.9885789272375405,0.13729702797718346,0.5919791394844651,0.21161924512125552,0.12731304857879877,0.17559387674555182,0.7241577201057225,0.22910497873090208,0.2031660913489759,0.9015107497107238,7.510238465373515
0.12600749731063843,0.6575121458154172,0.5909026334993541,0.8886218636762351,0.013579317135736346,0.7231067537795752,0.450641178060323,0.2750667189247906,0.8212192065548152,0.45953647210262716,12.875335732735431
0.7254647337831557,0.3214277937076986,0.5895917268935591,0.5723519283346832,0.8405556951183826,0.8915994470007718,0.40836402447894216,0.012894550105556846,0.7353958312887698,0.9500483716838062,17.796963062588784
0.19813766330480576,0.0031224137637764215,0.4121530323754996,0.6676009397488087,0.2347303640563041,0.026139990892261267,0.3040338843129575,0.11788610299117863,0.20606094016693532,0.09616066818125546,8.34160536026327
0.09736393997445703,0.3668425774667412,0.35171415260992944,0.9691893223207444,0.46933177416212857,0.8835759554058313,0.3119648883584887,0.585955211892724,0.8284619241021574,0.3008879569824785,13.680751841295939
0.13686570315621793,0.0558717658277601,0.694334763335064,0.23044664063490927,0.7811090578325093,0.7032796766143292,0.3960799830965698,0.8497045140247792,0.07374735199846327,0.21784852189011872,6.921159008574631
0.9913902606349438,0.4945406087208539,0.8470705486834049,0.6671225389000028,0.13835334964096546,0.8500397154130042,0.9695559507235885,0.11953363451175392,0.09703358565457165,0.8264274941757321,20.79571198707742
0.7882914920337498,0.40125306183472276,0.8559091936331242,0.4471316756680608,0.7037524189800024,0.15189485740847886,0.8283173958770931,0.20897895726375282,0.6073446040973067,0.44968693144619465,20.301222586905062
0.1655963163357228,0.42105837049894035,0.5805353114847094,0.17319226916879416,0.4922016642522067,0.38530933181755245,0.9006390017457306,0.07836667471565306,0.5017482878174633,0.0742364302277565,5.426104742624997
0.3109195213764906,0.4385830797255039,0.46760245342738926,0.843366468558088,0.23456545174121857,0.45996602810919285,0.34754578769207,0.07095764810219407,0.7340165753848851,0.22387691354379058,14.242511149248955
0.6359602799639106,0.32751037180423737,0.8753310018219054,0.25451108533889055,0.5855635770130903,0.6052783248014748,0.4059008590411395,0.27549437968991697,0.6230303852353245,0.5993624678812921,15.091920648700937
0.7291987638454884,0.5340045318007469,0.9445981276221573,0.6380543098784983,0.8208510344848037,0.4344068628270179,0.8209911424200982,0.48582414467819035,0.9742416676599532,0.9399173352867365,24.027517706236345
0.18334802659228444,0.42624686914496124,0.5300761463586241,0.9963374109938741,0.34813713445328176,0.9576112325303257,0.6655291933566332,0.45522225508466363,0.04582570749334991,0.3114929620642215,13.194422811412728
0.07110076770186424,0.6062281720805913,0.7526982445269823,0.44911021715961397,0.29000067873857915,0.6977528596762568,0.6000861807260662,0.9496425120159984,0.6424787698779255,0.3032155854161829,9.050737264471362
0.7633890316355973,0.08472692198120058,0.4124194837640971,0.8009177057538182,0.4344479953870177,0.5682394907344133,0.8003415602724999,0.976147202309221,0.597509799990803,0.2665222941432148,10.769598778882154
0.9614838573615998,0.7461843008641154,0.8901380549650639,0.19221191969700158,0.2469137143343687,0.6820653681643307,0.1775803540367633,0.8033196700271219,0.7883536459412426,0.23783311108127236,13.09371506816083
0.3752785853575915,0.49617708241567016,0.6588310608640313,0.23883126443251967,0.5663254039827734,0.5692689991556108,0.6093247092794627,0.23108049225993454,0.42819991358555853,0.7994646248407662,9.973009249164127
0.061914943158626556,0.7834108986426145,0.42592508578673005,0.7187735890038311,0.28817001171410084,0.05952798295766115,0.23594629717990756,0.6859240904450417,0.07667255098931491,0.8652476377319545,10.303721241445832
0.48933025752194226,0.015872927848249674,0.7911022540647537,0.9783978254999965,0.10180730489082634,0.7104562490712851,0.16598447668366134,0.479240893619135,0.4778857415076345,0.513618455035612,11.523506677020576
0.9295612350106239,0.5978132300078869,0.23960864963009953,0.3041265197098255,0.9825553398113698,0.539212943520397,0.414612332591787,0.6141405371017754,0.24782432871870697,0.11289239721372724,19.496124060593274
0.11925892904400826,0.4255312953609973,0.2415688238106668,0.7673123646527529,0.26615456701256335,0.5337895946577191,0.5763433803804219,0.4472259068861604,0.9407259041909128,0.9926662289071828,11.31628510772924
0.5758087777066976,0.7892677346244454,0.0054675990249961615,0.41531454073265195,0.36354495864361525,0.34129789657890797,0.4638091684319079,0.686194077366963,0.18282302049919963,0.5946193842682987,18.53911328115972
0.2362082675099373,0.4184074841905385,0.10873515624552965,0.44035176164470613,0.17713542142882943,0.9394915772136301,0.8926366548985243,0.41471269517205656,0.8253835518844426,0.23718219413422048,11.947605999312696
0.36107825813815,0.21449769288301468,0.7471487736329436,0.7434716869611293,0.1498926505446434,0.9696364982519299,0.5278533960226923,0.5116894412785769,0.41041045845486224,0.04981807875446975,10.925817421033713
0.02608234668150544,0.08977447147481143,0.8714988494757563,0.2982207424938679,0.41457930114120245,0.8138463774230331,0.5770003125071526,0.32897571404464543,0.9512655399739742,0.7294865737203509,7.518595981916323
0.5516494321636856,0.826987660722807,0.6790431262925267,0.6716899408493191,0.07983768847770989,0.23635110491886735,0.6061730780638754,0.6195233638864011,0.6846199776045978,0.4642111777793616,16.318359789240038
0.6708132165949792,0.9325233986601233,0.5068312752991915,0.2950360802933574,0.5581528434995562,0.7551483632996678,0.5751774122472852,0.006452193949371576,0.2889170243870467,0.5742283188737929,15.570904381468251
0.2679140807595104,0.6756057913880795,0.732444939436391,0.8539632933679968,0.5168024045415223,0.6063374122604728,0.9155120241921395,0.3333737407810986,0.06282975361682475,0.6461322722025216,17.477007448357647
0.7873995555564761,0.9506013016216457,0.36333169788122177,0.2324955342337489,0.9991010457742959,0.7125445811543614,0.9086006421130151,0.20875266334041953,0.8798690792173147,0.9226378628518432,16.420395205249218
0.16409033304080367,0.5463087966199964,0.4552348970901221,0.05154316336847842,0.971641912125051,0.16393038630485535,0.46524300146847963,0.9998158328235149,0.4726132648065686,0.4764707232825458,8.665963357501088
0.5237757251597941,0.8937764293514192,0.2447052604984492,0.9278252059593797,0.01856090407818556,0.8681130011100322,0.3599683241918683,0.3486465532332659,0.2251609843224287,0.7835516610648483,19.44462659577989
0.5324912737123668,0.549685497302562,0.9467199288774282,0.6856921401340514,0.7361259993631393,0.6503660287708044,0.16375742806121707,0.17618439299985766,0.2633689471986145,0.2719741736073047,22.17974092160421
0.26391481910832226,0.7825722352135926,0.8341688064392656,0.6937739043496549,0.5436575496569276,0.23810859653167427,0.7797463748138398,0.5489977102261037,0.23779212217777967,0.19134594616480172,18.08784198046374
0.5767048359848559,0.06909117801114917,0.23760456824675202,0.04688023775815964,0.6633414947427809,0.8152370469179004,0.5330959719140083,0.009389040991663933,0.23192733409814537,0.6888452137354761,4.195605396902719
0.9488277661148459,0.0015961092431098223,0.4229255442041904,0.6166026263963431,0.9792426705826074,0.7944952310062945,0.22596321464516222,0.49586765584535897,0.38632807950489223,0.667462628800422,11.158422685240971
0.29026935272850096,0.17833600146695971,0.7885935422964394,0.6252194931730628,0.5026167198084295,0.9465787434019148,0.45922507788054645,0.42276042606681585,0.3810525261797011,0.6692090486176312,12.761861247980447
0.3581002694554627,0.4221981328446418,0.9313806002028286,0.6417906002607197,0.5233114860020578,0.16050346451811492,0.24006470129825175,0.08619765914045274,0.28964257752522826,0.5024971452075988,17.301397044704466
0.013113121036440134,0.8623042025137693,0.4459895195905119,0.3313998021185398,0.5822115747723728,0.5351631988305598,0.2343316557817161,0.46475741383619606,0.7855282186064869,0.6419662670232356,3.41961876554205
0.6342641594819725,0.37484718253836036,0.4826510639395565,0.6579179372638464,0.6065182650927454,0.5231281514279544,0.899140520952642,0.2247647235635668,0.9004727364517748,0.6937968623824418,17.0387288020781
0.3676856802776456,0.906261992873624,0.6850216507446021,0.8092787831556052,0.27697074180468917,0.0835868630092591,0.8020409105811268,0.9138801980298012,0.10163342114537954,0.009054306196048856,19.191678115085157
0.7269622813910246,0.13722338457591832,0.8189985889475793,0.20482542784884572,0.7882203324697912,0.4894013467710465,0.44659515912644565,0.14097862667404115,0.342719039414078,0.4559711564797908,12.513454355914298
0.8004937041550875,0.7104559682775289,0.3668209300376475,0.09611932514235377,0.8061258979141712,0.9260624425951391,0.8072555984836072,0.581700447248295,0.4252958975266665,0.3043350554071367,14.939383176349297
0.8461496133822948,0.3949664384126663,0.40556103992275894,0.07824492012150586,0.2910404670983553,0.8217014244291931,0.9564176178537309,0.7289425667840987,0.42183848773129284,0.6499230340123177,11.613779422875606
0.47972799511626363,0.06436963495798409,0.8452668408863246,0.858493909239769,0.4992648889310658,0.6840689401142299,0.34751566988416016,0.5454983375966549,0.86791588133201,0.5987712214700878,14.040972413686484
0.35601909132674336,0.22681211959570646,0.6648174428846687,0.8954419696237892,0.9740293179638684,0.49630200304090977,0.07781497738324106,0.39463540399447083,0.34039362939074636,0.842278761556372,16.852521074289672
0.8496373477391899,0.4448627394158393,0.11936315847560763,0.93486168817617,0.19791892846114933,0.8124846001155674,0.17853045603260398,0.3493741489946842,0.5118749046232551,0.08746462152339518,21.829392596922165
0.966783557087183,0.41959189297631383,0.611805509775877,0.23593010660260916,0.7867691745050251,0.27539805555716157,0.09492850885726511,0.5045299355406314,0.18435018346644938,0.3225730813574046,14.817629988319009
0.608642301056534,0.8337669656611979,0.09714398696087301,0.751901769079268,0.29334055772051215,0.04637345881201327,0.7636409383267164,0.9832445497158915,0.04724136367440224,0.011250891024246812,23.002962915942174
0.501835451927036,0.5559789463877678,0.32869856734760106,0.4551711541134864,0.4419280719012022,0.7745478549040854,0.2925230101682246,0.36928102374076843,0.5552860626485199,0.9936698807869107,15.726983785412852
0.39527264586649835,0.20473014866001904,0.5395033836830407,0.8934323841240257,0.7393089979887009,0.58955914597027,0.7138708685524762,0.4820397438015789,0.4617384965531528,0.7953371612820774,15.616982226961213
0.6588841252960265,0.292819858295843,0.2755681711714715,0.41552607738412917,0.6089412164874375,0.8665763339959085,0.715423398418352,0.03181153885088861,0.2275890524033457,0.19131485815159976,14.127791394742735
0.31288246461190283,0.8484013681299984,0.19323321711272,0.30755072669126093,0.8666741705965251,0.9829080027993768,0.6219919044524431,0.8197145818267018,0.63844208070077,0.34378497023135424,15.821793798912669
0.6266225269064307,0.4467403828166425,0.25939546851441264,0.930054770084098,0.9572779017034918,0.02606143685989082,0.8740259704645723,0.6471625838894397,0.925128977978602,0.1849315573927015,22.81839519747163
0.9711506410967559,0.4633042609784752,0.38819813751615584,0.8121543079614639,0.3825679684523493,0.6185374869965017,0.7022245074622333,0.8576596062630415,0.8209489323198795,0.6673016531858593,20.467747674489047
0.6719933396670967,0.6969686464872211,0.21439598826691508,0.9081888843793422,0.7352451006881893,0.8164820943493396,0.06675221980549395,0.8294347624760121,0.8140890609938651,0.027227826649323106,25.26599151392588
0.7422187435440719,0.5308595860842615,0.8951107740867883,0.038353324169293046,0.9643434192985296,0.1687584202736616,0.6880121410358697,0.30081856646575034,0.15425323811359704,0.7882386283017695,16.722441757861695
0.8217617615591735,0.23351006140001118,0.2748672154266387,0.3193746251054108,0.21752955811098218,0.6408033710904419,0.763766315067187,0.04217318189330399,0.7284400325734168,0.5927607482299209,8.306091313889297
0.10813605785369873,0.23283747676759958,0.1702398401685059,0.6595868223812431,0.897917753085494,0.5985861595254391,0.4454261742066592,0.7649642643518746,0.1494353145826608,0.5736999416258186,12.479476257734715
0.9955133581534028,0.23035807302221656,0.90775115811266,0.04145693080499768,0.42107337014749646,0.2999501917511225,0.23547520441934466,0.52860690606758,0.9667543699033558,0.717942212941125,12.588758243934159
0.8474196263123304,0.5426454674452543,0.8447235962375998,0.6225613064598292,0.5267951823771,0.22864102944731712,0.27854996896348894,0.7427045283839107,0.6629321351647377,0.9642603429965675,22.369433312990758
0.884218173334375,0.320012231124565,0.4082147213630378,0.3717752480879426,0.7911184788681567,0.528916438575834,0.8794269515201449,0.6638800019863993,0.8991453875787556,0.5079190118703991,14.695806493552418
0.8939140297006816,0.9830692047253251,0.9652793318964541,0.8746947594918311,0.4524280570913106,0.10492157260887325,0.1768713817000389,0.9077414365019649,0.8665604363195598,0.0003894201945513487,17.97344713387988
0.7574025592766702,0.40455531561747193,0.6542427744716406,0.13707885914482176,0.7966584123205394,0.8612553309649229,0.9770295929629356,0.10367268836125731,0.8944185564760119,0.31742782914079726,13.133429913609763
0.6386083711404353,0.8372662372421473,0.8550280306953937,0.9611104524228722,0.7118994954507798,0.6006250286009163,0.7613518247380853,0.5591491560917348,0.6590911489911377,0.506108887726441,26.580630093240952
0.2350009996443987,0.6911009817849845,0.9694783037994057,0.5312596978619695,0.16764548886567354,0.6845572169404477,0.14479608507826924,0.2721259652171284,0.2701781359501183,0.6050392433535308,15.52849661582831
0.4946508384309709,0.5457090146373957,0.4258936399128288,0.4468043129891157,0.27911973278969526,0.48906968953087926,0.24437674530781806,0.37394187063910067,0.6703422646969557,0.9364977348595858,15.026273924036744
0.4448084223549813,0.8214987479150295,0.6463046236895025,0.8856218650471419,0.9106407575309277,0.3388987313956022,0.08337841159664094,0.9564002102706581,0.14890997670590878,0.8529048573691398,24.03983405857144
0.3147941865026951,0.1765635348856449,0.4229528587311506,0.7306203139014542,0.321634778752923,0.21623892150819302,0.974614969920367,0.7762304779607803,0.667578550754115,0.1336895760614425,11.82127433286209
0.5440907774027437,0.655904796672985,0.9754386353306472,0.05126085691154003,0.9671772692818195,0.008525419281795621,0.7344286416191608,0.2847943571396172,0.7008541943505406,0.8550844565033913,19.66167178693524
0.6099099253769964,0.35739360679872334,0.5682978453114629,0.8299038291443139,0.14909395342692733,0.607222207589075,0.3014065008610487,0.3850543536245823,0.32817660784348845,0.7605229157488793,15.712398583153032
0.35537819331511855,0.1384228183887899,0.5296715758740902,0.845573295140639,0.6868409144226462,0.2620420081075281,0.7990008166525513,0.08033529296517372,0.08361165085807443,0.5238340131472796,13.561226683857587
0.7494150749407709,0.002475584391504526,0.09705323213711381,0.46840843465179205,0.4055904333945364,0.5637772583868355,0.10958847729489207,0.9938966049812734,0.5618443468119949,0.6926460445392877,10.335861735697176
0.5272321824450046,0.08485058229416609,0.022986719384789467,0.12000871822237968,0.7249926512595266,0.2743535644840449,0.7813440000172704,0.9006023658439517,0.462761266855523,0.5168345014099032,10.80009340239703
0.29964320571161807,0.3589918352663517,0.03641618974506855,0.6861966694705188,0.032173560466617346,0.8024255805648863,0.7446737207937986,0.7364461494144052,0.3012772386427969,0.06471992959268391,13.933747299949182
0.04150822479277849,0.6011972657870501,0.023629801347851753,0.3321868518833071,0.24938221601769328,0.32232912676408887,0.191279191756621,0.10989024606533349,0.35790558345615864,0.7009698145557195,9.301189065794013
0.5988264109473675,0.21999046835117042,0.7120444579049945,0.15605446021072567,0.784505391260609,0.9984877326060086,0.09482074016705155,0.3458158827852458,0.6230189043562859,0.5850724198389798,9.668380633904155
0.5349168011453003,0.11480363248847425,0.22840306302532554,0.4299699147231877,0.6778837621677667,0.508369080722332,0.41680040676146746,0.2475961558520794,0.6122125352267176,0.6529463625047356,11.1122355097042
0.22364258696325123,0.0756387491710484,0.9950346134137362,0.5082110201474279,0.760425640270114,0.26208033598959446,0.4373811448458582,0.7465362895745784,0.3097354359924793,0.41566030122339725,14.355534569926862
0.841335822828114,0.32854829146526754,0.4778148529585451,0.8652298129163682,0.08356882561929524,0.49532430595718324,0.554323548451066,0.18293698388151824,0.5205655791796744,0.6310875236522406,16.837887782543174
0.029367336770519614,0.4181929654441774,0.5987197773065418,0.743769398657605,0.0021165828220546246,0.7143637554254383,0.7644901380408555,0.5876649543642998,0.9402623961213976,0.9632100383751094,8.198386708435992
0.09193543088622391,0.8025332691613585,0.0022105672396719456,0.5504219301510602,0.5724060153588653,0.869363701203838,0.5586110218428075,0.038468191400170326,0.6948700537905097,0.3765702524688095,14.597458982618257
0.2428175057284534,0.22741645481437445,0.24563678703270853,0.5746535905636847,0.541052644373849,0.5056070608552545,0.33008275646716356,0.8726509234402329,0.776043830672279,0.9914951771497726,10.946698898742712
0.44942789268679917,0.4382122037932277,0.46863789414055645,0.04235533718019724,0.12762371730059385,0.6335875231307,0.618135389406234,0.6350370848085731,0.6899961228482425,0.7011757662985474,5.700391193333933
0.5956569579429924,0.2259549400769174,0.6472964487038553,0.5617413355503231,0.15285638556815684,0.7444850986357778,0.8789524328894913,0.7106619738042355,0.17588138952851295,0.4833507544826716,10.212413071720182
0.7500218697823584,0.20943929278291762,0.7279557562433183,0.9524793673772365,0.9665559132117778,0.1483018749859184,0.6912748629692942,0.47130116960033774,0.15053099486976862,0.2865541256032884,19.227957259652428
0.07290933630429208,0.0675357817672193,0.3476897270884365,0.9570690670516342,0.7514093753416091,0.6922189041506499,0.59179598512128,0.9949242402799428,0.3131722102407366,0.04970318335108459,14.603065703254298
0.990133750718087,0.45029468880966306,0.261783150723204,0.24399386812001467,0.12620763620361686,0.29681421536952257,0.835539752850309,0.5638220196124166,0.25909181241877377,0.41755094984546304,14.064976912083036
0.7246972839348018,0.786320568760857,0.10654317424632609,0.961338977329433,0.4910933398641646,0.6734875796828419,0.3926088900770992,0.9384660720825195,0.2259047795087099,0.8422349449247122,25.517253856661466
0.5411898754537106,0.5892295315861702,0.5028058493044227,0.5469011708628386,0.3897471174132079,0.423702999483794,0.10385298333130777,0.8981698651332408,0.6658922520000488,0.347044768743217,15.56709468897067
0.7850025398656726,0.8183327300939709,0.4552204660139978,0.12787899165414274,0.005925237666815519,0.49944634293206036,0.5019698364194483,0.790688140084967,0.8419975687284023,0.8730268909130245,10.85936541925092
0.6992842582985759,0.2966500667389482,0.16375891817733645,0.18888421170413494,0.37990378751419485,0.8041121757123619,0.8881369337905198,0.21326584299094975,0.7477449853904545,0.4855392794124782,11.635440973296388
0.5438400534912944,0.8801791570149362,0.5317625326570123,0.33928766334429383,0.26600232627242804,0.7663775393739343,0.8448126839939505,0.26539586926810443,0.49685708014294505,0.11375087196938694,15.34042543905276
0.20238898205570877,0.4378468443173915,0.7227862335275859,0.7235209965147078,0.7470544253010303,0.4770419984124601,0.5229095886461437,0.8669519403483719,0.45553984213620424,0.47144305892288685,13.91780549997048
0.14752807142212987,0.034418287919834256,0.21199471363797784,0.7646560478024185,0.2867665116209537,0.5699850609526038,0.3565422419924289,0.35507470509037375,0.583880417747423,0.14083064277656376,10.35291468851004
0.4406781268771738,0.07330849976278841,0.4358195015229285,0.031554315937682986,0.11710211634635925,0.1586080261040479,0.30893056793138385,0.645913964137435,0.12531727086752653,0.15097144874744117,1.5832159482695336
0.6393700034823269,0.6157304048538208,0.2844516411423683,0.2878747780341655,0.2807100573554635,0.5331030879169703,0.8607253022491932,0.07800696161575615,0.982593679567799,0.8357100361026824,14.22527101077586
0.6495406955946237,0.3964960917364806,0.6771447705104947,0.4408754436299205,0.3770122022833675,0.7600128455087543,0.85216781264171,0.5612169881351292,0.43680170364677906,0.7518517568241805,15.188190167319734
0.5160665672738105,0.4405271881259978,0.8982135718688369,0.7293337902519852,0.02793664252385497,0.7583692900370806,0.08968336321413517,0.5582666266709566,0.25318626780062914,0.5118293545674533,16.590627763674682
0.5700913390610367,0.8498347527347505,0.6187911434099078,0.5859418464824557,0.4554370567202568,0.3134759298991412,0.22342304210178554,0.685830069007352,0.5634428083430976,0.026682297233492136,20.00367652909213
0.5188591307960451,0.11295360373333097,0.0030400522518903017,0.18939762841910124,0.5065878173336387,0.2763954671099782,0.1253848283085972,0.11680555227212608,0.2709541735239327,0.745446857297793,10.492933054515392
0.7040524976328015,0.03990557603538036,0.9767852909862995,0.7792812276165932,0.5007487407419831,0.5199385839514434,0.006668179994449019,0.5018869757186621,0.2930917930789292,0.7667846907861531,15.325458443536796
0.5359904090873897,0.02377873915247619,0.0527872908860445,0.6427160387393087,0.17305749468505383,0.30345860053785145,0.7557821071241051,0.43606380349956453,0.19586193328723311,0.2568654944188893,11.403138465961325
0.8588354615494609,0.7726390245370567,0.3624861831776798,0.41233031265437603,0.5483966663014144,0.9732219320721924,0.3535136724822223,0.06068806606344879,0.8409552704542875,0.4560182455461472,15.791999819232167
0.3657900549005717,0.31244231457822025,0.8103094210382551,0.049683809047564864,0.9952946742996573,0.5415666566696018,0.009039378724992275,0.1244393193628639,0.7244196101091802,0.3747560093179345,11.814751410681081
0.6700040204450488,0.05767696839757264,0.18388046114705503,0.8846363474149257,0.5842932111117989,0.3615691533777863,0.8403046966996044,0.7971369947772473,0.07416787091642618,0.45656465529464185,16.380767779751565
0.9220615222584456,0.8216953505761921,0.0784301592502743,0.9184029684402049,0.9983128064777702,0.17557481257244945,0.2909054458141327,0.7493843014817685,0.7099454312119633,0.11839912994764745,23.619456563181828
0.07481342437677085,0.5386897255666554,0.43371544661931694,0.5631872266530991,0.11620791768655181,0.3884831441100687,0.08272181497886777,0.45527096721343696,0.9859076137654483,0.9155303642619401,7.097314667375482
0.2111343329306692,0.9748189195524901,0.5154105972032994,0.8527242082636803,0.4263860166538507,0.16125444415956736,0.2210575733333826,0.026518713915720582,0.5094439501408488,0.1312473020516336,17.910337896572848
0.29255166789516807,0.8912089720834047,0.04949453938752413,0.5109525707084686,0.5022520148195326,0.4001763912383467,0.7857004317920655,0.15054838336072862,0.26963386056013405,0.09541375981643796,17.99120321519689
0.6007891623303294,0.569269884377718,0.18034539045765996,0.6648674805182964,0.21115180384367704,0.19622238771989942,0.24203678406774998,0.47903705365024507,0.1497915768995881,0.3444800628349185,19.65934715504023
0.8450643392279744,0.5790125369094312,0.722718664444983,0.7427816751878709,0.6404261882416904,0.2377931922674179,0.8173386587295681,0.11165874381549656,0.5727600818499923,0.512076016748324,21.25408682954949
0.6762431997340173,0.8513226339127868,0.8975353615824133,0.7569117399398237,0.6098947294522077,0.6634688500780612,0.4896001035813242,0.19235083693638444,0.9874764522537589,0.44646631786599755,24.797431155736902
0.43690460710786283,0.24804939748719335,0.31914470880292356,0.5398567339871079,0.5556793743744493,0.8622803124599159,0.5765828648582101,0.759115893393755,0.5760705145075917,0.7794000208377838,11.774341002570882
0.6727301748469472,0.21864304691553116,0.4836539817042649,0.01200292119756341,0.5667838514782488,0.5253047291189432,0.23057212843559682,0.16747389966621995,0.004687114618718624,0.9765876466408372,8.82428270381674
0.5528060437645763,0.9322779171634465,0.9812224234919995,0.5493251869920641,0.838450790848583,0.26249348372220993,0.6161201559007168,0.9422430761624128,0.5246394285932183,0.7049410874024034,24.17805143251915
0.6283393516205251,0.788196366513148,0.12513736099936068,0.8381249122321606,0.6119077822659165,0.2729310637805611,0.29011271498166025,0.8355466399807483,0.8037996981292963,0.23845212813466787,23.767233615290603
0.7316360783297569,0.5473881235811859,0.6963882981799543,0.8569854137022048,0.8326936750672758,0.030312356539070606,0.7342944662086666,0.3377196902874857,0.3739900221116841,0.7314350779633969,24.430117088789945
0.11336818989366293,0.8727997012902051,0.09653992671519518,0.16692028078250587,0.26724668126553297,0.07127376552671194,0.6763626663014293,0.9888018588535488,0.41565355635248125,0.8357317938935012,10.219904737833136
0.22098560258746147,0.6865292906295508,0.9318938367068768,0.4175345052499324,0.6539889075793326,0.009975694352760911,0.6847447082400322,0.45867335167713463,0.38664866611361504,0.5545103827025741,16.882673458757807
0.07882622606121004,0.09253104566596448,0.5675166381988674,0.7306597812566906,0.43482161685824394,0.16560191474854946,0.05555240856483579,0.5501621335279197,0.13770610303618014,0.6162673712242395,11.078890602271612
0.2345853664446622,0.22848489391617477,0.7938034029211849,0.9661068653222173,0.22388778743334115,0.7514072342310101,0.743741657352075,0.35187168838456273,0.34418700472451746,0.5882788724265993,14.241456274877418
0.5386280401144177,0.7992343902587891,0.5297213061712682,0.04178156889975071,0.9611604614183307,0.23265203391201794,0.9950259074103087,0.5420872203540057,0.4147892273031175,0.44595640432089567,15.984030716706217
0.041024172911420465,0.19065095367841423,0.5744536225683987,0.3642751306761056,0.566030909307301,0.49089563195593655,0.2818983078468591,0.8178028012625873,0.6285402132198215,0.253589982399717,5.724873769804059
0.43360921484418213,0.812669092323631,0.1952070202678442,0.6068650155793875,0.9739838668610901,0.0898309841286391,0.8141517268959433,0.06420066324062645,0.15424844366498291,0.9357889667153358,21.701610625563035
0.24447463802061975,0.6075252890586853,0.6021876009181142,0.4701439826749265,0.9932907780166715,0.41726099606603384,0.8732478395104408,0.24823096254840493,0.7142888666130602,0.2728378160391003,15.237602220377656
0.7713902608957142,0.016495076473802328,0.02410260564647615,0.6091962060891092,0.6636139217298478,0.21949997055344284,0.24440699559636414,0.6737172454595566,0.08829695801250637,0.7391779320314527,14.019857799418324
0.3113071739207953,0.6323693294543773,0.45422348100692034,0.5832719889003783,0.22309830714948475,0.4956468525342643,0.1742220886517316,0.20464676734991372,0.29554322198964655,0.6599306853022426,14.88926374764249
0.4379543603863567,0.7663217815570533,0.0824648046400398,0.9024270588997751,0.15233404003083706,0.17840411979705095,0.4886445854790509,0.6733915612567216,0.31552487588487566,0.7482838132418692,21.259045808747786
0.6952584262471646,0.6299152281135321,0.20679652458056808,0.6629869057796896,0.25212921714410186,0.7489698589779437,0.17876294208690524,0.015511504840105772,0.6620172604452819,0.9460233463905752,20.60038155223764
0.797226425493136,0.8233827860094607,0.2130554928444326,0.08516410295851529,0.9508221824653447,0.5798302907496691,0.44125780230388045,0.14155803783796728,0.35001084697432816,0.28170533501543105,14.86504107221349
0.4067320404574275,0.45486701000481844,0.09984475770033896,0.4907247214578092,0.11630556103773415,0.5457187674473971,0.7744086370803416,0.0342947943136096,0.3510964314918965,0.09332499490119517,15.4550887650356
0.61126823653467,0.3643131477292627,0.6057294770143926,0.3542094596195966,0.43265435635112226,0.3720728801563382,0.46173872612416744,0.5535736647434533,0.9437435464933515,0.11481572361662984,11.075397128889454
0.09823412541300058,0.3176070135086775,0.8265143921598792,0.7488222261890769,0.5998231798876077,0.9962340781930834,0.22322587529197335,0.7222003925126046,0.7291212794370949,0.06336936680600047,15.208402885548823
0.3747582398355007,0.9550973169971257,0.2083556887228042,0.3441967854741961,0.15880281385034323,0.6225384261924773,0.2736914644483477,0.8820787107106298,0.20056961779482663,0.6935433377511799,16.940520232798786
0.49709152337163687,0.6360897850245237,0.01678463676944375,0.10633853287436068,0.06418136996217072,0.1834814848843962,0.8604661151766777,0.7244693981483579,0.7640559796709567,0.603138224221766,15.248009201667438
0.17206973652355373,0.3197207129560411,0.019973112270236015,0.8000990760046989,0.8947801226750016,0.24053643248043954,0.4963770820759237,0.8165511842817068,0.13713909895159304,0.7481063732411712,21.649290183472175
0.5570551145356148,0.374794491333887,0.6975140587892383,0.810377120738849,0.3731573650147766,0.7080044930335134,0.8804438123479486,0.14438630430959165,0.4506285155657679,0.6974325659684837,17.606624508808203
0.7019246735144407,0.7745620566420257,0.6643157692160457,0.6206625695340335,0.7562883677892387,0.29748503770679235,0.262771213427186,0.39774584816768765,0.6024781509768218,0.7419857792556286,22.445308095807096
0.7828415147960186,0.37030422897078097,0.17781862569972873,0.02648581610992551,0.034640619764104486,0.8669514646753669,0.4359146822243929,0.2863536973018199,0.305437040515244,0.25546245160512626,9.315597210669806
0.4597621897701174,0.12338149501010776,0.014044533018022776,0.4185795895755291,0.0867759317625314,0.657671146094799,0.6393025177530944,0.10965477302670479,0.7386805135756731,0.6327891568653286,13.095946815818218
0.530019746394828,0.8218070110306144,0.8178199785761535,0.28551318356767297,0.6121671716682613,0.28875278239138424,0.02467782679013908,0.23594309319742024,0.9766225388739258,0.016765014734119177,16.167248013172987
0.5276390456128865,0.31151465559378266,0.7915149566251785,0.19559859205037355,0.46336878347210586,0.8818573604803532,0.7948475999291986,0.7893375307321548,0.7797611488495022,0.42039395216852427,11.478667574760232
0.24046131339855492,0.28099118871614337,0.4867058848030865,0.5136509507428855,0.7425967978779227,0.055135454749688506,0.8863111969549209,0.7834806148894131,0.33190657501108944,0.14836256415583193,11.960368662538759
0.055912273935973644,0.5311553047504276,0.01746058347634971,0.32369286892935634,0.4404626542236656,0.861471691634506,0.7557830144651234,0.016558026196435094,0.5307654892094433,0.856305672088638,10.259581392107105
0.1997008230537176,0.47652281541377306,0.7566958621609956,0.36984777357429266,0.2470731830690056,0.2678745707962662,0.8048463657032698,0.40256064501591027,0.36045383126474917,0.5680795458611101,9.37230638888556
0.3343104338273406,0.5823799029458314,0.5956641496159136,0.36084720538929105,0.05043682944960892,0.6608789109159261,0.8871967827435583,0.08951654355041683,0.5391752568539232,0.15927138552069664,10.142155195687135
0.5138898997101933,0.1826256630010903,0.6837241183966398,0.9271018737927079,0.4750865923706442,0.7060202709399164,0.779856872279197,0.15447820397093892,0.3192012966610491,0.1267816280014813,15.546362574979167
0.6345614385791123,0.8474951311945915,0.7194657507352531,0.5896611106581986,0.8811538403388113,0.7129716102499515,0.22985563823021948,0.42520076618529856,0.07490922580473125,0.23347822949290276,22.338842546863116
0.9071480017155409,0.3169174862559885,0.5190134919248521,0.3619037866592407,0.7785976123996079,0.6349935787729919,0.6547573572024703,0.8696444137021899,0.45071134134195745,0.01949770119972527,14.482266685378027
0.6405809237621725,0.039984562899917364,0.09473934606648982,0.5109803583472967,0.7924249095376581,0.3693585058208555,0.41645056498236954,0.8046449958346784,0.6387362952809781,0.7329368800856173,12.907262075674335
0.8439014866016805,0.2669623994734138,0.9383139465935528,0.15018235659226775,0.4213635572232306,0.05286926822736859,0.7168217767030001,0.7469135764986277,0.4985905275680125,0.5568343065679073,14.836209244155302
0.7130754049867392,0.19415633822791278,0.9998180284164846,0.8029523082077503,0.11531526735052466,0.026039944496005774,0.3308457999955863,0.3421997062396258,0.8134338054805994,0.8011203408241272,18.640607435977117
0.32773732021450996,0.027871145633980632,0.41435208753682673,0.3737945994362235,0.13625696231611073,0.6904954093042761,0.34715541917830706,0.8425768173765391,0.021990354172885418,0.3678647163324058,6.821492089694775
0.5524647382553667,0.7352105255704373,0.9330311825033277,0.1169209883082658,0.8827027028892189,0.3823750214651227,0.8902403695974499,0.0850845284294337,0.681722249602899,0.36404214845970273,17.963782744207126
0.2651950563304126,0.1569942340720445,0.6998499727342278,0.05460455734282732,0.7273873537778854,0.014459328027442098,0.20398805476725101,0.9766596197150648,0.1797155647072941,0.6698751379735768,7.32147333728076
0.9839787245728076,0.18362425034865737,0.09440356376580894,0.9475926666054875,0.3327577558811754,0.8556836168281734,0.8935599741525948,0.045213006902486086,0.8695553971920162,0.4142428676132113,20.32046775699248
0.6523701117839664,0.2838076788466424,0.14340368146076798,0.7280544855166227,0.2559030898846686,0.5195810731966048,0.23169111204333603,0.9415549736004323,0.7267817771062255,0.29477094393223524,16.3383930740149
0.9284144709818065,0.6118306943681091,0.11470870650373399,0.697044525295496,0.643865012563765,0.5260001728311181,0.7204945583362132,0.5808501453138888,0.6045913763809949,0.4466394460760057,23.334477659689735
0.7942636769730598,0.34208101872354746,0.09210177953355014,0.7833633380942047,0.5972583126276731,0.9887426297646016,0.700751272495836,0.7120659030042589,0.6602999684400856,0.8567806673236191,20.993087183038714
0.5451659308746457,0.8729194230400026,0.3560590778943151,0.551012959331274,0.8769361763261259,0.5020629710052162,0.9165359251201153,0.8832030205521733,0.5700311930850148,0.7599740263540298,19.565213479990824
0.6302025369368494,0.9099618257023394,0.13960444182157516,0.6972495913505554,0.7938147964887321,0.951373397372663,0.4602049491368234,0.021775169065222144,0.5585921150632203,0.44177159760147333,21.979173680739585
0.20430473843589425,0.36596984160132706,0.43357354518957436,0.9955092216841877,0.26504938933067024,0.10193893709219992,0.5602486254647374,0.043477210914716125,0.759526023408398,0.6449305170681328,15.495186159884375
0.6051374168600887,0.4019049913622439,0.61335015646182,0.20319890859536827,0.5558723662979901,0.08428718592040241,0.8189911877270788,0.21607949282042682,0.2684723229613155,0.43288258160464466,13.119550540734666
0.9920290627051145,0.09517348278313875,0.33235936029814184,0.6951555628329515,0.2586637658532709,0.03229557513259351,0.05066464934498072,0.7596601296681911,0.10236601065844297,0.42430266831070185,10.070513651797215
0.5433546954300255,0.19794059894047678,0.35120430565439165,0.1867737416177988,0.17026075976900756,0.7594956352841109,0.9267716575413942,0.9184400220401585,0.6392474512103945,0.062270168447867036,7.965210618644631
0.28071430046111345,0.8398264537099749,0.1701494101434946,0.830407528905198,0.9797523252200335,0.35358475102111697,0.2484821865800768,0.7312402867246419,0.20654568448662758,0.18942942935973406,22.92041851178685
0.9122720274608582,0.9605189783032984,0.770482805557549,0.45232343720272183,0.892141642048955,0.5509775418322533,0.7631574620027095,0.7906687834765762,0.16332250321283937,0.6882418850436807,14.078719107281179
0.6675144578330219,0.6440793937072158,0.30620270245708525,0.6134163078386337,0.5909988605417311,0.4996248797979206,0.01641372707672417,0.6028400978539139,0.6744964488316327,0.9495662220288068,20.657782587818907
0.7062053584959358,0.537270218366757,0.37197869014926255,0.9353070857468992,0.4952718138229102,0.4262573204468936,0.7176189599558711,0.49878209037706256,0.3605471197515726,0.9281741620507091,22.24198519141072
0.9266518705990165,0.4069416765123606,0.46852710423991084,0.0316942073404789,0.7389642582274973,0.7317633796483278,0.89136629155837,0.22363879974000156,0.6277702110819519,0.6446551871486008,13.000629153417368
0.6203139403369278,0.5902066798880696,0.21422848850488663,0.7059941659681499,0.24526682356372476,0.9238370575476438,0.07834129012189806,0.35573704238049686,0.21106860926374793,0.7906020504888147,19.817871517845454
0.9766854781191796,0.15102368663065135,0.7093466478399932,0.0936404331587255,0.3782798775937408,0.32872264785692096,0.4668263206258416,0.4417050499469042,0.04450221103616059,0.38650416187010705,7.668691540694946
0.00034921104088425636,0.91610521171242,0.9171837363392115,0.06491503561846912,0.9770551256369799,0.8410224239341915,0.6643278624396771,0.48432018235325813,0.03949298267252743,0.3421654913108796,8.965176602175356
0.6779476029332727,0.8573110157158226,0.8826259148772806,0.47231572680175304,0.9171713057439774,0.7803221573121846,0.13875758787617087,0.07814963115379214,0.8034590180031955,0.09370162361301482,21.843876477322933
0.1546209128573537,0.19886715593747795,0.4815975970122963,0.6943981759250164,0.053719623712822795,0.5394437408540398,0.4982681847177446,0.5640194932930171,0.6406631481368095,0.9012803316581994,9.694673713487449
0.18865791312418878,0.23978253453969955,0.9989445155952126,0.042131477035582066,0.04680029326118529,0.9341992393601686,0.16350430622696877,0.795327172614634,0.6864023644011468,0.49239249830134213,7.008692262332378
0.32069578603841364,0.8644810258410871,0.4103451929986477,0.8804009510204196,0.9395619237329811,0.5237098417710513,0.7909306061919779,0.43751832586713135,0.586876081302762,0.32597464229911566,18.99472527404189
0.09340889425948262,0.5300167719833553,0.5696765338070691,0.27160869375802577,0.34479766548611224,0.6091525305528194,0.33517330209724605,0.44976276624947786,0.11651303642429411,0.9260554988868535,5.799013788574371
0.7897671281825751,0.6663291046861559,0.14169011428020895,0.24085890711285174,0.10191849549300969,0.31359293102286756,0.2087584426626563,0.31933262874372303,0.6612969203852117,0.07105747936293483,14.940303366390989
0.9027933618053794,0.04046958824619651,0.557010204764083,0.3174839331768453,0.748108166269958,0.278475527651608,0.5769471526145935,0.586429187329486,0.21360275172628462,0.14482772233895957,10.933388295336353
0.3584662803914398,0.4724337258376181,0.6019465713761747,0.7130274048540741,0.0015979886520653963,0.2700299811549485,0.13728948100470006,0.2796307965181768,0.0002905977889895439,0.14781678630970418,12.163243882574193
0.5412282799370587,0.6467170047108084,0.243356856983155,0.7044771136716008,0.16509121819399297,0.6817600566428155,0.2711913532111794,0.8679881019052118,0.29490754660218954,0.46370960492640734,19.584961237636847
0.35554773826152086,0.7719764744397253,0.0810336940921843,0.9162351679988205,0.6263411620166153,0.23610814358107746,0.22788223903626204,0.542212353553623,0.9163599314633757,0.13493971060961485,23.16933484796597
0.5875779299531132,0.5487633512821048,0.4620050003286451,0.513195316772908,0.60542300529778,0.46264202473685145,0.290213480591774,0.9559148983098567,0.4933695604559034,0.7079587294720113,16.429731612227453
0.5752228570636362,0.5545392648782581,0.10552067216485739,0.7262362183537334,0.7606640483718365,0.5095343156717718,0.2573660770431161,0.14122694451361895,0.31585009349510074,0.857276294613257,24.52094655853612
0.8412677394226193,0.7600354503374547,0.35002422402612865,0.05320351221598685,0.0915243097115308,0.06742257787846029,0.87131293467246,0.7273441564757377,0.1616162033751607,0.7181359785608947,9.812477392824125
0.6266753452364355,0.013979851501062512,0.9270212529227138,0.3924415756482631,0.8554905031342059,0.6420986314769834,0.1936548922676593,0.9674005641136318,0.6637382183689624,0.21492079109884799,12.392513774907657
0.2210627410095185,0.7994147096760571,0.785129152238369,0.4790276335552335,0.23902982100844383,0.25329208723269403,0.8578343503177166,0.5361708542332053,0.7174532276112586,0.011259195627644658,11.697880283457529
0.12123496527783573,0.1661636361386627,0.8421937534585595,0.465374703053385,0.9381229265127331,0.2041052421554923,0.35798307694494724,0.6400194000452757,0.9762935661710799,0.4622918872628361,11.985407049966554
0.42314781504683197,0.0006483858451247215,0.7206685484852642,0.8757555584888905,0.7292166498955339,0.5914187624584883,0.40817047958262265,0.9097087208647281,0.3437273814342916,0.929380168672651,14.370317948731097
0.36427829368039966,0.5249502738006413,0.19786645169369876,0.9542202113661915,0.3348900778219104,0.20571372471749783,0.8193663640413433,0.009292204398661852,0.5151068877894431,0.37103684595786035,19.944546929783787
0.058838013326749206,0.6350898661185056,0.6937599719967693,0.6053783919196576,0.18612093292176723,0.7233393588103354,0.519440037664026,0.2843863717280328,0.04525692923925817,0.7965822624973953,8.961160680160118
0.5007780899759382,0.7109319891314954,0.04372197552584112,0.5842604208737612,0.5752614692319185,0.7745328177697957,0.6519515379332006,0.9514934483449906,0.045095482375472784,0.2124762898311019,22.812752082829174
0.690835848916322,0.043116870103403926,0.34443558705970645,0.8725136620923877,0.5455454385373741,0.3369735777378082,0.4602553518489003,0.47438137233257294,0.13257081992924213,0.5296644829213619,13.05305527309111
0.4837857326492667,0.013341182377189398,0.6048823974560946,0.42209276324138045,0.9186395069118589,0.5250267859082669,0.1600554035976529,0.16509023145772517,0.3669354764278978,0.5333157544955611,9.1000634817669
0.962845420697704,0.21265132073312998,0.7776434503030032,0.33483312278985977,0.08144993591122329,0.7293436059262604,0.4861270759720355,0.9308516616001725,0.6417521522380412,0.6210852654185146,11.094828366244018
0.09701319155283272,0.7044666665606201,0.3156422406900674,0.9673046877142042,0.5700190661009401,0.43786063068546355,0.00611380091868341,0.33534969319589436,0.9750571162439883,0.649943312862888,14.29523242877628
0.9486348438076675,0.9679957020562142,0.5039164719637483,0.1087618141900748,0.6996673357207328,0.1676331756170839,0.6032724929973483,0.6857488469686359,0.6340270026121289,0.8310618351679295,8.925697356435402
0.8591472003608942,0.7673282802570611,0.8299942386802286,0.8737403564155102,0.04274955438449979,0.48782913526520133,0.5801958586089313,0.23608330194838345,0.7201529359444976,0.4687656790483743,20.212267997655783
0.47206706856377423,0.9853553934954107,0.03409386100247502,0.5962920431047678,0.8698238423094153,0.9017888982780278,0.7768650820944458,0.4398495436180383,0.004544759402051568,0.4552637403830886,23.68227004032795
0.16723923501558602,0.11472242139279842,0.2583689298480749,0.16280085500329733,0.25286289607174695,0.4498718441464007,0.7004810734651983,0.387402264168486,0.9073501809034497,0.9943332774564624,5.370355745028265
0.8947035749442875,0.8110046733636409,0.45188667718321085,0.8784998776391149,0.3459595022723079,0.7651978782378137,0.34807370137423277,0.5361223213840276,0.6010690287221223,0.6347079284023494,19.027724168562887
0.7909670325461775,0.8224099983926862,0.2990142551716417,0.5225581645499915,0.845928460592404,0.9672701167874038,0.7962345043197274,0.14137695939280093,0.1668737626168877,0.4340087228920311,20.80716572136473
0.43007335416041315,0.5051044209394604,0.295025180792436,0.03812311077490449,0.8934981459751725,0.5839269640855491,0.9549046512693167,0.653679731534794,0.972803405020386,0.4264475964009762,9.275409120681452
0.40130677190609276,0.8063707945402712,0.25545145641081035,0.683151020668447,0.819854136556387,0.318498044507578,0.4953530030325055,0.843764565186575,0.1954172148834914,0.8780097032431513,21.645935525264402
0.10369822615757585,0.7432022183202207,0.15482408599928021,0.9462017426267266,0.5807849860284477,0.9004113408736885,0.23329645954072475,0.9590196071658283,0.41930769151076674,0.1480983670335263,17.167204053171687
0.9075129500124604,0.618057262385264,0.8216678977478296,0.6505185314454138,0.5789428094867617,0.41972301597706974,0.20340041420422494,0.2726191426627338,0.5616465867497027,0.457037485903129,20.338031796285943
0.3188210364896804,0.8249315209686756,0.21868933434598148,0.616813181899488,0.21783626405522227,0.6154651613906026,0.575551567832008,0.6309585433918983,0.3824874747078866,0.8391185184009373,16.220918760431807
0.789747241185978,0.5136768047232181,0.2917003105394542,0.2063591165933758,0.27994465618394315,0.6048001369927078,0.46580070024356246,0.9627831645775586,0.321165204513818,0.38323205267079175,14.641385525592732
0.8345475348178297,0.44566686637699604,0.3527570359874517,0.1419233321212232,0.3493982721120119,0.436428148066625,0.868445395026356,0.025565597461536527,0.37482753908261657,0.901552458293736,11.989548306595797
0.2521516738925129,0.9192021025810391,0.6277483338490129,0.3947494705207646,0.3436803405638784,0.34740955266170204,0.8583675720728934,0.47818718547932804,0.05134030641056597,0.692948718322441,14.099747836749431
0.14918464538641274,0.027147528482601047,0.40908290166407824,0.8728081407025456,0.3161412002518773,0.6743935777340084,0.47818832541815937,0.2156692564021796,0.4073643274605274,0.9507251884788275,10.436623043461369
0.8671737283002585,0.4067190408241004,0.4375972030684352,0.6206384343095124,0.33975565200671554,0.48982989485375583,0.30030325590632856,0.1930436328984797,0.25238893274217844,0.7557771804276854,16.915136386997375
0.26871553994715214,0.6702614517416805,0.14211439224891365,0.23862420674413443,0.3566929092630744,0.1047058415133506,0.14097034488804638,0.8069700428750366,0.8319703724700958,0.9991352881770581,12.590842648144358
0.9535130180884153,0.9108542609028518,0.951988932210952,0.20548397302627563,0.8247477896511555,0.9516133326105773,0.5266045688185841,0.050069940043613315,0.8549138584639877,0.882236193632707,14.086931634648204
0.6575688845477998,0.028218648629263043,0.17509912489913404,0.0469694493804127,0.6049070870503783,0.5743726077489555,0.4821341868955642,0.6794243806507438,0.7560388362035155,0.8759097394067794,6.194272507558124
0.7917922651395202,0.7936492143198848,0.2200249182060361,0.029875898733735085,0.17672333191148937,0.13123784423805773,0.29990959842689335,0.6922930928412825,0.18283446971327066,0.07622144254855812,14.262731794194965
0.6379011650569737,0.15751692582853138,0.0435242613311857,0.6805603043176234,0.9526643818244338,0.9864548936020583,0.443420035764575,0.20842290576547384,0.02632251475006342,0.398165330523625,18.507955544818426
0.7706161353271455,0.3708668171893805,0.6935689051169902,0.21423712209798396,0.5952512724325061,0.12430034903809428,0.4079611573833972,0.5874507727567106,0.6591664727311581,0.6464942707680166,13.265817657222785
0.2583362846635282,0.21426050527952611,0.13731731148436666,0.7744619762524962,0.4687141973990947,0.9800618987064809,0.2513665449805558,0.810350225539878,0.49686077586375177,0.13993248320184648,13.427151737593086
0.39669628883711994,0.665449611376971,0.7524351193569601,0.7729300104547292,0.33951477124355733,0.5177703895606101,0.393262519268319,0.3321964780334383,0.022991295671090484,0.3960609494242817,16.97031386355631
0.757302456535399,0.20063970633782446,0.47107860422693193,0.8368808901868761,0.15471093775704503,0.5646621990017593,0.5567292443010956,0.7948041690979153,0.13772496627643704,0.4313743310049176,16.324041036170506
0.7243667780421674,0.430180388269946,0.1372177612502128,0.026504995534196496,0.6720046736299992,0.7240715234074742,0.6140550719574094,0.8740694962907583,0.22065423452295363,0.48289680131711066,13.926411057566888
0.7134554199874401,0.7384815455880016,0.06899666250683367,0.4858726446982473,0.9487630960065871,0.19761810498312116,0.30039618257433176,0.018297305097803473,0.4145632421132177,0.35666675213724375,25.126343843311485
0.34185102325864136,0.9376154069323093,0.1972729393746704,0.44944043597206473,0.8825895958580077,0.07193824322894216,0.8672062414698303,0.5037347294855863,0.8332024102564901,0.7641707339789718,17.62845933196613
0.678077622782439,0.9124563315417618,0.4949133372865617,0.39388487953692675,0.9401370759587735,0.22898405930027366,0.094678427092731,0.2613837434910238,0.8161200541071594,0.6393634227570146,18.867339975206495
0.5530786379240453,0.03645567107014358,0.06439606961794198,0.8625778856221586,0.9807380412239581,0.2745308808516711,0.3891012049280107,0.48945022001862526,0.10420542326755822,0.11092199594713748,19.35955871872808
0.7417186831589788,0.9848086640704423,0.32912181224673986,0.758333430159837,0.4428887963294983,0.3994466078002006,0.2113690583501011,0.3671335068065673,0.3524031324777752,0.5990312795620412,17.085581289201286
0.10297461552545428,0.7517390386201441,0.9240944583434612,0.16700803232379258,0.38640425400808454,0.5453969915397465,0.7401201440952718,0.9903384423814714,0.06391083518974483,0.885692763607949,10.401935878861128
0.6420859226491302,0.594914898276329,0.10562102729454637,0.7938876973930746,0.9823216025251895,0.7425111627671868,0.4645891161635518,0.6858980541583151,0.8256719235796481,0.36619405378587544,24.203322886717576
0.4518617205321789,0.25515333795920014,0.03746075578965247,0.8976088722702116,0.8300578130874783,0.5629210262559354,0.8213792804162949,0.8424461313989013,0.945955109782517,0.7490158337168396,20.61791961417452
0.6637284848839045,0.22222900786437094,0.8810569038614631,0.8928095891606063,0.416138879256323,0.7377140251919627,0.3864550404250622,0.08872184297069907,0.7779251141473651,0.016786617459729314,17.4607077279976
0.15823513129726052,0.8748677847906947,0.38729466730728745,0.8570403107441962,0.841200744966045,0.8242762133013457,0.03772809938527644,0.04045335529372096,0.27554872911423445,0.3589289574883878,16.46196084245009
0.18085195566527545,0.39988558273762465,0.07363969413563609,0.20217191404663026,0.7669449509121478,0.4492459057364613,0.8389785645995289,0.5339590646326542,0.8246361264027655,0.2198228696361184,10.752869167029878
0.3732957106549293,0.17449170257896185,0.5163284263107926,0.8423851372208446,0.14763773675076663,0.3823977846186608,0.8277584505267441,0.5055921466555446,0.9753795079886913,0.1461843776050955,9.980861652994813
0.8411557504441589,0.4331659497693181,0.6965683638118207,0.5833931183442473,0.38824887364171445,0.9198084203526378,0.22606660914607346,0.5865715404506773,0.8802904007025063,0.20360835222527385,18.23240883824807
0.646359414095059,0.6274620648473501,0.7474995946977288,0.1629946616012603,0.1772183335851878,0.8300135405734181,0.47478433209471405,0.41935861273668706,0.2850321268197149,0.534562349319458,13.699050994165857
0.8359032191801816,0.9985260595567524,0.21653430187143385,0.9568917690776289,0.5492821910884231,0.6564121218398213,0.4389182538725436,0.45771451224572957,0.9093417320400476,0.753003015415743,20.209220551470953
0.7940524436999112,0.9683056704234332,0.8074057579506189,0.7259062591474503,0.05059696454554796,0.8589056436903775,0.820315646706149,0.4895931219216436,0.7607535067945719,0.8081245578359812,16.474398271993554
0.31226985715329647,0.010466675041243434,0.3064059785101563,0.4011883407365531,0.19371586455963552,0.7709670409094542,0.03484063292853534,0.599375136429444,0.07703980873338878,0.54462866531685,5.454977665732651
0.46579101658426225,0.20742620783858,0.3219860733952373,0.04333754093386233,0.14908459945581853,0.2891394386533648,0.9307385813444853,0.2680013042408973,0.6336235399357975,0.8150418596342206,4.353993528350327
0.6588813115376979,0.23376888851635158,0.15674114832654595,0.983679133001715,0.11114439484663308,0.193704666569829,0.19771039742045105,0.3641276250127703,0.8386780100408942,0.8887634712737054,16.85615881170736
0.5984445167705417,0.6499188281595707,0.9476763610728085,0.6477583879604936,0.6072668384294957,0.59631889895536,0.7717375867068768,0.007890126202255487,0.8100204060319811,0.7430712084751576,23.618287770378657
0.5803342836443335,0.10422087786719203,0.6980014517903328,0.44690129556693137,0.3093715172726661,0.5825884258374572,0.31297060451470315,0.750129048479721,0.6277595506981015,0.9077922410797328,6.9217399718752715
0.029801983386278152,0.019423661520704627,0.5674614533782005,0.37732093990780413,0.2852632936555892,0.8584564318880439,0.21001823153346777,0.4993772825691849,0.4099034413229674,0.30611392413266003,5.341969753977606
0.20693466300144792,0.23368878243491054,0.6886954053770751,0.22389802406542003,0.7104090990033001,0.2439163075760007,0.060795563040301204,0.9527621828019619,0.14542192104272544,0.561647804453969,9.181449545781565
0.3159224186092615,0.739495090674609,0.49436539970338345,0.9904165475163609,0.4011386688798666,0.1551428425591439,0.9420812418684363,0.5577865345403552,0.4889486797619611,0.04449573438614607,19.23006273107224
0.16153192915953696,0.2972697305958718,0.7401172462850809,0.0876845873426646,0.9270614678971469,0.21024530823342502,0.8722271933220327,0.26919543487019837,0.3809092070441693,0.5527835465036333,7.8954768532408925
0.03290534974075854,0.5981933532748371,0.25670658983290195,0.5440230495296419,0.8057137704454362,0.8045346804428846,0.8533379137516022,0.6468086198437959,0.9004706784617156,0.26984938979148865,11.154117554994198
0.8478858217131346,0.9568908275105059,0.28085172129794955,0.4699148803483695,0.7435853979550302,0.2435994183178991,0.1750457256566733,0.20274626975879073,0.013516062404960394,0.8367639905773103,14.348580947850042
0.6136432893108577,0.9387628491967916,0.6468268353492022,0.7887032644357532,0.5708310541231185,0.12010905845090747,0.7953659701161087,0.6053700817283243,0.003716722596436739,0.23952784552238882,19.87291002437481
0.39150948519818485,0.7944803959690034,0.07191938068717718,0.16514066816307604,0.25827309861779213,0.42115691280923784,0.9814482855144888,0.9596851239912212,0.03279071091674268,0.042790887877345085,14.14267053141348
0.36732606193982065,0.927352657308802,0.7543915261048824,0.8181988310534507,0.5562131984625012,0.7590978017542511,0.7527223327197134,0.2835570927709341,0.6676140932831913,0.0891372300684452,20.99437977800398
0.4107698129955679,0.6962292727548629,0.7738066390156746,0.14994936576113105,0.24681703886017203,0.03910072101280093,0.7274480320047587,0.9172900789417326,0.6010997903067619,0.642925872001797,12.419938939937117
0.746762543451041,0.7408530316315591,0.10675564617849886,0.9921486652456224,0.46397666120901704,0.43816900276578963,0.5046056932769716,0.2515637041069567,0.8797966337297112,0.5992692639119923,25.105097637996252
0.5287048043683171,0.7337964808102697,0.9858776335604489,0.3441541299689561,0.20342698879539967,0.7106380823533982,0.9824524682480842,0.2201920689549297,0.5321567547507584,0.22412922815419734,18.20838208038534
0.12840387714095414,0.2514769174158573,0.6802988750860095,0.5053064324893057,0.9369315812364221,0.9233772698789835,0.9553519589826465,0.16560627054423094,0.2432069897186011,0.4635429212357849,14.672023138746479
0.6366789650637656,0.06709551415406168,0.7591685615479946,0.9220017422921956,0.052141448482871056,0.7535499378573149,0.31887139403261244,0.6713049947284162,0.8482461317908019,0.4366234918124974,14.139628212049734
0.28041274077259004,0.3466089526191354,0.8668548944406211,0.27065714355558157,0.08455647993832827,0.5787746272981167,0.40855963341891766,0.8945541547145694,0.1712225661613047,0.7025376560632139,8.88805431816233
0.7037412100471556,0.7425117157399654,0.7589946787338704,0.4208586607128382,0.12808968336321414,0.27854213071987033,0.39938946603797376,0.10925875254906714,0.6366188079118729,0.03575738496147096,15.35806589250794
0.8388864444568753,0.36579158110544086,0.6467196871526539,0.9793912656605244,0.09946822677738965,0.9063310883939266,0.012184923980385065,0.828089487273246,0.7784527943003923,0.6440088308881968,19.62401190841517
0.05676740128546953,0.5694743446074426,0.5991157821845263,0.06622798438183963,0.8775082817301154,0.8472707488108426,0.384022792102769,0.7866987728048116,0.8751481797080487,0.7416399081703275,6.723913308677534
0.07502964651212096,0.9876524603459984,0.5478548449464142,0.1370522123761475,0.11564811854623258,0.2321686241775751,0.46822400856763124,0.2851862052921206,0.07366229244507849,0.5230213108006865,3.621454584730264
0.6293673673644662,0.724150367313996,0.9646944098640233,0.35226397891528904,0.5022101826034486,0.8845209307037294,0.947622740175575,0.6599689631257206,0.1865683391224593,0.5743535901419818,19.53134433868115
0.6978371893055737,0.4606538047082722,0.9128005811944604,0.18042735964991152,0.5569598006550223,0.3259974780958146,0.056463676039129496,0.14050608198158443,0.7713342821225524,0.7499325785320252,15.468911260495446
0.5899890784639865,0.20275270100682974,0.1807491951622069,0.19878323120065033,0.695020426530391,0.9149688126053661,0.7637521857395768,0.5674248484428972,0.34021860104985535,0.4421222626697272,11.683445768662992
0.9244930304121226,0.23158331052400172,0.7152223191224039,0.35609408328309655,0.775737474905327,0.7621206706389785,0.17222207318991423,0.36839571851305664,0.35323604731820524,0.9056244329549372,14.444843553011548
0.24254321190528572,0.5807097535580397,0.7327452790923417,0.7061379610095173,0.8711780058220029,0.885518133174628,0.7942785047926009,0.012657519429922104,0.22871037805452943,0.29564183205366135,18.015253827050046
0.9410278012510389,0.7473473772406578,0.7687331570778042,0.7736873750109226,0.17415423481725156,0.23309522215276957,0.9153736298903823,0.3038835604675114,0.09263270115479827,0.20613858196884394,17.593813034995595
0.8267963363323361,0.4437720605637878,0.3078229185193777,0.9883288820274174,0.18292287783697248,0.9884136412292719,0.8271946397144347,0.7074146801605821,0.9545540856197476,0.07119009830057621,20.130537809970686
0.25273815309628844,0.6166737503372133,0.6995519734919071,0.6456038744654506,0.5040808792691678,0.43235903047025204,0.550854044733569,0.736282788682729,0.01224059471860528,0.43366536358371377,15.125671655852319
0.39857367146760225,0.38597167539410293,0.5703194816596806,0.4330213777720928,0.014997561229392886,0.4644328134600073,0.5306958700530231,0.2630885324906558,0.6784272994846106,0.4877543591428548,9.023823958794452
0.24258988420479,0.18377825850620866,0.5495853703469038,0.05852343421429396,0.3363464695867151,0.9901055092923343,0.5785455349832773,0.3508753387723118,0.6753348698839545,0.6148009065072984,3.926261299899579
0.9456523316912353,0.12030118820257485,0.9460898153483868,0.4747398276813328,0.7070366099942476,0.5293418362271041,0.3598088265862316,0.757760016946122,0.013694019755348563,0.3109785355627537,16.521621775206658
0.8474840114358813,0.3259459037799388,0.7245092026423663,0.9253206239081919,0.3482460279483348,0.4800595676060766,0.9866483046207577,0.8729802949819714,0.8661462035961449,0.48452382860705256,20.348425070707677
0.2658289070241153,0.49740495160222054,0.586914412677288,0.1280411530751735,0.6261270022951066,0.17913379054516554,0.5225203942973167,0.6952062870841473,0.9152729185298085,0.5118108431342989,7.0669813013051845
0.9314404022879899,0.16850892454385757,0.19186930521391332,0.6870997720398009,0.5571586173027754,0.9329294059425592,0.8032587042544037,0.35798390745185316,0.8076809679623693,0.8560831628274173,16.461977017774004
0.39664662862196565,0.8873172854073346,0.1972229250241071,0.726663306588307,0.3482711734250188,0.43729544803500175,0.4295357051305473,0.5953991413116455,0.9605245955754071,0.6164511775132269,20.317572571670595
0.3228557016700506,0.3992684173863381,0.23817126243375242,0.4778668617364019,0.10101058287546039,0.690454569645226,0.9368245382793248,0.8583152592182159,0.6862873518839478,0.995479695033282,12.282698172124263
0.5758754897397012,0.6131327410694212,0.3821637136861682,0.36177458334714174,0.1591912219300866,0.1437347682658583,0.7225748272612691,0.5126297872047871,0.46887187007814646,0.49407978588715196,13.20502913942509
0.6481026974506676,0.324134883005172,0.5488719567656517,0.862013578414917,0.004528543679043651,0.7335156879853457,0.2851177144329995,0.16900639981031418,8.790986612439156e-06,0.7422547533642501,14.713803519397308
0.6603126244153827,0.8265920097474009,0.5883169162552804,0.1342920425813645,0.1721299805212766,0.31850097444839776,0.8728227152023464,0.6732569017913193,0.05917598819360137,0.5437402364332229,12.303951302872594
0.49260797491297126,0.83939523040317,0.9760869513265789,0.07895174063742161,0.7387846468482167,0.46169450995512307,0.5082732795272022,0.02368598571047187,0.6610991812776774,0.3177326179575175,17.98151733632748
0.13502327632158995,0.9888408684637398,0.8792670217808336,0.7893956946209073,0.46675589261576533,0.7464529317803681,0.20750712999142706,0.7000945755280554,0.5236933908890933,0.12175633409060538,16.63242679444878
0.2065087661612779,0.6237978788558394,0.16316631133668125,0.8376213507726789,0.9097696209792048,0.28452510270290077,0.1724793512839824,0.1729733736719936,0.3792385293636471,0.2796872672624886,18.28489236342242
0.04695529630407691,0.16592754609882832,0.5198145804461092,0.8571566315367818,0.1749406682793051,0.20749340602196753,0.7475665886886418,0.3532327152788639,0.7312453219201416,0.9723355150781572,11.749466094753622
0.011470589321106672,0.41051816125400364,0.5958340936340392,0.29336144030094147,0.6770731788128614,0.8269318954553455,0.8604029566049576,0.898316697217524,0.06549836019985378,0.09109614323824644,6.317448340672258
0.397669427562505,0.1418656490277499,0.847109759459272,0.9563516194466501,0.16821532789617777,0.4828743126709014,0.16865093423984945,0.057582340901717544,0.4205065742135048,0.907633091090247,13.624244091208727
0.7794993550051004,0.6217857622541487,0.2262924734968692,0.06285246694460511,0.21805842430330813,0.3981559465173632,0.9414247253444046,0.3483399983961135,0.5027443722356111,0.5094724157825112,14.339890465405052
0.7453633043915033,0.11842814553529024,0.24161105789244175,0.8879500480834395,0.21144895162433386,0.835301402490586,0.5787116545252502,0.009439879097044468,0.39437324460595846,0.5303299522493035,14.629384007919526
0.07320770900696516,0.7947344069834799,0.5199963205959648,0.3110864502377808,0.09884678153321147,0.4095754057634622,0.6347782758530229,0.20987523719668388,0.7003676029853523,0.3336350864265114,6.946716908925578
0.2519878747407347,0.9989535864442587,0.9204656826332211,0.7863604205194861,0.07469119667075574,0.7486746017821133,0.21817770367488265,0.7779222095850855,0.13226072792895138,0.6532894601114094,18.89846120854737
0.3595325695350766,0.8740565546322614,0.7225544711109251,0.7850438775494695,0.7800650668796152,0.9921149536967278,0.46430129487998784,0.6237281600479037,0.06845950451679528,0.04249710380099714,23.78501727801258
0.39913988788612187,0.7368021882139146,0.5515961362980306,0.887072318000719,0.08722298522479832,0.8779033627361059,0.6684257013257593,0.47018881258554757,0.6467181532643735,0.13926043105311692,17.946265858605937
0.6813790732994676,0.532671928871423,0.6352683277800679,0.8525912167970091,0.1975406464189291,0.01535529037937522,0.6773118895944208,0.010349799180403352,0.5788079660851508,0.5765731714200228,18.37019698787277
0.3617155950050801,0.6585587577428669,0.5138659705407917,0.26744611002504826,0.23349379166029394,0.9143281781580299,0.6224610293284059,0.08856205083429813,0.3977106341626495,0.5056070983409882,10.29908669741992
0.8427323612850159,0.04713449953123927,0.48366861161775887,0.025866403244435787,0.4347806889563799,0.8205054523423314,0.46289131371304393,0.4050881590228528,0.7772124444600195,0.32236468349583447,3.437512068996977
0.2696957611478865,0.8446752370800823,0.5184115094598383,0.05475760903209448,0.02603371348232031,0.6132408340927213,0.8229020233266056,0.6229533867444843,0.13480417989194393,0.20097321667708457,8.700004810762664
0.2283062927890569,0.1363993880804628,0.5304666871670634,0.6309436170849949,0.6934447928797454,0.63826157245785,0.7837101295590401,0.5106288890819997,0.417811791645363,0.5440051862969995,9.74028575435522
0.8307688562199473,0.6040593453217298,0.8960360162891448,0.9037902201525867,0.00981648312881589,0.9516137917526066,0.39130626572296023,0.25038941111415625,0.45727388677187264,0.8610399374738336,22.56445756423728
0.8561827971134335,0.16854138136841357,0.3730517716612667,0.7150980813894421,0.07609856524504721,0.7314926031976938,0.4117909714113921,0.12961306190118194,0.5210439523216337,0.15807554894126952,12.811775761697966
0.771041295491159,0.737466179067269,0.6283882211428136,0.9362626962829381,0.15071573853492737,0.04659698368050158,0.8858069502748549,0.4318505418486893,0.14220003271475434,0.6171427764929831,19.476045699168665
0.7434534702915698,0.5917832178529352,0.11395346280187368,0.9096502277534455,0.2877806145697832,0.07539572287350893,0.382532776100561,0.7538606133311987,0.2889637134503573,0.45432053739205003,24.112403049257935
0.01616775686852634,0.291722197085619,0.5620840576011688,0.1551062511280179,0.006378058809787035,0.01836828817613423,0.772466323338449,0.7174011268652976,0.8164592257235199,0.9174336658325046,2.281285753431173
0.7809139429591596,0.9068875950761139,0.20646110805682838,0.04674937156960368,0.11537146498449147,0.7702868150081486,0.9961869746912271,0.7284777336753905,0.06755215348675847,0.4164867342915386,11.180574660955603
0.76818648702465,0.3490705343428999,0.8072829856537282,0.012174789793789387,0.7204686254262924,0.2504317758139223,0.30666914163157344,0.4767440587747842,0.14134697197005153,0.2369465685915202,12.597412464982087
0.07461167848668993,0.022126624593511224,0.7594558079726994,0.6572259466629475,0.7397163128480315,0.07926422194577754,0.9130502855405211,0.7691616425290704,0.3224375075660646,0.0720091734547168,10.358233679190727
0.31932249409146607,0.3340930051635951,0.39054938801564276,0.9842887890990824,0.8808375666849315,0.22372225858271122,0.8234259346500039,0.4358850186690688,0.486795088974759,0.435978019842878,17.479491015214172
0.3032844557892531,0.7313687589485198,0.014836869668215513,0.26902965549379587,0.7647448636125773,0.01095860730856657,0.7259348405059427,0.5033420124091208,0.682734256144613,0.3217951930128038,19.30951821476698
0.33301720302551985,0.2735551984515041,0.5061710707377642,0.9843344176188111,0.2550185676664114,0.6710724798031151,0.17104624514468014,0.44012151355855167,0.21711521339602768,0.1838845512829721,12.449518360061965
0.5230078359600157,0.22653854847885668,0.8412757329642773,0.8733058907091618,0.231674840208143,0.6397564676590264,0.10297808749601245,0.3750324093271047,0.7356215696781874,0.8224497986957431,14.492226777788463
0.6979717491194606,0.34744629892520607,0.6633167138788849,0.07343114353716373,0.7022679885849357,0.8024790119379759,0.7932485195342451,0.6594219093676656,0.8156247157603502,0.39153866562992334,12.44604742647373
0.32076476351357996,0.7096661624964327,0.3951871118042618,0.543928359169513,0.49650088301859796,0.6481985133141279,0.29323793901130557,0.28160078707151115,0.46658245753496885,0.068049794761464,14.281817361773127
0.5481772085186094,0.48941200342960656,0.4341937170829624,0.6385589891579002,0.9366585544776171,0.6004917821846902,0.9137556415516883,0.1445185940247029,0.6496577239595354,0.3273964677937329,20.79690659567974
0.06280472874641418,0.8476962947752327,0.1548481162171811,0.5704073638189584,0.7843535742722452,0.6431179484352469,0.7035538917407393,0.05874649831093848,0.17867233557626605,0.13096002233214676,15.83021083320543
0.19643474486656487,0.47276440262794495,0.9857657547108829,0.13172231591306627,0.8302605201024562,0.37573996908031404,0.7493351541925222,0.7947386335581541,0.8991653341799974,0.34465844999067485,12.42346397358178
0.1972399486694485,0.9455290785990655,0.6729334548581392,0.12226057192310691,0.9608055308926851,0.15231724153272808,0.4226574436761439,0.12464109715074301,0.6582521619275212,0.32332283700816333,10.764321563919617
0.8982635547872633,0.33557795779779553,0.2693403281737119,0.47551822871901095,0.7591621531173587,0.5439304418396205,0.8478464523795992,0.0957719273865223,0.5093713246751577,0.801539582433179,17.592060319989166
0.10743118543177843,0.9705638156738132,0.9734217608347535,0.24802555702626705,0.2644847189076245,0.6446530690882355,0.3241763368714601,0.756348316790536,0.1531040072441101,0.45206387527287006,10.566578902184089
0.44913672003895044,0.9763370247092098,0.5677069795783609,0.2263991292566061,0.2377491886727512,0.09945549536496401,0.6344681882765144,0.41628115926869214,0.7517672732938081,0.6167451629880816,12.016077424390712
0.8958300091326237,0.8319046946708113,0.10000745998695493,0.2562102838419378,0.811105971923098,0.6600255917292088,0.31017038272693753,0.7544561482500285,0.20414423546753824,0.32008324679918587,18.99149709651176
0.9162064061965793,0.44595149718225,0.9252646474633366,0.6718185043428093,0.8972692368552089,0.3541387030854821,0.6606154711917043,0.5083377172704786,0.8084198744036257,0.9137269887141883,24.984633304753856
0.2194330880884081,0.09240488498471677,0.40774539904668927,0.9661469378042966,0.4184530498459935,0.3022233578376472,0.01942835422232747,0.05875083454884589,0.4779188719112426,0.1188669006805867,12.966434554987428
0.7560750413686037,0.604217104613781,0.8970853297505528,0.6389821409247816,0.39550636569038033,0.8784730162005872,0.43905971269123256,0.4812859233934432,0.16920716292224824,0.6794828868005425,20.568965519891446
0.08285496942698956,0.600168029544875,0.18825905839912593,0.48994173924438655,0.19355377042666078,0.3266493456903845,0.41580047155730426,0.6364203032571822,0.04780320497229695,0.03380798897705972,9.314071618729498
0.9839213702362031,0.2726523424498737,0.09941392578184605,0.7034123574849218,0.8415527190081775,0.33579103369265795,0.8038238533772528,0.5295773725956678,0.07015379564836621,0.0712707422208041,22.092622462747403
0.9192779301665723,0.719078159192577,0.6830885249655694,0.6750534153543413,0.6157360170036554,0.31145131308585405,0.08706102962605655,0.5929921451024711,0.8594559244811535,0.4136416045948863,18.874778703848108
0.9764773021452129,0.08433416672050953,0.053839995292946696,0.08363477373495698,0.7948598300572485,0.013121479656547308,0.7067038549575955,0.4068456047680229,0.8723075611051172,0.15049948450177908,10.727834564712355
0.6797158794943243,0.1947817374020815,0.9986463997047395,0.48260478721931577,0.458258104743436,0.8373514248523861,0.4222914129495621,0.971402456285432,0.09319274453446269,0.84165392909199,15.677429470208551
0.08446649531833827,0.3668054286390543,0.7477347352541983,0.9323088824748993,0.06737829674966633,0.6048036362044513,0.37714682961814106,0.9525290518067777,0.9389876166824251,0.3783655820880085,10.580750764508398
0.506177106872201,0.8684176583774388,0.6893611568957567,0.05321213696151972,0.4152660381514579,0.19739845814183354,0.3626825420651585,0.029992469819262624,0.33011866291053593,0.3038130602799356,14.32742345537976
0.074677117401734,0.5630902135744691,0.750173972453922,0.906284149736166,0.17270345916040242,0.5545700793154538,0.9632227402180433,0.4926974957343191,0.1056762223597616,0.8631239146925509,11.700715206088088
0.8294434670824558,0.3666504167485982,0.11620249529369175,0.5244068361353129,0.15097469673492014,0.7982281781733036,0.24682855093851686,0.0865550609305501,0.07704051770269871,0.6894656729418784,17.01828547890035
0.8339288972783834,0.1889365534298122,0.3261816424783319,0.8881807632278651,0.5156278482172638,0.7722660703584552,0.6916730080265552,0.11228590505197644,0.24079185188747942,0.032560622319579124,15.468791261616595
0.3505244238767773,0.24687687982805073,0.22805250412784517,0.35346647654660046,0.28789244731888175,0.04075157083570957,0.007530034054070711,0.02228567679412663,0.6277657416649163,0.5536056256387383,8.836860485602148
0.539223512634635,0.2878791834227741,0.8616929992567748,0.5256204765755683,0.36991083808243275,0.7019159260671586,0.6608598886523396,0.49288105336017907,0.11337753338739276,0.3996843188069761,13.152382915807348
0.604827648261562,0.5238312382716686,0.5466035970021039,0.692285870667547,0.19783459580503404,0.4255903442390263,0.850704109063372,0.40663221082650125,0.38553286949172616,0.3187955047469586,14.012756713791948
0.3393180873245001,0.4800775549374521,0.3979699613992125,0.879543430171907,0.5882767178118229,0.570339874830097,0.6270208428613842,0.12251812126487494,0.05281713721342385,0.4876234403345734,17.623883201011267
0.39722072891891,0.051599651807919145,0.7371158879250288,0.6876103689428419,0.47192901466041803,0.8760528559796512,0.5956834030803293,0.012462570099160075,0.29959726007655263,0.5725875124335289,12.64667282504611
0.2804428325034678,0.3834146533627063,0.16974730254150927,0.6363286818377674,0.7956836353987455,0.437221203930676,0.5106877754442394,0.7084582631941885,0.8870014878921211,0.9784375727176666,15.443037201243751
0.01668378571048379,0.8879364964086562,0.7836472580675036,0.3463691009674221,0.3301054046023637,0.4891886906698346,0.2849512598477304,0.08046384109184146,0.6505062899086624,0.12589654163457453,6.034269054941473
0.9439189531840384,0.7950889563653618,0.4886520183645189,0.08005606452934444,0.12679577874951065,0.13639755500480533,0.7657708916813135,0.3387760706245899,0.4266997566446662,0.20209212880581617,8.610113606536533
0.34914030972868204,0.28711873502470553,0.6306006067898124,0.7561205876991153,0.7540968370158225,0.8940649840515107,0.3752987061161548,0.5175562421791255,0.9620055924169719,0.6362737864255905,15.418249554463545
0.3770839103963226,0.8130703426431865,0.9335397479590029,0.8780805149581283,0.23860384593717754,0.9952648475300521,0.31829029927030206,0.2288060828577727,0.26379075506702065,0.07965883798897266,22.65525251544187
0.676779376110062,0.18668279610574245,0.04272934654727578,0.2371303013060242,0.9464275264181197,0.03026653570123017,0.8213017983362079,0.08261566213332117,0.7374792431946844,0.8007653399836272,14.92016306841202
0.8420290027279407,0.9227617434225976,0.1772360191680491,0.07161006284877658,0.19660297711379826,0.7304093670099974,0.8775171674787998,0.006943089887499809,0.10129553242586553,0.3354686861857772,8.965719057330716
0.7868664269335568,0.8995482029858977,0.1760647166520357,0.48509030835703015,0.29330543731339276,0.37036336213350296,0.4224483931902796,0.021024242043495178,0.05137192294932902,0.6761602812912315,17.291362609087805
0.5217159597668797,0.00974878715351224,0.9965486868750304,0.15359346964396536,0.5149975011590868,0.823941505048424,0.9792096479795873,0.0012433696538209915,0.5171688343398273,0.6130783758126199,9.532634314915132
0.6894821720197797,0.5611233732197434,0.5500856249127537,0.8686404936015606,0.7821105907205492,0.25392218097113073,0.9518427699804306,0.12040644977241755,0.4891554464120418,0.30987945571541786,20.59049740994278
0.3698187586851418,0.1747977992054075,0.12788549344986677,0.27421837649308145,0.4710095648188144,0.7838553434703499,0.3641953491605818,0.5014207761269063,0.3476240001618862,0.735032151453197,9.03146660202831
0.5716947666369379,0.41210481571033597,0.649262782651931,0.23281601280905306,0.3601368039380759,0.41148271854035556,0.6825841392856091,0.31000937311910093,0.7963990527205169,0.488460244378075,12.49530929477633
0.8175048874691129,0.5301167112775147,0.12753381999209523,0.2880337368696928,0.3764480394311249,0.36657051648944616,0.16127090994268656,0.7855898751877248,0.8749978935811669,0.544637385988608,18.930992041068798
0.5124483988620341,0.2253665840253234,0.08441632753238082,0.6095430939458311,0.3543729307129979,0.5695221147034317,0.7136468612588942,0.5090502256061882,0.4346459659282118,0.255916777998209,13.580188264737242
0.09735558903776109,0.25968198012560606,0.1654395640362054,0.5081793125718832,0.24807257181964815,0.1310816698241979,0.01697645243257284,0.030662230914458632,0.8935192895587534,0.28730533947236836,10.685041802716936
0.7585238819010556,0.9220395481679589,0.3640655258204788,0.9276406478602439,0.6604746938683093,0.3875388053711504,0.04845781694166362,0.8875122806057334,0.21297056134790182,0.731554141966626,21.413575866185983
0.28569237468764186,0.15250538475811481,0.7644902549218386,0.5050381815526634,0.13924401602707803,0.838681872934103,0.05490563437342644,0.8271539607085288,0.20796186686493456,0.7845790567807853,8.109920241981031
0.5205434742383659,0.06995107675902545,0.6071520186960697,0.7660119014326483,0.13251982955262065,0.9309443086385727,0.6437790682539344,0.38630954711697996,0.3685507131740451,0.9635797082446516,10.007639117907134
0.5864716230425984,0.18489337665960193,0.8974878438748419,0.3829550016671419,0.9774520141072571,0.9183900402858853,0.9244046807289124,0.5220979393925518,0.06501206452958286,0.37291944213211536,15.09965838228691
0.2856559604406357,0.23023147555068135,0.7089599906466901,0.47786663589067757,0.6114022126421332,0.21231143455952406,0.219079825328663,0.11813314561732113,0.5144040999002755,0.930663070641458,11.100514429577201
0.2521512738894671,0.5454949371051043,0.7691321424208581,0.16694556083530188,0.998641682555899,0.5705811502411962,0.9367826001252979,0.8627208145335317,0.999259005766362,0.5118418517522514,13.006582172517009
0.7834845203906298,0.07949145254679024,0.9458031379617751,0.9440297877881676,0.5105764933396131,0.12202338990755379,0.40806282102130353,0.24877976556308568,0.3435410524252802,0.6982507901266217,17.633155419541488
0.693085067672655,0.8354343988467008,0.8318712797481567,0.20018578879535198,0.34755240892991424,0.09713961905799806,0.8280242986511439,0.05603633774444461,0.455182429170236,0.4245657227002084,14.883830683924618
0.8925710814073682,0.6142881547566503,0.24411028204485774,0.510729996021837,0.2718949040863663,0.8834009713027626,0.5726397936232388,0.47347407694905996,0.19130931817926466,0.4286127102095634,18.894743076102202
0.15550538268871605,0.9146432105917484,0.6543933763168752,0.2001264444552362,0.11195103009231389,0.3489066979382187,0.32073842035606503,0.11728841857984662,0.8911200638394803,0.26864812546409667,9.112457240127442
0.0595744492020458,0.7642568002920598,0.7520908906590194,0.6883786381222308,0.7602385999634862,0.4915623830165714,0.38778603076934814,0.7596067138947546,0.6785445034038275,0.3395454022102058,12.697682772614172
0.45206298027187586,0.8593341386877,0.4528027232736349,0.6637861267663538,0.33022628468461335,0.8763000729959458,0.8654050608165562,0.3355625218246132,0.016595844412222505,0.5721669376362115,18.737491939544444
0.575609004823491,0.6782222820911556,0.6666481716092676,0.17207588255405426,0.9416328819934279,0.09576609008945525,0.29397917608730495,0.75698591186665,0.6370809436775744,0.7072564449626952,15.303301603417646
0.721669107908383,0.2442829734645784,0.5988644724711776,0.12162255891598761,0.11613801657222211,0.22434037667699158,0.9982646706048399,0.990230118855834,0.5276565002277493,0.9412585434038192,8.38782778884117
0.9342259766999632,0.38572917762212455,0.42409280710853636,0.3617337769828737,0.3211765503510833,0.7770134182646871,0.6582385294605047,0.19172473601065576,0.2070005307905376,0.6282265081536025,16.219297466312856
0.9352787057869136,0.4602480116300285,0.0028927915263921022,0.9382751777302474,0.9144758733455092,0.17132617090828717,0.0765647510997951,0.01197323389351368,0.05207535810768604,0.039578705094754696,28.42950692392153
0.07000245107337832,0.8788066005799919,0.25411358568817377,0.07223972352221608,0.1116709525231272,0.33271778421476483,0.1798379821702838,0.47801379789598286,0.06464581447653472,0.7931673740968108,5.218638168020513
0.5712944427505136,0.5476054002065212,0.29010721831582487,0.6039535070303828,0.6451787741389126,0.46066256263293326,0.3041876226197928,0.6948988395743072,0.35835702694021165,0.5683422107249498,17.308425755209612
0.03340116189792752,0.8073244467377663,0.9201650863979012,0.8023428712040186,0.3465529680252075,0.41929037403315306,0.3339362209662795,0.6660272036679089,0.2238472185563296,0.5543756699189544,16.337519210320142
0.3777334850747138,0.8646754273213446,0.22754848073236644,0.6111641407478601,0.19729543942958117,0.1205856529995799,0.5451498329639435,0.7469603752251714,0.40070422436110675,0.8951629807706922,18.02978511253104
0.12990056863054633,0.3736672019585967,0.1853169766254723,0.5683694928884506,0.653914581052959,0.9654434872791171,0.9493320516776294,0.5203774541150779,0.138939562253654,0.6869811271317303,13.715563758747924
0.31539021129719913,0.3494059678632766,0.2943303515203297,0.3047094226349145,0.7304838593117893,0.049608526984229684,0.47851514210924506,0.6272517063189298,0.5816576119977981,0.9180949467699975,11.097575222436605
0.5118942111730576,0.6828775675967336,0.06476894160732627,0.30919595365412533,0.9764442113228142,0.8319188135210425,0.6003631569910794,0.7739468112122267,0.9036621898412704,0.6096814866177738,20.277030258635712
0.8586889139842242,0.5791032740380615,0.4330412521958351,0.25724434037692845,0.22652866854332387,0.3192752432078123,0.10705063515342772,0.8506526416167617,0.3338148221373558,0.6679870318621397,15.080609058834394
0.41325850784778595,0.3941226303577423,0.7941389793995768,0.44369599502533674,0.8664266078267246,0.6358715260867029,0.9907512809149921,0.8991984829772264,0.08871819451451302,0.4568098830059171,13.866224475584362
0.6099299471825361,0.6678584506735206,0.4786773584783077,0.5102934762835503,0.28638609522022307,0.32978158514015377,0.8027603151276708,0.9301229505799711,0.23963203956373036,0.08930703578516841,15.106470426337427
0.45024178200401366,0.6011814272496849,0.11493666004389524,0.8399154110811651,0.22166818985715508,0.11825771653093398,0.8148088944144547,0.07500171847641468,0.9734807380009443,0.5536254905164242,19.403299472416485
0.44896335224621,0.02036072756163776,0.7425650728400797,0.819659048691392,0.4708632577676326,0.47471637767739594,0.09053060552105308,0.28987169172614813,0.1008111301343888,0.32700262824073434,11.265784421678735
0.9564681637566537,0.595518484711647,0.7463001993019134,0.8918737752828747,0.5188592581544071,0.3849968849681318,0.09736030199564993,0.5089424620382488,0.39782465854659677,0.9428022694773972,21.02699569831936
0.8357416382059455,0.13434034562669694,0.0928916186094284,0.44405369414016604,0.6014490339439362,0.768459256971255,0.8785448926500976,0.1031436703633517,0.015382207464426756,0.802713633980602,14.241708876744026
0.8169314761180431,0.46877758274786174,0.02172170509584248,0.07176545355468988,0.413639007601887,0.2538177012465894,0.1813362054526806,0.5275091740768403,0.682478730333969,0.7396451665554196,16.504236133010878
0.40501839853823185,0.9412172196898609,0.06915138592012227,0.43722504703328013,0.3034198838286102,0.7688369110692292,0.7610895147081465,0.14977685804478824,0.9474780396558344,0.24204927776008844,18.5035114244655
0.024427608121186495,0.21120130084455013,0.9452061790507287,0.9343980837147683,0.18019296834245324,0.9329248666763306,0.9260180022101849,0.028924895683303475,0.39255949133075774,0.0031610671430826187,14.373972139157479
0.7642780484165996,0.9198410750832409,0.06372004956938326,0.4356781761161983,0.9958134018816054,0.3871377916075289,0.6102597380522639,0.2974872428458184,0.4458145673852414,0.5611032291781157,22.77052259559249
0.9826872691046447,0.7861926681362092,0.2985446040984243,0.40249440260231495,0.26257985760457814,0.4011984085664153,0.7166685941629112,0.8139472848270088,0.18501577549614012,0.00732400780543685,13.078776340466614
0.18190930085256696,0.46702214260585606,0.08807555143721402,0.035781540209427476,0.4619881205726415,0.5262333024293184,0.562114697182551,0.11081898352131248,0.4638221822679043,0.26163258450105786,10.39546740683736
0.2647464801557362,0.5825655807275325,0.09026955463923514,0.21144211827777326,0.012623094953596592,0.9301009110640734,0.5419267162214965,0.9146072494331747,0.5941402132157236,0.6287986114621162,9.847196852685348
0.13263574335724115,0.03424762305803597,0.4111403119750321,0.5615772847086191,0.9424638180062175,0.7694309893995523,0.9683634552638978,0.6038421574048698,0.46002623648382723,0.007845482788980007,11.581337735145354
0.6036554563324898,0.9723561499267817,0.9635421365965158,0.6002929273527116,0.5817462785635144,0.3562504625879228,0.5407020857091993,0.534491800935939,0.27120156632736325,0.05547216651029885,22.07362938689348
0.4434345012996346,0.4672315476927906,0.6317446290049702,0.03927066386677325,0.5678405014332384,0.8843828935641795,0.9026341615244746,0.6687697800807655,0.5254597938619554,0.4230684863869101,9.562765187392102
0.8801481784321368,0.4014463913626969,0.8171170358546078,0.6866860454902053,0.9462370960973203,0.6619457001797855,0.8025594369973987,0.9682091872673482,0.972447767155245,0.8922383429016918,22.855243042382355
0.25176832638680935,0.8451121803373098,0.8100830165203661,0.35622775461524725,0.5986962378956378,0.8998390999622643,0.36918676644563675,0.20428731408901513,0.6474249307066202,0.2649847555439919,13.724118446247168
0.19017412490211427,0.7101634386926889,0.0626244405284524,0.36850304482504725,0.30418228334747255,0.8432775139808655,0.7210110747255385,0.8936698895413429,0.8128333545755595,0.010707244742661715,12.843032833325674
0.4855424012057483,0.522225349675864,0.12377098482102156,0.7118413420394063,0.48311932710930705,0.04188320669345558,0.9831747950520366,0.6800474037881941,0.7330233750399202,0.7583040546160191,21.211066800338052
0.5330264081712812,0.648203072603792,0.1673078362364322,0.34260420710779727,0.759544022846967,0.1862469082698226,0.16354476637206972,0.054714117432013154,0.4761525494977832,0.3812537679914385,19.579508965360727
0.29210488335229456,0.20168918184936047,0.6636139985639602,0.5276277426164597,0.6153744081966579,0.8922689436003566,0.5363246821798384,0.6392172158230096,0.13578748446889222,0.6095746143255383,11.276183377995203
0.9274818927515298,0.9893440941814333,0.21698671695776284,0.20090137608349323,0.04815292754210532,0.0009187199175357819,0.7390887844376266,0.22280562948435545,0.791575247887522,0.263770503224805,6.596019058917433
0.10039563360624015,0.9876909838058054,0.4617616992909461,0.36192368040792644,0.8657801253721118,0.939700405811891,0.16650612908415496,0.2864831704646349,0.4104920586105436,0.14838606119155884,11.940397729960829
0.36112741683609784,0.401262418134138,0.2862938502803445,0.8497229733038694,0.39932214957661927,0.8364947705995291,0.8459602703806013,0.7007227083668113,0.10269550257362425,0.9622280730400234,17.061019285596185
0.7888044617138803,0.008285332471132278,0.3281789666507393,0.7070587067864835,0.6661100443452597,0.7310366984456778,0.2650727513246238,0.5630637966096401,0.7003310299478471,0.7676404903177172,9.502972498619686
0.6792642555665225,0.4805516463238746,0.3945543027948588,0.6563109108246863,0.6274874131195247,0.47932736622169614,0.6067494393792003,0.30334640853106976,0.9916847897693515,0.22449237178079784,19.635266882498392
0.3487311792559922,0.8236947127152234,0.9297450175508857,0.19674693187698722,0.6443805855233222,0.8704970518592745,0.26877627638168633,0.6382598525378853,0.6718471115455031,0.3817627867683768,17.34801425135538
0.13451022701337934,0.6814119026530534,0.8767866282723844,0.06180997681804001,0.7983186265919358,0.37295623891986907,0.6325188882183284,0.5750046814791858,0.14470035559497774,0.15484083583578467,9.754936988304214
0.6657153370324522,0.7827987475320697,0.24428709596395493,0.5382319914642721,0.6021997982170433,0.3283158941194415,0.7886261641979218,0.9143553285393864,0.1263193895574659,0.46565516712144017,18.28840872486841
0.93660455965437,0.26565706077963114,0.9665408874861896,0.7042079537641257,0.9687870976049453,0.48241419345140457,0.506956017576158,0.478439808357507,0.471638310700655,0.748758809408173,24.709006387635114
0.8860648169647902,0.22956062806770205,0.8567948073614389,0.7578964021522552,0.9794884063303471,0.9603796985466033,0.06744208885356784,0.08929515350610018,0.42895337054505944,0.9304490787908435,20.867999219642712
0.8637262405827641,0.8203733668196946,0.5747431616764516,0.9210813876707107,0.46981810266152024,0.1681488030590117,0.7020250738132745,0.34424604196101427,0.8505927622318268,0.8285771466325969,18.686636960049633
0.8851390497293323,0.06676854845136404,0.208424583543092,0.13876910926774144,0.9354821192100644,0.22400762629695237,0.19801080622710288,0.05183285032398999,0.3571346716489643,0.26116882846690714,10.136063929252966
0.6062859289813787,0.417391749098897,0.8690865281969309,0.42937306640669703,0.8207898358814418,0.17820679605938494,0.1252934793010354,0.4851318718865514,0.08524134522303939,0.6191770527511835,17.01869151552836
0.7140655058901757,0.2763408962637186,0.9623020982835442,0.20210946165025234,0.5555004870984703,0.3881406250875443,0.5601825579069555,0.31184745905920863,0.7933813340496272,0.9490592896472663,12.598449144091546
0.44505098182708025,0.9007674162276089,0.31026452989317477,0.6217425621580333,0.7702012853696942,0.8289289590902627,0.5729626913089305,0.026226036716252565,0.7575301262550056,0.9492301186546683,21.45738840598005
0.7308795114513487,0.08278602082282305,0.34086709516122937,0.04264933476224542,0.32995932712219656,0.07107301172800362,0.1651718462817371,0.5572699797339737,0.7276139855384827,0.9858130358625203,3.53917267141529
0.32443553768098354,0.26006402261555195,0.26867834851145744,0.28353605419397354,0.5193693251349032,0.30584589252248406,0.9742868894245476,0.7976325161289424,0.9149368952494115,0.7894848238211125,7.755110079245297
0.7253725007176399,0.8652044017799199,0.528288847533986,0.33745230408385396,0.7623118027113378,0.6607051505707204,0.6864698654972017,0.12104094843380153,0.6722314115613699,0.9587630038149655,16.716738697106937
0.6591422839555889,0.6867834851145744,0.8751055030152202,0.09274419746361673,0.35318749235011637,0.4526386368088424,0.9207044828217477,0.9202064494602382,0.15904536261223257,0.05654157814569771,14.417488430709021
0.7515568018425256,0.5078955995850265,0.05866880947723985,0.2723039526026696,0.9059550780802965,0.9483654242940247,0.38400934892706573,0.9483354806434363,0.31981857772916555,0.3856053270865232,21.449939908685213
0.9772986629977822,0.5173761157784611,0.6567548189777881,0.7059072183910757,0.49951228639110923,0.6513638815376908,0.12794248526915908,0.7264487680513412,0.5163856474682689,0.8071349840611219,19.02801173911045
0.06445074104703963,0.7280034639406949,0.23611361510120332,0.013829615199938416,0.7679135173093528,0.3935033115558326,0.570440631126985,0.5874352373648435,0.5619747505988926,0.7759245191700757,6.4542716590486116
0.07993862358853221,0.1033480113837868,0.9672872612718493,0.02365033165551722,0.09176849504001439,0.13857497926801443,0.7292050528340042,0.5059636912774295,0.33834291086532176,0.28257276420481503,5.789522356079312
0.35731214797124267,0.7392936202231795,0.23882975964806974,0.07553468621335924,0.3727290469687432,0.2888815233018249,0.3471404544543475,0.32088377559557557,0.6160994269885123,0.6184880961664021,11.98356244030612
0.3616997345816344,0.5316381787415594,0.10642559640109539,0.9374077375978231,0.5726520335301757,0.4301407237071544,0.46662698267027736,0.278426245553419,0.9697219186928123,0.25683930795639753,19.74415953097895
0.12497467291541398,0.44463079585693777,0.003702975809574127,0.7062309505417943,0.6570992392953485,0.6949650174938142,0.2518647341057658,0.3937936678994447,0.748901501763612,0.4783063947688788,16.209791132682412
0.38506083376705647,0.1613849182613194,0.5925400776322931,0.505215379409492,0.6206332109868526,0.500504081370309,0.21464793593622744,0.9190926088485867,0.659007656853646,0.24380736076273024,11.251273646554205
0.9374346358235925,0.340304292505607,0.8860271710436791,0.02559228427708149,0.7769972365349531,0.24291205522604287,0.6829851819202304,0.45084478450007737,0.34261171356774867,0.8529433906078339,16.75577066510446
0.5642611302901059,0.4643100460525602,0.2856828097719699,0.8841304769739509,0.9075789509806782,0.13032723194919527,0.057950429152697325,0.3140876351390034,0.2319858146365732,0.3424509984906763,23.26833976705279
0.012583765899762511,0.5811387505382299,0.34438085253350437,0.8427430705633014,0.5778180151246488,0.2791292092297226,0.9925959480460733,0.7550255109090358,0.058695236686617136,0.537201484432444,11.69692898145202
0.08604329382069409,0.2322004707530141,0.6307019640225917,0.8229106264188886,0.3334572783205658,0.5982348769903183,0.3572766976431012,0.2331644557416439,0.727370266802609,0.602623708313331,10.35635143528225
0.1195477838627994,0.8468521465547383,0.9224325637333095,0.6309910155832767,0.6915007077623159,0.9187645306810737,0.7472506703343242,0.4370882138609886,0.7652274940628558,0.5898096584714949,18.312104938789002
0.2642007723916322,0.07891109841875732,0.7666830434463918,0.36647026403807104,0.5698665771633387,0.3735520406626165,0.7945617050863802,0.23116665659472346,0.19325698865577579,0.28592208679765463,10.632303552063641
0.6850407645106316,0.7768867476843297,0.266819326672703,0.5721526481211185,0.40725342836230993,0.4501607103738934,0.932321734027937,0.7128358429763466,0.25670157303102314,0.16949425428174436,19.766686065342494
0.9627903988584876,0.0546918127220124,0.16367408353835344,0.9370947990100831,0.05657919333316386,0.8255287799984217,0.0522221983410418,0.44379813922569156,0.7157961223274469,0.15714073879644275,13.42077845829695
0.8377720513381064,0.06022407836280763,0.6244215059559792,0.9090356042142957,0.5610671632457525,0.49738559080287814,0.3910854218993336,0.22288828389719129,0.17371614812873304,0.12298933370038867,15.120416434201578
0.24801833275705576,0.8744354138616472,0.5041660096030682,0.40753856441006064,0.6968584086280316,0.019063177751377225,0.6313934943173081,0.035650154342874885,0.9456848651170731,0.9691745706368238,16.023218734588767
0.9949214102234691,0.25785028864629567,0.9263815390877426,0.35140567482449114,0.03684282675385475,0.09254039847292006,0.3600737501401454,0.558260906720534,0.6354761370457709,0.09860915201716125,12.946375939510208
0.060170751763507724,0.7677823882550001,0.41234852303750813,0.2737048026174307,0.591185966739431,0.6966477532405406,0.6958309132605791,0.1610227976925671,0.873665195191279,0.6300551772583276,5.943225983481842
0.15201164362952113,0.8183570795226842,0.5600947784259915,0.5772655841428787,0.41349519114010036,0.5400973963551223,0.30691128480248153,0.9690301020164043,0.997406288748607,0.8774611731059849,11.294235354572402
0.4156830154825002,0.47057243646122515,0.38374751317314804,0.5898712088819593,0.7969247316941619,0.37644680007360876,0.8568340616766363,0.1732379593886435,0.9442311234306544,0.6658187091816217,16.531972478668013
0.555308340350166,0.5258718335535377,0.7356989365071058,0.5811743093654513,0.14814671804197133,0.10514272516593337,0.9004465700127184,0.775900064734742,0.5962266891729087,0.9196848012506962,16.00305541792085
0.98431107099168,0.5423018818255514,0.6016967806499451,0.5817126450128853,0.42495366325601935,0.340205239597708,0.46549601573497057,0.13011885806918144,0.10682230582460761,0.7241225549951196,17.326635772175337
0.6895058853551745,0.4802518056239933,0.6447258167900145,0.27905284194275737,0.5005536451935768,0.11713319644331932,0.5188878232147545,0.8181936445180327,0.2305840014014393,0.8937232138123363,14.107772268024066
0.8016817986499518,0.06531376694329083,0.6900992344599217,0.47194943320937455,0.504034728044644,0.5669253300875425,0.6396807117853314,0.3796064381022006,0.4950745899695903,0.1529537383466959,9.642054280890735
0.06972304708324373,0.7692452149931341,0.4254895648919046,0.9914852981455624,0.39397980249486864,0.4905581595376134,0.7955200846772641,0.7933183207642287,0.158086626091972,0.8311644920613617,12.581339554051208
0.27047848142683506,0.8022190739866346,0.03877856023609638,0.8205387063790113,0.0071427898947149515,0.2751988875679672,0.670855546137318,0.7330308638047427,0.43704151967540383,0.7799074044451118,18.90004841952978
0.6866778652183712,0.7357807594817132,0.8041886773426086,0.21192984050139785,0.9168605296872556,0.616568791680038,0.816857417114079,0.3900911337696016,0.9334227945655584,0.6393915428780019,18.92098181123627
0.9531443594023585,0.9894604922737926,0.06325960252434015,0.12669363734312356,0.6812640856951475,0.7581380249466747,0.34059602208435535,0.8858498823828995,0.10773311671800911,0.5407355700153857,9.39772809503707
0.6587730788160115,0.9328672718256712,0.47904410073533654,0.05848150281235576,0.13260021293535829,0.12504323199391365,0.45629990356974304,0.5967723722569644,0.9258827534504235,0.8758459542877972,10.170702680700204
0.6330900904722512,0.6622524850536138,0.17821795609779656,0.3449641936458647,0.8727602905128151,0.30723417177796364,0.01221711584366858,0.7416883045807481,0.14182213065214455,0.5088549214415252,18.533060390199314
0.6246333192102611,0.2039542542770505,0.6725633938331157,0.3587461682036519,0.491492539877072,0.49996788636781275,0.5589441619813442,0.4712956454604864,0.571608379483223,0.5894553193356842,10.884598931024518
0.8650486157275736,0.7998798426706344,0.8340902209747583,0.04001478641293943,0.39954046648927033,0.38556697219610214,0.8819365738891065,0.24905363656580448,0.48836387414485216,0.9576572305522859,14.130131753582134
0.6417537571396679,0.9812474334612489,0.09514941624365747,0.09866796061396599,0.8002191917039454,0.23439507675357163,0.7965826995205134,0.23977165622636676,0.3707613602746278,0.6859590758103877,17.826941155163425
0.9366745138540864,0.059702334459871054,0.6609357346314937,0.3448796507436782,0.7517399084754288,0.41666044434532523,0.20385104697197676,0.5356574109755456,0.8049520859494805,0.9084958720486611,9.612562930515217
0.2311605541035533,0.25011048279702663,0.8740666571538895,0.5541190325748175,0.5791374377440661,0.06540722446516156,0.11952234082855284,0.33753135125152767,0.829718311317265,0.2217017796356231,14.282848046310418
0.44321150495670736,0.7573318998329341,0.0807250461075455,0.8858754490502179,0.9803913324140012,0.9845789822284132,0.9266247416380793,0.6805599655490369,0.9203658534679562,0.7663443959318101,25.87407966796231
0.08893368928693235,0.627355172066018,0.38610131898894906,0.02044741972349584,0.3452299274504185,0.5002788142301142,0.7956000538542867,0.367613049922511,0.9246543357148767,0.16678196052089334,3.4515251547456445
0.9720662620384246,0.34463496576063335,0.8387810902204365,0.8356505860574543,0.9785660349298269,0.4192220368422568,0.6985746787395328,0.22982383705675602,0.8578479096759111,0.7704593923408538,22.83600327246085
0.8657266777008772,0.8427173153031617,0.4542281625326723,0.47650334844365716,0.7979533832985908,0.24309045588597655,0.49566551740281284,0.2550040353089571,0.9476615393068641,0.43736787303350866,16.884967392301114
0.050134919583797455,0.8933644646313041,0.9734260700643063,0.22681487863883376,0.27982737915590405,0.5094761764630675,0.6295052070636302,0.2939080619253218,0.5349990248214453,0.7219601778779179,11.975686008613126
0.7274407248478383,0.20364827569574118,0.39555910346098244,0.05474983202293515,0.9001961494795978,0.08591153053566813,0.6255151701625437,0.7020696729887277,0.5562039001379162,0.589288743911311,11.26678119316804
0.2034802665002644,0.3068734279368073,0.7147830473259091,0.5941418448928744,0.7733800210990012,0.7625286548864096,0.6692025989759713,0.8293652830179781,0.08803288196213543,0.4535836323630065,11.854183731707208
0.7318419530056417,0.8576138175558299,0.08457477716729045,0.1417428224813193,0.794027304276824,0.08245873753912747,0.3672129812184721,0.7303022772539407,0.2386613527778536,0.8413428426720202,18.161429809842492
0.8180475498083979,0.3851579208858311,0.8579732135403901,0.30723812058568,0.5107026696205139,0.6042566318064928,0.2009573820978403,0.050787823274731636,0.7911847706418484,0.22886988031677902,14.849119793111122
0.3247129980009049,0.019355451222509146,0.4981652309652418,0.9457294261083007,0.3095740785356611,0.27483135857619345,0.8207848477177322,0.9495284541044384,0.7910365513525903,0.8932116753421724,10.303389005725972
0.6676917774602771,0.6206467396114022,0.8849409755785018,0.6160826894920319,0.008111155591905117,0.7915116029325873,0.03548375470563769,0.6972975612152368,0.920296679250896,0.24238767009228468,18.707140881844666
0.5317112216725945,0.15668148128315806,0.3989992034621537,0.41563295014202595,0.11884974548593163,0.676650025183335,0.5238085589371622,0.9475477975793183,0.6242860928177834,0.8997903999406844,6.834782905738109
0.14833721960894763,0.9936470661778003,0.3991054627113044,0.8611324296798557,0.4271491894032806,0.42011547600850463,0.9599382327869534,0.5351286644581705,0.2898269381839782,0.45265757269226015,15.403356145659748
0.02681224071420729,0.056624266086146235,0.8942196094430983,0.4315075578633696,0.5372957356739789,0.612175349611789,0.22023714357055724,0.8067760386038572,0.5263763950206339,0.4898025533184409,10.168093032730251
0.8318688308354467,0.1987185189500451,0.40657734335400164,0.18324644234962761,0.9606414786539972,0.017907886998727918,0.0033555706031620502,0.43479354633018374,0.22215686598792672,0.8574318375904113,12.94684658380925
0.4573854540940374,0.9698096981737763,0.5662405940238386,0.5793315870687366,0.7118837237358093,0.9147979277186096,0.2720381149556488,0.6691688797436655,0.3178509615827352,0.1667167281266302,19.73533512277231
0.6585941258817911,0.4352497225627303,0.264751321868971,0.23035723133943975,0.636674536857754,0.9885749372188002,0.2679111131001264,0.8360035789664835,0.6401949035935104,0.5935530909337103,14.388514584286176
0.8657908658497036,0.08361000148579478,0.0025984770618379116,0.8280349217820913,0.006536918925121427,0.20203397679142654,0.23999859322793782,0.6289942327421159,0.5978853511624038,0.8243756212759763,16.21652262414018
0.439256370998919,0.9649904912803322,0.26124019315466285,0.7550774244591594,0.3920847834087908,0.16646210942417383,0.13034923910163343,0.9837887766771019,0.024213672149926424,0.5030406075529754,19.820260763609284
0.31361084477975965,0.015615305630490184,0.587268894771114,0.7002040066290647,0.13897159975022078,0.8883110729511827,0.3006768685299903,0.8568718929309398,0.7972368302289397,0.542865177616477,6.859368991559937
0.8563622469082475,0.6083114426583052,0.11235201894305646,0.9168591424822807,0.5176254892721772,0.2140213856473565,0.8577312547713518,0.5830760963726789,0.5510216448456049,0.40980572742410004,23.74609989226545
0.9238625338766724,0.060843514278531075,0.841021525207907,0.98773033474572,0.7474207018967718,0.36248190561309457,0.7893396674189717,0.1710144409444183,0.7538370103575289,0.274003459373489,18.116498794095246
0.9593868085648865,0.1982630081474781,0.5612389522138983,0.688981574261561,0.19274019682779908,0.750431697582826,0.5833845960441977,0.14497448992915452,0.4014098548796028,0.894966270076111,13.548299977702316
0.9906581141985953,0.9317302054259926,0.7778581972233951,0.5611115072388202,0.30516711296513677,0.616942476015538,0.29981791297905147,0.5373181388713419,0.9949788341764361,0.4668565597385168,12.190973371854959
0.04865228314884007,0.6133878559339792,0.7066574175842106,0.27078165812417865,0.015312757575884461,0.07115300884470344,0.7132283006794751,0.339101848192513,0.8843917297199368,0.347443968988955,4.446316716436952
0.6467982558533549,0.7047976548783481,0.2000584788620472,0.1648450531065464,0.096777169033885,0.8838188776280731,0.7695940909907222,0.9113997083622962,0.7829577140510082,0.5056200004182756,13.894523316944003
0.674903528066352,0.4864500679541379,0.5486334934830666,0.2847668279428035,0.4375708932057023,0.6724351167213172,0.9117015104275197,0.8731907890178263,0.05155150918290019,0.5589257273823023,14.979599073863483
0.28877205518074334,0.2360239007975906,0.7143967719748616,0.8059602624271065,0.3107053507119417,0.5286650797352195,0.037632266292348504,0.027984058018773794,0.8429540281649679,0.14779126760549843,13.087395315640197
0.5532021725084633,0.8685782798565924,0.7121396323200315,0.29207089403644204,0.9712643090169877,0.18054851796478033,0.9876906129065901,0.22778853168711066,0.9635830174665898,0.0276794929523021,18.967967336536386
0.27652551466599107,0.6951905582100153,0.9296335855033249,0.2064699474722147,0.03626428474672139,0.1392021863721311,0.3593106339685619,0.4972981973551214,0.9474188955500722,0.800520041724667,13.31919797344783
0.7014432111755013,0.011030790163204074,0.8782163364812732,0.8007032566238195,0.4056071238592267,0.5226014775689691,0.002860519103705883,0.08491338114254177,0.3217077520675957,0.9748633459676057,12.453858953028464
0.4681673601735383,0.5364223418291658,0.3139117097016424,0.6405938335228711,0.42245003883726895,0.88107641460374,0.16104437317699194,0.7558345375582576,0.22596554993651807,0.6289511562790722,15.261444952686638
0.1474041121546179,0.6841976745054126,0.8054654321167618,0.13592735677957535,0.10230120830237865,0.6633975200820714,0.05689817247912288,0.9464985833037645,0.4565638373605907,0.5003803828731179,8.931974997206039
0.8182485199067742,0.6240000734105706,0.13190053030848503,0.07997358776628971,0.0846259028185159,0.16808167938143015,0.8106088109780103,0.30037340405397117,0.12418053904548287,0.36192067596130073,14.61144165059343
0.2960326650645584,0.6846020112279803,0.48587552132084966,0.8747736397199333,0.8431125995703042,0.4364457633346319,0.11229750420898199,0.1292201012838632,0.9932322134263813,0.7356665832921863,21.056196655852066
0.3496420306619257,0.03383179125376046,0.8113809050992131,0.4121489538811147,0.8743922067806125,0.12444832478649914,0.020860156044363976,0.03798798215575516,0.8070179286878556,0.6935828493442386,9.59127916866043
0.605358439264819,0.7397735766135156,0.40469376207329333,0.6556564965285361,0.8553712768480182,0.21875017206184566,0.1968696741387248,0.19287304067984223,0.8838817849755287,0.24763630935922265,21.083523296376843
0.6843214516993612,0.18224114482291043,0.9103944897651672,0.5710264276713133,0.6597287857439369,0.443056293297559,0.9863210346084088,0.15848235692828894,0.1825753627344966,0.11938435235060751,14.83931118556048
0.21044691931456327,0.7453635178972036,0.5585981796029955,0.14190251613035798,0.6522169902455062,0.2539725482929498,0.4156088186427951,0.1808782359585166,0.9933786140754819,0.10033396421931684,10.889342115966768
0.17806935217231512,0.2555314255878329,0.30620956723578274,0.6295108101330698,0.734138072701171,0.13338409084826708,0.19004240655340254,0.3114133197814226,0.17457282752729952,0.49820144730620086,11.401352862140005
0.450050973566249,0.26279782806523144,0.9104577177204192,0.828713009133935,0.9181962851434946,0.33106322307139635,0.4861864161211997,0.40928202983923256,0.7721844625193626,0.37821163493208587,19.46314488964618
0.07357149804010987,0.09055487532168627,0.8499414164107293,0.6351372483186424,0.7790177869610488,0.8108232673257589,0.902609069366008,0.8798842041287571,0.9981624810025096,0.8413940123282373,12.869730334543027
0.47302920231595635,0.1305719120427966,0.47255223570391536,0.13897826499305665,0.3527357073035091,0.529842019546777,0.17900350037962198,0.6813528460916132,0.30157088465057313,0.03896816889755428,4.943573802535877
0.014475214295089245,0.14323630859144032,0.5691084975842386,0.7333549889735878,0.2326693465001881,0.9262028618250042,0.8134513052646071,0.696410269709304,0.5695186634548008,0.2917665606364608,8.70079652022063
0.8770392700098455,0.24794252519495785,0.17126257112249732,0.02664099237881601,0.40920724673196673,0.33100934512913227,0.6600125855766237,0.17704130173660815,0.4531357327941805,0.836967006791383,9.96539486945778
0.937690942781046,0.7404985337052494,0.09700269042514265,0.11646418808959424,0.6238223072141409,0.5474156404379755,0.8094869912602007,0.19716700492426753,0.5904771341010928,0.12283527501858771,14.984247895657306
0.9189823996275663,0.06105121900327504,0.6114221853204072,0.7150835783686489,0.028626699931919575,0.934282252099365,0.3959034748841077,0.5486322410870343,0.3788962366525084,0.9438128338661045,9.494692018318466
0.4132173974066973,0.10448326100595295,0.773124877596274,0.4777858897577971,0.6078036564867944,0.7506174093578011,0.8401694530621171,0.7804829929955304,0.5293039199896157,0.5251192923169583,11.196800428086366
0.1401719436980784,0.6838265098631382,0.103253573179245,0.44058147980831563,0.7958526695147157,0.038714903173968196,0.9070246401242912,0.5206170685123652,0.14005688927136362,0.6306957164779305,15.890808476169502
0.009384038392454386,0.5988890232983977,0.004623049637302756,0.44547325535677373,0.6666597097646445,0.8392306237947196,0.811681043356657,0.06181906536221504,0.30312870466150343,0.6223576851189137,12.16319288769174
0.570100761950016,0.6722051405813545,0.8207690380513668,0.8756000951398164,0.09034575871191919,0.9735092530027032,0.49553287168964744,0.9175507663749158,0.8070238023065031,0.6108379070647061,19.6898115923906
0.5571663749869913,0.665635219309479,0.7211189605295658,0.29902350390329957,0.6823681814130396,0.11899108556099236,0.45022569759748876,0.09452728577889502,0.49301971797831357,0.8723563945386559,17.637708515542222
0.5435197774786502,0.7962953469250351,0.44432314299046993,0.5586116334889084,0.3669148350600153,0.5992584461346269,0.49507598765194416,0.33016319246962667,0.9482866618782282,0.8974827483762056,17.696598938868956
0.4633124403189868,0.5758734825067222,0.5403293648269027,0.6659350960981101,0.7400800231844187,0.2821700074709952,0.5640075192786753,0.7528219169471413,0.4715075620915741,0.9347934352699667,16.863668130429964
0.8919684670399874,0.6753430978860706,0.6699006750714034,0.2995260297320783,0.6420948889572173,0.6992646085564047,0.5491595612838864,0.9726530248299241,0.8797294124960899,0.36062240949831903,15.622658785119441
0.5771189946681261,0.050490528577938676,0.8236809489317238,0.06819650204852223,0.9654817774426192,0.5739617019426078,0.3461209225933999,0.829685685923323,0.019213688792660832,0.8133422499522567,7.616052447130442
0.36194355925545096,0.8257351268548518,0.643820634810254,0.15206008055247366,0.19992028339765966,0.43061609705910087,0.6647589241620153,0.17049716413021088,0.12218913692049682,0.029815549962222576,11.908850642184813
0.4216211747843772,0.1909608745481819,0.5520884175784886,0.2526310917455703,0.35766950086690485,0.5633272796403617,0.12458040844649076,0.5789068825542927,0.7084238089155406,0.6482557244598866,7.7612240768829075
0.7437126094009727,0.711864008102566,0.047288896050304174,0.3147946179378778,0.8243722943589091,0.8410054072737694,0.813990072812885,0.12850641552358866,0.8454920940566808,0.6137171520385891,21.02115161261838
0.531954939942807,0.7490102855954319,0.19193188846111298,0.5848891446366906,0.8874668753705919,0.4175590535160154,0.3379090821836144,0.23727210564538836,0.1755511446390301,0.6384069717023522,20.4503168249985
0.17573112389072776,0.3308680618647486,0.9570519879925996,0.6622268136125058,0.14715229882858694,0.8973664410877973,0.01574992830865085,0.882379686459899,0.21562601160258055,0.5100866386201233,13.014743575388284
0.33603352727368474,0.01649175467900932,0.5009106183424592,0.11186750466004014,0.42946010967716575,0.7927904049865901,0.1954790421295911,0.3241932950913906,0.8654984298627824,0.4955400275066495,3.4303792590202713
0.9830324440263212,0.41051728092134,0.6113565494306386,0.14527003886178136,0.2192235451657325,0.9915591906756163,0.9343719661701471,0.3515520023647696,0.56575797800906,0.6434186717960984,13.265201080033245
0.6339358200784773,0.3265112361405045,0.5908204682637006,0.1728807077743113,0.7097796620801091,0.4202515746001154,0.6183516171295196,0.30027632834389806,0.03251377586275339,0.22388880839571357,12.327262520646443
0.4629256122279912,0.6193111625034362,0.7128687587101012,0.2219272644724697,0.5199261142406613,0.9919323627837002,0.565199201926589,0.8107921474147588,0.2103855018503964,0.4913797506596893,14.3464064653076
0.9974687143694609,0.670501877553761,0.9533647547941655,0.39674318162724376,0.9307615621946752,0.5660890743602067,0.822748517151922,0.3168321999255568,0.18339027534238994,0.7238243874162436,19.06428453082914
0.5368136700708419,0.07053989265114069,0.7868855716660619,0.9863250879570842,0.5710377453360707,0.22725700167939067,0.8043883563950658,0.651925342855975,0.07597705768421292,0.9689761574845761,16.178385119979264
0.15607100096531212,0.44285710412077606,0.2067220553290099,0.3428562742192298,0.12102945684455335,0.47380205476656556,0.9485907054040581,0.013982025207951665,0.37387962942011654,0.004524559248238802,7.385548557690103
0.24833163293078542,0.2759013478644192,0.7684274199418724,0.5174025604501367,0.9651014639530331,0.7937792148441076,0.06772804702632129,0.8161218441091478,0.9764658899512142,0.818682300625369,14.517932650951389
0.36985591100528836,0.31960541452281177,0.07282267068512738,0.865942717064172,0.6178278673905879,0.4538553913589567,0.5054171730298549,0.3796576540917158,0.4274258811492473,0.49814171134494245,17.337709872018998
0.9614766871090978,0.08337474195286632,0.9352511800825596,0.7694680888671428,0.5656176367774606,0.11500896816141903,0.6168799607548863,0.4453315334394574,0.5227103910874575,0.5744849229231477,16.804034169351883
0.02565456903539598,0.21191178099252284,0.5068113566376269,0.6723210753407329,0.5544032109901309,0.3533400211017579,0.7749643281567842,0.6865871315822005,0.508348512230441,0.4128647418692708,11.067422784042467
0.773883189773187,0.358103891601786,0.8625943625811487,0.8612644111271948,0.5816545193083584,0.6148715913295746,0.030735463369637728,0.5568672330118716,0.3400155380368233,0.44631108036264777,21.714545385502742
0.6020213679876179,0.24845627415925264,0.6444650832563639,0.5180290003772825,0.45373021392151713,0.6339196658227593,0.8608137995470315,0.8713265871629119,0.6327757048420608,0.9287198584061116,12.876652168167842
0.6624163629021496,0.2369041619822383,0.5589415109716356,0.9970133295282722,0.945967972278595,0.2517547463066876,0.09936598897911608,0.07172644603997469,0.6234513886738569,0.28395396121777594,20.30775831049803
0.6179316553752869,0.9049802296794951,0.0847691607195884,0.35402330686338246,0.9384060055017471,0.6923605464398861,0.5859179836697876,0.06347684445790946,0.3711549479048699,0.8668514085002244,21.100946703541478
0.40596956526860595,0.6216986409854144,0.9897454653400928,0.1233575853984803,0.08994521130807698,0.7896353534888476,0.4452650405000895,0.7194278263486922,0.6360895794350654,0.5051344437524676,12.984606012047223
0.22982254880480468,0.471730669029057,0.38162285019643605,0.36333944625221193,0.6236524819396436,0.9462230040226132,0.2595013806130737,0.05519753717817366,0.9297674654517323,0.3058327848557383,10.458790269604659
0.9900096640922129,0.9986282729078084,0.5568187613971531,0.8145140670239925,0.5729112178087234,0.685215407749638,0.5239392998628318,0.8656308422796428,0.33395219780504704,0.4346286035142839,12.479598951028875
0.613188304239884,0.35708745243027806,0.5652499233838171,0.4887829297222197,0.5347904018126428,0.4198334196116775,0.25524981366470456,0.22912391205318272,0.20667673321440816,0.760537491645664,16.53182994242012
0.1067503816448152,0.5168890776112676,0.6892205660697073,0.6515269277151674,0.39269987656734884,0.8837613633368164,0.15465998207218945,0.5884920582175255,0.6340594007633626,0.42339743417687714,10.10133076128589
0.9428842226043344,0.9946654606610537,0.06839478178881109,0.5327546554617584,0.41590907564386725,0.5442993699107319,0.8369567503686994,0.27884244569577277,0.7559953206218779,0.9488798240199685,12.545357690551361
0.9429465625435114,0.6429056962952018,0.7988524523098022,0.23150313715450466,0.23327523842453957,0.2939071443397552,0.9623502979520708,0.3075679137837142,0.13288190285675228,0.23608164256438613,13.933570613320915
0.6213176751043648,0.06826677289791405,0.9010553436819464,0.36688162735663354,0.14107208279892802,0.7883761876728386,0.6908870912156999,0.05644864705391228,0.6574711571447551,0.2878238551784307,8.951662386668183
0.5507935497444123,0.45728478534147143,0.9181092013604939,0.6563561840448529,0.8255628247279674,0.04942342406138778,0.5176935095805675,0.6985710479784757,0.20625121798366308,0.5071491620037705,20.109791497656865
0.84401387674734,0.5708393612876534,0.10473208618350327,0.09304989199154079,0.5558561144862324,0.36825163289904594,0.9328638855367899,0.10589137580245733,0.13609240110963583,0.9692783085629344,17.061577101542603
0.24891110486350954,0.9879656427074224,0.26550484634935856,0.4508763609919697,0.3964480021968484,0.35451091593131423,0.9308553517330438,0.7806196571327746,0.2055700037162751,0.19343665870837867,14.31541490736844
0.6084795137867332,0.9331533315125853,0.5281405358109623,0.29573526652529836,0.9087729698512703,0.0718255233950913,0.6317185293883085,0.041099010268226266,0.6965616922825575,0.14192364551126957,16.67715455029256
0.11862703319638968,0.1722858150023967,0.6377231266815215,0.2717127036303282,0.043670741841197014,0.010986560955643654,0.9358792481943965,0.2911349767819047,0.8941048325505108,0.8799182616639882,4.459792233316074
0.10837516258470714,0.7427433514967561,0.8447927932720631,0.386242390377447,0.5668687981087714,0.034624340711161494,0.40652525261975825,0.043767865747213364,0.717476116027683,0.7077688351273537,12.907965379592882
0.650356677128002,0.8399841990321875,0.08604304236359894,0.7914858174044639,0.685316692572087,0.9956878460943699,0.2097931681200862,0.19749949174001813,0.3211686166469008,0.8938135514035821,26.015529797025756
0.4986366161610931,0.81878642574884,0.5523135862313211,0.4975303702522069,0.44628453347831964,0.5569799402728677,0.4384622755460441,0.025610363576561213,0.5249294450040907,0.025352549739181995,17.971577907192145
0.40298056369647384,0.9970869750250131,0.13573319767601788,0.3417879967018962,0.02084599551744759,0.29698126995936036,0.9282988030463457,0.838787860237062,0.8133458977099508,0.32103675696998835,15.92424816268434
0.5384843100327998,0.5742775020189583,0.7892013799864799,0.10178454709239304,0.3944053612649441,0.3088484595064074,0.21252309367991984,0.21669250261038542,0.06686695548705757,0.8735292106866837,12.336282422482347
0.21456011291593313,0.34924666257575154,0.640107293613255,0.6807724342215806,0.5358807258307934,0.7513426672667265,0.9744724149350077,0.14921289309859276,0.1458574270363897,0.7146265902556479,11.006876940379758
0.6771537447348237,0.14983347663655877,0.34913663612678647,0.07350408914498985,0.704976222012192,0.27130451099947095,0.9679904484655708,0.08427128684706986,0.21185826952569187,0.6137589695863426,5.788015596616969
0.9303730688989162,0.11449977406300604,0.14086868963204324,0.3491295815911144,0.10170420026406646,0.8328022714704275,0.3144591215532273,0.1327033347915858,0.8365782294422388,0.9918709639459848,9.666772716569152
0.28566810954362154,0.5667312028817832,0.33576201437972486,0.8746724505908787,0.27457816642709076,0.537844633217901,0.822272160788998,0.5635447828099132,0.9032712415792048,0.2594526312313974,16.32634824217994
0.4327255869284272,0.9590123437810689,0.696283768163994,0.9700059783644974,0.7620913696009666,0.07883700472302735,0.747304996708408,0.10490288073197007,0.7570870306808501,0.03289627330377698,23.294670229622007
0.12491022213362157,0.8938086656853557,0.7365838228724897,0.21439009136520326,0.5645825923420489,0.7461500789504498,0.12639699480496347,0.8583210420329124,0.9635119782760739,0.9544099932536483,9.167895030774172
0.7876524650491774,0.5432258788496256,0.6127130868844688,0.5883098305203021,0.10005275346338749,0.6195151978172362,0.5317985697183758,0.7661584210582078,0.9985306754242629,0.030841065105050802,16.12362781265509
0.6768037457950413,0.7672144467942417,0.7991889195982367,0.8381765405647457,0.4565163981169462,0.14875704213045537,0.19908087723888457,0.9635315923951566,0.6368485032580793,0.8855811676476151,21.84964175275975
0.1275525235105306,0.8803910166025162,0.521741593722254,0.3434893530793488,0.031176368705928326,0.7943636702839285,0.687390421750024,0.23855451634153724,0.8692198127973825,0.6103716497309506,5.643544926329036
0.31722151581197977,0.8475354886613786,0.1869065745268017,0.7465939878020436,0.5265816564206034,0.15572935715317726,0.5323938427027315,0.21776771149598062,0.23304085992276669,0.6028157810214907,20.65247667516503
0.8509539978113025,0.9877731918822974,0.19559732149355114,0.04839978343807161,0.9245350428391248,0.6523801286239177,0.6414780041668564,0.33598576742224395,0.512889841105789,0.15237651276402175,10.939609290025572
0.6609051658306271,0.8526967910584062,0.9407407674007118,0.062421610578894615,0.475305019877851,0.4990763459354639,0.8367482819594443,0.18140273983590305,0.5881369241978973,0.6701559494249523,18.187333030415846
0.625211043516174,0.048486726358532906,0.09582859533838928,0.07220327598042786,0.38866853527724743,0.6467842566780746,0.2831256587523967,0.8568549281917512,0.43134940741583705,0.16885836888104677,6.566951380239594
0.35411571245640516,0.12460802728310227,0.045474364887923,0.08200746611692011,0.6872864903416485,0.034139362862333655,0.8236957353074104,0.48242347524501383,0.15757977566681802,0.8113631159067154,10.716682529075285
0.9093180180061609,0.062220546416938305,0.4085782100446522,0.3722268163692206,0.3197061561513692,0.4217992576304823,0.9347332092002034,0.7372216200456023,0.39028125791810453,0.4049739670008421,7.636432655235597
0.6824985535349697,0.6449784126598388,0.4293446000665426,0.4431408513337374,0.823676667176187,0.29642156790941954,0.1845468394458294,0.11556020029820502,0.2146903348620981,0.5037024081684649,18.57843129109125
0.8183373715728521,0.3548009512014687,0.681975063867867,0.22465928783640265,0.526406237622723,0.3094148710370064,0.09253641753457487,0.7440498967189342,0.3319094718899578,0.8825642128940672,14.559585029679491
0.07104984764009714,0.7649594538379461,0.8028778992593288,0.7525997166521847,0.38260808656923473,0.2143319419119507,0.16144079179503024,0.432963379425928,0.7223629981745034,0.6002138196490705,12.900817554619392
0.8630252454895526,0.33600343530997634,0.34976084949448705,0.9744712694082409,0.8612471036612988,0.04773503937758505,0.6026902354788035,0.7069115007761866,0.7198070457670838,0.2792599468957633,21.889481441601635
0.6079084989614785,0.42843980505131185,0.985010871430859,0.21028787619434297,0.23022943758405745,0.2960193525068462,0.13599683181382716,0.13053995720110834,0.10029705101624131,0.34485589573159814,13.399499419945835
0.5785708040930331,0.6843778034672141,0.36422683484852314,0.4846211851108819,0.2324727512896061,0.393772354349494,0.6690267473459244,0.5528588891029358,0.5179903574753553,0.9936042444314808,14.439823484832136
0.27609720756299794,0.15550650609657168,0.2761794289108366,0.9455346185714006,0.11077861580997705,0.7492924307007343,0.2660052520222962,0.8889822375494987,0.27228050376288593,0.17122844071127474,11.986651004962923
0.07728395285084844,0.755744687281549,0.2609935631044209,0.002232516650110483,0.5440758534241468,0.037346836645156145,0.5229096398688853,0.4739519078284502,0.495424706954509,0.2565947666298598,6.133710813264497
0.5040478289593011,0.018091932637616992,0.6608166845981032,0.28306555026210845,0.38319485052488744,0.40320508158765733,0.8740142893511802,0.5472552690189332,0.6884134961292148,0.5856386609375477,4.972487584890115
0.97212771512568,0.034492087084800005,0.5152718296740204,0.7893304785247892,0.36373851518146694,0.9404473728500307,0.03973362664692104,0.7308149926830083,0.2780229451600462,0.12878135335631669,11.955138384640296
0.8552073850296438,0.7769561856985092,0.8684196746908128,0.39534879568964243,0.904821494827047,0.6147120350506157,0.9118933039717376,0.37152303103357553,0.5784609164111316,0.590378776891157,19.286527286312754
0.4393445055466145,0.042968913447111845,0.26648180768825114,0.29149503842927516,0.3551567157264799,0.03363869292661548,0.15325409779325128,0.5383621358778328,0.38702612346969545,0.9810572492424399,7.427649187168308
0.30018615652807057,0.2320325521286577,0.15383512852713466,0.35864163702353835,0.41731364210136235,0.3147638726513833,0.8303843233734369,0.8377696906682104,0.7470599070657045,0.468406141968444,10.83639805569896
0.30022158077917993,0.23463758151046932,0.8732505005318671,0.7570538190193474,0.7792347455397248,0.41060813795775175,0.029863215051591396,0.878556682029739,0.1705843184608966,0.38015715521760285,15.715211775031353
0.31539733055979013,0.05489976052194834,0.9552933601662517,0.5610647308640182,0.555015628458932,0.3407070573884994,0.3612138079479337,0.17939865007065237,0.5823336946777999,0.9723033863119781,13.696291947917626
0.9907251782715321,0.49137635435909033,0.6427034642547369,0.30784415476955473,0.9549283515661955,0.2518910162616521,0.814356436021626,0.8665332025848329,0.957267407560721,0.5817877063527703,18.952155540095628
0.6318791001103818,0.465014620218426,0.14393899077549577,0.2994923987425864,0.5320438465569168,0.4574907999485731,0.9696158568840474,0.1690880109090358,0.27805060846731067,0.9555660770274699,14.92832953156737
0.576217123074457,0.4188967910595238,0.0394028932787478,0.8473038061056286,0.3985212298575789,0.09798219380900264,0.3727645946200937,0.598897748393938,0.4418905987404287,0.5867474707774818,22.147688771106434
0.3644976820796728,0.343476674053818,0.14809246477670968,0.15677717537619174,0.8523325009737164,0.9757436006329954,0.15884147537872195,0.029196796473115683,0.6803794295992702,0.35607882984913886,12.624116786501274
0.3049225159920752,0.9943351910915226,0.856404744554311,0.3632120268885046,0.201483711367473,0.9284109377767891,0.27066402696073055,0.47927419980987906,0.16056390781886876,0.09191537532024086,16.951640843150802
0.7935639231000096,0.4870100165717304,0.9088045344687998,0.4032460937742144,0.656168059213087,0.9719043814111501,0.6970624807290733,0.22094911662861705,0.5947689253371209,0.4808344761840999,20.212939053745142
0.1340078329667449,0.3466644494328648,0.8128567142412066,0.46292352955788374,0.28775252494961023,0.24878620263189077,0.9781063634436578,0.6917582736350596,0.3561853251885623,0.9925986316520721,11.993805335227075
0.3523094116244465,0.4153102906420827,0.650402579922229,0.8097113135736436,0.6228617341257632,0.5990733567159623,0.20867374748922884,0.15080335806123912,0.305789465084672,0.0026404131203889847,15.522574647678912
0.13897016597911716,0.9298341402318329,0.07608600263483822,0.7200316274538636,0.6337921945378184,0.44894295977428555,0.14859557012096047,0.4368438662495464,0.8037491962313652,0.4061550935730338,18.574966939468464
0.8856639571022242,0.5995165130589157,0.020734774181619287,0.4713215562514961,0.6801463919691741,0.7113014471251518,0.09774037008173764,0.037326487712562084,0.4456750829704106,0.8605285156518221,20.730639663117973
0.877710786415264,0.3605563270393759,0.788706912426278,0.3203977574594319,0.00025678309611976147,0.9142921755556017,0.9891183716244996,0.8186054907273501,0.5236172806471586,0.7677242232020944,13.379701920006884
0.2975029069930315,0.8751389025710523,0.46142725297249854,0.5642675263807178,0.27400223654694855,0.8933547683991492,0.1969209983944893,0.07761641964316368,0.5825741055887192,0.07221405114978552,14.209126652349731
0.4832324276212603,0.3521722056902945,0.27103078784421086,0.28566576121374965,0.4874773307237774,0.6088732874486595,0.6268217123579234,0.21035218005999923,0.2527381090912968,0.1769998751115054,13.953772084816489
0.7328561460599303,0.9872626322321594,0.760949696181342,0.867607087129727,0.5421959715895355,0.528671604115516,0.9753412469290197,0.7376187141053379,0.8708894106093794,0.27184725855477154,21.18440862145121
0.2735423441044986,0.4293903906363994,0.4630293222144246,0.7207781707402319,0.5067012726794928,0.9722036034800112,0.5165881887078285,0.9830713085830212,0.3939068370964378,0.6541443946771324,13.295440772760466
0.07652705814689398,0.14091735356487334,0.7242294801399112,0.037407937459647655,0.004654341377317905,0.019655378302559257,0.6988796789664775,0.5943313071038574,0.5033423390705138,0.7160969665274024,2.4762004620046483
0.9971442974638194,0.6849114522337914,0.9059869283810258,0.014468835666775703,0.2655954319052398,0.43890053289942443,0.08243719744496047,0.5770841052290052,0.9499844738747925,0.17486030142754316,14.204581811556624
0.8005458449479192,0.6452877600677311,0.28553880052641034,0.29620131850242615,0.46944234799593687,0.27211692091077566,0.4912887297105044,0.39733085152693093,0.5531282084994018,0.23165452782996,15.721567753547987
0.03883397928439081,0.0940097717102617,0.825118076056242,0.4823884619399905,0.48417386459186673,0.9891376048326492,0.8511165399104357,0.5995355020277202,0.8255523929838091,0.18553805816918612,10.08373008986433
0.8705986302811652,0.8711939076893032,0.8058495915029198,0.9035974503494799,0.32609785604290664,0.3138181103859097,0.1100237094797194,0.8268070959020406,0.974735317286104,0.32409857120364904,20.109491203760655
0.05048914370127022,0.9466911633498967,0.8659596245270222,0.8795028827153146,0.9783182318788022,0.11173802800476551,0.35571436677128077,0.6170433384831995,0.38198895659297705,0.18351184017956257,16.851350541539855
0.438419705722481,0.8962351267691702,0.07614797097630799,0.8292741395998746,0.8863582145422697,0.045125657226890326,0.7705445631872863,0.10303442925214767,0.20202661654911935,0.24490815331228077,25.168805605726664
0.521034408826381,0.22675104951485991,0.40397634566761553,0.8332774175796658,0.4668083854485303,0.7513328334316611,0.42625240748748183,0.4666999578475952,0.636376197449863,0.3660168959759176,14.111326829303621
0.8603727086447179,0.5974070713855326,0.1666968734934926,0.9657031181268394,0.6433233304414898,0.413568101124838,0.415754625108093,0.04608278092928231,0.1292083344887942,0.6295600146986544,24.5050852260407
0.5545008359476924,0.1819657285232097,0.9164095565211028,0.26070027612149715,0.11703428416512907,0.15503906039521098,0.16927107074297965,0.8918829450849444,0.8562371472362429,0.1929358404595405,10.167890356717537
0.4664902191143483,0.7598792016506195,0.23925787885673344,0.3027850214857608,0.3555223699659109,0.2998630302026868,0.4902981948107481,0.8151629844214767,0.4793993488419801,0.007908899337053299,16.35232626985761
0.3510064515285194,0.8844353964086622,0.6004633838310838,0.7844124117400497,0.6651833797805011,0.3690036656334996,0.3573919888585806,0.31342636537738144,0.9603409352712333,0.2915928408037871,19.50271091201129
0.9244175211060792,0.16247347742319107,0.23012075922451913,0.6441051526926458,0.4039051509462297,0.327305618673563,0.09627669933252037,0.2420466337352991,0.9090582821518183,0.9337937561795115,15.658087398562758
0.4366713766939938,0.8830522859934717,0.8934860860463232,0.5713566376361996,0.6804124205373228,0.779851391678676,0.7550673575606197,0.21042661159299314,0.7512490120716393,0.9039503801614046,20.061846338692344
0.0023433896712958813,0.7178848085459322,0.42181814881041646,0.6547704443801194,0.6292339561041445,0.7650370846968144,0.07849857350811362,0.9258474491070956,0.44578645937144756,0.030344919068738818,10.719623327453206
0.0849924492649734,0.8757151768077165,0.3617743463255465,0.08853172278031707,0.03920331294648349,0.5630654527340084,0.6933850147761405,0.9656593797262758,0.9705043565481901,0.09304809756577015,3.7410564007269866
0.7571527287364006,0.9753578377421945,0.7437480730004609,0.612930616363883,0.6665186060126871,0.05040638311766088,0.8701027256902307,0.9537959890440106,0.8252201222348958,0.8485155927482992,16.606141577046113
0.0479754121042788,0.6662493960466236,0.00921683688648045,0.02432439010590315,0.3965166083071381,0.008501520147547126,0.12484423443675041,0.7008169686887413,0.7680339298676699,0.7473664875142276,6.836691957528522
0.32497696694917977,0.4458724749274552,0.554784556152299,0.489373333286494,0.6610741941258311,0.2515065826009959,0.22262349305674434,0.8138695319648832,0.701979452278465,0.4695950134191662,12.409667941352277
0.19166652485728264,0.9613090571947396,0.2565024730283767,0.27492420258931816,0.7986573518719524,0.1192595106549561,0.736556980991736,0.27201263699680567,0.4613779173232615,0.5658970393706113,13.88979155664043
0.02195845916867256,0.6529413165990263,0.20409488235600293,0.6100580510683358,0.8762065477203578,0.38130136113613844,0.8948813306633383,0.6408786403480917,0.6462752679362893,0.19313065172173083,12.727622402964219
0.9094801985193044,0.6508138033095747,0.6144316915888339,0.7605919814668596,0.14195086807012558,0.868706246605143,0.7593911364674568,0.557759226532653,0.8069504054728895,0.6869225022383034,16.89807499742142
0.013472602237015963,0.16785403015092015,0.5669151593465358,0.0061211842112243176,0.8726515136659145,0.008581472095102072,0.08344315527938306,0.3815369256772101,0.8254173444584012,0.7272262286860496,4.187341430616582
0.6460690218955278,0.23781305504962802,0.563636745326221,0.04701052652671933,0.51029855129309,0.9616520311683416,0.5321586432401091,0.523705130442977,0.8319027044344693,0.7472017772961408,9.172505783004683
0.7785433288663626,0.4619620202574879,0.6174559621140361,0.11540392250753939,0.9485197183676064,0.15650725201703608,0.220143809216097,0.9120566330384463,0.914959576446563,0.22859723959118128,15.595043567405776
0.5430381954647601,0.7723905541934073,0.9200712514575571,0.8991070596966892,0.07751588267274201,0.5104161882773042,0.9676314014941454,0.18468185141682625,0.9324367388617247,0.28610657434910536,23.486253563742114
0.6291772925760597,0.45584845007397234,0.9563545011915267,0.9526188466697931,0.20463236840441823,0.9734545897226781,0.3698412789963186,0.014972352655604482,0.7579120781738311,0.03978872229345143,22.07357028947759
0.6998154460452497,0.9475429840385914,0.08517863880842924,0.039206438697874546,0.9782958750147372,0.29293102282099426,0.15536670596338809,0.38073819945566356,0.5090197187382728,0.6704924562945962,18.304624007603856
0.29357049823738635,0.8590207227971405,0.6651582445483655,0.30491819023154676,0.15668667596764863,0.5292882074136287,0.35702861566096544,0.052270544692873955,0.5738286792766303,0.41442229435779154,9.77544555352485
0.628980306442827,0.34880924550816417,0.10092041338793933,0.3344311034306884,0.36468947608955204,0.6867053974419832,0.21321986941620708,0.7191424940247089,0.8579112763982266,0.9507817805279046,14.060196315194025
0.2801898883190006,0.30192720727063715,0.36411308450624347,0.3442907757125795,0.5602115320507437,0.8392463463824242,0.9424411545041949,0.9968273101840168,0.49652027315460145,0.054947249591350555,9.847649419857557
0.16990371490828693,0.3186203020159155,0.5689515161793679,0.9355605030432343,0.3374634636566043,0.5923307668417692,0.8691283762454987,0.5886390069499612,0.9766769749112427,0.4022405752912164,12.92386704625601
0.15427997848019004,0.17937799938954413,0.8393545285798609,0.6530828811228275,0.7523693544790149,0.08767161052674055,0.26236683619208634,0.6731652945745736,0.9324693793896586,0.22331288293935359,12.150572540164479
0.7042615378741175,0.709619578672573,0.5367673404980451,0.8889809448737651,0.16304537537507713,0.703994105104357,0.5197540244553238,0.9614195325411856,0.6279504492413253,0.7307503423653543,20.11466405972063
0.9970415111165494,0.6001777134370059,0.321155003271997,0.3356769473757595,0.6056742873042822,0.9143903111107647,0.3675825926475227,0.9729697043076158,0.2554034146014601,0.6351283695548773,15.901409055047704
0.37874538265168667,0.9975087959319353,0.6457882521208376,0.6385497555602342,0.8280747029930353,0.14379468630068004,0.5875055049546063,0.4166714227758348,0.5424902976956218,0.7453126141335815,17.792801130332244
0.9404716473072767,0.5163344372995198,0.3743071099743247,0.7759500935208052,0.37651970447041094,0.4499275388661772,0.15811023116111755,0.7644286861177534,0.33756448538042605,0.4395236319396645,17.83629475798279
0.735924199456349,0.9888857644982636,0.3364945421926677,0.9616790558211505,0.17136696656234562,0.20632128068245947,0.1995994378812611,0.6210804923903197,0.059712221613153815,0.39395022625103593,18.565682095472933
0.6753594719339162,0.38595647644251585,0.8303085796069354,0.6236107195727527,0.21597424219362438,0.09182454971596599,0.0785741510335356,0.067655342631042,0.15944993402808905,0.4171234162058681,16.95396819427857
0.9807961487676948,0.11727711511775851,0.30025718826800585,0.07365881721489131,0.31798033346422017,0.8475228992756456,0.12465312448330224,0.7990566694643348,0.49543373147025704,0.40118455654010177,5.4739127335716535
0.29732966609299183,0.9059673375450075,0.47056408086791635,0.3603895464912057,0.2805933337658644,0.9561921546701342,0.6849825454410166,0.2502731990534812,0.4755165397655219,0.9155864052008837,11.310112509052088
0.578767865197733,0.08807204361073673,0.6878822217695415,0.8720775651745498,0.25629328843206167,0.8502914062701166,0.3355387474875897,0.7447216720320284,0.07386086508631706,0.49991123331710696,11.578778398474363
0.41272875061258674,0.8921997637953609,0.9868803038261831,0.6762043584603816,0.22639403422363102,0.6967936791479588,0.22372603276744485,0.7107577612623572,0.3967695387545973,0.843770683510229,24.13104032649009
0.8480428222101182,0.7178903622552752,0.1758493420202285,0.1281012452673167,0.6750160495284945,0.7590426886454225,0.35736585152335465,0.0013275167439132929,0.5338613260537386,0.6392325861379504,16.98024257519197
0.8367062520701438,0.8794298951979727,0.6551678215619177,0.33981909789144993,0.12867117556743324,0.6277514258399606,0.04519472341053188,0.8813086517620832,0.06223777565173805,0.2927042921073735,10.799236808832159
0.5924596136901528,0.538832840276882,0.6884451908990741,0.17287142341956496,0.5258331580553204,0.7263966531027108,0.8525162420701236,0.892966013867408,0.9026430482044816,0.5593101419508457,12.829481952621332
0.9162240710575134,0.7236895388923585,0.9298181934282184,0.09796838904730976,0.4984374090563506,0.10676261433400214,0.9724787150043994,0.45893303980119526,0.7789929588325322,0.4684440102428198,18.00640909525375
0.15311229252256453,0.8115022087004036,0.9083073690999299,0.1619097967632115,0.5968818466644734,0.9304370186291635,0.5895933250430971,0.550503988750279,0.43971964064985514,0.7419934389181435,11.523621757016866
0.03952605673111975,0.5696584191173315,0.3070440851151943,0.6579175284132361,0.24122607987374067,0.9202194863464683,0.9484152239747345,0.19663495337590575,0.9665766612160951,0.3375892771873623,8.376349568585326
0.9885244730394334,0.45719492621719837,0.8273257091641426,0.39419209118932486,0.45740105025470257,0.9828189145773649,0.24065411183983088,0.7282280784565955,0.8554497833829373,0.5718103379476815,16.35470063716831
0.506855650106445,0.11765597225166857,0.8300002445466816,0.7783773324918002,0.9805985081475228,0.2349131207447499,0.62267986102961,0.6975883392151445,0.643130210461095,0.4217611935455352,16.04670288451594
0.237047023139894,0.10687257163226604,0.014329735888168216,0.5887868294958025,0.3248346596956253,0.06406835792586207,0.05615994962863624,0.8572699890937656,0.3174727645236999,0.061918854247778654,12.481035882146855
0.8274654452688992,0.31536401249468327,0.7583287958987057,0.07763652876019478,0.15967601886950433,0.9694915586151183,0.515544167952612,0.4799912762828171,0.5898741618730128,0.5581468148157,11.14936574256408
0.43396690394729376,0.6921511893160641,0.9688957040198147,0.07182481768541038,0.4719153374899179,0.7007280234247446,0.9953489911276847,0.4930695490911603,0.6431420661974698,0.31024550134316087,14.739077582877698
0.6931130581069738,0.13071956858038902,0.6522913840599358,0.3976420103572309,0.024775054771453142,0.42484355391934514,0.3642225954681635,0.03397071221843362,0.2182434464339167,0.2616597404703498,7.1875667450505825
0.23227995401248336,0.13702561683021486,0.3047022002283484,0.4392596324905753,0.3589146137237549,0.4856449768412858,0.08522610017098486,0.06691549485549331,0.19675034983083606,0.23854554002173245,7.236018251990815
0.540129124885425,0.3224215030204505,0.11607744451612234,0.2583526817616075,0.4891508410219103,0.07038077618926764,0.23645108449272811,0.398868604330346,0.906298611080274,0.31030663195997477,12.572175209739234
0.8930884776636958,0.9944374728947878,0.5266424983274192,0.21984805911779404,0.90479815332219,0.24340956122614443,0.5574540887027979,0.5864876217674464,0.6863894569687545,0.8222436206415296,10.254413258908942
0.29139888449572027,0.3836698338855058,0.04834913113154471,0.9364156862720847,0.8655467946082354,0.3960809549316764,0.8792238978203386,0.09791661030612886,0.4507439222652465,0.7777577429078519,22.351211171567705
0.949294026941061,0.18359593441709876,0.17700169677846134,0.34069879865273833,0.5619594610761851,0.6577496456447989,0.20805153786204755,0.4020607275888324,0.19614743907004595,0.5008850328158587,14.210227257514587
0.2774667877238244,0.10858663870021701,0.4102582714986056,0.5753446875605732,0.2612112448550761,0.1358746497426182,0.8985184959601611,0.2948897616006434,0.6937830871902406,0.24162678886204958,7.470626543711268
0.6239354743156582,0.9567050728946924,0.7210294564720243,0.9921521099749953,0.4381322779227048,0.49545179470442235,0.7248347995337099,0.21724752546288073,0.5129474250134081,0.8293210240080953,22.629360057980282
0.14745243708603084,0.40527070057578385,0.08725598058663309,0.8257114768493921,0.46705303038470447,0.8028168370947242,0.33410884090699255,0.44525764137506485,0.5678512239828706,0.9121512600686401,16.57443741302155
0.5496031127404422,0.7980533151421696,0.9693636703304946,0.13860099506564438,0.11867879051715136,0.12511919834651053,0.511193800251931,0.8292927797883749,0.9878685458097607,0.5853741974569857,16.22175430468813
0.450620059389621,0.4486935129389167,0.8318455291446298,0.15805069054476917,0.2919597337022424,0.7044936155434698,0.9730223363731056,0.6198527349624783,0.08092234143987298,0.2208846672438085,11.560354940253838
0.026035053888335824,0.20469739637337625,0.295476445928216,0.35766166262328625,0.5531275973189622,0.14066498586907983,0.7250075438059866,0.8468763967975974,0.7080821553245187,0.29623937187716365,6.483401822585061
0.08691731910221279,0.4777008874807507,0.5790788803715259,0.4609859122429043,0.9604344598483294,0.8320712414570153,0.061438961420208216,0.1574677787721157,0.9902188829146326,0.9464367860928178,8.96695333218428
0.24602762167342007,0.7498332629911602,0.8099299485329539,0.648779236478731,0.9662063657306135,0.7984115350991488,0.6327275377698243,0.06395840272307396,0.711926681920886,0.6902245173696429,18.916198557288173
0.9956183582544327,0.3920926677528769,0.8380939615890384,0.0637313099578023,0.5245136704761535,0.7849277735222131,0.11206365725956857,0.3041968543548137,0.9461949106771499,0.23691754858009517,15.27823332267509
0.6942182630300522,0.3937630136497319,0.5384175763465464,0.8041762220673263,0.13154941354878247,0.12634776928462088,0.6635123654268682,0.7225589901208878,0.48473732825368643,0.30662535899318755,16.021316000886323
0.6349490126594901,0.9710704297758639,0.3613347129430622,0.8451184260193259,0.45762869459576905,0.9318724905606359,0.7932446557097137,0.8073534150607884,0.364921786589548,0.4796096917707473,20.34164729596847
0.9087070871610194,0.5128695019520819,0.8947193508502096,0.3649998656474054,0.6498268283903599,0.466147524304688,0.6122812945395708,0.6881550666876137,0.5598899580072612,0.23573327995836735,18.83028810649655
0.11064329324290156,0.41795677226036787,0.36001014383509755,0.10834560310468078,0.15314898965880275,0.7939900737255812,0.08708837325684726,0.3445370476692915,0.39720090106129646,0.5119830034673214,3.7651282898606513
0.5709260853473097,0.9774132038000971,0.08142153895460069,0.41436220752075315,0.4199590201023966,0.25553534529171884,0.19430668954737484,0.6352009668480605,0.35423172335140407,0.5704553571995348,20.77405763787971
0.13034714269451797,0.5573259664233774,0.48505081911571324,0.6775790881365538,0.952168095856905,0.8544915996026248,0.28902348689734936,0.6382653960026801,0.5480814061593264,0.6594233619980514,12.564756182861219
0.1476574989501387,0.5850218997802585,0.2777348067611456,0.7480663803871721,0.794641361804679,0.3562315951567143,0.8788025507237762,0.5622843923047185,0.7413786253891885,0.47863540169782937,16.36600997541556
0.11578729678876698,0.07137698051519692,0.08054827945306897,0.7105066915974021,0.9667813121341169,0.46458478178828955,0.7596868460532278,0.5434636191930622,0.14059937885031104,0.4612605993170291,15.677658819773638
0.6341046649031341,0.45895304810255766,0.2597989409696311,0.14921537972986698,0.9048590536694974,0.15656498982571065,0.9632213693112135,0.038405757397413254,0.3322841573972255,0.32127212826162577,14.548463073599219
0.9537720954976976,0.939978526905179,0.705065387301147,0.8764439164660871,0.07023584796115756,0.7594643838237971,0.2671914359088987,0.918793253833428,0.23739763861522079,0.5379319880157709,12.523885842616798
0.8088736606296152,0.9406194123439491,0.4642107477411628,0.06949393986724317,0.014902932103723288,0.16642020107246935,0.686199446208775,0.06835997151210904,0.0038593499921262264,0.3550156429409981,5.80282114691448
0.43281571730040014,0.48282093508169055,0.14517101529054344,0.26869413582608104,0.13185114855878055,0.84238972957246,0.19246032508090138,0.6747113359160721,0.22819273336790502,0.3300166695844382,12.425309317321577
0.8848836605902761,0.8177447896450758,0.1118715696502477,0.8213880157563835,0.3798663024790585,0.5802974575199187,0.24941293545998633,0.17490504309535027,0.7738138940185308,0.6860123523510993,20.417180952091933
0.912171411793679,0.6665487464051694,0.7627902880776674,0.07274270779453218,0.1040887231938541,0.44722531409934163,0.8985878273379058,0.2993588100653142,0.871427348582074,0.3776830770075321,10.545009207556191
0.9604516560211778,0.5902045706752688,0.3844967696350068,0.18433410953730345,0.732919936068356,0.6148682297207415,0.4491190405096859,0.6066990541294217,0.19445058796554804,0.5083065337967128,16.4086967779823
0.2473816485144198,0.9546081114094704,0.3977795485407114,0.27595901233144104,0.8200104511342943,0.24398462404496968,0.3478265576995909,0.03831137577071786,0.47664829972200096,0.8935718273278326,13.895454350180879
0.6712684244848788,0.9270647487137467,0.9260253680404276,0.1792313705664128,0.09674343769438565,0.6354715039487928,0.5167369898408651,0.5322506257798523,0.5919404355809093,0.8075083761941642,14.878753446286176
0.7550027936231345,0.08932431996800005,0.4090778543613851,0.27593109430745244,0.26789619750343263,0.3741369522176683,0.22019909834489226,0.8244319844525307,0.7034811845514923,0.6165965422987938,4.875885713178915
0.6969844705890864,0.698142857523635,0.8213833002373576,0.943323879269883,0.7520258552394807,0.7143527104053646,0.04832743667066097,0.5409297484438866,0.3977048867382109,0.4944242632482201,25.906569341994263
0.7295501860789955,0.1480542605277151,0.19772112322971225,0.9352885410189629,0.0006890192162245512,0.40623151184991,0.13089232053607702,0.6138063671533018,0.33885317924432456,0.9522028809878975,13.782616207812366
0.38773096539080143,0.7143344753421843,0.545723914867267,0.5542237262707204,0.013297581812366843,0.7171669031959027,0.5122390440665185,0.7599172275513411,0.38248402159661055,0.831744632916525,12.16841706817885
0.8129575150087476,0.3297133450396359,0.6687841147650033,0.43783015897497535,0.8630087412893772,0.8854214316233993,0.3537942892871797,0.7026357159484178,0.9236719543114305,0.8525298847816885,15.722574734913195
0.2728361941408366,0.06421163980849087,0.9966262588277459,0.5873918507713825,0.3928146790713072,0.7577781886793673,0.5378567387815565,0.9258934622630477,0.7410729695111513,0.41605418734252453,13.638487516305984
0.4605966976378113,0.696685699513182,0.1077222942840308,0.4542290822137147,0.5826756276655942,0.02157574542798102,0.8617751374840736,0.8539799761492759,0.5423522046767175,0.23599795624613762,21.048121800477567
0.4620610857382417,0.8294056812301278,0.8846093434840441,0.39645175845362246,0.6661872633267194,0.7705390164628625,0.6292499748524278,0.06859122798778117,0.6709370026364923,0.07907082396559417,19.41158921673873
0.4943157867528498,0.9053018882405013,0.2936487377155572,0.7641261792741716,0.15325540164485574,0.8071568373125046,0.7068474309053272,0.1860958042088896,0.26132849021814764,0.7284964399877936,19.063378672792798
0.5710206015501171,0.9891083913389593,0.04217750416137278,0.8016621330752969,0.49403543095104396,0.18210384785197675,0.8823517737910151,0.6217928205151111,0.32084263884462416,0.259913886198774,23.86298733148521
0.817434381460771,0.6160542655270547,0.8106605987995863,0.18320865230634809,0.6588623258285224,0.04309001401998103,0.12322712317109108,0.93813267769292,0.7316652291920036,0.7408574039582163,17.347656943950554
0.6944033710751683,0.6593022192828357,0.5720968823879957,0.2866944510024041,0.919316403567791,0.5124980080872774,0.7341860861051828,0.022501113824546337,0.9390825119335204,0.17761080479249358,16.58399000996982
0.2468335465528071,0.5507452215533704,0.3533133745659143,0.46302085812203586,0.9539284142665565,0.8736672773957253,0.8455916591919959,0.17498791753314435,0.8071804102510214,0.30001813964918256,11.790085666736607
0.200570436893031,0.4007151264231652,0.22013746574521065,0.22225389466620982,0.6516587466467172,0.25080062448978424,0.0017677629366517067,0.086343725444749,0.30068349093198776,0.1953220486175269,8.109549491401776
0.2007117501925677,0.38548315805383027,0.9562390667852014,0.8994839179795235,0.4953311753924936,0.8977229329757392,0.5496189787518233,0.3428782275877893,0.6093900559935719,0.5127340708859265,18.160264376699914
0.8449654406867921,0.7199487548787147,0.06804392347112298,0.9252661915961653,0.27527546137571335,0.10569849400781095,0.6696730619296432,0.29889544378966093,0.42362608574330807,0.8594098500907421,23.041450403997246
0.1542662438005209,0.7279438367113471,0.4932795090135187,0.7359693422913551,0.6603789834771305,0.045611408073455095,0.239350407384336,0.8119876938872039,0.47426141961477697,0.5696892626583576,14.496128839285788
0.763085313141346,0.18918392644263804,0.5060857043135911,0.416280968580395,0.10917386901564896,0.11682069208472967,0.43860012851655483,0.5989026182796806,0.10487986728549004,0.7325156826991588,7.413088099844423
0.7238219624850899,0.5267544940579683,0.7687612592708319,0.4657629856374115,0.7526980370748788,0.19035636144690216,0.36892269435338676,0.36429470242001116,0.5038758548907936,0.39244953519664705,19.61106535223729
0.6971375166904181,0.7730396196711808,0.5034138984046876,0.9922978109680116,0.4490364796947688,0.5090832461137325,0.5033827968873084,0.21743059856817126,0.5066481959074736,0.04789302218705416,19.78031606855111
0.7535039850044996,0.716252667363733,0.1351043633185327,0.6210284575354308,0.47251708898693323,0.841822519665584,0.8196829145308584,0.270189072471112,0.4890274233184755,0.9576956536620855,20.045306113039416
0.5481878991704434,0.661169137340039,0.09631835366599262,0.8332826416008174,0.9398906601127237,0.3985182261094451,0.060504542430862784,0.7278516246005893,0.13621597923338413,0.39361506002023816,25.128007041494573
0.48891378357075155,0.7043862936552614,0.48987226746976376,0.8660549407359213,0.23287562699988484,0.7714859661646187,0.1408370875287801,0.009797940729185939,0.06012531998567283,0.9441367948893458,18.01794894628227
0.019392860354855657,0.5316268515307456,0.07541024778038263,0.14958918699994683,0.934431788045913,0.2532362991478294,0.13725640322081745,0.06437732535414398,0.4764402909204364,0.9331944165751338,9.683590661664676
0.5498843626119196,0.9343020322266966,0.8212085890118033,0.2890882957726717,0.3732219247613102,0.14621604862622917,0.7285643368959427,0.6279876020271331,0.6352354879491031,0.7362308045849204,17.888346901430968
0.19325770414434373,0.2404178453143686,0.7250099093653262,0.8951073540374637,0.020867283223196864,0.32037886208854616,0.9843738689087331,0.7187641770578921,0.8437117638532072,0.02730075386352837,12.12489119044022
0.7291812133044004,0.10064019355922937,0.41132502700202167,0.8456211541779339,0.478894482832402,0.18116862839087844,0.18117622775025666,0.725407260004431,0.9562821586150676,0.8175393652636558,13.377038033505114
0.23666360857896507,0.5945740512106568,0.3508498047012836,0.06490317825227976,0.02006777306087315,0.22018841630779207,0.3215227562468499,0.6011201774235815,0.2998586455360055,0.1440117545425892,5.176130089592178
0.6117405937984586,0.594486094545573,0.7821982973255217,0.9731253399513662,0.20296717784367502,0.07570250472053885,0.36645347555167973,0.3516782799270004,0.6007169375661761,0.9474674980156124,19.68641794787447
0.6503846512641758,0.539087574230507,0.15948156639933586,0.09261343232356012,0.3613033667206764,0.3971750296186656,0.5960514249745756,0.37230347096920013,0.005406417651101947,0.3086265092715621,14.17543202574688
0.5795534199569374,0.19338529324159026,0.49301177775487304,0.20348582742735744,0.20143174566328526,0.026923349825665355,0.2562642612028867,0.8718668997753412,0.394117487128824,0.7726269359700382,5.081123291744225
0.7606371105648577,0.21171751176007092,0.41681490861810744,0.7564200330525637,0.5340404075104743,0.8949913990218192,0.9524225543718785,0.7453193159308285,0.659774100407958,0.8266935436986387,14.911573548947487
0.9818295517470688,0.4030561614781618,0.9593736194074154,0.20432088640518486,0.2192334122955799,0.3230858410242945,0.9841840602457523,0.6536337786819786,0.23101378208957613,0.7370422778185457,16.962518895499457
0.40240445313975215,0.537655747262761,0.4182194294407964,0.31702336692251265,0.5545279884245247,0.7709449520334601,0.7228863686323166,0.009732961189001799,0.02000796888023615,0.5659493049606681,11.953699599546145
0.4564509748015553,0.5074370808433741,0.8139631173107773,0.17293198150582612,0.3601352642290294,0.7075289597269148,0.3772486390080303,0.6482336015906185,0.3005747585557401,0.8517270311713219,13.245572030329456
0.3996771811507642,0.3066980508156121,0.6942510795779526,0.07437672629021108,0.23702870472334325,0.752479073824361,0.43446166813373566,0.14536195364780724,0.16239371476694942,0.6661585278343409,6.623528377803482
0.6454012752510607,0.5790706630796194,0.3949221055954695,0.3954102674033493,0.9222984213847667,0.8942188655491918,0.1064700661227107,0.1438074721954763,0.18902072473429143,0.2733072654809803,17.27024407812522
0.22236675955355167,0.9656347923446447,0.6192937961313874,0.1749065420590341,0.545437443535775,0.9213075721636415,0.6051065167412162,0.15536474785767496,0.9742359078954905,0.6238570744171739,9.92028342459526
0.918733271304518,0.30205440474674106,0.881818768568337,0.5905246518086642,0.7759474145714194,0.3694609843660146,0.5814284516964108,0.3332495582289994,0.6426957661751658,0.27163453167304397,20.402977597761623
0.34107293002307415,0.4533963380381465,0.37266784254461527,0.7020822057966143,0.5394228850491345,0.2585661979392171,0.14815508876927197,0.6512274076230824,0.7801824952475727,0.9267762657254934,15.369254852452803
0.06388514209538698,0.9463143560569733,0.4398636147379875,0.17196261417120695,0.8798712096177042,0.7385963916312903,0.7769840050023049,0.8954881739336997,0.878469854593277,0.5491302856244147,8.504179029693772
0.5616733587812632,0.6572374613024294,0.38742641103453934,0.6842276006937027,0.35506871761754155,0.9888009617570788,0.307920029386878,0.7793574112001806,0.5939747400116175,0.650659300852567,17.336022904014825
0.707451680675149,0.49133846117183566,0.15499999793246388,0.9852212499827147,0.8821629656013101,0.5022430007811636,0.2257669190876186,0.4407545975409448,0.13873585197143257,0.05890321871265769,24.156885730656228
0.06639276375062764,0.16383997886441648,0.540168946608901,0.17642686585895717,0.41266161180101335,0.3239570551086217,0.8338782056234777,0.6177099333144724,0.39888530294410884,0.3421920947730541,2.9331361347228766
0.9594345265068114,0.8570727026090026,0.6074916895013303,0.810024062404409,0.7017930836882442,0.7479496148880571,0.5233106222003698,0.8257887416984886,0.9189421962946653,0.045200883876532316,16.170642410514834
0.2275153431110084,0.07759135542437434,0.1297008611727506,0.5349560603499413,0.959947313182056,0.6748723243363202,0.9755643547978252,0.2177159443963319,0.03934744489379227,0.9581429688259959,13.997696563952015
0.003949495032429695,0.6005787474568933,0.7859749249182642,0.774583152262494,0.33987087034620345,0.45754129090346396,0.46970427269116044,0.7303719643969089,0.6725216589402407,0.5489062159322202,12.785856387178347
0.6689368155784905,0.24319822574034333,0.48210301366634667,0.31217296910472214,0.6490498350467533,0.9811787132639438,0.9284890883136541,0.3334964688401669,0.33935450739227235,0.059103038627654314,12.69743823640477
0.3113387667108327,0.26088763284496963,0.39111309708096087,0.6600867107044905,0.3904727359768003,0.5566430280450732,0.6187133637722582,0.8881327488925308,0.16591883962973952,0.053737696493044496,10.567043300301862
0.5951442418154329,0.23288738168776035,0.8782958930823952,0.12570514902472496,0.6201185064855963,0.2790033027995378,0.15216816077008843,0.39939847425557673,0.9271279880777001,0.9585655939299613,11.203725822399157
0.6989456273149699,0.48456946248188615,0.7635404421016574,0.7120646052062511,0.6074800132773817,0.7709852755069733,0.8786497414112091,0.29568299814127386,0.820131717948243,0.5550919424276799,19.94822098172924
0.6701076235622168,0.46990383928641677,0.9226937028579414,0.6734036798588932,0.5763380464632064,0.918837312143296,0.37806791835464537,0.006736278999596834,0.7504008552059531,0.0953667291905731,19.785940367771076
0.3070027057547122,0.8075895120855421,0.5978996471967548,0.16459523676894605,0.44598839804530144,0.8356336741708219,0.3184865000657737,0.2679255469702184,0.885112167103216,0.7684276376385242,11.986701783370085
0.8300622282549739,0.8914212384261191,0.5757579843048006,0.43655755603685975,0.66099271341227,0.856575223384425,0.7035852859262377,0.7839962660800666,0.07394064031541348,0.12147408560849726,15.275020580253306
0.7881051625590771,0.46183768031187356,0.7551112836226821,0.18254367378540337,0.2166539467871189,0.5731940451078117,0.556603959063068,0.11303780600428581,0.7390944368671626,0.2582797138020396,11.759404153202622
0.4253143756650388,0.4006372222211212,0.5271565977018327,0.4705436648800969,0.9706708388403058,0.823890377767384,0.27579578990116715,0.07993325893767178,0.7435559562873095,0.3430074853822589,15.356730519049005
0.20581687707453966,0.4672587823588401,0.8710415586829185,0.09233643836341798,0.23563246079720557,0.13275590958073735,0.10153659735806286,0.06326148565858603,0.9851980132516474,0.4049496029037982,8.570092744428738
0.8976203124038875,0.46307875006459653,0.05317669059149921,0.7038214574567974,0.6893665755633265,0.23954744567163289,0.8193240915425122,0.6563934597652406,0.06464119930751622,0.4756385344080627,24.708736220415183
0.06824846775270998,0.23602439346723258,0.7242747817654163,0.5040499889291823,0.9577728258445859,0.18836352205835283,0.02567034144885838,0.0588211826980114,0.376829934772104,0.6295695374719799,11.68382030643584
0.4913613563403487,0.3074416166637093,0.7930914256721735,0.6277158500161022,0.9155952213332057,0.8021415397524834,0.6826636686455458,0.0288694950286299,0.427351699443534,0.38520205579698086,16.934026273149623
0.984710410470143,0.3242362611927092,0.7197208956349641,0.9365523180458695,0.7086705160327256,0.804192578420043,0.872683446155861,0.8983487775549293,0.5245044629555196,0.24399145529605448,21.86341327973702
0.9499452970921993,0.04321904690004885,0.9439685959368944,0.7746608534362167,0.4225462949834764,0.9206885823514313,0.9136548638343811,0.8845485122874379,0.35186815564520657,0.3786778529174626,15.117861577932265
0.8427134905941784,0.23873597220517695,0.8722008373588324,0.9504032141994685,0.17540331650525331,0.5029874343890697,0.08374968520365655,0.22287646029144526,0.3060286541003734,0.5584887417498976,20.233045066687396
0.42096238350495696,0.874601004878059,0.1752074840478599,0.19487603148445487,0.45074239862151444,0.771927101071924,0.3461589985527098,0.921936044935137,0.08871054300107062,0.15588714205659926,16.444645309292348
0.9912526565603912,0.9747769876848906,0.851413490716368,0.36319953366182745,0.8119762253481895,0.8386506452225149,0.14958968898281455,0.0290025370195508,0.25133396754972637,0.762437681434676,8.740754120487342
0.5973963427823037,0.030471684178337455,0.19948214013129473,0.03397960960865021,0.2971293416339904,0.5611846325919032,0.820564603433013,0.6508409481029958,0.7182894696015865,0.8990452685393393,4.655787715954977
0.8649315300863236,0.8741848398931324,0.23318897793069482,0.7630640028510243,0.9133764090947807,0.540194800356403,0.3250137842260301,0.2682696348056197,0.3691611476242542,0.9170885079074651,21.61658933217107
0.60644277674146,0.6897405073978007,0.3104144388344139,0.6844733662437648,0.401463539339602,0.12338020978495479,0.7051224547903985,0.03816126869060099,0.9705867250449955,0.9995745718479156,19.3716318385874
0.6389609836041927,0.33443139819428325,0.47096766461618245,0.9582471083849669,0.33253008825704455,0.5738380649127066,0.8467732733115554,0.7347152687143534,0.3932599991094321,0.8202406561467797,16.858633718200633
0.6837994868401438,0.9958257488906384,0.24189529474824667,0.0644884284120053,0.5130328703671694,0.6534439343959093,0.003932453924790025,0.32287820894271135,0.04410264198668301,0.38851956534199417,13.35233101148595
0.8053438162896782,0.6485454207286239,0.03641368984244764,0.8840184456203133,0.8061441874597222,0.7027874039486051,0.438205384882167,0.8085332540795207,0.14641733467578888,0.20280919084325433,25.99247182553763
0.6360905349720269,0.4348151767626405,0.12106153857894242,0.45211714785546064,0.14457199140451849,0.6639645954128355,0.8013395182788372,0.2472127629444003,0.884913126938045,0.2955735167488456,16.81399135314641
0.3599693493451923,0.34167539537884295,0.9325024953577667,0.9412198723293841,0.2994228128809482,0.408315044362098,0.8816963348072022,0.9465725007466972,0.224197095958516,0.874086047289893,17.581439294624463
0.034571795957162976,0.2538680213037878,0.3069803421385586,0.6627377269323915,0.08216789830476046,0.12066311528906226,0.9907292546704412,0.019422895507887006,0.2040619095787406,0.36790277156978846,7.190109138980932
0.8154216336552054,0.05787348188459873,0.2825371192302555,0.8818657214287668,0.8132429588586092,0.23068889323621988,0.6445217768196017,0.8236838881857693,0.9630365355405957,0.7304335220251232,17.58189368092981
0.6777057715225965,0.08690825034864247,0.25940012000501156,0.6646286977920681,0.4901388406287879,0.25034358305856586,0.053107908461242914,0.33360189921222627,0.7106038506608456,0.6553005767054856,11.287671479032818
0.2597412441391498,0.868003906449303,0.25935341278091073,0.35948359849862754,0.6815891307778656,0.4609895257744938,0.7214440198149532,0.3745114232879132,0.3744827953632921,0.3067250873427838,12.046352006263115
0.9964152693282813,0.45074696210213006,0.3248313474468887,0.3991671602707356,0.16776636708527803,0.4165760895702988,0.21094805118627846,0.6134497541934252,0.6097932185512036,0.5690509134437889,16.14815109091478
0.8712951904162765,0.35451918723993003,0.5987728966865689,0.045013559982180595,0.2592748571187258,0.2582283364608884,0.18424138077534735,0.864255586406216,0.48784023406915367,0.6313989933114499,10.560652773000525
0.6682292546611279,0.12151159252971411,0.29335650242865086,0.26978131174109876,0.2685914265457541,0.7141679772175848,0.3542110931593925,0.3286773494910449,0.854370673885569,0.6759123799856752,7.827776801471215
0.00943106901831925,0.16573562240228057,0.11797681241296232,0.21483604912646115,0.7228045500814915,0.8485672620590776,0.14138599880971014,0.4056002600118518,0.026374954264611006,0.1292714753653854,10.802883196973998
0.29575686156749725,0.9601988880895078,0.14254110562615097,0.43071747454814613,0.7075904617086053,0.265702840173617,0.1912393313832581,0.3658809761982411,0.838555303402245,0.9052678283769637,17.750668083237336
0.3250847205054015,0.3358606470283121,0.9132704404182732,0.9807669934816658,0.10994802066124976,0.2201920421794057,0.6998559839557856,0.3747896240092814,0.7792275554966182,0.8239215817302465,15.496901073779874
0.18215658189728856,0.9942950545810163,0.7374944828916341,0.8752504920121282,0.9335345029830933,0.37185603007674217,0.12498540338128805,0.02647574944421649,0.8543186322785914,0.7649889911990613,19.576873116825567
0.7663915490265936,0.014922523405402899,0.9124387742485851,0.10432951874099672,0.2954167958814651,0.6193244573660195,0.6777475581038743,0.36926023685373366,0.9229043181985617,0.5812179290223867,6.342093119673962
0.5531990730669349,0.5702858590520918,0.31045288825407624,0.5037755672819912,0.07117689913138747,0.864708868553862,0.14989396161399782,0.407339658588171,0.7267088170628995,0.2125417864881456,14.523213517702684
0.192035868531093,0.08832890423946083,0.8371326883789152,0.7442813320085406,0.9194746080320328,0.824682264123112,0.13311267318204045,0.9706845956388861,0.4973775064572692,0.008473864756524563,14.1226484041495
0.27519634854979813,0.6034236683044583,0.19291671318933368,0.2927404495421797,0.2705308711156249,0.4776309048756957,0.6906741484999657,0.3385388096794486,0.5898459437303245,0.4221833648625761,12.002621108166414
0.30514817661605775,0.03186822310090065,0.18390811048448086,0.2401478854008019,0.36074421531520784,0.3108530445024371,0.2933527377899736,0.9591190528590232,0.42849306645803154,0.919107954017818,7.380617974381569
0.24249389674514532,0.8385005660820752,0.13878762535750866,0.60574637260288,0.43043125700205564,0.9922454196494073,0.11082915985025465,0.12719667004421353,0.639550773659721,0.7704015239141881,17.12559071570032
0.014521181816235185,0.8743412515614182,0.7882273530121893,0.7781826024875045,0.14317705552093685,0.5312814333010465,0.9781553994398564,0.7569860531948507,0.6937876401934773,0.9238259890116751,11.737077860916333
0.31502663413994014,0.14239056641235948,0.061456090305000544,0.8388687639962882,0.1666096921544522,0.3576993546448648,0.24137318739667535,0.07852242421358824,0.3331546785775572,0.13118577492423356,14.766225467362204
0.5493617455940694,0.11436148267239332,0.45164822367951274,0.20811810228042305,0.16987541038542986,0.42039720132015646,0.5760030634701252,0.6247155461460352,0.08530679997056723,0.04135790863074362,4.8128023393497985
0.7238378894980997,0.6176037602126598,0.06829052930697799,0.06334189046174288,0.614293813938275,0.6455685587134212,0.2504219214897603,0.22936572832986712,0.7174641615711153,0.6381715438328683,16.580402644476397
0.9622920379042625,0.2530581064056605,0.6056474049109966,0.07298785704188049,0.06016315217129886,0.9386051814071834,0.9710464836098254,0.8396989807952195,0.5444715451449156,0.777410393115133,8.656366770513078
0.28807228570804,0.27369565120898187,0.3504666252993047,0.5318597052246332,0.7958678158465773,0.7186071355827153,0.5025279494002461,0.11918105720542371,0.8442770410329103,0.7391336529981345,12.293259679673039
0.9604453300125897,0.16748466133140028,0.6103083803318441,0.8305662393104285,0.7061368569266051,0.3550101693253964,0.6869670285377651,0.19161082920618355,0.7034387316089123,0.41242004674859345,17.273182668824727
0.27707043290138245,0.06548859807662666,0.46164195355959237,0.5026471891906112,0.5228047478012741,0.42463781777769327,0.8441267812158912,0.11539311264641583,0.6077214181423187,0.7893873944412917,7.194978930954631
0.19701766781508923,0.020418083760887384,0.2427314210217446,0.19476691144518554,0.12796516227535903,0.5343403411097825,0.32874317839741707,0.9593497104942799,0.7296840720809996,0.19273397675715387,4.839774447199652
0.4673866599332541,0.8888495604041964,0.0837083023507148,0.4715075471904129,0.7450774048920721,0.12423053896054626,0.15924219600856304,0.1547480442095548,0.015780893387272954,0.08751245937310159,21.783184538436856
0.5609186887741089,0.7923069531098008,0.2909364220686257,0.4130389764904976,0.7796611278317869,0.37167063797824085,0.9943525886628777,0.6792063303291798,0.8579695234075189,0.8677285618614405,19.193202669769907
0.2945106893312186,0.5492406627163291,0.28114288323558867,0.9358029996510595,0.9513283832930028,0.3976100485306233,0.17478204262442887,0.9271405527833849,0.12934796372428536,0.11049927584826946,18.54154494620065
0.36414136714302003,0.37520723161287606,0.8688709943089634,0.1548193097114563,0.806319110095501,0.7748271692544222,0.9042099714279175,0.5657779730390757,0.6654866004828364,0.29145419620908797,12.84842476857234
0.3635524548590183,0.04034879757091403,0.9991917030420154,0.38464113767258823,0.5041947735007852,0.06874239374883473,0.8493112104479223,0.16286389576271176,0.32207997306250036,0.27774744434282184,13.62531818834552
0.71530194231309,0.7040128840599209,0.8205937405582517,0.5539412526413798,0.41063726390711963,0.7228242857381701,0.27112843259237707,0.6184070855379105,0.23901038384065032,0.21247904864139855,19.841804450866547
0.37517300830222666,0.18584087607450783,0.5473457484040409,0.11667400016449392,0.2686046748422086,0.26468685711733997,0.13294155662879348,0.9058423745445907,0.854364475235343,0.24574827286414802,4.985673158340636
0.22175339446403086,0.6759536564350128,0.0525353669654578,0.3822962730191648,0.2394422753714025,0.7787861113902181,0.4993992205709219,0.935667609795928,0.7481157348956913,0.011265942128375173,13.516774176080462
0.8410492176190019,0.8972269410733134,0.3294613976031542,0.09317204100079834,0.9181458693929017,0.3326418350916356,0.645619145128876,0.10227607563138008,0.6135021715890616,0.7826049474533647,12.475082679814037
0.4236398530192673,0.3048144297208637,0.48853700305335224,0.2797726932913065,0.8563409796915948,0.33864661515690386,0.7029677284881473,0.3291831773240119,0.004448179854080081,0.6610816197935492,12.060127497140726
0.3468916506972164,0.7940448957961053,0.8504208710510284,0.446226782631129,0.7823735708370805,0.39809598005376756,0.20059328409843147,0.4373909558635205,0.5315421409904957,0.79728330578655,19.039820017818315
0.9010992038529366,0.8968055597506464,0.9565199550706893,0.6002344815060496,0.17549415351822972,0.7924383054487407,0.9022624385543168,0.19879724504426122,0.4730067190248519,0.5562700519803911,15.206098958795225
0.5754659757949412,0.3834027156699449,0.25312228756956756,0.41258853673934937,0.44079487258568406,0.5761411911807954,0.6880527336616069,0.044166628969833255,0.9781179679557681,0.6631334596313536,13.881064436960125
0.19038836122490466,0.9025332732126117,0.5341755892150104,0.6229706823360175,0.6958910818211734,0.4407156524248421,0.3563540889881551,0.7491757282987237,0.9119335983414203,0.28691862197592854,17.302912883872064
0.6694165410008281,0.08611037652008235,0.23489590361714363,0.4802120856475085,0.30372900422662497,0.901322717545554,0.10199760878458619,0.009760887827724218,0.7605924576055259,0.534400715958327,13.002581982490064
0.420911998488009,0.2602854098659009,0.29861473478376865,0.23826736328192055,0.032444223295897245,0.5861763639841229,0.30508399032987654,0.8362235228996724,0.5439154552295804,0.9333963617682457,7.601446454366984
0.7162359682843089,0.9776458761189133,0.3804655121639371,0.2004208965227008,0.9507341110147536,0.8120020523201674,0.4272490139119327,0.4781021464150399,0.2403578527737409,0.7872704418841749,15.176469402324182
0.23835857608355582,0.6552267319057137,0.7299746840726584,0.8330591649282724,0.9339768644422293,0.5511512050870806,0.1913649069610983,0.022389389341697097,0.9237838387489319,0.2347737937234342,18.66553697668074
0.7231367758940905,0.11289211548864841,0.6477997947949916,0.8311399077065289,0.07510100002400577,0.9596714554354548,0.26024863007478416,0.22248095320537686,0.24406032799743116,0.8671313922386616,11.72911357686963
0.8370270421728492,0.28582235309295356,0.9854040648788214,0.03818171774037182,0.7387527290266007,0.5174605071078986,0.10990980919450521,0.29641992948018014,0.9076656000688672,0.7150008713360876,16.816082624485258
0.3928440061863512,0.6679642247036099,0.32890085503458977,0.9201262225396931,0.24749739584513009,0.6807736929040402,0.15253362338989973,0.9915507435798645,0.34719871543347836,0.025860191555693746,18.13699250822004
0.4580745273269713,0.6783492418471724,0.09104694868437946,0.9345380663871765,0.6526456528808922,0.9770497600547969,0.31754051009193063,0.21549782087095082,0.4742488437332213,0.9876785427331924,25.39049353016944
0.1251071917358786,0.43088434753008187,0.537466496694833,0.3958686215337366,0.3160413366276771,0.6331245587207377,0.627616616897285,0.766244521131739,0.036711466731503606,0.6434680284000933,6.175608263857492
0.7076379647478461,0.06597850192338228,0.3830602371599525,0.13174838130362332,0.6408179155550897,0.6289219332393259,0.051667306339368224,0.529075043508783,0.16176685923710465,0.42981305439025164,5.077820333287496
0.9784402146469802,0.8250970961526036,0.9077793748583645,0.9731627339497209,0.7788033881224692,0.41616052319295704,0.27672114851884544,0.13327593472786248,0.6257759477011859,0.622395274695009,23.778429890571406
0.7594202880281955,0.5922647395636886,0.7814743833150715,0.9371439304668456,0.8911642651073635,0.8737025237642229,0.524234214797616,0.2553416178561747,0.40815391205251217,0.5088992728851736,25.157159954445543
0.07598423445597291,0.6073240942787379,0.662242820719257,0.26627698075026274,0.2622610938269645,0.7184795348439366,0.9010459650307894,0.1514857360161841,0.36736925039440393,0.31495913956314325,6.043478057239353
0.5762955360114574,0.8427843214012682,0.5436190981417894,0.6175048321019858,0.26627285429276526,0.6358338941354305,0.8818332955706865,0.7019036354031414,0.780797575134784,0.7403810722753406,17.98322093882902
0.7138028501067311,0.8427237328141928,0.15804535895586014,0.8061357908882201,0.08810728183016181,0.21838544611819088,0.513986598001793,0.3436387865804136,0.3919041936751455,0.6327356158290058,18.802462229073985
0.3549214706290513,0.5919499818701297,0.44772627321071923,0.5965881466399878,0.8987106098793447,0.9793016519397497,0.4199465336278081,0.5441499741282314,0.6539971258025616,0.15976288192905486,16.513384326704024
0.38875249377451837,0.7110721410717815,0.18781730090267956,0.8713342368137091,0.6121549461968243,0.003876054659485817,0.1486736978404224,0.40210048970766366,0.6722092644777149,0.6874358961358666,22.830430957728446
0.19713825220242143,0.5834024245850742,0.8052209089510143,0.39400465274229646,0.23312376905232668,0.597757785813883,0.7100636893883348,0.8094575533177704,0.5389472208917141,0.12301998469047248,10.491987958650988
0.44292066409252584,0.4571018796414137,0.060504500987008214,0.6836304336320609,0.9572067125700414,0.11206519138067961,0.6084445209708065,0.5256797522306442,0.992956674657762,0.06159730372019112,22.033738650592337
0.18667497881688178,0.8209787148516625,0.47899491619318724,0.25781844882294536,0.5867529425304383,0.2740731039084494,0.3848594545852393,0.511073830537498,0.577263836748898,0.23212882596999407,9.269582110335467
0.1426311752293259,0.059330633375793695,0.687317694304511,0.1498651502188295,0.6859624756034464,0.6651626958046108,0.7203019286971539,0.49787581246346235,0.2553744383621961,0.35061070951633155,5.432406636215891
0.3311196470167488,0.8392114620655775,0.48411925439722836,0.7839219255838543,0.5546363114845008,0.06684360629878938,0.42691243113949895,0.7376051316969097,0.12307867454364896,0.5825663595460355,17.78153043684084
0.6682406452018768,0.560301226330921,0.9933395688422024,0.3498112924862653,0.1852934341877699,0.8584940519649535,0.41623140149749815,0.5767750658560544,0.41200498724356294,0.41803119145333767,19.09120610816471
0.04647367727011442,0.11675513512454927,0.16779033676721156,0.21932546398602426,0.42390393279492855,0.9795590438880026,0.3228521926794201,0.4043557464610785,0.9799256471451372,0.13897899049334228,7.962686233636786
0.5089099258184433,0.011040591867640615,0.5684975399635732,0.8127724668011069,0.49409263324923813,0.9603719844017178,0.4792525938246399,0.8327039449941367,0.02434187405742705,0.4276208111550659,12.891107243408714
0.5613093802239746,0.2802642642054707,0.02281304425559938,0.9309686864726245,0.7427581872325391,0.05236870073713362,0.6486606278922409,0.01595702930353582,0.8796587819233537,0.6288657560944557,23.002532826994468
0.3353490065783262,0.43188056512735784,0.8760160997044295,0.0393023737706244,0.07796950824558735,0.5626693128142506,0.4267851097974926,0.9039691861253232,0.304254611954093,0.14577776566147804,7.540762692024617
0.2670070573221892,0.5176060497760773,0.45393755636177957,0.8580020682420582,0.778518648352474,0.06389383506029844,0.7726735626347363,0.6336569120176136,0.32155234925448895,0.053594197845086455,15.279231066103026
0.37000659946352243,0.17789003532379866,0.5401477108243853,0.3661259722430259,0.5727525074034929,0.21014311583712697,0.6050510620698333,0.6488179105799645,0.9630870677065104,0.9411937952972949,8.891296849579316
0.9873018246144056,0.3487154406029731,0.09884172072634101,0.06970474123954773,0.6543107170145959,0.9555302725639194,0.1399896522052586,0.6105540720745921,0.3791658754926175,0.7008119670208544,15.765433403941946
0.9267832152545452,0.6325659542344511,0.8457594653591514,0.7496290223207325,0.14909107726998627,0.9466530764475465,0.7712041873019189,0.1664967944379896,0.01537860813550651,0.3747397477272898,20.251430632857158
0.467380388174206,0.8934855409897864,0.8199723826255649,0.6834519060794264,0.3425795449875295,0.15893801674246788,0.9253324549645185,0.8953051918651909,0.9852058754768223,0.5552243159618229,20.43429010316844
0.2153108345810324,0.4939162030350417,0.5311881573870778,0.11461228341795504,0.81981804757379,0.041986395604908466,0.30648279725573957,0.6237696902826428,0.6646662699058652,0.4787005234975368,9.663120685955406
0.9899773257784545,0.11838217754848301,0.23178366268984973,0.10744976135902107,0.4956989265047014,0.2888937701936811,0.7547186964657158,0.1760545619763434,0.07137483125552535,0.5907071186229587,8.153067905946354
0.29561148886568844,0.8411707489285618,0.5006723036058247,0.5592479719780385,0.9245116468518972,0.921039919834584,0.30448607145808637,0.359970988240093,0.22756764711812139,0.12051010993309319,16.558712878502128
0.32261021505109966,0.5722955733072013,0.8284692780580372,0.841450565494597,0.04586981586180627,0.5998398992232978,0.6344533979427069,0.7446253760717809,0.4890823957975954,0.36958384537138045,16.21955185973688
0.04255375312641263,0.7780591677874327,0.35422980482690036,0.870766079518944,0.1698591650929302,0.058426644653081894,0.06252739438787103,0.43844751734286547,0.5136459255591035,0.6787828975357115,9.748957866835262
0.7246367358602583,0.6252254764549434,0.4885208550840616,0.020310723455622792,0.008169492008164525,0.28172311116941273,0.34464446431957185,0.41569574596360326,0.8269796140957624,0.13896144926548004,11.869215684765516
0.6353085974697024,0.82327536563389,0.5218865999486297,0.41595339868217707,0.7900363074149936,0.6222245614044368,0.9935687130782753,0.8427431117743254,0.6528441314585507,0.22434689896181226,18.663313186799044
0.7485340216662735,0.23185006668791175,0.2719765226356685,0.1154412692412734,0.10123300761915743,0.24931355379521847,0.4472049402538687,0.40639312798157334,0.47769270511344075,0.806320910109207,6.9861024004617365
0.7092882012948394,0.6177063789218664,0.39634884148836136,0.5569989010691643,0.07253514789044857,0.6530063592363149,0.6662909772712737,0.0012932699173688889,0.09437194163911045,0.3894279864616692,14.307143687942885
0.37775057391263545,0.7059094530995935,0.24134325329214334,0.5454157476779073,0.6619250583462417,0.48877812060527503,0.5016303709708154,0.7040942907333374,0.7470934439916164,0.2804033283609897,17.605367493871135
0.6390163076575845,0.01708470401354134,0.25098301633261144,0.48057724349200726,0.9755500881001353,0.7537802821025252,0.29849656112492085,0.7104639981407672,0.28775180503726006,0.25793043710291386,10.891473391249978
0.07910404494032264,0.8001386090181768,0.5785561795346439,0.9139656110201031,0.315573493251577,0.2305904005188495,0.008609342388808727,0.7090236388612539,0.19257498253136873,0.9344653142616153,11.114969429777386
0.7013350618071854,0.32085518003441393,0.9416071465238929,0.18103472259826958,0.37587028346024454,0.9180155682843179,0.594506096560508,0.6469127763994038,0.007717734668403864,0.9062844694126397,13.745098472922548
0.47336461464874446,0.5056322666350752,0.8215396504383534,0.11207011435180902,0.4393430252093822,0.8961687481496483,0.06770584546029568,0.9580228512641042,0.3047599750570953,0.3654083567671478,14.18506725452734
0.056308910017833114,0.7732282269280404,0.029702163534238935,0.11317538772709668,0.911248319549486,0.25728831393644214,0.3699699507560581,0.029167543863877654,0.6812781516928226,0.11109200515784323,13.417914697332659
0.08002291084267199,0.8193378360010684,0.4629447616171092,0.5204513552598655,0.9015344129875302,0.4178833607584238,0.46864099241793156,0.04422124940901995,0.40041332482360303,0.3339519747532904,11.250822715133655
0.7787761692889035,0.5478408529888839,0.8718729948159307,0.6393504040315747,0.4321323889307678,0.6950407836120576,0.07892088941298425,0.7922184695489705,0.22015273687429726,0.1454634377732873,19.38785853477149
0.12772112363018095,0.20990313985385,0.21831375127658248,0.026048257248476148,0.8217037373688072,0.10687608434818685,0.6828981924336404,0.46053656633011997,0.3438180503435433,0.6718255216255784,6.591464404637103
0.26347931614145637,0.4795320692937821,0.689535578712821,0.3228236890863627,0.45457844948396087,0.7466600858606398,0.20288865617476404,0.8186656888574362,0.7206489362288266,0.5275964441243559,10.946539862525363
0.6216613054275513,0.7589926579967141,0.6549285629298538,0.06550205568782985,0.9824737785384059,0.12753011472523212,0.2052389292512089,0.9247154754120857,0.5054002613760531,0.9297099150717258,15.930736381768709
