x0,x1,x2,x3,x4,x5,x6,x7,x8,x9,y
0.1981950078625232,0.9900620565749705,0.6796092716977,0.07651779381558299,0.4039479591883719,0.24595819576643407,0.7561013123486191,0.3685421182308346,0.6154722985811532,0.023586142109706998,7.148756723120453
0.06437099864706397,0.16886041453108191,0.5554059625137597,0.2938283260446042,0.7118331121746451,0.11502510495483875,0.6490189817268401,0.1881533081177622,0.7491498093586415,0.9199370357673615,7.988552887937766
0.5142326240893453,0.6725440595764667,0.5500099551863968,0.6046860520727932,0.35777320503257215,0.04624640056863427,0.3401850911322981,0.3094921784941107,0.8276685087475926,0.831624353537336,15.706015486777593
0.5981843871995807,0.43983908370137215,0.7438696045428514,0.7561253276653588,0.05968310288153589,0.01979402150027454,0.285929839592427,0.32767890067771077,0.8556164975743741,0.6969552552327514,16.36314379802914
0.980751748662442,0.9213521634228528,0.1144617311656475,0.4707548103760928,0.8609000071883202,0.6429760749451816,0.7998014269396663,0.11015444761142135,0.7792157670482993,0.32108914479613304,14.8275405241746
0.873185662785545,0.20747410180047154,0.3769995062611997,0.5191121904645115,0.8193576335906982,0.5283459245692939,0.13977029989473522,0.2645264274906367,0.434992904542014,0.36163084441795945,16.31453426092174
0.4978674268350005,0.6508634642232209,0.16681885137222707,0.8599217662122101,0.6935982992872596,0.9662326551042497,0.28355723968707025,0.4898706995882094,0.13807278755120933,0.727777455933392,23.27668536323195
0.4048924318049103,0.14044846431352198,0.9340452330652624,0.3575031391810626,0.96297792554833,0.35263065295293927,0.0796271855942905,0.139137364923954,0.36371018388308585,0.3772677874658257,15.054051511121129
0.3334911921992898,0.9470510398969054,0.3899140013381839,0.08810464991256595,0.6348608648404479,0.010000313632190228,0.500026268651709,0.49798473762348294,0.2181686544790864,0.2620505809318274,12.269637854839804
0.4426477197557688,0.03406206355430186,0.2932348034810275,0.052644238574430346,0.1837878837250173,0.884869679575786,0.10020911041647196,0.4031304670497775,0.7690243215765804,0.8975668696220964,1.9371128285846566
0.6981018038932234,0.4236181997694075,0.3248726741876453,0.37988589820452034,0.37462981743738055,0.5919255695771426,0.3421964484732598,0.13616912765428424,0.8495092522352934,0.46448069787584245,13.132572421260475
0.08055498427711427,0.9399735841434449,0.7051391885615885,0.5558241836261004,0.4676855457946658,0.06415502447634935,0.07980512641370296,0.6646314712706953,0.6942361011169851,0.8175131343305111,10.46889991961965
0.26267104991711676,0.5151632991619408,0.831354416674003,0.0909108396153897,0.4572831899859011,0.4378823784645647,0.9524475934449583,0.5681144390255213,0.8749472440686077,0.300781233003363,11.361864312866937
0.36861978960223496,0.4011349475476891,0.9375274856574833,0.26860144967213273,0.9045839461032301,0.8689501902554184,0.5737762833014131,0.35106247174553573,0.9515655501745641,0.9693394140340388,17.274030004581082
0.6252027433365583,0.010647265706211329,0.9318427704274654,0.7852657053153962,0.7616902329027653,0.17319268477149308,0.17562283831648529,0.7647209072019905,0.4373742293100804,0.41970624937675893,15.494206526591421
0.8204926108010113,0.5593934464268386,0.13520193193107843,0.6504134500864893,0.9120920712593943,0.06516445684246719,0.1256188591942191,0.5928281084634364,0.3700773420277983,0.1834250579122454,22.30243703859418
0.3533262717537582,0.6309971972368658,0.17218800634145737,0.9473081396427006,0.7717511807568371,0.5640128839295357,0.6081243879161775,0.7665359426755458,0.5288586320821196,0.5757360041607171,22.53809906505496
0.5164528507739305,0.7578449801076204,0.31250267708674073,0.3693628120236099,0.05875251372344792,0.9451363005209714,0.44644823856651783,0.051232247380539775,0.9838926752563566,0.15439607156440616,14.015430344606466
0.7905514256563038,0.5329815631266683,0.3401182929519564,0.2335855863057077,0.33028086205013096,0.06118237832561135,0.2002615532837808,0.4290898507460952,0.813842287985608,0.4659796853084117,14.967968094149118
0.8123457687906921,0.5494141695089638,0.04472970636561513,0.24569703987799585,0.9007745797280222,0.05492648249492049,0.910116023151204,0.35619121114723384,0.4397419970482588,0.46604863461107016,19.112046672887836
0.8531875307671726,0.38462402671575546,0.3158581929747015,0.18892104015685618,0.09367583994753659,0.36194866010919213,0.8755178928840905,0.34701940952800214,0.5536344081629068,0.8404717564117163,10.563690378064472
0.8832134685944766,0.47250558622181416,0.09148781886324286,0.24056940898299217,0.14117495971731842,0.7053836975246668,0.49201797507703304,0.3861846015788615,0.1862273069564253,0.7550298320129514,15.577797722739325
0.4940120701212436,0.788556138984859,0.009129327023401856,0.7762886197306216,0.7425953783094883,0.2766901352442801,0.3103462401777506,0.9031356668565422,0.3639544118195772,0.23486720072105527,26.658866307916767
0.9872549124993384,0.14594391570426524,0.30892063002102077,0.06437791767530143,0.12471971497870982,0.5660183015279472,0.5111405900679529,0.23702709702774882,0.681604846380651,0.9330857670865953,6.2645611552622675
0.6753997034393251,0.01889993529766798,0.6985674581956118,0.3937310129404068,0.6585429762490094,0.1341667715460062,0.7502135143149644,0.2888066682498902,0.0400829219724983,0.9409395889379084,7.56647413359138
0.8619147769641131,0.04980126675218344,0.535040050977841,0.5489418923389167,0.443876298610121,0.30507290409877896,0.4476722218096256,0.17763622384518385,0.9470688255969435,0.22591914096847177,8.485231947836256
0.9294321548659354,0.14984564995393157,0.07676821551285684,0.5712203639559448,0.12980351876467466,0.3588101228233427,0.8127419843804091,0.7434649476781487,0.03430679813027382,0.7916417142841965,14.96437157604753
0.5614359038881958,0.8202200406230986,0.8812538692727685,0.6216219551861286,0.07454795273952186,0.24164958065375686,0.6873908054549247,0.9029272415209562,0.44834157451987267,0.40313941752538085,21.691290863416675
0.5487875870894641,0.7322892546653748,0.7138713812455535,0.4967059895861894,0.17164521920494735,0.4887209564913064,0.007247308734804392,0.191526354290545,0.2566510350443423,0.34310704399831593,17.652542020270033
0.4153816413599998,0.5880383085459471,0.5023529438767582,0.9810988586395979,0.814217806328088,0.6741669662296772,0.601140528684482,0.39183093584142625,0.754407298984006,0.9184690036345273,21.179235256214056
0.694050419377163,0.17225405317731202,0.6079521225765347,0.43719787150621414,0.6387012279592454,0.9663692689500749,0.06899315374903381,0.72461127047427,0.47690132027491927,0.36341754207387567,11.280720603211996
0.5616186875849962,0.5172739054542035,0.911293321987614,0.3838793747127056,0.8443525428883731,0.6501237743068486,0.8982714952435344,0.557680057361722,0.1228804683778435,0.2242819955572486,20.084193053892605
0.1301329960115254,0.824581400025636,0.4088701612781733,0.8135634451173246,0.029265004210174084,0.3929806489031762,0.7963176683988422,0.5385910766199231,0.953421070240438,0.6919773623812944,13.105523450387789
0.4651405024342239,0.6048874382395297,0.8543644698802382,0.7595624027308077,0.6542787149082869,0.7004064153879881,0.04484556848183274,0.957846907665953,0.33561545913107693,0.23205687594600022,21.88422425699952
0.29101997474208474,0.938404783140868,0.35360471066087484,0.7751284071709961,0.3006299084518105,0.5618876039516181,0.42052010260522366,0.6771754273213446,0.06730086449533701,0.7912912887986749,15.90430958784543
0.48808869370259345,0.6420690948143601,0.33754820679314435,0.5332155232317746,0.8581390213221312,0.6142481123097241,0.9223431150894612,0.5284272260032594,0.6684154444374144,0.11317218956537545,18.4962459606391
0.300637116888538,0.9785484676249325,0.1417980056721717,0.48116670409217477,0.20491286809556186,0.3770104127470404,0.16315617761574686,0.004977369448170066,0.8822201197035611,0.6832223474048078,16.52430269895613
0.7333259514998645,0.916620084317401,0.2619062806479633,0.6536123738624156,0.21525125089101493,0.7855175484437495,0.7426112906541675,0.5740269257221371,0.050637524109333754,0.28284421167336404,15.854506254344766
0.8814906037878245,0.9708036915399134,0.8863891249056906,0.9501707453746349,0.4951348123140633,0.8138695217203349,0.7594591917004436,0.552861609030515,0.6616687062196434,0.3379378810059279,21.136406205162473
0.06346248928457499,0.14080279879271984,0.974939773324877,0.0032925547566264868,0.7250038962811232,0.18942381325177848,0.2646251393016428,0.9872388888616115,0.949711735593155,0.2169409403577447,8.458024368801265
0.23598880972713232,0.23228040151298046,0.5756808307487518,0.15710857487283647,0.22793141473084688,0.19909808761440217,0.13691110559739172,0.7435051715001464,0.3817587969824672,0.5755312871187925,3.9371507636783645
0.5095382519066334,0.7932908153161407,0.8537214181851596,0.6312556997872889,0.022924250224605203,0.5051967489998788,0.5578608794603497,0.1702932296320796,0.39038758259266615,0.6427381129469723,17.56538523063922
0.4923633437138051,0.7384972150903195,0.24481470719911158,0.4243746616411954,0.42757343454286456,0.3287584804929793,0.6718657060991973,0.4188707657158375,0.5844782562926412,0.6281597570050508,16.548262625610683
0.6857367493212223,0.8672697502188385,0.028634251095354557,0.5229097655974329,0.7803480876609683,0.8618636657483876,0.0401457785628736,0.2650382132269442,0.40448203030973673,0.5247406233102083,22.485895915463672
0.5948334687855095,0.7801579218357801,0.7964588336180896,0.9163537719286978,0.8765586065128446,0.6987667849753052,0.026064770063385367,0.7466169360559434,0.11548615875653923,0.262566011864692,24.313124105507974
0.2129137774463743,0.3904307063203305,0.6635146222542971,0.36911706533282995,0.8582430833484977,0.025204649893566966,0.6454762862995267,0.5525994806084782,0.10028459830209613,0.9516603292431682,12.422421648851756
0.8632724713534117,0.9583241022191942,0.8132184068672359,0.6279619645792991,0.7825630661100149,0.5323583034332842,0.04286250984296203,0.18386641214601696,0.5211368435993791,0.17957000574097037,16.4496139961457
0.9743975440505892,0.4192133960314095,0.11734847794286907,0.06513573881238699,0.5065884222276509,0.1698292321525514,0.026403066935017705,0.7574413784313947,0.283437741920352,0.2640467325691134,17.066529779334928
0.4777242799755186,0.24821017868816853,0.7150047721806914,0.842295115115121,0.11267168796621263,0.7523370236158371,0.021066193003207445,0.5499733898323029,0.04414607607759535,0.22768905758857727,12.665277600566034
0.3501107634510845,0.013972228858619928,0.11463977745734155,0.7036360139027238,0.6221455119084567,0.41863654367625713,0.0011682005133479834,0.8332437025383115,0.7195293868426234,0.6891415980644524,12.896366517547362
0.8364148137625307,0.43418429023586214,0.15554483770392835,0.655209943652153,0.5800847231876105,0.7941738998051733,0.026670267106965184,0.6682961299084127,0.766701249871403,0.7543644504621625,19.60923623934234
0.012422647792845964,0.9069703829009086,0.35171654052101076,0.25928947725333273,0.8174153477884829,0.19415264972485602,0.7626620717346668,0.07639081845991313,0.949759784154594,0.8033626319374889,8.260927586787458
0.8815224675927311,0.08960950560867786,0.8829421433620155,0.26318810670636594,0.7164947330020368,0.9424098308663815,0.3070115891750902,0.11426364909857512,0.8060813012998551,0.8290117415599525,12.686389767239985
0.30748695973306894,0.6359209208749235,0.5498249204829335,0.9264222404453903,0.8698068265803158,0.25218975846655667,0.6308546955697238,0.14259931002743542,0.5085938828997314,0.07822010410018265,19.906025862251887
0.9716021490748972,0.6261053094640374,0.21896045748144388,0.1787679677363485,0.7424984243698418,0.8462879820726812,0.7760231900028884,0.33165900502353907,0.8477625430095941,0.8569563480559736,15.673181731591788
0.89881646563299,0.3131708619184792,0.4897160192485899,0.029973693657666445,0.5586666208691895,0.4425860110204667,0.2123533869162202,0.030137121910229325,0.05092782783322036,0.7924413557630032,11.05036898710601
0.8189700578805059,0.5795019026845694,0.09578517568297684,0.6232166634872556,0.4289208031259477,0.07046043523587286,0.49193450598977506,0.8702582782134414,0.5625447230413556,0.34472790732979774,22.084151295998815
0.11072666919790208,0.4597288474906236,0.14204227784648538,0.5547601194120944,0.10911055328324437,0.23687090538442135,0.9327767938375473,0.8960222869645804,0.6137175641488284,0.20354845491237938,9.450494908885506
0.9030276220291853,0.4694145326502621,0.4131164592690766,0.42997699277475476,0.497573453001678,0.2697075617033988,0.5186537601985037,0.8524752743542194,0.9673046371899545,0.8471342721022666,17.599507357111584
0.3155649001710117,0.11215037852525711,0.7377726023551077,0.5966796120628715,0.11161424336023629,0.5970165780745447,0.975106347585097,0.48121451307088137,0.16786527051590383,0.3248276871163398,8.504361569046813
0.7631686113309115,0.20277024991810322,0.34253192599862814,0.5419773394241929,0.0905665592290461,0.6453504250384867,0.5157931500580162,0.5939367054961622,0.3047050521709025,0.284481393173337,10.22712792166822
0.43855907348915935,0.7522985124960542,0.02527604764327407,0.5895826008636504,0.9017662538681179,0.8344050478190184,0.8295839000493288,0.3805312404874712,0.8785779844038188,0.3534178950358182,23.078563038424416
0.6246029471512884,0.06852649571374059,0.9592532098758966,0.04919585236348212,0.09818273363634944,0.21869077836163342,0.005857138428837061,0.5351600660942495,0.9846525955945253,0.3129240300040692,7.196576623913804
0.7301239923108369,0.6769874198362231,0.34659781865775585,0.13586668763309717,0.7214551733341068,0.025344187393784523,0.24398935423232615,0.7443269470240921,0.9214672786183655,0.12885601609013975,15.284660162147352
0.39764328580349684,0.1018608647864312,0.4326098724268377,0.20824480592273176,0.8941952206660062,0.49399705114774406,0.7532191553618759,0.7242351698223501,0.19589029299095273,0.5864919684827328,6.3148275436826244
0.1563180920202285,0.2265795818530023,0.2478609092067927,0.26686228485777974,0.8933949125930667,0.6475354137364775,0.12387510784901679,0.7197737416718155,0.8423602047841996,0.16486636316403747,9.942037630868217
0.8821873906999826,0.4528646564576775,0.4912365898489952,0.9344711594749242,0.2728327156510204,0.381576188839972,0.6325167894829065,0.7906158566474915,0.08598522562533617,0.4186225214507431,21.404939433019752
0.2103689827490598,0.558708421420306,0.9944437283556908,0.8202674048952758,0.1655560212675482,0.6237475113011897,0.3395344000309706,0.8879009464289993,0.5195112561341375,0.3797923589590937,17.877507162788174
0.5265269472729415,0.02384702069684863,0.9462195981759578,0.36046589515171945,0.01926185004413128,0.17547951499000192,0.11066072504036129,0.6357895235996693,0.5275832887273282,0.6576013085432351,8.986079605314904
0.7707362517248839,0.8276064882520586,0.934051766525954,0.7935565940570086,0.8309470682870597,0.15741473133675754,0.6970181942451745,0.9189270418137312,0.992326571373269,0.9215638935565948,24.729775213588898
0.2520449445582926,0.506113272625953,0.8001565400045365,0.7626833578106016,0.6504484293982387,0.42386338277719915,0.510207089362666,0.8412558555137366,0.6938425456173718,0.6376883264165372,16.855442453677398
0.24278650199994445,0.9379257266409695,0.18977900291793048,0.4532009940594435,0.9610871507320553,0.33276189817115664,0.8363149601500481,0.634930663742125,0.5876132843550295,0.7457295192871243,16.55301558485821
0.5916044837795198,0.3702152627520263,0.45995495561510324,0.23274534428492188,0.47262301901355386,0.7168927637394518,0.548599980538711,0.2707445954438299,0.6366777447983623,0.5660153049975634,10.997210397632035
0.8747789787594229,0.5353469965048134,0.24265451449900866,0.6753221750259399,0.8601970472373068,0.1739982741419226,0.21904958481900394,0.09334517875686288,0.07718734769150615,0.21578409057110548,22.338379897100555
0.467305326834321,0.7895136356819421,0.6677453687880188,0.35019062738865614,0.6669504239689559,0.9919478544034064,0.14934410573914647,0.11841642810031772,0.8830236240755767,0.2450663005001843,17.00245630078544
0.47908606054261327,0.6728984792716801,0.048931107157841325,0.2219749358482659,0.7936720801517367,0.09279871638864279,0.2664428297430277,0.7085699925664812,0.739802670199424,0.037040150724351406,18.79595208073568
0.9332213897723705,0.00988409947603941,0.8407208705320954,0.2749963684473187,0.7321807716507465,0.4641500785946846,0.5948816011659801,0.2344546269159764,0.9135112308431417,0.5790493355598301,7.985656445276793
0.212707731872797,0.27672438230365515,0.18541656993329525,0.5018655760213733,0.7047716153319925,0.6313231848180294,0.5855953716672957,0.10035454737953842,0.968366498593241,0.5412256261333823,11.811783585573696
0.529374657664448,0.006517633330076933,0.42219946696422994,0.06707167974673212,0.8212249351199716,0.37560212635435164,0.9335474569816142,0.5262675879057497,0.9169376930221915,0.994507810799405,4.011789416103214
0.30588639597408473,0.8380509158596396,0.9183900682255626,0.5447907841298729,0.3209683976601809,0.8024771937634796,0.7019064701162279,0.9509063204750419,0.7131159456912428,0.6821393121499568,17.936168602360453
0.412380293244496,0.13423493830487132,0.4885651795193553,0.31396405841223896,0.01832626690156758,0.23987594316713512,0.8675107590388507,0.05003254418261349,0.0177014353685081,0.7417018606793135,4.624096545941835
3.415951505303383e-05,0.7973165223374963,0.5796455233357847,0.1650664999615401,0.7424415834248066,0.6008608916308731,0.2916069268248975,0.9598796525970101,0.6301545626483858,0.4391055880114436,5.125556077966426
0.16669423086568713,0.7924176398664713,0.5524357536341995,0.7019300335086882,0.8016393617726862,0.44805297651328146,0.6787238516844809,0.25905019510537386,0.7236426186282188,0.6438280735164881,16.67962448571853
0.9626592230051756,0.1518754055723548,0.3557992910500616,0.10172600694932044,0.49369841907173395,0.6802428481169045,0.1705940691754222,0.2850281507708132,0.24760292493738234,0.3483633967116475,8.369919338098605
0.35740104457363486,0.40551483049057424,0.5466182378586382,0.9792741176206619,0.5152520444244146,0.9572313218377531,0.9652714196126908,0.02703933441080153,0.23546428023837507,0.1741504967212677,15.062086570442077
0.3525558558758348,0.08384907967410982,0.8298545661382377,0.006836948683485389,0.7785994980949908,0.7312749626580626,0.32153062568977475,0.6242014146409929,0.8840306357014924,0.1791372939478606,7.391830119999736
0.49289590842090547,0.6152719273231924,0.3925032904371619,0.5832378605846316,0.7196598907466978,0.13525974261574447,0.37092853453941643,0.604206231655553,0.8553404752165079,0.9695122526027262,19.731727530142553
0.42322376812808216,0.7669407818466425,0.5954002621583641,0.34110725205391645,0.6274954199325293,0.08380839438177645,0.5589799818117172,0.4083928451873362,0.9045539333019406,0.8576791686937213,15.728434818112708
0.4810041133314371,0.677024602657184,0.7503442519810051,0.34608976799063385,0.5523948268964887,0.6026406781747937,0.9124304836150259,0.03527668328024447,0.695006936090067,0.6429518703371286,16.869401518583324
0.6511271314229816,0.3583699834998697,0.3031810554675758,0.7296859452035278,0.6354898216668516,0.9163571803364903,0.6303137687500566,0.8191231009550393,0.597502252785489,0.9619854870252311,18.47578802628595
0.979868597118184,0.21814310550689697,0.9659560821019113,0.1791327311657369,0.544519122922793,0.5458505239803344,0.07571997330524027,0.5659554358571768,0.5641347432974726,0.9010147915687412,15.213273951912875
0.02095609763637185,0.8662387155927718,0.11898523196578026,0.30726599250920117,0.8919968768022954,0.3115895704831928,0.10886936681345105,0.7766898658592254,0.6671649285126477,0.08991042780689895,9.605696829129789
0.31558000086806715,0.8546654575038701,0.8622328005731106,0.7110170142259449,0.12056274665519595,0.616421505343169,0.5590605190955102,0.22443151148036122,0.4478197069838643,0.9957092339172959,18.855135061700437
0.6947130556218326,0.1276544420979917,0.6154318572953343,0.7422352940775454,0.4974877666682005,0.8442070125602186,0.7084526321850717,0.38374099414795637,0.7097406054381281,0.6471087504178286,12.415053603141104
0.8725358701776713,0.2344178482890129,0.2570625676307827,0.6117847203277051,0.3516432491596788,0.9332103009801358,0.9248218771535903,0.5475090236868709,0.7807776762638241,0.5023744627833366,15.733453520372263
0.4659242178313434,0.6866774568334222,0.5691180985886604,0.4586188616231084,0.09293859731405973,0.06733227800577879,0.46718955994583666,0.13295864034444094,0.5949952779337764,0.2930024457164109,12.856241846240174
0.1397485611960292,0.7450592003297061,0.13977932184934616,0.883224920835346,0.2401663742493838,0.15635965066030622,0.612789805047214,0.6678830021992326,0.8053603512234986,0.9129490174818784,17.412011675413325
0.03348909900523722,0.46916175493970513,0.39306227839551866,0.6763755953870714,0.8413164471276104,0.6427180683240294,0.710865092696622,0.24207209632731974,0.08342045685276389,0.5392025930341333,9.451053074866712
0.8321841198485345,0.28782510897144675,0.6101976342033595,0.35147834778763354,0.7949845020193607,0.5356843499466777,0.6109537787269801,0.04405740834772587,0.11597072868607938,0.9050670950673521,16.116246552663053
0.5781598682515323,0.4775760914199054,0.4253041569609195,0.9642428767401725,0.5409276646096259,0.8105998877435923,0.4971561587881297,0.563748279819265,0.9636064497753978,0.4746084022335708,21.21370123197535
0.4244507709518075,0.6940536343026906,0.5491301591973752,0.7845599609427154,0.7978410013020039,0.4137863034848124,0.05370873655192554,0.3736419281922281,0.5863477936945856,0.31706467852927744,20.68302568069265
0.1829619777854532,0.7446860906202346,0.2659857433754951,0.5631081478204578,0.17029687552712858,0.6629474968649447,0.16485286899842322,0.45838471152819693,0.4850762707646936,0.42945070401765406,11.316042601307128
0.30151815339922905,0.6531589345540851,0.9426296227611601,0.10078096343204379,0.16948084137402475,0.8470176593400538,0.9485077366698533,0.10715870885178447,0.8444156881887466,0.5478861453011632,10.607586296965573
0.6421231743879616,0.23929059715010226,0.7984157062601298,0.8171995582524687,0.9753146013244987,0.5262837498448789,0.06012613559141755,0.7175817135721445,0.335243666311726,0.7198191964998841,20.69423759590474
0.8455156539566815,0.6186946160160005,0.548710739472881,0.013049243250861764,0.08186001982539892,0.5545192149002105,0.2332980101928115,0.7912852794397622,0.8104899569880217,0.9302495161537081,10.643171276230992
0.608578079380095,0.929277490125969,0.2898932727985084,0.3983921096660197,0.12158139748498797,0.016820533433929086,0.27221174887381494,0.34683404862880707,0.3585774146486074,0.8502885764464736,15.823733112158381
0.5027214477304369,0.1327875591814518,0.41906605660915375,0.2630210076458752,0.08539701020345092,0.6145697224419564,0.44426534231752157,0.9900891694705933,0.030422315699979663,0.4537137486040592,4.672478749245592
0.2679931912571192,0.5468943312298506,0.8497292161919177,0.7256783109623939,0.9673442644998431,0.4642388594802469,0.2524056467227638,0.28023338760249317,0.6568986100610346,0.9429701995104551,19.88271480764529
0.43058740347623825,0.7827166344504803,0.20776250096969306,0.6918111040722579,0.5076463762670755,0.527004461036995,0.774062144337222,0.6718711990397424,0.8479270613752306,0.07845012377947569,20.7379031199275
0.6953207363840193,0.03646274842321873,0.420525822089985,0.8698967746458948,0.08891281113028526,0.9317317800596356,0.48289936874061823,0.7025223097298294,0.9337461679242551,0.0013667792081832886,10.888027210029152
0.7730584603268653,0.7847598753869534,0.8150485525839031,0.7730416138656437,0.4910067208111286,0.7004230124875903,0.12307702540419996,0.9947797658387572,0.7932889792136848,0.9564575103577226,21.0025147230038
0.6893908260390162,0.6734955066349357,0.421747624874115,0.40221329242922366,0.5034505545627326,0.5645783713553101,0.3693455916363746,0.7947374749928713,0.6853155321441591,0.8764351992867887,15.000465105884324
0.17129067075438797,0.607280167285353,0.1855380916967988,0.9671139281708747,0.2901417736429721,0.5823890874162316,0.49853325239382684,0.9651266208384186,0.8474903537426144,0.6348071941174567,16.545904742888343
0.8144340754952282,0.38516818662174046,0.12104235775768757,0.2921119329985231,0.26012051408179104,0.5221414784900844,0.7384089813567698,0.7657069666311145,0.9515963983722031,0.7410072679631412,15.572287872583063
0.21006546285934746,0.3811959542799741,0.7462647443171591,0.06690777838230133,0.46142700547352433,0.454586572246626,0.4705334685277194,0.38212167052552104,0.30296314461156726,0.9676766118500382,6.8896123416455906
0.7424183832481503,0.4902328015305102,0.7403083981480449,0.7377929918002337,0.8095959261991084,0.4819196593016386,0.9925732794217765,0.6382025096099824,0.6903155806940049,0.5855559590272605,23.883705840893242
0.0005817196797579527,0.057068740017712116,0.928675367962569,0.06114360806532204,0.6987088199239224,0.8230127594433725,0.30365191539749503,0.054057354340329766,0.3977878913283348,0.4417350892908871,7.841481630439975
0.6451716267038137,0.6708572728093714,0.8833652315661311,0.744813785655424,0.6765881550963968,0.9859595883172005,0.5000362410210073,0.0458506285212934,0.04829651629552245,0.13829860650002956,23.440380565280794
0.6245828289538622,0.8633381086401641,0.3524803917389363,0.3151062710676342,0.29339087614789605,0.17394667956978083,0.30300994706340134,0.7909442714881152,0.021050350973382592,0.5511501459404826,15.308998999243236
0.45606772089377046,0.6119957505725324,0.541969757527113,0.4311106433160603,0.24861291400156915,0.28982949280180037,0.48683001101017,0.6467753443866968,0.8109486715402454,0.08467445429414511,11.98693614536634
0.26429668720811605,0.3528756909072399,0.8292368815746158,0.9362027770839632,0.3989414172247052,0.6825566811021417,0.16645724163390696,0.07703948440030217,0.7888745625969023,0.19799537514336407,13.591088083520274
0.08171082334592938,0.2552472222596407,0.9572530763689429,0.7129591144621372,0.2181713900063187,0.9236632478423417,0.8679560159798712,0.5668217006605119,0.8147874872665852,0.6157403173856437,12.62826151017816
0.44822648214176297,0.8854601169005036,0.13376297638751566,0.04859028453938663,0.06403823615983129,0.15392425772733986,0.1203407272696495,0.19279640424065292,0.6096088637132198,0.5368098050821573,11.80673254664817
0.6108857237268239,0.4517594517674297,0.7318976810202003,0.05514975264668465,0.6462957412004471,0.5630674539133906,0.15178951853886247,0.34776950953528285,0.6257399208843708,0.9464339278638363,13.291686024407051
0.0632715430110693,0.0666158078238368,0.016806099796667695,0.9845057835336775,0.8687126303557307,0.5017349536065012,0.3319916808977723,0.3491119861137122,0.18268102779984474,0.47052220324985683,19.239832495811665
0.1809400487691164,0.4015765741933137,0.48314268817193806,0.2763225748203695,0.8825072592590004,0.7642705589532852,0.08099439344368875,0.018126794137060642,0.9263178179971874,0.20506747416220605,9.834786787920526
0.6635420469101518,0.5281323555391282,0.5695580223109573,0.027067683404311538,0.2763194360304624,0.4330549647565931,0.6585397261660546,0.6438757958821952,0.5168089689686894,0.5017344413790852,8.588134698760308
0.5385931502096355,0.7852453293744475,0.050894565181806684,0.5711572226136923,0.7124943027738482,0.8842962868511677,0.7417214973829687,0.5716819544322789,0.6444724109023809,0.6063927945215255,23.8748722979786
0.006594827165827155,0.008288098964840174,0.39553211303427815,0.5652753927279264,0.3019341267645359,0.8376568390522152,0.31260602618567646,0.7637448513414711,0.3099426687695086,0.45337162748910487,5.4990282702918085
0.8414312375243753,0.050366792595013976,0.4814854096621275,0.9612682040315121,0.06092526623979211,0.43924009380862117,0.3222071130294353,0.3132502103690058,0.35493096499703825,0.5169629228767008,12.303682511653468
0.7110757261980325,0.916485377587378,0.7036670777015388,0.12259640800766647,0.35600487794727087,0.2844325671903789,0.7816329947672784,0.3639387395232916,0.5879427185282111,0.06800943054258823,12.212128877713626
0.9479867685586214,0.3674978483468294,0.2840515428688377,0.8347654254175723,0.7456968009937555,0.9518634947016835,0.29598289122805,0.03696703934110701,0.03948506503365934,0.09148617088794708,22.42366359407057
0.8972810888662934,0.1252324813976884,0.09237340232357383,0.7957855258136988,0.03174828831106424,0.4287338505964726,0.7087743154261261,0.014017524430528283,0.05003726412542164,0.1518047396093607,16.309875681529252
0.606737052788958,0.4955612563062459,0.11822584271430969,0.9935258394107223,0.480280177667737,0.20187868620269,0.3761636442504823,0.7882611590903252,0.43850558111444116,0.8538689822889864,23.688065614183277
0.5513833640143275,0.6165731947403401,0.9141146980691701,0.3540255590341985,0.700344002339989,0.910368591779843,0.7071252074092627,0.3314249189570546,0.5440066014416516,0.723018710501492,20.152581054894988
0.24890659330412745,0.2304493251722306,0.6625805073417723,0.9902433278039098,0.8928226884454489,0.29122992139309645,0.20779636967927217,0.9976337207481265,0.6181542798876762,0.3250056537799537,17.40152386759064
0.7860887381248176,0.018083424074575305,0.08821317367255688,0.8650976219214499,0.08841673168353736,0.9923247785773128,0.10328075662255287,0.6822109997738153,0.5932336554396898,0.8983287112787366,14.466875493774154
0.11937337345443666,0.8217976160813123,0.5502745872363448,0.8548206787090749,0.294437974691391,0.3037579159718007,0.38219042331911623,0.9939927863888443,0.5621811335440725,0.5964967350009829,10.819182118136606
0.6894444159697741,0.6436382958199829,0.07581944018602371,0.7612763794604689,0.9616793007589877,0.2736773060169071,0.42656088061630726,0.5098181057255715,0.5397636687848717,0.9164848984219134,25.735405415110595
0.28868552576750517,0.976003190735355,0.07701557269319892,0.3011981479357928,0.33629591949284077,0.5091771234292537,0.4141520676203072,0.8248881662730128,0.5571689056232572,0.10390775953419507,15.763229956163398
0.108703508740291,0.16264009824953973,0.45643411902710795,0.9649900502990931,0.945209102705121,0.48384606279432774,0.2343189800158143,0.08954862272366881,0.23677638382650912,0.8960317501332611,14.429463920378083
0.7287485557608306,0.5024621696211398,0.24995746882632375,0.9650437124073505,0.32426279806531966,0.24545161798596382,0.36381012201309204,0.6296778896357864,0.3335049224551767,0.03512645559385419,21.91702715887129
0.4984114908147603,0.7386721982620656,0.9975733761675656,0.7824257120955735,0.429849143140018,0.3272721671964973,0.5881553976796567,0.23480490897782147,0.6868656943552196,0.6358636976219714,23.83954359759612
0.19500017119571567,0.8856421485543251,0.9721107522491366,0.4378080682363361,0.39851783658377826,0.3877790533006191,0.11227665632031858,0.8915757385548204,0.6422455459833145,0.6693686181679368,16.87607334216982
0.8798443942796439,0.6389554038178176,0.08406722685322165,0.8679112773388624,0.1371969289612025,0.13010410615243018,0.17663882300257683,0.3213572164531797,0.20261080074124038,0.26509298919700086,22.271923158559193
0.4638463035225868,0.3001085070427507,0.37987769138999283,0.19740586425177753,0.3112568217329681,0.4272953930776566,0.8176807411946356,0.7073499262332916,0.03033284260891378,0.90856077009812,7.65396213070712
0.41980526922270656,0.3208733426872641,0.28738912055268884,0.9392396654002368,0.6196573369670659,0.1105430310126394,0.20184082607738674,0.2559074310120195,0.538820329355076,0.41052009584382176,17.67691041742518
0.6675654801074415,0.39799767499789596,0.4180126681458205,0.9450819592457265,0.5457056805025786,0.6381399144884199,0.08286610012874007,0.42610668763518333,0.6738225789740682,0.21316252602264285,20.716687005156896
0.14624906424432993,0.632924519944936,0.2774965646676719,0.8725940762087703,0.9954363903962076,0.7803426587488502,0.310126974247396,0.8086978020146489,0.37132050516083837,0.8360434221103787,16.083001276995688
0.18977002403698862,0.5277984063141048,0.15469314507208765,0.7443512505851686,0.6108606711495668,0.8825254151597619,0.9480081549845636,0.7827786020934582,0.08174635632894933,0.9139212041627616,15.045823091387472
0.7539150137454271,0.22855268977582455,0.8473875590134412,0.005242964485660195,0.337735693436116,0.5808489548508078,0.2853642429690808,0.5268357710447162,0.30852627800777555,0.5842154356651008,9.722750177191157
0.766531027154997,0.040794756496325135,0.6931232209317386,0.8957918186206371,0.5944169599097222,0.6110048859845847,0.0025859687011688948,0.9864624559413642,0.5078159586992115,0.809456187300384,14.843105318789817
0.08272353862412274,0.1857465161010623,0.4047916301060468,0.6266440206672996,0.44064780906774104,0.556500256061554,0.8444581397343427,0.6679418387357146,0.5879012285731733,0.11971743893809617,11.179364155554126
0.8436995483934879,0.9823308689519763,0.8990144671406597,0.891416774597019,0.8627634700387716,0.2538953763432801,0.04692880203947425,0.22152722254395485,0.9020259524695575,0.8420948702841997,21.26645996095843
0.4803709627594799,0.44467924046330154,0.5613835584372282,0.05101903364993632,0.05626148753799498,0.061853484250605106,0.4391591988969594,0.9542560724075884,0.4019875505473465,0.7209520468022674,7.34241692358292
0.6926154929678887,0.11260017356835306,0.13733833911828697,0.76661566644907,0.44550094031728804,0.7768957102671266,0.41371544310823083,0.9567566646728665,0.9263080595992506,0.7715561359655112,14.82377311942572
0.042520935414358974,0.9750347561202943,0.9521638350561261,0.13666360126808286,0.7737066301051527,0.9344897058326751,0.05277975904755294,0.044050754280760884,0.15505816065706313,0.24215409951284528,11.492171883031855
0.6455512519460171,0.6688334655482322,0.3842902739997953,0.3346464370843023,0.68931989162229,0.6557485675439239,0.7145076261367649,0.9487800165079534,0.5777899434324354,0.6694356980733573,16.44254692788493
0.29409441049210727,0.47545057511888444,0.7880803544539958,0.24073795415461063,0.1332385283894837,0.8037105337716639,0.31389008089900017,0.8971364034805447,0.3204996201675385,0.17363526788540184,8.69236425130321
0.6130728323478252,0.44606243865564466,0.236140598077327,0.6060960043687373,0.9771141402889043,0.5128597707953304,0.9623830744531006,0.6518518221564591,0.5021572262048721,0.7793500155676156,20.071948715402133
0.12026746408082545,0.8533319320995361,0.12528244708664715,0.8547323988750577,0.27653484232723713,0.07918883208185434,0.9165154625661671,0.9385475083254278,0.38921750523149967,0.20652852836064994,15.980454493035992
0.35716120013967156,0.966022941749543,0.5416426931042224,0.1593724782578647,0.4294648515060544,0.03114157053641975,0.32037591258995235,0.24223430082201958,0.6427467076573521,0.008737766649574041,12.103650558404588
0.6907028371933848,0.2874680196400732,0.5705089033581316,0.7120057817082852,0.4972310634329915,0.320090512977913,0.3075139792636037,0.010682242922484875,0.517201995709911,0.5321451001800597,15.501614680304952
0.7840259429067373,0.10418772092089057,0.5149441352114081,0.14343626284971833,0.1886466541327536,0.9461992937140167,0.9015359978657216,0.7613438689149916,0.967787018744275,0.39650953537784517,4.857803735284966
0.4555345322005451,0.014082844369113445,0.2872255558613688,0.49823471484705806,0.10610800143331289,0.19000019785016775,0.4442882565781474,0.04822110594250262,0.32090687309391797,0.23095356742851436,6.828152315229355
0.42731032241135836,0.8310423544608057,0.8115277956239879,0.6613224167376757,0.6672196991275996,0.2572303886990994,0.16265700850635767,0.7850505884271115,0.4869866012595594,0.630027714651078,21.56341341699029
0.9237022260203958,0.17841448285616934,0.5740495796781033,0.11275058914907277,0.3177500576712191,0.8168186787515879,0.9365316128823906,0.5047927312552929,0.2519274733494967,0.2531457315199077,6.5572628588051085
0.6134787411428988,0.08849119185470045,0.12884386372752488,0.038670656038448215,0.2433529100380838,0.6579488790594041,0.33107838639989495,0.8398661168757826,0.05986518575809896,0.1810168733354658,6.094171462408648
0.16458970913663507,0.7219488290138543,0.9650024427101016,0.3879366535693407,0.09166902233846486,0.12150129582732916,0.02012421702966094,0.3205592699814588,0.4512089816853404,0.36341167357750237,12.725856492648024
0.7496932644862682,0.6470383470878005,0.31134750437922776,0.5377526357769966,0.5227042541373521,0.9140137068461627,0.9909283376764506,0.29747791681438684,0.5061676083132625,0.8379937072750181,18.127188952277194
0.9448594278655946,0.09018142148852348,0.11435100482776761,0.4402162479236722,0.12374153453856707,0.7535777736920863,0.5117318036500365,0.5425065751187503,0.2062722984701395,0.5119920000433922,11.171944720779093
0.2547621054109186,0.8372220085002482,0.6653174746315926,0.4506022948771715,0.5831353894900531,0.9134027392137796,0.5201793001033366,0.5967989026103169,0.7865750214550644,0.6166964040603489,14.019570153698556
0.5546425289940089,0.18361478741280735,0.2741226132493466,0.032588132191449404,0.1487061446532607,0.45439269789494574,0.15543480380438268,0.3707185834646225,0.7999400238040835,0.3437874927185476,5.5415842434386295
0.23944328632205725,0.2877341907005757,0.6415615498553962,0.7388784240465611,0.413134066388011,0.4613223795313388,0.031412412878125906,0.4842542177066207,0.012403545435518026,0.21783190919086337,14.097125792789438
0.7118558925576508,0.08646476012654603,0.43748797732405365,0.8993772317189723,0.8046856371220201,0.6561739575117826,0.7722521789837629,0.47053904086351395,0.1483921215403825,0.9869788684882224,14.850117703638327
0.7101610065437853,0.4757250198163092,0.014399109408259392,0.058130321092903614,0.8007628319319338,0.07936418056488037,0.9794339379295707,0.5113136994186789,0.00847596488893032,0.10708565777167678,17.365097520269067
0.00014934362843632698,0.046597351087257266,0.5150283705443144,0.10761644411832094,0.15271103964187205,0.915467567043379,0.57371641905047,0.4088131485041231,0.7222820925526321,0.2147439334075898,1.6328267652237756
0.5462019422557205,0.9445309487637132,0.5633276735898107,0.008764959406107664,0.5751605443656445,0.26773152290843427,0.42170276562683284,0.28030024841427803,0.21909078466705978,0.5839030686765909,13.364204100822816
0.2304642607923597,0.5404108320362866,0.7703389348462224,0.7936009895056486,0.735220592468977,0.7058938569389284,0.8558631674386561,0.9805594263598323,0.06644945917651057,0.34274789365008473,16.854190546310605
0.6052016490139067,0.37660351558588445,0.34043397195637226,0.057753514032810926,0.10432576783932745,0.19018361531198025,0.925567711237818,0.033682808512821794,0.011738920351490378,0.47415512055158615,8.752801931394787
0.03969463356770575,0.6127484044991434,0.6883857294451445,0.7474353134166449,0.2272769226692617,0.04007347207516432,0.35348050366155803,0.6410549054853618,0.8757208299357444,0.5120919216424227,11.112038608628163
0.5284116233233362,0.49783171550370753,0.008418312296271324,0.9623276912607253,0.16455921926535666,0.46296455478295684,0.8814851234201342,0.14031011308543384,0.4613274212460965,0.9076249147765338,23.611152643517574
0.08491680794395506,0.12601186172105372,0.24539681058377028,0.9938647586386651,0.4676124795805663,0.7305191550403833,0.49132182355970144,0.9200420491397381,0.02451773243956268,0.8960701052565128,13.98956384556713
0.4845459957141429,0.29911484802141786,0.30207375600002706,0.7902087275870144,0.1198369066696614,0.14611900388263166,0.2035167906433344,0.899939012946561,0.9911392608191818,0.35156701714731753,13.338804743818121
0.6414570808410645,0.14783779717981815,0.9719108601566404,0.790089983958751,0.7609784773085266,0.5346274173352867,0.6879507624544203,0.30100985197350383,0.6703077279962599,0.021077863173559308,20.486139380428636
0.757721291622147,0.6297851575072855,0.42821382312104106,0.3714245595037937,0.6350354640744627,0.42434777203015983,0.7747495817020535,0.9131102119572461,0.459230464650318,0.9092019787058234,17.52413464211999
0.48720450629480183,0.8749821968376637,0.5910295704379678,0.28990371036343277,0.6323201998602599,0.27787633752450347,0.9820932713337243,0.15812054579146206,0.07449665293097496,0.9398984205909073,15.825796106572994
0.5252415023278445,0.8190027268137783,0.6948852390050888,0.8416493139229715,0.8778680837713182,0.7708748229779303,0.41017379867844284,0.9106867688242346,0.019263739930465817,0.5819578811060637,20.796427843702133
0.48783954232931137,0.23899850505404174,0.5792853459715843,0.22369322297163308,0.1080018098000437,0.9921728053595871,0.28246068209409714,0.8335451639723033,0.4789422587491572,0.13147609657607973,7.804813847352251
0.5510512143373489,0.535608809441328,0.1136803557164967,0.39173243567347527,0.6848274348303676,0.3290239223279059,0.5377130093984306,0.3378431333694607,0.724049037322402,0.26846598158590496,17.50663815638501
0.35478392778895795,0.6745610223151743,0.5961418643128127,0.2578274584375322,0.6535546691156924,0.9197974228300154,0.17293442622758448,0.6441759837325662,0.1356894460041076,0.6105239454191178,12.736814969514189
0.10887020197696984,0.07354567549191415,0.8664804662112147,0.5272730609867722,0.16500502522103488,0.9882561655249447,0.8146586639340967,0.09756133193150163,0.7500958361197263,0.36560237570665777,8.731598458806033
0.6070564116816968,0.6395336426794529,0.3457566066645086,0.3339651122223586,0.24670203309506178,0.9355711417738348,0.22930494463071227,0.14568273886106908,0.6361411088146269,0.7800001292489469,14.278701990999783
0.1479589631780982,0.40935567393898964,0.43486122298054397,0.3044503766577691,0.5866428129374981,0.2149566428270191,0.6104980916716158,0.3366898756939918,0.4822957422584295,0.813784932019189,9.051125866093795
0.9053554469719529,0.5217761106323451,0.29254762828350067,0.8700588024221361,0.8810340715572238,0.8109114614780992,0.49496335396543145,0.5414564106613398,0.2936230259947479,0.19967197603546083,23.84558246128857
0.9688195008784533,0.7454493672121316,0.6927052524406463,0.7201183806173503,0.4640982407145202,0.5119014240335673,0.37901162868365645,0.1802904955111444,0.9508450743742287,0.4200848590116948,18.665111078822008
0.9182058144360781,0.541655563050881,0.2573573768604547,0.3738842864986509,0.9786893131677061,0.1178605780005455,0.5721268425695598,0.4065483210142702,0.8765644100494683,0.7678265196736902,19.69428217078207
0.10579033521935344,0.6331436629407108,0.8065839111804962,0.638607723871246,0.6364435979630798,0.06670698686502874,0.7582582784816623,0.03224512841552496,0.37111038668081164,0.431672916514799,15.61218536800394
0.9861850189045072,0.34449165337719023,0.9694282561540604,0.5554145239293575,0.7204768336378038,0.8499792101792991,0.26170408888719976,0.4547750425990671,0.6300667200703174,0.377889942843467,22.350775654537372
0.020423524314537644,0.20891929976642132,0.20188989862799644,0.7401664613280445,0.5765699404291809,0.6153499032370746,0.9207579579669982,0.5011475193314254,0.7699536432046443,0.704438456101343,10.806348836621346
0.5853983170818537,0.9528705533593893,0.9863684573210776,0.42203902965411544,0.9674232094548643,0.42086505680345,0.6280984019394964,0.945837281178683,0.39697174937464297,0.23271839343942702,23.806830651525413
0.8572541396133602,0.3576324067544192,0.6664607001002878,0.8512615077197552,0.2531614329200238,0.08608550881035626,0.6029635951854289,0.9111966462805867,0.7304874898400158,0.6893575142603368,19.662734406492454
0.6817891264799982,0.5614376114681363,0.1162404038477689,0.5193531271070242,0.46388720674440265,0.19899710966274142,0.04105862695723772,0.29840677278116345,0.38035331456921995,0.2907179172616452,20.250011480080477
0.744151886086911,0.21803643484599888,0.6579676258843392,0.25817115046083927,0.5340248011052608,0.5692589834798127,0.05931906355544925,0.5352148227393627,0.6888274683151394,0.6850333276670426,11.921839051521536
0.05684437672607601,0.9264455386437476,0.9586988238152117,0.35456104297190905,0.7768119727261364,0.20051415800116956,0.6716989611741155,0.8022302826866508,0.10147430538199842,0.8143339580856264,12.851650033791463
0.2575093836057931,0.09180629625916481,0.300192377762869,0.49636313086375594,0.6485422269906849,0.6300493835005909,0.7105298042297363,0.6348637298215181,0.5850590232294053,0.4201190252788365,10.059937773338579
0.14500114042311907,0.6984660814050585,0.4530711420811713,0.03509677783586085,0.11073111393488944,0.9960629362612963,0.738704985473305,0.11303563741967082,0.7223548979964107,0.727622440084815,1.7898986805363912
0.5857156065758318,0.8787960731424391,0.26061174902133644,0.6340115023776889,0.1782209489028901,0.5487453937530518,0.14084804081358016,0.44813683652319014,0.8181913667358458,0.27222476643510163,17.115894394813076
0.030723962234333158,0.33121300558559597,0.9476140111219138,0.09246131707914174,0.1497206159401685,0.4720682851038873,0.3562972762156278,0.46939304284751415,0.014804648933932185,0.44249070691876113,5.349168132438564
0.40593037218786776,0.26858614035882056,0.36046544555574656,0.023254847386851907,0.8490546946413815,0.5895769365597516,0.483605571789667,0.840672220569104,0.9649513228796422,0.8002717213239521,8.62394640958891
0.15071146748960018,0.8741773525252938,0.567755947355181,0.7713505972642452,0.6554209443274885,0.4180810283869505,0.6262716569472104,0.8128000306896865,0.03578409575857222,0.2509683577809483,14.761938721722723
0.45770054729655385,0.48078080359846354,0.3194793595466763,0.9312051467131823,0.6426928951404989,0.785544877871871,0.31513461004942656,0.5231640024576336,0.6555221877060831,0.4279430767055601,20.28495252779915
0.9169605458155274,0.5765877394005656,0.9175059222616255,0.007084057200700045,0.33443530509248376,0.783978846622631,0.902098239865154,0.8799651998560876,0.02785432245582342,0.9182301701512188,15.518184937276136
0.7064563499297947,0.5450639838818461,0.4071086519397795,0.053041121922433376,0.8205731494817883,0.27700332552194595,0.49919153307564557,0.6083987297024578,0.09324574004858732,0.7203152528963983,13.225636421482168
0.6882336768321693,0.8861763614695519,0.08667467418126762,0.2884257701225579,0.3112412376794964,0.3676121865864843,0.08762083272449672,0.03607427631504834,0.0009090746752917767,0.8547199976164848,17.209557716661138
0.3008521846495569,0.8857727891299874,0.6572129935957491,0.1885022590868175,0.01122637209482491,0.6799110728316009,0.1643303306773305,0.8714166164863855,0.042977673234418035,0.6665115538053215,9.863413680654242
0.2534947528038174,0.7482219999656081,0.7282747947610915,0.9656242998316884,0.037595240864902735,0.5730076737236232,0.2269681489560753,0.3982631911057979,0.9896920586470515,0.9165890426374972,15.623577999541986
0.009670570492744446,0.017596888821572065,0.7005764846689999,0.7306252347771078,0.17963619739748538,0.22478050040081143,0.14961206051521003,0.08841874822974205,0.548517391551286,0.7890987424179912,10.69927034139028
0.346359170274809,0.13616462936624885,0.7912621018476784,0.7524019968695939,0.9939390039071441,0.23359646182507277,0.46503568161278963,0.6842730497010052,0.13544599385932088,0.07461574440822005,15.190020063593872
0.9828241956420243,0.1445656381547451,0.414058847585693,0.25633370876312256,0.8005810168106109,0.5121743530035019,0.6543363914825022,0.5461231740191579,0.10961856343783438,0.4206400865223259,12.10461210348787
0.7551464317366481,0.2506704805418849,0.8173797847703099,0.019695754162967205,0.06274624657817185,0.09814543300308287,0.49562524538487196,0.1713535850867629,0.3792337749619037,0.25066031771712005,8.146174610636855
0.06204615393653512,0.6783540251199156,0.5991830131970346,0.6453369120135903,0.6384539741557091,0.9055457478389144,0.5590026802383363,0.6859020895790309,0.5152246011421084,0.8246416850015521,9.201265307620627
0.08198735327459872,0.5277174850925803,0.865086562000215,0.8831025036051869,0.46903408830985427,0.8685344532132149,0.015850435243919492,0.36719923256896436,0.690397709608078,0.689160542562604,14.766515970445054
0.8433146292809397,0.9615743977483362,0.37011543847620487,0.03929407522082329,0.5917314311955124,0.703974078875035,0.8136615958064795,0.9562745126895607,0.08362019341439009,0.4594165950547904,9.428052289126025
0.5961312323343009,0.5901302273850888,0.6293726563453674,0.3731829843018204,0.7213809043169022,0.22178550902754068,0.4404266627971083,0.6917833529878408,0.3037465529050678,0.7396475858986378,16.87917730717195
0.10111465211957693,0.28512994293123484,0.004422432277351618,0.9241306271869689,0.1179565058555454,0.40008064825087786,0.6591076112817973,0.23075179010629654,0.6630708037409931,0.3342066507320851,15.124620834600687
0.3593791553284973,0.4559695706702769,0.6947342355269939,0.9157038989942521,0.5996462714392692,0.4524152691010386,0.4133950090035796,0.300013767555356,0.25820938730612397,0.973778877640143,18.21872318146162
0.37522609159350395,0.4361240363214165,0.9428059498313814,0.8320115741807967,0.8037289495114237,0.7145295070949942,0.3695162127260119,0.856051959330216,0.14987219800241292,0.18929531797766685,22.615035517217553
0.18864716356620193,0.988252682145685,0.6206792006269097,0.10804777825251222,0.7590412467252463,0.9334940223488957,0.6624502760823816,0.7061957500409335,0.03627420519478619,0.3684532733168453,9.859475308381603
0.5492194057442248,0.0040193365421146154,0.5929554875474423,0.5111833233386278,0.891274671535939,0.574119501048699,0.925900477450341,0.7968698355834931,0.8750197398476303,0.6338208569213748,8.548198415546711
0.6164071345701814,0.8454849941190332,0.9426005883142352,0.43097558873705566,0.5283216305542737,0.9250758073758334,0.16169770620763302,0.6341222447808832,0.978734003379941,0.8408159136306494,20.439811228365006
0.5003208259586245,0.954493461875245,0.37985570426099,0.10245107649825513,0.5744696378242224,0.005197338759899139,0.2552570877596736,0.47823693277314305,0.9220424545928836,0.18005453748628497,15.327988142104651
0.20601707394234836,0.6962798205204308,0.32241197279654443,0.3457129029557109,0.63755072792992,0.655316143296659,0.5400436376221478,0.37131889979355037,0.5352078422438353,0.46399126248434186,12.849463813152218
0.7114199467469007,0.238460244378075,0.18579425988718867,0.14970216574147344,0.5060242980252951,0.9587130204308778,0.7537805270403624,0.906427085865289,0.020851306151598692,0.30959949060343206,11.527911383235006
0.0050306778866797686,0.4628509709145874,0.24301580991595984,0.8197464453987777,0.3356270540971309,0.5633631639648229,0.9064576749224216,0.33032089634798467,0.8110721136908978,0.8775027531664819,10.31551070717296
0.5985619623679668,0.20935695967637002,0.5426081025507301,0.6144987544976175,0.9887170472647995,0.09703355678357184,0.6749549631495029,0.7819464162457734,0.003652968443930149,0.9453464075922966,13.824329519180623
0.03481711191125214,0.7893932217266411,0.47223777230829,0.09201348456554115,0.72502978798002,0.12416289141401649,0.19138767011463642,0.0523416418582201,0.21814763639122248,0.7192751462571323,5.546099890536503
0.11976497550494969,0.16645674011670053,0.5584899105597287,0.7946810121648014,0.6878592851571739,0.031627421267330647,0.5997022432275116,0.8405645678285509,0.19555559777654707,0.7013298452366143,11.708547264521862
0.8200572996865958,0.35944155417382717,0.8525419682264328,0.19971885019913316,0.17780051939189434,0.22304590907879174,0.048274758039042354,0.6391973015852273,0.29050213214941323,0.24901674618013203,13.592365477657616
0.6930363464634866,0.3713066130876541,0.5385813969187438,0.39572256803512573,0.42682391917333007,0.7919062213040888,0.3167012615595013,0.24556907825171947,0.648280514869839,0.954673734260723,16.583603455286802
0.9087512546684593,0.139295756816864,0.3355342654976994,0.337621184065938,0.2944405230227858,0.4736978595610708,0.3200182942673564,0.507218967191875,0.8844028238672763,0.6189874680712819,8.929843002257986
0.5052065304480493,0.026022732257843018,0.5763970855623484,0.26440223306417465,0.6138882641680539,0.4655403746291995,0.4729920432437211,0.7879302555229515,0.20437146071344614,0.9156299391761422,6.3814482992956565
0.46550694829784334,0.5206471299752593,0.23710060981102288,0.15382264903746545,0.50553287868388,0.6069765787106007,0.6973402420990169,0.6505136133637279,0.41025575972162187,0.33216582401655614,10.866084268716515
0.3571832499001175,0.21001530555076897,0.062188372015953064,0.6138204224407673,0.9232943751849234,0.1015974935144186,0.18316090037114918,0.9716986753046513,0.11504045990295708,0.47726150532253087,15.33389182522724
0.6923086354508996,0.5003792131319642,0.8354022104758769,0.7743359939195216,0.9359413557685912,0.7220416653435677,0.11190849472768605,0.0649468400515616,0.6069520993623883,0.8200278568547219,21.22325192931663
0.8322664238512516,0.9443567350972444,0.6781265947502106,0.659503455273807,0.7069051696453243,0.5901464051567018,0.6938182914163917,0.5933970406185836,0.37987892772071064,0.14372508390806615,17.641900680844433
0.21424152236431837,0.9944809146691114,0.2121860736515373,0.14406692679040134,0.798959945095703,0.020339131588116288,0.5335637172684073,0.014308275887742639,0.8304058152716607,0.7011475006584078,13.21272894880347
0.3363826859276742,0.04933519964106381,0.11131486133672297,0.29787940555252135,0.2820920762605965,0.8070263783447444,0.7553003248758614,0.8812158138025552,0.46660818601958454,0.17633745493367314,9.179892267151132
0.4031990917865187,0.25839371024630964,0.30615659221075475,0.2236546806525439,0.43983526481315494,0.2455070351716131,0.15019447333179414,0.7033883896656334,0.024937753565609455,0.3704214249737561,9.854092703323694
0.5459630307741463,0.5578492861241102,0.8973357290960848,0.17453057738021016,0.19790183380246162,0.4582786075770855,0.05783948488533497,0.33262925897724926,0.5126917087472975,0.6752949208021164,13.746216604091977
0.09268848178908229,0.04053909843787551,0.4154415491502732,0.17228857893496752,0.9443735422100872,0.23694552690722048,0.28732890635728836,0.5883315815590322,0.5321341475937515,0.5154250487685204,5.36495033818213
0.3843410639092326,0.17470161197707057,0.44105740962550044,0.011327277403324842,0.19355092383921146,0.05782483494840562,0.4173677263315767,0.9273762973025441,0.6561058924999088,0.7507306702900678,3.822913578959602
0.9361902156379074,0.9290591920726001,0.8301296213176101,0.29161065607331693,0.057258864399045706,0.16586712934076786,0.24120733770541847,0.9125961337704211,0.23834587703458965,0.46459383820183575,8.690499360456231
0.06721132970415056,0.1788847220595926,0.04873312287963927,0.79150984226726,0.2788292651530355,0.6880330441053957,0.6202113709878176,0.3939518453553319,0.2152560157701373,0.4458660907112062,15.466687683220428
0.24885181384161115,0.42886841180734336,0.7222821672912687,0.8845693790353835,0.1455669419374317,0.17940167896449566,0.9920773636549711,0.15141361812129617,0.3562229771632701,0.05829626717604697,13.203292325449596
0.6071567193139344,0.03568932227790356,0.10245952615514398,0.7879826084244996,0.8164183001499623,0.986435761442408,0.23267602385021746,0.4060674353968352,0.17868505022488534,0.21054033399559557,16.3377321187425
0.7213025235105306,0.6706685298122466,0.7152714026160538,0.2756064278073609,0.04814216447994113,0.7352224502246827,0.4905299914535135,0.6603282752912492,0.07342589227482677,0.37719289562664926,15.910008199600323
0.2370348006952554,0.7836484878789634,0.3110863231122494,0.5068036881275475,0.22603347338736057,0.5264456789009273,0.10960792028345168,0.2196906665340066,0.8934787497855723,0.3031862338539213,12.780536791724465
0.3789051740895957,0.5604012785479426,0.15213944390416145,0.038649149937555194,0.6048168712295592,0.7752944782841951,0.321310298750177,0.8785995841026306,0.7715722834691405,0.13555054762400687,12.276335548501219
0.41457339958287776,0.7228847811929882,0.2270115001592785,0.3945825886912644,0.8748767760116607,0.8046857013832778,0.06709811906330287,0.4616600333247334,0.609573713503778,0.7564901392906904,19.53071239256689
0.7191574089229107,0.5903326938860118,0.3985888664610684,0.6924957265146077,0.8831179258413613,0.924178717425093,0.8874653719831258,0.1717262149322778,0.45245072664693,0.4407487853895873,19.72534938724026
0.7002913251053542,0.08642054628580809,0.6214916412718594,0.06324996100738645,0.3224152456969023,0.5521728869061917,0.2720768949948251,0.14919947879388928,0.9146726098842919,0.5600248873233795,4.263020955602102
0.24840963282622397,0.37759479018859565,0.35924247140064836,0.1592560901772231,0.6960329448338598,0.0856913817115128,0.9328043675050139,0.08540668291971087,0.37242519622668624,0.9763538902625442,8.730631756608753
0.439691063715145,0.8376329718157649,0.3318519345484674,0.4335589371621609,0.8872831913176924,0.9088175632059574,0.8724088373128325,0.34294487396255136,0.04049278353340924,0.23086548200808465,19.01811935936062
0.5794551640283316,0.41539454949088395,0.9993953311350197,0.7733738224487752,0.3640908810775727,0.08382798335514963,0.1530761334579438,0.9843997545540333,0.8818837306462228,0.30787131818942726,22.74136425115574
0.5124290222302079,0.05349357798695564,0.3965980941429734,0.00025724503211677074,0.08450966235250235,0.6850329127628356,0.14531644014641643,0.07213574042543769,0.04907254409044981,0.2863199799321592,0.7198395809860179
0.5435194151941687,0.9928040415979922,0.7068812949582934,0.7691900166682899,0.1955878771841526,0.7637933795340359,0.8023159445729107,0.1979320994578302,0.9986184316221625,0.35410203761421144,19.85515385823826
0.25302916672080755,0.10456652683205903,0.39922308665700257,0.8881089428905398,0.9300929612945765,0.01836513332091272,0.4293245042208582,0.8485092064365745,0.25779013987630606,0.26518509280867875,14.958404349896396
0.9983496880158782,0.9823807643260807,0.11966995056718588,0.4961040217895061,0.6833551346790045,0.044832267332822084,0.959241843316704,0.8353037119377404,0.1196027803234756,0.7479612291790545,11.744812422850746
0.858236915897578,0.9494310079608113,0.9310270524583757,0.8247532891109586,0.7587930511217564,0.8446912406943738,0.7331627898383886,0.23668864066712558,0.5071261392440647,0.33777048205956817,22.359922179282762
0.028029538225382566,0.9903461073990911,0.7027254709973931,0.8688049085903913,0.9265411249361932,0.41087045101448894,0.8768912232480943,0.9886944780591875,0.7424640585668385,0.46067556040361524,15.74266735312526
0.3511578484904021,0.17234361008740962,0.5315628373064101,0.06123291817493737,0.7476007875520736,0.27180809061974287,0.0022548555862158537,0.47662615729495883,0.8779215787071735,0.9178603300824761,6.731096700626509
0.8093493459746242,0.8666064494755119,0.033728529466316104,0.7121111487504095,0.03182943188585341,0.6818013587035239,0.6977669019252062,0.7784182394389063,0.3752985845785588,0.5854261089116335,19.847222222984847
0.2226163879968226,0.7301780637353659,0.583290098933503,0.44004934024997056,0.6989242748823017,0.36973748076707125,0.4950650748796761,0.22411667462438345,0.4208423600066453,0.15570808853954077,13.98142197960387
0.38674552482552826,0.08614234137348831,0.1849791849963367,0.3412359480280429,0.3437941097654402,0.5031407340429723,0.6711073808837682,0.5680851063225418,0.5337956727016717,0.7381356819532812,7.661974371839891
0.5487087084911764,0.8312997682951391,0.7570756212808192,0.9076188413891941,0.7308800853788853,0.09941982035525143,0.6882709104102105,0.0065093995071947575,0.2626921171322465,0.06443752534687519,23.52634276758932
0.2582793845795095,0.10880738333798945,0.6566550123970956,0.535561662632972,0.4602457555010915,0.33097080420702696,0.980717241531238,0.1557293760124594,0.9495637251529843,0.4878831570968032,7.814711005568386
0.17471334268338978,0.27764361957088113,0.27482610126025975,0.34426397271454334,0.9793129132594913,0.016871726838871837,0.5627175685949624,0.5411063102073967,0.22541366424411535,0.6664003920741379,11.643500086730532
0.07309446576982737,0.5527923030313104,0.2589380806311965,0.37746945838443935,0.8695998545736074,0.5595582828391343,0.4538231515325606,0.29334022640250623,0.6517426259815693,0.2814005685504526,11.11480698137823
0.29590050457045436,0.8494306842330843,0.16510007344186306,0.6909892030525953,0.252774303779006,0.8699363444466144,0.6024313983507454,0.2224287169519812,0.176639475626871,0.8849937138147652,20.266975083294106
0.767607111716643,0.5513131481129676,0.35001090238802135,0.8962120653595775,0.9145729104056954,0.9867023900151253,0.27114399638958275,0.449784099124372,0.7255803022999316,0.2907520078588277,23.09089957312438
0.90349375247024,0.7363200846593827,0.4616994180250913,0.059572048019617796,0.4358089498709887,0.8786100142169744,0.5739641059190035,0.534531764453277,0.6819288067054003,0.3187535493634641,10.427870583634048
0.16234184568747878,0.0334780877456069,0.44330113753676414,0.7541133263148367,0.8833641109522432,0.06622410612180829,0.21419922751374543,0.2912541173864156,0.14329165243543684,0.005162337562069297,13.429825939848905
0.7620606357231736,0.06708257016725838,0.32104180846363306,0.5908749422524124,0.8780003660358489,0.6454674182459712,0.049466372933238745,0.49538348033092916,0.20752265234477818,0.13179677724838257,12.682485643166576
0.47064998652786016,0.39562381617724895,0.8569960438180715,0.8953931555151939,0.2972595568280667,0.6356587701011449,0.841857435181737,0.6894871054682881,0.8251494257710874,0.3166853173170239,16.44763758001912
0.46615764894522727,0.3619275817181915,0.16179593722335994,0.8937998600304127,0.1671129548922181,0.20788049488328397,0.3629026818089187,0.1795528675429523,0.3347749428357929,0.46753850555978715,16.757140112285057
0.6103430360089988,0.2612175247631967,0.6684406802523881,0.25823469716124237,0.12157155689783394,0.24060914246365428,0.4613296645693481,0.6018829417880625,0.7199293761514127,0.25577514455653727,10.546230337910929
0.7940020719543099,0.17569068050943315,0.31633462221361697,0.7784499977715313,0.0191019622143358,0.7945415703579783,0.9661850945558399,0.9392768426332623,0.16092983400449157,0.21321084583178163,12.849640754745264
0.13107801391743124,0.7818540814332664,0.6659812140278518,0.13463488314300776,0.24704790906980634,0.26139309140853584,0.13528115744702518,0.1212472643237561,0.4871380638796836,0.5097967947367579,7.324635905740013
0.002867091214284301,0.2623712169006467,0.2866196760442108,0.8012285376898944,0.42918837280012667,0.45486887264996767,0.47347649466246367,0.1136510802898556,0.8916652754414827,0.4078522203490138,10.508682127792644
0.13524828245863318,0.8498657078016549,0.8176284800283611,0.29540383093990386,0.1494129137136042,0.032456506974995136,0.9880672409199178,0.11845309427008033,0.7207950013689697,0.9251923202537,9.314110384881316
0.3773305823560804,0.10548740648664534,0.39776706392876804,0.7966673045884818,0.4810693182516843,0.876886647194624,0.7961734738200903,0.9517748353537172,0.742336266906932,0.929914910113439,11.680630697624485
0.5857379711233079,0.890011906856671,0.3662281690631062,0.6932413729373366,0.35005139163695276,0.7667135254014283,0.5234425496309996,0.4438211538363248,0.3878327489364892,0.3442199765704572,20.35332752632363
0.14764729235321283,0.8441282894928008,0.8193670606706291,0.5998249989934266,0.1669776113703847,0.01836706418544054,0.6891937074251473,0.6789818913675845,0.9562661710660905,0.9447236373089254,12.698882506053911
0.015821312787011266,0.505215112818405,0.9594567902386189,0.63639603741467,0.8036824786104262,0.49577328911982477,0.27051154570654035,0.6355192493647337,0.12758362549357116,0.4165318622253835,15.941400937741314
0.6162722776643932,0.04552989639341831,0.9408302351366729,0.6975776271428913,0.6586509037297219,0.5836377993691713,0.0818137435708195,0.4586430878844112,0.20327162859030068,0.13739867438562214,12.272990565409623
0.6819408577866852,0.3320631973911077,0.8050961615517735,0.6892660788726062,0.7836581845767796,0.8538702090736479,0.7334508742205799,0.9852256984449923,0.7954066733364016,0.41215563123114407,18.51482590667403
0.8430291449185461,0.6538469225633889,0.18897311063483357,0.1954523273743689,0.3240972871426493,0.3138853367418051,0.2918793116696179,0.4780037999153137,0.42408706014975905,0.6208623070269823,16.61217366641504
0.016565150814130902,0.2597017288208008,0.32783160358667374,0.10987762873992324,0.2864908648189157,0.16467565740458667,0.8847579634748399,0.4202745081856847,0.8153747799806297,0.8359009965788573,4.266413936510406
0.020261216210201383,0.2736231363378465,0.3816911119502038,0.5871835581492633,0.5095281191170216,0.5345380711369216,0.6794834693428129,0.8813548099715263,0.4086461546830833,0.06158105959184468,8.093887694741444
0.3812372740358114,0.11476956470869482,0.8018167801201344,0.3488927842117846,0.36150020570494235,0.16880015446804464,0.8889011177234352,0.027948893839493394,0.318973280955106,0.503169666742906,10.166091480251634
0.44185429881326854,0.39771347772330046,0.04178604227490723,0.6814334071241319,0.7612254535779357,0.5995369085576385,0.764711243333295,0.8043742165900767,0.8842446391936392,0.4231089281383902,19.366636620820373
0.1494002379477024,0.2132846040185541,0.42365471413359046,0.22363117919303477,0.9748612325638533,0.0002856315113604069,0.12922070920467377,0.9171992791816592,0.01959243672899902,0.11164360935799778,8.371470252905018
0.22830519080162048,0.7641025464981794,0.5778436721302569,0.04487834498286247,0.5337497584987432,0.048261975636705756,0.4239223322365433,0.8689955628942698,0.7302586100995541,0.9027395085431635,7.572920459764428
0.4111529488582164,0.2526618030387908,0.3895166525617242,0.4220975576899946,0.3453649249859154,0.4381028809584677,0.7521581072360277,0.09521546261385083,0.27353629330173135,0.9317887732759118,9.13682330057048
0.37884835549630225,0.8589522480033338,0.31000036420300603,0.2915206807665527,0.8820840527769178,0.12435835017822683,0.541443741414696,0.4080005248542875,0.15916012017987669,0.19602147489786148,17.789524454821205
0.3730159760452807,0.385458517819643,0.3363939463160932,0.5168418325483799,0.44183586561121047,0.7423757277429104,0.4529306592885405,0.051558324601501226,0.22682623006403446,0.9656798804644495,10.25843138810143
0.568015492754057,0.17928531230427325,0.36554997111670673,0.3659714611712843,0.3643427020870149,0.10277715628035367,0.5846851044334471,0.3377526509575546,0.5507614240050316,0.1440171890426427,8.081119647130084
0.30119100632146,0.9380700627807528,0.900310734519735,0.9751942481379956,0.9789665709249675,0.12619971064850688,0.13939736457541585,0.41784239700064063,0.8957886318676174,0.9292552464175969,25.040023282651912
0.3484517582692206,0.7287780423648655,0.8426337360870093,0.9042313620448112,0.7455765176564455,0.4654088451061398,0.40594571526162326,0.3444870465900749,0.43864178331568837,0.05849930550903082,23.832479501202773
0.6363687466364354,0.5758019667118788,0.7936805202625692,0.07394136302173138,0.32452579285018146,0.5206773604732007,0.0782265558373183,0.926101207267493,0.8627320083323866,0.24246736243367195,12.265716226116941
0.9450020727235824,0.08081859187223017,0.9972763173282146,0.7830603774636984,0.5510589920450002,0.7211731972638518,0.4827397509943694,0.29160781507380307,0.5362346894107759,0.7720690083224326,17.142416669694995
0.8992037973366678,0.41101178782992065,0.9040170833468437,0.8705650989431888,0.3087980223353952,0.7789372890256345,0.9891518442891538,0.2637122666928917,0.422448048600927,0.6265257420018315,21.978881033471772
0.7692216152790934,0.044850439531728625,0.2062196722254157,0.5085893694777042,0.7364270749967545,0.8743421460967511,0.10981430322863162,0.15702730999328196,0.12900296202860773,0.7287726933136582,12.406062810216527
0.9976278513204306,0.7871020431630313,0.1896932367235422,0.8265600500162691,0.30611941893585026,0.16071326844394207,0.31419470137916505,0.3475793332327157,0.8333176656160504,0.38525215070694685,18.011762787802144
0.25645397743210196,0.3068216659594327,0.15241191419772804,0.9746904782950878,0.04647099575959146,0.5728127181064337,0.4408413995988667,0.5945761213079095,0.69784882850945,0.23085260996595025,14.38986271948094
0.2526853340677917,0.713582422118634,0.8077232812065631,0.6571276460308582,0.4596632986795157,0.45558372628875077,0.7414739665109664,0.7446294752880931,0.8184390738606453,0.04808551422320306,16.89724578041189
0.432648787740618,0.004098988138139248,0.3254713686183095,0.20835269894450903,0.8825051779858768,0.9445794085040689,0.22742697224020958,0.7679610312916338,0.6293952488340437,0.895806866697967,8.522968522994189
0.311885321745649,0.02668714476749301,0.10756801185198128,0.7595482137985528,0.24782344908453524,0.7649743298534304,0.1211534843314439,0.9079021802172065,0.49549119593575597,0.4472184949554503,13.333222524631507
0.5193890510126948,0.8214042775798589,0.8208643663674593,0.14743805793114007,0.07737650163471699,0.33256069803610444,0.0067060093861073256,0.14072339655831456,0.9361771086696535,0.4070014883764088,14.596479970196452
0.6679663404356688,0.18159008398652077,0.9453624463640153,0.04962780373170972,0.42415545019321144,0.06384575017727911,0.9635445901658386,0.7228262550197542,0.6946995654143393,0.38659198163077235,8.635654562140513
0.9850218566134572,0.7110862322151661,0.7494467322248966,0.2910516485571861,0.45316496305167675,0.030959029449149966,0.9091054911259562,0.051973221357911825,0.1408919810783118,0.6938253394328058,12.758150618657526
0.022979794768616557,0.08192732208408415,0.37111862981691957,0.9338270244188607,0.8020504470914602,0.8145362441428006,0.5642813334707171,0.2892694897018373,0.20817075134254992,0.003005942329764366,15.056579196212363
0.6189698474481702,0.7143501685932279,0.992717151530087,0.5676261796616018,0.8945952546782792,0.9327184748835862,0.8324813744984567,0.6909565441310406,0.6326472987420857,0.47952805552631617,24.534646314175564
0.5861109502147883,0.7128226964268833,0.509001377504319,0.10952783026732504,0.4053867352195084,0.22667683730833232,0.9625711715780199,0.38188250572420657,0.9284724136814475,0.06055549904704094,12.1368184220059
0.8534107978921384,0.9660455861594528,0.35451193270273507,0.09008099511265755,0.7664695389103144,0.11734684742987156,0.22201589052565396,0.2726212400011718,0.6180203601252288,0.1130046711768955,10.096389775132478
0.6603846843354404,0.5051274062134326,0.13314440194517374,0.8918836661614478,0.04643751657567918,0.6929666309151798,0.9622449215967208,0.8295114231295884,0.2710021212697029,0.36996348993852735,21.124422910497678
0.3048542512115091,0.21872225520201027,0.6336015441920608,0.5812752400524914,0.788502651732415,0.4697963057551533,0.13837120216339827,0.9827108541503549,0.8666748055256903,0.5678465967066586,12.378625468533015
0.8335522294510156,0.20963489450514317,0.793291219510138,0.9382610791362822,0.8003097565378994,0.5958371227607131,0.1319722451735288,0.8435918600298464,0.26125408988446,0.5763560773339123,23.067406940457545
0.06967290514148772,0.30352851073257625,0.5115036014467478,0.015458631794899702,0.04701592703349888,0.37553060962818563,0.5417308469768614,0.015357342083007097,0.8477419638074934,0.3436525606084615,2.413737327028959
0.4778568416368216,0.1989285983145237,0.6581545257940888,0.38658513664267957,0.7847993653267622,0.32517341640777886,0.9200371389742941,0.01096952403895557,0.6493253146763891,0.21395777724683285,13.830511133722599
0.5818569243419915,0.18454583594575524,0.11941327038221061,0.5335466063115746,0.2288613945711404,0.43941013468429446,0.9451434575021267,0.5518875063862652,0.46140510053373873,0.5330692597199231,13.028912856797527
0.23099343618378043,0.6068393560126424,0.2051810601260513,0.4403800230938941,0.6427353585604578,0.7393712587654591,0.7854370714630932,0.08335148612968624,0.9064029981382191,0.4012094824574888,13.424192465732503
0.7253443866502494,0.8169355492573231,0.2609979948028922,0.11470150458626449,0.3051992377731949,0.024416478350758553,0.016036600107327104,0.22290098736993968,0.7511380680371076,0.4419439856428653,13.988428869780272
0.5138500083703548,0.6409850819036365,0.40884136222302914,0.09480482363142073,0.14418116444721818,0.4401143656577915,0.8222858272492886,0.7198720374144614,0.964604199398309,0.07198491995222867,11.333657815618226
0.8839185137767345,0.6706155799329281,0.7906765290535986,0.48368588322773576,0.06754594179801643,0.9252188659738749,0.6497137828264385,0.7706861705519259,0.8055703474674374,0.37783730821684003,16.573378684214067
0.2260899767279625,0.6903274869546294,0.06380776572041214,0.8587884875014424,0.9755227672867477,0.4098381088115275,0.28050771076232195,0.1614849390462041,0.8926504030823708,0.04881711443886161,23.421315707045835
0.4799743592739105,0.3751167240552604,0.4399823707062751,0.115732864709571,0.24534064740873873,0.43489173939451575,0.005255141062662005,0.1502841047476977,0.3970672939904034,0.9340827374253422,6.733842637085145
0.5365740538109094,0.022551086964085698,0.616160161793232,0.8321087383665144,0.7859236386138946,0.69056879542768,0.8138251625932753,0.7937114425003529,0.11480710771866143,0.7984731248579919,12.325937932918661
0.8928206127602607,0.7154989044647664,0.7351894329767674,0.659849573392421,0.19085457571782172,0.7939970593433827,0.9281772281974554,0.9020728273317218,0.8176381557714194,0.9247461133636534,16.89176963086711
0.005845294101163745,0.8494685343466699,0.38709599641151726,0.7225184559356421,0.9858887593727559,0.8524077744223177,0.9014527201652527,0.9033373002894223,0.41522634448483586,0.868962264386937,11.887340551438037
0.648756388342008,0.5121030185837299,0.16783326026052237,0.363029868574813,0.3218069542199373,0.9255796414799988,0.4825709566939622,0.5038678988348693,0.33229816937819123,0.6583715043962002,18.870661948845985
0.9173451403621584,0.2799808362033218,0.27255484578199685,0.03925710008479655,0.9205484432168305,0.6933196694590151,0.5239202925004065,0.557941471459344,0.1742536521051079,0.10739323147572577,13.257120113984826
0.3868897594511509,0.14158422639593482,0.23848795797675848,0.5659431621897966,0.482648967532441,0.14389791642315686,0.8795354883186519,0.621192506281659,0.0013676858507096767,0.5623176011722535,12.324069440485053
0.8908846345730126,0.6246580267325044,0.714623772772029,0.3735557799227536,0.8066298936028033,0.5621034423820674,0.9610029610339552,0.6686822311021388,0.31431741337291896,0.1834035888314247,19.34811613898272
0.49676361912861466,0.2361351763829589,0.5139483343809843,0.12196156615391374,0.1254028172697872,0.3651753377635032,0.7957218112424016,0.23220035806298256,0.6018186642322689,0.7194145694375038,5.247128389647584
0.35497329221107066,0.0824895401019603,0.30823540105484426,0.7708116164430976,0.04418488359078765,0.3236093013547361,0.2938189322594553,0.05559871601872146,0.9958030604757369,0.22458078805357218,11.1462091984672
0.42236305167898536,0.14606721117161214,0.6118428998161107,0.320420682663098,0.8038286869414151,0.9056934001855552,0.4566744763869792,0.2529665734618902,0.3291941008064896,0.25124800670892,9.772123878658501
0.4824489732272923,0.4284605933353305,0.6823885489720851,0.44154265034012496,0.9366956825833768,0.004211037419736385,0.5791034819558263,0.6183572129812092,0.9601622510235757,0.7967133480124176,13.840617457786916
0.007262923056259751,0.23751533054746687,0.37095875455997884,0.4473635940812528,0.2867582752369344,0.8260185921099037,0.5693186989519745,0.30924915825016797,0.19497299217619002,0.14575609285384417,7.5121898672907115
0.29966227104887366,0.2024412020109594,0.8985528503544629,0.08518350077793002,0.5057793222367764,0.670843577478081,0.2827818817459047,0.07020383840426803,0.4850417103152722,0.4991110803093761,10.126224380717016
0.5417379506397992,0.346831880742684,0.010601470479741693,0.676265861839056,0.3507432723417878,0.4383460320532322,0.9567317152395844,0.7923799026757479,0.2236311852466315,0.11843682336620986,18.857579323062865
0.9947476843371987,0.761661339784041,0.0867408774793148,0.29962244746275246,0.3755742956418544,0.5396997779607773,0.5795947092119604,0.4831311560701579,0.15061781043186784,0.8698084503412247,15.219727581142026
0.6916905911639333,0.9760758720804006,0.8706006808206439,0.31292640743777156,0.34132127510383725,0.9178138810675591,0.6334257065318525,0.6505506411194801,0.8154517395887524,0.9062499920837581,15.768275062787035
0.3627997888252139,0.03736124513670802,0.9783064466901124,0.6100197096820921,0.1309415630530566,0.0333936067763716,0.8457616118248552,0.12852842453867197,0.9418277931399643,0.14531057607382536,9.566524242556916
0.8030803399160504,0.5354949517641217,0.5123606293927878,0.5043024893384427,0.46160110435448587,0.8917698091827333,0.02276177448220551,0.9882058054208755,0.2621999317780137,0.43000965868122876,17.8014566738851
0.2985261466819793,0.3700964734889567,0.5074858164880425,0.5224251365289092,0.3740970422513783,0.02631645859219134,0.4009708911180496,0.9505148334428668,0.36021390883252025,0.9450528535526246,10.006495788630762
0.32981030619703233,0.12624642788432539,0.8995794595684856,0.11021393653936684,0.8351735305041075,0.8488961020484567,0.5260168206878006,0.5056594915222377,0.3601327857468277,0.15771633037365973,11.971188211639245
0.3510125030297786,0.938778847688809,0.8350192306097597,0.2800764041021466,0.4625136412214488,0.8326514309737831,0.3008768926374614,0.02704572258517146,0.36636230582371354,0.2727717359084636,17.461849668955466
0.7561168423853815,0.0875052681658417,0.5513242483139038,0.37371852551586926,0.37640094733797014,0.9693460706621408,0.38557411869987845,0.41829288471490145,0.9709472281392664,0.1681656485889107,7.021503901840713
0.22447576862759888,0.5467196051031351,0.3529461226426065,0.7510956765618175,0.6379160538781434,0.8344510393217206,0.37754668155685067,0.4673690239433199,0.5181639357469976,0.15189288859255612,14.66600769326815
0.4269202472642064,0.926067614229396,0.7974531478248537,0.7406997685320675,0.8077341832686216,0.19090511230751872,0.6409008491318673,0.40248086280189455,0.703208687948063,0.9899436181876808,23.13881225198813
0.9883434504736215,0.7449767526704818,0.2817280504386872,0.8676656265743077,0.9096396127715707,0.5634953072294593,0.9743302401620895,0.7516166467685252,0.38067850610241294,0.4024946177378297,20.783889805602044
0.5978824261110276,0.3582421182654798,0.8629387279506773,0.7929923785850406,0.8829449070617557,0.5624680363107473,0.3698477162979543,0.3083475176244974,0.7584169169422239,0.3668350763618946,21.1079775185516
0.01970375026576221,0.6959658788982779,0.9293603505939245,0.7547266860492527,0.29236995428800583,0.36113723716698587,0.08056701673194766,0.7338169110007584,0.33352462435141206,0.42466390831395984,12.712797745349858
0.3003257969394326,0.21291928901337087,0.6438410102855414,0.7777230583596975,0.5668728987220675,0.7120180292986333,0.7206743403803557,0.3391222879290581,0.9642906959634274,0.9266162251587957,14.25338975761962
0.797635719878599,0.3361508483067155,0.4940706780180335,0.41411621007137,0.019310370087623596,0.04572992422617972,0.26651474577374756,0.9926523494068533,0.712970731779933,0.20225892472080886,12.194145081694545
0.8516883393749595,0.052281223237514496,0.26252895570360124,0.20618204353377223,0.4754213879350573,0.9680716870352626,0.6095180637203157,0.3311650638934225,0.0077424889896065,0.02032795548439026,7.929369866220502
0.05619902326725423,0.34449517796747386,0.16361821629106998,0.3068523299880326,0.5028723787982017,0.9574747330043465,0.9807245386764407,0.3441922958008945,0.7623736632522196,0.8784179575741291,9.45166056811774
0.8326944783329964,0.8139974644873291,0.5116606920491904,0.7324110183399171,0.8521569410804659,0.7412571681197733,0.279294102685526,0.7717923205345869,0.7393158071208745,0.18598970724269748,20.441305348946855
0.09149646176956594,0.05339586827903986,0.865455326391384,0.4334888446610421,0.18858698662370443,0.25578663055785,0.059909845469519496,0.11788034695200622,0.22857441077940166,0.48043152899481356,7.730119355285891
0.9080401330720633,0.39777936902828515,0.862937975442037,0.9524257876910269,0.3510466532316059,0.651288575027138,0.3594443127512932,0.2699342903215438,0.6204360951669514,0.92785405064933,22.021136626616965
0.41024813218973577,0.8279005591757596,0.6431734040379524,0.643274842062965,0.5505976735148579,0.9194111365359277,0.09362600301392376,0.7897776234894991,0.10166159458458424,0.48465380049310625,17.979178582179618
0.7297232595738024,0.6910078166984022,0.47268398525193334,0.7627860892098397,0.7600318084005266,0.425993679324165,0.38988822093233466,0.13229867280460894,0.481649455614388,0.3212782528717071,21.93749935160541
0.9271037592552602,0.6953560260590166,0.2904940932057798,0.4229162223637104,0.8663082832936198,0.10586040653288364,0.8912894404493272,0.9467884085606784,0.7276937102433294,0.04301175894215703,16.78147304827267
0.4363996288739145,0.9603973592165858,0.5625220800284296,0.08037510537542403,0.8490060623735189,0.33497500070370734,0.1312815034762025,0.7632824087049812,0.19651071005500853,0.9768154041375965,14.643055226382762
0.027728921500965953,0.8516912711784244,0.940285308053717,0.6223113362211734,0.9262543611694127,0.9887294652871788,0.3465533151756972,0.6674110472667962,0.9614610059652478,0.6906587528064847,15.34026742037374
0.9704427532851696,0.7037254981696606,0.6090796100907028,0.3749094191007316,0.7930728576611727,0.7104047622997314,0.9507659168448299,0.29777075559832156,0.11282435874454677,0.16725024697370827,16.709639326287117
0.7316744159907103,0.1930560872424394,0.7892461060546339,0.8281385893933475,0.4148486712947488,0.631430494831875,0.8438590478617698,0.8687033911701292,0.38881442975252867,0.3300487915985286,15.501080962297136
0.3537968941964209,0.2937236959114671,0.5399501111824065,0.24806466326117516,0.5478618021588773,0.9146380440797657,0.20529428287409246,0.3027687934227288,0.4066367435734719,0.17255642893724144,9.453333565294283
0.12208379642106593,0.9658282345626503,0.0418913634493947,0.9012557177338749,0.49603529553860426,0.6557372838724405,0.8092740629799664,0.35756394593045115,0.41357965022325516,0.7180000410880893,19.82088384644498
0.600276050157845,0.6370398015715182,0.6024976882617921,0.738591953413561,0.3705699401907623,0.8068313437979668,0.9010864163283259,0.5164423754904419,0.15196218620985746,0.4713597579393536,17.577729570356876
0.806480449391529,0.697222807444632,0.9978726145345718,0.6537412106990814,0.9416064957622439,0.12557212566025555,0.9765729308128357,0.8773127731401473,0.7948463240172714,0.4585864865221083,25.340984187184066
0.8671553367748857,0.7986660173628479,0.2540351857896894,0.9640540024265647,0.9983806270174682,0.5760744719300419,0.7185628013685346,0.33423012658022344,0.27475303527899086,0.43647520197555423,23.329376178560054
0.03888123272918165,0.37607493554241955,0.33879487263038754,0.7211152601521462,0.5127517792861909,0.8727158228866756,0.06427547778002918,0.5196557769086212,0.23808367340825498,0.7858942234888673,11.717889852038873
0.018630651524290442,0.04242328344844282,0.177755476674065,0.25841003842651844,0.10218571568839252,0.13971884944476187,0.9391085542738438,0.2539249365217984,0.7934406737331301,0.337224556831643,5.715769861837973
0.5944284100551158,0.9561975509859622,0.7978290342725813,0.7428056010976434,0.07723636133596301,0.1714455282781273,0.11171931633725762,0.5677504760678858,0.3967768216971308,0.351888362551108,18.61457887950834
0.25465470226481557,0.21887912461534142,0.4107852657325566,0.3715776326134801,0.6191104927565902,0.10511898761615157,0.31888494244776666,0.19812258682213724,0.016573202097788453,0.05147708603180945,8.045950513499358
0.6389807960949838,0.6630386435426772,0.07792004803195596,0.4992209270130843,0.1593689990695566,0.21101533831097186,0.1320618342142552,0.950076166074723,0.6484065693803132,0.6035316255874932,21.267586239541966
0.6180928202811629,0.745076431427151,0.2520493124611676,0.7175843939185143,0.4512843103148043,0.6949284558650106,0.5881736145820469,0.20510952058248222,0.8688320997171104,0.2526379718910903,22.890657834023315
0.5934119436424226,0.9251594569068402,0.7746195883955806,0.42189992778003216,0.8763181294780225,0.12016288982704282,0.21252634306438267,0.8919102645013481,0.5889444747008383,0.21201349166221917,19.625830853249713
0.4102224064990878,0.20218590507283807,0.17382998554967344,0.4581910604611039,0.5318839943502098,0.392493236111477,0.5429584379307926,0.7963805852923542,0.9683957898523659,0.45279435021802783,11.42877613764847
0.6932717557065189,0.8144995586480945,0.16178512992337346,0.10793760628439486,0.25847505242563784,0.8144932216964662,0.42869539256207645,0.5398311393801123,0.1995600345544517,0.20512792468070984,13.28945815721864
0.9251392432488501,0.21844195714220405,0.9426502962596714,0.3788600761909038,0.19983868184499443,0.23775779968127608,0.982455181190744,0.5905188589822501,0.07010392658412457,0.5749522391706705,14.190837605744225
0.7385271154344082,0.11716086114756763,0.5132000995799899,0.8634523043874651,0.9924333489034325,0.08672993979416788,0.21835636883042753,0.24755099974572659,0.08115378394722939,0.8404118567705154,14.678768401512908
0.436293107457459,0.11085841944441199,0.16562181012704968,0.7255778375547379,0.5488963024690747,0.4327819771133363,0.9916089673060924,0.14465396897867322,0.698166383896023,0.07128644129261374,14.574047237221476
0.21640738821588457,0.8595854337327182,0.5457687131129205,0.38976087630726397,0.07304073730483651,0.47095498559065163,0.5321976521518081,0.006176105467602611,0.3176000297535211,0.7633032433222979,9.494049397209261
0.42407519090920687,0.23001471790485084,0.09569805371575058,0.529518901836127,0.7700486243702471,0.405753017636016,0.6287200867664069,0.9256573002785444,0.8909479372669011,0.25984354107640684,15.288053756945388
0.9190704633947462,0.15370609215460718,0.9296106416732073,0.8073817526455969,0.3056257627904415,0.14671355322934687,0.19346512318588793,0.43477358343079686,0.06190780084580183,0.3176117253024131,17.768124517099842
0.5501496037468314,0.2025861106812954,0.7066988116130233,0.1533686777111143,0.4069497399032116,0.018500169040635228,0.27813821751624346,0.47232849709689617,0.6762951058335602,0.611568370135501,7.728085245856935
0.163165531354025,0.7260249778628349,0.9708784283138812,0.7926191762089729,0.10910597932524979,0.11917060450650752,0.04888984654098749,0.25563543755561113,0.6112936600111425,0.08745547430589795,15.675269937989075
0.5960935445036739,0.5882764817215502,0.7422686400823295,0.7447687545791268,0.13056447869166732,0.3735031292308122,0.6692515651229769,0.7681145407259464,0.8306931995321065,0.6760829004924744,18.239991368318833
0.3929138381499797,0.9936234706547111,0.064334079856053,0.2565959203056991,0.4018020052462816,0.21028084447607398,0.8981960008386523,0.9486327497288585,0.46025850414298475,0.9985659185331315,20.087726524811952
0.46071938844397664,0.05110981105826795,0.8491329199168831,0.7987573069985956,0.0201368008274585,0.12562406808137894,0.028363384772092104,0.9876003896351904,0.5648725654464215,0.7230398736428469,12.033038463522567
0.8266713481862098,0.40512564475648105,0.2694788232911378,0.05468180729076266,0.0013582834508270025,0.4572313299868256,0.8487368093337864,0.9909200114198029,0.4548321617767215,0.5753137529827654,11.103870430141207
0.2238229385111481,0.5461717369034886,0.21201550401747227,0.24798279185779393,0.20952314627356827,0.5882501057349145,0.21581048634834588,0.7124531257431954,0.964501190232113,0.24379264540039003,10.155070406650093
0.4975022403523326,0.9722699413541704,0.3195273440796882,0.12014013156294823,0.8303161996882409,0.09695418202318251,0.1834056929219514,0.38759088539518416,0.8500045293476433,0.3066857981029898,15.757631348657117
0.3179964586161077,0.9041872972156852,0.6946098175831139,0.2891610157676041,0.5423055000137538,0.9575456536840647,0.31331648654304445,0.973174613667652,0.9794433433562517,0.5716283156070858,15.63463570396053
0.10787539696320891,0.20878204563632607,0.7930291444063187,0.5858329909387976,0.6917459119576961,0.953526996774599,0.9946155992802233,0.6339644459076226,0.9876497539225966,0.5886555125471205,11.960046099142147
0.03131640376523137,0.9567776198964566,0.477572170086205,0.018295540707185864,0.24240375217050314,0.9081163411028683,0.07804933981969953,0.1569633784238249,0.12562892632558942,0.0645444302354008,2.6235643680968206
0.9655300329905003,0.6182215712033212,0.8784407523926347,0.16630096663720906,0.754451806191355,0.4064624607563019,0.3428119474556297,0.6929356346372515,0.1270892983302474,0.46140330168418586,21.66061518068663
0.9840665524825454,0.040832130471244454,0.3037484986707568,0.53882971778512,0.738410513382405,0.6891834980342537,0.39265807485207915,0.03360761143267155,0.30786441010423005,0.5102384050842375,10.778506514808404
0.7734840894117951,0.6344160691369325,0.9540524943731725,0.6614205280784518,0.6116992584429681,0.8783296325709671,0.1807936818804592,0.15496454248204827,0.2739483271725476,0.11480830167420208,22.639556973969505
0.13127288571558893,0.8150817952118814,0.4847957866732031,0.8400446297600865,0.4446311052888632,0.7243068409152329,0.08768683881498873,0.5508090555667877,0.027750403387472034,0.6523277782835066,13.460443831336162
0.09142197156324983,0.9469963861629367,0.29720260854810476,0.990182934794575,0.8328753302339464,0.3334375524427742,0.8184706512838602,0.1504825111478567,0.9911850946955383,0.8198800124228001,18.879681079808716
0.7077413317747414,0.4157541219610721,0.4521916937083006,0.9584453157149255,0.08519309177063406,0.1256981808692217,0.2264529070816934,0.365391060244292,0.630955240689218,0.8359504898544401,18.632831213868517
0.5319472774863243,0.20623320038430393,0.2018513970542699,0.07408663281239569,0.5852275653742254,0.7406040919013321,0.31920269411057234,0.27525468985550106,0.6725170859135687,0.6923093614168465,6.3516908147075055
0.8062446608673781,0.21302722417749465,0.3900757571682334,0.7600140776485205,0.0029666414484381676,0.02867347188293934,0.9219786387402564,0.8598278453573585,0.4837175046559423,0.6442896123044193,11.435902805777063
0.4348214343190193,0.26585213746875525,0.6650531748309731,0.25472454936243594,0.061090445378795266,0.18202307331375778,0.23769022501073778,0.7718511130660772,0.14664879092015326,0.43681459152139723,5.596828774445706
0.4995891093276441,0.34105256479233503,0.07360592298209667,0.8318470371887088,0.9200188769027591,0.7254983785096556,0.11843813094310462,0.06935977726243436,0.14410849916748703,0.5233382664155215,20.14645291023296
0.14897303329780698,0.16047936817631125,0.5307510287966579,0.48560068965889513,0.28942294674925506,0.9443365035112947,0.4291316852904856,0.5993621619418263,0.5807255730032921,0.6948780524544418,6.926489244070414
0.697085021995008,0.6211963328532875,0.9933152704034001,0.05259570595808327,0.14428995340131223,0.9365480539854616,0.87859719642438,0.32825939217582345,0.3136043860577047,0.6273623984307051,16.87783902137175
0.4702171999961138,0.24534317455254495,0.06779576558619738,0.1905939585994929,0.5041983772534877,0.5284579910803586,0.16568959574215114,0.5959807990584522,0.6136142255272716,0.5253633640240878,12.129948596847914
0.9949752979446203,0.2446686178445816,0.10062832594849169,0.8694594167172909,0.5303353844210505,0.2036507185548544,0.06160234636627138,0.3886231656651944,0.5935656211804599,0.0442334811668843,21.59844321548647
0.9865480393636972,0.5489482276607305,0.42423181352205575,0.15221144375391304,0.49348356388509274,0.35481783538125455,0.7848230330273509,0.4674332505092025,0.9492513765580952,0.2798198021482676,14.654553718916093
0.5262335541192442,0.12070681317709386,0.8904598536901176,0.11880270182155073,0.6187629071064293,0.23501996556296945,0.02638351754285395,0.5368685161229223,0.19768340443260968,0.6225130246020854,11.751418294739894
0.959355819504708,0.270278197247535,0.4721780230756849,0.38282534037716687,0.14145640493370593,0.6469570689368993,0.6184007292613387,0.5644944594241679,0.813489478547126,0.8837831940036267,10.394029453148157
0.3869393488857895,0.32229112018831074,0.7890530258882791,0.07496065692976117,0.6887876226101071,0.10526555869728327,0.6408518643584102,0.6321014002896845,0.41069606109522283,0.32404700852930546,10.006844907274267
0.9430079096928239,0.6002286141738296,0.5542911912780255,0.06102852616459131,0.1295606407802552,0.17166588129475713,0.44975663418881595,0.795121194794774,0.27719520777463913,0.47259497619234025,10.124063378986886
0.7731619598343968,0.9203653405420482,0.5381656289100647,0.34098981018178165,0.656860846793279,0.6681817658245564,0.7691080761142075,0.8356827846728265,0.46134638832882047,0.7443613549694419,14.619631593510377
0.8224435378797352,0.05642388015985489,0.527618685271591,0.9788907456677407,0.31806004350073636,0.6712705858517438,0.4133260555099696,0.8149371417239308,0.8842071185354143,0.9365057165268809,13.490946108840602
0.8594237873330712,0.07242239383049309,0.02096549840644002,0.6600003975909203,0.39627732313238084,0.3627219167537987,0.5295250427443534,0.641109085874632,0.5613844895269722,0.4573652381077409,14.306343096296517
0.8912569980602711,0.7687972530256957,0.4909723207820207,0.4802249139174819,0.628904152661562,0.8339421225246042,0.9105784494895488,0.519121426390484,0.6375101595185697,0.7105383211746812,16.378961452021688
0.8557527854572982,0.30607490218244493,0.6993390100542456,0.207197506679222,0.7667418075725436,0.4274616476614028,0.16603049263358116,0.08330978499725461,0.6893820115365088,0.9393790145404637,11.686107290167204
0.8364569616969675,0.14895977382548153,0.5714767996687442,0.7372777003329247,0.45102955563925207,0.8412144738249481,0.2328251819126308,0.6494544981978834,0.7460688324645162,0.1063731990288943,13.705371413232854
0.9428295749239624,0.5779652602504939,0.9740815432742238,0.26363752176985145,0.773644017521292,0.39373037149198353,0.5167952568735927,0.44566301186569035,0.09134418214671314,0.8038168537896127,20.660418951465598
0.5424156410153955,0.5638615267816931,0.23100182320922613,0.16269502276554704,0.2584671461954713,0.2976277822162956,0.5094343132805079,0.13749947911128402,0.7301807061303407,0.4455463101621717,13.53057944816115
0.5349764551501721,0.6056991955265403,0.8316590336617082,0.5890434891916811,0.46564171626232564,0.2676276790443808,0.039057266199961305,0.42242344096302986,0.5178985490929335,0.8563105314970016,18.6894684870208
0.7218616432510316,0.9253002139739692,0.9620806188322604,0.9784925137646496,0.9401404194068164,0.6378114381805062,0.9651379496790469,0.5125485942699015,0.8195273857563734,0.6134833465330303,27.561667876933306
0.014590888284146786,0.06591387139633298,0.9601189019158483,0.0675855262670666,0.8229875122196972,0.33892931742593646,0.15141801070421934,0.34254788025282323,0.12195090367458761,0.4138247568625957,8.880256194515935
0.8201670164708048,0.47792773018591106,0.5999305630102754,0.8691865298897028,0.4874551638495177,0.8238968509249389,0.731460825772956,0.8724977788515389,0.08021417865529656,0.9686821384821087,21.089733592731605
0.8440543999895453,0.7331002843566239,0.22435953724198043,0.3600891379173845,0.6978874818887562,0.5840268589090556,0.6196605379227549,0.006169683765619993,0.3000602931715548,0.6995347903575748,17.05733187639914
0.4065804919227958,0.9288591893855482,0.5818797061219811,0.16792170167900622,0.8898266535252333,0.6901060440577567,0.6223300634883344,0.7426099579315633,0.5625646582338959,0.5896020559594035,14.604953576588935
0.17268420127220452,0.5205281691160053,0.7840939708985388,0.7274926602840424,0.30891667190007865,0.5088049399200827,0.6929074306972325,0.22196124005131423,0.6492949842941016,0.9780374709516764,13.718982365689392
0.026450193487107754,0.8450493454001844,0.8594077134039253,0.2796563250012696,0.0015442599542438984,0.12074064603075385,0.5367437035311013,0.6132773193530738,0.7706838338635862,0.5155308221001178,4.931036353167592
0.5497358222492039,0.7122739171609282,0.2032318168785423,0.007203633664175868,0.1745066810399294,0.38614464458078146,0.17968902923166752,0.6089225597679615,0.08523343387059867,0.45699416450224817,12.909817599244866
0.773030327167362,0.6103084513451904,0.4178396814968437,0.6763539807870984,0.33900625142268836,0.4847746333107352,0.7974159638397396,0.6825468875467777,0.09619986149482429,0.7987525216303766,19.337667653591033
0.7292421397287399,0.3990063429810107,0.6763039329089224,0.09104028204455972,0.6516168168745935,0.3899276952724904,0.506575692910701,0.46022459538653493,0.3758899816311896,0.13129486027173698,13.69912014885352
0.8469728350173682,0.7553132411558181,0.7681993513833731,0.4760884235147387,0.0829582151491195,0.06190710351802409,0.18940420704893768,0.11751979263499379,0.05562175437808037,0.6792595242150128,16.179672368576718
0.9224075593519956,0.6999933833722025,0.7077337766531855,0.5140298008918762,0.012421085499227047,0.9455623964313418,0.4313604310154915,0.6542760222218931,0.2802848373539746,0.33010261598974466,14.936974840829851
0.5220011791680008,0.4823033616412431,0.4380267185624689,0.8882064323406667,0.8775933580473065,0.860843327594921,0.41551691899076104,0.1519407278392464,0.17790151154622436,0.7502987005282193,22.20978482129106
0.12871142383664846,0.6475392582360655,0.7538009979762137,0.44068159093149006,0.9793245047330856,0.8073010973166674,0.4258723349776119,0.7187334431800991,0.41744074202142656,0.5637605499941856,13.437914642556432
0.8983902877662331,0.5473913121968508,0.9090273450128734,0.42024275846779346,0.7776062909979373,0.29355061962269247,0.27508338377811015,0.4493258958682418,0.2098341614473611,0.529977003345266,23.20926225667625
0.5435210517607629,0.02076701121404767,0.9064069143496454,0.015465595060959458,0.8472853838466108,0.0063248996157199144,0.42389082349836826,0.8574847024865448,0.5552676769439131,0.48901484929956496,7.556447258060116
0.6562679270282388,0.39468662114813924,0.4912031344138086,0.15247704414650798,0.5618116490077227,0.8961351977195591,0.46148370136506855,0.3297348835039884,0.5579393480438739,0.8482533101923764,11.45557507228419
0.9903074440080673,0.4368401754181832,0.8799612855073065,0.939044201048091,0.23856320814229548,0.30623984313569963,0.4629676614422351,0.8958560528699309,0.26595273544080555,0.4395168637856841,22.41168730749635
0.5863608201034367,0.9600792855489999,0.3221083676908165,0.0616353889927268,0.023219754453748465,0.7175294305197895,0.6225518328137696,0.20915738097392023,0.33036769833415747,0.5256415489129722,12.624879700062955
0.2701693207491189,0.9655125541612506,0.5365055976435542,0.4042751027736813,0.9341519165318459,0.41582233901135623,0.7976579028181732,0.942187353502959,0.418688396923244,0.35295736230909824,16.171681901978474
0.7801787215285003,0.7707735537551343,0.3847370739094913,0.33631503907963634,0.02554076281376183,0.12590530095621943,0.5110966213978827,0.3862576603423804,0.6801959644071758,0.2005033849272877,14.842483588419665
0.09904376603662968,0.7570202809292823,0.9688703215215355,0.23436680831946433,0.3737883740104735,0.12435262370854616,0.6614865800365806,0.37484513130038977,0.9023581279907376,0.5469470345415175,9.678614309072412
0.4667654593940824,0.5241227988153696,0.4016265550162643,0.20325858565047383,0.5304997721686959,0.9351328108459711,0.7186884672846645,0.6783873639069498,0.8418936093803495,0.7339565695729107,10.983951069511809
0.6991882517468184,0.014160149963572621,0.40877368301153183,0.5519810582045466,0.9252116638235748,0.5762026919983327,0.5741348466835916,0.5998040228150785,0.19215307594276965,0.2927322417963296,10.620418044337175
0.4919889676384628,0.21124815684743226,0.8255717316642404,0.08612412260845304,0.3847563788294792,0.580900342669338,0.9651075650472194,0.38613702077418566,0.7435384083073586,0.07829326228238642,6.987585273709236
0.43681156588718295,0.3799717053771019,0.6605900591239333,0.7993381866253912,0.7522218623198569,0.8298265140037984,0.7414375329390168,0.7063308896031231,0.9176052818074822,0.6321680713444948,15.38639546386662
0.38226841832511127,0.5869253680575639,0.1086736861616373,0.6034007652197033,0.35101184784434736,0.9916304843500257,0.22432610439136624,0.7576449208427221,0.7367354773450643,0.2624124023132026,18.465821152193126
0.3272546730004251,0.5850803810171783,0.4947754049208015,0.2797229343559593,0.16876436304301023,0.4878607664722949,0.4124145726673305,0.04550159792415798,0.7274959373753518,0.20019858703017235,8.853015745391312
0.6993157404940575,0.44841318135149777,0.24767241650260985,0.45945785311050713,0.19542513019405305,0.25410235207527876,0.25502725155092776,0.9720077980309725,0.4425537777133286,0.11020482168532908,14.581419439088759
0.8939206881914288,0.04736830573529005,1.577986404299736e-05,0.29317381139844656,0.4995148158632219,0.19418561784550548,0.17868893314152956,0.6235156790353358,0.19359108130447567,0.13519021891988814,13.201663278945707
0.060128810815513134,0.30052237096242607,0.02526278281584382,0.015772047452628613,0.045951682375743985,0.0808848924934864,0.8448452649172395,0.28186462982557714,0.846351332264021,0.06593746435828507,3.0258155745276403
0.022577071096748114,0.7474799873307347,0.6435597678646445,0.2761850175447762,0.1842149521689862,0.886313435388729,0.39363098074682057,0.7923544489312917,0.9407022716477513,0.4540399059187621,5.487290035210382
0.3328929564449936,0.43767212447710335,0.7500994438305497,0.07851204019971192,0.08406089921481907,0.21503712516278028,0.42180942627601326,0.30759282340295613,0.9007833185605705,0.7524318057112396,7.246261818332603
0.006269508507102728,0.9232079545035958,0.4552882662974298,0.4665016403887421,0.08698548167012632,0.27613982488401234,0.8054795335046947,0.20824018865823746,0.6341077615506947,0.33654626621864736,5.57819394146746
0.9004913996905088,0.0347227631136775,0.09927784441970289,0.8825954587664455,0.8340346869081259,0.3010224315803498,0.4047040296718478,0.6211513087619096,0.29693336924538016,0.5418199696578085,16.839406802909664
0.29791192850098014,0.8727504399139434,0.42746929451823235,0.42142878752201796,0.851248178165406,0.4368675840087235,0.428015103796497,0.012330136029049754,0.3098933903966099,0.7862094063311815,16.91453045122996
0.618395222350955,0.918363437987864,0.9457544565666467,0.252455000532791,0.19368728040717542,0.11824592505581677,0.6423001089133322,0.9206622911151499,0.24093924276530743,0.2740636810194701,18.67150781047369
0.5721917317714542,0.6841731618624181,0.0029372563585639,0.2927593740168959,0.8294830301310867,0.0526676750741899,0.4589758769143373,0.32442329823970795,0.6757892156019807,0.5835672183893621,21.62123164629737
0.10805346863344312,0.2736383634619415,0.028397655580192804,0.020651648053899407,0.41618454619310796,0.4772246165666729,0.8812983189709485,0.029639425221830606,0.9600048870779574,0.6640592983458191,8.44945359389436
0.7158860554918647,0.3413247037678957,0.94562150654383,0.4289214613381773,0.33305220026522875,0.5215569895226508,0.7859880803152919,0.9232827299274504,0.6710032389964908,0.6839486663229764,16.687554292302746
0.8021585179958493,0.941151550039649,0.23670864617452025,0.265203018207103,0.37796038086526096,0.19894617423415184,0.25305582536384463,0.344191238284111,0.957151327515021,0.46238701161928475,13.289280851806387
0.9652303224429488,0.43132851435802877,0.8299723737873137,0.07737884647212923,0.6952113236766309,0.6102368417195976,0.376159266801551,0.10760868433862925,0.6865678247995675,0.6139464487787336,16.018260948244276
0.5261082835495472,0.3249462116509676,0.15594569500535727,0.8430194798856974,0.9314529565162957,0.48794141970574856,0.9649038233328611,0.31443034252151847,0.9958340520970523,0.25614548358134925,20.161254514238
0.142599688610062,0.6162275949027389,0.9593170227017254,0.9057945236563683,0.4621899160556495,0.5538830566219985,0.7055385762359947,0.20739982882514596,0.3709143465384841,0.39926654868759215,17.955775895169523
0.7360972615424544,0.9629702048841864,0.01377316121943295,0.1267097124364227,0.19060499500483274,0.5155663164332509,0.4531579166650772,0.3301004022359848,0.5659927078522742,0.342670883750543,15.09959078066551
0.4213629497680813,0.03490203130058944,0.8273333630058914,0.43190083373337984,0.11421039467677474,0.7214978933334351,0.6577446314040571,0.9120302838273346,0.5340633520390838,0.49238976393826306,9.551257878015075
0.6682305831927806,0.6446430834475905,0.4783910377882421,0.8946843284647912,0.2682431985158473,0.6519193642307073,0.8747760681435466,0.49553681327961385,0.5349937784485519,0.7793397700879723,20.84628074578838
0.019379784120246768,0.5545831075869501,0.4907895536161959,0.5743558469694108,0.41024512937292457,0.6560088177211583,0.9450731184333563,0.6539769913069904,0.06458862638100982,0.6246897683013231,8.20746775175984
0.9089601908344775,0.6344974481035024,0.6565588042140007,0.711850622901693,0.11882149544544518,0.2261596687603742,0.8489632101263851,0.26340204081498086,0.23527805809862912,0.6183160697109997,18.705075804675577
0.7652443186379969,0.05512654967606068,0.609823377802968,0.26985099725425243,0.5046745412983,0.038257191656157374,0.336503685452044,0.47699194215238094,0.114360136911273,0.4626401891000569,6.272603151875249
0.1467082651797682,0.13417206751182675,0.6728402685839683,0.6775497822090983,0.24119952437467873,0.8171436917036772,0.9985137626063079,0.08308416581712663,0.1785191996023059,0.08992218738421798,9.46890147169411
0.6682261035311967,0.8654729104600847,0.08713205996900797,0.3444850735832006,0.6243554023094475,0.14434787537902594,0.5732908898498863,0.6626343415118754,0.5523010555189103,0.4964196081273258,20.710832583805104
0.1467491858638823,0.11290661222301424,0.5528688291087747,0.6551981146913022,0.5234184674918652,0.8890388044528663,0.8685823429841548,0.44804394827224314,0.6030867146328092,0.31878540851175785,9.127096742047113
0.5037389951758087,0.5098558897152543,0.30190482293255627,0.3975742603652179,0.431600401410833,0.4679978978820145,0.6151097740512341,0.03016399801708758,0.4336651060730219,0.9036684276070446,14.299664253701149
0.31112523027695715,0.6730527135077864,0.8975751246325672,0.0570859971921891,0.7901042685844004,0.6946577394846827,0.4359891938511282,0.982369695790112,0.9026742805726826,0.6928846281953156,12.695280208856374
0.05806423630565405,0.9369140693452209,0.02111374819651246,0.9631511718034744,0.6445517810061574,0.3464251598343253,0.4918212357442826,0.0390355761628598,0.4923311611637473,0.6918930516112596,20.00764739034375
0.545775642618537,0.1555803830269724,0.7850632260087878,0.9254575257655233,0.9214010471478105,0.3883319771848619,0.2517640683799982,0.9040602513123304,0.36600237246602774,0.23921021376736462,17.834282145145092
0.26655227737501264,0.4778880919329822,0.11917866789735854,0.6875384806189686,0.3839928633533418,0.7238340938929468,0.9833083527628332,0.8210905326995999,0.7706712824292481,0.39993998617865145,16.078874747591666
0.07590116071514785,0.4360014512203634,0.41420914651826024,0.2672694323118776,0.2392833784688264,0.402748750988394,0.24617823190055788,0.17482407297939062,0.24101277301087976,0.2185602115932852,5.7338873367998335
0.8548056813888252,0.4301991928368807,0.9848022975493222,0.8299201328773052,0.6866492333356291,0.2402305700816214,0.8070470630191267,0.24223413551226258,0.3552106923889369,0.8817091695964336,25.505674689937774
0.9472049348987639,0.15671944641508162,0.6069217172916979,0.13608293794095516,0.39278770610690117,0.8546218806877732,0.7094020778313279,0.6700300925876945,0.5133467975538224,0.4908003364689648,7.419976610177072
0.6999661272857338,0.6849603285081685,0.48088410566560924,0.6899714258033782,0.5921735663432628,0.7700288025662303,0.3268349675927311,0.633797031128779,0.10017665452323854,0.7472080842126161,17.6818752658742
0.3194647280033678,0.21919339266605675,0.9393496890552342,0.2907041341532022,0.6256830468773842,0.7800410920754075,0.8369506786111742,0.9133667645510286,0.09762626071460545,0.5378777666483074,13.036376553549077
0.7138908812776208,0.15426674741320312,0.9859105737414211,0.42199010378681123,0.31502693286165595,0.5897065126337111,0.1301388810388744,0.42814687569625676,0.26757963723503053,0.49583296966739,13.67558744442803
0.41612291685305536,0.4996584844775498,0.06766581302508712,0.8018553433939815,0.10643225000239909,0.1574185169301927,0.11039546132087708,0.8952775646466762,0.10367363155819476,0.09242769493721426,17.806088452985456
0.02768926997669041,0.34557699086144567,0.10665132547728717,0.35608735820278525,0.24020129861310124,0.9487406192347407,0.6534873098134995,0.7201248917263001,0.8946166490204632,0.14556594286113977,7.9747602976513
0.9960814204532653,0.8665275643579662,0.9365788430441171,0.01512173400260508,0.4588276681024581,0.7857483453117311,0.29638849082402885,0.2810141418594867,0.5436985513661057,0.7516747687477618,9.8576910512757
0.8248977351468056,0.888067836407572,0.8299832625780255,0.06462327507324517,0.3517185195814818,0.5329945804551244,0.20935370959341526,0.3891424483153969,0.46541131869889796,0.37695517390966415,12.169570494280974
0.079712123144418,0.16911982605233788,0.9623454273678362,0.11504927626810968,0.09517130441963673,0.5469246103893965,0.5142410497646779,0.35375281888991594,0.2450033207423985,0.6952715816441923,6.396851400474922
0.5446086016017944,0.3244680897332728,0.36556217167526484,0.9874558879528195,0.40777491382323205,0.09091373323462903,0.514600794762373,0.09410134656354785,0.3587172548286617,0.7404410340823233,16.95145566442134
0.5655573683325201,0.46238954993896186,0.7037991844117641,0.6316024113912135,0.3535364023409784,0.9309694357216358,0.1949534839950502,0.4812961926218122,0.09332593996077776,0.6154287313111126,17.138565672666235
0.3296306619886309,0.10614618589170277,0.7332178491633385,0.139480218058452,0.238767254864797,0.5456313982140273,0.21198073960840702,0.34914417285472155,0.6283310332801193,0.8161028283648193,4.192285155379816
0.8390990784391761,0.32315330556593835,0.6551078017801046,0.18159087421372533,0.9166424165014178,0.618701423984021,0.5378096506465226,0.25621073693037033,0.261276044184342,0.6833755471743643,14.704246080372325
0.9258408257737756,0.47473644465208054,0.7456998354755342,0.537431240780279,0.2647066209465265,0.05344397807493806,0.8449099967256188,0.47479389258660376,0.46215806738473475,0.16385068511590362,17.86612627774508
0.40972603810951114,0.18506079050712287,0.978878968860954,0.3995036284904927,0.693548163631931,0.4908144185319543,0.4721813800279051,0.9329872294329107,0.845381578663364,0.6196672827936709,16.06287036213517
0.4105214832816273,0.2613476139958948,0.5403246351052076,0.5682897495571524,0.8438998474739492,0.2314904413651675,0.5965773491188884,0.5512677931692451,0.5756734556052834,0.004848727723583579,14.285947010503007
0.9018335586879402,0.1688311961479485,0.5274887287523597,0.3098236112855375,0.8054032674990594,0.8153377110138535,0.45804515457712114,0.7358291365671903,0.9652198718395084,0.6883038782980293,11.378232867803156
0.383190747583285,0.011117484420537949,0.10945623833686113,0.7198765261564404,0.900079874554649,0.2532241870649159,0.9660913515836,0.040858254535123706,0.6564776378218085,0.5289257622789592,13.877375133837957
0.9931097484659404,0.6937916239257902,0.7591381480451673,0.1013355238828808,0.8534205500036478,0.42891652625985444,0.17224513040855527,0.6079913314897567,0.7278893135953695,0.5589192260522395,15.87903446067689
0.22581873461604118,0.98476477782242,0.4794622859917581,0.6483792322687805,0.18312063184566796,0.362120580393821,0.42282000184059143,0.2984962575137615,0.06464611971750855,0.08819754584692419,14.6941854024766
0.09692498971708119,0.1600743590388447,0.643087456934154,0.04333717282861471,0.3380121828522533,0.48790580383501947,0.9928000513464212,0.4811221167910844,0.6620954268146306,0.988125781994313,3.5775600122555304
0.8098672591149807,0.9015181651338935,0.31905940920114517,0.5371067926753312,0.5338915546890348,0.7668366751167923,0.6297821567859501,0.645087068900466,0.5122792564798146,0.3486992665566504,15.915092917629028
0.5034651728346944,0.05333101260475814,0.584587762830779,0.43504852592013776,0.15681206388399005,0.8149147019721568,0.7118566909339279,0.5438819711562246,0.5084019384812564,0.2263128685299307,6.681541305594171
0.1395730369258672,0.2918858705088496,0.2095205069053918,0.5724314816761762,0.317958194995299,0.8660052663180977,0.6702947558369488,0.7178182676434517,0.4298908715136349,0.5699041390325874,10.274764647743888
0.30462774098850787,0.6433203329797834,0.8856464482378215,0.32871514558792114,0.2613770682364702,0.8933815562631935,0.26127650681883097,0.9310962345916778,0.7483604412991554,0.02463355497457087,13.41284564412264
0.10780404880642891,0.2119349406566471,0.6103109756950289,0.7842188205104321,0.09411167330108583,0.8221899059135467,0.4577039750292897,0.31054553389549255,0.8621791615150869,0.35394509229809046,11.421365641629475
0.4606390120461583,0.8765172301791608,0.05597916734404862,0.06816812022589147,0.8980693651828915,0.12917901342734694,0.5646556748542935,0.08736483915708959,0.6198053199332207,0.9985628549475223,18.101420855042655
0.7018982155714184,0.2395153611432761,0.12060995819047093,0.7381265563890338,0.5737913218326867,0.4912815762218088,0.3029650377575308,0.39764227624982595,0.6234321559313685,0.12076756334863603,18.860699256917382
0.6147300817538053,0.3192578472662717,0.4844807193148881,0.9322699960321188,0.5697475934866816,0.5107644230592996,0.10543578863143921,0.9024694007821381,0.07445518090389669,0.6441305603366345,17.71517420435319
0.24643955356441438,0.3870786048937589,0.8874220552388579,0.5720522198826075,0.9407330355606973,0.8632141537964344,0.4774872043635696,0.9084410176146775,0.1377105424180627,0.22616381873376667,18.01771537568125
0.20762095740064979,0.7658681171014905,0.19759853091090918,0.9917168060783297,0.1525710760615766,0.418976497836411,0.5950716268271208,0.09733851673081517,0.35264808451756835,0.3675288485828787,17.32899668846566
0.5431019619572908,0.2752409507520497,0.012831439264118671,0.015552567318081856,0.22697578789666295,0.2823659023270011,0.926903500687331,0.5083901323378086,0.10823206161148846,0.4836135699879378,11.068730046182745
0.3555271476507187,0.37843095208518207,0.020533692091703415,0.10521363280713558,0.8108751042746007,0.39801242388784885,0.6370022157207131,0.06098830746486783,0.23066062456928194,0.1604329647962004,13.71333082891463
0.5334768418688327,0.9704487633425742,0.197750709252432,0.28640051325783134,0.3899937302339822,0.03950553573668003,0.2892788741737604,0.7774442613590509,0.8142167888581753,0.047802785877138376,15.917242056480973
0.34504211717285216,0.14383182069286704,0.7047767860349268,0.6151924971491098,0.8605653995182365,0.04472747212275863,0.14098726236261427,0.3836788146290928,0.5447978908196092,0.2862916027661413,12.421146002454885
0.7025424847379327,0.697630847338587,0.7270475786644965,0.8941530741285533,0.44823466846719384,0.7120590577833354,0.8409065823070705,0.3344977169763297,0.6684322992805392,0.5146592578385025,22.981950399887225
0.017228901386260986,0.4816872673109174,0.4775735870935023,0.07357354112900794,0.501775159034878,0.6221698697190732,0.6344623693730682,0.8718017076607794,0.67589848395437,0.4215706514660269,3.0654026228215594
0.11820348585024476,0.2816338879056275,0.9073947642464191,0.6054765691515058,0.697774960892275,0.02766662393696606,0.7622586234938353,0.1746027295012027,0.5029798136092722,0.8751520616933703,13.980567543374432
0.37398114264942706,0.43578596599400043,0.7793175377883017,0.5969599136151373,0.3097807113081217,0.051912767346948385,0.6018868568353355,0.4277423087041825,0.4550669896416366,0.6900825770571828,13.293567650649011
0.5645073351915926,0.7595337321981788,0.4914586734957993,0.24331633700057864,0.921766305109486,0.5005829585716128,0.22309085656888783,0.6850649563129991,0.42916461220011115,0.9922113150823861,17.49757588690769
0.6835200767964125,0.7284348446410149,0.23481891653500497,0.5033760326914489,0.6504044416360557,0.673569118604064,0.9569715799298137,0.9450183259323239,0.37242887332104146,0.7785801361314952,19.641380568762663
0.7982698054984212,0.5156797617673874,0.25319974357262254,0.8339661392383277,0.19475197163410485,0.0013173117768019438,0.20943844295106828,0.6304393217433244,0.737591378390789,0.8161916919052601,20.47144071026723
0.8811352956108749,0.8854238446801901,0.05591593310236931,0.47778245410881937,0.3583833340089768,0.9955083259847015,0.558269269997254,0.5760872256942093,0.20628994680009782,0.8195610037073493,16.692657682053262
0.30579620390199125,0.026532627176493406,0.2150948301423341,0.07288701389916241,0.8556749469134957,0.796070926822722,0.862486660014838,0.2811879974324256,0.5920325140468776,0.6117346012033522,5.8774787918227345
0.4122155655641109,0.8020297007169574,0.3566422506701201,0.7940421332605183,0.9884027703665197,0.5363498057704419,0.7770465048961341,0.7475593890994787,0.7507018581964076,0.10129717527888715,22.944542167979023
0.7015776589978486,0.6856489274650812,0.5894067755434662,0.6896552208345383,0.33923699986189604,0.6326809744350612,0.4419926905538887,0.7047003069892526,0.13822020473890007,0.6588213881477714,19.565898702190246
0.8530314315576106,0.939657234819606,0.003599855350330472,0.6987748122774065,0.10904795676469803,0.41170522407628596,0.508155012736097,0.3249747569207102,0.4822404598817229,0.2800726948771626,19.313342781704115
0.15539453458040953,0.7698875917121768,0.12875873292796314,0.2352479116525501,0.8188785573001951,0.0914195366203785,0.9115515945013613,0.40638555702753365,0.8916406463831663,0.7098611872643232,12.31998432979987
0.3180791495833546,0.05365307489410043,0.9701111416798085,0.7909806524403393,0.7476711682975292,0.02159847505390644,0.11591228703036904,0.3010733362752944,0.8592178490944207,0.05802320456132293,15.837158658180917
0.3372546536847949,0.18605263181962073,0.7876591093372554,0.7680263905785978,0.2411503705661744,0.8245477003511041,0.808839870383963,0.8627801635302603,0.6526488228701055,0.9443862899206579,11.046069210578931
0.12255377438850701,0.271310783457011,0.9412131414283067,0.16281792358495295,0.17409511795267463,0.9994886370841414,0.6142716167960316,0.5906907746102661,0.5073890131898224,0.2728082665707916,8.085582197049797
0.7076158872805536,0.10990037093870342,0.7340854560025036,0.03189489641226828,0.6547858235426247,0.8541751068551093,0.5875597309786826,0.8781628764700145,0.32573963375762105,0.2374586754012853,6.96797697865283
0.22392519167624414,0.5410100917797536,0.5446817826014012,0.29574627126567066,0.882012018468231,0.8032321429345757,0.22297427849844098,0.9505120883695781,0.1460555107332766,0.7346974154934287,11.60222603146877
0.341975387185812,0.29248234699480236,0.17281700833700597,0.1905238030012697,0.6915325822774321,0.8740850996691734,0.5269371406175196,0.9746549520641565,0.2646171657834202,0.2245274691376835,8.970554136568548
0.7809493311215192,0.08001433475874364,0.14374812552705407,0.09149864851497114,0.7113603961188346,0.6005989159457386,0.2832852427382022,0.5678978657815605,0.35823231586255133,0.40090557071380317,7.373671776802759
0.021659991005435586,0.33099243766628206,0.4241260960698128,0.9885702736210078,0.19103418965823948,0.27372156479395926,0.7828025985509157,0.30525312083773315,0.7403718188870698,0.39860543492250144,11.174974075340302
0.3150051536504179,0.0890332036651671,0.7308704119641334,0.924003770807758,0.18538083625026047,0.7832025135867298,0.32421695883385837,0.8115463112480938,0.5223211224656552,0.06357980635948479,14.13651906910392
0.9778472490143031,0.589902649866417,0.7540717723313719,0.2978948049712926,0.8734577754512429,0.2365628236439079,0.1853218695614487,0.8827844238840044,0.2607204441446811,0.263040958205238,19.203667450333196
0.8269674929324538,0.10247696842998266,0.8420830792747438,0.7643141169101,0.5792136644013226,0.7282822276465595,0.7715434974525124,0.3137951227836311,0.5329211736097932,0.3514751545153558,15.79616940817648
0.8365345252677798,0.46811894327402115,0.719680747250095,0.46310420287773013,0.14611132023856044,0.12333926325663924,0.4827461347449571,0.07854252262040973,0.17891066172160208,0.8228670628741384,15.906177740021915
0.8241534333210438,0.1655713974032551,0.8056617996189743,0.6383736282587051,0.3950659811962396,0.08590714656747878,0.13205569982528687,0.8016599537804723,0.3595827454701066,0.009646964026615024,12.992708494989415
0.5583844804205,0.4694316328968853,0.5465510783251375,0.21279237046837807,0.9861577502451837,0.6641483844723552,0.9578133143950254,0.32560632447712123,0.8503324524499476,0.7634450094774365,13.993004435224629
0.19749687053263187,0.053023454966023564,0.87394924974069,0.23048394639045,0.07607986778020859,0.03761363821104169,0.4234885887708515,0.3346921862103045,0.9793364484794438,0.13747611455619335,5.663938025750178
0.5787817251402885,0.070740477880463,0.19283975660800934,0.5772797765675932,0.27448896039277315,0.8250090661458671,0.11207809182815254,0.048905968898907304,0.3481435151770711,0.507326454622671,9.158955120249706
0.3343745486345142,0.7600530867930502,0.9864026196300983,0.5870046094059944,0.11679241666570306,0.5355186057277024,0.9755545887164772,0.5317612478975207,0.9186663895379752,0.09644305030815303,15.784644104504247
0.733693202957511,0.1483445344492793,0.5427385314833373,0.009428779128938913,0.7414117257576436,0.9639562948141247,0.5543312993831933,0.017465781420469284,0.9952161416877061,0.37856134539470077,7.781271546341003
0.8256588287185878,0.7565064812079072,0.865694466046989,0.755259434459731,0.9839062816463411,0.19928897893987596,0.06623016251251101,0.6930997821036726,0.47488180734217167,0.41030801413580775,22.658551726266893
0.5174703542143106,0.7633746119681746,0.781001613009721,0.6583068163599819,0.14553042850457132,0.512790291570127,0.16275444068014622,0.6617583830375224,0.6860962670762092,0.3313068184070289,19.723874289474974
0.7957782433368266,0.10766894812695682,0.3497962965629995,0.9759157947264612,0.6221308696549386,0.8583378964103758,0.7559744571335614,0.5200594204943627,0.5460551080759615,0.8381271206308156,14.80299691996083
0.5224297288805246,0.4268416257109493,0.6425099796615541,0.4722779858857393,0.5713993622921407,0.877482975134626,0.24154119286686182,0.988785301335156,0.3339223158545792,0.5053703468292952,15.620582932502739
0.634174614911899,0.4626265137922019,0.2580967096146196,0.2641739030368626,0.14553661039099097,0.09218521788716316,0.46222870517522097,0.10533656599000096,0.5512341777794063,0.3392446495126933,13.454197489411676
0.783832983346656,0.42361615784466267,0.6017030624207109,0.8485593416262418,0.6782280371990055,0.7881482557859272,0.467659565852955,0.932697189040482,0.8035980041604489,0.8663500451948494,20.454886270863803
0.7271773358806968,0.22477912832982838,0.8601701892912388,0.35451007005758584,0.2769017112441361,0.4229810577817261,0.10593819408677518,0.8966140518896282,0.9200974474661052,0.032545700669288635,12.106940184142518
0.04804363148286939,0.2714813353959471,0.5962706268765032,0.31717374548316,0.27165066404268146,0.32183006685227156,0.7732434426434338,0.708000548183918,0.8805788005702198,0.965785123873502,4.850926061584386
0.29506822931580245,0.12239212356507778,0.8405872415751219,0.8416724158450961,0.5431867542210966,0.7449402040801942,0.9205883988179266,0.291668628109619,0.746102336095646,0.21141573484055698,15.310432955406782
0.5084266792982817,0.9790293928235769,0.2720509546343237,0.507638799957931,0.5575820056255907,0.37528083473443985,0.8234687298536301,0.6263588138390332,0.3524866297375411,0.5395726906135678,19.248700589901087
0.3791802928317338,0.8623435217887163,0.43016151804476976,0.32680039550177753,0.6338181502651423,0.08507896424271166,0.2817000288050622,0.3297869621310383,0.8401014469563961,0.9193574462551624,14.90045954563126
0.891431022901088,0.6040028911083937,0.20051945792511106,0.3725208365358412,0.8793602979276329,0.9983629938215017,0.3198501877486706,0.6617316680494696,0.04875647113658488,0.5978840962052345,19.18361627480593
0.9198262239806354,0.5786392895970494,0.3287519966252148,0.40729461261071265,0.6165117556229234,0.462333362782374,0.9187381675001234,0.13372494280338287,0.4006389416754246,0.805970748886466,17.907559783788088
0.3534131252672523,0.7819637616630644,0.02206472773104906,0.06285035097971559,0.7204649806953967,0.2878067963756621,0.5059180799871683,0.9204628656152636,0.4261390925385058,0.5559571313206106,16.687475757425226
0.26213936554268,0.11587118939496577,0.7155703043099493,0.5902786806691438,0.25082307611592114,0.7845057439990342,0.8270242509897798,0.5625105535145849,0.4695116328075528,0.9863434503786266,6.818724328079043
0.44703798624686897,0.4234223267994821,0.5823521157726645,0.6601714794524014,0.8111193007789552,0.17535125673748553,0.2409469885751605,0.13359933951869607,0.6791899958625436,0.2970067565329373,15.51205830226012
0.6892424051184207,0.04471788415685296,0.6826491358224303,0.8047050510067493,0.6513846917077899,0.10937101300805807,0.16641938919201493,0.23977311071939766,0.5641670587938279,0.8920044281985611,12.81791120681563
0.6659500449895859,0.1224194869864732,0.4952883522491902,0.9887326352763921,0.07379068527370691,0.6724754776805639,0.48607782763428986,0.8671375864651054,0.18593721208162606,0.5770269071217626,12.049760761986343
0.3369869792368263,0.5534276755061001,0.6743501119781286,0.37316400767304003,0.5943917836993933,0.04123176191933453,0.6220609904266894,0.0034359728451818228,0.2921331888064742,0.0017299826722592115,13.505446723623725
0.47551603126339614,0.457810087595135,0.4223565189167857,0.5224692455958575,0.9422335452400148,0.05978727783076465,0.20151773747056723,0.9265953134745359,0.266062090639025,0.7567217305768281,16.578388951285078
0.29122702730819583,0.4137249009218067,0.5672201607376337,0.9347897772677243,0.11346153868362308,0.5737948140595108,0.8309929403476417,0.518058568937704,0.27404781128279865,0.5201268529053777,13.532204667191781
0.5799807321745902,0.05248463386669755,0.26250171195715666,0.4037491756025702,0.21478741033934057,0.5062709851190448,0.5247816646005958,0.1547253846656531,0.2722269350197166,0.40812909486703575,7.899811147418561
0.73189663188532,0.17238007416017354,0.9476476525887847,0.777225612429902,0.11226069205440581,0.4196825851686299,0.464383352547884,0.8854773426428437,0.47256337851285934,0.7780709059443325,17.089212395428717
0.6668853969313204,0.24869228899478912,0.8099348871037364,0.9348925037775189,0.009033758426085114,0.8822713294066489,0.5240225524175912,0.15315157547593117,0.6285144281573594,0.578988678753376,14.99162715841619
0.7323786383494735,0.0809041210450232,0.56773865618743,0.3154286684002727,0.38537681149318814,0.9186342307366431,0.2589067993685603,0.37712042639032006,0.44004344195127487,0.013407202437520027,8.92654794025142
0.35955039761029184,0.5054164817556739,0.8467272226698697,0.5110613980796188,0.26545983157120645,0.6105701716151088,0.3470514996442944,0.41473086713813245,0.09595583938062191,0.5265804270748049,12.154191305990498
0.2577178298961371,0.1710218284279108,0.9045668840408325,0.8264216578099877,0.383641398511827,0.6898468537256122,0.45151306386105716,0.8437027160543948,0.19378906418569386,0.17214783490635455,12.882342296661495
0.07535152975469828,0.39155734656378627,0.9321727666538209,0.8508714695926756,0.2500874390825629,0.28729721484705806,0.6233296578284353,0.7113424267154187,0.9806296415627003,0.5183302673976868,14.187140812830714
0.7927955859340727,0.9047945998609066,0.39187222300097346,0.7478866616729647,0.4708308749832213,0.9376521052327007,0.6776815212797374,0.6959492261521518,0.9116358635947108,0.45287639810703695,17.61376154065731
0.7192346756346524,0.30008279671892524,0.7299491169396788,0.024250897811725736,0.7061061398126185,0.07733165426179767,0.3236152313183993,0.39210152928717434,0.0045062529388815165,0.6240772278979421,10.71993055066421
0.04777496983297169,0.9540856895036995,0.12121620075777173,0.018711429089307785,0.13332989485934377,0.34929639543406665,0.750122930854559,0.830855350010097,0.66490493924357,0.45598288998007774,7.028310433403207
0.157382195815444,0.4784303866326809,0.18638823507353663,0.6793907096143812,0.8364548985846341,0.08504876308143139,0.9017754644155502,0.5982549474574625,0.8248013698030263,0.7089116252027452,14.99425482586525
0.013509458163753152,0.23624077532440424,0.14206791436299682,0.7034159286413342,0.6978577009867877,0.04721136763691902,0.6086357415188104,0.41137386206537485,0.49030094873160124,0.5275446476880461,13.488674127556274
0.09623100701719522,0.08949989406391978,0.730351303704083,0.9736092875245959,0.5768001242540777,0.8818609190639108,0.40316742355935276,0.7537031567189842,0.42337864451110363,0.4327264726161957,15.8003968580256
0.8825399265624583,0.23949032672680914,0.9534498953726143,0.9074272788129747,0.345135232899338,0.7611308177001774,0.20273785199970007,0.9950069601181895,0.8867953463923186,0.47279297048226,20.407520248009316
0.35603452287614346,0.9086412074975669,0.3870748383924365,0.8925561534706503,0.4391695959493518,0.07388117886148393,0.17826866987161338,0.8557931061368436,0.2778868558816612,0.07888946845196187,19.605929022273912
0.23977505671791732,0.5646065578330308,0.05230088206008077,0.9474261733703315,0.40406325785443187,0.036526173586025834,0.4093931936658919,0.41732674348168075,0.4961282885633409,0.29224821529351175,18.72258411442838
0.2513960867654532,0.3147477249149233,0.02993676089681685,0.7763342799153179,0.6710245255380869,0.4047052734531462,0.9329284580890089,0.95116570382379,0.22228001826442778,0.523174696136266,18.192032701032712
0.5320116200018674,0.07586939679458737,0.2588541666045785,0.36953034554608166,0.6297630507033318,0.38358179898932576,0.8889273155946285,0.6682331054471433,0.9384144246578217,0.839164451463148,10.981782942470076
0.6352312718518078,0.3074785927310586,0.7534272365737706,0.5208851047791541,0.562707910547033,0.5561569784767926,0.38328794576227665,0.3839125798549503,0.40335909905843437,0.2282438981346786,14.466539664348268
0.7663545378018171,0.8744775769300759,0.9774117353372276,0.13341430155560374,0.9403962653595954,0.41223555733449757,0.6319207369815558,0.36183853750117123,0.3908269642852247,0.43434056523256004,17.207055942878892
0.7261227613780648,0.9101817684713751,0.69654202577658,0.6341848538722843,0.5160642003174871,0.4944406356662512,0.1798495319671929,0.5620900997892022,0.11199013260193169,0.16879341122694314,17.375531942636265
0.28342437208630145,0.30626909667626023,0.37095345626585186,0.40593004459515214,0.8684273841790855,0.4680490472819656,0.7963820779696107,0.47660536388866603,0.035352084785699844,0.5973182036541402,12.461443869891443
0.3611572643276304,0.7261135806329548,0.8695138858165592,0.5919525932986289,0.523428319953382,0.7861662716604769,0.31280247471295297,0.7347109215334058,0.9485856350511312,0.6002191950101405,17.860912543452883
0.6006972573231906,0.7231764371972531,0.6523653124459088,0.3298744270578027,0.2984763262793422,0.17007737420499325,0.09993835492059588,0.5333263657521456,0.24845245969481766,0.33416127623058856,12.96062197485529
0.6220836483407766,0.0724478408228606,0.42038153554312885,0.6890958501026034,0.6026445478200912,0.7218225633259863,0.33234477369114757,0.9663423241581768,0.48926558578386903,0.37538601318374276,11.506782906643926
0.4760214264970273,0.5611378666944802,0.828768651932478,0.6611958423163742,0.576475772773847,0.4881934612058103,0.17710867966525257,0.31662642024457455,0.6539482385851443,0.37210097652859986,19.108508534761487
0.3419050616212189,0.641565713332966,0.06863468163646758,0.5644275445956737,0.886980761308223,0.4101162475999445,0.7717315163463354,0.44895992358215153,0.37476356886327267,0.13003557198680937,20.127297956513456
0.9046380666550249,0.546874160412699,0.027052203426137567,0.47672489867545664,0.8904192701447755,0.5085189323872328,0.02172482176683843,0.6476444159634411,0.40278679714538157,0.5075563571881503,23.400831364764514
0.5959049239754677,0.6173982680775225,0.9935834628995508,0.7884271198417991,0.44587190821766853,0.49743687431328,0.8622912201099098,0.7656484364997596,0.6430117823183537,0.24638090445660055,24.774901804448955
0.2866622433066368,0.10473996889777482,0.48947033076547086,0.6238615105394274,0.8981914210598916,0.5456133459229022,0.5102020248305053,0.6052381168119609,0.30520103964954615,0.4141334102023393,13.07378236695205
0.29884686949662864,0.09936620481312275,0.7618101381231099,0.9145641457289457,0.5539484017062932,0.03405938856303692,0.736563740298152,0.7366535326000303,0.6051171643193811,0.4293953573796898,14.837682611974534
0.5703533480409533,0.8059691553935409,0.8362951853778213,0.06072894739918411,0.19774546474218369,0.6807294227182865,0.21801378321833909,0.5351787030231208,0.2690105938818306,0.7670921804383397,14.525514427404486
0.35137405525892973,0.8086222542915493,0.46474032290279865,0.440671774558723,0.5286913858726621,0.19151878799311817,0.7567953183315694,0.4592781343962997,0.6336350983474404,0.608441301388666,15.6928858827935
0.695025262190029,0.33822273556143045,0.6583991583902389,0.5230420380830765,0.9043473061174154,0.38654234330169857,0.40539372875355184,0.3249663165770471,0.5546611277386546,0.9483518816996366,16.415419495445686
0.024009404238313437,0.6924525338690728,0.5448372047394514,0.8893978151027113,0.12279160250909626,0.0872277442831546,0.008505985140800476,0.9066768027842045,0.4547497285529971,0.36223228252492845,10.183194381629077
0.3163842570502311,0.6658633798360825,0.6231667809188366,0.23171744658611715,0.7470192580949515,0.26761797117069364,0.4838379684370011,0.9739160751923919,0.16379619599319994,0.6486517847515643,12.154673775696061
0.1536387954838574,0.7375222775153816,0.43740767426788807,0.9745194476563483,0.8638887393753976,0.8132848329842091,0.2978675947524607,0.8360728763509542,0.43714387179352343,0.4156512359622866,19.90093667984334
0.5363933313637972,0.2661125957965851,0.5670585008338094,0.09346333472058177,0.33261567750014365,0.3291965473908931,0.8888019155710936,0.9396668390836567,0.28254013950936496,0.3646639287471771,8.6418176604231
0.009427630342543125,0.6951770361047238,0.018206860404461622,0.375248400028795,0.1258727335371077,0.829491376876831,0.2693020082078874,0.01530358917079866,0.7755984931718558,0.17725031333975494,8.681085865760489
0.30213066074065864,0.9248993811197579,0.9745725549291819,0.36834886530414224,0.9381297051440924,0.5148693663068116,0.6309326488990337,0.6256044253241271,0.08513048849999905,0.18381324410438538,20.096968279246042
0.3272206070832908,0.04211457772180438,0.4906573020853102,0.675855926470831,0.650758377276361,0.06954194325953722,0.3375884194392711,0.2772723298985511,0.9877140359021723,0.12100049061700702,10.602619514368682
0.2885249482933432,0.39394038217142224,0.534216521307826,0.6136802746914327,0.5860415403731167,0.768297228962183,0.29233096609823406,0.6120829060673714,0.4591268126387149,0.21777460677549243,11.305236249840071
0.5499512746464461,0.4344339231029153,0.07872064900584519,0.6817337695974857,0.4317193985916674,0.7644698091316968,0.9265569760464132,0.3054798301309347,0.044443518156185746,0.07065332448109984,19.895034437573216
0.9033223825972527,0.21450410434044898,0.13996677403338253,0.20590711780823767,0.9542142916470766,0.5571724271867424,0.9430262972600758,0.49335987004451454,0.942264944780618,0.5634910594671965,15.087112560714004
0.8140561764594167,0.32382768695242703,0.7653618147596717,0.7439674185588956,0.6790071767754853,0.16009506955742836,0.4074542361777276,0.24110220675356686,0.10739171341992915,0.21451540663838387,18.09988241044355
0.5026986664161086,0.73111368319951,0.26444343803450465,0.9201293566729873,0.6997276504989713,0.08267459971830249,0.08488073153421283,0.39979714900255203,0.47595090698450804,0.736182453809306,22.475503492374468
0.24747140472754836,0.3801039084792137,0.3003308796323836,0.6891947735566646,0.9320494199637324,0.648168379906565,0.8026942848227918,0.3325653402134776,0.8225381639786065,0.7743928525596857,14.8937655418021
0.9383847427088767,0.6960685264784843,0.8801362309604883,0.423320071073249,0.027107969159260392,0.6072553156409413,0.5042506419122219,0.6231810683384538,0.7988626577425748,0.7828978630714118,15.955368302598183
0.4826420317403972,0.9029059042222798,0.38240213762037456,0.8709622963797301,0.3107556675095111,0.33553306688554585,0.08305415068753064,0.3583756498992443,0.37968439888209105,0.17632335284724832,17.310036367387433
0.5998540758155286,0.5570997763425112,0.05897388071753085,0.7566656619310379,0.15570462006144226,0.613518696743995,0.5153621917124838,0.011373116867616773,0.5910526539664716,0.7250980865210295,20.703567801996094
0.9532956755720079,0.9649332573171705,0.2448532332200557,0.6163132800720632,0.7736949352547526,0.5062426249496639,0.014532108791172504,0.14262781059369445,0.22006791969761252,0.36616064654663205,15.353825262343932
0.24114290159195662,0.962206783471629,0.026610579574480653,0.5874788300134242,0.2772100435104221,0.7252741898410022,0.22829535859636962,0.4261395991779864,0.31943990173749626,0.4814542618114501,19.187716447933333
0.25574643653817475,0.9018545439466834,0.36818771017715335,0.42277278029359877,0.585459764348343,0.3091612949501723,0.4608075439464301,0.036492280662059784,0.15502008330076933,0.15863160276785493,14.029307262656038
0.6473270109854639,0.9547187520656735,0.3491729984525591,0.6390143712051213,0.6585433771833777,0.6525738926138729,0.6481076399795711,0.9507895193528384,0.4798084064386785,0.7050916778389364,19.470647580734294
0.652128713671118,0.7116222460754216,0.42073715175502,0.17775435815565288,0.9729819395579398,0.6109482019674033,0.5040556320454925,0.401116888737306,0.08506877534091473,0.3302450692281127,15.932256449051694
0.7579641779884696,0.708058919524774,0.013009089278057218,0.36150348698720336,0.995333488797769,0.7820252396631986,0.3569099388550967,0.34971250616945326,0.17748486855998635,0.01161652710288763,24.49221953292517
0.745409028371796,0.5400904025882483,0.8790636458434165,0.6604639547877014,0.38044883916154504,0.42813096032477915,0.3568387199193239,0.9366684164851904,0.8746798634529114,0.3451975788921118,21.248216765124678
0.31043823901563883,0.5468833933118731,0.48950026487000287,0.6002201181836426,0.15048531698994339,0.2092617778107524,0.9226579826790839,0.9856257864739746,0.19161862647160888,0.09943820093758404,11.631662487272084
0.21437211008742452,0.34848485607653856,0.42391743580810726,0.3278447724878788,0.2618286497890949,0.757089490769431,0.21265668654814363,0.940736090997234,0.3107098990585655,0.4231410901993513,6.085247066563499
0.5618819468654692,0.2617171290330589,0.2646788621786982,0.34396126586943865,0.27281917608343065,0.45017719082534313,0.28925791941583157,0.36199091584421694,0.4305835764389485,0.9043683116324246,8.892428767499236
0.3261981413234025,0.12679517036303878,0.849485179875046,0.7836236224975437,0.8712929782923311,0.4931896768976003,0.18743288074620068,0.8192782157566398,0.8077451677527279,0.7031790162436664,15.7425690910961
0.3481619111262262,0.5535237782169133,0.3678311579860747,0.4983376497402787,0.0011270958930253983,0.5698666807729751,0.04655578709207475,0.0800802914891392,0.3653677066322416,0.7005068359430879,10.062701754295835
0.7340022523421794,0.44124347693286836,0.9001196655444801,0.06490123528055847,0.0850937922950834,0.29201482608914375,0.8890031820628792,0.4099752074107528,0.4615350852254778,0.19497347762808204,14.723850386315306
0.3648010063916445,0.3797923082020134,0.08325637830421329,0.9649430043064058,0.05949049908667803,0.13824280886910856,0.2006776318885386,0.2508606603369117,0.14516852819360793,0.4913709710817784,17.624967200970357
0.12096209125593305,0.40300443302839994,0.14749379269778728,0.5034751791972667,0.136259209131822,0.39628242515027523,0.4689561743289232,0.3131808110047132,0.06869860203005373,0.3481307707261294,10.225489669167203
0.4277589393313974,0.2747305240482092,0.5715237890835851,0.9323178811464459,0.6233250254299492,0.8480443647131324,0.6096429964527488,0.6131675215438008,0.8062764909118414,0.41870622686110437,17.40345527695985
0.7037047555204481,0.31328998133540154,0.5558732103090733,0.48517692810855806,0.6550521738827229,0.3455902871210128,0.5444439696148038,0.7045821447391063,0.18527185055427253,0.20705495472066104,14.908898317465855
0.40542211942374706,0.866038478910923,0.128039569593966,0.6002992673311383,0.32553659193217754,0.8194255568087101,0.9514727026689798,0.6023100363090634,0.10625268472358584,0.9246645129751414,20.740539895546128
0.8797054411843419,0.18722150567919016,0.26354874740354717,0.0037874409463256598,0.6045130447018892,0.018716093618422747,0.31468070205301046,0.24802579078823328,0.5383893547113985,0.3693238478153944,9.689999966831543
0.3257529295515269,0.9658236620016396,0.3457592057529837,0.40500583103857934,0.8692453387193382,0.06910175108350813,0.7196571186650544,0.5654901491943747,0.5369188343174756,0.8838801512029022,16.302751486346597
0.9104874380864203,0.5967239572200924,0.38459562766365707,0.038073100382462144,0.050325023010373116,0.5528446212410927,0.8565128431655467,0.3197238286957145,0.019885020796209574,0.8235989660024643,11.73365713770536
0.10665657045319676,0.5751168210990727,0.04989570518955588,0.8311062541324645,0.6996309459209442,0.6621986054815352,0.14817068609409034,0.6746443463489413,0.5107138005550951,0.013858927180990577,18.852712664935453
0.1946515270974487,0.2787717378232628,0.1605078608263284,0.8579913738649338,0.16097813611850142,0.917068830691278,0.18451299518346786,0.3736427647527307,0.30581599846482277,0.48717200197279453,13.798845989936293
0.3943617276381701,0.6001218059100211,0.3957877440843731,0.8286660411395133,0.9937314260751009,0.8149497644044459,0.2846020220313221,0.3044749253895134,0.19459343166090548,0.6491118010599166,20.773446424270332
0.23898285487666726,0.1642627555411309,0.9828101505991071,0.36758177424781024,0.13632870628498495,0.16936440486460924,0.426477582892403,0.14372815028764307,0.7231307337060571,0.8322538186330348,11.584810479396479
0.08446598867885768,0.8397115673869848,0.32740399125032127,0.9055993463844061,0.33760334667749703,0.8689915116410702,0.987156153889373,0.7811238949652761,0.8200188744813204,0.5432760552503169,14.394209225466547
0.3208913062699139,0.14135743048973382,0.9340900348033756,0.32422160007990897,0.8734063212759793,0.3505068989470601,0.926961985649541,0.2400827023666352,0.22938683186657727,0.4322607140056789,13.768148926333215
0.9141981683205813,0.03455221792683005,0.7435686187818646,0.4287144166883081,0.22760530468076468,0.3951353579759598,0.4045479560736567,0.2816679086536169,0.8520339818205684,0.20053077349439263,6.637084425692395
0.11702825059182942,0.7067404778208584,0.5725650314707309,0.6400290054734796,0.4012742561753839,0.4048289265483618,0.30421505589038134,0.36454897676594555,0.655159967020154,0.8714614638593048,11.444693872446765
0.6007464663125575,0.46897079166956246,0.09635842009447515,0.8400928925257176,0.11147904279641807,0.4021902773529291,0.7153385237324983,0.881642242660746,0.532308068824932,0.6614549565128982,18.098062241312093
0.8342964418698102,0.8970755611080676,0.12254003109410405,0.574789963895455,0.8546655701939017,0.9971525361761451,0.26719745458103716,0.25082348263822496,0.32406394788995385,0.8054327918216586,21.103614182085217
0.4509844798594713,0.3982822650577873,0.9106706450693309,0.8183143883943558,0.14006629679352045,0.3980894214473665,0.9053330954629928,0.5951493978500366,0.8448337346781045,0.1842691085767001,17.102614784083187
0.8112438956741244,0.7794683880638331,0.6038110798690468,0.03751493454910815,0.45929928170517087,0.9772260282188654,0.31629324425011873,0.16737320786342025,0.9043326978571713,0.994464730611071,11.66886407387193
0.3424769598059356,0.6003607311286032,0.18498944281600416,0.39879140304401517,0.22834787471219897,0.46789513202384114,0.514400654938072,0.10867421189323068,0.6294665539171547,0.20633271196857095,14.272720998306852
0.21575057157315314,0.2990418516565114,0.7596014626324177,0.5008688953239471,0.3854629897978157,0.1474515008740127,0.07088060420937836,0.4399963573087007,0.0756559066940099,0.7752590030431747,9.049526177253123
0.45498565398156643,0.0014540781266987324,0.1510835604276508,0.5214665431994945,0.02534296363592148,0.34463663562200963,0.8164703496731818,0.8347127819433808,0.2616884133312851,0.3571273360867053,7.444499587188153
0.6982830609194934,0.23002323741093278,0.9064273887779564,0.028658607741817832,0.022340351017192006,0.8361813290975988,0.5371375093236566,0.8085520486347377,0.7661157411057502,0.7367835906334221,9.822577076483778
0.8358645990956575,0.32943555037491024,0.6029929199721664,0.23599191498942673,0.9601318049244583,0.47916282806545496,0.9692060733214021,0.6913352960254997,0.5912457541562617,0.41901486343704164,12.894046215734468
0.3788926568813622,0.5587635461706668,0.8882606877014041,0.922281242441386,0.4537597659509629,0.34332030615769327,0.4480254352092743,0.44946519867517054,0.30243470473214984,0.32521587796509266,20.935114542966257
0.2983776764012873,0.8347347117960453,0.25191018753685057,0.3260895914863795,0.04120136005803943,0.6346049061976373,0.8095131991431117,0.3167985307518393,0.7808108564931899,0.5834505513776094,11.348861722554972
0.5355164520442486,0.06454828497953713,0.11911612935364246,0.5264951873105019,0.7570033499505371,0.4326488971710205,0.18202692456543446,0.9893159999046475,0.8000980413053185,0.35676408861763775,13.21969704439876
0.8753513519186527,0.5730687712784857,0.5589921709615737,0.9351676455698907,0.704643206205219,0.7874353365041316,0.0066974270157516,0.1982786930166185,0.33030942804180086,0.8656548685394228,23.489169830895545
0.07533990941010416,0.2506128561217338,0.6405373830348253,0.8388203852809966,0.918046792736277,0.5292323119938374,0.05224160756915808,0.24174460931681097,0.5076240818016231,0.038068928522989154,14.144280893796672
0.8881995244883001,0.622373063582927,0.21610154979862273,0.2870956847909838,0.13951681251637638,0.6779545350000262,0.07342931465245783,0.4269307313952595,0.20604549534618855,0.38180020917207,15.846952878946754
0.032470854464918375,0.6884555369615555,0.6670014311093837,0.7990928224753588,0.7606159516144544,0.2797373530920595,0.3213071490172297,0.4689409250859171,0.03536839224398136,0.18787518702447414,14.516769906681589
0.7196124382317066,0.010325525188818574,0.05019669677130878,0.12214606907218695,0.791103555355221,0.02224822947755456,0.2540145923849195,0.9385685685556382,0.3449958513956517,0.9084511746186763,9.784072723649214
0.6170310967136174,0.29978183610364795,0.9344440845306963,0.30014734575524926,0.7722965667489916,0.9357432604301721,0.46079886495135725,0.474679546430707,0.9681401506531984,0.8098837642464787,14.72287203034875
0.14567066822201014,0.5806886747013777,0.46624896256253123,0.9723427803255618,0.3746430780738592,0.03948741243220866,0.07987975724972785,0.5061649407725781,0.5458399117924273,0.624551993329078,13.954586684601287
0.7115189302712679,0.6383688542991877,0.37419154145754874,0.9438908058218658,0.3805173693690449,0.6089503888506442,0.9290498953778297,0.4777639852836728,0.3177717651706189,0.366566319251433,22.621998211795905
0.038990209344774485,0.5294780924450606,0.6682801258284599,0.8962054112926126,0.20413447148166597,0.09008619957603514,0.4689253100659698,0.2862873643171042,0.17911758879199624,0.12733122357167304,9.79351805718915
0.6804399280808866,0.22184633114375174,0.327004536986351,0.3715721443295479,0.09280203795060515,0.40416615176945925,0.46851109457202256,0.8870055272709578,0.6807205493096262,0.07986146118491888,8.666225126497714
0.3264248438645154,0.9540155907161534,0.33891384094022214,0.03226858121342957,0.8328222981654108,0.6685619687195867,0.3585165198892355,0.2115526522975415,0.8412691159173846,0.4319014814682305,13.315639982173225
0.9605500779580325,0.4034706042148173,0.16256088763475418,0.9276869201567024,0.7975481392350048,0.2975699370726943,0.16288955067284405,0.48364074691198766,0.0779917926993221,0.11443422944284976,26.155446059478052
0.6999478242360055,0.4076208909973502,0.371099378913641,0.20228950469754636,0.7532204734161496,0.954298343276605,0.6109187034890056,0.16325648268684745,0.012521357275545597,0.597120299236849,14.419838715131604
0.5019367663189769,0.23646431602537632,0.03800169215537608,0.3127990502398461,0.9081434805411845,0.5991407665424049,0.5740921259857714,0.11369523289613426,0.25319470232352614,0.041294458555057645,15.613121185471302
0.21239005704410374,0.4674934521317482,0.31492467247880995,0.10943600605241954,0.8874154246877879,0.012594553641974926,0.22990660485811532,0.07246817508712411,0.07250449410639703,0.1297227016184479,8.475416255846332
0.6096169019583613,0.024264991283416748,0.12056814227253199,0.4092114605009556,0.24937047366984189,0.9198307250626385,0.01314106653444469,0.9079644526354969,0.788337326142937,0.8344846637919545,8.301380051405522
0.7116134548559785,0.09536102111451328,0.5778464390896261,0.8845489616505802,0.12646646215580404,0.08331328723579645,0.20255354302935302,0.914170240983367,0.7091081466060132,0.9680098756216466,11.49252629101424
0.7739684099797159,0.7049583315383643,0.07775309518910944,0.19447332038544118,0.0184117725584656,0.13003173540346324,0.4480375833809376,0.0010878106113523245,0.6619679688010365,0.9493302542250603,16.464802402605308
0.5179337048903108,0.5145245401654392,0.012435167329385877,0.8247284598182887,0.4075149230193347,0.6848159059882164,0.3114264744799584,0.7498446188401431,0.22451019356958568,0.17809431976638734,24.055196850052884
0.5723747259471565,0.7599216322414577,0.48369912058115005,0.15391176007688046,0.4074069270864129,0.9781219931319356,0.2570563203189522,0.21531998156569898,0.689103867392987,0.5755321539472789,13.865079281019996
0.37495904811657965,0.3660449730232358,0.5016870191320777,0.5484057068824768,0.2357838568277657,0.8513756489846855,0.4593967709224671,0.620648056967184,0.26413582102395594,0.8612445560283959,10.851913470851205
0.28427834063768387,0.6890765279531479,0.295800851425156,0.06850000377744436,0.6238462298642844,0.2663358359131962,0.13688341504894197,0.7290664373431355,0.3098897631280124,0.1740823674481362,9.906116958258998
0.3376992593985051,0.7673940793611109,0.8962921486236155,0.37775308615528047,0.9920901171863079,0.602269598050043,0.9583167592063546,0.8247669250704348,0.9131000423803926,0.9965691147372127,18.18252448672152
0.8086331100203097,0.614289922406897,0.39326575002633035,0.30332423676736653,0.9510811767540872,0.6432346748188138,0.42433149134740233,0.48201928194612265,0.4682657280936837,0.20506943855434656,18.277429719499647
0.9988917896989733,0.915158299729228,0.730383152840659,0.884373227134347,0.4255146028008312,0.6722694702912122,0.4040269651450217,0.5103061392437667,0.5314329755492508,0.5612194666173309,14.220578381414764
0.610004868125543,0.7273098975419998,0.9253522183280438,0.7842279537580907,0.4897299217991531,0.530788317322731,0.6064342248719186,0.04951869184151292,0.7254218221642077,0.9500301266089082,24.17062803766675
0.09442852530628443,0.5029509533196688,0.8549827761016786,0.7948859021998942,0.9669856922701001,0.1857113279402256,0.09605449414812028,0.31170109868980944,0.4360352323856205,0.3169925163965672,17.253156079288097
0.8240688224323094,0.7219643774442375,0.05747702741064131,0.24030648195184767,0.16514184442348778,0.2977100044954568,0.976242613978684,0.03252313728444278,0.8908215106930584,0.07048331992700696,16.709322747866423
0.6783846807666123,0.8592813517898321,0.36228853836655617,0.6505142697133124,0.12197255692444742,0.01490892213769257,0.6059117417316884,0.5041575983632356,0.2619878526311368,0.40596903511323035,18.183455863523523
0.8759556172881275,0.9084693922195584,0.6722743154969066,0.2158273016102612,0.9481907184235752,0.45485535194166005,0.013314603827893734,0.2992372589651495,0.7331001737620682,0.393409869633615,14.725892774068083
0.5435320914257318,0.8650124019477516,0.5724913107696921,0.053800771944224834,0.464981556404382,0.5459121600724757,0.43976256367750466,0.14291690662503242,0.9445557375438511,0.6137335458770394,12.90294073205874
0.7270317061338574,0.7672741450369358,0.77685597515665,0.8782687061466277,0.2880612339358777,0.5547334826551378,0.31364556145854294,0.031143560307100415,0.010903647635132074,0.06443894351832569,21.740659694156218
0.22632670309394598,0.19724290375597775,0.8425796497613192,0.41087535792030394,0.7791945210192353,0.03698392794467509,0.44070262275636196,0.227819690015167,0.7373605275060982,0.004997465526685119,10.909873262246961
0.8596910850610584,0.5945989522151649,0.9029708502348512,0.8309310746844858,0.21355257998220623,0.9606150931213051,0.9362645132932812,0.8342060251161456,0.4776193827856332,0.583541901782155,22.065512286020386
0.8414997465442866,0.21730145532637835,0.9218508526682854,0.18659187015146017,0.6245262573938817,0.21625884319655597,0.431761437561363,0.26236170809715986,0.6884828018955886,0.05207030777819455,14.719882890863326
0.2980277412571013,0.07757011195644736,0.5784004321321845,0.5828184590209275,0.7067174126859754,0.9122730221133679,0.398618517909199,0.7088067356962711,0.3855174230411649,0.41124812397174537,10.538585807888344
0.3273978701326996,0.6969021200202405,0.058153171092271805,0.6932959179393947,0.1114354319870472,0.8831133169587702,0.2126343953423202,0.6677633624058217,0.569237427553162,0.005761739332228899,17.790241613038585
0.7795943019445986,0.2871577120386064,0.7028319234959781,0.17344463826157153,0.7605038154870272,0.4349316388834268,0.20076396502554417,0.6626373254694045,0.3715422535315156,0.5096043385565281,13.601105026714675
0.7750656204298139,0.8021377613767982,0.4565464719198644,0.4418893966358155,0.85211286903359,0.6885795581620187,0.04745682096108794,0.18118670885451138,0.7128653605468571,0.7488128752447665,17.503682563999966
0.6485829269513488,0.04503853665664792,0.4222025787457824,0.876342476112768,0.3081734806764871,0.6002796832472086,0.34824102628044784,0.45401776023209095,0.8113014048431069,0.16804419294930995,11.018777046228895
0.14399803383275867,0.03190378635190427,0.38821002282202244,0.04669210663996637,0.5571086262352765,0.36995653924532235,0.5252784274052829,0.051332110771909356,0.08581258240155876,0.10893521038815379,4.93231727468231
0.1236949183512479,0.6755553754046559,0.05503716110251844,0.4843426721636206,0.9108794333878905,0.5946947310585529,0.24957379675470293,0.6454624086618423,0.9948656673077494,0.34278624784201384,16.046732329585094
0.4068420131225139,0.02848349418491125,0.6734378202818334,0.9007098360452801,0.3912487050984055,0.9523294533137232,0.8659605816937983,0.677477695280686,0.25300426594913006,0.3842884353362024,13.318381956446945
0.9949343728367239,0.6369195976294577,0.9757929649204016,0.4792263905983418,0.1567662926390767,0.13736762036569417,0.2156264940276742,0.38318312307819724,0.6885334888938814,0.2113916934467852,20.038104745207356
0.7905176472850144,0.280693291220814,0.16744447057135403,0.8659300550352782,0.9128235494717956,0.3187728535849601,0.29266162822023034,0.5077056507579982,0.039075969718396664,0.761240856256336,23.143984438486694
0.904017030261457,0.059854919323697686,0.1602025453466922,0.21903310110792518,0.7322749821469188,0.8348107528872788,0.0535546257160604,0.7376994120422751,0.22221200028434396,0.6565704671666026,10.301071750677636
0.04448455944657326,0.1622474465984851,0.4263894855976105,0.5019164341501892,0.5120145683176816,0.5705266383010894,0.585603931453079,0.9339924294035882,0.42209252365864813,0.5560400208923966,8.310711584480117
0.82404226786457,0.7401307157706469,0.9044549849350005,0.40222221869044006,0.4346416490152478,0.24695237213745713,0.29015556955710053,0.6346566742286086,0.5276824948377907,0.08843377139419317,20.00052541290361
0.7370992824435234,0.24712476204149425,0.4654911383986473,0.6577519224956632,0.22130356985144317,0.6467355489730835,0.9643718381412327,0.1070721133146435,0.3856140102725476,0.6959024560637772,14.397542572196683
0.09009264898486435,0.1987768984399736,0.03898348845541477,0.7925067108590156,0.2343945384491235,0.09175017173402011,0.3669423940591514,0.8020300278440118,0.18005069717764854,0.03846166864968836,14.625570413683306
0.4693502909503877,0.31609493563883007,0.9707406144589186,0.7673046109266579,0.30296941427513957,0.5443290919065475,0.32667804253287613,0.6998820414301008,0.4165872277226299,0.9468802995979786,16.591451312899405
0.9942381295841187,0.306105479830876,0.2882207140792161,0.8885515057481825,0.03638334292918444,0.5082452937494963,0.9883553562685847,0.255839018849656,0.7736753867939115,0.2388711313251406,17.9460266378133
0.5544797501061112,0.4024249960202724,0.8788051782175899,0.3416692833416164,0.01486507011577487,0.624919758643955,0.8416285167913884,0.8546900204382837,0.8099580861162394,0.33368442580103874,11.076970665019395
0.8449456787202507,0.024004061007872224,0.8401159958448261,0.2733365420717746,0.16515312041155994,0.30886299698613584,0.7246530854608864,0.8155047094915062,0.49722988554276526,0.00873837131075561,6.8577752062581325
0.06808029464446008,0.13408928108401597,0.3048450965434313,0.48949855472892523,0.2577311876229942,0.8896312755532563,0.7649914911016822,0.1373699267860502,0.21052383491769433,0.014287058031186461,7.31830790153522
0.256871857913211,0.11950121633708477,0.5529200951568782,0.15148879145272076,0.6830351697281003,0.15411620563827455,0.4496808855328709,0.32246407330967486,0.3230311363004148,0.18864705436863005,5.463365388081762
0.11157908523455262,0.20727991219609976,0.7493753836024553,0.2329168887808919,0.2260313113220036,0.5421805414371192,0.8186972418334335,0.7209160786587745,0.510841449489817,0.787138560321182,5.476757002882288
0.1620352636091411,0.35908700013533235,0.7270865859463811,0.013500635977834463,0.11313103954307735,0.836258202791214,0.7363468578550965,0.7512072485405952,0.813272038474679,0.24585646856576204,2.9915258163820355
0.5531176757067442,0.7883891561068594,0.8665713772643358,0.7263438275549561,0.4344827705062926,0.24818950914777815,0.4666070675011724,0.23584649059921503,0.6434311913326383,0.7464892964344472,20.922510680173676
0.8535062544979155,0.39112093625590205,0.6794394629541785,0.7055934502277523,0.9016246008686721,0.6521454986650497,0.011704766191542149,0.6100338094402105,0.6205560502130538,0.04714110493659973,21.297916659495627
0.026499821338802576,0.9255287959240377,0.2867637691088021,0.685906317550689,0.7420473569072783,0.4242879841476679,0.8479323242790997,0.9794795371126384,0.031328146578744054,0.37178030563518405,12.862087539731322
0.7436735397204757,0.38547809422016144,0.5688296856824309,0.5785075335297734,0.8243596754036844,0.9356690940912813,0.4619472683407366,0.8294625154230744,0.7836953117512167,0.49403531290590763,16.54095881727946
0.6987561704590917,0.32640500366687775,0.9911784222349524,0.31142968754284084,0.5477518367115408,0.8963369289413095,0.8823871694039553,0.865188906667754,0.3556474409997463,0.0019209561869502068,16.249450766580516
0.3156807387713343,0.2954909224063158,0.43432018253952265,0.921141822822392,0.13104061246849597,0.8648428921587765,0.17459356668405235,0.7371929776854813,0.5361440882552415,0.7921785223297775,12.911904788080397
0.022764579160138965,0.8142287917435169,0.4973548506386578,0.5847413437440991,0.5919826722238213,0.21391081833280623,0.7062956977169961,0.09755490301176906,0.18699182919226587,0.7632351049687713,10.981894302095007
0.5088809793815017,0.06669165915809572,0.6139451500494033,0.42272511031478643,0.7660534719470888,0.6361283513251692,0.768967954441905,0.5398242613300681,0.07850322080776095,0.6822957720141858,9.698461205946366
0.7832836203742772,0.6136046550236642,0.4475394580513239,0.2849499380681664,0.19960028980858624,0.10521190869621933,0.5748263520654291,0.7070211414247751,0.38381292298436165,0.6962067922577262,15.50186391280494
0.14809267921373248,0.6112552336417139,0.3704966800287366,0.8005647475365549,0.4527175889816135,0.15234068571589887,0.14763746806420386,0.17890394502319396,0.8232622612267733,0.9958892497234046,14.07460498515926
0.7253485065884888,0.4983601444400847,0.7827261853963137,0.6628814439754933,0.5620717480778694,0.5508898582775146,0.7859487633686513,0.680393252056092,0.8467895754147321,0.8510554290842265,21.597760491709423
0.3229098357260227,0.2042496979702264,0.03755005286075175,0.6606202290859073,0.9797626787330955,0.3856660216115415,0.6305868374183774,0.2165231581311673,0.7215052607934922,0.3583375795278698,17.123769696033584
0.5938349422067404,0.04592991899698973,0.6590715628117323,0.9569916389882565,0.42177066090516746,0.06916200742125511,0.1182826622389257,0.13458804320544004,0.9710356779396534,0.1692609484307468,12.559009531365135
0.9260550765320659,0.1771743451245129,0.4265040005557239,0.457324696239084,0.7929713453631848,0.745366541435942,0.65654789772816,0.14095445396378636,0.3653614877257496,0.35047701746225357,13.861745573996672
0.037682487396523356,0.09938229224644601,0.3263453657273203,0.06969895376823843,0.8123751748353243,0.6917364245746285,0.9478433365002275,0.8236524199601263,0.15193244605325162,0.2110678453464061,4.488424134057984
0.7631610948592424,0.8421005897689611,0.03692043456248939,0.06074288417585194,0.43627367448061705,0.9252850220073014,0.8596734977327287,0.8465452385134995,0.28063622931949794,0.26825616764836013,16.49489820858105
0.5313551418948919,0.0934306017588824,0.5135936408769339,0.6152530210092664,0.5425362002570182,0.8160256892442703,0.9499246841296554,0.7674064880702645,0.8014996105339378,0.014029999729245901,10.115428464941944
0.29848430678248405,0.7039248438086361,0.3230458148755133,0.30182899395003915,0.5024717058986425,0.2685370973777026,0.8840352359693497,0.02220352692529559,0.6081283569801599,0.778923911973834,11.582429815674733
0.4936098821926862,0.8469765249174088,0.08990719937719405,0.6662773576099426,0.4659111627843231,0.7801960236392915,0.5464401221834123,0.3751988378353417,0.6564802611246705,0.37942362134344876,20.239452148280254
0.5366364913061261,0.7194121857173741,0.5823504808358848,0.2918383623473346,0.30790368490852416,0.4752432855311781,0.4193634719122201,0.726814809255302,0.06333274720236659,0.6108128125779331,13.506342044796977
0.8148407661356032,0.627536932239309,0.665100899990648,0.33407506020739675,0.24812057800590992,0.4496720025781542,0.5295356237329543,0.6157985627651215,0.41407565027475357,0.7614846040960401,15.869895446634523
0.8736762036569417,0.8286941500846297,0.9014932110439986,0.313704471103847,0.9348167791031301,0.2681411390658468,0.9138707462698221,0.3714786497876048,0.5149940403643996,0.6986729642376304,16.997522699649096
0.5757910816464573,0.6007012035697699,0.20057118870317936,0.5999351784121245,0.07950862543657422,0.9771687320899218,0.8150725688319653,0.7697963891550899,0.10552781913429499,0.5378301681485027,17.41540349145414
0.9397308514453471,0.19027920649386942,0.19401385774835944,0.5314363548532128,0.7889317178633064,0.7019639944192022,0.2589172173757106,0.8354071245994419,0.18630301696248353,0.7901234407909214,15.045646499308287
0.66783815366216,0.8728508937638253,0.2067640731111169,0.4588864913675934,0.5830435184761882,0.6196683172602206,0.18436478869989514,0.6459225821308792,0.9629817123059183,0.2427921830676496,19.021691211114113
0.8284239144995809,0.1625117678195238,0.7164572104811668,0.5843968384433538,0.7096655052155256,0.42876249575056136,0.6252825565170497,0.3256582173053175,0.41488986229524016,0.4396501330193132,13.633936553483341
0.7463683425448835,0.948874099412933,0.40292615024372935,0.27595511078834534,0.5610513931605965,0.3480690980795771,0.35833439277485013,0.5880426776129752,0.6896156261209399,0.08127389522269368,14.920334252049127
0.1287623590324074,0.3917365677189082,0.07923906692303717,0.42054397449828684,0.7604463419411331,0.7641000782605261,0.6809534116182476,0.6753318782430142,0.7181626707315445,0.9606451992876828,12.59551891875491
0.5328316646628082,0.33712457306683064,0.7091929167509079,0.28205816517584026,0.4563503444660455,0.40421574120409787,0.5904968657996505,0.1752702621743083,0.6065336922183633,0.9786299783736467,11.80196321929784
0.8933841865509748,0.4729295074939728,0.7186714541167021,0.5521134932059795,0.9605701267719269,0.16443049279041588,0.9378108626697212,0.537159736501053,0.6469363321084529,0.39385369629599154,21.566408304995388
0.7638731661718339,0.6089597067330033,0.7216951053123921,0.10146896075457335,0.4227927504107356,0.06559477304108441,0.6647169350180775,0.13763903710059822,0.7432818610686809,0.09712317329831421,13.59451499827517
0.8813634007237852,0.02479937463067472,0.835846526781097,0.1885943461675197,0.23133122571744025,0.06855195015668869,0.27465233067050576,0.4076025641988963,0.28901637461967766,0.7332655948121101,6.068873712897853
0.3756271458696574,0.24265691614709795,0.5633291860576719,0.8416135618463159,0.8017552038654685,0.18353277235291898,0.26397208869457245,0.47564890258945525,0.8400059838313609,0.11637423560023308,13.459785698130203
0.6565583110786974,0.17700135079212487,0.2141557759605348,0.5864993161521852,0.2580049929674715,0.49575439002364874,0.6270271269604564,0.19014400010928512,0.8089160891249776,0.6637389538809657,12.310266786641051
0.6431620479561388,0.7577731679193676,0.36293806158937514,0.9314602599479258,0.2310411031357944,0.047707633348181844,0.9888558813836426,0.5298310529906303,0.8954047821462154,0.6359988460317254,19.983119223768746
0.7501443508081138,0.0398709278088063,0.7748752490151674,0.022293482208624482,0.6998994112946093,0.5961123944725841,0.9121087996754795,0.3017187821678817,0.8339915995020419,0.2732736011967063,8.10314055367581
0.6554069977719337,0.43046604678966105,0.8377747691702098,0.21940726903267205,0.4336718183476478,0.5564665065612644,0.8498101017903537,0.7806088896468282,0.8116048690862954,0.9161490020342171,13.899246847062525
0.8326176856644452,0.6005755353253335,0.5428107937332243,0.8781188686843961,0.961982435779646,0.6444968110881746,0.2836428720038384,0.7046176856383681,0.6475920551456511,0.8411081933882087,23.119331158655335
0.5149952284991741,0.6058914146851748,0.6531106589827687,0.7906402279622853,0.18136019352823496,0.6518117706291378,0.9546345821581781,0.9705193147528917,0.044892736012116075,0.13412396260537207,17.10749721058946
0.27160579431802034,0.1673881090246141,0.40107694803737104,0.18657999392598867,0.0809711015317589,0.9000877619255334,0.8430172584485263,0.8464636385906488,0.6050234385766089,0.6815110889729112,4.624746096140211
0.8306722284760326,0.6255402436945587,0.6059810423757881,0.6626859300304204,0.3784185426775366,0.7532985338475555,0.3806653171777725,0.08247683406807482,0.4644507884513587,0.8874331745319068,19.905156470518033
0.23644161643460393,0.7943075115326792,0.7120416301768273,0.4552582318428904,0.7608517310582101,0.12162401783280075,0.1986977483611554,0.7014726425986737,0.0581877410877496,0.871995214605704,14.36284226634708
0.6126013631001115,0.7821793113835156,0.5004030494019389,0.26420798478648067,0.7568770649377257,0.3221970384474844,0.5520194147247821,0.9680724225472659,0.3243936765938997,0.8214899273589253,16.78935763911754
0.2928381646052003,0.14907576702535152,0.5562193205114454,0.38064065924845636,0.8273936894256622,0.5806496748700738,0.8793941494077444,0.5956918983720243,0.4436343275010586,0.5073386051226407,9.003823943977023
0.02780397515743971,0.1827016386669129,0.7041868292726576,0.08521964401006699,0.7220196221023798,0.7013252095784992,0.06839582812972367,0.4243657714687288,0.6401492203585804,0.20968844136223197,5.9935442582587175
0.26978094200603664,0.025643732398748398,0.8459286200813949,0.9259889291133732,0.39377660653553903,0.18709394778124988,0.58197668986395,0.20847726985812187,0.2213260920252651,0.6649325259495527,13.361521224208976
0.3666353770531714,0.7530909045599401,0.8159940086770803,0.12928206799551845,0.6274230850394815,0.495893346844241,0.3534963435959071,0.7378086301032454,0.9102716739289463,0.7553006366360933,14.063813079984923
0.8083929447457194,0.3968942607752979,0.7439142498187721,0.9362872883211821,0.45099285594187677,0.35755364573560655,0.3100390527397394,0.22420557774603367,0.6152385782916099,0.7872391997370869,20.988093636011808
0.05762852868065238,0.7809588061645627,0.8860818208195269,0.8332595536485314,0.14752460876479745,0.3839481621980667,0.6219796112272888,0.9216598856728524,0.23605449288152158,0.047526573995128274,13.478352506271033
0.6332609262317419,0.2530906144529581,0.5073131436947733,0.16039802855812013,0.11063541495241225,0.7260338810738176,0.4181047168094665,0.7000348577275872,0.5701470570638776,0.8609853037633002,7.413713062311347
0.404218326555565,0.21642586681991816,0.5104303751140833,0.4389199800789356,0.6835615795571357,0.9794088590424508,0.38052104599773884,0.6691074129194021,0.3119753727223724,0.02683918341062963,10.923244299485383
0.9491623390931636,0.08369320374913514,0.8245446132495999,0.6418705508112907,0.47692989045754075,0.3520916330162436,0.41465510544367135,0.4688874513376504,0.956130700185895,0.2252938342280686,14.322641748193503
0.16382424882613122,0.8364796922542155,0.7714007690083236,0.9089018602389842,0.6306407367810607,0.48974673775956035,0.5114874304272234,0.836817835457623,0.5165309251751751,0.4348181914538145,18.822567406538262
0.46166527178138494,0.542496339417994,0.34741093311458826,0.6310427724383771,0.7588930316269398,0.22482346766628325,0.14194452133961022,0.21303727733902633,0.5200217147357762,0.010793811874464154,17.289336914740428
0.35054027615115047,0.9256627147551626,0.8312085596844554,0.4410515946801752,0.9364700582809746,0.5635982982348651,0.9075375748798251,0.7026242730207741,0.34281307458877563,0.14441597904078662,20.576157308519907
0.13913980382494628,0.006813894724473357,0.6751162351574749,0.3185547129251063,0.9933161307126284,0.5025416971184313,0.8564464813098311,0.7453000971581787,0.5836083434987813,0.859279063064605,9.038664250913051
0.08627793868072331,0.7508800665382296,0.9334112193901092,0.177666072268039,0.7565786561463028,0.4699871246702969,0.6514336662366986,0.5215812483802438,0.29530806955881417,0.3789355428889394,11.718791077497881
0.8964623189531267,0.7441987881902605,0.9815933029167354,0.8453365927562118,0.18567524361424148,0.9487923865672201,0.18256826093420386,0.2396183938253671,0.07958259806036949,0.5558933729771525,21.621265693927096
0.6028011234011501,0.6198819216806442,0.09327239776030183,0.631708099739626,0.10756208002567291,0.1844785672146827,0.9510345417074859,0.2893856200389564,0.7541708601638675,0.7654654413927346,20.591647884104876
0.7017449145205319,0.2703929068520665,0.11317801265977323,0.08070821082219481,0.23991315765306354,0.46144836978055537,0.3905631012748927,0.7285638288594782,0.2288573868572712,0.12052544439211488,11.382402159650391
0.3111113263294101,0.22124986140988767,0.16821164800785482,0.7989597539417446,0.27574141859076917,0.26441086851991713,0.2672469059471041,0.14102778700180352,0.11299655237235129,0.852155024651438,15.88939580483791
0.38806635979563,0.7561037747655064,0.67962148739025,0.060319445794448256,0.16631622705608606,0.39509969763457775,0.3944884322118014,0.8882327717728913,0.1562698665075004,0.7412068611010909,8.51253614832365
0.24091250146739185,0.14644465479068458,0.19108175206929445,0.7585094750393182,0.16717617842368782,0.35952203208580613,0.8527351943776011,0.18648448470048606,0.8417879689950496,0.14091494120657444,12.13266376098448
0.6512597282417119,0.19177672057412565,0.9255301805678755,0.5906559100840241,0.08101086132228374,0.9365054508671165,0.19014808861538768,0.7483333861455321,0.529307238990441,0.4317295546643436,14.26022831052052
0.6099869867321104,0.6278255444485694,0.07938446686603129,0.7027310037519783,0.07109564682468772,0.6369209594558924,0.7156861482653767,0.08737688069231808,0.16843287739902735,0.8403353926260024,17.922098682727373
0.07424204121343791,0.8641759254969656,0.04087259736843407,0.058014169335365295,0.8255741244647652,0.8305214899592102,0.3706133908126503,0.7172543227206916,0.7185552837327123,0.7942397841252387,12.00273674584949
