x0,x1,x2,x3,x4,x5,x6,x7,x8,x9,y
0.7057944601401687,0.3427500994876027,0.8999673852231354,0.782308884896338,0.31701068789698184,0.35659760469570756,0.045172458281740546,0.9181513099465519,0.4334912826307118,0.18834918085485697,21.152939876040396
0.1718122677411884,0.3112575423438102,0.7700020270422101,0.8536297897808254,0.25509612332098186,0.2135824670549482,0.6818568494636565,0.8450829540379345,0.5345571308862418,0.11248998017981648,15.361166752350499
0.5843898742459714,0.7700343623291701,0.51364686479792,0.20667559932917356,0.2921174983493984,0.0035809692926704884,0.8889743082690984,0.18286539940163493,0.08581684087403119,0.22784444387070835,12.725448872902312
0.406414529774338,0.9741753339767456,0.1747646927833557,0.8103334882762283,0.15618997998535633,0.5812725897412747,0.6422658893279731,0.2018471942283213,0.6057964004576206,0.7783297337591648,21.57677235364376
0.07220299053005874,0.16931705409660935,0.9756386950612068,0.7054306133650243,0.4869665892329067,0.09937551291659474,0.8812164885457605,0.1126570759806782,0.9845316291321069,0.36153594381175935,14.578208812772013
0.3872047192417085,0.08703550021164119,0.8171035412233323,0.1339260342065245,0.4200091604143381,0.774681115988642,0.02889407053589821,0.6408425117842853,0.9508819081820548,0.1660413898061961,7.327413685881911
0.15337292477488518,0.5860290534328669,0.8993717702105641,0.6917192933615297,0.9592671557329595,0.6799944655504078,0.0181218225043267,0.16357576404698193,0.3744744041468948,0.09879707777872682,18.107302682130747
0.05535635515116155,0.43783942167647183,0.7854293049313128,0.5833964592311531,0.06634594523347914,0.35185408941470087,0.047817668644711375,0.3862124632578343,0.2812292999587953,0.644579877378419,8.571191378749488
0.6005581060890108,0.9791040767449886,0.1522232845891267,0.750514172250405,0.16723025869578123,0.07314955373294652,0.6717163498979062,0.706254756078124,0.6930162606295198,0.7576304830145091,19.941487750685223
0.9106431775726378,0.5003522413317114,0.5852607220876962,0.2646159827709198,0.5023216693662107,0.9575605047866702,0.43854557583108544,0.678382292855531,0.2555453716777265,0.8791263550519943,15.723881605836949
0.2960534477606416,0.3920798525214195,0.2761099066119641,0.5773149207234383,0.29950549569912255,0.9960935395210981,0.08107376703992486,0.5121220250148326,0.4767851890064776,0.7648432273417711,12.038465772714483
0.2742119587492198,0.9314474039711058,0.5827307193540037,0.1785932134371251,0.9319505146704614,0.7882763620000333,0.3615504808258265,0.3291720317211002,0.604265452362597,0.2063772773835808,12.674073574912214
0.6163218300789595,0.26350391446612775,0.44350572023540735,0.8244072508532554,0.572027278598398,0.6157369741704315,0.07862213207408786,0.35643502324819565,0.949162007542327,0.019337766570970416,16.069863902893484
0.6538690775632858,0.46301575284451246,0.9002856540028006,0.8760961259249598,0.05347466398961842,0.6835914317052811,0.6515221050940454,0.7972016488201916,0.39088726486079395,0.9788963850587606,20.020915927819384
0.15730519755743444,0.7810784389730543,0.49427897692658007,0.015306757763028145,0.668367232196033,0.7641924158670008,0.23183450661599636,0.27361597237177193,0.664446328766644,0.4339321523439139,5.871728331986555
0.5521739441901445,0.44057335960678756,0.9772062820848078,0.01530775846913457,0.5589991940651089,0.5614144769497216,0.0031816260889172554,0.8747975269798189,0.5629631464835256,0.9990186772774905,13.09825959210945
0.39604396978393197,0.32461648620665073,0.04927300778217614,0.803640372119844,0.18700028769671917,0.5230406513437629,0.749633947852999,0.3333869830239564,0.8578122956678271,0.8954446762800217,16.55291716400761
0.5130147316958755,0.5811550875660032,0.6750015197321773,0.5043491297401488,0.13184285955503583,0.12491857283748686,0.7995177188422531,0.8406745225656778,0.48856659489683807,0.9639252906199545,13.31443214754193
0.6850902466103435,0.46815806860104203,0.6151243322528899,0.3676930386573076,0.5763948366511613,0.06885383161716163,0.8407530940603465,0.4985928575042635,0.5483707948587835,0.5536704536061734,14.765740043499536
0.9012567622121423,0.6316784708760679,0.5801918462384492,0.7271225375588983,0.2775952476076782,0.43378058238886297,0.25831453083083034,0.31379657704383135,0.35456028557382524,0.7893426304217428,21.674377176966217
0.11067053838633001,0.27562924288213253,0.13986303168348968,0.8744133452419192,0.3130097510293126,0.7527269425336272,0.4701912850141525,0.04126009065657854,0.10145827592350543,0.08024577470496297,14.424984192882988
0.11123159294947982,0.011847653659060597,0.9844767688773572,0.7261365714948624,0.5837807829957455,0.3529581925831735,0.5592119905631989,0.1356312169227749,0.847186238039285,0.45506937918253243,15.330980187850265
0.29169572284445167,0.6107371689286083,0.30312442779541016,0.7873857733793557,0.534339003264904,0.49295073514804244,0.19973857328295708,0.3355496982112527,0.13293683715164661,0.9415110740810633,16.323614965157063
0.6232456343714148,0.7872077217325568,0.07280454109422863,0.727777770254761,0.7314869724214077,0.6610824810341001,0.0316251793410629,0.1429980683606118,0.27543069049715996,0.8263936338480562,24.075843856347976
0.0026171645149588585,0.31962464726530015,0.04255098127759993,0.6703100041486323,0.9972420374397188,0.8149803436826915,0.7593166609294713,0.36803750204853714,0.24206682853400707,0.6976071621757001,15.837614862090328
0.10190765606239438,0.21131685678847134,0.7276947170030326,0.14179779100231826,0.6670708584133536,0.8349242811091244,0.5271013379096985,0.23174161510542035,0.8499538416508585,0.17787562543526292,7.1271824247469135
0.3759599586483091,0.5631559295579791,0.8126179045066237,0.6092128499876708,0.7851440329104662,0.38918300555087626,0.0988896528724581,0.7979168691672385,0.9506137648131698,0.9992940991651267,17.748814659743957
0.7248548590578139,0.8176502990536392,0.4942777380347252,0.26961562992073596,0.24417695379815996,0.33058127597905695,0.7369951612781733,0.97190463822335,0.3328283354640007,0.3446792906615883,13.1845692658571
0.006760218646377325,0.1806244277395308,0.601204221136868,0.43005700572393835,0.9491993908304721,0.9915913243312389,0.6930749739985913,0.8811019039712846,0.7616252682637423,0.8297273134812713,9.760288936478357
0.7423976615536958,0.6274660367053002,0.4957722609397024,0.35334489587694407,0.42473812587559223,0.46740415995009243,0.9330697066616267,0.7294887045864016,0.6922228683251888,0.17691188724711537,14.678271741302174
0.506012263474986,0.690860697068274,0.4018835639581084,0.8580005837138742,0.5472107981331646,0.4209628717508167,0.48939654347486794,0.9164222811814398,0.8685425061266869,0.48467701207846403,22.132037639250306
0.23097798298113048,0.6392672548536211,0.0687620344106108,0.8448134423233569,0.5815528188832104,0.7455921820364892,0.05250414554029703,0.5324786475393921,0.657274313736707,0.935216048033908,20.739160049938736
0.8462391488719732,0.17688992922194302,0.5401075766421854,0.929720971500501,0.3586148112080991,0.25312204426154494,0.4599743646103889,0.6957925814203918,0.24321243190206587,0.29372072825208306,15.184694539615935
0.7655127032194287,0.20672139734961092,0.5471209881361574,0.3435273270588368,0.4130708973389119,0.5194688974879682,0.1599472074303776,0.030290399212390184,0.8065601978451014,0.42719541070982814,9.711179158706639
0.17221839888952672,0.11325100297108293,0.49014583858661354,0.17288872180506587,0.9017483210191131,0.7195702649187297,0.8929048862773925,0.5247338954359293,0.14985816786065698,0.7002782265190035,8.45857275115632
0.8319752661045641,0.9513278831727803,0.0393087356351316,0.511114896973595,0.28579601855017245,0.6915898318402469,0.5401964352931827,0.208220646250993,0.28459172905422747,0.665331139229238,17.048735005936948
0.07769655412994325,0.20161314238794148,0.9688812508247793,0.001030174782499671,0.765792740508914,0.14175966451875865,0.3655870254151523,0.9773211204446852,0.4043976264074445,0.323713103774935,8.564466389855278
0.8463467301335186,0.7183607851620764,0.9986142290290445,0.5845773266628385,0.5365036407019943,0.6010704946238548,0.8110301322303712,0.651040060678497,0.8912350640166551,0.811719786375761,23.022662630329204
0.9547065142542124,0.9762170822359622,0.08621711656451225,0.1078604287467897,0.14404789544641972,0.6365942198317498,0.9064673138782382,0.9621741964947432,0.29749485990032554,0.1466876247432083,5.906971783287883
0.7041865778155625,0.43200162798166275,0.7013570691924542,0.07700829580426216,0.922753946390003,0.6794933322817087,0.4712218916974962,0.7866909424774349,0.24204261577688158,0.38631780981086195,14.547607118092616
0.0028020688332617283,0.171964006498456,0.20443534175865352,0.07746879896149039,0.13170983525924385,0.02468466362915933,0.48997013946063817,0.18646806594915688,0.3052144485991448,0.8975638612173498,3.9053897033218137
0.2736955552827567,0.278319287346676,0.7738456432707608,0.7819940962363034,0.7765073939226568,0.8655150723643601,0.9769756295718253,0.8480072026140988,0.870794712100178,0.1745909289456904,16.937519596711226
0.5944998920895159,0.6970714898779988,0.06092563038691878,0.4147605840116739,0.6774604255333543,0.9529843791387975,0.7645005581434816,0.9913478866219521,0.18168639251962304,0.9096070961095393,20.204699320871782
0.8201736726332456,0.7061573031824082,0.6368102612905204,0.9750383903738111,0.8349443457555026,0.23254825151525438,0.1584466432686895,0.19369587115943432,0.0711039921734482,0.5480728757102042,24.36357967897517
0.2488646451383829,0.3089582852553576,0.6238436307758093,0.2777792054694146,0.20550275966525078,0.8516188252251595,0.8455396825447679,0.30312928883358836,0.8109723883680999,0.28877913346514106,6.948045518252097
0.4559827547054738,0.14514094148762524,0.30749237863346934,0.17108752625063062,0.217451517470181,0.1806991114281118,0.7730657299980521,0.9201051795389503,0.475390657549724,0.6472201230935752,6.8081736652918625
0.9979920578189194,0.05906620528548956,0.08053640346042812,0.6597170629538596,0.019012690987437963,0.08340671961195767,0.9993871953338385,0.3995112432166934,0.3708969245199114,0.3233697251416743,10.718095372920837
0.3570133273024112,0.16954956972040236,0.6882669823244214,0.09875878738239408,0.5678768439684063,0.6225583921186626,0.8871535516809672,0.16654661414213479,0.18096896330825984,0.9605378909036517,6.510330005222953
0.345164843602106,0.41187728964723647,0.8472103986423463,0.8077334475237876,0.9270450326148421,0.31738143623806536,0.36940279556438327,0.01910409121774137,0.9912135910708457,0.4139339360408485,19.851438110724963
0.8132301808800548,0.9993021599948406,0.41203865595161915,0.6827799200545996,0.7340579181909561,0.3960462452378124,0.7908336874097586,0.720219885231927,0.9749672936741263,0.8608788272831589,16.4554322958291
0.7510654670186341,0.43875937536358833,0.38049505394883454,0.5695084547623992,0.9417263546492904,0.6951092197559774,0.6488307854160666,0.1811001980677247,0.5192731199786067,0.8225930673070252,19.855984077132916
0.16842594044283032,0.737092194147408,0.8797610569745302,0.32856718823313713,0.2498177825473249,0.23129726643674076,0.6693699676543474,0.19989079888910055,0.27858533686958253,0.4676334294490516,12.553879032725053
0.7789410708937794,0.5704718623310328,0.9565968620590866,0.41182627878151834,0.08967828215099871,0.1195796555839479,0.38707962562330067,0.6340429417323321,0.23494338057935238,0.48477052617818117,18.691633560690658
0.7271451919805259,0.8435313904192299,0.6663866483140737,0.38995296577923,0.9697288011666387,0.7305950282607228,0.974218811839819,0.7469825940206647,0.5457034832797945,0.8971133236773312,19.35078723954505
0.12916504824534059,0.6306019581388682,0.9365498891565949,0.3218233853112906,0.5954536355566233,0.9270509185735136,0.46033520973287523,0.6206730990670621,0.4484624769538641,0.4839267176575959,12.224684735828273
0.31513111176900566,0.13339358265511692,0.25524027179926634,0.4373183564748615,0.6259427345357835,0.8020329689607024,0.15869408776052296,0.34470850974321365,0.9599694975186139,0.424611205002293,11.009876502410743
0.10659807338379323,0.339644075371325,0.3995414285454899,0.3271639100275934,0.017969817854464054,0.19305129582062364,0.8364071308169514,0.6735637481324375,0.032289887545630336,0.8864002604968846,6.919673324271082
0.4667191805783659,0.826699536293745,0.38331054570153356,0.2823577937670052,0.19071736908517778,0.1420773328281939,0.6763208145275712,0.6127570203971118,0.604520445689559,0.3082115729339421,13.264853987168292
0.16589164780452847,0.435114472405985,0.0658962323796004,0.2412438401952386,0.3674201697576791,0.5088415616191924,0.20600283984094858,0.595308227231726,0.997925923904404,0.2304827517364174,8.910932188060995
0.8894196196924895,0.319471467519179,0.8249483783729374,0.5950222758110613,0.630291445646435,0.4270348660647869,0.2621592723298818,0.9734555387403816,0.45437062438577414,0.9414128914941102,16.672721445321734
0.7314848259557039,0.5175101612694561,0.25075019570067525,0.9188771513290703,0.21858232002705336,0.8414650466293097,0.25228203320875764,0.9777753392700106,0.9393004954326898,0.11066354787908494,21.586109179208215
0.19653404178097844,0.2742220484651625,0.66975327138789,0.3946602812502533,0.09561929339542985,0.5668167578987777,0.4655591044574976,0.5709113196935505,0.16646948619745672,0.8520953685510904,5.200107564972209
0.7112221505958587,0.28791729756630957,0.5368855586275458,0.806849017739296,0.12033564317971468,0.0368839162401855,0.40936671337112784,0.25151895615272224,0.1864646109752357,0.041232768911868334,13.420027866898002
0.31268758489750326,0.7266996884718537,0.48159740515984595,0.8212370164692402,0.14177216053940356,0.37135602650232613,0.18500417936593294,0.22664336394518614,0.6547305602580309,0.013244695262983441,13.567265912005
0.3893394796177745,0.5464008061680943,0.34484348772093654,0.500339352991432,0.9173181948717684,0.34443711140193045,0.2787938246037811,0.08732890454120934,0.6234863346908242,0.043707260163500905,16.12306528022897
0.4566385466605425,0.5412639242131263,0.9397608239669353,0.9814284420572221,0.30665838858112693,0.2843537153676152,0.31850964529439807,0.6941168026532978,0.8528113407082856,0.653175936313346,21.865001155640822
0.8586329615209252,0.292736841365695,0.5687629636377096,0.3304114378988743,0.2956893490627408,0.8841186594218016,0.6381554494146258,0.553437206428498,0.14140945952385664,0.2509315754286945,12.209762884109052
0.7722033748868853,0.19570483663119376,0.5031691824551672,0.6873092807363719,0.6575429660733789,0.7668181024491787,0.15660485648550093,0.7316139491740614,0.7927664599847049,0.6034485807176679,15.940628345542272
0.9620285693090409,0.7594410255551338,0.351421284256503,0.7646594175603241,0.03599871997721493,0.8028567649889737,0.08525777654722333,0.7977698824834079,0.3825586244929582,0.32502718921750784,16.402890912800267
0.8219366311095655,0.56074976362288,0.9942603616509587,0.8173858565278351,0.22787654912099242,0.9904223680496216,0.3638404125813395,0.7149215284734964,0.7934577453415841,0.41027085669338703,24.19344699371092
0.5623117382638156,0.1241900825407356,0.16182286734692752,0.17125582066364586,0.7340889966581017,0.36244797334074974,0.41555180470459163,0.7146034964825958,0.6314276631455868,0.8290607817471027,8.037714239550755
0.09779413836076856,0.6153516960330307,0.3930641966871917,0.9473779255058616,0.41302112117409706,0.5597115124110132,0.5692839084658772,0.022342320531606674,0.4697965746745467,0.18025808408856392,13.311141355744144
0.07480006502009928,0.7516116343904287,0.3343421337194741,0.9960532104596496,0.24026297591626644,0.49629640858620405,0.2932688014116138,0.6337650534696877,0.9197764734271914,0.856072201160714,14.386004025629648
0.3267049975693226,0.7270724752452224,0.7022570739500225,0.9734567373525351,0.682032702723518,0.42116634058766067,0.4188777320086956,0.3011316400952637,0.6021196052897722,0.3066834134515375,21.6978348376907
0.44969118013978004,0.51961102290079,0.7425339326728135,0.15401173825375736,0.09884159779176116,0.6578620907384902,0.03366016852669418,0.43770834943279624,0.3793475292623043,0.785261336248368,11.354220846569776
0.2586319900583476,0.8434515129774809,0.39576775254681706,0.053127103950828314,0.2435845360159874,0.01784598594531417,0.8213709089905024,0.06085971021093428,0.04930843319743872,0.3402733029797673,8.274812024575
0.8047997807152569,0.4962751360144466,0.9709806474857032,0.8691826409194618,0.03952047508209944,0.375822686124593,0.8924601157195866,0.4087708930019289,0.9808173193596303,0.16423417045734823,21.905155472841965
0.4362121419981122,0.5524619948118925,0.7120401952415705,0.5365890376269817,0.09606620902195573,0.21240637986920774,0.4939080700278282,0.43010762380436063,0.6799428043887019,0.38426827173680067,12.869370985342869
0.6329592065885663,0.30978447338566184,0.6839468325488269,0.41067734197713435,0.19282173947431147,0.5694371997378767,0.05032219458371401,0.7285245924722403,0.09809535089880228,0.7915770669933408,11.209565496106544
0.8391107865609229,0.1682700626552105,0.95035823690705,0.14184179971925914,0.9377439180389047,0.026124673429876566,0.8741355065722018,0.4892100903671235,0.3064905994106084,0.17396565061062574,15.153371645844683
0.7584845388773829,0.22070000576786697,0.015826894901692867,0.6101560776587576,0.37485053460113704,0.20854571019299328,0.8516451753675938,0.34044649079442024,0.4573596955742687,0.12232086900621653,17.12744213766982
0.6350018172524869,0.6466341931372881,0.907004876062274,0.3861898947507143,0.6463180873543024,0.3711513795424253,0.5056969423312694,0.7045584113802761,0.5644299543928355,0.47138828807510436,20.322069643987618
0.1808324872981757,0.2844620435498655,0.4743389675859362,0.2165137364063412,0.2814850879367441,0.015696935588493943,0.4887801657896489,0.664064806420356,0.0013264322187751532,0.3338477842044085,4.187665940509518
0.8674721466377378,0.05613693525083363,0.6531722703948617,0.6549934910144657,0.9775217529386282,0.289953148458153,0.049033899791538715,0.7632275286596268,0.36513540684245527,0.9418973925057799,13.814981716231891
0.9808464818634093,0.8998869876377285,0.7645573583431542,0.7650383377913386,0.8234575735405087,0.5552780046127737,0.1154737591277808,0.3173277454916388,0.8294390900991857,0.7071940375026315,15.880646701494001
0.9289242457598448,0.102231738390401,0.2092602183111012,0.6831636410206556,0.9157546788919717,0.024634014815092087,0.7211442631669343,0.12446532887406647,0.5222720622550696,0.9066870925016701,16.001994701768524
0.43450623750686646,0.440401490079239,0.5560512598603964,0.5264635363128036,0.07288140151649714,0.011403293814510107,0.6628740068990737,0.41075425199232996,0.026251453906297684,0.2585105837788433,10.49741844162472
0.8733717054128647,0.8890262390486896,0.2875625465530902,0.03608901472762227,0.9323891364037991,0.870846509700641,0.47165696043521166,0.8045677377376705,0.5508849800098687,0.5721308519132435,13.374681921172908
0.5339708016254008,0.8271431243047118,0.12069892371073365,0.6958220258820802,0.6359236356802285,0.2787839830853045,0.07802482903935015,0.1141390239354223,0.23556175245903432,0.44465950015001,21.000917461689987
0.8278821564745158,0.20792767172679305,0.6640568876173347,0.9286717448849231,0.9512066512834281,0.8442392225842923,0.8619090113788843,0.966760496608913,0.25763450330123305,0.17222214653156698,20.776887611605463
0.23999975086189806,0.4571577375754714,0.19185690814629197,0.6150900102220476,0.168356022099033,0.6029944713227451,0.4098313869908452,0.5447596427984536,0.3298495882190764,0.40246622962877154,11.667867741080753
0.6109549638349563,0.8544366424903274,0.8041864500846714,0.3790426109917462,0.05855449545197189,0.2115602600388229,0.691613714909181,0.4256144342944026,0.44888108340092003,0.7012095549143851,14.728480977202443
0.35113592236302793,0.18232777225784957,0.48280581180006266,0.0695105716586113,0.5917265876196325,0.7103601107373834,0.8263770383782685,0.8426301209256053,0.6365042878314853,0.04697634605690837,6.824415193416418
0.7639580410905182,0.04402053845115006,0.8234999149572104,0.30664732214063406,0.27362192003056407,0.959104617126286,0.7561140721663833,0.05271495645865798,0.21001233998686075,0.14593652915209532,6.787546806558778
0.4913454719353467,0.7269966367166489,0.5540720084682107,0.6294619832187891,0.01688980241306126,0.8336516635026783,0.35918529191985726,0.8649954430293292,0.37238382920622826,0.6402024608105421,16.164970912608563
0.3832003853749484,0.09753014147281647,0.6081169054377824,0.9994460253510624,0.4564054566435516,0.029209703905507922,0.4587318319827318,0.09014838980510831,0.36277044541202486,0.26280665723606944,14.084935159253385
0.6981433904729784,0.622240005293861,0.26167896180413663,0.506774642271921,0.3095449055545032,0.5365143038798124,0.6667718994431198,0.9050140851177275,0.751905981451273,0.5678699808195233,16.093785376418303
0.471776582300663,0.8046884273644537,0.7445020803716034,0.841104483930394,0.32465989026241004,0.09258675388991833,0.766281628748402,0.7161120283417404,0.5333272973075509,0.9094424429349601,22.173422842701733
0.7840806161984801,0.3083132372703403,0.20520878722891212,0.575601652264595,0.29529594792984426,0.672200751490891,0.21692455234006047,0.44151021796278656,0.7558730621822178,0.001309446757659316,14.483447349402224
0.6389800449833274,0.897402654401958,0.7080681330990046,0.8210445516742766,0.5884351392742246,0.4675003164447844,0.007168859010562301,0.21574636991135776,0.3406728785485029,0.4722317236009985,22.33588580448974
0.9177959645166993,0.6032920263241976,0.8253070411738008,0.37052788655273616,0.34180414443835616,0.32587147131562233,0.16917264531366527,0.7177497735247016,0.5616781923454255,0.05477699916809797,16.959279708580144
0.9264705355744809,0.988820540253073,0.3822382513899356,0.5980297354981303,0.7642491057049483,0.42951346025802195,0.7492925897240639,0.4533865002449602,0.8171441094018519,0.24478702433407307,13.513595742484798
0.5158624569885433,0.2814245845656842,0.22777009615674615,0.25901888706721365,0.7469546252395958,0.38554262020625174,0.08967996621504426,0.47883932781405747,0.26220433856360614,0.09183902409859002,11.502016990206108
0.9443582850508392,0.3180393415968865,0.5537670380435884,0.42776788026094437,0.7154062588233501,0.23118137405253947,0.6188080403953791,0.520536380354315,0.7851967478636652,0.3662551469169557,14.502233067200217
0.23581523704342544,0.0013848182279616594,0.6352280667051673,0.004517527762800455,0.751799060497433,0.9505141798872501,0.6281101820059121,0.15220023971050978,0.7731624052394181,0.6185998874716461,4.899288870001685
0.9551656499970704,0.9570772550068796,0.7003185225185007,0.020937271183356643,0.1752997504081577,0.45548595441505313,0.3745504515245557,0.5425216734874994,0.9408877382520586,0.1562789836898446,5.593129746821582
0.43472084449604154,0.18386984546668828,0.6024908414110541,0.9746640610974282,0.1438845230732113,0.9092459664680064,0.8033441517036408,0.8671059487387538,0.39366612187586725,0.03445858648046851,13.420940700998292
0.6983894407749176,0.23644120479002595,0.6465331523213536,0.5287302124779671,0.9489289277698845,0.0355584598146379,0.020947807701304555,0.4114624666981399,0.42922003916464746,0.7158230366185308,15.776045987590965
0.2764917961321771,0.910093026002869,0.3958934375550598,0.5393544652033597,0.2061138905119151,0.7950921102892607,0.18056585150770843,0.48446517321281135,0.04417770029976964,0.4430511549580842,13.087819152898316
0.7492047299165279,0.050539383199065924,0.41344428714364767,0.49200979876331985,0.7543243642430753,0.2618163269944489,0.6932235278654844,0.4213708604220301,0.9619646777864546,0.5223581010941416,10.509246820474226
0.1814645028207451,0.4801345362793654,0.3901849715039134,0.9713016899768263,0.5354384572710842,0.1357515600975603,0.0367195145227015,0.2012079101987183,0.7849672727752477,0.06714726332575083,14.826141482826062
0.6238907752558589,0.06856168387457728,0.8564833700656891,0.6991159338504076,0.6820872009266168,0.4121883411426097,0.2123082943726331,0.8064462912734598,0.050298290560021996,0.4932476840913296,15.405150711330606
0.399256338365376,0.37466296553611755,0.7561783161945641,0.3899701584596187,0.5320280264131725,0.43944107345305383,0.3684002261143178,0.42595311254262924,0.4923088448122144,0.23453677841462195,11.98408605727735
0.29923833697102964,0.8804192221723497,0.3426631062757224,0.25839556753635406,0.46870228461921215,0.21508276741951704,0.20108008570969105,0.8764578276313841,0.94001299678348,0.5170116133522242,13.520491069534932
0.007345613557845354,0.8741575565654784,0.33032213896512985,0.12109403009526432,0.8372332835569978,0.3827917161397636,0.09115894185379148,0.7575217569246888,0.7670197291299701,0.29729468771256506,6.897492880796935
0.39069164893589914,0.6597889771219343,0.5315056054387242,0.46164606348611414,0.9033749871887267,0.8580457861535251,0.06524964678101242,0.03820374212227762,0.8438848403748125,0.07320011360570788,16.195654161514106
0.5011798560153693,0.01397918350994587,0.25529659632593393,0.6087138834409416,0.21377546875737607,0.8955384895671159,0.44145051925443113,0.23446888360194862,0.9899735059589148,0.7291498566046357,9.340568163377384
0.7411786958109587,0.8208709124010056,0.49985367245972157,0.03422552580013871,0.12506513739936054,0.4332474071998149,0.6990787868853658,0.2475978781003505,0.7738232610281557,0.015174272004514933,10.536830795357075
0.9612061455845833,0.45515520218759775,0.7793367702979594,0.44481823197565973,0.24342796695418656,0.7654712677467614,0.5895936954766512,0.44736800831742585,0.8322372101247311,0.15361619484610856,15.946684883376147
0.042096099350601435,0.7830259029287845,0.21576674445532262,0.06839854712598026,0.043470882112160325,0.2416901222895831,0.03344375756569207,0.7388073741458356,0.8526273937895894,0.34362546843476593,4.695545242402405
0.05391489085741341,0.11415651836432517,0.610151071799919,0.37546163937076926,0.3406637746375054,0.21636729664169252,0.20396210392937064,0.3323291693814099,0.046725727850571275,0.24798639165237546,5.109714921943464
0.6342095099389553,0.4837512362282723,0.5875374723691493,0.009433168917894363,0.7561058863066137,0.21168262301944196,0.22945619723759592,0.9243055493570864,0.9308135283645242,0.9266895132604986,12.14141257131433
0.2296586569864303,0.1381806454155594,0.6680590321775526,0.495936295716092,0.051263687666505575,0.6222648564726114,0.9864932296331972,0.6037871525622904,0.8679362833499908,0.7725330342072994,6.2790186490271225
0.7518252993468195,0.7670341331977397,0.8122539548203349,0.04976630723103881,0.07716287858784199,0.620132983662188,0.9162525918800384,0.40903515880927444,0.5774452313780785,0.4635196947492659,12.886440139160332
0.49958435888402164,0.27921758498996496,0.39661035407334566,0.7764264319557697,0.12364421621896327,0.6101932497695088,0.09289589198306203,0.41754157398827374,0.4974745826330036,0.6073514050804079,14.146799202631405
0.8040346708148718,0.25005136732943356,0.22161370306275785,0.43553905258886516,0.35798559174872935,0.629146748688072,0.7522218029480428,0.10837810137309134,0.3876409437507391,0.23482759157195687,16.446441832804013
0.602924830513075,0.9257938887458295,0.4958483772352338,0.08143532578833401,0.708388390019536,0.5739045485388488,0.7223828346468508,0.49111989652737975,0.5888009895570576,0.7548701141495258,13.873684431092645
0.6393413154873997,0.3544956629630178,0.20434263348579407,0.9396178089082241,0.3148718143347651,0.302341575268656,0.3612160643097013,0.9301112859975547,0.9977114663925022,0.5966297953855246,18.25645291921512
0.8374752963427454,0.05414686887525022,0.41837981692515314,0.21149246534332633,0.5980751835741103,0.09528320631943643,0.6517664834391326,0.8236064021475613,0.20090331509709358,0.6050492855720222,6.422669085592595
0.3706013604532927,0.4522366556338966,0.482958399457857,0.14628655835986137,0.7641606447286904,0.873012981377542,0.6797198615968227,0.32580344029702246,0.7578913371544331,0.9596382542513311,9.522320723029264
0.4738037867937237,0.41398748429492116,0.028234490426257253,0.8743244342040271,0.44420960103161633,0.02091298997402191,0.009473200421780348,0.4239948187023401,0.21952955285087228,0.6027535733301193,22.101963439211588
0.5876350025646389,0.7237451190594584,0.5794010162353516,0.8753538017626852,0.7350877718999982,0.15840209717862308,0.36902703531086445,0.1704815225675702,0.9576660327147692,0.4211162240244448,23.089246100811444
0.4326822457369417,0.7711557331494987,0.6966453632339835,0.8571317167952657,0.08057224727235734,0.2872034802567214,0.8774059610441327,0.08248176285997033,0.3510943853762001,0.12285262858495116,18.758499009001312
0.8576880169566721,0.4557589623145759,0.013487315038219094,0.050000334391370416,0.05569472163915634,0.37538157356902957,0.22070620418526232,0.6961485664360225,0.3553991299122572,0.5563629895914346,16.866211873840726
0.243996050208807,0.5395862890873104,0.8295769395772368,0.2433228411246091,0.9545234367251396,0.14668898936361074,0.6142438924871385,0.3567963461391628,0.8389856473077089,0.7745334322098643,14.529205679917673
0.8819953429047018,0.22733587538823485,0.5998962458688766,0.1508276965469122,0.49641186534427106,0.9280225872062147,0.36035394319333136,0.7654075233731419,0.7244658970739692,0.4472454765345901,9.056772715727211
0.2129126493819058,0.6162579150404781,0.2549164032097906,0.613019215175882,0.7655288698151708,0.3639891443308443,0.30999307590536773,0.7992754790466279,0.06957648554816842,0.4264190427493304,13.966160423948242
0.3438662451226264,0.5273929678369313,0.29434421355836093,0.4439801562111825,0.7159784496761858,0.9400035627186298,0.7597927034366876,0.9165126669686288,0.2636332092806697,0.8994589350186288,14.426397501537805
0.9985515917651355,0.902533242944628,0.19735721684992313,0.5306164782959968,0.6755125627387315,0.7869941301178187,0.9020833750255406,0.7604069989174604,0.42864073044620454,0.2811621194705367,14.06571024841837
0.2505024424754083,0.5131765394471586,0.6100207704585046,0.9599307563621551,0.2629733313806355,0.25139900180511177,0.7670744662173092,0.8227009000256658,0.3454558460507542,0.33017438603565097,15.572561003294062
0.39663735311478376,0.49110453319735825,0.2494318406097591,0.7838729475624859,0.9999682859051973,0.11356530385091901,0.04978280980139971,0.5053000112529844,0.07007938739843667,0.020325391087681055,19.46581306101625
0.760914945974946,0.25541889388114214,0.7578424392268062,0.2422706934157759,0.4590551645960659,0.2735338076017797,0.42729291249997914,0.32266473211348057,0.6760944151319563,0.9256697199307382,13.258303626790077
0.524358055787161,0.10125943133607507,0.9066309598274529,0.27323707984760404,0.8819711054675281,0.2224185827653855,0.5209366520866752,0.07523526344448328,0.4838132760487497,0.9179052929393947,12.381683391473295
0.15930570871569216,0.6231372812762856,0.5195634376723319,0.276261962717399,0.7587704441975802,0.6338284397497773,0.7010328937321901,0.8935107532888651,0.03515924280509353,0.8503615066874772,10.717271079806425
0.7352553887758404,0.3039146326482296,0.38738891994580626,0.40790288778953254,0.697517076972872,0.6090342833194882,0.023126779589802027,0.9847791113425046,0.5748865825589746,0.5659790658392012,15.482709698195455
0.346793363802135,0.8184375744313002,0.31520168273709714,0.12059255945496261,0.3368737536948174,0.944423017790541,0.5007265598978847,0.809119661571458,0.9078127569518983,0.6684989223722368,10.055771405097238
0.5387189714238048,0.040471241576597095,0.12356852297671139,0.592963338131085,0.7900101679842919,0.18005349044688046,0.7561673503369093,0.16458519687876105,0.2482524684164673,0.7302323060575873,13.767238045974226
0.0377383166924119,0.5260560000315309,0.3075915069784969,0.7482650270685554,0.5532276488374919,0.013771828031167388,0.3780858856625855,0.11265778262168169,0.2909737073350698,0.6496802142355591,10.002104275478837
0.011966465739533305,0.6870297293644398,0.37390981963835657,0.7416998187545687,0.36064496263861656,0.39556815242394805,0.27750475774519145,0.9468597287777811,0.5383759243413806,0.8942172394599766,10.286901169273031
0.8205678467638791,0.10023399721831083,0.9445172396954149,0.15119250770658255,0.4505829296540469,0.9436492824461311,0.6137281630653888,0.4222221290692687,0.25359380175359547,0.004610944539308548,9.300204564977477
0.1950592608191073,0.6849580714479089,0.35334594710730016,0.8261523181572556,0.9883521392475814,0.6418503972236067,0.5006495444104075,0.3901335883419961,0.42037809756584466,0.6889286353252828,16.810536280289398
0.6162627197336406,0.29831348918378353,0.45766568765975535,0.783666581613943,0.5657130051404238,0.27464310824871063,0.0804072490427643,0.3288264265283942,0.36106090527027845,0.5436997772194445,15.440020117609391
0.036407002713531256,0.03299563261680305,0.7515165645163506,0.8352586077526212,0.8161806911230087,0.9833416822366416,0.2619259445928037,0.2831404914613813,0.42264110408723354,0.2511079665273428,15.578090366779698
0.9485268089920282,0.6491624563932419,0.6600649496540427,0.18713478604331613,0.6668687423225492,0.6286750466097146,0.2945905434899032,0.18675667606294155,0.23718553059734404,0.6646474371664226,14.547611659976964
0.599417022196576,0.6101893845479935,0.7371989793609828,0.469678055960685,0.30945457657799125,0.7226353697478771,0.6632438763044775,0.6551519429776818,0.6604298981837928,0.37187913386151195,16.536213962412496
0.8774451569188386,0.004978555720299482,0.5658340991940349,0.0827647210098803,0.03458915138617158,0.8941187357995659,0.010672785108909011,0.34507967066019773,0.6716641213279217,0.4834676035679877,0.9596461415129689
0.7301643479149789,0.5532648984808475,0.28767726733349264,0.5155825621914119,0.2978094781283289,0.20113621931523085,0.667530023958534,0.89202990103513,0.3780496004037559,0.9972764663398266,17.647100879850758
0.6874763013329357,0.32166531844995916,0.5136594609357417,0.48841979424469173,0.36809919076040387,0.9037158435676247,0.19791037659160793,0.8376685010734946,0.17664921889081597,0.6157953187357634,12.915768084736625
0.5541876493953168,0.19988323468714952,0.2894327638205141,0.3431115497369319,0.8357108682394028,0.3069905482698232,0.10266706603579223,0.6949033981654793,0.928013876080513,0.10033149714581668,13.069512681370592
0.9376097205094993,0.6339282942935824,0.4305379262659699,0.2974955190438777,0.6824445459060371,0.2902663513086736,0.04513222933746874,0.7193476194515824,0.19170842925086617,0.9144132153596729,18.11111516173906
0.6173518437426537,0.6360365909058601,0.15559817478060722,0.9904169964138418,0.5207601392176002,0.9822685443796217,0.3549695636611432,0.10676791029982269,0.3523444910533726,0.4356638132594526,24.493978195857135
0.14835745259188116,0.9266764749772847,0.262172524118796,0.1640810533426702,0.780536467442289,0.3885522389318794,0.9482769011519849,0.36069488408975303,0.3611748144030571,0.3376622851938009,11.65486463453081
0.86320072831586,0.013418040703982115,0.1657312971074134,0.3442210347857326,0.009507979499176145,0.9490169361233711,0.6858970518223941,0.0157046380918473,0.5152503291610628,0.5652171864639968,5.5882159816032715
0.2121501569636166,0.9065609993413091,0.4850867367349565,0.5593989898916334,0.7285520627629012,0.9184360525105149,0.5237049891147763,0.8622087882831693,0.6445052810013294,0.8976724490057677,15.14204963246804
0.36503964802250266,0.3943920494057238,0.6115390562918037,0.6208262504078448,0.9858062439598143,0.8956646709702909,0.2616809655446559,0.785226499196142,0.6863827747292817,0.8680914167780429,15.169480377047087
0.47343039489351213,0.5256503862328827,0.739456853363663,0.833535871701315,0.17079548095352948,0.39081509597599506,0.07370342663489282,0.3556464354041964,0.4741913788020611,0.29114891355857253,18.326507479284608
0.45378218102268875,0.24135871278122067,0.7946992812212557,0.20294300327077508,0.5623439243063331,0.3308922895230353,0.25076805823482573,0.5741532566025853,0.01626845123246312,0.8917173678055406,8.308597929424971
0.8366660461761057,0.37602222454734147,0.5220296839252114,0.03438000055029988,0.5448633769992739,0.5353594890329987,0.7381516406312585,0.763366126222536,0.2583470977842808,0.43850414152257144,9.586342161482285
0.4571983809582889,0.3148409326095134,0.06720350193791091,0.5232644041534513,0.7923910622484982,0.6871129763312638,0.8689273311756551,0.8479128570761532,0.22910465393215418,0.3106627119705081,18.514815739114916
0.8763863816857338,0.05639552744105458,0.9230947175528854,0.9978798842057586,0.6241575698368251,0.24575745151378214,0.12195735843852162,0.12689548288471997,0.11060457793064415,0.4676609504967928,16.450127434275036
0.8752596313133836,0.3277589348144829,0.6117788595147431,0.8845697289798409,0.6138114950153977,0.8227122239768505,0.5708028001245111,0.4593651012983173,0.8260828943457454,0.01245962898246944,20.405517422308645
0.7610648311674595,0.6594791386742145,0.14997934154234827,0.18316005333326757,0.5822570887394249,0.6532789634075016,0.8022413195576519,0.5451768895145506,0.5392586311791092,0.5071179138030857,16.090555884655004
0.8466527396813035,0.6470233441796154,0.4084190384019166,0.7411445947363973,0.3767617552075535,0.06703391368500888,0.6203823890537024,0.8729748334735632,0.5952204258646816,0.6478077529463917,20.45488919440832
0.8415032248012722,0.7455917401239276,0.031143774976953864,0.3992919703014195,0.16279458557255566,0.9805204451549798,0.5460005139466375,0.9290129919536412,0.5620177141390741,0.7924292341340333,19.069476627046704
0.23387696198187768,0.8296454802621156,0.8032478815875947,0.47716736840084195,0.14077975880354643,0.33145296736620367,0.12385973008349538,0.6041307833511382,0.5833928189240396,0.46251880773343146,12.444588802760736
0.8786399937234819,0.5882962481118739,0.38494560355320573,0.9732729741372168,0.941213756101206,0.9773036779370159,0.13760172645561397,0.3362087123095989,0.9996037029195577,0.23202743590809405,24.885171704966595
0.4802370318211615,0.18765606614761055,0.25213965703733265,0.48249765392392874,0.37292146775871515,0.10637779021635652,0.19056923547759652,0.30892557580955327,0.23780663893558085,0.9320029385853559,9.857762464175241
0.33693584660068154,0.5056124825496227,0.837265782058239,0.1577796668279916,0.1080999777186662,0.6338181251194328,0.6942349576856941,0.7383940182626247,0.7484517702832818,0.8391866916790605,7.920956658185829
0.04939839756116271,0.30875136610120535,0.39371315157040954,0.5002954555675387,0.9439129510428756,0.9821668276563287,0.23366219829767942,0.23760177101939917,0.8767847164999694,0.09751524799503386,11.471849832864631
0.5171325760893524,0.35665142559446394,0.5504006140399724,0.252888566814363,0.6940073689911515,0.8536682520061731,0.4545934218913317,0.2300245095975697,0.24587075668387115,0.017364158760756254,11.514574369824416
0.5232173190452158,0.10004863841459155,0.5234932282473892,0.6683696969412267,0.07194701419211924,0.3405437362380326,0.44630143395625055,0.263975779293105,0.7431395691819489,0.918317960575223,9.435742479567772
0.45606126077473164,0.0033651564735919237,0.14421084499917924,0.9396049368660897,0.18475475092418492,0.5259635210968554,0.6671057578641921,0.7362169248517603,0.01375274290330708,0.48598615685477853,12.191658969058208
0.39815008267760277,0.4497646549716592,0.7566795204766095,0.625386030646041,0.9036408541724086,0.9274887300562114,0.6137274524662644,0.28560469718649983,0.5914007145911455,0.46060712030157447,17.536438771563823
0.8028964365366846,0.8709286812227219,0.3513328321278095,0.31092654168605804,0.7005091328173876,0.8447644803673029,0.10990132461301982,0.50454988819547,0.6220646030269563,0.1651323875412345,15.410017694217398
0.6873844854999334,0.9543042711447924,0.16788922809064388,0.44952197978273034,0.37044144375249743,0.87005509971641,0.14065139624290168,0.3555674406234175,0.858303502202034,0.1164124880451709,17.780958784132253
0.8310701341833919,0.6624218111392111,0.525946008041501,0.4621570324525237,0.643424010835588,0.02882524603046477,0.9231530895922333,0.8261240113060921,0.9807848630007356,0.7547462282236665,18.53568559161405
0.7646244342904538,0.0710001124534756,0.3077763970941305,0.16571039659902453,0.11768801044672728,0.2506458768621087,0.4679175210185349,0.4869121212977916,0.983267051866278,0.5962146804668009,5.193088752192087
0.4808511307928711,0.9374009263701737,0.4435390105936676,0.4105469328351319,0.8685948776546866,0.40665790787898004,0.7522302146535367,0.05510781379416585,0.5243104188703,0.8415461874101311,18.92332259723686
0.7589730534236878,0.20222020102664828,0.09941969462670386,0.09515990759246051,0.6732745326589793,0.502611740026623,0.13160667079500854,0.18289628205820918,0.5889626874122769,0.390311868628487,12.75760928181137
0.3576085544191301,0.2759136976674199,0.37577265687286854,0.7117959221359342,0.15940584102645516,0.39404131355695426,0.6412447558250278,0.4954770072363317,0.9101378342602402,0.9563136328943074,12.113804415221551
0.12916157743893564,0.9917293535545468,0.4446117174811661,0.7516589395236224,0.6448446689173579,0.5743685062043369,0.7939293582458049,0.7495840350165963,0.9643557227682322,0.6909138974733651,15.714324157835977
0.08746659173630178,0.4661808635573834,0.08504954865202308,0.7698174202814698,0.05337354773655534,0.9083445628639311,0.3607412735000253,0.46398110734298825,0.8228222569450736,0.152595674386248,13.21764679298621
0.12303021922707558,0.6017898072022945,0.5412601123098284,0.46655683498829603,0.29263860173523426,0.3567872145213187,0.325991548364982,0.20161777129396796,0.7699970412068069,0.09954851190559566,8.831572897016162
0.909471892984584,0.6549802038352937,0.24601985700428486,0.7183700120076537,0.6674529765732586,0.8542586236726493,0.06845775013789535,0.8268230641260743,0.679970275843516,0.6146313128992915,19.933978946832276
0.9110595139209181,0.6265080906450748,0.8160521490499377,0.9767434184905142,0.3290248888079077,0.11395553965121508,0.018271916080266237,0.7080574550200254,0.07215379318222404,0.3864406649954617,21.09063782702359
0.5972024586517364,0.5053016983438283,0.4530930225737393,0.2878903711680323,0.23208869714289904,0.8043239477556199,0.6206318910699338,0.09390298742800951,0.475139444693923,0.24075773800723255,11.813145426889037
0.4225439243018627,0.4638874679803848,0.11627413518726826,0.5280385301448405,0.0879209244158119,0.44479205715470016,0.5356760185677558,0.9745781272649765,0.8878873714711517,0.053240415174514055,15.403376584173637
0.7486957844812423,0.23606824409216642,0.6125125910621136,0.3536509720142931,0.7875493764877319,0.3377615758217871,0.14563657366670668,0.32795363990589976,0.7040588369127363,0.7751595950685441,11.920361324770795
0.25207695667631924,0.5390384418424219,0.3865986668970436,0.19745391746982932,0.44152366602793336,0.902326876996085,0.8670469264034182,0.8075059459079057,0.7138284023385495,0.5277785318903625,8.970715210188283
0.5101217648480088,0.7422800282947719,0.041017887415364385,0.4829277971293777,0.42974117398262024,0.30743397818878293,0.3975852921139449,0.4940052863676101,0.4119767916854471,0.322628345573321,18.84228438186871
0.5670000403188169,0.4755357976537198,0.8831017585471272,0.9809944313019514,0.6077981656417251,0.10507359565235674,0.8860047447960824,0.6026147971861064,0.9521620669402182,0.8643464832566679,23.606222452293895
0.6853683055378497,0.564781128661707,0.826178232440725,0.9635799720417708,0.9659809914883226,0.30175875360146165,0.5057596622500569,0.8653468126431108,0.7007680491078645,0.8911921412218362,26.11862307275133
0.5637058531865478,0.010422889143228531,0.5183781057130545,0.772364211268723,0.6089422914665192,0.765490870224312,0.44749080925248563,0.8268566143233329,0.040624938206747174,0.020353267202153802,11.417519725622414
0.11260867421515286,0.037811110028997064,0.7849172656424344,0.2951319089625031,0.17082651355303824,0.2038520690985024,0.10928587848320603,0.5696111007127911,0.19278754061087966,0.7927882873918861,6.185419674708826
0.05356815131381154,0.7621977007947862,0.3858602119144052,0.5656907979864627,0.6959544864948839,0.5348513228818774,0.3670701873488724,0.6019659857265651,0.38435544981621206,0.23359114909544587,10.454799349605013
0.6629896841477603,0.1591537797357887,0.955357130849734,0.5584079641848803,0.30438070953823626,0.025484558194875717,0.325601662741974,0.9320848432835191,0.2772442589048296,0.2727650960441679,15.159501753071982
0.02005041018128395,0.4408709036651999,0.03704063384793699,0.5255413150880486,0.8658870302606374,0.2527400718536228,0.4532642762642354,0.7221386912278831,0.627654820214957,0.896184470737353,14.62317862514613
0.829623228404671,0.9662986476905644,0.8597166440449655,0.527464475017041,0.1613605758175254,0.12838677503168583,0.390063144499436,0.3240165403112769,0.5043881929013878,0.7414618313778192,15.228128457677945
0.19845879380591214,0.09380030119791627,0.43773116217926145,0.7118125315755606,0.3216429178137332,0.8587259401101619,0.8207254186272621,0.8982616269495338,0.44094643741846085,0.5567388697527349,11.15735246276194
0.2571723023429513,0.5199433076195419,0.5206409094389528,0.7419660915620625,0.5706240232102573,0.3347420422360301,0.9401388766709715,0.0690399759914726,0.2665301386732608,0.46164485649205744,14.134233618320048
0.3453085932414979,0.05991756962612271,0.41000067396089435,0.3817356147337705,0.5487399850971997,0.49013623711653054,0.3462743842974305,0.5872768072877079,0.35094044893048704,0.719075137982145,7.191470607864156
0.1199035020545125,0.743844197364524,0.9589346400462091,0.7443878632038832,0.9114039866253734,0.464295017067343,0.3765188616234809,0.010550237726420164,0.7734567290171981,0.8927494625095278,19.850156930262564
0.8740818626247346,0.8857062151655555,0.1619934574700892,0.37087024259380996,0.48399815056473017,0.0806378263514489,0.4894607390742749,0.9332740334793925,0.8228112808428705,0.8070909795351326,14.123297408795477
0.47800538153387606,0.3867495215963572,0.9832841544412076,0.5758669273927808,0.7139042585622519,0.38120971247553825,0.5114833926782012,0.14790399628691375,0.07241036021150649,0.7244195055682212,17.941577934948278
0.7887824750505388,0.8548947391100228,0.48493978660553694,0.27192887803539634,0.10506926686502993,0.7251296401955187,0.016403838293626904,0.09300657035782933,0.8055126848630607,0.7638152725994587,13.527304254629339
0.279245852958411,0.49216178921051323,0.036719293566420674,0.7093508215621114,0.05523115932010114,0.04543185862712562,0.1270177634432912,0.721914540277794,0.5151239796541631,0.21121855941601098,15.142955057637932
0.6427198764868081,0.9795367522165179,0.8159995146561414,0.48079975857399404,0.14412412885576487,0.5622118373867124,0.3503185953013599,0.15187020250596106,0.7351179004181176,0.9114844042342156,17.515494700728418
0.7531572508160025,0.12918004603125155,0.9085849688854069,0.1598286652006209,0.08866892498917878,0.5194005351513624,0.4130739397369325,0.12851608311757445,0.5409391061402857,0.1898654350079596,9.149925482643265
0.9708692170679569,0.19695435254834592,0.21029321220703423,0.2051242608577013,0.6092979761306196,0.802231086185202,0.9777810068335384,0.07256929366849363,0.23066182783804834,0.5070996307767928,11.838426867363841
0.2782173010054976,0.17408786504529417,0.059955426724627614,0.8460765243507922,0.403958618408069,0.8352594315074384,0.017742251744493842,0.05005234247073531,0.8021958512254059,0.34945529885590076,14.655881539155228
0.6117350107524544,0.9631021376699209,0.9650165247730911,0.26066058804281056,0.955917515559122,0.29657328920438886,0.17750241071917117,0.6807468347251415,0.2358952509239316,0.7852642533835024,22.72983402399091
0.6818499932996929,0.7121706462930888,0.026036671129986644,0.9038248881697655,0.03273115656338632,0.49054053565487266,0.4495033463463187,0.6714000741485506,0.3986382696311921,0.03007517126388848,24.9417517319634
0.28016703645698726,0.7117375286761671,0.40397242712788284,0.13297852384857833,0.2694903446827084,0.05332965380512178,0.838469154201448,0.3434485581237823,0.4978358356747776,0.18822791590355337,8.700078123745795
0.38436759961768985,0.9941895673982799,0.519103871891275,0.17224826174788177,0.4201550562866032,0.7022730114404112,0.4697444911580533,0.5617367294616997,0.6034981519915164,0.8270518695935607,13.163836483133146
0.7040653724689037,0.11968030128628016,0.12498141662217677,0.6354470606893301,0.6375597533769906,0.2263367334380746,0.23650055355392396,0.5565703373868018,0.9796038996428251,0.3107314759399742,14.060546235855826
0.4403302911669016,0.019413867499679327,0.0394287935923785,0.6094719937536865,0.6879057527985424,0.9876020571682602,0.5725938891991973,0.19432005169801414,0.47887371527031064,0.23389502009376884,13.530436647810927
0.15505192335695028,0.8577262083999813,0.24026007601059973,0.6404026234522462,0.6785545260645449,0.7706054633017629,0.027478829957544804,0.6156393699347973,0.7425845062825829,0.9209524074103683,14.61436621702856
0.7774704971816391,0.3334126321133226,0.5932106950785965,0.04793183947913349,0.9312432045117021,0.5664233409333974,0.8583836257457733,0.20940078212879598,0.19695648783817887,0.9310946338810027,13.259055626205573
0.0482556710485369,0.8850104878656566,0.5100503189023584,0.06678535067476332,0.7525581477675587,0.34886269993148744,0.8554777852259576,0.7125536019448191,0.17865312402136624,0.6082279714755714,4.925505108389443
0.6709033991210163,0.9828252752777189,0.3170493186917156,0.6506947865709662,0.781881095841527,0.09437640686519444,0.05947155808098614,0.43057303642854095,0.08524257806129754,0.7492090645246208,19.984714305224763
0.0875549060292542,0.43620901298709214,0.658394931582734,0.24665735731832683,0.9119363548234105,0.7719358569011092,0.2840891683008522,0.8925459973979741,0.3258943543769419,0.7374296160414815,8.745571846490028
0.5120596485212445,0.4605398611165583,0.44216351583600044,0.5585726560093462,0.6283579505980015,0.3397853537462652,0.2848244758788496,0.6428199799265712,0.826626195339486,0.5066026141867042,16.019517221273247
0.4451158626470715,0.35624612169340253,0.43017751979641616,0.5530060045421124,0.9764401558786631,0.07554112654179335,0.3500257432460785,0.946265019942075,0.3522452989127487,0.4985737884417176,15.100751748334389
0.10918218013830483,0.370349635835737,0.17967694159597158,0.9287055020686239,0.6729353915434331,0.7005784153006971,0.6781149215530604,0.6988462507724762,0.10444744722917676,0.24874451756477356,15.233439611139941
0.6793604423291981,0.7856696879025549,0.3311226924415678,0.6415578515734524,0.26186834857799113,0.2358959971461445,0.9497079749125987,0.3015324668958783,0.3453591780271381,0.6027301126159728,17.00996974510676
0.3860510508529842,0.40818321518599987,0.6622557325754315,0.27106244675815105,0.4856367439497262,0.04975670832209289,0.9674366309773177,0.3205206380225718,0.7827345237601548,0.024312114343047142,10.22009919962674
0.8063918130937964,0.7828358267433941,0.7326226246077567,0.3726411168463528,0.05627422663383186,0.3873992192093283,0.6767200806643814,0.5254466508049518,0.06800508545711637,0.013087871484458447,16.58558601704285
0.28912593820132315,0.3184132310561836,0.2487957663834095,0.9934998338576406,0.7198740625753999,0.7222379809245467,0.7500257801730186,0.2512976590078324,0.012138075195252895,0.01745916437357664,18.527687014871976
0.142296853242442,0.9113741014152765,0.9388218317180872,0.5456252777948976,0.599515981040895,0.20815624692477286,0.08018610952422023,0.31917162775062025,0.6190570776816458,0.5766759486868978,16.496266616615753
0.47886440390720963,0.9433896569535136,0.4408633823040873,0.44087898288853467,0.7065201837103814,0.8290645324159414,0.5082362880930305,0.6841051473747939,0.48364989506080747,0.41529760626144707,18.602845442670272
0.8176449898164719,0.7688113732729107,0.5234770020470023,0.6715677045285702,0.3947808414231986,0.8418536235112697,0.5542841914575547,0.485374114010483,0.1348173173610121,0.32937462045811117,17.203263985401982
0.9644253163132817,0.4861832254100591,0.870232391403988,0.164560507517308,0.11142486170865595,0.03430673782713711,0.48595821228809655,0.8337035630829632,0.40218020766042173,0.814955422654748,15.702503815321412
0.8439870798029006,0.46124017611145973,0.7946381524670869,0.20257937838323414,0.5709838345646858,0.5784012246876955,0.36047686147503555,0.041681008180603385,0.920410189544782,0.5424436707980931,15.646808266870183
0.9729190189391375,0.8354828211013228,0.9597531245090067,0.11496280017308891,0.9158011220861226,0.14508532197214663,0.19446523161605,0.4323020630981773,0.9288264089263976,0.7071364286821336,16.070009142936392
0.3464123059529811,0.6785489039029926,0.8881922273430973,0.8840854107402265,0.294010081095621,0.6894552872981876,0.8094153269194067,0.10099208424799144,0.9188742020633072,0.16221521142870188,22.102889911358346
0.38174118963070214,0.5445780253503472,0.6375731753651053,0.9045945138204843,0.5580128044821322,0.8195644484367222,0.13533210614696145,0.04590572603046894,0.22877202671952546,0.8803523555397987,17.532279425580104
0.09432973060756922,0.23861272865906358,0.556775635574013,0.3656876345630735,0.5948000156786293,0.39524720003828406,0.31940501602366567,0.08075045514851809,0.6290705450810492,0.2023366189096123,9.42801353473114
0.8332614877726883,0.15279972995631397,0.12511144927702844,0.9485689799766988,0.10810507251881063,0.8763714057859033,0.41506770090200007,0.8110404787585139,0.25740173924714327,0.3119280789978802,16.693330145610062
0.7687077943701297,0.6996816201135516,0.1762141997460276,0.8293147548101842,0.09766632854007185,0.7382505892310292,0.861788559705019,0.4408720477949828,0.8885626983828843,0.8905444738920778,20.905889669824777
0.8292321446351707,0.4911525833886117,0.6742718818131834,0.9063082155771554,0.9714954271912575,0.4515364612452686,0.2558458161074668,0.2731968127191067,0.4438437046483159,0.09243690432049334,23.886994469468377
0.7978839767165482,0.16571611491963267,0.545263591222465,0.2822161631193012,0.04003116372041404,0.7744585804175586,0.1152500375173986,0.163172101136297,0.8772356021218002,0.9624188540037721,7.366481377536163
0.46517847245559096,0.47531596454791725,0.004641320090740919,0.5316180631052703,0.9733866646420211,0.12004102766513824,0.3322882787324488,0.8620179628487676,0.4745173656847328,0.04843617766164243,22.31668299419046
0.23902188939973712,0.7839743252843618,0.013547498034313321,0.7519683572463691,0.4039272218942642,0.8369197945576161,0.4890520314220339,0.4945284458808601,0.11558003700338304,0.2444984121248126,20.7836174436865
0.16393875028006732,0.8403762564994395,0.06626172899268568,0.02876663231290877,0.813473126385361,0.14488782617263496,0.5453332124743611,0.5586920909117907,0.4669911179225892,0.7347623168025166,11.216024354171273
0.8913796679116786,0.4973648772574961,0.5697705899365246,0.8634331789799035,0.8666160400025547,0.09425740083679557,0.038658821024000645,0.10226001776754856,0.5405857139267027,0.9795710174366832,22.76850133694069
0.6925515057519078,0.9721405422315001,0.13598481775261462,0.01597614143975079,0.633897747611627,0.3661638598423451,0.6403602410573512,0.12246944382786751,0.8742831947747618,0.9069612384773791,15.076107344669959
0.2298534216824919,0.42802667594514787,0.5490864808671176,0.7203796359244734,0.3250348202418536,0.1425541853532195,0.06969142239540815,0.2855663327500224,0.042757804272696376,0.31309677311219275,10.85647089084927
0.0407520099543035,0.8609670281875879,0.45372340572066605,0.37935410253703594,0.7340417439118028,0.7986899560783058,0.8357662898488343,0.9037531060166657,0.5508458821568638,0.5206966688856483,11.357981817574526
0.683905957499519,0.717861162731424,0.6941963017452508,0.22799871093593538,0.48995209275744855,0.8263139377813786,0.8400729577988386,0.5337941918987781,0.37167642125859857,0.024423877941444516,14.619170916662688
0.2427537404000759,0.9958455751184374,0.34055935870856047,0.38363938219845295,0.028637711657211185,0.16560909477993846,0.5309941389132291,0.2535786002408713,0.1847760051023215,0.1617914920207113,12.279957321089379
0.9454368026927114,0.054328069323673844,0.834744177525863,0.14601077674888074,0.38539152103476226,0.4006694389972836,0.9449300356209278,0.10927119385451078,0.9231279466766864,0.8938732231035829,8.81425521071559
0.9000039340462536,0.6765662564430386,0.3388966624625027,0.6633400621358305,0.09309823391959071,0.2611672368366271,0.1791199124418199,0.08314221841283143,0.7822008696384728,0.12255847314372659,18.110634529161494
0.3136160837020725,0.07167822681367397,0.8685439294204116,0.21427020919509232,0.7117708267178386,0.06464863801375031,0.6582380477339029,0.08136563142761588,0.8685790065210313,0.5802508844062686,10.179981876696928
0.9079286339692771,0.10336049180477858,0.77052574721165,0.6683141398243606,0.5226471188943833,0.08107941364869475,0.8258208797778934,0.21532284771092236,0.5425362656824291,0.8365670030470937,12.869466426740063
0.9338879336137325,0.028910189168527722,0.7772755313199013,0.7997778567951173,0.24302166234701872,0.8328754652757198,0.5869783842936158,0.933430586475879,0.7929193880409002,0.25784276821650565,11.28913503712894
0.4152128358837217,0.9191461871378124,0.22271317429840565,0.3109581586904824,0.3552549814339727,0.20937344920821488,0.8547596163116395,0.27113574789837,0.09136710711754858,0.1513395644724369,17.58968188815026
0.9900679362472147,0.12716766633093357,0.25918407714925706,0.2765759320463985,0.6631235601380467,0.1552960928529501,0.21866439864970744,0.32199355820193887,0.8554371208883822,0.46751385764218867,11.070096082396464
0.5757222019601613,0.05190440104342997,0.24322485900484025,0.12583541218191385,0.7010247397702187,0.2659822409041226,0.9408099595457315,0.66207504295744,0.003161419415846467,0.6021941620856524,8.70582230476617
0.746677654562518,0.9754976120311767,0.09255644027143717,0.19768583658151329,0.8179660241585225,0.10996895935386419,0.6433789164293557,0.43710575136356056,0.3963411662261933,0.15592809906229377,15.42999977582636
0.5983940018340945,0.8060693871229887,0.32097393996082246,0.5546736642718315,0.524598044808954,0.5469231200404465,0.9604249820113182,0.5827181010972708,0.551655126735568,0.6041514901444316,18.72351741938543
0.6836961363442242,0.9748439907561988,0.0777447719592601,0.44057617080397904,0.7240272392518818,0.5558005692437291,0.6791824148967862,0.5736418084707111,0.9689870895817876,0.6684020478278399,19.69501543160991
0.815715644042939,0.3550103751476854,0.8829716288018972,0.7115908472333103,0.49433018546551466,0.6236821829807013,0.9402418101672083,0.5529576623812318,0.014512285124510527,0.4214112088084221,19.32382898674051
0.8090218245051801,0.395629026228562,0.19628270179964602,0.003236770862713456,0.31657402170822024,0.7968651475384831,0.12548048119060695,0.6174879218451679,0.7383509869687259,0.2541303038597107,11.76159968750852
0.35833962308242917,0.046398743288591504,0.8917885827831924,0.485157526563853,0.8283475537318736,0.6589678626041859,0.3890221242327243,0.5498807146213949,0.36537945410236716,0.2230120631866157,12.6756995508597
0.16464706812985241,0.2556690282654017,0.3813519363757223,0.4904285909142345,0.17912137345410883,0.2231911348644644,0.882573253242299,0.2801582319661975,0.695720307296142,0.8919473786372691,6.090553456822702
0.5656431042589247,0.35002802731469274,0.8923118957318366,0.9968237730208784,0.9091531590092927,0.7875616867095232,0.1094424007460475,0.4859491854440421,0.0692246463149786,0.5984263711143285,23.254885014274816
0.07380946539342403,0.18233316182158887,0.3235181088093668,0.6532885262276977,0.4960093372501433,0.9525060919113457,0.9160892032086849,0.9036076869815588,0.5991212578956038,0.9344981401227415,11.002766575621306
0.04099118825979531,0.5707159582525492,0.7898005996830761,0.295616990653798,0.9801992131397128,0.5303585974033922,0.5693893185816705,0.9403248927555978,0.11586262169294059,0.4885324102360755,10.330015344556001
0.3121980680152774,0.048022128408774734,0.1758152307011187,0.2719874575268477,0.9663862627930939,0.19365065707825124,0.033725082175806165,0.4868872151710093,0.16322358837351203,0.14521463098935783,10.197487984334069
0.4412924130447209,0.11168533796444535,0.14019373315386474,0.8623221691232175,0.19985129171982408,0.5394376267213374,0.2848449661396444,0.0674957747105509,0.08815594459883869,0.7343646276276559,12.743759502590567
0.09687932021915913,0.8787270614411682,0.9728354613762349,0.4490262607578188,0.3417697011027485,0.17359466571360826,0.22621299931779504,0.5486728090327233,0.9538500090129673,0.46462285914458334,14.37883565132282
0.028364628553390503,0.6086755846627057,0.5948951395694166,0.6830397052690387,0.1921811008360237,0.2667966664303094,0.7821455174125731,0.8887316812761128,0.34816760709509254,0.8121136077679694,7.634836460613214
0.3159383595921099,0.48670374299399555,0.6765354480594397,0.18730637314729393,0.12842580047436059,0.6750505187083036,0.37451915186829865,0.6500415690243244,0.5036997257266194,0.1273915129713714,6.378975251350683
0.5708086679223925,0.27267096657305956,0.17923826351761818,0.29631012002937496,0.39445564430207014,0.824776734225452,0.10702962661162019,0.5882938683498651,0.14744791202247143,0.4558262329082936,11.261546156197232
0.732979284832254,0.0019216712098568678,0.31112518114969134,0.24075088487006724,0.17750584706664085,0.6026244829408824,0.4173972539138049,0.5975658046081662,0.927117855520919,0.4678840236738324,4.238160834500346
0.6795835008379072,0.056820890633389354,0.9939065191429108,0.8377266004681587,0.05131558491848409,0.1858251616358757,0.06644909107126296,0.1090366889256984,0.9317369889467955,0.5945555153302848,13.233102164280645
0.37354144430719316,0.545061974786222,0.12642944301478565,0.36261507007293403,0.5849888438824564,0.9993924498558044,0.842734141042456,0.7043870680499822,0.30998795316554606,0.1366194230504334,15.402530011955987
0.85778540186584,0.6151894577778876,0.920935676433146,0.9326799958944321,0.6153827977832407,0.08317498839460313,0.01981303351931274,0.0006843316368758678,0.5183048634789884,0.8071211131755263,27.280434058330705
0.18044545594602823,0.06662183068692684,0.26498965569771826,0.5979234338738024,0.7037382898852229,0.6193860243074596,0.777733284747228,0.5960250047501177,0.012541051488369703,0.6515901884995401,12.120103010888204
0.20443654339760542,0.41353602590970695,0.34524802095256746,0.8597435727715492,0.11003672797232866,0.4376020026393235,0.32312742015346885,0.009267017710953951,0.9711783481761813,0.029647813644260168,12.580222745329282
0.49678733642213047,0.7047959053888917,0.2664852635934949,0.9308058910537511,0.8479301065672189,0.6769869062118232,0.39255172573029995,0.480178750352934,0.04576363181695342,0.870398489991203,26.968002827753487
0.6722531761042774,0.9618810638785362,0.4943451820872724,0.2889598391484469,0.9952769686933607,0.09084579069167376,0.6432377381715924,0.18518171226605773,0.6657299685757607,0.5079342443495989,16.256197846776924
0.27919117105193436,0.3378199499566108,0.743668379727751,0.5573932761326432,0.12468919204548001,0.7399031065870076,0.35241583501920104,0.6600219074171036,0.3061379990540445,0.5911816381849349,10.263532469932553
0.5751237305812538,0.37879641354084015,0.7853483513463289,0.10750566446222365,0.34497886640019715,0.0766817145049572,0.2814251435920596,0.9014842009637505,0.08930718037299812,0.9471655443776399,10.443122209285454
0.8824524534866214,0.5930533413775265,0.5432734361384064,0.6586638884618878,0.7383550642989576,0.9958335408009589,0.17298306780867279,0.9174034046009183,0.37915789685212076,0.02150104776956141,19.189966917057593
0.24236634140834212,0.2000542765017599,0.6660167335066944,0.1912844586186111,0.8361239577643573,0.6047101002186537,0.6775282765738666,0.46005096938461065,0.5426688487641513,0.7695423155091703,7.3874268898645745
0.5736983777023852,0.7631907190661877,0.6616432284936309,0.09022610587999225,0.3375433150213212,0.7692315813619643,0.8174948869273067,0.11071704979985952,0.8334459657780826,0.8707566086668521,12.165733232992903
0.6578221130184829,0.23193226614966989,0.7821299063507468,0.29976903134956956,0.36365317669697106,0.7262382893823087,0.9844537707976997,0.4039490905124694,0.060231715673580766,0.2775160900782794,10.722784418754282
0.11688756803050637,0.706141997128725,0.9548223870806396,0.7650838366243988,0.06968133081682026,0.14233750174753368,0.5606571324169636,0.19358087633736432,0.11675118817947805,0.16993816453032196,14.758759181342821
0.3226767329033464,0.5480645035859197,0.3943745428696275,0.7710193910170346,0.2786805829964578,0.6677327945362777,0.25698745297268033,0.08246662374585867,0.9735746833030134,0.05040376470424235,13.945285277678764
0.6276281957980245,0.2750758617185056,0.23640879057347775,0.19606383750215173,0.41435703984461725,0.4639203054830432,0.04297227808274329,0.7431298205628991,0.5175956138409674,0.12743428465910256,9.412108626197632
0.3007854684256017,0.6553825337905437,0.2564045775216073,0.9509781287051737,0.5553698840085417,0.04936104314401746,0.5781137044541538,0.13609486166387796,0.9945307725574821,0.36228577070869505,19.747397187105495
0.7845035835634917,0.22113085887394845,0.9747364660724998,0.2623828889336437,0.07682769349776208,0.48190559237264097,0.39518480328843,0.4978926351759583,0.0603303168900311,0.8408609663601965,12.374522529356355
0.34742294414900243,0.7200968684628606,0.8236126475967467,0.953654638491571,0.7407900469843298,0.7397114606574178,0.1076256139203906,0.09578410000540316,0.8189855455420911,0.24627260980196297,22.302103626951798
0.17412261036224663,0.23340422194451094,0.6819975757971406,0.010002392809838057,0.7576040085405111,0.8473243119660765,0.9232876810710877,0.7714156729634851,0.766282508848235,0.9446562398225069,7.2499146909413605
0.9061804499942809,0.23011349351145327,0.6381006292067468,0.5802446908783168,0.3341717040166259,0.7272314475849271,0.5753079273272306,0.23815890960395336,0.8284900470171124,0.8748605819419026,14.121427294271115
0.1731106520164758,0.024192276410758495,0.5785823005717248,0.7096429124940187,0.3628980873618275,0.5813537642825395,0.028749701101332903,0.2559472944121808,0.555334399221465,0.8367634620517492,9.630759416263327
0.3096900195814669,0.45123766688629985,0.8067151845898479,0.7478794297203422,0.21765067405067384,0.20175996189936996,0.28001252142712474,0.8046652360353619,0.9926834546495229,0.0618323665112257,13.773051681564361
0.6423720740713179,0.3340147577691823,0.7498192775528878,0.009926998056471348,0.49673000792972744,0.1299277925863862,0.45182434585876763,0.09109327010810375,0.7770936589222401,0.07369160861708224,8.678660651842627
0.6338921051938087,0.6053383611142635,0.36309731425717473,0.7372490342240781,0.20615137391723692,0.19174609705805779,0.21623742510564625,0.07227113260887563,0.6637769991066307,0.8470506395678967,17.679462168451366
0.17933997861109674,0.6988256864715368,0.9208433199673891,0.3947574053891003,0.9270367191638798,0.2398726507090032,0.45807923492975533,0.858472119551152,0.21269169775769114,0.6778661101125181,16.90289131067572
0.005675744963809848,0.9431475067976862,0.9158945141825825,0.019081460312008858,0.5601387752685696,0.34498791955411434,0.7226354016456753,0.7647575824521482,0.3019761105533689,0.7778788891155273,6.2664345262288315
0.0786718507297337,0.17699123779311776,0.46121164807118475,0.36378812696784735,0.3721008626744151,0.16418127878569067,0.6533138726372272,0.5329597338568419,0.47100206441245973,0.03367339144460857,3.8275045936220145
0.9184170833323151,0.4961066166870296,0.13514037057757378,0.14210140332579613,0.072293764911592,0.07098689745180309,0.311425197403878,0.1299647525884211,0.22168332734145224,0.5993596673943102,13.751363887100043
0.7513207262381911,0.5462041415739805,0.3359040697105229,0.8282437766902149,0.08852718793787062,0.19444412412121892,0.9472727868705988,0.97096760221757,0.8478372998069972,0.44221814814954996,16.224436030244615
0.185301206773147,0.42062045517377555,0.6473570812959224,0.12576313293538988,0.7815554297994822,0.3850556588731706,0.7131741209886968,0.42617148254066706,0.27993261022493243,0.9265449943486601,7.059239506791235
0.872376010986045,0.7016389700584114,0.34598894929513335,0.61860735504888,0.12813548394478858,0.9557634617667645,0.07406158628873527,0.2082843028474599,0.19071974465623498,0.09685025340877473,19.242561539643592
0.3598186958115548,0.8731051962822676,0.4869626921135932,0.8803220572881401,0.7639213777147233,0.9209462332073599,0.6531909396871924,0.7856360324658453,0.16713860374875367,0.2600040871184319,22.49318861715714
0.10143593768589199,0.18315671407617629,0.14966668002307415,0.3671125692781061,0.8727788857650012,0.09904578048735857,0.7504813342820853,0.47463985346257687,0.8934726242441684,0.2975578485056758,9.373032633487464
0.4464568328112364,0.10866714920848608,0.8074785002972931,0.0989307330455631,0.326306976377964,0.1841537558939308,0.6908392375335097,0.41004217718727887,0.4968020401429385,0.6517264200374484,5.237848125051927
0.12741074385121465,0.2455630658660084,0.5788241827394813,0.15224546706303954,0.8880549925379455,0.6515553428325802,0.6163856741040945,0.5178659721277654,0.08607126446440816,0.7980810534209013,5.458717041628604
0.9092767117545009,0.45618334179744124,0.33490794454701245,0.6728683519177139,0.4355011750012636,0.6057510678656399,0.09696594439446926,0.09285797248594463,0.5570434709079564,0.8396398085169494,19.998109891904026
0.042231889674440026,0.9445212546270341,0.17758162086829543,0.07096414710395038,0.008850245038047433,0.38264890876598656,0.23598702158778906,0.18093912582844496,0.998539699241519,0.9376342031173408,5.20250359027256
0.4151217485778034,0.9266838361509144,0.35976591636426747,0.637800209922716,0.1804379483219236,0.8295762618072331,0.1757557988166809,0.4973605459090322,0.755205046152696,0.11867381306365132,15.515483407782833
0.642245524097234,0.854215343715623,0.7211620649322867,0.3417662244755775,0.705357511062175,0.6161021383013576,0.3246706882491708,0.16120631550438702,0.9211468498688191,0.055756372632458806,17.785848254213807
0.8380135474726558,0.1139744846150279,0.10112585476599634,0.25625104596838355,0.15520062413997948,0.20395478908903897,0.5115435272455215,0.6585021747741848,0.8605797193013132,0.22881770809181035,8.469848081697913
0.7800447165500373,0.8054322279058397,0.12026530294679105,0.7246788351330906,0.7474430287256837,4.134606570005417e-06,0.47286170558072627,0.5901223332621157,0.6751384274102747,0.8290438016410917,23.38106721069242
0.5382566603366286,0.9763146755285561,0.15639415849000216,0.8367642678786069,0.09633918502368033,0.9601206798106432,0.20089794741943479,0.5449066399596632,0.5692817231174558,0.07861068425700068,21.044249792090692
0.49767379043623805,0.35511342040263116,0.02278093504719436,0.0034055227879434824,0.2811920011881739,0.5577571031171829,0.40463453345000744,0.8033231091685593,0.9654475846327841,0.7879717464093119,10.236492020530687
0.8604832226410508,0.6760987881571054,0.3286728353705257,0.6938926826696843,0.6441395448055118,0.059786619152873755,0.8840641395654529,0.8423161935061216,0.6410547371488065,0.4357359397690743,19.497834637656908
0.1673709626775235,0.39136973163113,0.9079918547067791,0.4197132778353989,0.536643743282184,0.7931835763156414,0.5729249380528927,0.7809403829742223,0.80413679452613,0.2951054838486016,11.232468655772692
0.6713456779252738,0.09980334807187319,0.7114986935630441,0.667273785918951,0.012120517203584313,0.7563593415543437,0.45607092999853194,0.09321235306560993,0.1753824665211141,0.4105135246645659,8.876747748527663
0.22585102706216276,0.6929629561491311,0.19087904691696167,0.20473138941451907,0.7651750184595585,0.7647607123944908,0.4235748171340674,0.2915601918939501,0.25183443212881684,0.4502046084962785,11.724670852660623
0.46492950478568673,0.11977847805246711,0.9806014527566731,0.8297824296168983,0.011422391282394528,0.969273064751178,0.21785739180631936,0.303967347368598,0.9333840957842767,0.9666695669293404,15.965618162773488
0.8479981371201575,0.9301360610406846,0.31091343332082033,0.6237155110575259,0.4067752936389297,0.7667485398706049,0.043534689117223024,0.6104727906640619,0.9711320505011827,0.013664205791428685,16.667104795663885
0.5345249893143773,0.4847966709639877,0.37171617592684925,0.4508299462031573,0.584345986135304,0.7836117350962013,0.571273170877248,0.6091043336782604,0.7884424449875951,0.6474242091644555,13.843956500248211
0.06760159856639802,0.8091354558710009,0.5331746835727245,0.8995893406681716,0.221273458795622,0.5133971162140369,0.9712026678025723,0.1844587184023112,0.9206782034598291,0.500398519448936,11.64641249004443
0.904427134199068,0.465899471193552,0.7842797443736345,0.7895658847410232,0.5806884658522904,0.3160155445802957,0.5642546964809299,0.44921250035986304,0.7429394568316638,0.8429964950773865,22.491684235325696
0.20236635254696012,0.2817242140881717,0.0022046025842428207,0.10080489935353398,0.4125068031717092,0.9424048436339945,0.282414240995422,0.5024714255705476,0.4243187913671136,0.5531122616957873,9.80352624349007
0.7029491893481463,0.5045356273185462,0.42133457609452307,0.8112397040240467,0.5694804133381695,0.8580413972958922,0.9652076514903456,0.8282128984574229,0.7046310130972415,0.13134486926719546,20.85426078363662
0.24006250011734664,0.9719511158764362,0.48089303728193045,0.3766537318006158,0.23381347535178065,0.46416839864104986,0.8629587860777974,0.6163913973141462,0.5807661125436425,0.29771344573237,10.38096758299988
0.7134935525245965,0.6249306427780539,0.05929330480284989,0.6543761561624706,0.05925689567811787,0.7719601741991937,0.6059512901119888,0.7051398761104792,0.5498531127814204,0.7982174612116069,19.211455193317153
0.8888086567167193,0.208586685359478,0.6236798935569823,0.8481421761680394,0.4755350253544748,0.5571734036784619,0.1011665090918541,0.5563630855176598,0.932054229080677,0.7214756463654339,17.000030605890448
0.3956728510092944,0.8691794751212001,0.1596387734171003,0.6847555956337601,0.07599636749364436,0.4253513345029205,0.9354560906067491,0.09349618409760296,0.5901936171576381,0.441614342154935,19.03585012550666
0.48772721900604665,0.6316252166870981,0.2513422330375761,0.2617410970851779,0.182577861007303,0.03275265172123909,0.27098369621671736,0.35049661062657833,0.9581043655052781,0.9130921603646129,13.658315775470374
0.5737523606512696,0.486151066608727,0.7776878823060542,0.20553794805891812,0.4454923737794161,0.1899826843291521,0.7457937397994101,0.3302751132287085,0.5830513129476458,0.6452461401931942,13.393526687163142
0.3608888667076826,0.7883610865101218,0.8651014417409897,0.9258164272177964,0.7003895912785083,0.5769870125222951,0.5349423091392964,0.5762741721700877,0.4731101398356259,0.3674684416037053,23.94688580736929
0.936959191923961,0.6094719844404608,0.5144380331039429,0.46626203460618854,0.018939291825518012,0.43096118443645537,0.7832829293329269,0.5718774278648198,0.5070898761041462,0.6546409840229899,14.440199302464936
0.850790306692943,0.6164225523825735,0.3656323596369475,0.15578920068219304,0.8823991217650473,0.3815245714504272,0.13709789444692433,0.5787984379567206,0.18790425057522953,0.9166656890884042,15.68090834130119
0.29722375189885497,0.08338160952553153,0.7617517369799316,0.8914955786895007,0.49601536872796714,0.8793813774827868,0.21485889866016805,0.18996983184479177,0.5478403214365244,0.20053948112763464,11.57358860204446
0.529294305248186,0.9946793047711253,0.3646036034915596,0.6021122275851667,0.23032738454639912,0.36514480132609606,0.3403631343971938,0.032342660473659635,0.5216049065347761,0.4567774042952806,16.35759526534737
0.8563554682768881,0.5512260547839105,0.08872423251159489,0.9594848037231714,0.5537831140682101,0.020901259500533342,0.16853227512910962,0.17836991581134498,0.1143624042160809,0.046321777859702706,25.77724678007226
0.059804205084219575,0.18466046615503728,0.6718749054707587,0.02692017611116171,0.6795716448687017,0.33508360828273,0.27263893699273467,0.24221786600537598,0.8397833791095763,0.5020845448598266,4.233013125354114
0.19549162173643708,0.2689349497668445,0.10590797406621277,0.6766429077833891,0.48106676572933793,0.6141086271964014,0.12241556169465184,0.7372169035952538,0.6865026261657476,0.4342638235539198,16.004055348207658
0.044299027882516384,0.368431776529178,0.42014538892544806,0.5111858227755874,0.5266585927456617,0.018217120552435517,0.28802081500180066,0.024990713456645608,0.34320457302965224,0.30166693683713675,6.446089583520556
0.6803713347762823,0.5324351105373353,0.7938290843740106,0.0821453055832535,0.4626194410957396,0.8860008569899946,0.7389006146695465,0.3143662940710783,0.5247875703498721,0.8273463125806302,13.483757509959213
0.5772119588218629,0.8078172509558499,0.7777300756424665,0.9094487787224352,0.9509149936493486,0.8223182642832398,0.7553589807357639,0.5704801473766565,0.9810894543770701,0.7113098015543073,24.191753426266576
0.5260645381640643,0.1739937758538872,0.3958322834223509,0.05962855485267937,0.20481821848079562,0.4514643317088485,0.9657198691274971,0.07279664720408618,0.28564586490392685,0.5144097476731986,4.499566710456165
0.8516449932940304,0.18671864736825228,0.7569313417188823,0.9598948874045163,0.7424114351160824,0.36769931204617023,0.5882869614288211,0.9639106029644608,0.9086740273050964,0.6861674846149981,19.05027280022566
0.07097620493732393,0.8172918518539518,0.05852184910327196,0.829819128382951,0.5178540511988103,0.27207666798494756,0.04961737501434982,0.9794366082642227,0.4402435871306807,0.7268469906412065,17.708747052462066
0.04528256715275347,0.02714766701683402,0.40510840131901205,0.20976636558771133,0.19059891952201724,0.5557649368420243,0.01762883411720395,0.30451747798360884,0.5762002209667116,0.045246242079883814,2.9727971484061424
0.5360385989770293,0.8403909211046994,0.5751195531338453,0.1090775562915951,0.37025105860084295,0.8195786632131785,0.7231525611132383,0.44848183426074684,0.10565448552370071,0.8974585381802171,13.238014992551477
0.468015696387738,0.6770175597630441,0.2952279148157686,0.6578514336142689,0.34163477970287204,0.319471325725317,0.18033618316985667,0.29958919808268547,0.3207757887430489,0.9637078472878784,20.104643622917024
0.30549690034240484,0.4447607162874192,0.2666273326613009,0.4784154109656811,0.6148720795754343,0.5745173224713653,0.35721622011624277,0.203774759080261,0.5473920125514269,0.5029874660540372,12.514767546270496
0.07378303911536932,0.02882409282028675,0.16114682564511895,0.5615705731324852,0.4700445905327797,0.26998853613622487,0.018424648558720946,0.00029702624306082726,0.37561448756605387,0.18761652801185846,10.243615767387144
0.8804439457599074,0.3140701020602137,0.21611454477533698,0.8158278651535511,0.7413207273930311,0.7113425873685628,0.730545325903222,0.6459851751569659,0.2189930195454508,0.16781703499145806,21.179981318107384
0.48513636318966746,0.5432710919994861,0.07915159943513572,0.20392679888755083,0.910173628712073,0.49034862616099417,0.40605673589743674,0.09923625108785927,0.10254621575586498,0.2988335390109569,16.255591022489966
0.5707915308885276,0.46527628949843347,0.4080528060439974,0.27245842455886304,0.8625385542400181,0.19328017299994826,0.3886437613982707,0.8733490719459951,0.5191120444796979,0.6551884352229536,16.94511444654352
0.4672753228805959,0.9255055724643171,0.40399817121215165,0.9641057066619396,0.6756556450854987,0.9584670905023813,0.15138773806393147,0.581131091574207,0.3589918890502304,0.24809172446839511,24.286164863428848
0.7605164698325098,0.6835762939881533,0.7389900139532983,0.7835924150422215,0.7791304523125291,0.5708184684626758,0.6216908195056021,0.09216256369836628,0.42102199932560325,0.2232709564268589,23.525662993072302
0.24354638624936342,0.2234782597515732,0.3851684364490211,0.705744055332616,0.5675434086006135,0.030557688558474183,0.41928287385962903,0.20446497877128422,0.8080299410503358,0.1725685209967196,11.260876940605723
0.5126180532388389,0.6229370646178722,0.1558413275051862,0.48021216806955636,0.1560834285337478,0.9758586182724684,0.7137554718647152,0.3427667496725917,0.1991635721642524,0.23036215198226273,17.791846423883825
0.09489358612336218,0.1379617212805897,0.5639109825715423,0.4874942577444017,0.1067790575325489,0.9690696590114385,0.30329687986522913,0.2817414451856166,0.3148034675978124,0.19247924746014178,5.43186686892863
0.556045335251838,0.1866350625641644,0.47111903061158955,0.48037185007706285,0.26785430684685707,0.22744571091607213,0.21790954284369946,0.6043929886072874,0.3453187358099967,0.842594652203843,8.378856192055817
0.8516753783915192,0.8413937264122069,0.3915844736620784,0.9103444695938379,0.2890757229179144,0.13126835646107793,0.7752664696890861,0.349294280866161,0.726116412319243,0.8930927061010152,17.93201069924708
0.8020154605619609,0.08243302931077778,0.16547641810029745,0.9585496785584837,0.23221072554588318,0.07601265073753893,0.17836371413432062,0.271168316481635,0.025630121817812324,0.26056863414123654,15.045443961896416
0.4619382007513195,0.7660328221973032,0.7816927484236658,0.8855509972199798,0.4257270968519151,0.039431325159966946,0.2520412455778569,0.1438072002492845,0.2793770970311016,0.6958660148084164,20.031520529737385
0.5847865929827094,0.08587704808451235,0.3763052935246378,0.6232284831348807,0.2358131550718099,0.5106567735783756,0.5210045427083969,0.8724278181325644,0.29404465085826814,0.8786470394115895,8.049255544456429
0.548917779000476,0.9649877878837287,0.8495448676403612,0.5111343848984689,0.2140616646502167,0.9055304799694568,0.30656360858120024,0.5104151221457869,0.35852480912581086,0.852676744107157,17.69326796012181
0.45506366109475493,0.21655229874886572,0.5886318457778543,0.96214245329611,0.01585188996978104,0.17755323252640665,0.7898827532771975,0.1858368804678321,0.49359377985820174,0.3437115747947246,13.751879077991124
0.3286584543529898,0.9167512622661889,0.7494320853147656,0.09329584543593228,0.11075350479222834,0.23850711365230381,0.17151816189289093,0.8590567451901734,0.7463991353288293,0.6509508388116956,11.024567073588553
0.4504478145390749,0.4583793410565704,0.05484700342640281,0.7827892380300909,0.9478376142214984,0.6708883438259363,0.41479763318784535,0.5839554755948484,0.3153644148260355,0.6031342323403805,23.43655349499671
0.2973095388151705,0.04351539979688823,0.9559298001695424,0.5331058085430413,0.37582084187306464,0.42245138133876026,0.13409751886501908,0.9378783088177443,0.04036630084738135,0.6524157093372196,11.219202160478108
0.284844251582399,0.8405854934826493,0.520723894238472,0.9242979153059423,0.4680153864901513,0.6107415438164026,0.5274935259949416,0.8600048669613898,0.5360763075295836,0.6388190765865147,18.003741640846524
0.515230871969834,0.7622839282266796,0.34863923327066004,0.4003373666200787,0.3151406911201775,0.7430595641490072,0.9753823704086244,0.7550924154929817,0.9865607467945665,0.3810922699049115,16.386305433711215
0.12052011885680258,0.6701693586073816,0.8556575528346002,0.3392918240278959,0.7721216506324708,0.22350853239186108,0.8576673245988786,0.563638384686783,0.7157605888787657,0.11602531117387116,12.694876196384921
0.14317130227573216,0.7203135509043932,0.10601514205336571,0.13475643168203533,0.07154835062101483,0.6628665945027024,0.42302819225005805,0.5058049042709172,0.31384794297628105,0.7449640349950641,7.878482359259441
0.3069367054849863,0.17641814146190882,0.9391399594023824,0.6638733586296439,0.2538186393212527,0.3871595549862832,0.7330143053550273,0.1507108760997653,0.2392015545628965,0.827434612903744,13.77664007480043
0.8149153662379831,0.7392517949920148,0.2911596873309463,0.24332236545160413,0.06440840568393469,0.838008445687592,0.2882374927867204,0.44764700857922435,0.961507490137592,0.42469781660474837,11.669380460435391
0.3070353085640818,0.8762057512067258,0.6650724494829774,0.6309246059972793,0.8027699566446245,0.13917278265580535,0.4159465858247131,0.10007892968133092,0.28718351549468935,0.2723967805504799,17.039754516649477
0.17867731279693544,0.8138178307563066,0.9102481729350984,0.36772624496370554,0.4447329747490585,0.6710554964374751,0.04572842037305236,0.8325927394907922,0.4208056624047458,0.8996179990936071,12.958541660459213
0.8186054246034473,0.8263168814592063,0.9309756075963378,0.13935521966777742,0.5366614647209644,0.33879922167398036,0.7961134910583496,0.795609385939315,0.347368692047894,0.6688339377287775,15.191230488536805
0.5368920527398586,0.8890361695084721,0.26723266555927694,0.06258759275078773,0.9384692953899503,0.1363394116051495,0.30727687617763877,0.537086681695655,0.5097324289381504,0.6744370607193559,15.148819802787754
0.294513511704281,0.4436717287171632,0.3099999069236219,0.6158746180590242,0.09627424809150398,0.025485471822321415,0.8043756643310189,0.199331721290946,0.33744814503006637,0.1511334425304085,11.500906622580493
0.8966443347744644,0.6983349290676415,0.21303430758416653,0.9106145121622831,0.661154116038233,0.20183029933832586,0.4221333696041256,0.30010835151188076,0.5310469607356936,0.22051667561754584,23.017653643305596
0.911941344384104,0.024252986535429955,0.03610693686641753,0.0024477606639266014,0.3891307895537466,0.8389594038017094,0.5606923375744373,0.7222631697077304,0.2707755935844034,0.26648448780179024,8.766642515346877
0.14085107599385083,0.8257482389453799,0.28757130657322705,0.8768238788470626,0.02533053932711482,0.8639460492413491,0.888844265602529,0.41306650917977095,0.3052974841557443,0.8878836594521999,12.56222227485216
0.5952269553672522,0.6226898583117872,0.9678757910151035,0.8157330534886569,0.9510564226657152,0.9008647426962852,0.14350432134233415,0.2923707233276218,0.17407153639942408,0.42688617133535445,26.343033091812266
0.30568174202926457,0.051129844738170505,0.9498877730220556,0.07594717270694673,0.33970725000835955,0.14378181076608598,0.1762914638966322,0.37808190821669996,0.29185989988036454,0.8503906186670065,7.39984734856918
0.5607792227528989,0.35293485573492944,0.5014655443374068,0.5772509851958603,0.6028032482136041,0.6538061359897256,0.4551548915915191,0.15243322914466262,0.2178281305823475,0.954119092784822,14.620532990558273
0.5218663914129138,0.4537225952371955,0.7665199998300523,0.8206718938890845,0.34059754153713584,0.7057189031038433,0.25950548984110355,0.050020908238366246,0.6627680915407836,0.3349828668870032,17.049459353505846
0.6070234561339021,0.36871199239976704,0.5719930292107165,0.13451277907006443,0.45374922454357147,0.45747643802314997,0.7792047061957419,0.2399140417110175,0.006986962165683508,0.7065872331149876,10.769929794141538
0.044297566870227456,0.7569999322295189,0.6131229237653315,0.544307618169114,0.37772815534844995,0.5186347682029009,0.2115453351289034,0.18754772399552166,0.738886687438935,0.23474308918230236,8.01827098975702
0.43660939461551607,0.6425367933697999,0.1287177517078817,0.13913849601522088,0.8036344165448099,0.3784436141140759,0.827567276544869,0.8718404464889318,0.21945741958916187,0.5434183115139604,15.742515128418773
0.08255123952403665,0.6658644115086645,0.4872322145383805,0.5013198712840676,0.5270945632364601,0.3351081528235227,0.3437934354878962,0.886488831602037,0.14187399065122008,0.05050512170419097,11.389980653315064
0.6469192402437329,0.1378432426135987,0.7462648805230856,0.5672619654797018,0.10951215936802328,0.6955989892594516,0.6605495696421713,0.6771261601243168,0.22614176385104656,0.8014977320563048,10.637700178227604
0.3736069444566965,0.7061130027286708,0.7967914720065892,0.7381236490327865,0.29708649800159037,0.16500534187071025,0.9082304460462183,0.8291255957446992,0.08871265198104084,0.23351191449910402,18.676909721866092
0.24800215987488627,0.715684087947011,0.9387319565284997,0.32583683053962886,0.5145469966810197,0.728283709147945,0.16251046350225806,0.9306478991638869,0.7519455703441054,0.7114179881755263,15.239623495965386
0.4993953297380358,0.7381487181410193,0.6038684688974172,0.9585869866423309,0.9227949832566082,0.5706446380354464,0.07868830347433686,0.8748572366312146,0.7307568432297558,0.695387426065281,21.831163589271462
0.27281270804814994,0.25433913175947964,0.18358873832039535,0.8173006917349994,0.3659176789224148,0.3734539074357599,0.7637825387064368,0.784591103438288,0.649544978281483,0.8445357184391469,14.446563607985935
0.5780032256152481,0.3511169208213687,0.4577559132594615,0.6880679759196937,0.4953923316206783,0.048693599412217736,0.7458258022088557,0.32024813117459416,0.36714938073419034,0.4043151524383575,13.602744030434401
0.22816840093582869,0.4801695186179131,0.8005738512147218,0.4461599064525217,0.9161294267978519,0.3036945175845176,0.3771146161016077,0.7031491054221988,0.23586914944462478,0.8872058370616287,14.393452519213993
0.6513019315898418,0.059895572485402226,0.36357847205363214,0.09744995599612594,0.6845939147751778,0.5811686678789556,0.9794844479765743,0.24795746384188533,0.9084513939451426,0.6079994672909379,4.579397306967801
0.5230840984731913,0.30601043812930584,0.5264128465205431,0.9439331807661802,0.0667469936888665,0.36965973442420363,0.4466714207082987,0.48210873967036605,0.4665015898644924,0.9800778673961759,12.884270421138954
0.3557786261662841,0.8019120092503726,0.9185458580031991,0.962282495573163,0.01359893660992384,0.9346305297221988,0.9885941077955067,0.9940550050232559,0.8111538528464735,0.5510158282704651,19.384800168381734
0.8898291049990803,0.7778023579157889,0.3098898290190846,0.6205907121766359,0.6763675026595592,0.36662861006334424,0.8997712093405426,0.11595218954607844,0.8413830914068967,0.6871393183246255,19.748075902528694
0.3917872223537415,0.9831198488827795,0.8251988536212593,0.6162925523240119,0.6753471428528428,0.1245660874992609,0.8764080365654081,0.3884626675862819,0.9514183334540576,0.08998820860870183,19.110489451791388
0.6541324015706778,0.22563469596207142,0.40622547292150557,0.6815999259706587,0.19352050591260195,0.1705326058436185,0.574857518542558,0.7636310970410705,0.5842393757775426,0.7199729194398969,11.66877157658404
0.10165821737609804,0.9890819077845663,0.3308359675575048,0.1837456007488072,0.7962912921793759,0.8842673387844115,0.9195144374389201,0.07662116270512342,0.16329160309396684,0.44272520137019455,9.681753100831367
0.6692161737009883,0.5746178873814642,0.13408898888155818,0.8949885799083859,0.8243078258819878,0.2519070680718869,0.4908527403604239,0.29715692391619086,0.5346550275571644,0.5309683021623641,24.198657786266637
0.42141818488016725,0.24867346114479005,0.695364011451602,0.8047670004889369,0.12578634824603796,0.8616221875417978,0.8455399631056935,0.8655976131558418,0.9332886808551848,0.8811237700283527,13.914888013140517
0.5822247159667313,0.3843864540103823,0.8116088509559631,0.28820494608953595,0.405893721152097,0.31652315938845277,0.12754759704694152,0.4604098633863032,0.9169938343111426,0.9883051542565227,11.708517772014172
0.3864309089258313,0.4617911938112229,0.3746878267265856,0.2142857820726931,0.5421004840172827,0.5683028879575431,0.023203331977128983,0.4211422111839056,0.1405429334845394,0.40588887175545096,11.138603149476516
0.6682276057545096,0.8333019849378616,0.9085828717797995,0.5834149848669767,0.6512822639197111,0.7791411667130888,0.5078416399192065,0.6276036216877401,0.5807363106869161,0.7111455532722175,22.931098045225674
0.9499797362368554,0.22606227663345635,0.6676969651598483,0.06134168105199933,0.826574589824304,0.9076151114422828,0.672700366936624,0.7998061052057892,0.4393710312433541,0.7357251518405974,11.979059462562622
0.42333285231143236,0.059734974754974246,0.917775928741321,0.9608126387465745,0.08862426714040339,0.19758008513599634,0.48218128294683993,0.26498281909152865,0.09681247547268867,0.04808056028559804,15.978748200420478
0.5624346933327615,0.19924195087514818,0.25794610078446567,0.12299425038509071,0.17556551611050963,0.02940854476764798,0.2884901906363666,0.357307571452111,0.2901806717272848,0.33406272321008146,8.22724311580745
0.9227325466927141,0.016997253289446235,0.12670789053663611,0.24565177108161151,0.7027628642972559,0.6709528244100511,0.5962053185794502,0.13691944582387805,0.5661528275813907,0.702499363804236,11.60740041938283
0.8606771966442466,0.8667415832169354,0.4074736521579325,0.1733455336652696,0.9878880593460053,0.27197069046087563,0.8682548815850168,0.2442906612996012,0.6357938682194799,0.0777042971458286,12.49629078894363
0.7148452415131032,0.9413404574152082,0.78255003108643,0.45858794869855046,0.40697742998600006,0.07208628207445145,0.9663214858155698,0.39296051184646785,0.32567049004137516,0.9093361790291965,17.255118401030565
0.6687227948568761,0.929990406613797,0.9536134572699666,0.0839054761454463,0.5120926348026842,0.5585266330745071,0.24008754710666835,0.6534440231043845,0.9079838758334517,0.3867447378579527,15.866008297083145
0.11742905038408935,0.5722629465162754,0.833275850629434,0.22787462663836777,0.07326517975889146,0.4942514186259359,0.9877941748127341,0.5736873405985534,0.10081821540370584,0.8329374224413186,6.526548067133026
0.23172304942272604,0.6619991245679557,0.5247357019688934,0.37747050961479545,0.8597098984755576,0.39507346600294113,0.5812450165394694,0.20236337021924555,0.7609341870993376,0.37320775468833745,13.925200392633956
0.7487100719008595,0.4193333936855197,0.23090892238542438,0.6400693920440972,0.27315395092591643,0.11383782280609012,0.6086071988102049,0.20129935047589242,0.11577045917510986,0.31352928234264255,17.625982033955623
0.7513128803111613,0.5825914682354778,0.6665162253193557,0.2123908717185259,0.2877729735337198,0.7665153092239052,0.17819510190747678,0.35543708922341466,0.3631085760425776,0.9116450562141836,13.518852387518642
0.14377130731008947,0.17789889383129776,0.0662933539133519,0.07637654547579587,0.2783778745215386,0.27656876132823527,0.6150799917522818,0.8511330671608448,0.5660191723145545,0.18282695952802896,5.513329375923892
0.08279607631266117,0.7745576309971511,0.9165105568245053,0.0969126159325242,0.3527636150829494,0.22024753992445767,0.7290619080886245,0.8766922147478908,0.8125441456213593,0.8859277842566371,7.5305062618013965
0.4667231203056872,0.06030659400857985,0.8956729497294873,9.656255133450031e-05,0.4493000223301351,0.27361401356756687,0.7729065946768969,0.18119761673733592,0.5782723422162235,0.6661537995096296,6.174837136376033
0.9626857636030763,0.4025542961899191,0.577464138623327,0.8373509612865746,0.37806667131371796,0.8882613223977387,0.7658013037871569,0.016565626254305243,0.37854038993828,0.2910253405570984,20.404873337969857
0.5385289427358657,0.8880323234479874,0.6325431745499372,0.09214367577806115,0.626738172955811,0.3307464912068099,0.4934986662119627,0.02174519211985171,0.09051999892108142,0.1865978823043406,14.723120340518628
0.805563903413713,0.6102272612042725,0.5013813755940646,0.9575677260290831,0.5873948908410966,0.03749089944176376,0.059955786215141416,0.4227412445470691,0.10191238159313798,0.6886455533094704,23.241392786428914
0.5281773987226188,0.9642431465908885,0.8090894005727023,0.26792492531239986,0.7931192342657596,0.4850805946625769,0.9223255331162363,0.5253689109813422,0.8704965158831328,0.7039183494634926,18.150891709315694
0.394717181334272,0.36230546049773693,0.3246950451284647,0.4293036211747676,0.7835048630367965,0.7470857489388436,0.8063480327837169,0.5315385991707444,0.08301584585569799,0.5530488423537463,12.657333055460366
0.4641714165918529,0.9596484976354986,0.11041125701740384,0.5839131681714207,0.7041116994805634,0.6523731749039143,0.29119584569707513,0.8672320933546871,0.6705883133690804,0.43176257074810565,21.72629153406509
0.6880343377124518,0.9374401001259685,0.8153638967778534,0.3524028789252043,0.5622394208330661,0.17677093925885856,0.5062663396820426,0.4216988633852452,0.8246132123749703,0.7864270168356597,17.681369581126482
0.2553444809745997,0.7533251503482461,0.7988632351625711,0.07805540459230542,0.7043187040835619,0.051279818871989846,0.7234721700660884,0.1431875501293689,0.9010752481408417,0.7333645860198885,12.314077142322665
0.28370003146119416,0.4366339142434299,0.3997982000000775,0.9373890617862344,0.9164513875730336,0.6178384413942695,0.4695028292480856,0.9297656032722443,0.5120616022031754,0.43518529064022005,20.401666358407645
0.6973350530024618,0.2768725270871073,0.48075352888554335,0.21722291177138686,0.5088195060379803,0.09344483050517738,0.320022874744609,0.6016063876450062,0.8582437031436712,0.5140383027028292,12.595546066951878
0.2719151433557272,0.9609909651335329,0.6379378845449537,0.028985623503103852,0.339343364816159,0.7876025272998959,0.782922423677519,0.3970273018348962,0.9610350839793682,0.7342386150266975,10.809781295125465
0.9470350760966539,0.10903906566090882,0.5214026470202953,0.27483151108026505,0.5689907802734524,0.6833670232445002,0.7067741525825113,0.3104534454178065,0.3989603528752923,0.2413309528492391,8.106111880263501
0.8496497545856982,0.5357199825812131,0.8223101147450507,0.8326647114008665,0.22370036761276424,0.9939083370845765,0.01771297352388501,0.0009104472119361162,0.28761738119646907,0.07812004699371755,22.19295095728255
0.6812389756087214,0.25859671691432595,0.2999489577487111,0.5077861305326223,0.9482879140414298,0.7767227923031896,0.17862762906588614,0.9188029251527041,0.3657186636701226,0.8833202088717371,14.94125694121866
0.8043746654875576,0.9875370291993022,0.8275444770697504,0.9019756081979722,0.8453889433294535,0.6234591992106289,0.1426476025953889,0.47485881857573986,0.8931362840812653,0.1157406463753432,21.297555971303705
0.6985940784215927,0.2876572669483721,0.8933973053935915,0.39880121406167746,0.5731140677817166,0.29114020126871765,0.4442920156288892,0.028948960127308965,0.5838789790868759,0.5914790807291865,16.478131361443033
0.4941315879113972,0.8045556985307485,0.09476121445186436,0.558755919104442,0.5103581468574703,0.3509149751625955,0.21809208067134023,0.5292781682219356,0.7952123328577727,0.7098619574680924,20.016342573284383
0.9639889192767441,0.666032139910385,0.7335483368951827,0.1963850217871368,0.06990577164106071,0.6043684303294867,0.9877534941770136,0.8382077310234308,0.7045074726920575,0.951284262817353,12.60706585836714
0.9579305907245725,0.16731086187064648,0.7680835968349129,0.9053460275754333,0.5688364750239998,0.21024102927185595,0.7050399335566908,0.692929440876469,0.8948579733259976,0.7266882387921214,18.810505025217065
0.39200424845330417,0.8240788395050913,0.4804395097307861,0.9501301844138652,0.9436571630649269,0.8885668467264622,0.12461024662479758,0.7323591753374785,0.039057001704350114,0.6426171462517232,22.965887875002583
0.01670897426083684,0.8276008125394583,0.9061272060498595,0.525596181396395,0.18146119569428265,0.9937495945487171,0.5032263579778373,0.2756425959523767,0.6874486971646547,0.16913342964835465,8.790519862513593
0.9759308469947428,0.442027869168669,0.8376394580118358,0.09076728159561753,0.36515637999400496,0.4092204642947763,0.5936198520939797,0.8530906664673239,0.6527074850164354,0.7672290527261794,13.442273097971386
0.8989817220717669,0.8893060153350234,0.6204480428714305,0.3498579100705683,0.20665992936119437,0.42615382093936205,0.5577523563988507,0.6043196371756494,0.27653280319646,0.5759088387712836,12.814028982780073
0.4570731602143496,0.7195084360428154,0.746050986694172,0.6092504810076207,0.025230984669178724,0.016444771317765117,0.9661393912974745,0.473424841882661,0.9679652443155646,0.31317397276870906,15.358355741705957
0.4636264145374298,0.23932650173082948,0.9272019751369953,0.7141125572379678,0.32984331459738314,0.43966443836688995,0.20657286886125803,0.0458475430496037,0.2754665312822908,0.06600606883876026,16.231657675702312
0.056149252923205495,0.49961524503305554,0.024487515911459923,0.5008510714396834,0.01062809326685965,0.43477472197264433,0.08380720228888094,0.7461422749329358,0.3187885843217373,0.9854040334466845,12.041357604906532
0.22360316617414355,0.052471612114459276,0.11517883301712573,0.07108786865137517,0.8309019755106419,0.19812607346102595,0.937357738148421,0.9652509372681379,0.7684283058624715,0.5197150995954871,8.101297987241638
0.18453176179900765,0.2297600395977497,0.8074146488215774,0.6758414369542152,0.9523460783530027,0.7013588841073215,0.36512204445898533,0.7062262832187116,0.93987544067204,0.002532379003241658,15.698069879774508
0.3932735736016184,0.17227114154957235,0.25246985512785614,0.35086573055014014,0.9232235341332853,0.3179392309393734,0.283131388714537,0.8801913203205913,0.9257146909367293,0.3483782494440675,10.700424120149117
0.6127194291912019,0.9665339479688555,0.00963845755904913,0.1586428419686854,0.3653241489082575,0.20237309159711003,0.8207473629154265,0.7821509838104248,0.3666956352535635,0.2760348890442401,17.35846991209532
0.2508814015891403,0.6738759654108435,0.7625032856594771,0.18902442092075944,0.7029717657715082,0.7391863593365997,0.35921822604723275,0.3981808009557426,0.9305378824938089,0.08533639623783529,12.244908337469887
0.533854151610285,0.4059052017983049,0.34556631185114384,0.14773769560270011,0.14058424578979611,0.4261020692065358,0.8604512186720967,0.2950250084977597,0.13761747791431844,0.0808953766245395,11.398049054735367
0.41199118713848293,0.6851712800562382,0.6977282972075045,0.32743403268978,0.9834547301288694,0.4430230197031051,0.027995403157547116,0.7507760562002659,0.5650890711694956,0.5179505352862179,16.118880110631203
0.8921486735343933,0.6284807175397873,0.3719071042723954,0.42226736689917743,0.9838543760124594,0.8722484440077096,0.2910749001894146,0.3957934342324734,0.0849944343790412,0.8508520869072527,19.022764763410045
0.5030486492905766,0.306819747434929,0.6632421466056257,0.8301744130440056,0.2249630386941135,0.6693749618716538,0.045719664776697755,0.8532388950698078,0.020236689364537597,0.7472363263368607,15.647007284108744
0.9431120911613107,0.6269885238725692,0.7886222219094634,0.647934652864933,0.639472987735644,0.7054464279208332,0.5769754445645958,0.29320326959714293,0.30763611500151455,0.5351320514455438,20.5609900588976
0.08273179805837572,0.13894193735904992,0.4446243573911488,0.4234773335047066,0.42439925600774586,0.12607947597280145,0.08887326973490417,0.3765618896577507,0.04397736466489732,0.6317105703055859,5.703163125617144
0.1084537145216018,0.14626175607554615,0.7932415821123868,0.7306390963494778,0.5205421044956893,0.19510069163516164,0.6152720358222723,0.58250692486763,0.8036536222789437,0.1569330885540694,12.231060444721033
0.9987237905152142,0.35293295443989336,0.9776407983154058,0.7230096177663654,0.30398529092781246,0.8116389967035502,0.7762452042661607,0.6445006721187383,0.16117312549613416,0.9930003555491567,23.100499909305427
0.6698234775103629,0.07226355350576341,0.7632327082101256,0.22272622073069215,0.04484758758917451,0.9964275984093547,0.6755761238746345,0.5727794242557138,0.22261414723470807,0.5764431382995099,7.599580226393657
0.7760635653976351,0.7280683384742588,0.5070841566193849,0.5338923525996506,0.012558965478092432,0.5960359901655465,0.9374324672389776,0.9266633805818856,0.11441887612454593,0.7082836446352303,13.308314508046259
0.3691875785589218,0.06850049598142505,0.09144787187688053,0.8271387780550867,0.599281219067052,0.1215987466275692,0.10632672882638872,0.43649829691275954,0.3828282637987286,0.4402761624660343,15.89254759672427
0.6013189419172704,0.6782365357503295,0.38999744364991784,0.9391466418746859,0.3097585062496364,0.07157415919937193,0.47978069679811597,0.5597857984248549,0.6918781257700175,0.8086120127700269,19.78381638414373
0.40799179556779563,0.48785517062060535,0.1042825486510992,0.4576162181328982,0.7062473602127284,0.5789753769058734,0.5440816232003272,0.3993854389991611,0.5410984244663268,0.443927240325138,15.649039804247227
0.8563455811236054,0.13026559515856206,0.23773650405928493,0.782976970076561,0.20632312214002013,0.6126255819108337,0.39356241351924837,0.2791591652203351,0.5125572306569666,0.6656271282117814,12.241508432515216
0.6341890979092568,0.8698317464441061,0.1730515700764954,0.39806884760037065,0.4750366536900401,0.882766299881041,0.8028647329192609,0.7534217606298625,0.9861618052236736,0.38429242512211204,18.647098841101073
0.717893247725442,0.27478529955260456,0.44898276892490685,0.5619644846301526,0.745800546137616,0.8287076824344695,0.9078750610351562,0.9205723917111754,0.41899611544795334,0.09082201053388417,13.930105757989192
0.48719110805541277,0.2533425942528993,0.7542807573918253,0.07324602315202355,0.4091279339045286,0.7493772942107171,0.27919734129682183,0.2801079065538943,0.7652554453816265,0.26821255846880376,8.346280251068263
0.6843118446413428,0.17512383149005473,0.10433468362316489,0.6853186781518161,0.6147488949354738,0.5619109864346683,0.39129231055267155,0.3259339916985482,0.1925157168880105,0.4931148705072701,15.741725310672697
0.8836674115154892,0.8973279637284577,0.1707959296181798,0.21510016499087214,0.8673393446952105,0.5395344488788396,0.10931656206957996,0.055967614986002445,0.9284105726983398,0.12551775062456727,15.441495467551011
0.6215844971593469,0.9338361984118819,0.5439310711808503,0.4308929005637765,0.8819170494098216,0.27389586344361305,0.540538678644225,0.42804225347936153,0.23366236221045256,0.6818506503477693,18.03882313750155
0.20584587194025517,0.9542631038930267,0.7357402071356773,0.6917682997882366,0.9758339070249349,0.9391990231815726,0.028448042226955295,0.2830810281448066,0.8749547186307609,0.8994206371717155,19.39937992609914
0.4339665025472641,0.30375422653742135,0.5347025238443166,0.5410629131365567,0.22961353859864175,0.755059365183115,0.16811513807624578,0.3501390351448208,0.17187241977080703,0.2349831322208047,10.647513246374144
0.6871036922093481,0.5316445268690586,0.03297160961665213,0.5672328239306808,0.2894417317584157,0.4405898868571967,0.006690723355859518,0.309384300140664,0.4227786895353347,0.7079102576244622,21.521874767740975
0.1133416942320764,0.38977265963330865,0.18910959898494184,0.06063057132996619,0.8678537951782346,0.49640829395502806,0.417746715946123,0.5856281018350273,0.08442124864086509,0.87960892659612,6.959222297249758
0.7001542774960399,0.22061314340680838,0.4302149610593915,0.6731588772963732,0.8089221112895757,0.639470211463049,0.7067243431229144,0.6627628426067531,0.29038794874213636,0.3992916310671717,17.21123293304705
0.11092098569497466,0.06677644490264356,0.1562497871927917,0.12944924109615386,0.686922324122861,0.9898635481949896,0.13837499008513987,0.76964733726345,0.3637939270120114,0.6246212495025247,8.557958437345466
0.7726306039839983,0.22859396180137992,0.8858238554093987,0.11614346550777555,0.9872284384910017,0.8582921072375029,0.847295815590769,0.9228810488712043,0.765141278039664,0.49626083695329726,12.705545276272007
0.31641937722451985,0.12771491473540664,0.5801043843384832,0.16520427982322872,0.10285478923469782,0.07749832351692021,0.5937190980184823,0.5430697279516608,0.8636513187084347,0.14517578342929482,4.327506486455242
0.6876814344432205,0.8323044036515057,0.2172840889543295,0.31427839002572,0.3014928116463125,0.3295398654881865,0.026225031120702624,0.150258595822379,0.17928063147701323,0.16591912601143122,14.582410219192525
0.16577720013447106,0.9363559568300843,0.6404815223067999,0.9107248766813427,0.9883599884342402,0.22854988323524594,0.9209733526222408,0.416138946544379,0.41300339973531663,0.1888288725167513,20.36859179716907
0.23288232763297856,0.9862876376137137,0.9419552173931152,0.7395978101994842,0.23026980948634446,0.14970020833425224,0.6628323961049318,0.9118988371919841,0.8152845739386976,0.7708158704917878,19.757930815973765
0.9403926355298609,0.03496956382878125,0.7818623441271484,0.3221760506276041,0.8466031355783343,0.9736510983202606,0.8906467477791011,0.01487339660525322,0.6942689327988774,0.6373822148889303,9.746903818582314
0.05408203159458935,0.10757679236121476,0.3012779529672116,0.07077599409967661,0.2218649082351476,0.5922113847918808,0.49021276785060763,0.2325510608498007,0.3391100058797747,0.722999005112797,2.102431419178499
0.18049218831583858,0.3611218600999564,0.3071222906000912,0.4494632249698043,0.6742965544108301,0.964883117005229,0.701901423279196,0.06780772749334574,0.0844803280197084,0.008430903544649482,12.400683229813483
0.15739624481648207,0.3990347038488835,0.6471543626394123,0.4713616482913494,0.11385544249787927,0.7345992922782898,0.061087784357368946,0.1375018935650587,0.11875453218817711,0.9991407261695713,6.894536685622986
0.21283329161815345,0.7484109317883849,0.7507202159613371,0.8136429528240114,0.09589039999991655,0.7909899023361504,0.5367003448773175,0.9207332476507872,0.2346432781778276,0.8811173383146524,13.383523167778744
0.6272139202337712,0.19300269498489797,0.6125512144062668,0.9004175984300673,0.7012656535953283,0.8623521903064102,0.9902974832803011,0.4566652679350227,0.5047283540479839,0.9822646758984774,15.100465103073043
0.246960366377607,0.2264451051596552,0.3833808593917638,0.7097102608531713,0.19365044706501067,0.6728387621697038,0.6376449051313102,0.16932241478934884,0.7886449417565018,0.6639195154421031,10.623931341745314
0.41938491398468614,0.22770210751332343,0.1777088320814073,0.2932579652406275,0.7061483706347644,0.8790353119838983,0.1921536596491933,0.16126436763443053,0.03927993890829384,0.4905105719808489,11.281097052815966
0.19099924061447382,0.7386592298280448,0.5499536965508014,0.14130083448253572,0.13998680049553514,0.11580622056499124,0.6367663568817079,0.3853980952408165,0.4856431691441685,0.037030090345069766,6.406094842382781
0.04908145475201309,0.3301663724705577,0.124664495466277,0.8063821904361248,0.5833598067983985,0.23005166999064386,0.5201528645120561,0.869447078788653,0.4219568429980427,0.9266347463708371,14.297261695080998
0.982121525099501,0.9971631697844714,0.8571409066207707,0.38734231726266444,0.5417916779406369,0.9093987615779042,0.2527783834375441,0.9264714224264026,0.384220274630934,0.48740410222671926,10.113859441544509
0.43412224133498967,0.6338098223786801,0.8900823155418038,0.2354860717896372,0.043503988068550825,0.35657495725899935,0.625431772088632,0.6272170981392264,0.6836445322260261,0.379455343587324,11.240089996211797
0.6249210298992693,0.38941386668011546,0.7025502559263259,0.5918215687852353,0.16398982191458344,0.470252271508798,0.8713233487214893,0.7982715235557407,0.18372522410936654,0.5806773009244353,14.887809833093673
0.7531865234486759,0.6684104285668582,0.38656451855786145,0.1253383478615433,0.6712437709793448,0.5509979904163629,0.24349083355627954,0.38573903893120587,0.8383783248718828,0.26026646373793483,15.529435384277459
0.8225171745289117,0.10338546615093946,0.6849526755977422,0.37290596892125905,0.6915162049699575,0.706227051327005,0.6459591980092227,0.5512239902745932,0.9950352453161031,0.5253179913852364,10.359662294482021
0.9146239592228085,0.9474945249967277,0.009226941969245672,0.6835138488095254,0.39233826100826263,0.7254465068690479,0.6731483582407236,0.9907529249321669,0.8285795499105006,0.6371865537948906,16.210606607997036
0.938580306712538,0.5432490024250001,0.3471681724768132,0.8446495356038213,0.34940255945548415,0.5825356254354119,0.12521509150974452,0.8693778535816818,0.9154619567561895,0.10513958823867142,19.40255275448822
0.7447580490261316,0.30627270811237395,0.7075823813211173,0.7560784183442593,0.9507836624979973,0.571876831818372,0.13796952599659562,0.396451918175444,0.8239757458213717,0.6721484987065196,21.386900342583157
0.9109485815279186,0.17872112873010337,0.5574584433343261,0.8317981860600412,0.5813644784502685,0.9591759918257594,0.20650677289813757,0.6161276726052165,0.09607937000691891,0.11930374219082296,15.281990984495756
0.8792927768081427,0.35434466740116477,0.776539851212874,0.29151842184364796,0.9057426701765507,0.971984522184357,0.906956288497895,0.5461732638068497,0.3664781090337783,0.12023446848616004,17.91885623784603
0.8328463362995535,0.1983126129489392,0.35951853333972394,0.5346200622152537,0.04119851836003363,0.29923215019516647,0.7773548453114927,0.781068988610059,0.4386039150413126,0.05602985993027687,11.920823415857306
0.4798550435807556,0.05353578389622271,0.35406736726872623,0.7953221697825938,0.6411234773695469,0.2837495489511639,0.9584448013920337,0.39664482697844505,0.03621787531301379,0.6980511713773012,13.44144904377126
0.4473888671491295,0.9851144885178655,0.5688748459797353,0.36359162093140185,0.37051513767801225,0.23959563951939344,0.2065883136820048,0.5016182791441679,0.4693765980191529,0.620311573613435,14.114590824176085
0.1562749296426773,0.7985141195822507,0.5511140085291117,0.32925066049210727,0.747855766210705,0.6461507477797568,0.9930064515210688,0.30959909060038626,0.999105770373717,0.4315682062879205,12.191326183058532
0.27173506072722375,0.07190541410818696,0.307421300560236,0.9781374824233353,0.8815771692898124,0.9692886923439801,0.5080563586670905,0.02314303326420486,0.4516166099347174,0.48459343472495675,17.26009290620668
0.8603840309660882,0.29012242215685546,0.5151376386638731,0.774408463621512,0.09959848038852215,0.6228525268379599,0.4858294129371643,0.6597694186493754,0.20528319803997874,0.3562509089242667,16.126859509484763
0.5303752578329295,0.06122039700858295,0.10972894169390202,0.8232590758707374,0.05597777105867863,0.5086314869113266,0.3158830478787422,0.15772867063060403,0.8210725584067404,0.05984809505753219,12.22089523055376
0.26722422800958157,0.7238288398366421,0.5789540570694953,0.03741731052286923,0.5898469283711165,0.29845614777877927,0.3736363600473851,0.790672865929082,0.025877422420307994,0.7618434969335794,9.644407027040943
0.9765811751130968,0.3682986735366285,0.019763915799558163,0.32820639247074723,0.09794432856142521,0.8616695136297494,0.8462117314338684,0.935932053020224,0.7534590279683471,0.5937152239494026,18.072311607233065
0.2062519807368517,0.7018637885339558,0.8408119257073849,0.7058643212076277,0.07018502848222852,0.4857730530202389,0.7979332918766886,0.13318450329825282,0.9971100755501539,0.5012889525387436,12.975927907177946
0.36343011260032654,0.5246770801022649,0.517032417235896,0.11453015031293035,0.5671722823753953,0.812205190770328,0.4892361604142934,0.9120001185219735,0.27636950137093663,0.11922632344067097,10.300772270492242
0.8832539066206664,0.5893533369526267,0.9571898358408362,0.1319285472854972,0.8359837983734906,0.14182625664398074,0.6192148148547858,0.05753375217318535,0.6135681439191103,0.9017755666282028,18.2857747234689
0.10089786048047245,0.8278531113173813,0.9791127420030534,0.3699428716208786,0.3948513292707503,0.8968304805457592,0.9085460451897234,0.16069134999997914,0.2557403761893511,0.05580786941573024,11.946764662788027
0.5839111895766109,0.3136712689884007,0.36506330966949463,0.3783496916294098,0.6926338071934879,0.032034804578870535,0.5763671530876309,0.6078339752275497,0.3935404329095036,0.7158437720499933,12.836962651442338
0.23444388108327985,0.619058872340247,0.7177632101811469,0.07750500203110278,0.4152700323611498,0.5792999169789255,0.6266057544853538,0.36423174338415265,0.2572681833989918,0.6717091437894851,9.51529575490147
0.8217517456505448,0.8758199741132557,0.13588387402705848,0.1902434362564236,0.297632806468755,0.9061125423759222,0.18506283988244832,0.005652644205838442,0.7147561085876077,0.4638633895665407,13.355692751118449
0.7169350476469845,0.44226683722808957,0.7328033752273768,0.08387442957609892,0.5896337351296097,0.809771112864837,0.961932354606688,0.25529415532946587,0.7826523708645254,0.6268878965638578,12.315651371930706
0.7049842912238091,0.9276924580335617,0.3632774434518069,0.974292233819142,0.9577972711995244,0.18942200881429017,0.853943032445386,0.9159523302223533,0.8757991730235517,0.4266934050247073,23.471910423379075
0.10890917712822556,0.16813444020226598,0.4350354226771742,0.43573803501203656,0.8442608888726681,0.03344811545684934,0.47638024273328483,0.5253933810163289,0.7991913182195276,0.9386895222123712,10.257331457385753
0.5820495327934623,0.9947024730499834,0.4489720535930246,0.13627408491447568,0.5285449798684567,0.10228358837775886,0.8034097095951438,0.6168661841657013,0.7857529909815639,0.8653801484033465,14.81385895329471
0.6737378840334713,0.5094239616300911,0.927418414503336,0.21263916860334575,0.3346845800988376,0.6686736394185573,0.8069099092390388,0.5343868334311992,0.19992269692011178,0.7823296431452036,15.144601110052513
0.04477515909820795,0.6472681644372642,0.06202882225625217,0.4391289297491312,0.016664706403389573,0.5627756465692073,0.20084687252528965,0.5240535559132695,0.6078794337809086,0.0357275961432606,9.487378822143857
0.12088193790987134,0.8045944422483444,0.8822894541081041,0.7433443604968488,0.13488550460897386,0.9841705062426627,0.9915553764440119,0.010515216737985611,0.031238806201145053,0.6611857165116817,15.54968035349259
0.24878602754324675,0.7288058213889599,0.3881182726472616,0.27503448259085417,0.8206154506187886,0.8641095752827823,0.2120566952507943,0.7750338718760759,0.5043660595547408,0.049348904052749276,11.275747381271774
0.5790160659234971,0.8990686910692602,0.6309598493389785,0.6687942026183009,0.29978676163591444,0.3652499741874635,0.31647150008939207,0.15576085168868303,0.8084389979485422,0.8192164341453463,20.10765431397133
0.08177123311907053,0.5320658991113305,0.9057819959707558,0.6187906402628869,0.9873259561136365,0.5746781933121383,0.18787207687273622,0.11879162839613855,0.6438628961332142,0.38917731400579214,15.262730426984493
0.43861089227721095,0.29590847762301564,0.9383733761496842,0.2361360052600503,0.5005513750948012,0.3764872355386615,0.7190262661315501,0.1256943808402866,0.8370638955384493,0.22654325212351978,11.321935901958936
0.645782611798495,0.19708186341449618,0.19632414425723255,0.8712034786585718,0.7568118514027447,0.6799623710103333,0.5784758345689625,0.5518287108279765,0.3929791213013232,0.9477918655611575,17.74441063066167
0.9021102101542056,0.5932112988084555,0.17555066058412194,0.8787185482215136,0.29327487759292126,0.5288030088413507,0.8900786850135773,0.45116986869834363,0.017492725513875484,0.29055829904973507,22.921197807015943
0.985510005382821,0.29954033088870347,0.01074036955833435,0.32040097867138684,0.9744695506524295,0.6127046856563538,0.3958974771667272,0.6183195465710014,0.31165547552518547,0.02837603259831667,22.777081242007295
0.5621506674215198,0.07110087666660547,0.30466496548615396,0.9834149559028447,0.8046050888951868,0.9016729267314076,0.00031803734600543976,0.6200482530985028,0.7201668687630445,0.6181007074192166,14.212429848100331
0.631304572802037,0.23102742014452815,0.42896244837902486,0.36210524942725897,0.4683918522205204,0.8231057801749557,0.9749251850880682,0.13622946292161942,0.5860977582633495,0.513588204048574,10.552684123410554
0.13016497041098773,0.019500160356983542,0.7129166256636381,0.3331209970638156,0.6587975963484496,0.86230289330706,0.5736928873229772,0.2635484638158232,0.08998296549543738,0.4474785041529685,5.854728663124847
0.5885368271265179,0.4231590267736465,0.7561846866738051,0.18119584978558123,0.5691472855396569,0.529420523205772,0.9295258137863129,0.49206321337260306,0.2984053564723581,0.0018887650221586227,13.943978689848183
0.3109124177135527,0.44536051200702786,0.37475802935659885,0.7615270195528865,0.44269117899239063,0.35709151229821146,0.527722998522222,0.5841195075772703,0.6864007127005607,0.06286814715713263,13.917867176700126
0.8766387142241001,0.5210512585472316,0.9879237383138388,0.29074035165831447,0.44020696892403066,0.8184603499248624,0.18956100847572088,0.29379318305291235,0.3883401423227042,0.4125024189706892,20.82717199022224
0.7849108746740967,0.7816904271021485,0.3909420710988343,0.09465052373707294,0.4716419221367687,0.14819740620441735,0.6467468426562846,0.6483922202605754,0.17044403171166778,0.5190242561511695,12.403819834212488
0.5223867336753756,0.5905005410313606,0.1077919895760715,0.05125454906374216,0.6782167425844818,0.89763443171978,0.09995712665840983,0.3253932474181056,0.7711783067788929,0.1991892820224166,15.252469945249006
0.1886662426404655,0.9157646084204316,0.7662546089850366,0.385404524859041,0.11729195644147694,0.594716427847743,0.08110613306052983,0.26058089011348784,0.5633309504482895,0.7581247519701719,10.8968244995092
0.03450238495133817,0.8400333886966109,0.6101537575013936,0.5851293541491032,0.17022785102017224,0.6756270909681916,0.16481385496445,0.6562909525819123,0.8433681675232947,0.29542066738940775,9.053280790197867
0.5142468041740358,0.45462635229341686,0.7536014476791024,0.35303401993587613,0.32471371558494866,0.35627231234684587,0.18004610179923475,0.6559141227044165,0.21368507761508226,0.15804075775668025,13.722196167552179
0.4956142164301127,0.038846826646476984,0.8343657327350229,0.6581062241457403,0.5829899818636477,0.5431529351044446,0.7838100998196751,0.8060431890189648,0.6224181603174657,0.2234642212279141,12.53246741485258
0.25142334937117994,0.04617173573933542,0.976948895258829,0.09053354756906629,0.23910947982221842,0.44367356854490936,0.9965363633818924,0.275985048385337,0.42370271496474743,0.9519509179517627,5.907101253062048
0.3450187852140516,0.3132221340201795,0.5139152787160128,0.45678261294960976,0.34312451886944473,0.6341175138950348,0.9056447979528457,0.13409594865515828,0.36411039787344635,0.9685716815292835,8.05551578414008
0.7843602513894439,0.6817218002397567,0.7537304891739041,0.17903394671157002,0.9225658141076565,0.480719928862527,0.44309366517700255,0.5056839736644179,0.690069806529209,0.14341548667289317,20.136009067603503
0.33667343319393694,0.43823426589369774,0.4433401676360518,0.6994453128427267,0.4685004891362041,0.9615097644273192,0.1909663463011384,0.03286423929966986,0.7262806105427444,0.37049439339898527,14.232192145048025
0.3232598474714905,0.7095010946504772,0.3250962495803833,0.266561541473493,0.812173483427614,0.9038626763503999,0.6244683908298612,0.2419763405341655,0.059024504385888577,0.7184448949992657,14.08359242995927
0.7746191557962447,0.7694420104380697,0.871453263098374,0.9027828725520521,0.5103037885855883,0.4905287988949567,0.01790662296116352,0.36379013676196337,0.34044991177506745,0.13516105944290757,23.67842341893747
0.5074339848943055,0.49652044638060033,0.2156077171675861,0.19829741003923118,0.24901911267079413,0.17874413821846247,0.6293119739275426,0.10355657036416233,0.1803965517319739,0.9905829895287752,10.503271630417789
0.2970049837604165,0.30410114931873977,0.9962591868825257,0.8860254497267306,0.7109274074900895,0.7261815750971437,0.4611135274171829,0.4745946896728128,0.22539823013357818,0.5004419588949531,21.05288761774701
0.41126185236498713,0.17324022320099175,0.09085426339879632,0.6140673642512411,0.9222910301759839,0.4277963205240667,0.14739569695666432,0.2997549425344914,0.6476381761021912,0.3280008058063686,19.100919278675306
0.7501635826192796,0.8067782344296575,0.873255877289921,0.5101542081683874,0.21209954586811364,0.83272943389602,0.24005807982757688,0.23607969470322132,0.007600611541420221,0.26236102962866426,17.863828052296824
0.42620225762948394,0.5207148864865303,0.15655724122188985,0.5597475292161107,0.3708388600498438,0.303977858973667,0.8585851315874606,0.15031154756434262,0.008777699200436473,0.8728813377674669,14.709796833859784
0.8060140693560243,0.1064453839790076,0.2868699731770903,0.3737388525623828,0.7991601750254631,0.3736482097301632,0.26338510145433247,0.053122123470529914,0.6708184166345745,0.3705769283697009,11.990044391235372
0.5846877733711153,0.03909539571031928,0.2397166129667312,0.1829558671452105,0.49517064169049263,0.03422226430848241,0.17512868624180555,0.6951630630064756,0.7369364984333515,0.7717071040533483,5.945306475235002
0.8861418417654932,0.777911722427234,0.44595993938855827,0.5901454142294824,0.7553830160759389,0.5219840840436518,0.31807353952899575,0.7896011462435126,0.2479504025541246,0.5645552191417664,18.220916259769144
0.31607798929326236,0.27103179739788175,0.26666886336170137,0.18191466806456447,0.7572580967098475,0.18490205821581185,0.6018416425213218,0.7231803832110018,0.7900177075061947,0.2553251765202731,9.057053394605667
0.20704336371272802,0.6693240292370319,0.9074548792559654,0.48488663882017136,0.7594160954467952,0.25466979457996786,0.02270017913542688,0.39977565594017506,0.4570766347460449,0.9289292097091675,16.38161381114418
0.4759442680515349,0.4005627876613289,0.9717358113266528,0.6908236043527722,0.5770771137904376,0.861985819414258,0.2973639080300927,0.5726123086642474,0.38431224366649985,0.7515324538107961,19.89255802073294
0.6281211448367685,0.2830060396809131,0.41502298042178154,0.8606924761552364,0.3913572747260332,0.0526094080414623,0.14457257254980505,0.4169128928333521,0.5655146476346999,0.23789767688140273,14.369529070000766
0.6716840153094381,0.011996391229331493,0.1087530548684299,0.2296590826008469,0.3127635340206325,0.7521951717790216,0.7101486076135188,0.02948515280149877,0.4180389139801264,0.6343574244529009,6.57900040263628
0.7269989589694887,0.08230484090745449,0.46798223978839815,0.18414146616123617,0.5211564537603408,0.12494366872124374,0.17154425010085106,0.6167365489527583,0.6586888439487666,0.3548691817559302,6.664137748838415
0.5387759294826537,0.8040029879193753,0.0096454790327698,0.09795549442060292,0.8628942032810301,0.8242315899115056,0.4565475005656481,0.12912035919725895,0.3243140345439315,0.05943544581532478,20.118548185395717
0.4528734004124999,0.3995471615344286,0.48224956286139786,0.1544651018921286,0.3561474783346057,0.040174011839553714,0.34842464583925903,0.19774459954351187,0.4884423133917153,0.20480304630473256,10.310097291910845
0.7423259480856359,0.4353202283382416,0.35261848592199385,0.6819350409787148,0.7565267400350422,0.8054015529341996,0.1991992094554007,0.28993586217984557,0.06291235727258027,0.9288140477146953,17.979555045191965
0.20399120869114995,0.2587543395347893,0.28186266124248505,0.6620170287787914,0.9720528449397534,0.464098782511428,0.4443107370752841,0.21990523813292384,0.8712942688725889,0.4516980745829642,14.230978539455478
0.03005021857097745,0.169190312968567,0.5915865900460631,0.7650210133288056,0.902499184710905,0.5742240310646594,0.18598741968162358,0.6496334969997406,0.5916340029798448,0.8864339191932231,14.347255450136931
0.1956987543962896,0.2060443158261478,0.7789532621391118,0.7946899002417922,0.1351220526266843,0.8178303015884012,0.5814532137010247,0.7592326097656041,0.11285733664408326,0.8930145306512713,11.863634264418845
0.21129166381433606,0.2541628961917013,0.01964060333557427,0.09347050660289824,0.7879555795807391,0.3174603544175625,0.0822235164232552,0.09614982292987406,0.8693738006986678,0.682964327512309,11.716542668133847
0.5388473414350301,0.07294332305900753,0.484875243389979,0.48596093291416764,0.5599270607344806,0.05340598430484533,0.4335864793974906,0.9346022310201079,0.7723117093555629,0.7638560370542109,6.393231226631148
0.029214650625362992,0.09815792366862297,0.04614024260081351,0.17661728360690176,0.40163418953306973,0.18831542297266424,0.41645453101955354,0.3396576982922852,0.6422592753078789,0.6873853427823633,8.690327786377878
0.79616339947097,0.0071468420792371035,0.13454595813527703,0.17964830622076988,0.09497530432417989,0.8948093270882964,0.43551090476103127,0.8750566020607948,0.15275907120667398,0.7768082614056766,6.949436217848929
0.6119076546747237,0.9074775709304959,0.7089520476292819,0.8716582227498293,0.7556952133309096,0.8067221259698272,0.26294169249013066,0.020720493514090776,0.4448602623306215,0.6084624184295535,22.266156657186585
0.09418019861914217,0.35796027164906263,0.21115077892318368,0.5214097506832331,0.26212659827433527,0.7336157767567784,0.0893968262244016,0.7294181582983583,0.6089905279222876,0.3638084321282804,9.425499723551496
0.751854314468801,0.9355308245867491,0.6106532239355147,0.9705851783510298,0.9666528555098921,0.8655276782810688,0.6890674289315939,0.9087065050844103,0.039550396613776684,0.865248522721231,22.272200187335358
0.4298759095836431,0.8897010234650224,0.7012030293699354,0.6438437798060477,0.4834543108008802,0.5144936428405344,0.9003169285133481,0.06941912067122757,0.8597286716103554,0.9259710416663438,19.03222807955403
0.07630305481143296,0.5496335055213422,0.4578838131856173,0.1312863240018487,0.5851587487850338,0.6796640104148537,0.35145716997794807,0.39507030975073576,0.017398606287315488,0.7331536633428186,7.141530953327201
0.22504298551939428,0.6987682559993118,0.8330046839546412,0.3153658430092037,0.9905698830261827,0.981600624974817,0.374626069329679,0.3341090204194188,0.6055046229157597,0.4310615302529186,15.535567293843966
0.6432098639197648,0.3319523714017123,0.10444422694854438,0.22245141002349555,0.6049697543494403,0.49250749545171857,0.7052164706401527,0.6282403082586825,0.508201140910387,0.18549440009519458,12.755355483055034
0.9104772733990103,0.3696546130813658,0.6813342857640237,0.16575598367489874,0.595410417066887,0.4337503381539136,0.6816522087901831,0.9937158212997019,0.6525852154009044,0.86375683080405,13.714498368000728
0.10365239367820323,0.8982501432765275,0.38600399950519204,0.694990195101127,0.23690055031329393,0.5365628940053284,0.8911516689695418,0.7751659180503339,0.8725327595602721,0.45601209881715477,10.748066118913469
0.0878624611068517,0.5445660047698766,0.8990884821396321,0.05503950081765652,0.05320547637529671,0.19223554758355021,0.6460906118154526,0.204732621088624,0.9882809782866389,0.34717150521464646,5.763840300247118
0.9029437294229865,0.6112860008142889,0.9801985020749271,0.5309327594004571,0.4040867572184652,0.7431385410018265,0.049663555808365345,0.8634059717878699,0.37656656210310757,0.06484304694458842,21.67861817896889
0.03159053483977914,0.31511015142314136,0.38811131776310503,0.608737078960985,0.9703119471669197,0.6345056246500462,0.24340162449516356,0.5459117621649057,0.37930369237437844,0.6705524614080787,11.431940994847322
0.6513851233758032,0.5864631680306047,0.257106487872079,0.8427337282337248,0.9244680367410183,0.4034423269331455,0.14754366874694824,0.5888321155216545,0.06958476733416319,0.3038522012066096,22.285512156109238
0.8588165033143014,0.27561011794023216,0.5141122105997056,0.5828706989996135,0.12385737407021224,0.5128006972372532,0.9760602042078972,0.6443307572044432,0.3945118822157383,0.8102574520744383,15.139221670494798
0.42114287707954645,0.3807246854994446,0.347809144994244,0.6086814885493368,0.10419629793614149,0.4521393806207925,0.5433438818436116,0.11980065540410578,0.8056959477253258,0.21642278064973652,11.63854008721519
0.6880331188440323,0.7628878499381244,0.794562483439222,0.9672768365126103,0.5161035943310708,0.5851325977127999,0.7271530264988542,0.2088810324203223,0.629963745130226,0.9566340851597488,24.430139790405853
0.9262651794124395,0.5263247527182102,0.6294415299780667,0.3169895028695464,0.3981239306740463,0.474068101728335,0.5367352375760674,0.8288694622460753,0.31282064807601273,0.9490764643996954,16.840733187607878
0.6714895961340517,0.1507077452261001,0.4601808893494308,0.6435237689875066,0.3751764891203493,0.9582859452348202,0.22232074942439795,0.5535576601978391,0.6656940295360982,0.42059026868082583,11.881689793381053
0.08445751247927547,0.6666069747880101,0.4858048805035651,0.5589999605435878,0.409466115757823,0.1880135633982718,0.7695437148213387,0.8093877423088998,0.5651850197464228,0.02700757817365229,8.66566881529602
0.12411126820370555,0.570491899503395,0.9906143585685641,0.42283803201280534,0.922759972512722,0.8959583137184381,0.7487138367723674,0.7446909279096872,0.4169320419896394,0.44709936040453613,15.597916641813898
0.2639422481879592,0.3901799686718732,0.7049504835158587,0.8590848178137094,0.9680220461450517,0.2914854174014181,0.11828984157182276,0.6264643664471805,0.3569406592287123,0.5870905362535268,16.06251393516341
0.911883192602545,0.02329568425193429,0.30831718421541154,0.44830636004917324,0.7723043018486351,0.549703897209838,0.30447217635810375,0.7321346900425851,0.22749381721951067,0.889675794634968,11.847984662671708
0.5812941568437964,0.2422986119054258,0.5218144534155726,0.7392952216323465,0.9468609851319343,0.5807587448507547,0.6043546011205763,0.7130303543526679,0.4766085168812424,0.6399824875406921,17.457762613323712
0.21615837351419032,0.692864578217268,0.28417597198858857,0.8612274250481278,0.8703190346714109,0.42119832057505846,0.8589748796075583,0.3320977424737066,0.03048206795938313,0.9371723311487585,18.054693559638203
0.25868906383402646,0.30640621413476765,0.5602196708787233,0.9276238225866109,0.7467020109761506,0.07693978981114924,0.2966944989748299,0.04611865896731615,0.43891237303614616,0.35285815061070025,15.546254040568664
0.6979352768976241,0.263132281601429,0.7034304975531995,0.9559283873531967,0.8016548494342715,0.23473468096926808,0.3213136848062277,0.90810432494618,0.12325710873119533,0.4540617016609758,20.225969814947522
0.7632442296016961,0.8612462969031185,0.4270355624612421,0.562514194753021,0.7769338916987181,0.9324585038702935,0.08702810248360038,0.42269029607996345,0.7046843892894685,0.7289282800629735,18.09197355340502
0.5050896813627332,0.966833985876292,0.7071228749118745,0.08200932992622256,0.3017318709753454,0.04126014420762658,0.8437602112535387,0.19467598106712103,0.5652766767889261,0.3703693908173591,11.630242292122807
0.04788566450588405,0.8330288028810173,0.43741504079662263,0.5756096539553255,0.19390394305810332,0.680845032678917,0.6063352210912853,0.42759879771620035,0.007845015032216907,0.7846090190578252,8.277785320153372
0.5074908332899213,0.7572334653232247,0.588742055464536,0.2696604731027037,0.9872047167737037,0.685915504116565,0.29238696093671024,0.2032039414625615,0.4131410780828446,0.07646714942529798,17.04564280065902
0.26253070775419474,0.1962710132356733,0.8643623942043632,0.39597048284485936,0.5901524187065661,0.46685597859323025,0.7196112137753516,0.264259863877669,0.7241700016893446,0.30307885678485036,12.042143123380239
0.8781272736378014,0.05622279248200357,0.010994045529514551,0.7377214769367129,0.8124066821765155,0.14739948767237365,0.676128959050402,0.841250044060871,0.6595832156017423,0.9745576221030205,18.512724748679524
0.7792524027172476,0.5237601443659514,0.3259332086890936,0.9776702057570219,0.9752234013285488,0.32738210703246295,0.30368742858991027,0.6235996899195015,0.22960719955153763,0.3568586381152272,26.029664539749053
0.8094859106931835,0.1417748425155878,0.29312758264131844,0.14855552418157458,0.45687296125106514,0.9970794110558927,0.5325531549751759,0.48257469083182514,0.03434285148978233,0.8535740305669606,9.345926861582068
0.10199834289960563,0.37989814789034426,0.5325798576232046,0.34959809109568596,0.7234162285458297,0.8861508711706847,0.8199260851833969,0.47788609587587416,0.08614869858138263,0.36900298623368144,9.675733660889335
0.8099844329990447,0.6235356032848358,0.09825533791445196,0.9886848540045321,0.8049986874684691,0.3113630707375705,0.5484707418363541,0.9407857453916222,0.47208612179383636,0.8368486759718508,27.95924284965261
0.4067744880449027,0.5041012745350599,0.4557527801953256,0.3423405073117465,0.8750304721761495,0.2637457810342312,0.9744926018174738,0.5379220249596983,0.06196028692647815,0.203782320022583,11.908438476822125
0.567117306869477,0.2878134057391435,0.9403376788832247,0.5089325602166355,0.0646884914021939,0.966827591182664,0.2036623761523515,0.6498968617524952,0.3094043773598969,0.5085483235307038,14.763214325358689
0.18255190132185817,0.8895512488670647,0.4881940856575966,0.15584332961589098,0.6373943311627954,0.898908430011943,0.4202726779039949,0.3043207637965679,0.22546049114316702,0.62486632168293,8.208972695703173
0.11500254087150097,0.062123381765559316,0.8567242214921862,0.11215315223671496,0.6109696449711919,0.6549979140982032,0.839503402588889,0.15428620669990778,0.18329400243237615,0.6105108342599124,5.503480960110208
0.44027067231945693,0.5387258026748896,0.9472268235404044,0.7475587744265795,0.6237350616138428,0.6957151854876429,0.7570049953646958,0.3033086876384914,0.8396336541045457,0.17575815482996404,21.32241789369075
0.7294935956597328,0.8774961694143713,0.30047210096381605,0.5102925768587738,0.3949066810309887,0.4054234176874161,0.4073957384098321,0.0911478279158473,0.7139758470002562,0.15815704665146768,15.461178560442525
0.7157548847608268,0.7871065514627844,0.41808257764205337,0.7865279549732804,0.13015051931142807,0.6600333955138922,0.04441124596633017,0.7846036104019731,0.5137250104453415,0.15388548839837313,19.53826937737314
0.9688560992944986,0.16470092092640698,0.8705238532274961,0.858813620172441,0.452378960326314,0.2749586123973131,0.5617275005206466,0.7870833238121122,0.8237320915795863,0.12653279677033424,17.597789432247662
0.19125980301760137,0.6357296656351537,0.16439457330852747,0.7699191207066178,0.5220792728941888,0.9911678822245449,0.435478915926069,0.7557973538059741,0.21399719407781959,0.6488596682902426,16.271332634301135
0.6558245532214642,0.7454284119885415,0.2764517362229526,0.600249481620267,0.44846373959444463,0.2930645819287747,0.3646038551814854,0.2919838984962553,0.8069487882312387,0.6696806442923844,18.59057158414555
0.9919577720575035,0.42232897668145597,0.3257721436675638,0.9616234491113573,0.7139319914858788,0.9536650707013905,0.6919739111326635,0.08372302795760334,0.22230829880572855,0.7763810828328133,22.909795151121706
0.49338317243382335,0.10543863684870303,0.7750039948150516,0.19733363436535,0.8784622133243829,0.4301760133821517,0.16680719633586705,0.5109635677654296,0.8440419037360698,0.3325283422600478,9.29106348414515
0.011512405937537551,0.9152546420227736,0.09625337505713105,0.9261730439029634,0.07449032505974174,0.614716979674995,0.9959631508681923,0.2438020317349583,0.898621593369171,0.8846464396920055,13.960284034011444
0.9694601446390152,0.29169693030416965,0.4471839927136898,0.8729269467294216,0.23744135745801032,0.6537309570703655,0.3038661873433739,0.7878849485423416,0.31986417318694293,0.9578923664521426,19.15353356690442
0.8502522096969187,0.3823657885659486,0.4473094311542809,0.47907201293855906,0.48456609924323857,0.9077997936401516,0.2292321426793933,0.37688557989895344,0.04326499137096107,0.5685158788692206,15.24278128359358
0.26398752140812576,0.8742577906232327,0.8897327873855829,0.5034624631516635,0.17240987345576286,0.5974805366713554,0.4009550167247653,0.9128461638465524,0.5254023482557386,0.2641131088603288,16.00292486836044
0.372628309763968,0.844985660398379,0.591244984883815,0.019993231166154146,0.6542270656209439,0.9303835812024772,0.9435825541149825,0.4652278076391667,0.5689977093134075,0.08570712828077376,14.160182177143945
0.6860182660166174,0.22606868110597134,0.7085647496860474,0.5280240180436522,0.735461859498173,0.25436790473759174,0.02957886690273881,0.1867901929654181,0.7932244041003287,0.17550017731264234,14.815847927094385
0.5870336452499032,0.9369668366853148,0.4869845099747181,0.5774506740272045,0.9391364532057196,0.3016014008317143,0.17985392222180963,0.2128360860515386,0.16535320854745805,0.6295879648532718,20.906770360389334
0.6610009039286524,0.43962022312916815,0.7930611534975469,0.0669343660119921,0.19236469524912536,0.3026378802023828,0.9147102197166532,0.14805225771851838,0.21070365281775594,0.2847772443201393,13.734149812973275
0.32928574131801724,0.10488938819617033,0.7009001709520817,0.4124202283564955,0.568263748427853,0.4763422426767647,0.7244476811029017,0.72379952785559,0.23027298809029162,0.6899811555631459,8.169499629443003
0.6992967966943979,0.23360486747696996,0.748568668263033,0.2243501062039286,0.899411978200078,0.1378347196150571,0.512619358021766,0.8053255516570061,0.32015464873984456,0.6919728326611221,10.933591642804465
0.9267412084154785,0.9124767866451293,0.8908584550954401,0.4268935704603791,0.5030834672506899,0.7293245473410934,0.24474833253771067,0.6530537239741534,0.9013184884097427,0.6068196583073586,15.666064341213422
0.09606278128921986,0.06388037279248238,0.640966257546097,0.34534283238463104,0.42823467310518026,0.7149096461944282,0.14063265244476497,0.512171464972198,0.37995097134262323,0.21671412838622928,7.212858633899393
0.9365496560931206,0.9044876364059746,0.5372005922254175,0.8877439808566123,0.6319471220485866,0.42136661778204143,0.3300556850153953,0.44817944755777717,0.033637548331171274,0.09263946604914963,16.914322138559882
0.42829187540337443,0.13856883347034454,0.14738060999661684,0.039105265866965055,0.8825798456091434,0.8590685233939439,0.043210419127717614,0.6885355697013438,0.14520062343217432,0.9716706578619778,8.768010520502667
0.17339113191701472,0.30596734280698,0.8556978248525411,0.8289885395206511,0.7342047530692071,0.9572162986733019,0.14843636308796704,0.921006433898583,0.14268857217393816,0.5328078533057123,17.66860933877396
0.4205029755830765,0.8357557151466608,0.2965594036504626,0.5457504175137728,0.7862456173170358,0.4006240242160857,0.1322717738803476,0.6467999478336424,0.9169771748129278,0.48483885102905333,18.282749308327503
0.9409202940296382,0.6824453847948462,0.2827055014204234,0.6029554465785623,0.8345158395823091,0.5492461007088423,0.5895198322832584,0.004865203285589814,0.43588092806749046,0.17411978216841817,20.79481418349934
0.5496299031656235,0.5191095978952944,0.3388474255334586,0.4990002957638353,0.3386187022551894,0.2912085074931383,0.47949204104952514,0.43279476556926966,0.2620688646566123,0.10203668335452676,15.400954740908425
0.020391119178384542,0.20030655642040074,0.45786476880311966,0.893276795046404,0.7899893794674426,0.1695136991329491,0.6354553909040987,0.7385774196591228,0.7280229781754315,0.7761044907383621,12.47164888509389
0.20955043332651258,0.5955402534455061,0.27885830821469426,0.875663949875161,0.08949725143611431,0.5377419197466224,0.28762502362951636,0.7296261263545603,0.7199843267444521,0.21783456741832197,14.351125844128436
0.6712474769446999,0.5054995238315314,0.41704386635683477,0.8884810598101467,0.2025893775280565,0.17617889679968357,0.4329567993991077,0.9807440319564193,0.05190261732786894,0.9880219560582191,18.769192031877548
0.6636589735280722,0.3605160696897656,0.4976636322680861,0.08061962039209902,0.20754861389286816,0.5781054692342877,0.8940437491983175,0.4810989359393716,0.1514446698129177,0.23636266286484897,9.759596673086277
0.22990213497541845,0.2995960246771574,0.12498228368349373,0.5256535636726767,0.39812833187170327,0.8060506689362228,0.8779234630055726,0.9660859243012965,0.6194078400731087,0.9401748110540211,12.06816564509987
0.6889086996670812,0.4359821730758995,0.6066573627758771,0.06680557737126946,0.949559970991686,0.842230768641457,0.5886043750215322,0.6880238086450845,0.4100299582350999,0.4829535484313965,12.923714457953231
0.37187193031422794,0.09563864022493362,0.7376338348258287,0.42013947456143796,0.4113118366803974,0.19996792217716575,0.8889962136745453,0.6374878040514886,0.4967893573921174,0.24442382086999714,9.198700811626283
0.9345929939299822,0.6101092589087784,0.6733360253274441,0.7298021144233644,0.05739855486899614,0.023413268849253654,0.9160390270408243,0.42790452553890646,0.6199585243593901,0.33425698010250926,17.040435748315584
0.12410082551650703,0.8839095407165587,0.781514081871137,0.8728108839131892,0.03284160001203418,0.6712651792913675,0.20829049474559724,0.22860272182151675,0.26314826821908355,0.11261362698860466,13.040834257930182
0.5551442967262119,0.00031637679785490036,0.7539410698227584,0.3520805900916457,0.7573198638856411,0.8912288108840585,0.6487596179358661,0.8674782731104642,0.12957585020922124,0.07178590167313814,9.51711213225696
0.5166427621152252,0.4084174204617739,0.4652101390529424,0.8203892870806158,0.024372910615056753,0.40584260737523437,0.2827749131247401,0.3120755748823285,0.6378610054962337,0.774283628212288,13.258564727338875
0.7920119056943804,0.5406352251302451,0.7283927304670215,0.9832428237423301,0.24499483383260667,0.2043956434354186,0.23242797516286373,0.09213101444765925,0.32032537274062634,0.7049869021866471,21.344133177873807
0.5271296955179423,0.8697141357697546,0.3099852337036282,0.13274946110323071,0.9651421033777297,0.30702615599147975,0.8193783073220402,0.12447940721176565,0.40433912980370224,0.441193483537063,15.579165230194784
0.37562619405798614,0.6657178087625653,0.1201650348957628,0.5410118130967021,0.7597635241691023,0.11069543031044304,0.22612627409398556,0.3996550131123513,0.7761052083224058,0.2795500529464334,18.643827183657518
0.595317211933434,0.35133352130651474,0.2160002754535526,0.01867801765911281,0.34337158408015966,0.9365009409375489,0.27613879833370447,0.35575681063346565,0.8275377165991813,0.08787038829177618,9.37068272637672
0.29119789111427963,0.4817363824695349,0.3984093938488513,0.7516323656309396,0.350143259158358,0.09957757219672203,0.3892398285679519,0.14989845640957355,0.12801090767607093,0.7174401227384806,13.75378944818755
0.48647737107239664,0.14631032850593328,0.05460874084383249,0.012979014543816447,0.5350669065956026,0.143009424675256,0.4261022019200027,0.5180359876248986,0.8389650543686002,0.2729239941108972,10.57131964947898
0.1786104899365455,0.800242826808244,0.027355845784768462,0.17288981238380075,0.2772616599686444,0.956728717777878,0.0016705228481441736,0.7138012845534831,0.14135148911736906,0.4966922604944557,12.489488225840187
0.7221906608901918,0.6131044793874025,0.03757138946093619,0.24038364249281585,0.8326196209527552,0.8896744248922914,0.10733890533447266,0.5473646461032331,0.8859099780675024,0.031905759358778596,20.308970405755943
0.041609910782426596,0.18283415003679693,0.5091482163406909,0.8067439673468471,0.3092990212608129,0.8479624460451305,0.23094317596405745,0.09667564393021166,0.9347067105118185,0.3576478019822389,10.307927082082548
0.9614461688324809,0.39261486544273794,0.648189103230834,0.6641685131471604,0.7711148248054087,0.4483859839383513,0.045308154774829745,0.2379964047577232,0.2729575545527041,0.885421474231407,18.474184027450068
0.6878788552712649,0.8119561683852226,0.2079842770472169,0.7870451351627707,0.907056892523542,0.3482509655877948,0.5753422684501857,0.8345573639962822,0.10379684646613896,0.6797628495842218,23.659384285371797
0.8167464721482247,0.15181416715495288,0.34688015398569405,0.1601621808949858,0.7288914951495826,0.6244230992160738,0.8885586413089186,0.8190900292247534,0.8442305086646229,0.380728627089411,7.95419290309487
0.05548077612183988,0.10155761102214456,0.42886191280558705,0.8323645947966725,0.43793564778752625,0.3407827529590577,0.6517481443006545,0.04262505332008004,0.3724129793699831,0.1443421768490225,9.549813748044865
0.009869391098618507,0.3897590732667595,0.799199519911781,0.6962572694756091,0.4879064173437655,0.5092883897013962,0.62779675074853,0.6953899532090873,0.2452801640611142,0.9588938276283443,12.815880297143543
0.3632445461116731,0.37874509766697884,0.33124087122268975,0.052873704582452774,0.4037601905874908,0.637289518257603,0.3702247238252312,0.5766851836815476,0.2599595612846315,0.785319346236065,7.574474771822922
0.1707615852355957,0.2367476182989776,0.20514833624474704,0.07093302207067609,0.5778054567053914,0.2182351106312126,0.34733551763929427,0.7246911562979221,0.17412065481767058,0.8142704046331346,6.728317403957547
0.6259780118707567,0.33857431821525097,0.08395935501903296,0.8986076118890196,0.6925691573414952,0.27403923124074936,0.7346526097971946,0.9750857260078192,0.9369786493480206,0.6329123708419502,22.39748717862185
0.9708487088792026,0.35967114684171975,0.05773303983733058,0.24542724108323455,0.8936044769361615,0.012718195095658302,0.1556140233296901,0.8404337230604142,0.5853541707620025,0.27223655115813017,19.228806016940865
0.3687582709826529,0.5330876326188445,0.03086138842627406,0.3718315262813121,0.5688504914287478,0.9091380015015602,0.7332795800175518,0.2018346420954913,0.1428557471372187,0.5952822568360716,18.046381529633447
0.29147842596285045,0.8569387798197567,0.9772100376430899,0.09603296662680805,0.44816279760561883,0.20197305362671614,0.7013055940624326,0.4104396365582943,0.4496345594525337,0.4226586390286684,15.110819440984727
0.9182773730717599,0.27129235211759806,0.8428990563843399,0.4601024170406163,0.3324780594557524,0.5184929829556495,0.7862925166264176,0.491270441794768,0.44546804763376713,0.9160845163278282,15.47561218760205
0.48152630869299173,0.25577343441545963,0.8773343295324594,0.6779028419405222,0.36796249845065176,0.11575903207994998,0.7318537374958396,0.6164217656478286,0.22523970599286258,0.8541387042496353,15.739836792507207
0.15281469677574933,0.35880558006465435,0.47463081520982087,0.2378110159188509,0.13432309636846185,0.9284196232911199,0.18929331563413143,0.5685292389243841,0.9429977010004222,0.80305758677423,6.765463495779951
0.04911682638339698,0.46413994673639536,0.23277065088041127,0.5159747125580907,0.8479496296495199,0.9587435859721154,0.9664015870075673,0.5509425236377865,0.4713386504445225,0.1709537678398192,11.327286412381545
0.01708233472891152,0.24411316006444395,0.9082745150662959,0.7966980561614037,0.8162619390059263,0.7190304822288454,0.1757524269632995,0.5079147564247251,0.763359751785174,0.0935337538830936,14.927259491565186
0.5709809446707368,0.2949770404957235,0.23553293850272894,0.16919096279889345,0.6333408281207085,0.8558616349473596,0.7889716059435159,0.48305049096234143,0.48514556884765625,0.14328057994134724,10.864957014668116
0.8723789555951953,0.48223365168087184,0.624352817889303,0.541873735608533,0.06085258349776268,0.408872737782076,0.534999119117856,0.3728517987765372,0.4170381654985249,0.2858997138682753,17.099204241730245
0.6345262774266303,0.1260426384396851,0.9919607781339437,0.9655033668968827,0.387766663916409,0.29660707199946046,0.4220860202331096,0.2573594441637397,0.2317114679608494,0.7911741023417562,18.228697444985002
0.7557512687053531,0.6016262273769826,0.3102502503897995,0.275840450078249,0.6888421149924397,0.4839542342815548,0.5792006256524473,0.279777770396322,0.34230375033803284,0.4610113729722798,17.12905049962018
0.4590854342095554,0.022821297636255622,0.4740369440987706,0.7687589949928224,0.7481468350160867,0.2984026609919965,0.660581564065069,0.443741318769753,0.7468958105891943,0.552528197877109,12.997233463212952
0.7959226001985371,0.3211028673686087,0.947931150905788,0.21678142598830163,0.592643425334245,0.5117621030658484,0.7883158687036484,0.6351040855515748,0.8524342335294932,0.8345849958714098,16.777445767087503
0.8832060573622584,0.9885778296738863,0.7469105634372681,0.4425780705641955,0.958322296384722,0.8650119234807789,0.3551124876830727,0.18066134466789663,0.8346568106207997,0.7248728801496327,13.757938715176612
0.9043080664705485,0.6798562279436737,0.4529971678275615,0.14442263101227582,0.4867113893851638,0.17664901679381728,0.45061798905953765,0.3938663862645626,0.44642771454527974,0.5747199836187065,14.140943367827381
0.8905521903652698,0.7909697904251516,0.8382984914351255,0.03233404224738479,0.6070478621404618,0.14205753384158015,0.7705298797227442,0.08436963031999767,0.06496792263351381,0.5565175851806998,13.564693258715286
0.3116204922553152,0.993537167320028,0.6636120334733278,0.7650510398671031,0.08251541573554277,0.9895981280133128,0.4507694635540247,0.5374625329859555,0.16675868723541498,0.32776628830470145,17.523798176124476
0.19094425346702337,0.38760820869356394,0.22539065266028047,0.346813446842134,0.1761219350155443,0.22118425485678017,0.8416142312344164,0.32411644188687205,0.23432710766792297,0.48073210776783526,7.869352131808572
0.043621090007945895,0.3670390236657113,0.1626414731144905,0.4140193643979728,0.765269986120984,0.8958793105557561,0.5649535974953324,0.22502798889763653,0.009932334767654538,0.9290541869122535,11.549677099738478
0.1602332964539528,0.7830079961568117,0.11588483559899032,0.924958328017965,0.019047054229304194,0.6131065506488085,0.014718852005898952,0.7603502182755619,0.26369599206373096,0.9512953953817487,14.915263947824467
0.767484188079834,0.709760167170316,0.5277905166149139,0.17622230341657996,0.6981793327722698,0.014657336985692382,0.942245765356347,0.21247786632739007,0.5987652058247477,0.27282483596354723,14.302436849288902
0.7104778008069843,0.3572984589263797,0.8435616411734372,0.29814042849466205,0.5845555709674954,0.43123329244554043,0.21554330922663212,0.34763771388679743,0.07803075411356986,0.6627515752334148,17.34064315676486
0.9985901655163616,0.33692290261387825,0.5827602739445865,0.08723135199397802,0.2953638662584126,0.8238625524099916,0.161219333531335,0.23209747951477766,0.4610552175436169,0.45027717808261514,11.034406748615941
0.5258424689527601,0.08272760664112866,0.6575823035091162,0.16407283511944115,0.2946268073283136,0.1399577925913036,0.13473019609227777,0.19515228597447276,0.870480079902336,0.0823594075627625,4.8000241191769035
0.753774884622544,0.2398973647505045,0.8193600005470216,0.3917997949756682,0.656144174747169,0.012419843813404441,0.3086209502071142,0.23044503573328257,0.47624398907646537,0.5973497175145894,14.324848234851924
0.2965004837606102,0.8318640883080661,0.33597470936365426,0.4579884489066899,0.48423449019901454,0.21703642676584423,0.6952615301124752,0.3870236782822758,0.12470873608253896,0.26804645359516144,16.109982217270954
0.6063713352195919,0.6367709848564118,0.49080308503471315,0.7763487647753209,0.503102874616161,0.8558661805000156,0.6737485423218459,0.05341101321391761,0.6460678302682936,0.18355663353577256,19.11925837672305
0.11450335150584579,0.8517890733201057,0.5348972890060395,0.6327416796702892,0.8964290840085596,0.4032987868413329,0.48853677697479725,0.7013564941007644,0.242458192165941,0.7510384484194219,14.652060531225313
0.31519308453425765,0.8909080584999174,0.3013756584841758,0.7600547256879508,0.3885138628538698,0.44363518757745624,0.9127366521861404,0.9433264811523259,0.8721881280653179,0.7700144911650568,18.194357998955237
0.23884610668756068,0.8525038901716471,0.6895882431417704,0.46563338418491185,0.9934687623754144,0.4593539347406477,0.919485358055681,0.7346482584252954,0.7810509400442243,0.5851540416479111,16.155965697528977
0.3663578724954277,0.6943013351410627,0.3209754033014178,0.2443971741013229,0.7798378963489085,0.09504763688892126,0.7980728289112449,0.7767709461040795,0.3262969800271094,0.8008694895543158,14.270813512117499
0.11008490854874253,0.27884887740947306,0.8701546303927898,0.3859228503424674,0.43839320936240256,0.4259787183254957,0.9412577489856631,0.0017443057149648666,0.1994042657315731,0.835958716692403,8.915025928733455
0.3629262538161129,0.5747450534254313,0.7798859132453799,0.5897438894025981,0.4377671529073268,0.8691726922988892,0.38258875091560185,0.7044142759405077,0.9429482216946781,0.2360562151297927,15.029585381142367
0.21622506948187947,0.8000982960220426,0.877416119677946,0.36015261709690094,0.04232601635158062,0.6567886772099882,0.6697144391946495,0.12040068814530969,0.9144660467281938,0.8980297623202205,11.30737589831703
0.8124126025941223,0.23899055016227067,0.8847102490253747,0.04578741523437202,0.36885646800510585,0.8842692449688911,0.061610769713297486,0.5923287828918546,0.9134550904855132,0.857696459395811,11.346883412069822
0.38499804702587426,0.594559843884781,0.4651796808466315,0.6213289904408157,0.8942533975932747,0.4926418245304376,0.027515612775459886,0.15749852382577956,0.4044593235012144,0.519369482761249,17.114862266261174
0.9864640401210636,0.3304119287058711,0.18850846751593053,0.31187973567284644,0.8087457057554275,0.7649499517865479,0.5766039681620896,0.5840592063032091,0.9040752856526524,0.0348366005346179,16.65230315239161
0.7035979924257845,0.4095032576005906,0.25891614705324173,0.701491239015013,0.9672377347014844,0.6963958779815584,0.7940236509311944,0.22071114904247224,0.8149698651395738,0.3061541535425931,20.287833267036852
0.7439186475239694,0.8570671349298209,0.9937034130562097,0.28703390643931925,0.2057495249900967,0.8938411846756935,0.41088116518221796,0.10524567821994424,0.76338947750628,0.5771647023502737,19.397286760586795
0.8275447639171034,0.9316907550673932,0.44317750772461295,0.2050901164766401,0.6024149414151907,0.6228029115591198,0.661486895987764,0.05275687319226563,0.15349924750626087,0.9942382092121989,11.422015750190814
0.8379651317372918,0.9953201345633715,0.1689531656447798,0.35247625317424536,0.2554964665323496,0.07166992034763098,0.29757273895666003,0.4901932638604194,0.8650763786863536,0.9930136767216027,12.590127547420275
0.8457157649099827,0.1495478607248515,0.6225825233850628,0.4315264669712633,0.8062750096432865,0.17315665679052472,0.9770255151670426,0.3596380790695548,0.0897831185720861,0.9103346082847565,13.158018290233167
0.37147526862099767,0.4532289574854076,0.7668895276729017,0.7815090951044112,0.9516894926782697,0.6845967518165708,0.28550157346762717,0.16147685586474836,0.6708331948611885,0.31787222623825073,18.837695130621793
0.24126625386998057,0.716912777395919,0.7621844268869609,0.7760996364522725,0.6400670036673546,0.5133538574445993,0.7874724953435361,0.5925648116972297,0.13192601478658617,0.13296877569518983,18.107683931695387
0.6202542344108224,0.4030214217491448,0.00011456059291958809,0.3552914997562766,0.007964853662997484,0.05718049965798855,0.35385298798792064,0.07381721446290612,0.5592620205134153,0.49894680292345583,16.56840373269792
0.4717708546668291,0.2742048529908061,0.5418890086002648,0.11531261657364666,0.38265689206309617,0.9142100173048675,0.6220401851460338,0.7422029592562467,0.3579636279027909,0.769587772898376,7.8128549995069765
0.6543153512757272,0.2734094359911978,0.8602464955765754,0.43021285161376,0.17799393041059375,0.8507006594445556,0.7047154405154288,0.8234231127426028,0.7546555493026972,0.035626878030598164,13.352172415555362
0.37294156407006085,0.6139977772254497,0.11486668465659022,0.586842876393348,0.9039964750409126,0.16206861194223166,0.4161456113215536,0.6638250476680696,0.7322263470850885,0.8230799064040184,19.676570646952232
0.8893786726985127,0.9074716044124216,0.8582880012691021,0.5794695259537548,0.07222515693865716,0.22822601906955242,0.9789870616514236,0.941800004336983,0.30153227923437953,0.36450366163626313,13.351011471405748
0.5904342019930482,0.8786073131486773,0.6705554369837046,0.47321245283819735,0.9385565374977887,0.6133072604425251,0.7274686465971172,0.5696857071015984,0.1921821420546621,0.22878091293387115,18.58883356317444
0.8253196701407433,0.5479446691460907,0.7400369902607054,0.17017584992572665,0.3248792737722397,0.16815266199409962,0.661536306142807,0.19307186477817595,0.7870122124440968,0.3900605633389205,13.001548028713609
0.27670493465848267,0.6552513693459332,0.9496962474659085,0.0863060588017106,0.5876285752747208,0.8544210854452103,0.0621788518037647,0.676739490358159,0.04680778784677386,0.39969977689906955,12.610538753484269
0.9833587219472975,0.7369612497277558,0.629061873536557,0.9140380301978439,0.24800343322567642,0.663285001181066,0.6289347612764686,0.0833608431275934,0.12761169066652656,0.33969005243852735,17.702491371081557
0.30989859090186656,0.7929056920111179,0.2607745595742017,0.9978057330008596,0.35171094443649054,0.9422141131944954,0.7679051482118666,0.34950166079215705,0.7545226397924125,0.9517573618795723,19.276488360881903
0.6397708146832883,0.5960438940674067,0.2856919711921364,0.8013905631378293,0.8220728256274015,0.6842664789874107,0.12595806014724076,0.9406914939172566,0.8969919730443507,0.48724778927862644,23.759104810477865
0.06862565572373569,0.38056623097509146,0.32986690453253686,0.3227512438315898,0.4362490058410913,0.5985643770545721,0.48792162793688476,0.20899086957797408,0.4844005957711488,0.2321011300664395,6.662994253069238
0.1175017871428281,0.9458238652441651,0.718512253370136,0.6291681760922074,0.9300115404184908,0.8142099163960665,0.07196576660498977,0.929130009142682,0.21220721444115043,0.4547658362425864,16.182437721445716
0.5054550024215132,0.8950876393355429,0.8249851248692721,0.32660431461408734,0.7487137857824564,0.20805988204665482,0.2570589534007013,0.3283392549492419,0.9319415136706084,0.1325982129201293,17.838190452502744
0.5517625214997679,0.08934026816859841,0.083862493513152,0.9058892673347145,0.8893821544479579,0.07477307412773371,0.5921186823397875,0.2303561493754387,0.16961334249936044,0.41146607999689877,18.581123182975674
0.6855086016003042,0.6126008960418403,0.9559582609217614,0.5346802852582186,0.7935790456831455,0.47038293187506497,0.580326559022069,0.6150065162219107,0.9093752265907824,0.7253284635953605,24.19077213489241
0.6357636994216591,0.2646178798750043,0.30609218403697014,0.5204557962715626,0.37504249857738614,0.7314082265365869,0.7295510026160628,0.5612843215931207,0.9910785434767604,0.058924217242747545,11.398579673223253
0.03532614675350487,0.9992672551888973,0.9104915342759341,0.18002906790934503,0.7395068171899766,0.6953277732245624,0.3528259810991585,0.28938681283034384,0.36452520824968815,0.15501348907127976,10.242789381803487
0.04129913984797895,0.5650731353089213,0.38281674892641604,0.011319528333842754,0.2594675135333091,0.5470499834045768,0.7760897483676672,0.9024937704671174,0.9256630183663219,0.6372328645084053,4.674062576779771
0.6921889060176909,0.45347941503860056,0.3865347062237561,0.9212636046577245,0.17513040220364928,0.2847608383744955,0.660171230789274,0.9522820331621915,0.17995289457030594,0.8956259472761303,18.924917278757015
0.6583041970152408,0.2706228999886662,0.06798013485968113,0.24956046603620052,0.19816245674155653,0.7624731021933258,0.3489769734442234,0.20410659397020936,0.7577221223618835,0.7101977274287492,12.361626334578942
0.01156933163292706,0.9670149281155318,0.13018608675338328,0.40542952925898135,0.6846301085315645,0.6671436980832368,0.8963170533534139,0.8920303527265787,0.7044492040295154,0.2651696354150772,10.346253246947093
0.4392010916490108,0.3340056031011045,0.5125608462840319,0.3149965207558125,0.6489496100693941,0.6856079667340964,0.44467460247687995,0.017900130013003945,0.3154591720085591,0.1783424844034016,11.016698842589857
0.9677727131638676,0.8251649683807045,0.4426942919380963,0.6518568613100797,0.5123221839312464,0.35353842563927174,0.37300432310439646,0.10272690886631608,0.8764670607633889,0.08587503037415445,14.978779670386464
0.9556072622071952,0.4043205964844674,0.5727643989957869,0.8953365404158831,0.5222020423971117,0.08998201019130647,0.49531605700030923,0.3530204233247787,0.1908148641232401,0.04455355159007013,21.363745695400365
0.943374183960259,0.33931453921832144,0.1846460192464292,0.2925636670552194,0.15330764115788043,0.5794133271556348,0.4600440722424537,0.9825093427207321,0.7110315265599638,0.10414999816566706,13.962016310455134
0.3378365726675838,0.40804143832065165,0.15373819437809289,0.9780415759887546,0.6196589861065149,0.06600583926774561,0.2773097991012037,0.44067380321212113,0.4556436955463141,0.33210403961129487,20.49618224519548
0.19940970675088465,0.11202143505215645,0.4489479726180434,0.747217979747802,0.5811651067342609,0.5817523954901844,0.31551369931548834,0.6348985652439296,0.9061338845640421,0.6447939716745168,10.71108454442763
0.6133918594568968,0.4077773338649422,0.5043581502977759,0.8569247506093234,0.8877157170791179,0.6310381845105439,0.8103527359198779,0.7258680101949722,0.6421052280347794,0.32220448832958937,20.321366290548458
0.23325059236958623,0.26305299485102296,0.5787044225726277,0.6555005605332553,0.1731556779704988,0.9091024950612336,0.11385370511561632,0.9942224205005914,0.12507616425864398,0.26986678317189217,9.617220994322974
0.050848376704379916,0.8011577976867557,0.8448523331899196,0.047567159635946155,0.43288218532688916,0.6690517792012542,0.7113578813150525,0.1273555278312415,0.30283527658320963,0.9130593051668257,5.703202267385565
0.13832433195784688,0.6327897312585264,0.06465110555291176,0.7807874134741724,0.9924685712903738,0.8966460577212274,0.6551819611340761,0.15447861910797656,0.455808877479285,0.6080751395784318,20.06717960945967
0.2666040437761694,0.2516735391691327,0.5212901143822819,0.25464789825491607,0.19093083660118282,0.9116491498425603,0.2705776484217495,4.051323048770428e-05,0.7895433276426047,0.1645392756909132,3.990813989299892
0.014665919123217463,0.5220402211416513,0.5972463632933795,0.12263885699212551,0.6518387862015516,0.5738590157125145,0.6288017276674509,0.20189565955661237,0.36131733655929565,0.08196947816759348,4.8236338659244025
0.12494066287763417,0.6586078908294439,0.027727250009775162,0.6243095262907445,0.0046133974101394415,0.7441420319955796,0.556701778434217,0.3407859068829566,0.8760349224321544,0.6903041340410709,12.365786361388619
0.6674821290653199,0.5007388645317405,0.27255692053586245,0.36276856414042413,0.3254437600262463,0.6187599005643278,0.5145723761525005,0.7284252585377544,0.6012781092431396,0.9229573893826455,14.772276662792239
0.3912527484353632,0.6956181358546019,0.5198490752372891,0.24061058345250785,0.15494866180233657,0.6204420982394367,0.051370938774198294,0.38676410750485957,0.1742194222752005,0.07287385663948953,11.934676615746504
0.9310121736489236,0.8965317546389997,0.929907237412408,0.8470882242545485,0.3075087310280651,0.4912424706853926,0.3416058416478336,0.5455154476221651,0.9866074838209897,0.6114168029744178,20.129601233143276
0.3724610940553248,0.18132294854149222,0.7391592317726463,0.4506393901538104,0.15127017628401518,0.46764875133521855,0.588402442401275,0.2151624432299286,0.3564329787623137,0.4463769015856087,11.153836027578942
0.8530419280286878,0.3482018082868308,0.7595908036455512,0.08059147815220058,0.8543733307160437,0.9456302765756845,0.3737014830112457,0.7736093765124679,0.3109221055638045,0.2274111108854413,12.698780099050007
0.4150296051520854,0.07489716308191419,0.9847417275886983,0.1618901144247502,0.9408821696415544,0.7785292873159051,0.015377643750980496,0.38666077028028667,0.53397814091295,0.5330272396095097,11.31261217444885
0.5509830764494836,0.42381522920913994,0.16656225407496095,0.6718906839378178,0.6915659697260708,0.9585542837157845,0.5640250104479492,0.3783908283803612,0.03215383901260793,0.7178554371930659,19.399766302983238
0.9132219871971756,0.12483733217231929,0.4895762503147125,0.09192444407381117,0.3143132422119379,0.14725430100224912,0.4650089463684708,0.9885139928665012,0.8100041069556028,0.5542293817270547,7.033960503617989
0.6805987826082855,0.43236113572493196,0.6952699921093881,0.030735526932403445,0.3811137943994254,0.4225980688352138,0.8369554199744016,0.8861801095772535,0.13840125501155853,0.296714584575966,12.18063318303308
0.14803924458101392,0.30319915688596666,0.9564295343589038,0.7634657092858106,0.6725091363769025,0.3591245776042342,0.2626654540654272,0.701413135509938,0.40020809415727854,0.1401748680509627,15.956129580521418
0.7714306658599526,0.16673940629698336,0.6062284498475492,0.8781281523406506,0.28577526519075036,0.40954881883226335,0.3717667714226991,0.1462731445208192,0.8246003326494247,0.9464681302197278,15.660993314758239
0.01892366330139339,0.9136630552820861,0.7882043661084026,0.9437762433663011,0.7291702174115926,0.4825994777493179,0.09192086942493916,0.9888140382245183,0.4960635583847761,0.31914025847800076,15.133711731650791
0.5961052239872515,0.4985492108389735,0.5579336048103869,0.36115546547807753,0.5151555617339909,0.9135450990870595,0.6274459494743496,0.1384764730464667,0.13927948428317904,0.09692722163163126,14.38475362340065
0.9797286123503,0.24530837987549603,0.9583839038386941,0.7188855488784611,0.48821062641218305,0.14723112643696368,0.9551590639166534,0.5200799375306815,0.33068712730892,0.028194611193612218,21.362231525472076
0.21450466476380825,0.03092194930650294,0.5567811501678079,0.22205572109669447,0.7143529281020164,0.7765690158121288,0.23886118014343083,0.6565283278468996,0.971000797348097,0.6075580541510135,6.102737764397906
0.6019012734759599,0.15909125213511288,0.22678226558491588,0.3665546097327024,0.3586296676658094,0.03083092113956809,0.8614325164817274,0.33819820545613766,0.15789645817130804,0.7956062844023108,10.221314942813681
0.8075239104218781,0.7874794169329107,0.7313505394849926,0.831310898065567,0.37247029901482165,0.988652033964172,0.16032312135212123,0.4094916821923107,0.7028015307150781,0.6834192108362913,21.290976725678544
0.8043627943843603,0.9442241084761918,0.9780490100383759,0.7363279464188963,0.44548679678700864,0.900646930327639,0.7389484425075352,0.02286147535778582,0.6359393275342882,0.9035800690762699,19.142092257317806
0.4454681924544275,0.7829300900921226,0.4659632171969861,0.783240819349885,0.603438404854387,0.6039804774336517,0.6502254398074001,0.3701402312144637,0.6975533745717257,0.6000689605716616,19.10100274741452
0.958161952206865,0.12614002963528037,0.9618871747516096,0.9672000620048493,0.775476383510977,0.1425955044105649,0.644686674233526,0.2523175561800599,0.019616320496425033,0.7896680475678295,23.85460420336655
0.8543856905307621,0.06632741587236524,0.5824343485292047,0.8699926880653948,0.5076385939028114,0.9261767470743507,0.14385841810144484,0.08303955290466547,0.5529823005199432,0.20170929562300444,12.760199650471789
0.11342277680523694,0.5421224802266806,0.8998017190024257,0.5117809688672423,0.8921483242884278,0.4437607505824417,0.41562450490891933,0.6949341227300465,0.34995359438471496,0.3442101487889886,16.00597838126023
0.0807733116671443,0.9820730783976614,0.10973369562998414,0.27564827422611415,0.5043824876192957,0.21339620975777507,0.8718693775590509,0.9176473063416779,0.9730388808529824,0.08893061825074255,10.872117097051408
0.6715625650249422,0.34979942557401955,0.04073396744206548,0.20169265032745898,0.7135026121977717,0.29884605947881937,0.6266925064846873,0.2639454919844866,0.3061505747027695,0.8064604725223035,16.214140882686614
0.6856576334685087,0.9580645221285522,0.32299126661382616,0.03653397341258824,0.19957661791704595,0.2311387825757265,0.45279414718970656,0.4351686288136989,0.1553924500476569,0.5180156410206109,9.788025625842584
0.5317267819773406,0.7078821193426847,0.08318395144306123,0.1001206305809319,0.013656401075422764,0.48769666044972837,0.15223172376863658,0.9625396840274334,0.9617803324945271,0.03093374613672495,13.324676881357012
0.04151192819699645,0.22536211600527167,0.1444547176361084,0.43499026354402304,0.9233394816983491,0.8620978859253228,0.2838973202742636,0.5196411281358451,0.6622198321856558,0.709594757296145,11.589886120089236
0.8697183229960501,0.2525179353542626,0.7849130681715906,0.8121834557969123,0.16320908372290432,0.3689876308199018,0.720845852047205,0.3916481744963676,0.5449592785444111,0.8539461602922529,18.606956716208767
0.4149432622361928,0.4786455121356994,0.8548639041837305,0.18709781486541033,0.15735065168701112,0.09872101806104183,0.20920511917211115,0.25031890720129013,0.18580481875687838,0.5863505287561566,10.884601602562865
0.3893140524160117,0.5830847283359617,0.9189920818898827,0.6087916558608413,0.5589116397313774,0.4831793212797493,0.6830100361257792,0.05069684539921582,0.887131315888837,0.8219663032796234,19.343574342273
0.6740716889034957,0.04072862374596298,0.1293326101731509,0.03185779578052461,0.2289398885332048,0.29014659277163446,0.9050569250248373,0.7098713328596205,0.2877382831647992,0.49180445657111704,6.337171733764094
0.20971770910546184,0.017982912715524435,0.18617869704030454,0.6582154121715575,0.17837061057798564,0.9159620823338628,0.3005077133420855,0.5123458355665207,0.9406846219208091,0.03170554037205875,8.568668186843603
0.030010080197826028,0.23290113359689713,0.6793222497217357,0.036663947859779,0.27859533415175974,0.7347055491991341,0.10380193335004151,0.010160936275497079,0.6258606580086052,0.7753698898013681,2.983058569533135
0.3600245942361653,0.12920106970705092,0.009259855607524514,0.7018969161435962,0.6435802045743912,0.6057113080751151,0.6887616112362593,0.9889396110083908,0.6962033014278859,0.5021589738316834,18.002779676764288
0.6101875831373036,0.7729458885733038,0.5695185174699873,0.3221098524518311,0.610621594125405,0.3129352394025773,0.32816698937676847,0.22860406152904034,0.37722500623203814,0.9848064861726016,16.22962532016399
0.27119113015942276,0.9461757263634354,0.4373974846675992,0.7450435338541865,0.31609338661655784,0.847784232813865,0.03365117241628468,0.5915474747307599,0.14075662242248654,0.5343724263366312,16.315608714564636
0.9144191073719412,0.72347796196118,0.6240038718096912,0.49926449405029416,0.18007526639848948,0.3803014033474028,0.17404778278432786,0.5796274533495307,0.06130099552683532,0.23473595082759857,15.486650841634455
0.5377075343858451,0.7979053694289178,0.5891159167513251,0.5074189640581608,0.23695876356214285,0.27935435622930527,0.6179451141506433,0.13439772347919643,0.9833824685774744,0.3947023202199489,16.192884430571038
0.986429943703115,0.059474387438967824,0.22165739722549915,0.4812811426818371,0.8394283044617623,0.17796032316982746,0.16564614255912602,0.3804343440569937,0.08973503136076033,0.18870198959484696,13.400841658186586
0.2784163458272815,0.4376708487980068,0.09296644455753267,0.5558311096392572,0.7539057473186404,0.0903429330792278,0.34196828911080956,0.9878471016418189,0.7025737722869962,0.28350845142267644,16.546366354013056
0.750482700066641,0.015087693464010954,0.6627653622999787,0.9326492927502841,0.16490560513921082,0.06344185722991824,0.8120507821440697,0.8428228236734867,0.653812990989536,0.11593692959286273,11.311967444493614
0.32329552504234016,0.9918899303302169,0.5710093064699322,0.04907226259820163,0.23597328970208764,0.9387168008834124,0.03835181472823024,0.7228576014749706,0.14533087541349232,0.8387381264474243,11.74279617315854
0.8192544740159065,0.29929666966199875,0.6785618192516267,0.34143646247684956,0.1558175755199045,0.28044871240854263,0.060268368339166045,0.18043484445661306,0.5718459687195718,0.6381742884404957,10.7664539664827
0.5082409547176212,0.48232339788228273,0.416078660171479,0.23430146742612123,0.716531292302534,0.8172859500627965,0.3028137367218733,0.4277493008412421,0.1292549662757665,0.1944354346487671,15.096594753447299
0.22891331580467522,0.9228384136222303,0.7267243042588234,0.5121232199016958,0.899915065150708,0.13506365288048983,0.5528867528773844,0.8751602023839951,0.7397268556524068,0.7665845255833119,17.33414165350533
0.7426562390755862,0.8322560850065202,0.011760929133743048,0.8017761080991477,0.07274871994741261,0.6982296062633395,0.7573111781384796,0.3555960070807487,0.5854309140704572,0.6406351451296359,21.305043918126387
0.758874170249328,0.261359759606421,0.3751781606115401,0.48780942242592573,0.19905232777819037,0.1106845554895699,0.6140381044242531,0.25736845866777003,0.6549236353021115,0.0712312632240355,11.523615928266981
0.8040466790553182,0.7322428247425705,0.5756480358541012,0.07346963230520487,0.9878071658313274,0.4256580169312656,0.008378637256100774,0.23071673256345093,0.9563469020649791,0.2928432591725141,14.93099782441076
0.8770466656424105,0.3779336882289499,0.3555027216207236,0.6041587900836021,0.376878070179373,0.4494041169527918,0.3047989720944315,0.02351899934001267,0.42730217589996755,0.40486124879680574,16.242303633134117
0.8714794747065753,0.4736164433415979,0.7312432921025902,0.9605360385030508,0.8744758011307567,0.03213504422456026,0.570647457614541,0.9505548325832933,0.5154448559042066,0.8342062360607088,23.755596603275663
0.639821381540969,0.4006556102540344,0.011149485362693667,0.537857046816498,0.26459882128983736,0.708780404413119,0.2149884074460715,0.11577533092349768,0.6891374564729631,0.2891236827708781,19.956798937278094
0.5382127268239856,0.18123168614692986,0.32785514066927135,0.9423595804255456,0.06301033776253462,0.19905701163224876,0.3996155334170908,0.021523461444303393,0.17195613938383758,0.25000387406907976,12.683119897412892
0.8352296187076718,0.6160551137290895,0.6763677299022675,0.27170124277472496,0.30652905255556107,0.34362811455503106,0.9860212153289467,0.03301950613968074,0.5938514457084239,0.04714599926955998,13.306686628475376
0.6235600041691214,0.00917935068719089,0.009426315780729055,0.16055030864663422,0.6110734043177217,0.8157377135939896,0.13294914248399436,0.5862143565900624,0.43396732583642006,0.8634428740479052,8.911058652278703
0.5477198164444417,0.30516920262016356,0.5350561053492129,0.4969049447681755,0.9185371708590537,0.9726756946183741,0.8840943579562008,0.31232503545470536,0.8436250661034137,0.8351932070218027,13.699889329433454
0.9179418056737632,0.5613206198904663,0.9026755094528198,0.559858859051019,0.48086240398697555,0.6585761059541255,0.8384673201944679,0.6947331703267992,0.22072145016863942,0.8453575533349067,20.459257414915843
0.9955964137334377,0.3330573837738484,0.5765811272431165,0.42148197046481073,0.5608751424588263,0.03816869808360934,0.016716710291802883,0.1148914908990264,0.9910783777013421,0.3475935396272689,15.129806958146581
0.8417107369750738,0.9122215085662901,0.015560762491077185,0.8338662260212004,0.7124949011486024,0.971912253415212,0.6209084531292319,0.02412165328860283,0.9762683298904449,0.5781952571123838,23.571745916603223
0.07882696040906012,0.7610260548535734,0.735606930218637,0.6209726429078728,0.8719020176213235,0.9705099444836378,0.6633691298775375,0.7498196689411998,0.7789946787524968,0.040686346823349595,12.757701107934551
0.7443211500067264,0.5442638618405908,0.5559154837392271,0.176579671446234,0.7220035376958549,0.5994010681752115,0.1188211664557457,0.5248789077159017,0.2964041626546532,0.4992486396804452,12.933974892973946
0.24510923982597888,0.5903114129323512,0.9651763073634356,0.5350380684249103,0.815912559395656,0.5771747033577412,0.9751024001743644,0.9555261838249862,0.5149024638812989,0.11455675936304033,17.308524928240573
0.624718779232353,0.9268720976542681,0.4319870821200311,0.5018020819406956,0.3610877855680883,0.4463706277310848,0.8267328576184809,0.00837695854716003,0.9377671903930604,0.9110947123263031,18.54647111113592
0.8389791932422668,0.9838021986652166,0.055671265348792076,0.15932881878688931,0.31522816489450634,0.3860630674753338,0.44947070977650583,0.28539166366681457,0.41728333570063114,0.32924922835081816,12.955134003644488
0.7642414199654013,0.22547671990469098,0.12698745517991483,0.4155082111246884,0.7206245630513877,0.5690511702559888,0.8575086470227689,0.12901229970157146,0.1833541567903012,0.06978118699043989,13.994564038456879
0.49637340754270554,0.008928229101002216,0.7507347723003477,0.7761554385069758,0.8352573402225971,0.9573919873218983,0.9822560488246381,0.42935587582178414,0.4021773971617222,0.6940779231954366,12.657376290912767
0.5618317732587457,0.42871527024544775,0.37438531895168126,0.4301091383676976,0.277070488082245,0.3007257576100528,0.5743730913382024,0.410023279953748,0.778655503410846,0.9098956133238971,13.667369602691338
0.9756847792305052,0.6976844076998532,0.5175072445999831,0.16552658821456134,0.009785919915884733,0.36151473270729184,0.23672340833581984,0.9760037071537226,0.6573104672133923,0.35687470668926835,9.908925273906474
0.986885534832254,0.4970758520066738,0.21784158470109105,0.4246578838210553,0.07910003676079214,0.6085663542617112,0.4846639179158956,0.4988540594931692,0.0385015862993896,0.124400629196316,16.98619340683799
0.2190043416339904,0.6854258747771382,0.5625003366731107,0.41187594551593065,0.8143564227502793,0.9712879199068993,0.37206844915635884,0.7042535287328064,0.5416079040151089,0.07243449054658413,11.776521192646529
0.9558271914720535,0.9240465846378356,0.18957403348758817,0.6436736909672618,0.17666106019169092,0.11942487442865968,0.6540371666196734,0.4853481398895383,0.8471134372521192,0.5227583348751068,13.097333449672847
0.26549958041869104,0.43706720508635044,0.18014195561408997,0.8768145337235183,0.2791434552054852,0.7210840864572674,0.6278089133556932,0.17653816705569625,0.21886786841787398,0.6102627031505108,15.402084272230319
0.17222793004475534,0.5798971324693412,0.66953917988576,0.5192998766433448,0.5171513287350535,0.36102988943457603,0.24856575671583414,0.14463525940664113,0.2768918895162642,0.4320856421254575,10.542309433609201
0.8050303717609495,0.8547297539189458,0.36701907217502594,0.11807631235569715,0.49495114339515567,0.8469129733275622,0.2520183997694403,0.0876627687830478,0.6649604672566056,0.9204483511857688,11.09482602575374
0.4048822373151779,0.1399987053591758,0.18294118042103946,0.05680018477141857,0.17573802848346531,0.41863028961233795,0.14109570090658963,0.484630370978266,0.7085884106345475,0.1939590701367706,5.339577868557604
0.4275670724455267,0.26727327588014305,0.5557578371372074,0.5796795790083706,0.18702125689014792,0.3892396534793079,0.996145878219977,0.5691470988094807,0.7872376390732825,0.09865767136216164,10.654045193986079
0.013092721113935113,0.29020488704554737,0.7200137404724956,0.40991567610763013,0.2152677900157869,0.9215056262910366,0.6106468953657895,0.6161214902531356,0.2524652034044266,0.45682902354747057,6.9328000129860445
0.5969152161851525,0.8734821160323918,0.5062977697234601,0.9385640493128449,0.5456444364972413,0.09374312171712518,0.7605931570287794,0.4852298970799893,0.8955673228483647,0.31787267490290105,21.387530101286803
0.259386264719069,0.12384867062792182,0.8153523828368634,0.3742432063445449,0.8891549240797758,0.3935910784639418,0.12258904264308512,0.8419606732204556,0.6737542108166963,0.253077112371102,11.68249351710911
0.8071324729826301,0.6786383031867445,0.08421648759394884,0.4583609872497618,0.751400588080287,0.7551884783897549,0.8487931750714779,0.6637733057141304,0.5542759096715599,0.6806820810306817,21.01673962915752
0.8165432326495647,0.01949173747561872,0.035640304209664464,0.7433463686611503,0.4201519899070263,0.910082580987364,0.8873186719138175,0.8570749789942056,0.2717977787833661,0.08026926661841571,13.980876692567708
0.5546206971630454,0.3727150585036725,0.10360071738250554,0.8437134011182934,0.44804375898092985,0.29823911003768444,0.44585719308815897,0.8334981482475996,0.02828909526579082,0.46957000670954585,22.37416985074167
0.9735594426747411,0.949667016742751,0.20614072540774941,0.2116746238898486,0.2816002396866679,0.5187135266605765,0.008148549823090434,0.6556733332108706,0.4951202382799238,0.17071835207752883,8.706389383661895
0.565402704756707,0.193926666630432,0.09715344733558595,0.5031952494755387,0.16760158841498196,0.7231714574154466,0.6130060309078544,0.648036977276206,0.475957257905975,0.5139041221700609,11.925243881200197
0.10264764353632927,0.6035444694571197,0.7533613140694797,0.35008836281485856,0.2512710627634078,0.3970228936523199,0.08859824226237833,0.891597040463239,0.37536166748031974,0.11139953159727156,8.094764153487596
0.30316488072276115,0.9103154158219695,0.17071919818408787,0.07552176574245095,0.9651605389080942,0.9880702178925276,0.11519899545237422,0.6164275668561459,0.9310964271426201,0.13511728309094906,15.549424016954807
0.333105044439435,0.2984448291826993,0.8495169782545418,0.09081245795823634,0.8908821479417384,0.26496728463098407,0.8394900946877897,0.20452426304109395,0.8191739756148309,0.6221250779926777,11.047034090163203
0.10052244830876589,0.09382153442129493,0.507951243314892,0.08239546162076294,0.09243781515397131,0.7314080856740475,0.043007425498217344,0.319084053626284,0.2091055498458445,0.957371758762747,2.2436844269307663
0.09616116690449417,0.6566562508232892,0.22367473831400275,0.013711648527532816,0.9889755041804165,0.9202725591603667,0.4971363302320242,0.782147170510143,0.5806388256605715,0.4446790956426412,8.2951245361688
0.847515317844227,0.11860801815055311,0.2333122305572033,0.1435980498790741,0.8301669214852154,0.8756775639485568,0.8598221407737583,0.16177880438044667,0.9814265249297023,0.7997177564539015,8.956025504177896
0.36403353954665363,0.8308113797102123,0.1333366127219051,0.8228170739021152,0.34370082523673773,0.5227657069917768,0.7766313871834427,0.31644385727122426,0.5044260639697313,0.540554391220212,21.332331483648726
0.17262730607762933,0.036632588133215904,0.5995114694815129,0.47779979882761836,0.5669261976145208,0.11553709371946752,0.9227304072119296,0.42441219673492014,0.5630677961744368,0.018778587924316525,6.806179316372314
0.5359142229426652,0.0807337339501828,0.5202444533351809,0.41829284420236945,0.7100030286237597,0.3038998441770673,0.9063903407659382,0.5344762962777168,0.6129508540034294,0.7722910749725997,11.212141834020613
0.6250366535969079,0.8914824281819165,0.6164815174415708,0.20465074223466218,0.6224895189516246,0.36311573162674904,0.01547506614588201,0.5635915000457317,0.7109584442805499,0.2052246576640755,15.840474947833979
0.8546098561491817,0.1752238618209958,0.9852006870787591,0.7401660999748856,0.27794466144405305,0.5592389607336372,0.026632486609742045,0.7694651840720326,0.5092807998880744,0.21780174993909895,15.631572529557916
0.832884224364534,0.5729246514383703,0.6064050467684865,0.35445924010127783,0.875507217599079,0.16712736105546355,0.06436249567195773,0.09032025467604399,0.2187630629632622,0.005298623349517584,18.661272534991163
0.23931561037898064,0.8521577850915492,0.8334863802883774,0.10644447174854577,0.23535818210802972,0.436859714332968,0.8821817326825112,0.2811983472201973,0.12052021315321326,0.03016773611307144,10.028797574383953
0.8986387876793742,0.8696786388754845,0.5468436484225094,0.5322347341571003,0.04969971487298608,0.6136218740139157,0.3176139041315764,0.871274258941412,0.5815366737078875,0.5920435290317982,11.81438893497877
0.8828772197011858,0.25151406531222165,0.6213785249274224,0.7061384860426188,0.7367236614227295,0.8933668683748692,0.7889370045159012,0.6648450044449419,0.6437047710642219,0.5457853460684419,17.21092843420147
0.3599977244157344,0.43311307043768466,0.4918362684547901,0.5497838272713125,0.2430933762807399,0.6081414720974863,0.4876846808474511,0.667669644812122,0.5850852879229933,0.10854385630227625,11.562142468466266
0.6505211845505983,0.809893746394664,0.5891434964723885,0.4722574194893241,0.07714229682460427,0.6992013803683221,0.4418148605618626,0.42596015334129333,0.8488013378810138,0.07971334643661976,13.849314807428868
0.7591178009752184,0.17401828081347048,0.664398783352226,0.7710321515332907,0.24901733919978142,0.5456320228986442,0.18380876095034182,0.2939490380231291,0.22903168993070722,0.1201458799187094,13.198826198088987
0.14379006484523416,0.22084500757046044,0.5337789324112236,0.06616915436461568,0.7900725300423801,0.15573182166554034,0.08420760463923216,0.45597317977808416,0.8356329314410686,0.09008493623696268,5.571507105053851
0.5808229534886777,0.535205249208957,0.360172449843958,0.4415453062392771,0.29147535655647516,0.4686055157799274,0.4021228803321719,0.4398721943143755,0.2635302091948688,0.2488581754732877,14.295503021131863
0.133610175922513,0.602354777045548,0.34591573546640575,0.735748726176098,0.2936374342534691,0.015099580865353346,0.6748273351695389,0.9783212116453797,0.7344478571321815,0.7203907307703048,11.100344935391025
0.8331072272267193,0.3688253671862185,0.8004503513220698,0.6377725047059357,0.8714637225493789,0.2976401993073523,0.5253992762882262,0.913310362957418,0.8028431583661586,0.2594907688908279,20.98153584352034
0.13464918662793934,0.254324616631493,0.5154005063232034,0.24409969383850694,0.42458453169092536,0.29033377952873707,0.6049782657064497,0.4775640501175076,0.5032252355013043,0.4306272298563272,4.354808970887778
0.6044675251469016,0.7896914270240813,0.758642720291391,0.37532847304828465,0.25778033095411956,0.8504965091124177,0.774537734221667,0.3338057822547853,0.6278216899372637,0.7493959437124431,15.772694589357284
0.46886121993884444,0.6221393949817866,0.8432203400880098,0.9553058587480336,0.8539010765962303,0.22025464056059718,0.2750922467093915,0.25497129186987877,0.30003975285217166,0.03328713867813349,24.39769766240435
0.30857400642707944,0.6846354093868285,0.9646726991049945,0.2462818103376776,0.6813519913703203,0.2990643500816077,0.9086717320606112,0.47443359484896064,0.3509852832648903,0.21542690671049058,17.081993577580366
0.31505397078581154,0.4078050306998193,0.17767448094673455,0.8829908084589988,0.3334840997122228,0.7188175991177559,0.8020131466910243,0.47290120576508343,0.7653181785717607,0.06366233713924885,17.008283675712388
0.3755097878165543,0.6536858908366412,0.6952723951544613,0.061915496829897165,0.3531173064839095,0.010766869178041816,0.5032439886126667,0.03565602749586105,0.8296548696234822,0.2009171189274639,10.155073097638573
0.38270754204131663,0.39497658936306834,0.2532015675678849,0.8352725566364825,0.08028741576708853,0.6380603110883385,0.7107255342416465,0.17315940302796662,0.6827839487232268,0.0728016949724406,14.980787319207163
0.3605750515125692,0.7289611247833818,0.1260183216072619,0.032151116989552975,0.3272533311974257,0.9103698853868991,0.5103039564564824,0.1762197173666209,0.23131871689110994,0.47363073541782796,10.760191838371638
0.24468760821036994,0.48553801607340574,0.640893135452643,0.6252124982420355,0.502310584532097,0.8066059991251677,0.8699718441348523,0.8402827142272145,0.6437419897411019,0.23765324661508203,14.244492783627546
0.713984556728974,0.9357256991788745,0.15723750554025173,0.7626391078811139,0.5334817059338093,0.5350829786621034,0.3093232801184058,0.8318571646232158,0.9083105362951756,0.3395245233550668,20.147581623658347
0.9864464970305562,0.06725642527453601,0.7046142476610839,0.8836495787836611,0.5147915270645171,0.9952936861664057,0.4137365762144327,0.6573483438696712,0.002424633828923106,0.8192378766834736,13.485493257952507
0.4444082551635802,0.8042584084905684,0.5553756451699883,0.5542852501384914,0.22067236946895719,0.589604415697977,0.37533006980083883,0.895142022985965,0.29994697985239327,0.6778942050877959,15.87320849583825
0.8360658516176045,0.552910203114152,0.07237002719193697,0.34587069670669734,0.8239872585982084,0.8004465750418603,0.8416078519076109,0.0660155767109245,0.15319940051995218,0.08217051369138062,22.468553974895478
0.28465612791478634,0.6605661429930478,0.6407280412968248,0.32239659829065204,0.4996161658782512,0.38014576444402337,0.5336175502743572,0.4028325972612947,0.6727056591771543,0.9560653341468424,10.732704150884613
0.5266246821265668,0.29253049078397453,0.7180218985304236,0.8569148066453636,0.2865875291172415,0.38086856668815017,0.9164322833530605,0.7347907500807196,0.5675776165444404,0.4923949830699712,14.930471791307992
0.3445234277751297,0.963432356948033,0.8903366376180202,0.33635790343396366,0.792386153480038,0.47209375794045627,0.5915379771031439,0.24716993723995984,0.703769713640213,0.379766246303916,19.429953162253632
0.9837172136176378,0.698229301488027,0.43934379843994975,0.6909414483234286,0.29763806727714837,0.16041704802773893,0.38073257193900645,0.39703266485594213,0.07644724054262042,0.38869489566423,17.571029077327687
0.8886366682127118,0.6692599761299789,0.40018334868364036,0.39630647865124047,0.8544521529693156,0.8240122206043452,0.34453668957576156,0.7280221385881305,0.9808792516123503,0.7101615772116929,17.74661568919675
0.3994246628135443,0.7387211336754262,0.9686304116621614,0.5939354232978076,0.29705594573169947,0.3765393237117678,0.1780295807402581,0.5912210608366877,0.23590563563629985,0.41764385695569217,20.06037561041767
0.9148430610075593,0.9806111599318683,0.7193648973479867,0.05729158828034997,0.23901276290416718,0.7148029243107885,0.11670704022981226,0.6528836113866419,0.620228145038709,0.12933245371095836,6.155647779917708
0.9065690317656845,0.12209338718093932,0.43958746222779155,0.4091181212570518,0.42371536255814135,0.9751597703434527,0.40380941168405116,0.8064467080403119,0.4833729334641248,0.6702522102277726,9.128276635275167
0.08987418352626264,0.8284666510298848,0.8947839778847992,0.30752588831819594,0.05651955748908222,0.752617351943627,0.2723515338730067,0.8840266473125666,0.17103192582726479,0.4281169753521681,8.69760158569213
0.42935078125447035,0.07255549379624426,0.0590647014323622,0.1884954811539501,0.20015121181495488,0.01804992719553411,0.04125633556395769,0.4806992239318788,0.16843026084825397,0.2070464571006596,7.400835153802057
0.46561908116564155,0.05759582156315446,0.3647518400102854,0.11532011977396905,0.3066476848907769,0.7622696752659976,0.6396109119523317,0.24587925430387259,0.6700954225379974,0.5020455543417484,2.901614972907184
0.10131050040945411,0.2932654011528939,0.2661977375391871,0.5517283673398197,0.5606197165325284,0.5906764855608344,0.3754994806367904,0.9133162226062268,0.10324084386229515,0.1449289454612881,11.393448649183858
0.24454255471937358,0.47953188442625105,0.15428065275773406,0.5123560156207532,0.02035033330321312,0.8014239666517824,0.611692309146747,0.8708640441764146,0.13987084291875362,0.9835234894417226,11.372859582315831
0.854306529276073,0.7027024358976632,0.15793199581094086,0.7617389941588044,0.9115085983648896,0.936031928518787,0.3138479890767485,0.3267179380636662,0.596600379794836,0.5840128674171865,23.61310389210417
0.3260545493103564,0.030188849661499262,0.9665097107645124,0.719237731769681,0.5756505602039397,0.213740375591442,0.9392708123195916,0.9770090857055038,0.432516137836501,0.9303517427761108,14.346856484259776
0.7134530635084957,0.7267252579331398,0.27113000489771366,0.09972553118132055,0.9287745873443782,0.6188597097061574,0.2413939144462347,0.2833883126731962,0.7655424347613007,0.8694116640836,15.733348327340115
0.3222845830023289,0.3053076849319041,0.35963062359951437,0.3373006656765938,0.2948435596190393,0.6093842713162303,0.9275128145236522,0.6249156312551349,0.6160328423138708,0.28684089751914144,8.83962898479304
0.1424970671068877,0.6479085222817957,0.9232429817784578,0.2945771240629256,0.3372478324454278,0.14943203004077077,0.7896587096620351,0.784970021340996,0.15401402744464576,0.006866891635581851,11.466946457556068
0.5405916958115995,0.5339973091613501,0.5750333059113473,0.4633571507874876,0.14856822811998427,0.04791564820334315,0.7446421240456402,0.2804485282395035,0.1325317956507206,0.5070150208193809,11.776612022754387
0.003095864551141858,0.4934451060835272,0.9472759154159576,0.5825553031172603,0.48078401619568467,0.3190058581531048,0.8601266513578594,0.4429492603521794,0.23968235682696104,0.7330026545096189,12.229604803568453
0.6016536480747163,0.024406520882621408,0.07879087654873729,0.5317712440155447,0.6488002005498856,0.24638329725712538,0.8990707111079246,0.1105357960332185,0.08502334076911211,0.2670435393229127,12.181472146075816
0.8666386415716261,0.24323672777973115,0.38268881128169596,0.34919788921251893,0.8519948592875153,0.07369964802637696,0.7434912589378655,0.34547404013574123,0.3458808558061719,0.20192675990983844,14.324575813148817
0.423406561370939,0.6719896360300481,0.9860571951139718,0.09708636975847185,0.9815663096960634,0.1787324317265302,0.9621562494430691,0.13254058454185724,0.9011350232176483,0.23274354473687708,17.406240367592396
0.16499252407811582,0.6656403122469783,0.9632977747824043,0.18529351078905165,0.5941826801281422,0.1418758521322161,0.5035067335702479,0.3431520708836615,0.19563479837961495,0.1613116324879229,11.542762277277202
0.940588028402999,0.011067784391343594,0.38134914194233716,0.41731215943582356,0.3196089102420956,0.3709619992878288,0.03565312339924276,0.23744805133901536,0.6007013490889221,0.7109115768689662,6.691310704162333
0.8527691918425262,0.7238429789431393,0.5789659367874265,0.4351294399239123,0.8681960895191878,0.4217193955555558,0.377562670269981,0.04165084706619382,0.8869621017947793,0.39158076886087656,17.78298121669742
0.7482816684059799,0.4882723572663963,0.2693425847683102,0.4649873673915863,0.2852695386391133,0.7608659253455698,0.38853276520967484,0.5395954716950655,0.6795324222184718,0.17708264640532434,16.455058166140567
0.057392024202272296,0.20587397832423449,0.06523345760069788,0.7454937908332795,0.31495027197524905,0.5660903013776988,0.7025820603594184,0.6089177762623876,0.08037818782031536,0.6990441072266549,12.356768871683796
0.7920527218375355,0.8352245851419866,0.1291773566044867,0.22048023389652371,0.835165447788313,0.6753889948595315,0.42699478729628026,0.09868089994415641,0.1583392801694572,0.11645932705141604,16.57155732346398
0.7505042185075581,0.187637701863423,0.2656508204527199,0.2868205236736685,0.3084635727573186,0.04502139147371054,0.25142475264146924,0.06148218922317028,0.5277915205806494,0.7169954257551581,11.436396122187428
0.4107909109443426,0.48304390138946474,0.11028042854741216,0.6578633906319737,0.8563637151382864,0.5627753692679107,0.7704905278515071,0.9107756558805704,0.21060289908200502,0.237157795811072,20.28331877692474
0.3700544838793576,0.40540730743668973,0.31111214798875153,0.6000352024566382,0.4188057384453714,0.8546256250701845,0.0359116701874882,0.28114779689349234,0.7627525473944843,0.2811999467667192,13.222724167394517
0.4422456002794206,0.7754294681362808,0.1875894796103239,0.21078455285169184,0.9813117773737758,0.1106475058477372,0.8771704148966819,0.06707224412821233,0.4675815694499761,0.2556535459589213,17.42350899497325
0.9157834872603416,0.6714886059053242,0.6145275526214391,0.45300357323139906,0.7188373182434589,0.6245625354349613,0.5797413592226803,0.41781655396334827,0.30502766044810414,0.04884749371558428,17.740224799431022
0.08710904605686665,0.9935625118669122,0.3606446282938123,0.7925079802516848,0.757309683598578,0.8870128015987575,0.536725344369188,0.5305744765792042,0.31017001857981086,0.698949676938355,15.517681035699987
0.5098463299218565,0.8665946135297418,0.6347477785311639,0.04163208534009755,0.26293625961989164,0.603428496979177,0.19804818439297378,0.7259661420248449,0.7792211172636598,0.8349880548194051,13.578214462645043
0.19947418593801558,0.5620957426726818,0.9502682436723262,0.6248972988687456,0.8033698427025229,0.1120167679619044,0.5578970343340188,0.009024396538734436,0.6711488217115402,0.7744386487174779,15.772547431276777
0.2830758788622916,0.726294887252152,0.07313515339046717,0.8018416201230139,0.6282074237242341,0.36359575600363314,0.894162968499586,0.1450327904894948,0.7678690978791565,0.727451506536454,22.698257135961715
0.25680750678293407,0.43199320673011243,0.5043322357814759,0.34956623101606965,0.30978169036097825,0.5146275139413774,0.5353295973036438,0.7455297145061195,0.9109359462745488,0.6721187273506075,9.863700383743588
0.18742467812262475,0.3192391195334494,0.6389177278615534,0.20226947288028896,0.24953261902555823,0.1971572192851454,0.9286263342946768,0.764416765421629,0.7526852034498006,0.6874768775887787,7.041767423529559
0.9976580508518964,0.4636196626815945,0.19215261354111135,0.30083788675256073,0.696076876251027,0.49942975444719195,0.07289155852049589,0.9740121036302298,0.6674785818904638,0.7097041599918157,16.712147598927253
0.6015313388779759,0.5839368375018239,0.8586676251143217,0.6749791852198541,0.6181914377957582,0.9270594429690391,0.07478147302754223,0.03822740772739053,0.47192129446193576,0.8964703399688005,23.105068685617162
0.36025571497157216,0.2751247922424227,0.7021362076047808,0.08494900935329497,0.716042296262458,0.997454141266644,0.8352861541789025,0.055346660083159804,0.23178884270600975,0.2646816526539624,8.078616381213385
0.7285357769578695,0.6346867238171399,0.09030253277160227,0.46769449510611594,0.671758825192228,0.5929338769055903,0.547363547841087,0.9310198347084224,0.5528805535286665,0.5108300289139152,21.435036783499104
0.26377720036543906,0.31251216400414705,0.05233488348312676,0.9361299639567733,0.5691160415299237,0.11938141426071525,0.8508787108585238,0.8835819459054619,0.5861888434737921,0.3458939634729177,18.386669677015753
0.2855272914748639,0.14877163828350604,0.7704892305191606,0.9129003649577498,0.838262994075194,0.15592326456680894,0.2945043728686869,0.18509959150105715,0.4098389137070626,0.9066640958189964,16.910773578894077
0.30250175460241735,0.7311227316968143,0.7069357829168439,0.23375559668056667,0.1476558733265847,0.7651238604448736,0.44830454024486244,0.8300369819626212,0.3351576691493392,0.32202785136178136,10.601541880617757
0.3962730362545699,0.2760160437319428,0.9185854839161038,0.213057424640283,0.4551401846110821,0.7093735996168107,0.31446324265562,0.4742413223721087,0.864869961515069,0.008244665805250406,10.971672144895022
0.9030394956935197,0.12165841762907803,0.959531806409359,0.5077663478441536,0.8021625708788633,0.9808012468274683,0.5298873782157898,0.48922858061268926,0.2622384715359658,0.9816525198984891,17.33291445392021
0.5996941840276122,0.7896085933316499,0.4640126181766391,0.7589840316213667,0.6610648722853512,0.6747995489276946,0.43410566286183894,0.8806584696285427,0.884189668809995,0.368508483748883,21.25744553392063
0.32368664257228374,0.5143095357343554,0.6037940965034068,0.34293878148309886,0.49353525834158063,0.6421749135479331,0.652085764799267,0.175445954548195,0.2896669053006917,0.07999520795419812,13.718293067807766
0.5471029225736856,0.21951578301377594,0.08811419224366546,0.8423785304185003,0.1773562179878354,0.31748432549647987,0.27724147704429924,0.8207939486019313,0.7055170396342874,0.36026407382451,18.19051310196872
0.6362300836481154,0.29164931550621986,0.5794141786172986,0.3396817680913955,0.5691661457531154,0.6534098512493074,0.6998561832588166,0.5330184393096715,0.08341271616518497,0.8890938989352435,12.722887431087376
0.5139514477923512,0.28377419942989945,0.13668943429365754,0.4205770811531693,0.9697943343780935,0.5321308837737888,0.47787081403657794,0.4545499701052904,0.29494075872935355,0.3460901805665344,18.09858893449095
0.5073624104261398,0.24487871304154396,0.3404991766437888,0.7982812072150409,0.2010889749508351,0.3556207094807178,0.06440398120321333,0.7185303512960672,0.8156401335727423,0.5957729367073625,10.80359553398173
0.19095411151647568,0.19463119213469326,0.302579861599952,0.7613706751726568,0.14947292255237699,0.5302266990765929,0.4032658583018929,0.4671759051270783,0.40625070151872933,0.20972399995662272,9.654440224578751
0.40710915834642947,0.7354472407605499,0.1534027650486678,0.5193678066134453,0.6139161535538733,0.29598647309467196,0.25684422510676086,0.5215802101884037,0.6186239449307323,0.24979260587133467,18.07147155745764
0.030133303254842758,0.678597645368427,0.6505905271042138,0.9210864801425487,0.2606426919810474,0.08931359788402915,0.8914933032356203,0.565360713051632,0.6807900180574507,0.2913747492711991,11.373955475034409
0.575055577326566,0.04169748700223863,0.06777767720632255,0.30314497742801905,0.49975810036994517,0.5396667893510312,0.9041326709557325,0.09602070180699229,0.6290023743640631,0.9846459268592298,9.662975553495526
0.03452810598537326,0.21188914263620973,0.2364129819907248,0.21916182152926922,0.8753456720151007,0.5407649886328727,0.25055663590319455,0.2384709739126265,0.8635447898413986,0.569842791184783,8.888285571925048
0.7806546872016042,0.6715066602919251,0.8447517468594015,0.7407971401698887,0.1663695622701198,0.6881965498905629,0.5283219038974494,0.6364236723165959,0.5110977466683835,0.6141145499423146,21.751606681268033
0.363504916196689,0.8137106206268072,0.6716097521129996,0.8069985874462873,0.40980592323467135,0.6902668233960867,0.5003557305317372,0.01847476768307388,0.4717867197468877,0.3688741272781044,19.716630327674928
0.6938315767329186,0.4295848263427615,0.8300910135731101,0.9909510060679168,0.9685991178266704,0.6146616055630147,0.112734604626894,0.15453242231160402,0.9446661958936602,0.22701004310511053,24.330196087777782
0.23010565293952823,0.5938108258415014,0.9189225463196635,0.49113025865517557,0.11519192880950868,0.34962598513811827,0.547666149912402,0.6477418362628669,0.23649449972435832,0.9193114021327347,12.855996196260032
0.003257754957303405,0.7092746957205236,0.03811652190051973,0.7664304098580033,0.8395229908637702,0.3581154856365174,0.5726421722210944,0.4879219741560519,0.49233121471479535,0.15625846153125167,16.790991362000273
0.6674897968769073,0.8681046746205539,0.07327875285409391,0.04374427977018058,0.37781355157494545,0.48463811282999814,0.753576222108677,0.8184037895407528,0.7911053420975804,0.04624781780876219,14.570655495000322
0.37794675840996206,0.6350173749960959,0.6370060225017369,0.6504150698892772,0.3533530244603753,0.7558217814657837,0.16639539669267833,0.09988267929293215,0.7206413282547146,0.09612594707868993,14.61923849318024
0.9791067980695516,0.4717448151204735,0.033137896563857794,0.44182989932596684,0.46678864769637585,0.9351428735535592,0.9925676060374826,0.5318411609623581,0.23903884179890156,0.4838210910093039,20.628385408447855
0.8431516569107771,0.5542839930858463,0.47002241713926196,0.5524643901735544,0.2952224062755704,0.5549863467458636,0.5736547652631998,0.6577690439298749,0.5929777435958385,0.12635862175375223,16.56032233136644
0.47276724339462817,0.7807960733771324,0.43520184978842735,0.25483780913054943,0.9159163516014814,0.7892517207656056,0.5052298267837614,0.4117971530649811,0.7677453083451837,0.7177310502156615,16.438439355361886
0.16806725761853158,0.46873557940125465,0.823581920703873,0.33653142605908215,0.8551498816814274,0.9885363990906626,0.9251917891670018,0.8518426078371704,0.5774197240825742,0.2565426810178906,11.561452859655198
0.3309541824273765,0.8530894559808075,0.3667268140707165,0.18843722459860146,0.41587847052142024,0.3292898489162326,0.10230704373680055,0.2795295489486307,0.8963030327577144,0.122802778147161,11.047979489352679
0.21623260923661292,0.8190752726513892,0.5727640918921679,0.23182213283143938,0.7100063189864159,0.9861156954430044,0.8971145723480731,0.1546362480148673,0.9309532786719501,0.5039693566504866,11.551045013338344
0.8971824396867305,0.9446842800825834,0.08981629670597613,0.35901487874798477,0.35700692259706557,0.7413673051632941,0.1411844859831035,0.300834545167163,0.750254932558164,0.7171012500766665,12.52113861311761
0.7818176837172359,0.7446352960541844,0.6729205648880452,0.8883381329942495,0.5061413818039,0.7278545696754009,0.015099953161552548,0.3808541379403323,0.6054511955007911,0.2972717131488025,21.4173900349968
0.8227022346109152,0.6318976911716163,0.0010051126591861248,0.2159681678749621,0.09182374272495508,0.8152832475025207,0.17170908767729998,0.3644058096688241,0.9679007744416595,0.5727855558507144,15.607806119780003
0.6652577451895922,0.06382017559371889,0.866029990836978,0.11146041913889349,0.8975007345434278,0.9475886726286262,0.1867188939359039,0.21534539153799415,0.976740381680429,0.5854728403501213,9.04745244470645
0.20866281748749316,0.5239944499917328,0.7465785706881434,0.7227217445615679,0.34821623493917286,0.236480901716277,0.719121481757611,0.8069229272659868,0.7702726155985147,0.5498050518799573,14.399825477540869
0.182108259992674,0.26465643011033535,0.5815027263015509,0.9401391372084618,0.8943680026568472,0.7891456121578813,0.15287736989557743,0.02866285410709679,0.42928445478901267,0.278308019740507,15.128714030859351
0.6030714162625372,0.17624621116556227,0.0847129866015166,0.24864290212281048,0.798586813500151,0.7383602953050286,0.5760671242605895,0.08558208425529301,0.6769329644739628,0.9589062624145299,12.685187189801916
0.35824329406023026,0.4080286032985896,0.9264977318234742,0.9092030667234212,0.2959538933355361,0.16430160123854876,0.608195774955675,0.5135906965006143,0.9219278413802385,0.04970343527384102,19.712889991424262
0.42735173599794507,0.33928908850066364,0.6883244051132351,0.3263776870444417,0.9822780049871653,0.18319828202947974,0.08181299944408238,0.9216687101870775,0.7719265616033226,0.884218726772815,11.984172537362562
0.815842516021803,0.71457797777839,0.6008116258308291,0.33477731002494693,0.8097952648531646,0.716889742994681,0.6448157001286745,0.18485665298067033,0.8000466492958367,0.15016554994508624,16.47020750939199
0.3990248362533748,0.6037104655988514,0.3350222655571997,0.6268978288862854,0.4161973907612264,0.3325513624586165,0.6687911311164498,0.18123797769658267,0.08750691637396812,0.8586364698130637,17.163568579763478
0.02951526502147317,0.7925400112289935,0.6533670439384878,0.632461033994332,0.6489330618642271,0.9589965394698083,0.8323117753025144,0.5473162014968693,0.2584125231951475,0.25806773942895234,10.11212912630859
0.5987340570427477,0.9606956506613642,0.13036205433309078,0.09653927152976394,0.6849437486380339,0.2587817970197648,0.2360223561991006,0.6727839973755181,0.12137198145501316,0.16744268871843815,17.137706654437263
0.07673712074756622,0.8471152582205832,0.9176549932453781,0.23217415949329734,0.6751245136838406,0.8404167620465159,0.8159584414679557,0.8465693376492709,0.8402892616577446,0.16515001212246716,11.372410829026384
0.8078586563933641,0.0340940929017961,0.5500218139495701,0.5088163914624602,0.8739949245937169,0.8906471868976951,0.08175434148870409,0.9872466186061502,0.17818591301329434,0.08983316575177014,8.374518419330178
0.4023294262588024,0.21935528283938766,0.06930165248923004,0.5106805032119155,0.420654651010409,0.4370834971778095,0.04640015331096947,0.9991882797330618,0.8454423686489463,0.22447830019518733,13.298586280600993
0.9923701924271882,0.7211702351924032,0.16400755452923477,0.31810284685343504,0.15358998207375407,0.37390268058516085,0.40438390406779945,0.011105893412604928,0.3567418963648379,0.9883393521886319,12.651254243305404
0.7485912453848869,0.9988714314531535,0.3843278996646404,0.6679072899278253,0.920806179754436,0.6895308324601501,0.3851286103017628,0.7927522687241435,0.8107091495767236,0.9900352896656841,20.792702094446895
0.8016258743591607,0.4043142313603312,0.09647353366017342,0.3936972103547305,0.9667800625320524,0.9747634693048894,0.6123665203340352,0.5662861056625843,0.783865304896608,0.12104110000655055,22.398907320165563
0.23700847360305488,0.2300977250561118,0.5628645236138254,0.5427015302702785,0.2579174479469657,0.4034448266029358,0.24518087762407959,0.5025739821139723,0.44691376807168126,0.2329260315746069,7.752463962630042
0.3038368371780962,0.3087277263402939,0.12573723611421883,0.6813115244731307,0.20619341800920665,0.38485755934379995,0.7176102767698467,0.6828521837014705,0.20832005329430103,0.46009322511963546,12.394126381835934
0.2810749050695449,0.8057224454823881,0.9379329634830356,0.6417351581621915,0.23597392020747066,0.16032122843898833,0.24186083558015525,0.668214566539973,0.09023496694862843,0.6426079806406051,17.883355009056146
0.18702753889374435,0.10959833348169923,0.8302440361585468,0.9954345934092999,0.08882107073441148,0.6227050062734634,0.3891623623203486,0.37225757190026343,0.9623388641048223,0.31420703837648034,14.827148082289362
0.8063017684035003,0.6583725947421044,0.8362694287206978,0.3156902343034744,0.5841914608608931,0.7859103784430772,0.5549862463958561,0.9398768574465066,0.49648915720172226,0.8776520153041929,18.06999231194067
0.4304330204613507,0.5168622345663607,0.5003685341216624,0.8646471137180924,0.5097434872295707,0.084204176440835,0.4893194823525846,0.2133346905466169,0.1993384025990963,0.4217394676525146,16.716744250723234
0.9325374767649919,0.224888039752841,0.3143363641574979,0.39499270147643983,0.4873310832772404,0.27673282218165696,0.12390636303462088,0.10605255141854286,0.33875322923995554,0.5851098261773586,14.417089800892576
0.8641201723366976,0.8630515679251403,0.5827955920249224,0.8139658086001873,0.5672241470310837,0.48984664189629257,0.4571158329490572,0.8050952800549567,0.15058412705548108,0.8141745957545936,18.388410676193253
0.04557067831046879,0.8131467122584581,0.08803782775066793,0.4177059882786125,0.9614176596514881,0.10296199144795537,0.904088803101331,0.016598021611571312,0.7082238113507628,0.6467704554088414,14.464862998950071
0.2766285194084048,0.8866389070171863,0.7352412496693432,0.4995027754921466,0.7110000099055469,0.5458219340071082,0.7740028847474605,0.006493516732007265,0.862678813515231,0.01795759587548673,18.239594792636417
0.02152919420041144,0.1357445064932108,0.7262707613408566,0.4405595811549574,0.6507125361822546,0.08982185903005302,0.982358698034659,0.42697452614083886,0.6218000820372254,0.4624544773250818,8.563381720582335
0.8262015159707516,0.30503250006586313,0.8568461844697595,0.927324045682326,0.4534348351880908,0.2215177456382662,0.9160998247098178,0.5462847449816763,0.5182990850880742,0.8588308189064264,19.615217778060597
0.14982001390308142,0.5079834053758532,0.024257764453068376,0.4784808745607734,0.12223087344318628,0.6738923366647214,0.523794662905857,0.12264082441106439,0.5818817499093711,0.9497103265020996,12.393557221676424
0.9701327248476446,0.9158690772019327,0.15774753293953836,0.3607897905167192,0.7745527203660458,0.4297912954352796,0.17403420666232705,0.4428244302980602,0.08430394507013261,0.8599875119980425,13.397156780581586
0.7927638774272054,0.8872540504671633,0.5678309979848564,0.8137422022409737,0.9775681898463517,0.4941158688161522,0.10931341722607613,0.8631163258105516,0.12466704659163952,0.032638480653986335,19.712186312630667
0.3029647034127265,0.07787396921776235,0.8805952169932425,0.07029646704904735,0.04514148039743304,0.7545940808486193,0.6346877503674477,0.09671563748270273,0.3013934609480202,0.8491791163105518,5.631173608450682
0.05416827625595033,0.06497710570693016,0.7695493623614311,0.4439641877543181,0.3673681558575481,0.8085566884838045,0.04433545237407088,0.6846727128140628,0.5857152782846242,0.9192936404142529,8.032848896858393
0.35028541344217956,0.4045483637601137,0.2139010624960065,0.3762510218657553,0.9364993893541396,0.9578942025545985,0.13012906513176858,0.8408364583738148,0.705562467686832,0.00656487257219851,14.862802978833468
0.40743326349183917,0.599647119641304,0.8949966232758015,0.43031279859133065,0.539486980997026,0.33360211341641843,0.13296690862625837,0.5000691288150847,0.6011768849566579,0.8488143694121391,16.72297351748839
0.917393725598231,0.6260722761508077,0.7072731510270387,0.36185915395617485,0.774903500219807,0.05143097322434187,0.26829972746782005,0.5483130919747055,0.9802822791971266,0.4361607728060335,17.097103354740703
0.9809682799968868,0.22298648906871676,0.6469654277898371,0.16350460145622492,0.952113919891417,0.09965288266539574,0.8958717242348939,0.774496024241671,0.14904385711997747,0.5004361385945231,12.5092529548921
0.11006722366437316,0.30490891309455037,0.42727431491948664,0.062189620453864336,0.30398025130853057,0.9414148950017989,0.2883738682139665,0.900688715511933,0.05947343376465142,0.058995195431634784,3.906527022408984
0.5539817395620048,0.44981812592595816,0.23055544239468873,0.218760458054021,0.5991040719673038,0.09348442638292909,0.8183559442404658,0.7931942096911371,0.4798333526123315,0.8468525661155581,13.620441804905496
0.8038915968500078,0.19056165497750044,0.8940357016399503,0.49098091176711023,0.880226552253589,0.377118784468621,0.6169296882580966,0.002396091353148222,0.5472738114185631,0.17272421345114708,16.839347727402025
0.057897619204595685,0.4141055371146649,0.37178889894858,0.5053099254146218,0.8550003229174763,0.19979147613048553,0.25199335580691695,0.802233716705814,0.729883668012917,0.5885443219449371,10.675446278089867
0.6267990367487073,0.934730090899393,0.559419515542686,0.9231383709702641,0.31813421449624,0.5268043233081698,0.9220273604150862,0.38515489222481847,0.4089227272197604,0.8871636099647731,21.114346720244114
0.8829408006276935,0.5471357451751828,0.03832427388988435,0.9328175855334848,0.21951243397779763,0.5982711014803499,0.4476104932837188,0.3460506130941212,0.07745912205427885,0.3318851504009217,25.001681453556117
0.3887781056109816,0.9156331769190729,0.03775045741349459,0.24599129892885685,0.8659169117454439,0.13977251527830958,0.25496481731534004,0.6035455977544188,0.12310240417718887,0.12030100752599537,19.368264844957565
0.23992264992557466,0.7286979157943279,0.7741508125327528,0.23010601685382426,0.02697804500348866,0.7436972104478627,0.03695919318124652,0.6868601676542312,0.6524410380516201,0.7098478991538286,9.578550036235201
0.4671776534523815,0.8191762359347194,0.18326344108209014,0.7471003548707813,0.937176326289773,0.719920908100903,0.07785717840306461,0.16571265179663897,0.42981990706175566,0.11510886531323195,24.077040678596667
0.5344708701595664,0.6554873960558325,0.23469402268528938,0.16161496564745903,0.0960781374014914,0.3877131477929652,0.8468987471424043,0.08535197912715375,0.8025332242250443,0.03217837028205395,13.174219598747028
0.1384415130596608,0.010450630215927958,0.7193810781463981,0.7238052138127387,0.6839463314972818,0.39551758021116257,0.6540049826726317,0.2624780891928822,0.9463158887811005,0.22702019475400448,12.305594897979988
0.5144335594959557,0.8257076495792717,0.02274065720848739,0.3364397417753935,0.07310079387389123,0.2066724100150168,0.9743410276714712,0.23612788482569158,0.0696501387283206,0.3531813861336559,17.130072682765086
0.017637457232922316,0.022983981063589454,0.1678492168430239,0.3457685674075037,0.3478213348425925,0.14309326512739062,0.918294561561197,0.4356983765028417,0.22903366037644446,0.9232674739323556,8.412819534271083
0.8763421601615846,0.0035608697216957808,0.5691326034720987,0.6662632178049535,0.6524483717512339,0.5163002368062735,0.47326945047825575,0.1340153708588332,0.19222387624904513,0.10628132428973913,9.809046848312683
0.09247904783114791,0.15819760714657605,0.39798741787672043,0.549105569254607,0.309353010263294,0.17918322654441,0.02371882344596088,0.10200001648627222,0.10576408472843468,0.04758129292167723,7.2458110571991465
0.330542424460873,0.5602977420203388,0.29065371467731893,0.9321816978044808,0.2906251181848347,0.8435808701906353,0.7374644328374416,0.9324892580043525,0.4424924829509109,0.5513412719592452,17.532654605435177
0.02717906143516302,0.7233878490515053,0.8816082968842238,0.2655336889438331,0.02110457024537027,0.8863945116754621,0.39043321274220943,0.5719916778616607,0.1801833212375641,0.5992686720564961,5.514474628486283
0.9277110623661429,0.266796063631773,0.7974148422945291,0.6861383984796703,0.0022768545895814896,0.5914109139703214,0.8410067942459136,0.8237539373803884,0.6605535317212343,0.42947142547927797,16.488711814969395
0.12407334498129785,0.20497918780893087,0.4192639417015016,0.7133758014533669,0.5834567430429161,0.043832164257764816,0.5770355062559247,0.4182605396490544,0.039880077354609966,0.14412103965878487,8.657516210941374
0.19967399700544775,0.724690000526607,0.1267842932138592,0.6850858149118721,0.13114328542724252,0.34715064079500735,0.2530268377158791,0.045708501478657126,0.7359994910657406,0.6377798139583319,13.381741782220232
0.6471185518894345,0.10123980045318604,0.1478224042803049,0.25447436701506376,0.140132901025936,0.40767884673550725,0.7315712173003703,0.05460711754858494,0.08302416792139411,0.36371998582035303,8.10595542595365
0.8414529794827104,0.36946349730715156,0.174465776886791,0.9788029068149626,0.1403933430556208,0.9005619587842375,0.46782707911916077,0.2947401921264827,0.833377918926999,0.8051352621987462,21.397376839182385
0.14797984482720494,0.16760946088470519,0.7588342402596027,0.41314659686759114,0.9240881185978651,0.26554474839940667,0.6090835887007415,0.4724235211033374,0.4012894679326564,0.7089748915750533,10.696500851243297
0.5466614800971001,0.6870546757709235,0.4599887195508927,0.23851682641543448,0.4029748239554465,0.1981792391743511,0.40905723813921213,0.030873939394950867,0.6283464320003986,0.041437040315940976,14.000000913183609
0.7373070989269763,0.6783780646510422,0.7449511906597763,0.4748849947936833,0.9752869280055165,0.594624392921105,0.7424251732882112,0.9019656307063997,0.8588349116034806,0.4653544519096613,20.807052130620935
0.6009267580229789,0.8399480967782438,0.5828980752266943,0.5127548656892031,0.29707168927416205,0.3216368407011032,0.0072134865913540125,0.26667074975557625,0.09401800553314388,0.7281762377824634,15.938935914247855
0.11132057453505695,0.9176316279917955,0.6253458687569946,0.18332295189611614,0.40205823886208236,0.8681479941587895,0.3604956010822207,0.7047106986865401,0.3138209560420364,0.35758215584792197,8.186691592683598
0.6502914284355938,0.9581109939608723,0.4299231560435146,0.13385977153666317,0.363898845622316,0.6271816119551659,0.3072301393840462,0.3220854389946908,0.7405682597309351,0.060356271686032414,12.525365648292663
0.8759405887685716,0.3464895957149565,0.33760497998446226,0.6980646303854883,0.27725062193349004,0.1978908262681216,0.9582733497954905,0.4155664585996419,0.7313710539601743,0.5931944618932903,16.280980530464895
0.8843176518566906,0.9369126392994076,0.8160940185189247,0.3513993078377098,0.36460092081688344,0.2625218271277845,0.7231315774843097,0.7951425309292972,0.14917686209082603,0.5933532286435366,14.448775320802948
0.50217500096187,0.8564777057617903,0.10683732782490551,0.4925180699210614,0.6244835606776178,0.6178031030576676,0.25729826744645834,0.5047863554209471,0.1350054193753749,0.5694302758201957,21.108823914809673
0.60926733026281,0.36720928829163313,0.577996255364269,0.6266474155709147,0.17733172932639718,0.3071194151416421,0.623401056509465,0.5593553280923516,0.6175102004781365,0.05668224487453699,15.258060877416092
0.8356541832908988,0.4509312885347754,0.3141844451893121,0.863533720606938,0.7090838605072349,0.02980905957520008,0.06785827525891364,0.6821835758164525,0.2879818172659725,0.022094443906098604,22.47658816717074
0.1647534859366715,0.5388759532943368,0.6081570968963206,0.15876347734592855,0.5925616815220565,0.8451842041686177,0.7367312444839627,0.45460274582728744,0.030972376465797424,0.6207423654850572,5.821488337047571
0.003282533260062337,0.3678102414123714,0.1466507741715759,0.17808411503210664,0.3738840518053621,0.5352399758994579,0.7428826238028705,0.6014231070876122,0.9280756949447095,0.9959134212695062,5.752162709951501
0.8754459752235562,0.33123445115052164,0.1079654258210212,0.5502635631710291,0.8572110924869776,0.23011441016569734,0.7766449928749353,0.08465338381938636,0.8942200613673776,0.3454327187500894,21.445516824048884
0.43733132095076144,0.6404173441696912,0.8547107223421335,0.6800686998758465,0.26540692150592804,0.5208617898169905,0.8712743783835322,0.49312568083405495,0.2871900948230177,0.958967583021149,18.362312507602287
0.025611208053305745,0.8072584087494761,0.3427801763173193,0.4198731048963964,0.09890953334979713,0.4735375817399472,0.5750966400373727,0.43745311023667455,0.07964513613842428,0.5338231581263244,6.009839984905798
0.7904697605408728,0.029166336869820952,0.7897479643579572,0.17606075177900493,0.24137573689222336,0.06775024370290339,0.1583806003909558,0.709549400722608,0.04465179028920829,0.97999640670605,5.35477534368016
0.3302912905346602,0.971834902651608,0.318413354922086,0.5419182786718011,0.8280398054048419,0.5574881446082145,0.16089150332845747,0.2185663792770356,0.5786968790926039,0.34392131748609245,17.702490147183763
0.8939460604451597,0.7533532029483467,0.298092849785462,0.2098958780989051,0.3598314644768834,0.6658929996192455,0.5974571956321597,0.11721623339690268,0.18941434659063816,0.05352563573978841,13.354955031374786
0.18834624206647277,0.9427942661568522,0.8362948580179363,0.5916189437266439,0.0737215643748641,0.8112621258478612,0.08662258717231452,0.3239866653457284,0.10833107260987163,0.10634735063649714,14.135164429151663
0.8354927210602909,0.5439363801851869,0.3837584969587624,0.5406603668816388,0.9026075643487275,0.4165054187178612,0.9734004628844559,0.7749602382536978,0.5387016134336591,0.7975434877444059,18.254710456103435
0.8852128991857171,0.20015379157848656,0.963744786567986,0.2434498481452465,0.6069594495929778,0.4169983866158873,0.6297308709472418,0.9365255266893655,0.2894711238332093,0.49017425742931664,13.106959790688068
0.3688853660132736,0.2703994419425726,0.564626578008756,0.8574796828906983,0.4880570175591856,0.21133965416811407,0.0813061692751944,0.7720755240879953,0.7851043005939573,0.26574757881462574,14.963813334078733
0.6753787125926465,0.9126172082033008,0.5905199577100575,0.05792617960833013,0.9849935320671648,0.9764021008741111,0.15706168464384973,0.2298083456698805,0.7664588659536093,0.8193871499970555,15.232006557816119
0.5384157260414213,0.3483191488776356,0.30209282389841974,0.25157051160931587,0.8686056279111654,0.1578945303335786,0.6730060656554997,0.802468785084784,0.949275512015447,0.3894789610058069,12.252023482387374
0.5803270332980901,0.2580838433932513,0.697519572917372,0.28339060745202005,0.6993893976323307,0.9682621373794973,0.47736163274385035,0.06673349742777646,0.011462736641988158,0.5527863628230989,12.746745004386145
0.015540445456281304,0.5934565658681095,0.8145581926219165,0.5349608324468136,0.5317682099994272,0.49905485194176435,0.947364698862657,0.9334875056520104,0.01788444397971034,0.6137058255262673,9.577613801970971
0.4517762502655387,0.7915566961746663,0.8321709141600877,0.9766259423922747,0.770033550215885,0.8262904800940305,0.9507586350664496,0.3869925520848483,0.2802224194165319,0.153188596945256,25.69350275745613
0.9339328301139176,0.437584979692474,0.6784292235970497,0.11860097222961485,0.33273755153641105,0.28464235947467387,0.8427333445288241,0.25998481921851635,0.21743401233106852,0.5805487765464932,14.344977043154833
0.8214162166696042,0.46223287167958915,0.06702965474687517,0.20074839424341917,0.2663982226513326,0.9786621176172048,0.7216934899333864,0.4123738114722073,0.31051613623276353,0.08176106656901538,16.690212391536566
0.1142562567256391,0.03399955225177109,0.3895904093515128,0.7658935119397938,0.4064196962863207,0.7396994968876243,0.5745448949746788,0.505166708258912,0.690921627683565,0.8090655389241874,9.009976313376155
0.7031048214994371,0.4146678566467017,0.47335929283872247,0.31793556245975196,0.7445647267159075,0.1495776700321585,0.08272612816654146,0.6092321623582393,0.16403232840821147,0.26179994479753077,14.999854095672113
0.4539658660069108,0.4566380111500621,0.5125438217073679,0.46548484452068806,0.8197303244378418,0.551970076514408,0.22686014440841973,0.7655758562032133,0.3614714953582734,0.30104466737248003,15.14727278594932
0.42782388580963016,0.3817053250968456,0.9740043964702636,0.2656739680096507,0.5262399022467434,0.20002268231473863,0.7170340358279645,0.20924197346903384,0.24648538045585155,0.37396361329592764,14.297817172430042
0.6889740331098437,0.666733376448974,0.193808329757303,0.9306781282648444,0.6948543081525713,0.09520239406265318,0.6735469424165785,0.008444235660135746,0.2559399679303169,0.6540477916132659,24.537668118195427
0.5895046470686793,0.15979219134896994,0.8090312546119094,0.9720146656036377,0.945321031846106,0.9794717789627612,0.12305917171761394,0.8973456711973995,0.19389520096592605,0.2130178981460631,18.06035199679155
0.195594048127532,0.46347762551158667,0.4299167017452419,0.4172572235111147,0.7527984734624624,0.7568601483944803,0.4066964106168598,0.6073129929136485,0.031208013417199254,0.5157211381010711,10.996793926867841
0.4700151481665671,0.5638614788185805,0.5694934953935444,0.7554243535269052,0.9529133711475879,0.5803377577103674,0.14581703976728022,0.8350056787021458,0.9574268923606724,0.6417598782572895,20.205392947316177
0.1972426783759147,0.5854580092709512,0.36742996564134955,0.237419719574973,0.5956320797558874,0.5895306139718741,0.01474215229973197,0.3283524615690112,0.6526919121388346,0.7638141841161996,6.96088729900749
0.6913740246091038,0.28193491976708174,0.376737893326208,0.7399156822357327,0.2432755376212299,0.09755494305863976,0.16249989811331034,0.400232337648049,0.18869084678590298,0.04900295287370682,13.890009281192421
0.5879449967760593,0.4924082800280303,0.2530853732023388,0.41360552911646664,0.9859804976731539,0.6071369834244251,0.9230395290069282,0.6276759426109493,0.30002179369330406,0.9653377521317452,19.557681061976723
0.7215791498310864,0.31208729767240584,0.9520181026309729,0.5708669782616198,0.49985219701193273,0.08028593240305781,0.17524166381917894,0.6579669362399727,0.8032183451578021,0.2580225057899952,21.40437062832022
0.6460055040661246,0.9291195613332093,0.0554420396219939,0.053186479257419705,0.7587527392897755,0.005764927249401808,0.43628166313283145,0.6876624708529562,0.25250564655289054,0.4305279578547925,17.285027262161577
0.2975022892933339,0.5616919072344899,0.7251198461744934,0.21888895984739065,0.5730344413314015,0.5631307710427791,0.9146014843136072,0.11575691844336689,0.3904342148452997,0.8387819214258343,11.188163397780547
0.5310040668118745,0.44878171873278916,0.18715723766945302,0.03365231049247086,0.34344450500793755,0.23204635898582637,0.8008276063483208,0.7675812712404877,0.1729675920214504,0.18318766029551625,12.244922258321372
0.9091717510018498,0.7234841997269541,0.7398044229485095,0.01717408117838204,0.6461795144714415,0.2204453160520643,0.7873685087542981,0.5727321414742619,0.8710883869789541,0.4777206943836063,13.663662897926608
0.4909779755398631,0.8353362537454814,0.0155712163541466,0.5915227420628071,0.2920104607474059,0.024281643563881516,0.0034762441646307707,0.49011660157702863,0.29397548642009497,0.13665705802850425,20.830661240723888
0.03740543778985739,0.2904599152971059,0.23290746146813035,0.22694448893889785,0.5360086360014975,0.44313317630439997,0.8645138239953667,0.7182447693776339,0.4374756431207061,0.6352232871577144,6.664561050839422
0.1581290999893099,0.41411393345333636,0.24095736630260944,0.694521450670436,0.15187108283862472,0.08028183947317302,0.10145623050630093,0.9699969282373786,0.09890221152454615,0.2563228104263544,10.936196888897967
0.965777218574658,0.2221368863247335,0.8967075769323856,0.8295924854464829,0.12723593413829803,0.7412917490582913,0.7934274624567479,0.8007507072761655,0.9287718185223639,0.3220496289432049,19.46997701959566
0.9111997543368489,0.405694225570187,0.6098081280943006,0.8081188816577196,0.9054939737543464,0.6691583537030965,0.7202002964913845,0.728199734352529,0.06720176385715604,0.2692581629380584,20.392594097486928
0.6348112649284303,0.5185225519817322,0.7170558678917587,0.6146191735751927,0.19255285593681037,0.2203794727101922,0.37928655929863453,0.1512814809102565,0.42209243634715676,0.683191534364596,15.13791488549767
0.4779414292424917,0.0049411701038479805,0.2869756231084466,0.7194964634254575,0.27178785507567227,0.8729693710338324,0.8446613748092204,0.7913479267153889,0.5977076611015946,0.8218693684320897,9.465677779783082
0.19138638605363667,0.7285944123286754,0.0375491741579026,0.2042688352521509,0.5209520983044058,0.8768346032593399,0.5151148873846978,0.31334827467799187,0.5674859324935824,0.03902988531626761,15.10966416323033
0.9826302342116833,0.9840738223865628,0.3550210914108902,0.39772135368548334,0.33847524714656174,0.15483420924283564,0.5241139410063624,0.1236027074046433,0.7237330742646009,0.644965493818745,6.252528755400486
0.40763903106562793,0.28406579326838255,0.89109529228881,0.005453934893012047,0.28173856739886105,0.5270775998942554,0.2274809202644974,0.7579996383283287,0.5988200716674328,0.36025533406063914,8.049311194028
0.5297606098465621,0.7970224788878113,0.7625770720187575,0.5963405291549861,0.9853765261359513,0.09819508856162429,0.16476639662869275,0.9014753501396626,0.009494875790551305,0.24157716892659664,22.19033200729669
0.9061712971888483,0.9917656662873924,0.6874892653431743,0.775666884612292,0.8101682190317661,0.3875857691746205,0.7745918498840183,0.7684561698697507,0.6542503400705755,0.6740021328441799,15.663686662792081
0.5176389310508966,0.9753647122997791,0.06686422904022038,0.4869014152791351,0.3283493956550956,0.8504674166906625,0.350569857750088,0.408306353027001,0.5883556448388845,0.7668218752369285,19.11251703932713
0.9717755278106779,0.8278984590433538,0.9319546278566122,0.42407281370833516,0.4735514319036156,0.40291336574591696,0.15855824365280569,0.2903697993606329,0.8372428438160568,0.8763162917457521,14.767510065124686
0.9368848179001361,0.012260964373126626,0.3649222385138273,0.7742439832072705,0.2212939504534006,0.08583052572794259,0.3830994740128517,0.9878857731819153,0.8865946480073035,0.6039402922615409,9.737179065186591
0.23624785151332617,0.8907913316506892,0.6969280755147338,0.3475611247122288,0.1812050996813923,0.017070730216801167,0.18603792507201433,0.05564962886273861,0.3806955476757139,0.5854758655186743,12.080978109248013
0.11435005371458828,0.6467519893776625,0.2039494882337749,0.9516861496958882,0.29308090521954,0.7178134368732572,0.5052535524591804,0.9913611761294305,0.46046482189558446,0.6096345596015453,13.93701259589148
0.8956405858043581,0.6245227970648557,0.16314355749636889,0.4469353111926466,0.17328752437606454,0.35579798952676356,0.44177328050136566,0.7153235145378858,0.5683921556919813,0.03441766672767699,17.453596211196974
0.8904205344151706,0.4694940538611263,0.06180202029645443,0.432897069491446,0.6213802609127015,0.5251478233840317,0.7927661759313196,0.4362435033544898,0.42891966737806797,0.8643356536049396,19.014912076329196
0.9096152554266155,0.7777603692375124,0.5933580619748682,0.12413144810125232,0.7907744953408837,0.5705857868306339,0.6543109654448926,0.30348205054178834,0.09717326029203832,0.8378358860500157,13.956942355003703
0.44289407250471413,0.48322067013941705,0.7407205442432314,0.11900828522630036,0.05432013422250748,0.15163589036092162,0.6734552134294063,0.5711491643451154,0.3347026479896158,0.8267721342854202,9.324038190819783
0.5749971077311784,0.9311946530360729,0.5100407602731138,0.9150343271903694,0.4756723295431584,0.6984737385064363,0.3692232009489089,0.08175528165884316,0.4224284184165299,0.9469370362348855,21.203355655413173
0.9034861393738538,0.4670353268738836,0.2393324796576053,0.8048768329899758,0.9393704903777689,0.030157709028571844,0.43470200151205063,0.29534902540035546,0.3738932537380606,0.11168300034478307,22.917861028312203
0.7504300992004573,0.021875048289075494,0.6525379477534443,0.23911065328866243,0.5347200792748481,0.06441506231203675,0.9502808102406561,0.1943749280180782,0.24109593499451876,0.7584939969237894,5.647299578631715
0.6806719230953604,0.6731157482136041,0.9519344652071595,0.5997721801977605,0.2539399603847414,0.22872304590418935,0.5140785307157785,0.8975407786201686,0.24461717088706791,0.3258783803321421,21.916719607054237
0.36491846828721464,0.7371429963968694,0.2088334436994046,0.330146168358624,0.2125127180479467,0.5005784006789327,0.8954299800097942,0.3498732263687998,0.5147279992233962,0.7667092198971659,14.210832662183366
0.3968038009479642,0.1278124526143074,0.9036921299993992,0.08762708981521428,0.012979159131646156,0.6670771990902722,0.7615094955544919,0.34531637839972973,0.7140778119210154,0.9639430600218475,4.961331236110045
0.9718242639210075,0.4159903316758573,0.7263802825473249,0.4038485982455313,0.25678468798287213,0.5801336755976081,0.6160686588846147,0.20527628739364445,0.41851064935326576,0.8702241836581379,17.810976714361892
0.5736102014780045,0.8403507000766695,0.3694365934934467,0.2476278089452535,0.12693511904217303,0.8384581201244146,0.13367591402493417,0.5694890094455332,0.33481710753403604,0.6008556224405766,12.612024118490458
0.8475416293367743,0.3881324967369437,0.3421217144932598,0.17561187129467726,0.261508964933455,0.3626315165311098,0.8097794889472425,0.9243873665109277,0.4140294142998755,0.5877811957616359,12.139733262139101
0.2136187229771167,0.8697420530952513,0.5395501330494881,0.9642717116512358,0.12349160830490291,0.97031564055942,0.554006234742701,0.6735005269292742,0.5517637329176068,0.47984800627455115,16.89521275463224
0.3183332069311291,0.22040499723516405,0.49836638174019754,0.4830137165263295,0.208172524580732,0.4824634841643274,0.21770158526487648,0.9950241891201586,0.7229347587563097,0.5723365840967745,5.360399660234815
0.5163862209301442,0.03818276012316346,0.1026488789357245,0.35636544064618647,0.32961595826782286,0.7368786307051778,0.004730069311335683,0.3134139368776232,0.6679957830347121,0.17263680137693882,8.291729901110134
0.02641114662401378,0.5496161810588092,0.9793481447268277,0.3445558645762503,0.7742000066209584,0.9576657207217067,0.38341258582659066,0.7512647926341742,0.4292900091968477,0.7814987262245268,12.844065207374523
0.4799671589862555,0.515680429758504,0.3358482380863279,0.9934592857025564,0.881543108029291,0.42101369122974575,0.9787487075664103,0.24597104475833476,0.6048609246499836,0.4763142089359462,22.78661783983967
0.15250307228416204,0.6261625827755779,0.6709852910134941,0.835922978585586,0.12670379551127553,0.4534974335692823,0.054020375246182084,0.09176534041762352,0.6948603463824838,0.6949469789396971,13.328259882021598
0.042317541083320975,0.0978946890681982,0.7051772135309875,0.6708177826367319,0.6074001868255436,0.5925796304363757,0.865214757155627,0.44790097302757204,0.24442357406951487,0.3970418681856245,8.817542683248597
0.7821486773900688,0.0022301513236016035,0.09963998314924538,0.07166673615574837,0.999745579669252,0.776779429987073,0.2207258613780141,0.5125106871128082,0.06846610899083316,0.7135066313203424,9.419357679558535
0.06703998823650181,0.44382613338530064,0.20391792058944702,0.8414770313538611,0.05710657825693488,0.027910470264032483,0.9584752046503127,0.8931714599020779,0.9547710232436657,0.4720586948096752,11.101953519517275
0.6195303674321622,0.3311827229335904,0.48512543784454465,0.6814590408466756,0.37829953292384744,0.6183416699059308,0.8695079635363072,0.6699336064048111,0.9306463790126145,0.4970916612073779,14.70106752293466
0.8696428912226111,0.4814668274484575,0.7043270959984511,0.7352815710473806,0.04567569540813565,0.07947724428959191,0.36643168912269175,0.8864325711037964,0.6873547702562064,0.516919779824093,17.679996222992813
0.24319940712302923,0.22964534279890358,0.14429751317948103,0.0871545341797173,0.15285620815120637,0.7931761553045362,0.45908201509155333,0.42639899742789567,0.22879420104436576,0.8507339486386627,5.104451469152244
0.3183169898111373,0.7351775306742638,0.3919954907614738,0.7526936889626086,0.42840376496315,0.4746712304186076,0.6826295405626297,0.5389545834623277,0.14590272563509643,0.36246917583048344,17.546828976490286
0.1430787076242268,0.23833031160756946,0.183899576542899,0.5958960850257427,0.550205655163154,0.6082060371991247,0.474773712689057,0.13815126824192703,0.7214346129912883,0.1559764298144728,12.894851521930937
0.627634396078065,0.30668288189917803,0.32477699290029705,0.31879197410307825,0.6405120415147394,0.08599312463775277,0.5202906762715429,0.3227712323423475,0.3085184493102133,0.7151373880915344,12.034673386840696
0.7614232492633164,0.4816175918094814,0.7293608947657049,0.3962906349916011,0.3043499952182174,0.11071182182058692,0.8154589124023914,0.4089365475811064,0.009611439192667603,0.33261674898676574,17.387811795876708
0.2696500599849969,0.6390980032738298,0.9901305893436074,0.6776821033563465,0.705581777729094,0.0851276689209044,0.22158766794018447,0.4231889315415174,0.3239932833239436,0.7307728016749024,21.839259940848464
0.985662107123062,0.5942278055008501,0.7481073208618909,0.6593586257658899,0.47946179285645485,0.998437381349504,0.6967609534040093,0.42618420580402017,0.7693736320361495,0.8209514014888555,21.250446141223467
0.43287279456853867,0.4760919422842562,0.659686132799834,0.0872374689206481,0.2097318486776203,0.4165059213992208,0.17828814475797117,0.9589747304562479,0.4840177586302161,0.3680058540776372,9.11549698029907
0.04253950482234359,0.6151116627734154,0.43206094414927065,0.7815011614002287,0.5193331951741129,0.23651124560274184,0.9257477044593543,0.42859999858774245,0.4464876395650208,0.17160519445315003,13.425511688333271
0.7265925486572087,0.31960682524368167,0.6004798614885658,0.45812279218807817,0.6792832207866013,0.8583908418659121,0.06281454442068934,0.5357377994805574,0.3117099064402282,0.3986521069891751,14.921308203413544
0.5570514458231628,0.5576737937517464,0.8527414668351412,0.33610495016910136,0.3288508076220751,0.833385857520625,0.02050319267436862,0.8018817801494151,0.9127704428974539,0.6653655502013862,15.83712484572214
0.06627039634622633,0.1685844447929412,0.5781234912574291,0.7273222869262099,0.03892963589169085,0.2414918472059071,0.028711016988381743,0.16652486566454172,0.3037771969102323,0.5260945840273052,8.069828662575748
0.3666489040479064,0.7004769837949425,0.6705697933211923,0.7559472094289958,0.8335501772817224,0.6843275933060795,0.33465088647790253,0.9396934686228633,0.6766239597927779,0.05713070905767381,19.538801554742115
0.24320214497856796,0.5604423845652491,0.8810668247751892,0.39786608261056244,0.11623027268797159,0.5129069911781698,0.8610001290217042,0.8635792096611112,0.1951573216356337,0.3009527875110507,12.997099668461747
0.09043697407469153,0.8974311635829508,0.9444865144323558,0.058698429027572274,0.29652083409018815,0.3627991864923388,0.7291880995035172,0.5311365786474198,0.08775782864540815,0.6367198880761862,10.052272660984297
0.12867296813055873,0.34804802015423775,0.6000364648643881,0.15470024454407394,0.979292802978307,0.25614075479097664,0.5600458555854857,0.9587557562626898,0.8767511851619929,0.017381519079208374,8.516043806417912
0.3076371643692255,0.46930314460769296,0.5839256467297673,0.6621275467332453,0.0743498969823122,0.6924403752200305,0.7011769358068705,0.5770908792037517,0.6384498293045908,0.7152076838538051,10.601127736878707
0.7817161483690143,0.7968598511070013,0.13811433035880327,0.5066540420521051,0.6014698047656566,0.893769110320136,0.3320589701179415,0.23873336566612124,0.13467015698552132,0.34355772472918034,20.177542484344034
0.0834052306599915,0.794670062372461,0.3838680300395936,0.9048113159369677,0.8836169899441302,0.027047723764553666,0.3180547400843352,0.041057275142520666,0.28403965290635824,0.23471419443376362,15.26739190172954
0.4967671907506883,0.3783349054865539,0.4072715020738542,0.6215358241461217,0.7158409249968827,0.18844172987155616,0.15254704817198217,0.03625733614899218,0.7542011197656393,0.47813362698070705,16.67324356141922
0.6506745084188879,0.035800504265353084,0.30498652439564466,0.9660717938095331,0.8569858516566455,0.5594417476095259,0.6188948517665267,0.016196969198063016,0.3051896991673857,0.3660699985921383,16.134852005597878
0.9517669971100986,0.6817103729117662,0.291946409502998,0.2788445323240012,0.8283047219738364,0.9912207026500255,0.600168155040592,0.4019156345166266,0.6776667719241232,0.5823257244192064,15.486585155091246
0.1958679051604122,0.782050165347755,0.7851260709576309,0.7370795807801187,0.5083126837853342,0.2682166660670191,0.5907723547425121,0.7268706425093114,0.7754529807716608,0.40797130204737186,16.42692362270496
0.9886683337390423,0.4225996467284858,0.9763477803207934,0.4935426611918956,0.9717374695464969,0.9266024434473366,0.8401324476581067,0.900445572566241,0.0021872916258871555,0.17351132351905107,26.867936383752756
0.9263226175680757,0.3583410356659442,0.14653750113211572,0.22364173969253898,0.18179448088631034,0.2611313664820045,0.5065343927126378,0.7913135511334985,0.6901694068219513,0.24380160099826753,13.751066406093202
0.6554248961620033,0.7364065288566053,0.33613251079805195,0.14013582281768322,0.20375379850156605,0.7156553552486002,0.2609629959333688,0.22579923481680453,0.026012766174972057,0.1511809527873993,13.85470133874881
0.8472835894208401,0.7850278238765895,0.16714579821564257,0.7539128561038524,0.6748407953418791,0.07847934518940747,0.3756262066308409,0.9954085515346378,0.46086323470808566,0.18455812078900635,21.13284326296189
0.5294767799787223,0.3911269004456699,0.8704254617914557,0.742467675358057,0.7291282948572189,0.4943176677916199,0.4968848405405879,0.27614295459352434,0.4980598057154566,0.7682700140867382,20.96202143764342
0.4023983629886061,0.606067257700488,0.03605613950639963,0.805133979767561,0.5723032273817807,0.5341815331485122,0.4725416228175163,0.7618297801818699,0.48813434271141887,0.02330854767933488,21.154084398773193
0.9859459444414824,0.8100275967735797,0.6912375604733825,0.27242112276144326,0.2557236102875322,0.5899455815088004,0.9259204140398651,0.9534130140673369,0.3549303642939776,0.6040217871777713,11.536936034534603
0.5694300322793424,0.8590927673503757,0.6553109008818865,0.6159986758138984,0.3905963699799031,0.14255934837274253,0.007915780413895845,0.45736724440939724,0.1576035050675273,0.030335962073877454,19.46364003636206
0.5679236890282482,0.6184933737386018,0.7817096596118063,0.6315825786441565,0.9951077122241259,0.554219437064603,0.15267501352354884,0.5147093371488154,0.8522640794981271,0.1734782240819186,23.087015039507495
0.8408179676625878,0.4843473876826465,0.8036501405294985,0.07449583988636732,0.16200179839506745,0.9231805982999504,0.7550055510364473,0.5832177246920764,0.5079527583438903,0.2629685364663601,11.934815904211764
0.7819060613401234,0.5144308628514409,0.4155917721800506,0.7368598238099366,0.3923880001530051,0.6705975709483027,0.7776468638330698,0.29896694025956094,0.17314713983796537,0.6023389063775539,20.850326214649808
0.09773352136835456,0.2248299177736044,0.3147808159701526,0.5561068975366652,0.20663279900327325,0.1722100826445967,0.9337174862157553,0.36100430111400783,0.36553696752525866,0.8765908537898213,8.639574170541534
0.23002293659374118,0.7192307161167264,0.2824019326362759,0.9459768631495535,0.23891532025299966,0.5154408591333777,0.2938222710508853,0.5687146622221917,0.6940541863441467,0.003959876485168934,16.03170181437732
0.5301753703970462,0.9763968877959996,0.13188407267443836,0.35432520927861333,0.9627158369403332,0.4219763472210616,0.48907794221304357,0.9409477345179766,0.9109550763387233,0.11649276595562696,21.120008504053196
0.1617548712529242,0.4562890212982893,0.7203478331211954,0.7576848252210766,0.016833453439176083,0.10483580967411399,0.9785942293237895,0.2175808879546821,0.6853009576443583,0.5342040227260441,10.332660353407839
0.009125152602791786,0.15993624995462596,0.8380442382767797,0.5438316951040179,0.35275212256237864,0.023777639027684927,0.6596558059100062,0.24316921923309565,0.34881355660036206,0.06774622364901006,8.091091874045738
0.48621469596400857,0.042176977498456836,0.7617528331466019,0.05729669122956693,0.0500768986530602,0.0388965317979455,0.922417746623978,0.5009604305960238,0.9261012799106538,0.7666421325411648,4.036177543246039
0.411190546117723,0.1861746869981289,0.6048302829731256,0.7584224222227931,0.7438817673828453,0.9872725058812648,0.15506522520445287,0.24161608912982047,0.2898744677659124,0.9861129792407155,15.940234176909101
0.6711351242847741,0.9878823184408247,0.18545582611113787,0.28478432912379503,0.7409885788802058,0.1482338288333267,0.7095054192468524,0.8194733094424009,0.4275228548794985,0.9219557035248727,16.618197990512787
0.6244563311338425,0.4701452311128378,0.8218695053365082,0.8243276870343834,0.1918472594115883,0.40732108149677515,0.9684972548857331,0.47702494193799794,0.9373300028964877,0.36151936440728605,18.8401767903291
0.311021936358884,0.2092637240421027,0.9346875986084342,0.7886057521682233,0.7329712195787579,0.5506908646784723,0.42917846562340856,0.3124636255670339,0.38621044997125864,0.4908310226164758,17.65959257905743
0.8285011211410165,0.7065402064472437,0.8034450975246727,0.21567903831601143,0.715307782869786,0.6169257063884288,0.01979161030612886,0.8232353280764073,0.3503861865028739,0.7951424145139754,18.06584607557932
0.987586400937289,0.12280824384652078,0.7846661552321166,0.8297949687112123,0.7474442960228771,0.12188285822048783,0.1479473141953349,0.9595906059257686,0.17894452949985862,0.9250695386435837,17.672212978942515
0.17107741232030094,0.9989163849968463,0.09091763338074088,0.2782728506717831,0.5345926359295845,0.17248028237372637,0.6566259753890336,0.03250040812417865,0.8478080709464848,0.608828752534464,14.672111933131989
0.8655013146344572,0.12984805111773312,0.7756085502915084,0.6433235285803676,0.6358058233745396,0.9018223027233034,0.4863017247989774,0.3182577840052545,0.8659549942240119,0.42943367012776434,14.507962730567625
0.0682837141212076,0.5616861565504223,0.5561126403044909,0.3747331358026713,0.6154447274748236,0.5610570355784148,0.8417098426725715,0.16274166200309992,0.5491904059890658,0.10970846097916365,8.030460728565183
0.15375453792512417,0.8604861393105239,0.4479512362740934,0.689079315867275,0.46749142766930163,0.21351659507490695,0.11569869867525995,0.912373872473836,0.2596240099519491,0.2700564775150269,12.818573996161591
0.46980598219670355,0.7912797082681209,0.5803024650085717,0.6949543873779476,0.9819458199199289,0.11379054840654135,0.34060211782343686,0.1306849408429116,0.7945801508612931,0.14245283068157732,21.57852400094734
0.8037335032131523,0.0175819406285882,0.3921554514672607,0.37733423453755677,0.9608268041629344,0.15177134377881885,0.2833315166644752,0.7358075310476124,0.5750726317055523,0.2778764700051397,9.048242259150003
0.2004600130021572,0.4549913853406906,0.2752316223923117,0.5003961159382015,0.28182533592917025,0.05502119590528309,0.10349562996998429,0.4870324609801173,0.5285184003878385,0.3248986438848078,9.359581086506447
0.5290643656626344,0.5435308206360787,0.6281560075003654,0.5404481610748917,0.4775339621119201,0.22262903559021652,0.5191089531872422,0.6554379507433623,0.3188257731962949,0.04054838977754116,14.954235157153345
0.7814798054751009,0.6511154402978718,0.4202626657206565,0.18687555799260736,0.1345411017537117,0.0003900807350873947,0.7499815635383129,0.8908903726842254,0.4488562021870166,0.5803788008634001,11.970983950705168
0.21438259514980018,0.6987874840851873,0.5974808125756681,0.08035702956840396,0.9379827862139791,0.7132624133955687,0.7505609835498035,0.3921111829113215,0.2354946108534932,0.6355096276383847,11.545377488320886
0.910422271117568,0.19515091716311872,0.8233131051529199,0.7227867064066231,0.7020037847105414,0.5181774273514748,0.8628491039853543,0.18573105009272695,0.9747557039372623,0.5245331672485918,19.220910920947514
0.5618830337189138,0.878407736774534,0.8906556402798742,0.4555393171031028,0.506508469581604,0.07752433209680021,0.3293034047819674,0.751487874193117,0.2517556792590767,0.7181584211066365,21.694255465947897
0.30711712036281824,0.06307722022756934,0.16268403292633593,0.6414997703395784,0.8933363209944218,0.8540404892992228,0.5918090944178402,0.5649066087789834,0.8987648335751146,0.2902522135991603,14.365813302526552
0.4485224245581776,0.3954949325416237,0.4631884451955557,0.25100544560700655,0.7517225581686944,0.6938364750239998,0.6332291970029473,0.7396690989844501,0.35420320462435484,0.524459553649649,8.027606528402066
0.3142791595309973,0.2860240510199219,0.8103560567833483,0.17325105634517968,0.27510143676772714,0.18162103625945747,0.9588855816982687,0.35481959069147706,0.49339231569319963,0.7750854936894029,7.634648039158375
0.8950347399804741,0.009142170427367091,0.350370203377679,0.5823602229356766,0.08691167994402349,0.5830090928357095,0.4396777974907309,0.9470634828321636,0.3618235115427524,0.24017542763613164,6.450991424420064
0.13053822796791792,0.6389052711892873,0.28426728467456996,0.673157624900341,0.09749899338930845,0.7223106073215604,0.6904966130387038,0.3469794443808496,0.06401991751044989,0.09868913609534502,9.478365422827869
0.3625981053337455,0.16546296630986035,0.7192231279332191,0.8124253563582897,0.3701178808696568,0.29879962210543454,0.6768980077467859,0.8354791759047657,0.22816494503058493,0.6158944515045732,13.10178974955251
0.6176830513868481,0.6728686885908246,0.416394779458642,0.6002468585502356,0.9478727504611015,0.4161324880551547,5.075708031654358e-07,0.6780849453061819,0.9140164824202657,0.9153444617986679,21.3099370754137
0.3946352868806571,0.6184223017189652,0.4637896646745503,0.3824895494617522,0.93484399584122,0.5458850890863687,0.8836517906747758,0.8540406830143183,0.7744898642413318,0.3981547635048628,15.04386468500003
0.7438216207083315,0.12002735934220254,0.6276877943892032,0.4922616956755519,0.3095598539803177,0.021024369169026613,0.03674351656809449,0.20634081400930882,0.08636919525451958,0.008824363583698869,10.03507407271462
0.04031828697770834,0.5123531024437398,0.6352029538247734,0.0741933414246887,0.9274689280427992,0.8092597622890025,0.9779517967253923,0.11843652604147792,0.4172876027878374,0.5688150159548968,6.180351205799505
0.9680160831194371,0.48668820317834616,0.22129276278428733,0.18282413785345852,0.9279950025957078,0.8809983523096889,0.12281197449192405,0.5214115455746651,0.7522583561949432,0.6946003239136189,18.922755546240033
0.8733128982130438,0.9970317536499351,0.08958402671851218,0.5682345884852111,0.016144393477588892,0.744146884419024,0.34567127330228686,0.8592761752661318,0.8087389450520277,0.406835614470765,12.84356259731052
0.28584855305962265,0.36399859050288796,0.8859292424749583,0.7343250773847103,0.8745189486071467,0.5377212595194578,0.6714999482501298,0.679342498537153,0.6524777077138424,0.616904248483479,18.630177541069337
0.8201025598682463,0.3431300010997802,0.47131639579311013,0.829233476659283,0.6922909857239574,0.9229592729825526,0.8904774128459394,0.9587637318763882,0.6976863376330584,0.057082197861745954,19.510030450393117
0.43091918085701764,0.9286078219301999,0.023882125038653612,0.2892303606495261,0.21339168888516724,0.8812327953055501,0.3795305001549423,0.6336181110236794,0.40865620668046176,0.7929320579860359,18.947153316201184
0.5018820720724761,0.007227115333080292,0.39895140565931797,0.9209197310265154,0.38768287585116923,0.7582676871679723,0.2074336465448141,0.9293293249793351,0.9110581870190799,0.5669305664487183,12.130059172295267
0.25236930837854743,0.15076471422798932,0.8986945394426584,0.7056745693553239,0.26161348493769765,0.8764119960833341,0.4458130702842027,0.2871325961314142,0.852810490410775,0.9285549207124859,12.068377047069404
0.8373385274317116,0.422428616322577,0.9755924316123128,0.5149853832554072,0.7110860459506512,0.008133854018524289,0.1476967439521104,0.32301631290465593,0.712066498817876,0.8642456191591918,21.034001481634686
0.6765088923275471,0.5058924630284309,0.7743063119705766,0.42073624418117106,0.33930171257816255,0.6919940090738237,0.04943112260662019,0.13832625653594732,0.5771393997129053,0.7196091539226472,16.482430616317398
0.5140925506129861,0.3862549604382366,0.5374504763167351,0.6112236126791686,0.48059689113870263,0.6379029029048979,0.8398372277151793,0.12618525116704404,0.8410044959746301,0.7535626436583698,14.659717943582582
0.972835912136361,0.840705891372636,0.5345286708325148,0.548848879057914,0.046627039555460215,0.12071504956111312,0.7521568299271166,0.6701926300302148,0.7934579993598163,0.3492316047195345,11.65742137906096
0.06317444145679474,0.8433147380128503,0.12815365893766284,0.7088995336089283,0.2790395950432867,0.9280389847699553,0.6382759772241116,0.3164605712518096,0.9642276831436902,0.9785879224073142,12.708923070392125
0.5972424303181469,0.21198538271710277,0.4188268843572587,0.478296278975904,0.1255831429734826,0.3526880689896643,0.5679148852359504,0.95441605290398,0.8596293064765632,0.30208496353589,9.79691656061094
0.5135726653970778,0.4057471912819892,0.2934346911497414,0.7143832880537957,0.7284428540151566,0.288777032867074,0.8785823360085487,0.0020426318515092134,0.5024508228525519,0.9078903524205089,17.82777838765726
0.04424569453112781,0.8468457139097154,0.5598398917354643,0.8775163975078613,0.10089537035673857,0.8406891433987767,0.9721876448020339,0.3287845600862056,0.3952151946723461,0.4569724372122437,12.076960937842415
0.8586198203265667,0.24613789143040776,0.14700858970172703,0.4526258746627718,0.9263513945043087,0.17767249536700547,0.9413925737608224,0.7727047707885504,0.48697965242899954,0.8865845776163042,16.464966286614782
0.5017839251086116,0.6307992320507765,0.8062504448462278,0.28315402078442276,0.7620280312839895,0.801759117282927,0.08172813314013183,0.07743745530024171,0.9591722076293081,0.27773546683602035,16.162720933014636
0.185232367599383,0.6608204941730946,0.329704356379807,0.6472142634447664,0.2016327406745404,0.37319468264468014,0.19212478189729154,0.9380837068893015,0.008953454904258251,0.6014894414693117,13.669603343890772
0.2515749894082546,0.9258023295551538,0.72402577358298,0.5334044783376157,0.9296043384820223,0.5673340382054448,0.39666072907857597,0.15251733828336,0.9618857260793447,0.8537253816612065,17.064245645478362
0.8554632472805679,0.13827259512618184,0.7087624014820904,0.1570712837856263,0.032341751735657454,0.8006042200140655,0.6092268200591207,0.7667613306548446,0.15338920638896525,0.744999329559505,6.114181776150263
0.2603964856825769,0.32078703213483095,0.29774459009058774,0.01073835208080709,0.4186710650101304,0.06610199180431664,0.7727771843783557,0.40415819571353495,0.9123671932611614,0.82227584393695,6.0638172775987735
0.7033603354357183,0.06748395273461938,0.35332315461710095,0.570119314128533,0.868966868147254,0.69815897452645,0.044130905997008085,0.07710006600245833,0.14612225000746548,0.2360290358774364,12.49860589943587
0.26238972693681717,0.5709024576935917,0.47067171218805015,0.309751199092716,0.2923419256694615,0.15836017508991063,0.9596632122993469,0.6103772479109466,0.5950879559386522,0.6186657536309212,9.049649561368703
0.08011532854288816,0.4446920193731785,0.031491766683757305,0.3168691222090274,0.6730678321328014,0.114530383143574,0.8493749650660902,0.9191841571591794,0.721887813648209,0.18639358459040523,11.513831811234294
0.4550706979352981,0.2583948776591569,0.3285163911059499,0.650349821895361,0.6114149552304298,0.5714052603580058,0.539861258585006,0.049837322905659676,0.07778966543264687,0.23592071025632322,12.861334323230487
0.7302480328362435,0.4927582279779017,0.6079582199454308,0.7661115361843258,0.10553370602428913,0.8686625666450709,0.20058502000756562,0.6740750405006111,0.4038369059562683,0.7086819221731275,18.20072725573618
0.42362506315112114,0.14127678074873984,0.8774578666780144,0.8187009147368371,0.8513007331639528,0.17263171984814107,0.18983411928638816,0.6166325735393912,0.4321226242464036,0.39364766934886575,17.063541653950974
0.5846436081919819,0.3451826684176922,0.9933421085588634,0.4907792245503515,0.6328985407017171,0.12191757163964212,0.28148575290106237,0.32602591440081596,0.6738521107472479,0.9666856473777443,21.039970642335273
0.006983788451179862,0.508977924939245,0.7972275468055159,0.8476909005548805,0.19263351149857044,0.39121855329722166,0.7825718261301517,0.7919452073983848,0.37927277688868344,0.8699202288407832,10.69724926166502
0.596540721366182,0.5369857051409781,0.012406569439917803,0.0904808109626174,0.9172361316159368,0.6331924381665885,0.2908075994346291,0.06418642378412187,0.8943876454140991,0.10768109210766852,18.30682223840452
0.3197314238641411,0.2925486450549215,0.03418669942766428,0.892304185545072,0.9752122890204191,0.25739061273634434,0.4270866441074759,0.37416817760095,0.5729854528326541,0.5479630241170526,21.701022551547737
0.5956696118228137,0.013668733416125178,0.7177987671457231,0.47818424459546804,0.5795216539409012,0.11345879617147148,0.9114708476699889,0.8963994311634451,0.03428054763935506,0.1804177442099899,9.424490505927361
0.9896275172941387,0.6884649677667767,0.6178783853538334,0.025333830853924155,0.6323768242727965,0.2936303860042244,0.5866394150070846,0.838643885916099,0.5173684472683817,0.2954580122604966,13.461483456104139
0.6745663625188172,0.2789378382731229,0.47135877795517445,0.7829901189543307,0.909967914223671,0.11015877360478044,0.11693030130118132,0.23578127101063728,0.8409791681915522,0.3973733626771718,17.251342466798537
0.36821768688969314,0.7910748380236328,0.20132676512002945,0.9933158115018159,0.4589228539261967,0.7612490700557828,0.7641083884518594,0.20575207727961242,0.8141316536348313,0.8544019456021488,22.40066917768097
0.6228766143321991,0.9395145908929408,0.41298793628811836,0.23485994269140065,0.8400877509266138,0.2533841629046947,0.759434646461159,0.041223670821636915,0.32096536783501506,0.7422541577834636,15.345626933703837
0.01825462281703949,0.6996067168656737,0.6209065408911556,0.8256694644223899,0.8734037391841412,0.3585670664906502,0.45598760317079723,0.3177445181645453,0.9500054765958339,0.21155820204876363,13.547181331752844
0.11556347878649831,0.4941294356249273,0.1256125746294856,0.4492559207137674,0.17197404173202813,0.34918846120126545,0.5076959549915045,0.20501740369945765,0.15312920440919697,0.09255447750911117,10.34017474732768
0.9502640194259584,0.339453955180943,0.4838587869890034,0.8197441939264536,0.8659099652431905,0.9880997834261507,0.43799570854753256,0.029571854742243886,0.1520455488935113,0.7880207577254623,21.750913965508214
0.9804964726790786,0.9278024600353092,0.9513969551771879,0.223099926719442,0.5599815708119422,0.5341228528413922,0.9345842131879181,0.7150016443338245,0.031028529396280646,0.946642670314759,11.929620624621538
0.4666138319298625,0.6865126213524491,0.5168580783065408,0.959076190367341,0.6816915231756866,0.3969266281928867,0.40816881717182696,0.5124857756309211,0.18510086392052472,0.38201374583877623,21.211632452956742
0.1017280442174524,0.6546231003012508,0.37529973592609167,0.7570768834557384,0.7368746935389936,0.39107502391561866,0.6941144256852567,0.4459764873608947,0.34860679786652327,0.3838530406355858,13.688297370978393
0.47432505362667143,0.15283008315600455,0.7985031451098621,0.3534567926544696,0.9937162483111024,0.9465290131047368,0.6235162259545177,0.9262675945647061,0.2267182245850563,0.39681746903806925,12.351569425870801
0.4155625703278929,0.9379592721816152,0.7516751962248236,0.7639403841458261,0.1745977879036218,0.5417608546558768,0.5831782277673483,0.2420783133711666,0.10136538371443748,0.8158387502189726,20.785017141668153
0.5485673090443015,0.9668496495578438,0.3888543944340199,0.6856231293641031,0.49053970957174897,0.9029040022287518,0.8328577443026006,0.2779978474136442,0.6549323850777,0.6809548705350608,18.134421800925285
0.426785432966426,0.7838694187812507,0.23234045202843845,0.5294987733941525,0.5222626654431224,0.7127943569794297,0.6299478989094496,0.3266307378653437,0.2154465417843312,0.37970423698425293,18.21276554199687
0.3063622710760683,0.39101268351078033,0.30043686064891517,0.09135221620090306,0.8173373171593994,0.041561039397493005,0.6216147560626268,0.1354261285159737,0.23555581434629858,0.0318062431178987,7.345642842621969
0.8541904874145985,0.21903482591733336,0.2906010723672807,0.6671219598501921,0.7110949102789164,0.30073761963285506,0.9647065775934607,0.7755825356580317,0.2787157935090363,0.5625410531647503,17.881793068004207
0.2632736451923847,0.22313660639338195,0.833593086572364,0.23296509101055562,0.8891166425310075,0.7744260686449707,0.1786473374813795,0.016352764097973704,0.5257444398012012,0.28757909894920886,11.770694820378298
0.9814978137146682,0.28086556983180344,0.6409186089877039,0.9331019762903452,0.6071405762340873,0.667525989934802,0.3200880833901465,0.9587434881832451,0.2049523377791047,0.783877732930705,21.132158955910963
0.34834201936610043,0.191579062724486,0.9301669569686055,0.9288946890737861,0.24708411027677357,0.32284805458039045,0.0215016461443156,0.21658824454061687,0.9373922965023667,0.37519760173745453,14.741870789914152
0.9006609134376049,0.09537248779088259,0.8918524542823434,0.8618018894921988,0.4680573330260813,0.5189362242817879,0.7850150344893336,0.8669006200507283,0.4311671229079366,0.2648926505353302,15.358928211129125
0.4463669159449637,0.5286818507593125,0.10828142263926566,0.2907782350666821,0.7348205288872123,0.3315384353045374,0.9324910314753652,0.4728892862331122,0.8976085647009313,0.9911589834373444,16.993917625009782
0.5452477717772126,0.8289714476559311,0.39532492752186954,0.14676544605754316,0.47808906761929393,0.38154841400682926,0.7137989467009902,0.7016113048885018,0.7244185211602598,0.6964842574670911,13.686799655852429
0.17378846765495837,0.9558950043283403,0.10576113848946989,0.6152685808483511,0.37818329059518874,0.2600533361546695,0.48334872140549123,0.44114454346708953,0.891026021214202,0.39576795254833996,16.44292915952506
0.4551600010599941,0.5092037098947912,0.2954752119258046,0.8803264687303454,0.1572091558482498,0.393857448361814,0.10775061696767807,0.26969009125605226,0.21260938560590148,0.61105488659814,17.58487987194724
0.2312746944371611,0.7969040416646749,0.63826739275828,0.24580175569280982,0.21902168728411198,0.29339295881800354,0.8900134395807981,0.6642025955952704,0.8150369632057846,0.25037848483771086,8.144930117858182
0.6505009138491005,0.12099484330974519,0.09013855899684131,0.43841176317073405,0.33763291710056365,0.35118536464869976,0.14191905269399285,0.7133751253131777,0.27460575895383954,0.2602051803842187,13.092575783592235
0.6072553191334009,0.6086684470064938,0.08014484029263258,0.6667041529435664,0.7451397590339184,0.49986462271772325,0.18227893579751253,0.6565001057460904,0.6433398274239153,0.010657613864168525,21.31999475867292
0.3274542398285121,0.8673557676374912,0.39238785370253026,0.6020588725805283,0.10498337913304567,0.12839054455980659,0.6056677817832679,0.8317510306369513,0.877633637515828,0.22576279938220978,15.246052732545682
0.06927625462412834,0.5590644599869847,0.9903327580541372,0.6937324029859155,0.10189344943501055,0.8998478308785707,0.5985074290074408,0.9559637913480401,0.11841770238243043,0.8746831538155675,12.951605135593386
0.3367918119765818,0.32159410463646054,0.7039888661820441,0.7689330601133406,0.2956285811960697,0.3357112037483603,0.864121928345412,0.17792021506465971,0.7239265076350421,0.5182371009141207,13.525915731039884
0.5636357693001628,0.7127022945787758,0.33422275609336793,0.14019184419885278,0.5066064479760826,0.687065105419606,0.8458750799763948,0.5597987612709403,0.5318727747071534,0.01711464487016201,14.33685249988409
0.5748461207840592,0.6652182266116142,0.11573984427377582,0.3948313924483955,0.930542524671182,0.8080215228255838,0.009755639359354973,0.03546618623659015,0.8196405204944313,0.46382873761467636,20.969604360054724
0.8557803758885711,0.9360527449753135,0.21049825381487608,0.9109774467069656,0.677642663475126,0.17976124142296612,0.2581484392285347,0.13612112123519182,0.5833687223494053,0.1793493046425283,19.31526168867811
0.3939760057255626,0.8253356388304383,0.32546920445747674,0.6181501201353967,0.026957140071317554,0.2504212979692966,0.6780333102215081,0.9490889408625662,0.8404345326125622,0.4832077792380005,15.498009778127098
0.02901255409233272,0.6458302475512028,0.20807515340857208,0.26584388175979257,0.5230893013067544,0.9522195840254426,0.3600511869881302,0.5793610620312393,0.4027282402385026,0.03735250188037753,8.42325910755699
0.06470089685171843,0.19504623510874808,0.49101231433451176,0.7627177489921451,0.047709419624879956,0.569478768389672,0.3907582063693553,0.25825963262468576,0.8205991226714104,0.08621090813539922,8.162470608797284
0.20004875888116658,0.21105745248496532,0.37920384015887976,0.13394173490814865,0.8729485599324107,0.6366556817665696,0.8730205576866865,0.4457222649361938,0.05453355377539992,0.4715219493955374,7.207031317281937
0.31613081274554133,0.8545337086543441,0.13926804717630148,0.13467495143413544,0.40328250150196254,0.21733635640703142,0.7250317584257573,0.22572845430113375,0.6677857299800962,0.8856066230218858,12.707326647420873
0.6518438213970512,0.3426393948029727,0.1863425865303725,0.22020254796370864,0.590406586183235,0.21103864395990968,0.29839745396748185,0.2532214086968452,0.9483039872720838,0.007044658064842224,13.48064684853559
0.31694416841492057,0.045941070187836885,0.22353414888493717,0.6734692177269608,0.6267804279923439,0.6777623218949884,0.41412891750223935,0.23263443331234157,0.12681317841634154,0.6894755845423788,12.118438625523506
0.840830787550658,0.315834766253829,0.5335326502099633,0.5213262885808945,0.16888658329844475,0.3083494247402996,0.6214574282057583,0.6620803463738412,0.07431186432950199,0.7174182978924364,14.222447170407202
0.44045592402108014,0.7058151233941317,0.8689097780734301,0.2242014475632459,0.021911849034950137,0.5219618298579007,0.2793582126032561,0.5849308609031141,0.5025901757180691,0.20358959888108075,12.654735769693318
0.3441086441744119,0.8974988062400371,0.9914254914037883,0.5115736133884639,0.2511157770641148,0.9162812777794898,0.5967166186310351,0.7852733593899757,0.1505209414754063,0.1601313806604594,19.737636555689292
0.7653958920855075,0.27830500341951847,0.15846642409451306,0.6691155827138573,0.3240053281188011,0.26040363777428865,0.8098881680052727,0.9104574020020664,0.22647893894463778,0.039802192244678736,15.631687954651088
0.01189829665236175,0.22888258704915643,0.09013888938352466,0.5534375160932541,0.6781060781795532,0.22725445334799588,0.33447268698364496,0.7245432185009122,0.355545315425843,0.8676445200107992,12.779434099815754
0.21358956792391837,0.40057005756534636,0.31027618469670415,0.6340646576136351,0.33695567050017416,0.8167124772444367,0.579669450642541,0.8824509012047201,0.03444757964462042,0.7484105499461293,11.977385223318338
0.5350025575608015,0.3147397811990231,0.8366366284899414,0.6604137243703008,0.18733733636327088,0.1115181497298181,0.329551168018952,0.6873266857583076,0.8712772799190134,0.20542812743224204,13.473590703114532
0.2708905495237559,0.12020836677402258,0.19344675750471652,0.5171690774150193,0.9971983849536628,0.2753993065562099,0.9017479286994785,0.4874725614208728,0.3356707524508238,0.7729460662230849,10.639301580588814
0.16086962982080877,0.7765054928604513,0.8921117999125272,0.7254259339533746,0.6529768123291433,0.06878999597392976,0.011414533713832498,0.8993297282140702,0.12134092231281102,0.553394254297018,17.409763438618082
0.05090922815725207,0.2735636041034013,0.5024138914886862,0.6421820065006614,0.8300263003911823,0.34778265515342355,0.3456946003716439,0.3610746976919472,0.9242749551776797,0.5340173097793013,11.664353779534737
0.6128231482580304,0.8161823065020144,0.834719650214538,0.8582092458382249,0.9065235478337854,0.827358472160995,0.8143561035394669,0.4685729220509529,0.7094330708496273,0.7796669458039105,24.17295759746248
0.4245418878272176,0.39881112007424235,0.7923669687006623,0.5243677466642112,0.24202402355149388,0.7858426533639431,0.49026495474390686,0.8530387757346034,0.26286244788207114,0.21942938910797238,12.954094261089525
0.3133831159211695,0.0614871010184288,0.6229431559331715,0.6836130400188267,0.35445786570198834,0.19276501145213842,0.1992308758199215,0.7120227732229978,0.9929285307880491,0.5190869553480297,9.90163082689503
0.07635976816527545,0.8345146020874381,0.4503446570597589,0.4922764264047146,0.15718369581736624,0.43404037645086646,0.04210520163178444,0.35511895967647433,0.4091502067167312,0.9885273948311806,9.26468061191164
0.10967446491122246,0.9865004590246826,0.9904353297315538,0.873780210269615,0.9926264225505292,0.9324362932238728,0.8553107236512005,0.670230271294713,0.9111913559027016,0.503118496388197,21.74477821929484
0.4701317916624248,0.3090832498855889,0.4251835828181356,0.2508637080900371,0.07818528497591615,0.5634942376054823,0.0559268903452903,0.9377783113159239,0.882978442357853,0.09043222828768194,7.316016759925669
0.3103153412230313,0.9420185922645032,0.810982353752479,0.18540768837556243,0.18830414209514856,0.0759277162142098,0.9531066403724253,0.9411398216616362,0.5179281486198306,0.9886001432314515,12.336828564799495
0.6875126902014017,0.3719434372615069,0.1966994486283511,0.0540928840637207,0.0037503407802432775,0.15886747441254556,0.34394852351397276,0.5044497435446829,0.6403873583767563,0.36085813003592193,8.128278514881304
0.052593301981687546,0.07786890398710966,0.44975793664343655,0.37569976248778403,0.6932783941738307,0.5452567916363478,0.4518670900724828,0.12892050598748028,0.6908271729480475,0.046832297230139375,7.471468711612306
0.3442769853863865,0.9414572711102664,0.04783863853663206,0.6847582913469523,0.15957962023094296,0.5682212787214667,0.13863415061496198,0.4503339510411024,0.6595169664360583,0.25598481367342174,20.90239528243334
0.7742219706997275,0.15264749294146895,0.9746119801420718,0.20701143145561218,0.9993942775763571,0.8607676548417658,0.8027667629066855,0.840244613122195,0.010010562604293227,0.8466307919006795,17.042892908778065
0.4498141878284514,0.7068446134217083,0.473698946647346,0.04363404610194266,0.47624081023968756,0.7551066989544779,0.7829129069577903,0.8758497727103531,0.6311090344097465,0.9088494633324444,10.583820000416233
0.9791696933098137,0.5230423295870423,0.19809341011568904,0.20899274945259094,0.7009133549872786,0.48806378641165793,0.5427784179337323,0.2940710543189198,0.030308709712699056,0.6404157548677176,16.698408355323945
0.457406816072762,0.407084041275084,0.3507771890144795,0.8248015609569848,0.11153846583329141,0.05217386479489505,0.5210185807663947,0.06830663955770433,0.1085682543925941,0.8989647028502077,14.526998791317752
0.21082297712564468,0.7550707620102912,0.8679679443594068,0.4738608356565237,0.15827135019935668,0.7133996218908578,0.9914973927661777,0.7359814615920186,0.5226720785722136,0.3689871907699853,13.480773032339554
0.557009945390746,0.9953981959261,0.7605268957559019,0.5400004221592098,0.8827074756845832,0.8210193808190525,0.1406238805502653,0.638872908661142,0.7030882155522704,0.12779009994119406,22.445496660478256
0.8020604192279279,0.2148576290346682,0.550249261315912,0.7936848315875977,0.3258187605533749,0.05649923370219767,0.06525310222059488,0.09853514935821295,0.17172993253916502,0.7963697048835456,14.954319104030123
0.6604732335545123,0.6583939183037728,0.8846203784924,0.42927800421603024,0.034083385253325105,0.9939022196922451,0.017824097303673625,0.9447868927381933,0.2446299372240901,0.18537995615042746,17.839326340954468
0.22386456234380603,0.5465279752388597,0.8086175203789026,0.18591652042232454,0.5608595814555883,0.9568966783117503,0.450270390836522,0.9482819102704525,0.5857525249011815,0.3655148653779179,12.139141106803834
0.9282388896681368,0.4936297396197915,0.04531569196842611,0.807683730032295,0.23503507766872644,0.6978235256392509,0.9856797992251813,0.5595900183543563,0.43409113422967494,0.5724074305035174,23.9919871614071
0.3867806284688413,0.07307077967561781,0.13228856050409377,0.6846302296034992,0.6489341543056071,0.39648865233175457,0.799597964156419,0.8761209195945412,0.15573288942687213,0.2320010238327086,13.991965396247418
0.7178037567064166,0.49814821663312614,0.35256638494320214,0.2196341878734529,0.4602780775167048,0.3254116349853575,0.8460443138610572,0.18020342523232102,0.21292788838036358,0.020150211406871676,13.483810420298367
0.21267988998442888,0.7307327836751938,0.8256023121066391,0.9184469915926456,0.7671965397894382,0.9708649232052267,0.7740026894025505,0.395483226981014,0.5592579420190305,0.993636135244742,20.61942418302378
0.5884131581988186,0.8133854235056788,0.24201640114188194,0.1646585175767541,0.9232999328523874,0.41421742481179535,0.3991464071441442,0.5278750045690686,0.7373933461494744,0.9556927985977381,18.751694664760052
0.10699360817670822,0.8179560771677643,0.8545803721062839,0.19664126401767135,0.6311661079525948,0.9805096136406064,0.04272122145630419,0.20765696582384408,0.8812099774368107,0.1313529445324093,9.81245534283947
0.7461066872347146,0.5438475052360445,0.0596565583255142,0.7996765186544508,0.058589370688423514,0.613611051812768,0.19303684425540268,0.4162437089253217,0.4881265761796385,0.2205187208019197,21.704389858481075
0.3406388573348522,0.10851079365238547,0.42241036309860647,0.519522316288203,0.8895623120479286,0.37676258478313684,0.5521266222931445,0.10612384881824255,0.4136908892542124,0.00267369975335896,10.648874710654628
0.9405497093684971,0.6677333053667098,0.6984951114282012,0.28240720671601593,0.7765531402546912,0.13374077179469168,0.684475660789758,0.6523608251009136,0.8752058537211269,0.10190649842843413,18.906851286362137
0.1854955148883164,0.7927877481561154,0.8665473551955074,0.1827225626911968,0.43531391373835504,0.7233063250314444,0.9904672659467906,0.6284784586168826,0.33334003342315555,0.9836935172788799,10.32879256665261
0.6813314708415419,0.9056203321088105,0.7721107809338719,0.04197027790360153,0.1421196749433875,0.5061946767382324,0.9181060865521431,0.7850404179189354,0.219782711006701,0.45317853265441954,13.235385102701777
0.5421877095941454,0.7322283068206161,0.5273145090322942,0.4934844779781997,0.9096886545885354,0.8190715264063329,0.884636570001021,0.6445596255362034,0.7154235152993351,0.03633796120993793,22.069871588127963
0.5171361977700144,0.40920654055662453,0.15852869278751314,0.04096560040488839,0.9828628525137901,0.475185590563342,0.6829409189522266,0.49400796461850405,0.16944865696132183,0.018391458317637444,15.096437479393149
0.19202211638912559,0.47174407821148634,0.8791954999323934,0.6980532954912633,0.8754351553507149,0.8697297757025808,0.6036250893957913,0.9754216673318297,0.12240865197964013,0.20430218055844307,16.28604828774459
0.8947285381145775,0.399092874256894,0.06541003379970789,0.23492362210527062,0.8732529659755528,0.4228592615108937,0.25564546696841717,0.0892171342857182,0.5429208988789469,0.6360964665655047,18.598533207814807
0.6888890513218939,0.4801971891429275,0.4314383913297206,0.7865022805053741,0.0797415073029697,0.6353221593890339,0.89881890732795,0.6555290902033448,0.40367780555970967,0.5224499793257564,17.432953781821148
0.6972465005237609,0.4378185772802681,0.40119321504607797,0.5443716300651431,0.22390907746739686,0.4793336922302842,0.4383629048243165,0.3923447779379785,0.066633710404858,0.7830286438111216,15.487346099800064
0.4844171102158725,0.050635328283533454,0.0805752519518137,0.49444977194070816,0.7269890066236258,0.15774133964441717,0.6067290285136551,0.4090826762840152,0.7795009054243565,0.2558026439510286,12.62803344211992
0.9914071466773748,0.0809103474020958,0.05103342421352863,0.6366076697595417,0.6607653512619436,0.7410629268269986,0.42857850226573646,0.8901934351306409,0.8040194113273174,0.5851203463971615,13.742458173643291
0.5099885605741292,0.758914819220081,0.4879946543369442,0.39682138222269714,0.3940563537180424,0.8575982381589711,0.7075674117077142,0.6546648314688355,0.6919924833346158,0.7624018879141659,16.738152388124988
0.5182251785881817,0.5534879432525486,0.04046840267255902,0.4329055589623749,0.743120996048674,0.11558373714797199,0.056846959283575416,0.3636094853281975,0.06438511866144836,0.5427921034861356,19.61762126680067
0.5754728997126222,0.4179889694787562,0.3688578649889678,0.4432271507102996,0.025560104520991445,0.730635026236996,0.7894977123942226,0.35550105292350054,0.012889359844848514,0.9730937092099339,11.411611114688274
0.4361644198652357,0.9011002506595105,0.29485132824629545,0.0970183361787349,0.21655910997651517,0.6991220056079328,0.5820454393979162,0.4262951985001564,0.392564598005265,0.19087712722830474,14.399088473846003
0.5952317737974226,0.38420091033913195,0.43718702415935695,0.6317036745604128,0.8723641021642834,0.8914525681175292,0.2424744355957955,0.9240885355975479,0.5203437565360218,0.519379761070013,17.004822670093873
0.9422223388683051,0.8953361450694501,0.10012508230283856,0.6946486348751932,0.8276711502112448,0.6204494119156152,0.22806721669621766,0.7863379439804703,0.9685426417272538,0.719095136737451,20.426844813812604
0.7210875847376883,0.14936003112234175,0.1670447348151356,0.9269623558502644,0.40485653444193304,0.9975661691278219,0.0866871231701225,0.13876403961330652,0.2830862309783697,0.5420467238873243,17.456689131286684
0.06873397738672793,0.12279057316482067,0.9140812056139112,0.15761605883017182,0.6855407350230962,0.2185104675590992,0.1614439671393484,0.8972756918519735,0.4601447260938585,0.3105762673076242,9.849701718271
0.3680630426388234,0.28233115654438734,0.9490098329260945,0.5320709694642574,0.10390553111210465,0.17526925448328257,0.7077837917022407,0.6445521214045584,0.5694826690014452,0.4582847112324089,12.633857373343615
0.9995871388819069,0.14534282078966498,0.5881726460065693,0.8749047664459795,0.4079701160080731,0.020082751289010048,0.5373087488114834,0.6539440811611712,0.30801353324204683,0.3691401965916157,15.272747865372159
0.6901762273628265,0.5961132887750864,0.16981326905079186,0.36763018905185163,0.14871762110851705,0.17039684602059424,0.3922883013729006,0.3803882384672761,0.9408473167568445,0.9856575906742364,14.362211278494392
0.08960242639295757,0.85975849814713,0.7051100786775351,0.33000242221169174,0.7980025990400463,0.3596756928600371,0.9706709075253457,0.7017314569093287,0.7009238149039447,0.9298779696691781,9.865992109313394
0.7820590995252132,0.47839360777288675,0.6771607885602862,0.5676949147600681,0.8445434249006212,0.8956262588035315,0.2504946736153215,0.7629785030148923,0.33798388484865427,0.8960885198321193,19.657105102455805
0.4854070146102458,0.3647100811358541,0.949410903500393,0.3194539330434054,0.1797485228162259,0.5962055400013924,0.7619260880164802,0.07512139389291406,0.3383134389296174,0.330431638751179,13.107622762723397
0.09264671476557851,0.7886062646284699,0.3926153692882508,0.6005365578457713,0.3857352582272142,0.3077370694372803,0.7116688911337405,0.8745346236974001,0.7353315947111696,0.21563964104279876,11.610378592474065
0.28425049781799316,0.6533886026591063,0.3092236863449216,0.5741996616125107,0.668243846623227,0.7261847055051476,0.817110185045749,0.4908918673172593,0.12249228172004223,0.3318682520184666,14.231043108460241
0.07757624890655279,0.45146790239959955,0.7269360858481377,0.4290324654430151,0.15728110820055008,0.47018357017077506,0.9498490791302174,0.8890711069107056,0.45532370591536164,0.7150170884560794,7.655194242001191
0.9480388630181551,0.9091355369891971,0.18202708032913506,0.6488140120636672,0.8879784203600138,0.3825013395398855,0.5350940944626927,0.45306525891646743,0.7094966068398207,0.44049998465925455,17.321874921730274
0.6526383855380118,0.5769272281322628,0.1667520352639258,0.6726324290502816,0.46882812632247806,0.5300265357363969,0.8361615175381303,0.3720831477548927,0.594017846044153,0.30197225301526487,20.349250302429205
0.5822297930717468,0.886319134850055,0.6508012511767447,0.276723078917712,0.15038972790353,0.1370325901079923,0.7207789211533964,0.5718888477422297,0.7174103329889476,0.8921017164830118,13.518304197149968
0.01341994246467948,0.05564597784541547,0.3033797962125391,0.4431106180418283,0.22076113149523735,0.20224635931663215,0.39848257577978075,0.569743401138112,0.030264719389379025,0.4423951683565974,7.390134250192167
0.058015645714476705,0.003418548731133342,0.7078590001910925,0.7038484623190016,0.6035876323003322,0.8126457270700485,0.9331020454410464,0.7473904502112418,0.1711414761375636,0.8291629392188042,11.42274927340106
0.7217862335965037,0.28371268580667675,0.4915924724191427,0.8565198094584048,0.8866404150612652,0.4194201692007482,0.16125863301567733,0.2833573694806546,0.01291350880637765,0.6433206938672811,18.034513657099232
0.9880401091650128,0.19913076236844063,0.06907886220142245,0.671399958897382,0.715035091387108,0.10553506691940129,0.035259160213172436,0.9568626617547125,0.27890571556054056,0.3819490601308644,20.009428405570464
0.9578930723946542,0.059086279245093465,0.9853801056742668,0.7212357765529305,0.04149683681316674,0.2544448203407228,0.04541659192182124,0.9495179052464664,0.08746963203884661,0.6642593026626855,13.803931246204852
0.4358187646139413,0.7365877337288111,0.20784905017353594,0.12649157806299627,0.1977608015295118,0.742120836628601,0.2806890131905675,0.16017512418329716,0.5284649750683457,0.6772912607993931,12.399064897283978
0.5627740314230323,0.5694942942354828,0.23426326387561858,0.23405923089012504,0.8066871457267553,0.08684099302627146,0.9657564067747444,0.40829091309569776,0.8244699754286557,0.9294110401533544,15.721666127978839
0.22049703099764884,0.4541355795226991,0.28933579102158546,0.31212457339279354,0.37331974669359624,0.11588173639029264,0.3469948722049594,0.1625068432185799,0.7156093530356884,0.4197126217186451,9.321469046755725
0.5912721899803728,0.16586449835449457,0.07870069332420826,0.11889573931694031,0.1080715418793261,0.5310506329406053,0.6654638869222254,0.609143080888316,0.012366761919111013,0.103663767920807,7.999735422313847
0.7722265212796628,0.894497562199831,0.9292686122935265,0.8915057736448944,0.7261731086764485,0.2914610237348825,0.5783204839099199,0.9603454968892038,0.6524956503417343,0.6720715123228729,25.48597276753413
0.44469280866906047,0.8342162109911442,0.12060750066302717,0.7811934822238982,0.03186306031420827,0.5094607349019498,0.039941498544067144,0.818180579924956,0.6819592455867678,0.9744428107514977,20.238068281255057
0.18517482792958617,0.8785747035872191,0.5056442909408361,0.2973902134690434,0.16706047556363046,0.5907663279213011,0.013635809533298016,0.8698470573872328,0.9976423445623368,0.6183555491734296,9.748895921496995
0.11488368385471404,0.808491236763075,0.9100666965823621,0.20571777131408453,0.27247099904343486,0.3746226285584271,0.09372957819141448,0.0962155966553837,0.2600973881781101,0.8528188241180032,9.987869748031558
0.08321012696251273,0.577461933484301,0.6475424391683191,0.3661351907067001,0.14191436232067645,0.5574801969341934,0.5129178529605269,0.6086564969737083,0.5057838149368763,0.6180729472544044,5.990465858967108
0.5887002365197986,0.4737593752797693,0.5967471809126437,0.11705588712356985,0.9558446295559406,0.5518264868296683,0.008844442898407578,0.3560301782563329,0.30174814793281257,0.5624909806065261,13.522336764331786
0.9917223847005516,0.6148753867018968,0.4009640554431826,0.49370672926306725,0.19516606745310128,0.5873473070096225,0.017628054367378354,0.22335028927773237,0.8442924877163023,0.34495971142314374,15.750410311703765
0.6449291636236012,0.4339561224915087,0.4157800171524286,0.6062802877277136,0.48362468206323683,0.9405132853426039,0.07068686047568917,0.6272370773367584,0.825454686069861,0.3749335599131882,15.381718148816145
0.8256165878847241,0.16644730512052774,0.7739012367092073,0.5881278484594077,0.12849558936432004,0.05283019063062966,0.7893332897219807,0.5288096538279206,0.4838290633633733,0.36890639108605683,11.29291659295935
0.9994405696634203,0.748704886995256,0.25404321821406484,0.6396257563028485,0.5501965756993741,0.31160742742940784,0.7953758854418993,0.17039256682619452,0.14809826482087374,0.2548140026628971,17.745341933488717
0.008365239715203643,0.6449206362012774,0.9289186659734696,0.9625502098351717,0.9705410811584443,0.6760840655770153,0.1395391756668687,0.18274854240007699,0.7300717853941023,0.6449024439789355,17.679644023202723
0.5058409818448126,0.707519284915179,0.5893421957734972,0.1262267711572349,0.23243836988694966,0.31600313703529537,0.9672929337248206,0.20542729715816677,0.36256697587668896,0.5268501550890505,10.624780800806072
0.7862684542778879,0.12063623056747019,0.43616988812573254,0.2944720347877592,0.06278307875618339,0.23125158622860909,0.09981032344512641,0.07376915961503983,0.4582808748818934,0.3190336055122316,3.776448776159939
0.16230352991260588,0.8369694659486413,0.008873055456206203,0.758946148911491,0.1278056912124157,0.9090247920248657,0.10766337532550097,0.2824387534055859,0.302206352353096,0.7214491898193955,16.920015096919094
0.8189068909268826,0.0213003798853606,0.5861085783690214,0.720683149760589,0.5611793121788651,0.5230485883075744,0.7631392285693437,0.0161943924613297,0.09993303683586419,0.21268039057031274,10.416108924273445
0.4751269016414881,0.9288018841762096,0.7364741319324821,0.2922099616844207,0.7556931264698505,0.8194875700864941,0.3546979636885226,0.8488536290824413,0.6417312079574913,0.5717404959723353,17.974577443903375
0.7898971654940397,0.5922378632239997,0.5644778197165579,0.4687196654267609,0.11851576622575521,0.4456758564338088,0.02760814782232046,0.9368783647660166,0.028327477863058448,0.7049759309738874,14.998262751778668
0.7420487545896322,0.34846256114542484,0.8280688198283315,0.47069538733921945,0.24208110384643078,0.45825132448226213,0.2366935615427792,0.8092138962820172,0.023024646565318108,0.7096554427407682,16.732331302257652
0.3624484825413674,0.7007661822717637,0.898171286797151,0.5797328259795904,0.9793540195096284,0.8136698242742568,0.1560965646058321,0.4135151873342693,0.9291948473546654,0.00011859694495797157,22.03403458467961
0.7752243229188025,0.4547429762315005,0.0326303078327328,0.894887589616701,0.6873066329862922,0.652518400689587,0.9082845314405859,0.524575465824455,0.6717325302306563,0.2759983432479203,25.76650944155872
0.11581019219011068,0.29896588646806777,0.486761758569628,0.7952205426990986,0.2702861230354756,0.3803250752389431,0.20067655621096492,0.8603638927452266,0.32226442638784647,0.3282795138657093,9.938179717165466
0.9924720984417945,0.06478406046517193,0.6054477468132973,0.532799243927002,0.9868495415430516,0.18113572942093015,0.8029187335632741,0.6835104946512729,0.9487150281202048,0.7165848617441952,14.010575026927924
0.8718124218285084,0.5128442104905844,0.5837741785217077,0.011766398791223764,0.5547826271504164,0.14764589560218155,0.33336667180992663,0.5206640257965773,0.5353956108447164,0.8251351001672447,12.131417236299809
0.18530843616463244,0.1694829377811402,0.307387528475374,0.21836371696554124,0.747063715942204,0.29931999975815415,0.0020763338543474674,0.2813793644309044,0.7884874998126179,0.2270390847697854,7.7421917369507245
0.7810830653179437,0.49802470905706286,0.5161673955153674,0.27360316808335483,0.5567959789186716,0.12339533166959882,0.9597468625288457,0.05056976177729666,0.3499661157839,0.8983661755919456,14.104981512437654
0.6780495077837259,0.28754707984626293,0.7548014738131315,0.7875832132995129,0.3436172571964562,0.512764728628099,0.8585865770000964,0.321785707725212,0.2041078838519752,0.053765113931149244,16.04932707435086
0.5753277651965618,0.9791917447000742,0.5483705559745431,0.9762179804965854,0.07387066655792296,0.7739010872319341,0.856096847448498,0.01852209842763841,0.06866618921048939,0.78094327240251,20.792999864338775
0.9833321203477681,0.37415076000615954,0.16490550502203405,0.7973525333218277,0.6333593840245157,0.5646174701396376,0.332649220013991,0.7885060370899737,0.7038513307925314,0.8482518745586276,22.981247140257167
0.08972883457317948,0.5044345539063215,0.05462502362206578,0.9731434038840234,0.7180554121732712,0.56863430631347,0.13188494485802948,0.31134815234690905,0.26923573412932456,0.21993424114771187,18.322996136912042
0.8415686849039048,0.5294171918649226,0.927168880822137,0.5513027608394623,0.41869937581941485,0.5254505157936364,0.9722507554106414,0.3591985856182873,3.820355050265789e-05,0.10717239161022007,22.02780490861588
0.5904202552046627,0.004142143065109849,0.8093986557796597,0.3817371402401477,0.7616873411461711,0.7151420000009239,0.8922797339037061,0.5626090953592211,0.5597096895799041,0.5903232614509761,10.60743584042285
0.5279850375372916,0.7794701028615236,0.05276035447604954,0.2365716735366732,0.17110313079319894,0.7338515110313892,0.8797879426274449,0.8916548353154212,0.5222422401420772,0.6923768173437566,16.659701987279448
0.020911383908241987,0.6053358479402959,0.63916757539846,0.2042091921903193,0.4875834023114294,0.17985183070413768,0.8180915266275406,0.009998836787417531,0.0012626408133655787,0.03516089986078441,4.976813664793379
0.5252797703724355,0.32254893076606095,0.035478679463267326,0.9936897701118141,0.02257551485672593,0.24816789804026484,0.14667321555316448,0.9747623328585178,0.5539060530718416,0.13772438699379563,19.611653609553823
0.8786592092365026,0.9240496477577835,0.7472589109092951,0.25019172485917807,0.1251751494128257,0.3586339089088142,0.1610745145007968,0.6023104672785848,0.3645429261960089,0.4508855282329023,9.29728373549519
0.43392917164601386,0.7349340887740254,0.32283215899951756,0.01309228059835732,0.8506749421358109,0.7813607635907829,0.0733920440543443,0.5881518844980747,0.18658367823809385,0.2916024709120393,13.273386775393078
0.30227663461118937,0.4840914816595614,0.9650908852927387,0.16130914096720517,0.9428091747686267,0.9161626531276852,0.7546231087762862,0.32572725508362055,0.862628584029153,0.8343224113341421,15.648538780526842
0.24372673849575222,0.600191165227443,0.9980485851410776,0.8832216621376574,0.5750264734961092,0.1966079594567418,0.646560923429206,0.7618445684202015,0.8746360316872597,0.6083934642374516,21.174688225777974
0.15291231498122215,0.3259761002846062,0.48560401098802686,0.24697863426990807,0.3414148958399892,0.11901227361522615,0.11438307189382613,0.20629465207457542,0.20567629160359502,0.2123973360285163,5.392629323734164
0.9850534324068576,0.6663291612640023,0.5579696705099195,0.9475259338505566,0.23001723363995552,0.4656306407414377,0.4527580027934164,0.9825064316391945,0.4727185321971774,0.09639619919471443,19.105193647232603
0.4601552989333868,0.2864219050388783,0.7526899913791567,0.8360160060692579,0.5497682222630829,0.8634099694900215,0.9175621562171727,0.20467826444655657,0.6831672582775354,0.31054718885570765,16.869627979574886
0.4253696610685438,0.06982113793492317,0.7241623126901686,0.022247049259021878,0.8533875474240631,0.3636143438052386,0.12645386857911944,0.996315086260438,0.502316425787285,0.019199485424906015,6.359306924861974
0.7184465557802469,0.9808874716982245,0.546641627792269,0.523510348983109,0.9072078599128872,0.07465793192386627,0.8285684257280082,0.11297421250492334,0.49294578144326806,0.6296552831772715,18.04643509237276
0.3577690825331956,0.3677041905466467,0.7985112380702049,0.6225937393028289,0.2327291185501963,0.5568464444950223,0.14095740881748497,0.01660980167798698,0.8369665334466845,0.7206330464687198,13.367709221048436
0.37367367511615157,0.27802796685136855,0.3079114828724414,0.45697673549875617,0.1812735004350543,0.4992908285930753,0.3354039548430592,0.008061493514105678,0.19578082882799208,0.8175082898233086,10.793366887612924
0.3740235078148544,0.33913920633494854,0.5408566109836102,0.5557708279229701,0.7063382994383574,0.3544262789655477,0.9148239872884005,0.2555798061657697,0.4140326592605561,0.1998723023571074,11.544895795353852
0.06063478486612439,0.07637284183874726,0.01650843000970781,0.6446330945473164,0.25373833114281297,0.8124552019871771,0.9048721909057349,0.8188171172514558,0.32443555863574147,0.6790078186895698,9.80955061068505
0.2776187304407358,0.10013416549190879,0.36483453842811286,0.7923539767507464,0.8790268453303725,0.16891203867271543,0.65187773341313,0.7517111313063651,0.21532773971557617,0.39602480828762054,13.692135249741026
0.030161232920363545,0.10785079095512629,0.2811946377623826,0.282542162341997,0.04244968295097351,0.7129383825231344,0.1505877929739654,0.08280287473462522,0.3526126956567168,0.9433062907774001,5.0208994122636845
0.7593651013448834,0.8630083457101136,0.5661235752049834,0.2556298882700503,0.9344226343091577,0.8206653925590217,0.8867272424977273,0.12898514396511018,0.9670917876064777,0.8503619695547968,15.218043658603328
0.09690180886536837,0.18387946346774697,0.758249563863501,0.05392986466176808,0.4848156238440424,0.7752040042541921,0.04143045237287879,0.7988573245238513,0.6366418986581266,0.2918423747178167,6.746410246246087
0.9482994959689677,0.9183993963524699,0.4407990106847137,0.4172368736471981,0.23992447508499026,0.9674662528559566,0.027019656030461192,0.6388589644338936,0.7061792446766049,0.9810930064413697,9.38621514254282
0.9132738967891783,0.3445755844004452,0.21309827431105077,0.7254359337966889,0.322837152518332,0.6988683578092605,0.4667801088653505,0.7312986508477479,0.6841041739098728,0.6759515614248812,17.72641208596763
0.1440364490263164,0.7354699275456369,0.32986908149905503,0.8698413036763668,0.3268869495950639,0.4752527584787458,0.13621342601254582,0.11974664311856031,0.5947785119060427,0.367927958490327,11.954720178771698
0.9689292681869119,0.9065816653892398,0.817452454706654,0.935374069493264,0.8906428508926183,0.6893446103204042,0.3137808623723686,0.6801365977153182,0.9867812728043646,0.8052289825864136,19.01237685357922
0.1710678031668067,0.588386642280966,0.46801997628062963,0.8409305626992136,0.13377112848684192,0.8398375622928143,0.16361980792135,0.790017651161179,0.24152951780706644,0.3247196751181036,12.171852297069044
0.6287869231309742,0.22933951392769814,0.3027859546709806,0.31811853707768023,0.8271457352675498,0.7752121693920344,0.5876039215363562,0.40946218580938876,0.14438148820772767,0.5225928716827184,13.804355270045376
0.7887761613819748,0.04023655969649553,0.8069729225244373,0.9213360527064651,0.1471510634291917,0.745545607758686,0.7195408877450973,0.5597504323814064,0.05322689516469836,0.500907891895622,12.644938793044465
0.6509656712878495,0.6659701205790043,0.1573561958502978,0.1577154106926173,0.8976458346005529,0.6212859787046909,0.3951078944373876,0.6182943633757532,0.594608067534864,0.4106576575431973,19.485519059913926
0.7305506397970021,0.19057497195899487,0.020275990711525083,0.38333502295427024,0.20804901141673326,0.5293348394334316,0.5038252426311374,0.723828763468191,0.49062392651103437,0.5916875915136188,12.963727865032585
0.8901975855696946,0.021030639531090856,0.9114366904832423,0.42087712208740413,0.06330940779298544,0.9019493956584483,0.4803101592697203,0.12821420491673052,0.5630409035366029,0.1425615018233657,8.080619834517746
0.2382070878520608,0.8721871029119939,0.8715183618478477,0.058907358441501856,0.7069168779999018,0.3615432074293494,0.4814605030696839,0.21284093474969268,0.0024834482464939356,0.8997369490098208,12.863224458304341
0.13883366668596864,0.22716767014935613,0.6512041324749589,0.15895241918042302,0.6948218322359025,0.25995596149004996,0.8857074293773621,0.5946904516313225,0.4092306699603796,0.733769056154415,5.305509824709135
0.7106310117524117,0.017061711521819234,0.631285444367677,0.13089420925825834,0.2173402204643935,0.8162005750928074,0.13784839329309762,0.8570707652252167,0.26416053087450564,0.4900336223654449,2.3182519162668305
0.7475735791958869,0.9459872527513653,0.6447033477015793,0.4109968631528318,0.06090290937572718,0.6393781790975481,0.24787760060280561,0.6267370134592056,0.32621421897783875,0.0061755424831062555,13.31171448508433
0.16458512307144701,0.5741780600510538,0.8961530413944274,0.8605256711598486,0.19967669644393027,0.3414166474249214,0.487165768397972,0.8147815901320428,0.89614366623573,0.9074920695275068,15.945266919417069
0.2037318313959986,0.5088612791150808,0.8167268380057067,0.9980297402944416,0.22140445560216904,0.050890320213511586,0.3529707263223827,0.38302864553406835,0.16084675351157784,0.05695010023191571,16.849264542015973
0.7201133433263749,0.7315563266165555,0.37386504211463034,0.5182734383270144,0.9870587771292776,0.8801786440890282,0.4120697043836117,0.5702046523801982,0.850737985689193,0.8589242661837488,21.426403270141577
0.036578517872840166,0.04700042004697025,0.8426961093209684,0.22096164477989078,0.3993000148329884,0.9232465643435717,0.2913273284211755,0.05247260560281575,0.1681393797043711,0.6061753393150866,8.976888244314386
0.6755306667182595,0.12275274889543653,0.5950654202606529,0.8399867317639291,0.9422915049362928,0.43411751836538315,0.39403281500563025,0.41746192844584584,0.18974558589980006,0.6947970751207322,17.931634414653118
0.5179561763070524,0.5714955537114292,0.9939846410416067,0.30678491038270295,0.612620726460591,0.13194941566325724,0.4130320190452039,0.9046491268090904,0.23083966854028404,0.9488546596840024,17.676198270441034
0.7899887808598578,0.3953305634204298,0.4819579713512212,0.6646913001313806,0.42925158282741904,0.4698439824860543,0.14469898911193013,0.9907577591948211,0.4459071883466095,0.4714359266217798,18.355435739610634
0.7515833049546927,0.04070691321976483,0.9027786331716925,0.5198994427919388,0.3359526132699102,0.7839285505469888,0.6291211415082216,0.46108255069702864,0.6149296704679728,0.49270248133689165,11.783733287268468
0.2007246611174196,0.5778522074688226,0.6928758795838803,0.5356222989503294,0.17526017199270427,0.9528651114087552,0.6091144075617194,0.6524249922949821,0.31000424502417445,0.6753974093589932,11.329858080284067
0.9998772302642465,0.7323060752823949,0.0376984179019928,0.32139978976920247,0.5157266508322209,0.09409854467958212,0.30888166069053113,0.8183192014694214,0.796036837855354,0.7728545221034437,17.418674261115708
0.9438359381165355,0.5713843854609877,0.9941914652008563,0.049870702205225825,0.9854755082633346,0.912245775340125,0.7868432768154889,0.39538800506852567,0.9122073168400675,0.5508598366286606,19.16087154076478
0.24301257636398077,0.06191428401507437,0.8367294792551547,0.6006411362905055,0.4302864286582917,0.14022408006712794,0.2056539081968367,0.9617556903976947,0.45962331793271005,0.6961291369516402,10.02593600602729
0.450606110971421,0.5668220119550824,0.261460626963526,0.27114563761278987,0.7485957713797688,0.9119017773773521,0.926526261260733,0.31882095127366483,0.3209713753312826,0.09117062343284488,16.520698126239292
0.18414224404841661,0.7955412594601512,0.6424989372026175,0.8590617801528424,0.9870030435267836,0.15219099097885191,0.12332349619828165,0.6179131565149873,0.595515439286828,0.43875545682385564,19.436752385903716
0.3231999713461846,0.3109922774601728,0.6648790056351572,0.7609405242837965,0.07691859011538327,0.07067166408523917,0.14393674419261515,0.9121238184161484,0.9721873791422695,0.4135704734362662,10.898628252094783
0.5935519891791046,0.9398761552292854,0.42640121350996196,0.9448555340059102,0.36824600491672754,0.9083956750109792,0.6251433193683624,0.8531493323389441,0.7351244776509702,0.8298305827192962,21.494922559335944
0.5926908971741796,0.1398357953876257,0.655593462754041,0.2551019557286054,0.5632069860585034,0.21213530818931758,0.8098864688072354,0.49149237503297627,0.9588896275963634,0.30713595054112375,7.141803579317435
0.8509200802072883,0.6710020776372403,0.7369408395607024,0.8778968141414225,0.5224803793244064,0.9068891853094101,0.36858884571120143,0.08019335521385074,0.8331640718970448,0.21233575721271336,21.608864190269763
0.7100531733594835,0.6747626706492156,0.14967259392142296,0.41564949858002365,0.8276016449090093,0.5491330327931792,0.43603809527121484,0.8967967468779534,0.010204334976151586,0.662569445092231,20.648744424947484
0.8466097167693079,0.6402883140835911,0.742743922630325,0.06538721267133951,0.6624665814451873,0.49503542319871485,0.9443117550108582,0.3125973448622972,0.7665842934511602,0.8268388737924397,17.044588780595568
0.690532345790416,0.877057391917333,0.6452222019433975,0.008489051600918174,0.7200315028894693,0.3871521020773798,0.283591300714761,0.7584922148380429,0.444612285355106,0.3320482245180756,14.534474477449251
0.403706360142678,0.7280929228290915,0.5550254641566426,0.858758560847491,0.5426506211515516,0.4850581993814558,0.4613281567580998,0.18942501419223845,0.2915652943775058,0.7677216581068933,19.885214293396636
0.041443827794864774,0.9501480697654188,0.2754406067542732,0.9166031088680029,0.72545435000211,0.2703726892359555,0.255997066386044,0.631666149944067,0.4629576476290822,0.7189963113050908,13.35513215538085
0.8926668514031917,0.5992938834242523,0.7480612313374877,0.6406969644594938,0.873970701592043,0.977109010098502,0.751385988201946,0.36029326426796615,0.7029880678746849,0.4254524598363787,21.13510849852949
0.9318920539226383,0.9589640917256474,0.48298737150616944,0.7572022385429591,0.14254970266483724,0.5663141389377415,0.16583892772905529,0.25373324332758784,0.8188147977925837,0.7685031061992049,12.070826622751865
0.7335509366821498,0.9270285242237151,0.895385745447129,0.35999743337742984,0.5245927621144801,0.4616158676799387,0.6770797686185688,0.8934802932199091,0.6052380164619535,0.7006643970962614,18.342094213062374
0.9381809043698013,0.7388201178982854,0.1180643429979682,0.4467051171232015,0.5974767287261784,0.21702712588012218,0.22113015572540462,0.33360127452760935,0.0028390525840222836,0.21748764486983418,19.34949012807283
0.7273085813503712,0.9618368851952255,0.9215264888480306,0.393426276743412,0.12820971314795315,0.886361294426024,0.839403907302767,0.6328982778359205,0.3056057235226035,0.02938748081214726,16.357982442944373
0.38531151809729636,0.46976791648194194,0.3641861586365849,0.41928286175243556,0.18370452686212957,0.042478625662624836,0.0579794691875577,0.1569547492545098,0.7488136738538742,0.49851756426505744,10.756994763450756
0.9378582485951483,0.3985605607740581,0.9169192877598107,0.21949142590165138,0.8652165094390512,0.2532722076866776,0.271488941507414,0.9652348801027983,0.5668345890007913,0.6909361493308097,20.14224093061047
0.24253402929753065,0.3731462734285742,0.4376519664656371,0.46443976485170424,0.2487552461680025,0.9039596011862159,0.8611316396854818,0.3227255311794579,0.9360820536967367,0.8490009678062052,8.265539211571257
0.36560486210510135,0.3656300026923418,0.18776143924333155,0.5415249648503959,0.9173420646693558,0.8423863658681512,0.0889504081569612,0.08708948385901749,0.8952868811320513,0.03165953326970339,16.173622845786998
0.9341262811794877,0.13394034025259316,0.3982953371014446,0.4679992627352476,0.06124566472135484,0.01882811007089913,0.034925093408674,0.4088538109790534,0.2590653062798083,0.25775855244137347,10.269975726078277
0.7108695665374398,0.04392870492301881,0.9355767741799355,0.6272475419100374,0.6741659713443369,0.8546623212751001,0.30996926850639284,0.6655062716454268,0.3806596475187689,0.32917698309756815,14.157527573451402
0.5045550563372672,0.6687443561386317,0.5459868682082742,0.7352191943209618,0.4807701527606696,0.012023443588986993,0.810529290465638,0.5836647958494723,0.7756212467793375,0.7856590375304222,18.900935582640845
0.7124556512571871,0.8653185849543661,0.39736360567621887,0.19739254610612988,0.07831668481230736,0.3633646199014038,0.19691081251949072,0.5136662314180285,0.3913304868619889,0.9746249697636813,12.20849963192427
0.8708961056545377,0.9383738657925278,0.1575099602341652,0.5619125023949891,0.519407078390941,0.0584591724909842,0.9387149517424405,0.017576331738382578,0.19615101674571633,0.8916218751110137,15.954321960816301
0.20932428655214608,0.7710783693473786,0.42609747336246073,0.9419043974485248,0.2694176994264126,0.7475524984765798,0.6616577871609479,0.041627884143963456,0.05191214382648468,0.4926325639244169,16.40197127172169
0.7242666122037917,0.22693137219175696,0.8226199960336089,0.13704379461705685,0.8324656058102846,0.06242196192033589,0.5253631705418229,0.7513414958957583,0.5347334765829146,0.28862471762113273,13.920190696866491
0.9259674898348749,0.07815054035745561,0.01303200307302177,0.7214835141785443,0.1963036609813571,0.35162471211515367,0.18251811596564949,0.4295337488874793,0.5644139286596328,0.7446749871596694,13.892431149824343
0.028822847176343203,0.5034965991508216,0.3009439464658499,0.9483612941112369,0.5270288588944823,0.3066410180181265,0.9494487966876477,0.30991860083304346,0.40684389718808234,0.6233745377976447,12.847327966425073
0.795403913827613,0.2128367107361555,0.3978271041996777,0.3994749025441706,0.8046516585163772,0.371328376699239,0.397707476047799,0.05597387719899416,0.5685226346831769,0.9685640672687441,14.293376128612007
0.9054030270781368,0.5743288830853999,0.4347961461171508,0.2943070475012064,0.10412028268910944,0.14842928177677095,0.8233876838348806,0.7838815390132368,0.4209366491995752,0.8115078310947865,15.40410754546065
0.8546555913053453,0.5561179763171822,0.025152377551421523,0.45815514400601387,0.7008477950002998,0.20042000175453722,0.2724697969388217,0.2613658111076802,0.8346603107638657,0.9743637167848647,21.868659251046605
0.215680412016809,0.024819757090881467,0.037306244717910886,0.45407302561216056,0.6479697504546493,0.07270851032808423,0.1017756825312972,0.14873158349655569,0.6612602800596505,0.8496891497634351,12.065013551253537
0.9361232502851635,0.979397565824911,0.40745837008580565,0.7904104767367244,0.2590237190015614,0.815370911732316,0.9150181303266436,0.7687944297213107,0.30192745267413557,0.27249833988025784,10.152444986370105
0.29523614211939275,0.7774304689373821,0.1305144322104752,0.5078547021839768,0.702113090781495,0.14313450548797846,0.2884854406584054,0.484102618182078,0.9202161249704659,0.6873273944947869,17.176225379060103
0.368933932390064,0.08461968973279,0.6708664137404412,0.6498470520600677,0.9768037511967123,0.3502668410073966,0.3585144691169262,0.9666444312315434,0.7409009421244264,0.9505232458468527,13.81765320003264
0.35166785889305174,0.011950583895668387,0.1321848665829748,0.9521850945893675,0.911025924840942,0.6077456506900489,0.13983411085791886,0.9738645795732737,0.8667584990616888,0.4624053449369967,18.398675067160227
0.260382030159235,0.6070715624373406,0.955192883964628,0.9885904255788773,0.2503474736586213,0.5636438911315054,0.7081303170416504,0.45342662278562784,0.8884475890081376,0.9589802292175591,18.89324627733151
0.3689339649863541,0.7519785799086094,0.4788272473961115,0.005918994313105941,0.9131406631786376,0.2080408209003508,0.37647985108196735,0.6143864777404815,0.6257635685615242,0.2012933932710439,12.955499475433154
0.858443217119202,0.3107782728038728,0.3128237046767026,0.5550217530690134,0.3911745841614902,0.842815653886646,0.16460742219351232,0.1432934533804655,0.31058142613619566,0.4496806513052434,16.395170013631052
0.11010752175934613,0.6759960001800209,0.5713433192577213,0.8267603169661015,0.31005744705908,0.15452511562034488,0.5857754207681865,0.586511573754251,0.28565436927601695,0.5533065684139729,10.194618355781532
0.25720768608152866,0.7609434055630118,0.8711782642640173,0.4826500623021275,0.3297760528512299,0.7376871723681688,0.27467120555229485,0.524408804718405,0.9598144877236336,0.864557740278542,15.77894736967336
0.9806298483163118,0.4316481575369835,0.6515274015255272,0.8069213069975376,0.6585052243899554,0.22065076557919383,0.10805057315155864,0.06470490945503116,0.24359909445047379,0.07233998388983309,20.845871021316697
0.825141373090446,0.3371218373067677,0.287484060972929,0.581252237316221,0.18101741070859134,0.6599392364732921,0.9939040171448141,0.5075198856648058,0.8536754476372153,0.42676605680026114,14.654227653089295
0.3737503138836473,0.5630937602836639,0.7582902063149959,0.5750830045435578,0.22650262829847634,0.42654186952859163,0.421493565896526,0.7942533702589571,0.31334361573681235,0.4311780547723174,14.178593112633385
0.1642271988093853,0.5598077694885433,0.4960231555160135,0.48253931547515094,0.37405988946557045,0.5707580333109945,0.7190378063824028,0.06745783612132072,0.23510294151492417,0.2021344054955989,9.745185635679448
0.34101100731641054,0.380630636587739,0.4872927472461015,0.9289354379288852,0.14004862145520747,0.5543033450376242,0.7986859851516783,0.5250390891451389,0.590982130728662,0.8643261301331222,14.795175373924994
0.519785767653957,0.8023240529000759,0.7762034838087857,0.43582628620788455,0.6098651175852865,0.47489062952809036,0.09118912438862026,0.24086513882502913,0.3509379702154547,0.3361340032424778,16.93060045060303
0.3820727311540395,0.8662866794038564,0.2617179050575942,0.17782434611581266,0.8741757064126432,0.14649119577370584,0.09133748873136938,0.7146592745557427,0.25208666548132896,0.7496052333153784,17.383575525251594
0.8191829626448452,0.28997320495545864,0.5984186076093465,0.5738166784867644,0.21287287841551006,0.8268841998651624,0.4322541772853583,0.8567652832716703,0.545539180515334,0.5048122373409569,13.456788626282824
0.8721131291240454,0.0069540501572191715,0.0594422307331115,0.5467894200701267,0.45508324075490236,0.3112927502952516,0.10505242110230029,0.01554462919011712,0.6568813880439848,0.6389592136256397,11.709901863952986
0.005997566506266594,0.07750410633161664,0.9586813221685588,0.7278953196946532,0.04557328298687935,0.9553474979475141,0.09043482202105224,0.2773414165712893,0.43736267765052617,0.07703393744304776,12.544815265668648
0.3781721838749945,0.4139838775154203,0.09089867072179914,0.0015272221062332392,0.031104582594707608,0.4881140722427517,0.7951416673604399,0.13796179532073438,0.22794027673080564,0.17434159596450627,7.574567504277318
0.39381036488339305,0.9823527869302779,0.47674230858683586,0.8372086284216493,0.0332469092682004,0.9898690006230026,0.5116262908559293,0.6248177634552121,0.32722453819587827,0.8841282150242478,19.837510245063378
0.21114738751202822,0.1109117039013654,0.17063638963736594,0.19505870039574802,0.2945010734256357,0.5811176714487374,0.41768399183638394,0.20231811283156276,0.11538762040436268,0.31468180986121297,6.009987577476315
0.7229323168285191,0.278353184228763,0.36540589574724436,0.6489300578832626,0.8079738940577954,0.4452616951894015,0.831207083305344,0.6657659581396729,0.3483101022429764,0.7705350145697594,15.044282268642942
0.20700295572169125,0.8776106722652912,0.7575130290351808,0.8472426612861454,0.8612380360718817,0.15042153373360634,0.1156043536029756,0.3517707549035549,0.30487407464534044,0.7798023205250502,19.464349718659584
0.012443500803783536,0.9431512944865972,0.18366789747960865,0.9238650482147932,0.627153892070055,0.0029787321109324694,0.0033325408585369587,0.7883731620386243,0.30942094093188643,0.9383727423846722,13.372703480360242
0.7330119966063648,0.4162027449347079,0.3198189854156226,0.6133756956551224,0.8365440936759114,0.2938387410249561,0.6477863355539739,0.22734215040691197,0.8349162379745394,0.028322745114564896,19.116340397542196
0.052753492491319776,0.2075220716651529,0.28527594776824117,0.3829789045266807,0.2771097533404827,0.4622705662623048,0.7612775138113648,0.2409061340149492,0.8903545483481139,0.07326989970169961,6.752269298829338
0.008204213343560696,0.9061010058503598,0.7752256279345602,0.24322006152942777,0.8191045252606273,0.2272272207774222,0.3772343387827277,0.48902407893911004,0.25926199089735746,0.921936338301748,8.008859076692556
0.4151933884713799,0.6400284394621849,0.3082690513692796,0.07399478508159518,0.56515609822236,0.1723875307943672,0.30685375933535397,0.2678235413040966,0.5000799153931439,0.34620387363247573,11.395937633156406
0.8291415320709348,0.3316798768937588,0.42599003459326923,0.47215891792438924,0.784552150638774,0.7319681758526713,0.48467977344989777,0.32901108800433576,0.23293349123559892,0.44779439247213304,16.05052624807279
0.5606371369212866,0.9484251060057431,0.6526311952620745,0.8730919810477644,0.31674189027398825,0.42237265477888286,0.5533425270114094,0.7204493770841509,0.4442157852463424,0.03946972405537963,20.85573697524673
0.14891855465248227,0.5283564629498869,0.8390323442872614,0.26060120132751763,0.2596032351721078,0.6359929132740945,0.7268309569917619,0.2861717955674976,0.44639590894803405,0.5200226583983749,8.630357086841016
0.24796683271415532,0.39978981856256723,0.7072835292201489,0.019596187863498926,0.0678690685890615,0.2543723485432565,0.24931452865712345,0.3141404977068305,0.2951360584702343,0.17015773663297296,6.6294473048374
0.276786953676492,0.9101564220618457,0.08846936631016433,0.7484073003288358,0.8132574472110718,0.9654568925034255,0.15479826857335865,0.232148950221017,0.31909109465777874,0.8633482023142278,21.917781419555116
0.22716831928119063,0.9461796055547893,0.9953909653704613,0.09308683639392257,0.8730121843982488,0.4568543457426131,0.7261435491964221,0.45773899275809526,0.7642319442238659,0.029710976872593164,16.409465876534505
0.13219444639980793,0.9528633505105972,0.3561824441421777,0.2234030026011169,0.22745952871628106,0.26313354377634823,0.4570115820970386,0.8703668711241335,0.7651131723541766,0.8543524430133402,7.226807784029028
0.5472213791217655,0.8734247048851103,0.4744536988437176,0.07381259556859732,0.6153015810996294,0.7009862568229437,0.4527840025257319,0.6009948223363608,0.4269952978938818,0.6099564877804369,13.745165635741575
0.5621840560343117,0.3910292985383421,0.9762171823531389,0.9473176863975823,0.1400409962516278,0.24389938591048121,0.28940936108119786,0.02418755553662777,0.8759695594199002,0.38631385774351656,22.062701315349923
0.2749460148625076,0.3226222263183445,0.8122129135299474,0.29640098894014955,0.1782931382767856,0.6870280823204666,0.20765760634094477,0.6999984565190971,0.8111917090136558,0.9492625840939581,7.59009738777218
0.48436965979635715,0.7960152656305581,0.05070247012190521,0.8972535231150687,0.33780289231799543,0.7731187492609024,0.7680272662546486,0.2692881159018725,0.14198823901824653,0.7280190270394087,24.919083546936495
0.43911952106282115,0.4946626559831202,0.21511745592579246,0.43299595499411225,0.06868756748735905,0.05305480468086898,0.7935355508234352,0.8160608739126474,0.17144397972151637,0.697509091347456,12.883546837744056
0.38013273547403514,0.871318134944886,0.07551233423873782,0.9057118506170809,0.39497954468242824,0.49136222596280277,0.04980259318836033,0.13334437739104033,0.6385042914189398,0.9531445463653654,23.04782939969429
0.6585550657473505,0.7769338814541698,0.11575819319114089,0.6262444262392819,0.3380812203977257,0.28154262411408126,0.6595414844341576,0.5274093956686556,0.2930401873309165,0.03733056131750345,21.99529012740023
0.6038307612761855,0.9106680015102029,0.8580565140582621,0.6290448280051351,0.28166988654993474,0.6507640101481229,0.030302100582048297,0.2659004805609584,0.9101579515263438,0.34805698809213936,21.299439263878646
0.4111490047071129,0.8439969432074577,0.4679544928949326,0.6918826075270772,0.06887194630689919,0.18275269120931625,0.9955186338629574,0.7614997138734907,0.6581921055912971,0.8013505649287254,15.409372339607105
0.08115403191186488,0.4040161275770515,0.4006001378875226,0.8413422706071287,0.834381113294512,0.49799908604472876,0.6153210706543177,0.681060200324282,0.7255212054587901,0.1599441352300346,13.939515890237788
0.6241023868788034,0.9599352534860373,0.4112416007556021,0.44593616481870413,0.8150331934448332,0.5352131391409785,0.2058647470548749,0.20824802806600928,0.6334992407355458,0.707797790877521,19.33819045879254
0.980096306419,0.08184557710774243,0.7013051023241132,0.13849878450855613,0.9106968014966697,0.8950628037564456,0.7661274212878197,0.29769103159196675,0.8113165725953877,0.08231426076963544,9.660076261015316
0.8979801540262997,0.22125973203219473,0.7318809744901955,0.6784039190970361,0.6287489829119295,0.08081773412413895,0.8669846442062408,0.8696642718277872,0.7042345793452114,0.5394343701191247,16.571744065468703
0.5161712998524308,0.6570869039278477,0.973113261628896,0.3968676943331957,0.4923673376906663,0.26002453244291246,0.6472808222752064,0.028968062484636903,0.003422435140237212,0.6016050018370152,21.32140255687277
0.8353080984670669,0.6753853266127408,0.6917478474788368,0.7151176410261542,0.8762107887305319,0.7890297218691558,0.34838530351407826,0.9413997281808406,0.7869284483604133,0.8668334539979696,21.062603828077453
0.8891930915415287,0.09027628786861897,0.04331188625656068,0.767749804072082,0.2701362657826394,0.45045438688248396,0.704728580545634,0.13518419722095132,0.021038541803136468,0.05026469798758626,15.204668959305602
0.028757752384990454,0.32040086248889565,0.8433933220803738,0.9098606668412685,0.5103913205675781,0.05610047816298902,0.4093855768442154,0.7608019942417741,0.26105754589661956,0.1756512380670756,13.052024250854027
0.37272953358478844,0.6469251704402268,0.4376670790370554,0.6360329750459641,0.7579782023094594,0.27093027625232935,0.7172370620537549,0.12899884721264243,0.6911336495541036,0.9115005922503769,17.3007214544161
0.29569105175323784,0.7068878745194525,0.6521647570189089,0.9618275419343263,0.30848759529180825,0.08386293961666524,0.3971290602348745,0.8302358947694302,0.6742266323417425,0.47162070218473673,18.235157929801133
0.8941743103787303,0.18111217278055847,0.09462486300617456,0.027661916567012668,0.10450823488645256,0.2912730753887445,0.6463793758302927,0.8751882188953459,0.11199794639833272,0.8894426939077675,9.019763677384427
0.5565728889778256,0.4936635175254196,0.8396545620635152,0.3063117219135165,0.171689456095919,0.9803338232450187,0.20759359071962535,0.9377654772251844,0.7428089065942913,0.8508290182799101,12.44831324194998
0.9749215799383819,0.3172895456664264,0.8086914434097707,0.5744989281520247,0.06582849286496639,0.8299561403691769,0.3978623100556433,0.8372461656108499,0.8529566221404821,0.23243459989316761,17.951074269373034
0.4093810054473579,0.2865717220120132,0.47441872931085527,0.42111177649348974,0.6984614115208387,0.5484711658209562,0.47115268371999264,0.972865795949474,0.40384592837654054,0.4642741489224136,10.916049593881521
0.8082531369291246,0.6177688278257847,0.9034380409866571,0.25475491653196514,0.6145073946099728,0.615705655887723,0.7607558970339596,0.3560587065294385,0.8921048170886934,0.7733039439190179,19.95239569756556
0.49916512169875205,0.21830575703643262,0.2489512893371284,0.8022748422808945,0.18465392384678125,0.6671770464163274,0.3287223023362458,0.2771931786555797,0.5013639645185322,0.8181207089219242,14.10023097823491
0.5860562638845295,0.6664443735498935,0.3918528542853892,0.899437518324703,0.4398137840908021,0.002140167634934187,0.34309375658631325,0.48663371172733605,0.29451309074647725,0.5924468259327114,20.97339752005237
0.8245211101602763,0.43749013217166066,0.031762353144586086,0.5244139030110091,0.29592859256081283,0.18516811728477478,0.9887993384618312,0.8844937086105347,0.43706089654006064,0.4763232967816293,19.264902472438955
0.13707462302409112,0.3055465118959546,0.43631516955792904,0.08187417360022664,0.9233295989688486,0.9232911735307425,0.0474767591804266,0.1801794662605971,0.0799042615108192,0.6469601967837662,7.850693001952197
0.6074048266746104,0.2602046935353428,0.42885183659382164,0.29740101122297347,0.948285608086735,0.5061483976896852,0.9704662796575576,0.8413770289625973,0.5237680033314973,0.5273003908805549,13.326774273444405
0.6815746033098549,0.715397945838049,0.7264221673831344,0.45285975094884634,0.5889536896720529,0.9530548159964383,0.7187149582896382,0.8663074390497059,0.9664218919351697,0.07509859465062618,17.513635545851542
0.38983112131245434,0.7436840541195124,0.6417264742776752,0.3658205845858902,0.4356266837567091,0.2422427001874894,0.8974361782893538,0.40533153363503516,0.009119216119870543,0.18177985749207437,14.717496291494097
0.7684499945025891,0.21221586083993316,0.874128298368305,0.4096355938818306,0.8635910130105913,0.6185868631582707,0.24191170930862427,0.7048719199374318,0.6157524678856134,0.20093514886684716,17.054530198633895
0.2101304812822491,0.8013016998302191,0.6982557773590088,0.22396841063164175,0.5921922121196985,0.52571747940965,0.9187130923382938,0.8110113947186619,0.6461702433880419,0.529247376602143,11.989793949583177
0.43570299819111824,0.8867877677548677,0.723342799115926,0.8703681810293347,0.9871103479526937,0.6209461712278426,0.7041871105320752,0.6203626045025885,0.8790779900737107,0.8309621491935104,23.669606115048854
0.6330590019933879,0.6891371407546103,0.9501701984554529,0.5108765743207186,0.3031868680845946,0.8667730349116027,0.8494859493803233,0.7935415455140173,0.6301725541707128,0.6614439005497843,19.409538864775215
0.9435005602426827,0.42388846748508513,0.2738765582907945,0.755545605905354,0.934565020725131,0.33081265818327665,0.12382125877775252,0.9903431651182473,0.8291489991825074,0.5246474130544811,22.961426106570027
0.1576912433374673,0.6725445503834635,0.5030527997296304,0.19001943455077708,0.03150645410642028,0.5986719329375774,0.38783647608943284,0.08926840336062014,0.5812091510742903,0.3860900807194412,6.185897694516824
0.5117447369266301,0.2958848592825234,0.08418520051054657,0.80657151597552,0.11389137199148536,0.5803401863668114,0.5100416282657534,0.3970073133241385,0.601700060069561,0.5412615821696818,15.957769759778428
0.25347395380958915,0.27138145500794053,0.575496572535485,0.01793963019736111,0.3390992218628526,0.9616655893623829,0.6359097540844232,0.9568777109961957,0.7725257917772979,0.9162867246195674,3.068276210312373
0.19809085689485073,0.5966579834930599,0.7478651076089591,0.08579377573914826,0.9335342533886433,0.2980578513815999,0.10636070370674133,0.5544141563586891,0.16034398134797812,0.4928889444563538,10.142079447554607
0.2558986817020923,0.5802980128210038,0.9932316143531352,0.2738530987408012,0.3491607643663883,0.9992390389088541,0.44044596748426557,0.25576032465323806,0.37052398873493075,0.3321710820309818,12.582690282840591
0.889610436046496,0.018745810259133577,0.6643787489738315,0.7909892103634775,0.21954813646152616,0.23087348812259734,0.9694891443941742,0.28092745691537857,0.7351735029369593,0.7912862834054977,8.335311090918998
0.5173473397735506,0.42833952605724335,0.6449697737116367,0.7496262532658875,0.8847336436156183,0.9634456159546971,0.940698972903192,0.4979670555330813,0.9855332223232836,0.6648320467211306,17.663919809504723
0.8410341099370271,0.428374228766188,0.8465529766399413,0.44409923907369375,0.9777987415436655,0.15715466858819127,0.7227116269059479,0.8580237445421517,0.012124932836741209,0.2899113523308188,20.263730689422967
0.7751980605535209,0.3243084526620805,0.2728768871165812,0.45572980190627277,0.45249626389704645,0.5072365757077932,0.48161675385199487,0.5122951988596469,0.3744225350674242,0.8354958600830287,15.240630294819368
0.7504736371338367,0.9812633832916617,0.5847260020673275,0.14112482499331236,0.7785866316407919,0.4999237540178001,0.8552204039879143,0.6027624397538602,0.8861095011234283,0.7353682005777955,12.913651473048287
0.2701570806093514,0.3856446591671556,0.9773362490814179,0.4479334910865873,0.7021715261507779,0.6151232516858727,0.04144458775408566,0.08942335797473788,0.17770417733117938,0.6061171239707619,13.907925056862247
0.6441025191452354,0.870818899013102,0.009238445432856679,0.6256956018041819,0.7783255332615227,0.9229136777576059,0.9970626991707832,0.5949390011373907,0.07633395213633776,0.6593042069580406,25.360848281630314
0.6367168314754963,0.5935723902657628,0.23402625531889498,0.7499193472322077,0.9815943194553256,0.5809779246337712,0.8401723811402917,0.5863715689629316,0.19505565403960645,0.4637635964900255,23.19177944167614
0.04980730963870883,0.5336088486947119,0.4868209888227284,0.7645591348409653,0.8033240069635212,0.9166594168636948,0.5253591630607843,0.7161446865648031,0.3300724064465612,0.8450668666046113,11.948605450552128
0.03204726194962859,0.7301329933106899,0.3461346400436014,0.39265041216276586,0.5176109531894326,0.3527537230402231,0.6001606269273907,0.6745102617423981,0.4182025888003409,0.2596800464671105,7.714586593914702
0.10000630305148661,0.8534686497878283,0.9092207266949117,0.7470449944958091,0.040489193983376026,0.5938920746557415,0.7213805203791708,0.39795737783424556,0.6384869143366814,0.289153840392828,13.136724653141592
0.7292367103509605,0.7629728212486953,0.6276975271757692,0.6335065646562725,0.27661273116245866,0.8006905999500304,0.7825436568818986,0.1747726567555219,0.445136621594429,0.10704415710642934,18.104076740480032
0.43176676821894944,0.44364896160550416,0.10570576298050582,0.6729147906880826,0.8404349333140999,0.3821668333839625,0.9224484371952713,0.03640457917936146,0.7475630873814225,0.515079855453223,19.295820179950525
0.7076243432238698,0.4483297779224813,0.21480519440956414,0.626424693968147,0.5510808655526489,0.5940279185306281,0.7959390915930271,0.4170895265415311,0.732229390880093,0.8743023138958961,19.005042613240278
0.8192978503648192,0.9361946270801127,0.6178402570076287,0.4954601286444813,0.9420980743598193,0.6157365427352488,0.6040956832002848,0.4708025651052594,0.2905438835732639,0.22712435526773334,17.083349637493793
0.09224038361571729,0.2515027248300612,0.46936552063561976,0.2044188231229782,0.9909500719513744,0.38028344162739813,0.35304809524677694,0.24813973298296332,0.16109752119518816,0.33059180178679526,8.296616644677611
0.5620076297782362,0.5514462320134044,0.4149637445807457,0.18296519853174686,0.6009243114385754,0.8962825404014438,0.40968124521896243,0.7084189541637897,0.26418989384546876,0.18046729709021747,13.49031642847999
0.7041161973029375,0.9522720302920789,0.39633681043051183,0.40839889575727284,0.6037642636802047,0.6124904826283455,0.11584618734195828,0.20550509472377598,0.7499877461232245,0.05680754128843546,16.205729647216156
0.6941892097238451,0.6831481377594173,0.28035389608703554,0.3310493305325508,0.7385164289735258,0.4653967381455004,0.6613259385339916,0.029079840052872896,0.8939523100852966,0.9350251546129584,19.063513932695773
0.36493101296946406,0.6833731399383396,0.4022333109751344,0.8333076976705343,0.7422367089893669,0.1185529085341841,0.945314880926162,0.9014535841997713,0.2910963646136224,0.6786253827158362,21.55548765518532
0.7898826759774238,0.5154286338947713,0.3592171894852072,0.976644101087004,0.9620008862111717,0.8883929615840316,0.4580848815385252,0.28419270645827055,0.34388898662291467,0.18897178070619702,22.23860908349964
0.6116869344841689,0.5503035408910364,0.5838875360786915,0.44729084242135286,0.09103287127800286,0.931882893666625,0.3526186356320977,0.5847092422191054,0.18551932531408966,0.3139606893528253,14.095404858711664
0.5999354177620262,0.6061552183236927,0.7260854735504836,0.42890155548229814,0.3532485654577613,0.1445345578249544,0.8573203843552619,0.10248375544324517,0.14981629396788776,0.20381415565498173,18.00742043236703
0.8014041185379028,0.38161140074953437,0.7242588098160923,0.39686903334222734,0.38605069648474455,0.07561420905403793,0.21753260446712375,0.3913200299721211,0.09595774416811764,0.8164184293709695,15.541042830427532
0.003164048306643963,0.43263504025526345,0.6371154179796576,0.06302827200852334,0.6007960608694702,0.004932739771902561,0.9154775445349514,0.981707856990397,0.7659762513358146,0.46424067253246903,4.746158898681941
0.7209248126018792,0.3137994734570384,0.5513787257950753,0.6320150764659047,0.5492684196215123,0.8049889497924596,0.20238285162486136,0.2190767207648605,0.29513040953315794,0.977649622829631,14.273297440385734
0.42310137837193906,0.8228213826660067,0.47152623045258224,0.736782124498859,0.5245351693592966,0.5091489322949201,0.5419159887824208,0.39493702235631645,0.10146300261840224,0.25108462502248585,19.364922845479867
0.9056698391214013,0.9406404651235789,0.022340745432302356,0.52184057678096,0.681892401073128,0.5504124772269279,0.9427067181095481,0.9464808048214763,0.24503690050914884,0.8310141661204398,18.686545259265152
0.32583900867030025,0.31726811034604907,0.5256797866895795,0.6512208096683025,0.9855680309701711,0.4275126501452178,0.26501303794793785,0.33932402613572776,0.6796658579260111,0.5557425904553384,13.301956517617002
0.7529044079128653,0.6599991170223802,0.2507986358832568,0.43029287084937096,0.6883678033482283,0.5284685513470322,0.19108165754005313,0.7487624143250287,0.8896455732174218,0.08313271217048168,17.429055375611046
0.6042143937665969,0.9869170603342354,0.7866582274436951,0.8535697956103832,0.7372341933660209,0.8061777404509485,0.579144753748551,0.2836047615855932,0.7706908946856856,0.6287528625689447,24.915284732077605
0.3011791897006333,0.2092851884663105,0.12494340492412448,0.9255350725725293,0.4837963171303272,0.1453795952256769,0.7154210736043751,0.9252825824078172,0.8132376414723694,0.45211417274549603,16.320453293593694
0.3588141812942922,0.6888399126473814,0.4529013722203672,0.17431676480919123,0.3617390776053071,0.9685559084173292,0.16767159081064165,0.4071647881064564,0.21320828888565302,0.06296573881991208,12.360684343141116
0.7656483110040426,0.3817613653372973,0.9967335497494787,0.8071223651058972,0.5504916892386973,0.2630884670652449,0.025152406422421336,0.9480486006941646,0.7855815354268998,0.06228135642595589,24.44954527101814
0.7683468020986766,0.6019965088926256,0.38124477700330317,0.13880318286828697,0.9731570826843381,0.3423526401165873,0.1982491770759225,0.9774140105582774,0.7693291716277599,0.8413691562600434,16.333076165272022
0.35034491517581046,0.9415624395478517,0.8496852819807827,0.9203139999881387,0.20593929779715836,0.11610429617576301,0.09477091138251126,0.990071670152247,0.2666172885801643,0.8556809674482793,21.6860368125055
0.009451408172026277,0.772741396445781,0.39094640919938684,0.4828918499406427,0.37176602333784103,0.4052850806619972,0.8217821216676384,0.9444814925082028,0.66334692039527,0.9508536772336811,7.71750370703426
0.6863591810688376,0.3688282179646194,0.9794159475713968,0.8661290141753852,0.7551815866027027,0.8842604712117463,0.2746509958524257,0.18300273246131837,0.4486078836489469,0.0960458554327488,23.45845862681942
0.298960420768708,0.7532055303454399,0.7740934856701642,0.9998162819538265,0.12033205153420568,0.327318950323388,0.49164127348922193,0.9051294759847224,0.4803858841769397,0.9451486223842949,19.027390406651683
0.6189551453571767,0.025002109119668603,0.6649376549758017,0.5245171822607517,0.16514114779420197,0.9256704840809107,0.960755176609382,0.5020171995274723,0.58503981330432,0.9347059084102511,7.70008459189762
0.8758933329954743,0.21411209949292243,0.5378995607607067,0.2610734235495329,0.9977752065751702,0.43008027458563447,0.2838010648265481,0.7500408566556871,0.11381776514463127,0.04490571795031428,14.840867772837257
0.7837085679639131,0.36405087588354945,0.9772334289737046,0.41483336105011404,0.7300998989958316,0.4105518034193665,0.9776867346372455,0.8073736799415201,0.6761570801027119,0.2425263246987015,19.943860517763675
0.7096589375287294,0.5241711733397096,0.8107038747984916,0.1008308322634548,0.4538533943705261,0.9737918463069946,0.1842380550224334,0.20353863621130586,0.5124575877562165,0.48646775097586215,13.485420960001864
0.6926761385984719,0.982831658096984,0.06494420347735286,0.05281021096743643,0.9181527942419052,0.39185312227346003,0.9281734242103994,0.263556522782892,0.4609946026466787,0.29867745749652386,18.74827134275522
0.5873437989503145,0.33044690382666886,0.39612437202595174,0.46748948586173356,0.2200347378384322,0.9267378691583872,0.7636584432329983,0.40064583346247673,0.3299051069188863,0.33481307444162667,12.857205649333462
0.5922506668139249,0.2431319523602724,0.3251339530106634,0.706142561044544,0.9689164152368903,0.08190043130889535,0.41375233069993556,0.33186076302081347,0.0384841354098171,0.8987888635601848,16.76869695631578
0.7090461812913418,0.40261149872094393,0.8370886871125549,0.14071830548346043,0.8252991614863276,0.2781298791524023,0.3237923497799784,0.7100374477449805,0.5201136984396726,0.13465634966269135,14.301196721807695
0.25485958345234394,0.5666886202525347,0.2661408444400877,0.31720136874355376,0.1379239298403263,0.16278844489715993,0.6055711468216032,0.21089447825215757,0.836816158844158,0.08398576290346682,9.35247194975109
0.11010764655657113,0.03522591735236347,0.8011885182932019,0.2163803786970675,0.20155008183792233,0.6229282112326473,0.1940534091554582,0.3844267020467669,0.2548437693621963,0.16036800295114517,5.042252119274256
0.11126648308709264,0.34723614528775215,0.6001451073680073,0.2372632478363812,0.5327454635407776,0.8009047764353454,0.13582147797569633,0.674451861763373,0.7130496772006154,0.28429205203428864,4.953010282664064
0.7890682611614466,0.2818718778435141,0.9243070206139237,0.10794405196793377,0.30869338964112103,0.9433929626829922,0.6314660429488868,0.28628482343629,0.5820271261036396,0.16385947540402412,11.364690178524667
0.30165489693172276,0.3548176405020058,0.46560323890298605,0.5171299597714096,0.3935440653003752,0.8353456852491945,0.8533510747365654,0.9301238125190139,0.2729397478979081,0.5676982086151838,10.960712304514837
0.04473619954660535,0.293249249458313,0.23902879166416824,0.9951133776921779,0.4467163756489754,0.8004084911663085,0.2955383020453155,0.7243932634592056,0.8844350229483098,0.7354494426399469,14.756814976519236
0.6765553301665932,0.04333709669299424,0.9012764343060553,0.06068153027445078,0.9939638634677976,0.32020108168944716,0.11552298744209111,0.030465957475826144,0.6216602146159858,0.9891587195452303,11.1818443227268
0.9492131168954074,0.4185700456146151,0.34374743420630693,0.6991273034363985,0.41806222894228995,0.4840432032942772,0.6433597768191248,0.1571789439767599,0.9974982566200197,0.8557333038188517,18.33436623667319
0.2674308812711388,0.41948896856047213,0.6276720529422164,0.9853087980300188,0.5288278399966657,0.3182555055245757,0.6136661230120808,0.556079217698425,0.057935470482334495,0.30850587924942374,17.643753557300148
0.3831335350405425,0.14321412448771298,0.7658326167147607,0.39334543980658054,0.21969801979139447,0.6190255910623819,0.03149281581863761,0.6935947882011533,0.8104675419162959,0.08643801417201757,7.038877781684834
0.11754259001463652,0.9126466286834329,0.6539213908836246,0.2521709119901061,0.02880583330988884,0.6376561564393342,0.6861630126368254,0.5887889652512968,0.06472385162487626,0.16310832160525024,6.635429603496338
0.7665370276663452,0.4148830908816308,0.8249656560365111,0.8450201863888651,0.2728542375843972,0.14071951853111386,0.32121660956181586,0.2695465264841914,0.02115311287343502,0.009884757921099663,19.44941774001842
0.9396948625799268,0.10800713417120278,0.7678314840886742,0.9359064805321395,0.2450417533982545,0.9428006650414318,0.1431952309794724,0.6691040073055774,0.47598766535520554,0.9243815164081752,13.892920914480182
0.6197756882756948,0.32603374356403947,0.8161350372247398,0.28352346341125667,0.1673371559008956,0.1160982835572213,0.7916328296996653,0.007444674847647548,0.8970073845703155,0.5050431441050023,10.90717175308402
0.001797511475160718,0.4432222486939281,0.6733379121869802,0.08556423801928759,0.6802317553665489,0.6755778584629297,0.017820534529164433,0.7982430697884411,0.13676654105074704,0.04650897369720042,5.690123553595666
0.884322568308562,0.7016439833678305,0.11618943535722792,0.39929426927119493,0.02893996424973011,0.37077607633545995,0.6487245748285204,0.7177342043723911,0.07580515742301941,0.4517786167562008,17.013912873836485
0.6707532615400851,0.8143978316802531,0.0648072618059814,0.5569577417336404,0.9403967442922294,0.3097732253372669,0.3277020938694477,0.6233732339460403,0.965184428030625,0.4072788995690644,25.010380245216886
0.45526684634387493,0.7117505993228406,0.6194867605809122,0.7300287561956793,0.20537146949209273,0.3319114842452109,0.7213795643765479,0.5772584304213524,0.5319636045023799,0.6493633545469493,17.041268252452422
0.12607445195317268,0.8865229606162757,0.5089260595850646,0.3637127340771258,0.16686858888715506,0.6068167518824339,0.5522718066349626,0.24577193520963192,0.5303198255132884,0.24532483448274434,6.94724944783656
0.8664378626272082,0.5992147370707244,0.9401602803263813,0.05132294772192836,0.03979288274422288,0.8034377910662442,0.8894610675051808,0.7274756853003055,0.31645611696876585,0.3868244830518961,12.748352556426369
0.7492839302867651,0.23381964932195842,0.12202386884018779,0.9277724067214876,0.11598462983965874,0.07610879582352936,0.33257224364206195,0.7459491293411702,0.716746374964714,0.8118674135766923,18.59421081583509
0.13982496410608292,0.655243330867961,0.6934073455631733,0.4991834103129804,0.01306649437174201,0.9613440304528922,0.5540481538046151,0.5155333059374243,0.6022363267838955,0.34424182306975126,9.622170574766864
0.34014934743754566,0.7377282723318785,0.6609337439294904,0.8169033282902092,0.937997073866427,0.35160636459477246,0.8967287777923048,0.16868050838820636,0.1014060415327549,0.8560866990592331,20.106750487694566
0.9088943747337908,0.5180739378556609,0.2215403018053621,0.5116772609762847,0.3143281969241798,0.09937980934046209,0.8781745394226164,0.8785257954150438,0.11622142395935953,0.5504918869119138,18.248584877561008
0.3620553130749613,0.9780926476232708,0.20156159275211394,0.5390383794438094,0.7218083799816668,0.6428710396867245,0.9440264031291008,0.885610633296892,0.5558087155222893,0.08195558469742537,18.881558176546434
0.3922356991097331,0.4307160088792443,0.9323230762965977,0.6486365529708564,0.5485373698174953,0.8805033336393535,0.2649755401071161,0.8951206735800952,0.24948115181177855,0.8422403980512172,18.018138646200658
0.19553576409816742,0.4829907382372767,0.13266991288401186,0.05697584990411997,0.6140260419342667,0.9976750633213669,0.3223634597379714,0.5074056219309568,0.13220356567762792,0.8823837907984853,9.412812600977245
0.4447834922466427,0.8705797474831343,0.2215348961763084,0.5887700866442174,0.9069949423428625,0.8778354374226183,0.5805428728926927,0.7420787392184138,0.49311574338935316,0.7093140543438494,22.172421237924137
0.556607793783769,0.2460918554570526,0.009609164670109749,0.2764373377431184,0.2683700225315988,0.8361763835418969,0.3525522076524794,0.4347152407281101,0.5708280666731298,0.5119156534783542,12.641852522152838
0.1124337837100029,0.7724575030151755,0.31340457149781287,0.46372216125018895,0.8317331473808736,0.393403080990538,0.32959496695548296,0.044054548256099224,0.6367474624421448,0.48019709321670234,12.863548798991575
0.6724564880132675,0.46916427509859204,0.9126849202439189,0.6855143739376217,0.5596404992975295,0.49831573758274317,0.9746549988631159,0.8921980606392026,0.13452175981365144,0.09998432919383049,21.818791555051305
0.9705254174768925,0.248360630357638,0.45175625500269234,0.31466214428655803,0.6219991412945092,0.9027480541262776,0.08015708904713392,0.017079877434298396,0.8691146199125797,0.651234294520691,14.276871500152044
0.6422618324868381,0.3451140185352415,0.48953072424046695,0.10966925765387714,0.5422297981567681,0.05286343791522086,0.5501930378377438,0.758337966632098,0.8535167425870895,0.6805724080186337,8.834190758379059
0.517386490944773,0.15811973856762052,0.8195291992742568,0.7291866436135024,0.1617863003630191,0.26504275761544704,0.735904109897092,0.14229083177633584,0.5298984269611537,0.39676194987259805,13.167570100306735
0.8308901300188154,0.7690262445248663,0.2444146031048149,0.88399693579413,0.41473561665043235,0.8227259642444551,0.24324138998053968,0.6072808434255421,0.936405035899952,0.551569037605077,21.20902873837421
0.37905757408589125,0.29962432850152254,0.6958150393329561,0.11766451550647616,0.2782000796869397,0.5250453650951385,0.8692839390132576,0.6424765300471336,0.9983832745347172,0.6196053391322494,8.579065341890809
0.14247359638102353,0.07568307616747916,0.7566207647323608,0.13004133477807045,0.21393923088908195,0.9681907622143626,0.861829707864672,0.6200707880780101,0.9246225815732032,0.28435786650516093,3.267920132319129
0.30035355291329324,0.2903302274644375,0.2698816633783281,0.08732525096274912,0.5786368765402585,0.4848287084605545,0.7535270289517939,0.46892828634008765,0.9078379340935498,0.9274045238271356,6.151149480254084
0.0813937101047486,0.3749547190964222,0.046841484028846025,0.3997739111073315,0.16305703157559037,0.012200116412714124,0.07702566869556904,0.6556660106871277,0.15460232296027243,0.20130421314388514,8.708476035462766
0.9551179821137339,0.9989718827418983,0.5125003778375685,0.9999751723371446,0.354055450996384,0.5882266277913004,0.031230960274115205,0.49751294660381973,0.7590175012592226,0.9687650564592332,13.042490612272209
0.3968485256191343,0.1742935460060835,0.3997039529494941,0.4180711219087243,0.7079481047112495,0.02344677969813347,0.6746854840312153,0.7429310369770974,0.5876838879194111,0.5834027319215238,11.007890316710974
0.0052850989159196615,0.5916836133692414,0.10013834689743817,0.4887353996746242,0.15444910409860313,0.9445695872418582,0.18160695512779057,0.9372000247240067,0.3670877569820732,0.849467626074329,8.403486182248137
0.6653062531258911,0.582913865800947,0.40903686126694083,0.7788446824997663,0.22539787972345948,0.43468463816680014,0.9793733269907534,0.5081679050344974,0.48394921515136957,0.45224790880456567,21.30675809173328
0.43736765370704234,0.7408997169695795,0.4673145799897611,0.46424153773114085,0.10370282386429608,0.8131146014202386,0.017496203305199742,0.7819684073328972,0.18152448534965515,0.6744657035451382,13.023120274446546
0.9520079602953047,0.34464623406529427,0.3415194309782237,0.4084528908133507,0.7741509466432035,0.08391824131831527,0.6644137992989272,0.8811631556600332,0.03739029006101191,0.27115560648962855,18.15299315999738
0.7963341125287116,0.7969667098950595,0.7678257341030985,0.8866491783410311,0.07311740703880787,0.9195178234949708,0.6723738110158592,0.7651991499587893,0.9939432591199875,0.8657226290088147,20.541739523154554
0.30699396482668817,0.0742683713324368,0.26966676278971136,0.8585588962305337,0.5503622936084867,0.4984184429049492,0.3503842055797577,0.7495396570302546,0.6959267596248537,0.17925198236480355,14.508503128999633
0.8524248118046671,0.8016177471727133,0.12261920352466404,0.32022055285051465,0.08192218281328678,0.5212762549053878,0.6587627951521426,0.3444409500807524,0.08412493928335607,0.44954696763306856,15.31345109691998
0.3987281946465373,0.07503585400991142,0.9845474807079881,0.06271467101760209,0.9913349270354956,0.5469518420286477,0.5439085124526173,0.589383200276643,0.618766782572493,0.4701882579829544,12.163938540119823
0.9958583812694997,0.03605424496345222,0.40541075076907873,0.1247025914490223,0.5680290278978646,0.3290831719059497,0.01126996660605073,0.36433508270420134,0.7274125514086336,0.40279382513836026,5.0310707220563655
0.5649604240898043,0.8251128264237195,0.32369310804642737,0.9302936655003577,0.7868533758446574,0.7894910590257496,0.6842473787255585,0.8527203998528421,0.7602410099934787,0.9370815181173384,23.440516181536015
0.7681470655370504,0.41878299112431705,0.7060160068795085,0.5342148302588612,0.6633163592778146,0.41051514190621674,0.825623951619491,0.002656148048117757,0.6066411545034498,0.002964146202430129,18.231154219213966
0.9675713118631393,0.23733321810141206,0.2239336899947375,0.7177764836233109,0.3896440293174237,0.13193417410366237,0.9904891205951571,0.8581843301653862,0.05378985870629549,0.8858278109692037,17.699788448315076
0.9734645122662187,0.8901848047971725,0.3015527087263763,0.7506375329103321,0.8452689172700047,0.9042136839125305,0.20043250522576272,0.9674916719086468,0.3221877517644316,0.06521045067347586,17.888782532558476
0.08225204283371568,0.8105664364993572,0.1682935762219131,0.7245430259499699,0.3357174212578684,0.7488299019169062,0.4597659457940608,0.41616918868385255,0.12225201958790421,0.07798892306163907,13.24994852059819
0.2955518155358732,0.23173618246801198,0.8855898110195994,0.2119516918901354,0.44500061753205955,0.3528578414116055,0.7683066860772669,0.11879289872013032,0.671909078489989,0.5738305172417313,7.736650303300895
0.8445652546361089,0.9674943848513067,0.7144050563219935,0.5041183824650943,0.34487464209087193,0.3261690982617438,0.8789353044703603,0.9377455527428538,0.7495670753996819,0.0012449321802705526,13.559184141292787
0.6706159580498934,0.14049845258705318,0.5012634678278118,0.48134779278188944,0.5380837700795382,0.5379685570951551,0.9310499764978886,0.7704692718107253,0.9469395529013127,0.5919299367815256,11.476314937187748
0.8008317577186972,0.5535242075566202,0.6242788515519351,0.7557092921342701,0.6494328535627574,0.7825373304076493,0.16111908736638725,0.0719139208085835,0.4025857113301754,0.5537576307542622,21.182907308363593
0.5892463456839323,0.88523143180646,0.4361033209133893,0.8638789169490337,0.005303227109834552,0.8488767901435494,0.5698142955079675,0.84643017151393,0.19656816683709621,0.08893735613673925,16.89209597783325
0.7700097532942891,0.03466394986025989,0.8505278460215777,0.7072145151905715,0.1977869844995439,0.7009263371583074,0.9194841783028096,0.15064738225191832,0.20700595155358315,0.6351772926282138,11.67950510281403
0.22671655099838972,0.7590494805481285,0.3658908917568624,0.9961134954355657,0.08172566234134138,0.6731458732392639,0.7498051333241165,0.7584224035963416,0.5690587679855525,0.5860191306564957,15.55521358114467
0.7480186228640378,0.8860394093208015,0.02996446006000042,0.19223494385369122,0.5855422979220748,0.9298762131948024,0.30267686070874333,0.12969434540718794,0.1935682399198413,0.17813525116071105,16.033461493712547
0.8682359440717846,0.3409106405451894,0.45764484629034996,0.2993490840308368,0.263964235316962,0.9619346966501325,0.8163922654930502,0.8844094057567418,0.44189961650408804,0.664660174632445,10.899077261434075
0.4424595769960433,0.23755828267894685,0.3741872126702219,0.6926302704960108,0.9595805497374386,0.03808351093903184,0.6522428165189922,0.13270348915830255,0.9691800239961594,0.245683184126392,16.639171025322874
0.02001300174742937,0.042631894117221236,0.07659838208928704,0.6923065327573568,0.5177054670639336,0.3058778466656804,0.15456683048978448,0.6924187869299203,0.8572850949130952,0.26585337216965854,11.81038586979998
0.9381105466745794,0.3402132496703416,0.7549638971686363,0.7637202420737594,0.8106197721790522,0.5303334209602326,0.45249211555346847,0.6064021484926343,0.6460704081691802,0.7945235546212643,20.460703561734626
0.4997132890857756,0.9255062430165708,0.5983157707378268,0.6546969281043857,0.5892341153230518,0.2638519702013582,0.8001283730845898,0.05942185805179179,0.13846997101791203,0.0952328834682703,21.95755041996978
0.6145996735431254,0.87556441873312,0.8823595743160695,0.606576140737161,0.8031012548599392,0.7155510347802192,0.5646463443990797,0.11428447323851287,0.33122508181259036,0.5040218888316303,21.800175526865676
0.6604370132554322,0.13249931274913251,0.23354826541617513,0.3583275992423296,0.3868565745651722,0.7340975501574576,0.8669398352503777,0.8452765708789229,0.8785210980568081,0.4824650315567851,9.50059691818928
0.0442704560700804,0.7431170279160142,0.845449308399111,0.7066649179905653,0.5933258330915123,0.8232858974952251,0.49545833305455744,0.7771108453162014,0.6482379015069455,0.1507416490931064,12.740263450903921
0.6981365387327969,0.21110963774845004,0.368400736246258,0.8850871580652893,0.1534807737916708,0.3020437282975763,0.3885077331215143,0.533189797308296,0.42009568493813276,0.6590926172211766,12.840710283442093
0.30121141322888434,0.7119916214141995,0.2919984844047576,0.42890029679983854,0.28366400906816125,0.5760965291410685,0.39139951672405005,0.6493521553929895,0.20762739167548716,0.49497708305716515,13.195401397069306
0.632233137730509,0.7999359653331339,0.2384324511513114,0.8756011857185513,0.38841708889231086,0.5059444773942232,0.8793886580970138,0.9917325244750828,0.6546943278517574,0.05368615686893463,23.330387593551475
0.40002826787531376,0.6011244759429246,0.15755056031048298,0.5855077616870403,0.6382875046692789,0.18999233189970255,0.7496038258541375,0.8075307013932616,0.3985353549942374,0.00866983667947352,17.744809030906858
0.37652550311759114,0.7686890743207186,0.9782627634704113,0.783099124673754,0.07031077332794666,0.8513383835088462,0.5894824396818876,0.4249414869118482,0.5183410062454641,0.20071197324432433,21.13816766232534
0.08282755501568317,0.6857672214973718,0.34079524246044457,0.14934827550314367,0.08999095461331308,0.23111498914659023,0.11797832208685577,0.8160228594206274,0.2573093839455396,0.05932255904190242,5.13803896718448
0.7975578566547483,0.9980732423719019,0.8739347814116627,0.17961187288165092,0.47826947644352913,0.21483739046379924,0.24380750977434218,0.6357120915781707,0.24867422017268836,0.8866689067799598,12.632897744319786
0.825338774593547,0.7357962210662663,0.8837809634860605,0.2832419106271118,0.24064849177375436,0.8892631700728089,0.383915085112676,0.4266015733592212,0.7440991443581879,0.3339435358066112,15.548706015535465
0.0669869661796838,0.024008211214095354,0.7418456778395921,0.4061364682856947,0.3986474135890603,0.9293750924989581,0.33088167337700725,0.2596113122999668,0.981046755798161,0.11481319926679134,9.349919444057386
0.430026100249961,0.07187956268899143,0.012560094706714153,0.40594629175029695,0.7865814419928938,0.6943852920085192,0.9142741621471941,0.722662907326594,0.7036797595210373,0.9545894165057689,13.077719530839836
0.2264874866232276,0.43257466657087207,0.022554749390110373,0.33593796170316637,0.4578142461832613,0.7633460338693112,0.3254264867864549,0.1831920745316893,0.16618669335730374,0.5265368742402643,13.028271845636063
0.5940706627443433,0.6486432747915387,0.5604255145881325,0.7680175858549774,0.6022223816253245,0.9469639700837433,0.37334879022091627,0.5899173410143703,0.06421293085440993,0.27499009505845606,20.84614015101332
0.6983421538025141,0.6897340477444232,0.19185036467388272,0.6527800930198282,0.6793037899769843,0.9062264540698379,0.5999971840064973,0.5629322263412178,0.8600218924693763,0.17050942336209118,21.397345752478447
0.18431275757029653,0.7551938525866717,0.37703289021737874,0.3155276773031801,0.42200201912783086,0.5850008265115321,0.8105720502790064,0.9420842388644814,0.09660630952566862,0.1540797792840749,8.32317119938651
0.4641968961805105,0.3820233989972621,0.7497605436947197,0.8907538985367864,0.8077986880671233,0.6790882886853069,0.016458475263789296,0.3404255772475153,0.5392423965968192,0.14510039798915386,17.56021582405313
0.9739069815259427,0.9316906377207488,0.9907844024710357,0.48602577089332044,0.3929498470388353,0.48091061459854245,0.496305201202631,0.7893981642555445,0.30661528068594635,0.9263221228029579,14.253726649185108
0.7442086739465594,0.6190886022523046,0.40401257178746164,0.562121355207637,0.8078767657279968,0.3130427615251392,0.6314596668817103,0.821610008366406,0.05077985185198486,0.20315371197648346,21.42636845724531
0.5596515568904579,0.520206248620525,0.5651752781122923,0.3144017152953893,0.34816656936891377,0.500575128942728,0.13712296006269753,0.511207457864657,0.42143706209026277,0.2769017817918211,13.831199338057042
0.47077825968153775,0.5461730607785285,0.6513913772068918,0.9209706797264516,0.9908557410817593,0.022881593322381377,0.1401063627563417,0.7711874078959227,0.8409370128065348,0.8231869905721396,21.166797330347322
0.6545845991931856,0.675718585960567,0.7821223638020456,0.708043112186715,0.7689316300675273,0.35454948409460485,0.6966949657071382,0.3272674256004393,0.49608173524029553,0.1053682176861912,22.550054948124888
0.8044829089194536,0.17051684367470443,0.9877660882193595,0.052563515957444906,0.4840015145018697,0.6698504036758095,0.9245900176465511,0.018932731123641133,0.05423260945826769,0.44459957419894636,12.192877984513856
0.2267990717664361,0.8565529086627066,0.040381236700341105,0.18761260947212577,0.06852235458791256,0.29472874221391976,0.8655659526120871,0.690115146106109,0.2799905661959201,0.7601720469538122,12.663729695343996
0.8367540780454874,0.016269045881927013,0.7775997121352702,0.9292398185934871,0.856480612186715,0.41436943830922246,0.07170543819665909,0.18948814552277327,0.6601638905704021,0.8250875780358911,17.594815410317835
0.4543309675063938,0.6986867135856301,0.060944560216739774,0.7439022436738014,0.8102522743865848,0.7801091894507408,0.5448409183882177,0.816623552935198,0.7489923066459596,0.3556323538068682,22.69548133769892
0.48413319792598486,0.07448789989575744,0.9819187552202493,0.31695407209917903,0.17248791945166886,0.9999967149924487,0.9491896235849708,0.9494295506738126,0.6733902050182223,0.287696530809626,10.994997716938348
0.5141081784386188,0.273042730987072,0.5151891347486526,0.08691174699924886,0.5159581585321575,0.7600335571914911,0.12983292597346008,0.6171625826973468,0.7950762321706861,0.1976359619293362,7.752955336414305
0.47784329066053033,0.7984634956810623,0.5211383975110948,0.18377502961084247,0.2666762473527342,0.12202427163720131,0.5874232312198728,0.6504135865252465,0.1392225814051926,0.1934259736444801,11.881192268289423
0.1685254981275648,0.6942522325553,0.6542987425345927,0.6455522186588496,0.6314174151048064,0.25791936670430005,0.7221368080936372,0.036177352303639054,0.042823398718610406,0.29330675955861807,13.245438357722968
0.1623677450697869,0.4565657004714012,0.7992491272743791,0.9593660780228674,0.7388085820712149,0.8268537500407547,0.9787566259037703,0.013645632425323129,0.0794762212317437,0.06700655771419406,17.95032838803798
0.13805530150420964,0.2613517288118601,0.2510386980138719,0.9079085742123425,0.13809329154901206,0.2617424260824919,0.7202305339742452,0.30622054683044553,0.24962448189035058,0.11083781719207764,11.122416581001186
0.24874169379472733,0.4747830529231578,0.9046722268685699,0.7788985415827483,0.2359873706009239,0.21795920887961984,0.4250717756804079,0.9856519168242812,0.8332982077263296,0.32302245730534196,16.80384115520056
0.7469053184613585,0.6115846447646618,0.5463407400529832,0.3278755550272763,0.9588663098402321,0.3570070166606456,0.373333977535367,0.42864158656448126,0.6871398240327835,0.6431304810103029,16.79768140889644
0.5268890899606049,0.9614139336626977,0.4247296678368002,0.24020302249118686,0.2009786411654204,0.2426608824171126,0.8123055268079042,0.7796247184742242,0.8650140324607491,0.6323959131259471,13.285943640826469
0.8894726089201868,0.8164305079262704,0.6906202505342662,0.4278555742930621,0.033292806474491954,0.8032958367839456,0.06725749582983553,0.6652653862256557,0.8550761027727276,0.22497548582032323,14.4989173151984
0.7403514340985566,0.2539573577232659,0.014353522099554539,0.09552937000989914,0.9437958961352706,0.4644785043783486,0.07961374800652266,0.7673446922563016,0.5370028936304152,0.03683192445896566,17.51154819574122
0.8517504811752588,0.2038453279528767,0.7869215467944741,0.8537919917143881,0.7296660151332617,0.8201879728585482,0.9644175879657269,0.8430448798462749,0.7830053351353854,0.15396260446868837,20.22319262593327
0.26390088465996087,0.8276913703884929,0.62104078871198,0.6871360281948,0.16448479099199176,0.41494567203335464,0.2098381316754967,0.4379314072430134,0.3935403504874557,0.9204813637770712,15.916884092423105
0.011270108632743359,0.21849619736894965,0.9501866213977337,0.6306255566887558,0.8817436792887747,0.5188027701806277,0.8086150239687413,0.24030504492111504,0.7686169473454356,0.36302285082638264,15.808849778214462
0.4993046468589455,0.11704393033869565,0.6476361867971718,0.42366258590482175,0.5430637027602643,0.11041414528153837,0.48068322497420013,0.036457234527915716,0.7788324982393533,0.23097433359362185,7.985727458529995
0.41343547380529344,0.15390138304792345,0.6327119139023125,0.8205501905176789,0.1714009391143918,0.810836658347398,0.9324212493374944,0.7667190781794488,0.06113763712346554,0.877046613022685,10.587329661205306
0.5677407835610211,0.6947489532176405,0.38142667850479484,0.00044708000496029854,0.1888958583585918,0.49306250480003655,0.3648626629728824,0.11992474226281047,0.09404020081274211,0.5615220773033798,10.916284910800359
0.5137775202747434,0.4883080299478024,0.5705378141719848,0.8943269178271294,0.375925529981032,0.5593349034897983,0.7066475534811616,0.890536290127784,0.9408278318587691,0.3434686344116926,18.90235100707908
0.17667030892334878,0.8927049646154046,0.9843960371799767,0.6342366118915379,0.5831854711286724,0.04953630384989083,0.5196826294995844,0.7427424802444875,0.7129440431017429,0.467812416376546,18.43646898842241
0.5172164039686322,0.3393653982784599,0.742090388899669,0.8565799365751445,0.6053848171140999,0.3364481218159199,0.9266111752949655,0.3552207690663636,0.38705263449810445,0.3933758141938597,18.82373583124641
0.36894609848968685,0.4263905338011682,0.8776214092504233,0.9900702456943691,0.19706541718915105,0.39322110638022423,0.33981643593870103,0.6293048171792179,0.00852870917879045,0.6376741407439113,18.245911959613625
0.28430665098130703,0.8962503005750477,0.5256884093396366,0.36463053640909493,0.3530029761604965,0.6927906221244484,0.5519558640662581,0.9556148359552026,0.3708094877656549,0.06721499585546553,12.588996794154317
0.35003156773746014,0.5477034370414913,0.2780755835119635,0.43051898828707635,0.2586889781523496,0.03235820401459932,0.8294890909455717,0.5833437505643815,0.6459286557510495,0.8257736705709249,11.738882258827699
0.672893613576889,0.5829622771125287,0.35888151335529983,0.11094861757010221,0.6803578136023134,0.30184130440466106,0.5326130967587233,0.4012515624053776,0.8492818484082818,0.6879268870688975,14.450912285522238
0.5955493689980358,0.8091876294929534,0.05975750554352999,0.5104717365466058,0.5429048584774137,0.520374194951728,0.05629483377560973,0.02476689196191728,0.8042701955419034,0.5920843731146306,22.351026812156565
0.7200753060169518,0.7582921385765076,0.7582982128951699,0.1088867369107902,0.0405836112331599,0.4297313722781837,0.5423586221877486,0.38351733051240444,0.17457295954227448,0.20591747504658997,11.52397384270489
0.5077099148184061,0.7962408908642828,0.7033008963335305,0.9960205843672156,0.19815901410765946,0.007156427716836333,0.2696272227913141,0.8509614774957299,0.3749945678282529,0.6705073392949998,20.58360895241425
0.047388268169015646,0.8989416135009378,0.08561773970723152,0.8198965445626527,0.8271726605016738,0.8303930258844048,0.27997908741235733,0.4446402173489332,0.7616263490635902,0.7469574224669486,17.271218208777825
0.4314789182972163,0.6335088477935642,0.9090763186104596,0.9136096690781415,0.523743303027004,0.3041243492625654,0.6353276029694825,0.09791221492923796,0.4774664982687682,0.8299253094010055,22.320858946704067
0.5774179585278034,0.24645911902189255,0.7389899650588632,0.05409588338807225,0.30653686076402664,0.7788541200570762,0.41623247042298317,0.21542212087661028,0.9734076750464737,0.20404588943347335,9.318919051149244
0.8540552498307079,0.41204908792860806,0.11012512631714344,0.12707560509443283,0.887265213765204,0.7161337581928819,0.4477945624385029,0.17835925985127687,0.35988762183114886,0.6642329040914774,16.69444016278563
0.3614174120593816,0.9884898727759719,0.8528180562425405,0.38555195950903,0.22376665379852057,0.5671483513433486,0.045130926417186856,0.600825859233737,0.924322024686262,0.3677891003899276,17.468570623323178
0.5117027130909264,0.4730272183660418,0.8868910402525216,0.4238111868035048,0.5142385540530086,0.3448161368723959,0.9341931319795549,0.3632404289674014,0.44662674982100725,0.6324926929082721,16.704264352557836
0.22358642891049385,0.813719127792865,0.6209877927321941,0.42504361853934824,0.908085382077843,0.4537876062095165,0.934238561661914,0.18787184031680226,0.8663359133061022,0.7088079384993762,15.391536361212918
0.7355323256924748,0.9134385010693222,0.5240313049871475,0.49807880143634975,0.9629909815266728,0.6545422091148794,0.8515423545613885,0.9011843262705952,0.352518527302891,0.3508705778513104,18.42100717940694
0.06040882924571633,0.5966166553553194,0.5290590887889266,0.8069186834618449,0.6533860927447677,0.48361466475762427,0.9081976094748825,0.45860513276420534,0.32612046017311513,0.26437073945999146,11.362601727935425
0.5415309357922524,0.3615833153016865,0.9472845466807485,0.9244817090220749,0.8888826018664986,0.38573843124322593,0.18214249145239592,0.16776442318223417,0.4108757071662694,0.23087298520840704,23.23396505032911
0.6476974994875491,0.5635145425330848,0.11189664574339986,0.07234474457800388,0.17470447742380202,0.05385225568898022,0.6523226019926369,0.36788287619128823,0.8849882064387202,0.4818412531167269,12.300487502735933
0.8771912765223533,0.6669279066845775,0.1718969566281885,0.9390477912966162,0.009466469287872314,0.8030070576351136,0.0001606750302016735,0.7660714804660529,0.6597135253250599,0.5776641834527254,21.95179135135326
0.8947036021854728,0.48703679582104087,0.5621507032774389,0.3327899931464344,0.7140387631952763,0.11306881112977862,0.14733975590206683,0.5846131830476224,0.3662265019956976,0.17961242096498609,16.931366474155272
0.07934573432430625,0.6835360596887767,0.24848773633129895,0.4372317928355187,0.7830125447362661,0.26217587664723396,0.2125743122305721,0.6224744389764965,0.30462019541300833,0.3247251857537776,11.319513667274373
0.7789651374332607,0.12348831142298877,0.6574393773917109,0.6695629525929689,0.2510637668892741,0.896065866574645,0.09480688767507672,0.7134040202945471,0.3361554006114602,0.5952228903770447,12.037795546203995
0.42369232629425824,0.12292672600597143,0.5078334850259125,0.21818331838585436,0.17972361133433878,0.3723908104002476,0.657616961048916,0.4681261000223458,0.10162623366340995,0.47701594280079007,6.357683844709735
0.3540956361684948,0.2531189944129437,0.5840618046931922,0.18028796068392694,0.3346630884334445,0.2888548611663282,0.11001635086722672,0.6174585628323257,0.7829393127467483,0.469909624196589,6.542545927116548
0.09472615015693009,0.23512733238749206,0.55423131166026,0.6512274022679776,0.9295359977986664,0.6665574358776212,0.011647396488115191,0.8619893821887672,0.43271540966816247,0.23418429563753307,11.04281041527418
0.14919539890252054,0.05552098527550697,0.4751903598662466,0.28067483799532056,0.25815321458503604,0.9233095729723573,0.37633798527531326,0.8341277355793864,0.3596563374157995,0.3538329694420099,3.6075314138036894
0.40247738431207836,0.7661465101409703,0.17142627225257456,0.4650501061696559,0.1866845830809325,0.0040829472709447145,0.04105274076573551,0.5516603952273726,0.10767100169323385,0.872644413029775,15.575856900987835
0.11767242127098143,0.9462862622458488,0.3469602786935866,0.242698265472427,0.819367938907817,0.37799864797852933,0.5963437831960618,0.6693687422666699,0.027997117955237627,0.516374840401113,9.282376118967951
0.8374988348223269,0.2320242093410343,0.654617608524859,0.05958779528737068,0.8850568209309131,0.47677196515724063,0.5383846815675497,0.06330736540257931,0.7223210090305656,0.8409431558102369,11.850121375974458
0.7864412330091,0.9049565398599952,0.6880213185213506,0.4578413281124085,0.41326282802037895,0.5057065640576184,0.07780166063457727,0.3092953874729574,0.4534501233138144,0.4862502501346171,16.215926770593548
0.6771247903816402,0.10207340423949063,0.6924875197000802,0.8176621343009174,0.26452801190316677,0.042939347913488746,0.8420900183264166,0.7596301150042564,0.2367810746654868,0.15337015641853213,11.62178294940521
0.9652747963555157,0.7613156803417951,0.9769398933276534,0.11322748777456582,0.38600764656439424,0.6025222805328667,0.8625485417433083,0.83305375254713,0.5388069204054773,0.731072940165177,15.234526894172912
0.08966931374743581,0.7817104544956237,0.5101379468105733,0.6839527017436922,0.4805003418587148,0.6246045574080199,0.5177278574556112,0.31157574662938714,0.5701199241448194,0.9527663209009916,10.787843511439632
0.6264888057485223,0.1525445939041674,0.5471457510720938,0.6556168380193412,0.3612076146528125,0.7604545135982335,0.743735758587718,0.9805856079328805,0.06312979478389025,0.689367143670097,11.847661326508177
0.04694781871512532,0.5714412776287645,0.08651648857630789,0.28736430779099464,0.8356394711881876,0.21639419067651033,0.17533313971944153,0.4494439384434372,0.9829521691426635,0.6615725739393383,10.747808641415391
0.10756480298005044,0.04879963677376509,0.32860449561849236,0.9128027479164302,0.6120833475142717,0.8274961356073618,0.4781264951452613,0.4093455942347646,0.03417100408114493,0.6619074223563075,13.94989226015394
0.7308948927093297,0.5957490641158074,0.2533808797597885,0.8252841045614332,0.6021300237625837,0.8629080255050212,0.1853519855067134,0.9289164219517261,0.9125342080369592,0.16144387237727642,23.763787183058945
0.09539442206732929,0.6591432190034539,0.29943343019112945,0.5110338476952165,0.3988638517912477,0.5820479860994965,0.7936007913667709,0.23479685839265585,0.26079553714953363,0.5883822331670672,9.951991606819492
0.6331775079015642,0.56365588423796,0.5391780491918325,0.06621856312267482,0.9177719799336046,0.34312454517930746,0.2289684028364718,0.30940309818834066,0.6580703342333436,0.37651944486424327,14.571421966503754
0.3565286290831864,0.19343858235515654,0.8750404547899961,0.81064334185794,0.38044816185720265,0.24178335163742304,0.562177556566894,0.12041608523577452,0.04534009378403425,0.43314208276569843,13.99829614543308
0.6726398491300642,0.01645045354962349,0.25458369799889624,0.9098220351152122,0.016946031479164958,0.11526156566105783,0.06949839880689979,0.17686992860399187,0.5302829903084785,0.949443111428991,11.161320093953679
0.6713588261045516,0.7577575454488397,0.21716558979824185,0.35277591133490205,0.9337012725882232,0.4476195741444826,0.10050562396645546,0.30154081084765494,0.3040272779762745,0.036683491664007306,19.452213211334826
0.19538184837438166,0.5921508648898453,0.6295172909740359,0.2265887870453298,0.7167296223342419,0.28629670408554375,0.15605954662896693,0.5893532331101596,0.1845252311322838,0.5078803692013025,10.469860898172218
0.8000037572346628,0.7139493301510811,0.624957881635055,0.8621797242667526,0.883477350929752,0.9113386571407318,0.5477618507575244,0.9247209818568081,0.30600103130564094,0.31949463463388383,24.123301392986974
0.7070078721735626,0.07320142816752195,0.2216677360702306,0.19491444691084325,0.3978122128173709,0.6597601838875562,0.009679003152996302,0.0307782175950706,0.8496845788322389,0.16937322029843926,6.770961615899484
0.7902144079562277,0.4077168258372694,0.5120673472993076,0.23998705949634314,0.7475125526543707,0.36347841285169125,0.5215161666274071,0.6053295494057238,0.8596707433462143,0.30600786418654025,12.622000415005111
0.9475233869161457,0.961600549519062,0.2756030398886651,0.358446131227538,0.7220466069411486,0.18584219738841057,0.42841374268755317,0.8694246399682015,0.9571804190054536,0.6581254270859063,10.635079621382857
0.12772808922454715,0.9169933353550732,0.2896348834037781,0.3103775077033788,0.4107584801968187,0.788670762674883,0.13874248159117997,0.8453258718363941,0.6801832946948707,0.7990139159373939,10.098252469819593
0.9822618879843503,0.7518917911220342,0.8229752930346876,0.2632817702833563,0.13461242243647575,0.6716919473838061,0.5154042686335742,0.6208243644796312,0.5802914556115866,0.8748982746619731,13.025118895327067
0.09085190948098898,0.8411646871827543,0.11875135358422995,0.39523100876249373,0.05104291928000748,0.3417171277105808,0.14895283221267164,0.682242757640779,0.973497292259708,0.267725384561345,9.09538199833594
0.6647406998090446,0.47543589072301984,0.5393617684021592,0.8901083010714501,0.7044965685345232,0.6000028299167752,0.9083911224734038,0.19299362506717443,0.9437140522059053,0.4014549737330526,21.618611424741676
0.08301863167434931,0.6258680259343237,0.6058664808515459,0.2292682605329901,0.2611051748972386,0.12714090128429234,0.0427394681610167,0.7485773032531142,0.7995786368846893,0.7067742459475994,3.3196200224186683
0.5648250663653016,0.9944914367515594,0.0009717845823615789,0.6198503146879375,0.31177425594069064,0.825732660247013,0.5786721217446029,0.9497604938223958,0.4508431658614427,0.046944550005719066,21.399763577193767
0.9017269811592996,0.9116648035123944,0.9487230507656932,0.47799559007398784,0.6826958872843534,0.7253923981916159,0.6743751966860145,0.2191772481892258,0.1811449562665075,0.20123121165670455,17.398259097568598
0.12331640883348882,0.30608469527214766,0.28107250621542335,0.6909776767715812,0.3209274751134217,0.4379205871373415,0.20518489344976842,0.6567720915190876,0.5869582635350525,0.2954106798861176,10.706005038571927
0.36021370184607804,0.6869278182275593,0.764290944673121,0.699015554273501,0.8307061397936195,0.27328553795814514,0.07696864870376885,0.3935689004138112,0.38924861676059663,0.13183024944737554,19.561917804998387
0.1854745491873473,0.6604426542762667,0.25758850877173245,0.4991590576246381,0.3252401144709438,0.9075245226267725,0.8624315231572837,0.8112432810012251,0.557320250896737,0.3607476397883147,11.24116583032496
0.24876393913291395,0.10808123834431171,0.2184019705746323,0.3625505284871906,0.9075180529616773,0.5674204232636839,0.4594388685654849,0.5171918259002268,0.06415325170382857,0.05542077776044607,10.999191651440489
0.03832068876363337,0.37230704026296735,0.827004557242617,0.38657691259868443,0.744065515929833,0.38550854357890785,0.6880942073184997,0.5793957023415715,0.5089015658013523,0.23893691273406148,10.06786242645192
0.26614358252845705,0.35914575564675033,0.21423698356375098,0.6629672057460994,0.9836751495022327,0.2519638363737613,0.9759390973486006,0.7191464300267398,0.9093040155712515,0.43802073295228183,17.029762004468324
0.2627338704187423,0.5479951412416995,0.7334981367457658,0.6714491618331522,0.3923023275565356,0.9898374823387712,0.37088334071449935,0.4030213102232665,0.007780956337228417,0.7012012875638902,13.90337160597105
0.584605596261099,0.907994584646076,0.03296066774055362,0.6786336146760732,0.10880933864973485,0.9692525728605688,0.7541129614692181,0.16284385602921247,0.868186469655484,0.4745652142446488,19.21557288741815
0.75541623076424,0.7771728185471147,0.36937814531847835,0.983778202906251,0.29039959725923836,0.46648957999423146,0.1422031947877258,0.7830660215113312,0.9496767213568091,0.33900466724298894,21.420685448308596
0.4207301752176136,0.49685459141619503,0.42645763303153217,0.009616224793717265,0.8516094144433737,0.10555972252041101,0.5777146338950843,0.19141253922134638,0.2518234131857753,0.06190171418711543,9.571920481212064
0.12490770686417818,0.28274676855653524,0.5813768457155675,0.21589217497967184,0.184918861836195,0.7998785562813282,0.3794434005394578,0.49393838713876903,0.5355557629372925,0.30615706578828394,4.132086376722469
0.4961424106732011,0.974444726947695,0.7226502629928291,0.37828312651254237,0.22495584026910365,0.6916480786167085,0.8882893223781139,0.8713140210602432,0.4018164090812206,0.8883131998591125,17.032814406010743
0.3524017168674618,0.15385086694732308,0.8113604185637087,0.6981295384466648,0.3495674452278763,0.29719523061066866,0.0008533268701285124,0.2596755865961313,0.4954523902852088,0.9247975726611912,12.37362835429134
0.8488247841596603,0.33078945777378976,0.1540648746304214,0.6093048411421478,0.8765186411328614,0.9435336356982589,0.12463429290801287,0.3510457263328135,0.027599869994446635,0.6799869684036821,19.985714339260788
0.22687308955937624,0.2209693205077201,0.4449141165241599,0.17223242623731494,0.047977490117773414,0.9746997770853341,0.9499050504527986,0.17991901352070272,0.5641057780012488,0.8899588324129581,3.577727844679466
0.3845616115722805,0.7641984173096716,0.6265371444169432,0.2558064067270607,0.24063089466653764,0.9068947471678257,0.8403626983053982,0.06152720167301595,0.9673775555565953,0.18659370485693216,12.097518845825729
0.247551514999941,0.8363564384635538,0.3375828831922263,0.4799382551573217,0.9781973019707948,0.37696124287322164,0.4536949722096324,0.08685078914277256,0.9945070086978376,0.29174424964003265,16.409451537094625
0.8924217163585126,0.6257723288144916,0.7877440282609314,0.21199539070948958,0.9175832376349717,0.8346935773734003,0.20338239800184965,0.7385855077300221,0.3570289183408022,0.23588499729521573,19.74339504691529
0.17712894664146006,0.5762000111863017,0.2985038859769702,0.333791023818776,0.10384182655252516,0.2865505979862064,0.8359078895300627,0.3068346621003002,0.13935807906091213,0.3764349294360727,7.138144412199495
0.9189917063340545,0.7528031887486577,0.9016564248595387,0.15567949158139527,0.677993037737906,0.037769264075905085,0.5498071124311537,0.7387508871033788,0.09009249368682504,0.6608846241142601,18.643518267421555
0.48091631568968296,0.3298910262528807,0.4366483255289495,0.8741635386832058,0.6285092965699732,0.5083128409460187,0.3554852306842804,0.20905246795155108,0.8160232703667134,0.9068474336527288,16.861479279381676
0.37552542542107403,0.47478998685255647,0.19177902373485267,0.8236584635451436,0.5450542317703366,0.4617129408288747,0.189861748367548,0.943172266939655,0.07710559689439833,0.24670725059695542,17.594513285724815
0.9432908634189516,0.7141207787208259,0.9131042996887118,0.6251187813468277,0.6469891287852079,0.4469081212300807,0.9343557676766068,0.4725300157442689,0.9708712678402662,0.7771638438571244,21.249109159266535
0.3418194076512009,0.3748704937752336,0.4300321738701314,0.710661880671978,0.9928920879028738,0.36957083945162594,0.016270629595965147,0.2658344507217407,0.06695327791385353,0.8021972281858325,17.828780617923865
0.9077521064318717,0.7097028349526227,0.8166137072257698,0.43065588222816586,0.001496478682383895,0.31324604782275856,0.15349883772432804,0.5439852820709348,0.7347574310842901,0.21801852039061487,15.95364315099509
0.3523084798362106,0.22820565151050687,0.10790839325636625,0.1662696513812989,0.7811309169046581,0.37444855691865087,0.8014018868561834,0.20087334560230374,0.5344877755269408,0.2134441207163036,11.365015913670623
0.964565051952377,0.508200322277844,0.7700069213751704,0.918289978755638,0.6593164100777358,0.9784111161716282,0.1820681244134903,0.31654475210234523,0.09902353584766388,0.9507084644865245,22.854046440192143
0.7874363085720688,0.08206848753616214,0.40644259634427726,0.9357172013260424,0.6966930986382067,0.15638229181058705,0.5560570685192943,0.37861170899122953,0.4633357934653759,0.16377222840674222,12.662334127090945
0.9898735994938761,0.8500960271339864,0.9672263255342841,0.4165314235724509,0.2714534110855311,0.5830999682657421,0.4294785044621676,0.8999382928013802,0.8234913561027497,0.064833739772439,14.925860690557295
0.5588859503623098,0.5334676580969244,0.8310906123369932,0.9652179128024727,0.33947505033575,0.7676290029194206,0.196555434493348,0.7256855431478471,0.0548064149916172,0.06274617719464004,21.861680492970816
0.19945265050046146,0.3838178568985313,0.7860981808044016,0.1397812026552856,0.5277243223972619,0.6216272208839655,0.5856554743368179,0.76872627902776,0.15093291248194873,0.9833857442717999,7.8934575667691735
0.08833838417194784,0.21249106409959495,0.9205624060705304,0.19664808036759496,0.7958288758527488,0.08300791587680578,0.8634476899169385,0.3861653977073729,0.22214298811741173,0.16729699238203466,11.030367792028894
0.3279959971550852,0.9366009773220867,0.9415075341239572,0.9144248403608799,0.16311681340448558,0.33340198267251253,0.7895442040171474,0.3191486019641161,0.15453536994755268,0.45914247119799256,22.061182424576465
0.23978191358037293,0.10034029465168715,0.09039914747700095,0.30935947434045374,0.36445500212721527,0.45357047650031745,0.26163707161322236,0.6417618612758815,0.4726220681332052,0.6008973573334515,9.777183487179316
0.22157194488681853,0.884167457697913,0.7647775954101235,0.026581257348880172,0.3942090857308358,0.9725320544093847,0.19546943996101618,0.027021884685382247,0.124527852749452,0.9713366576470435,10.135508872693512
0.5337066086940467,0.599057579645887,0.3744562442880124,0.8167021619156003,0.4963880341965705,0.6166857809294015,0.5347982787061483,0.6812166525050998,0.47962006786838174,0.40225473139435053,20.97418566399391
0.4263504194095731,0.5767726921476424,0.00048511638306081295,0.21571675827726722,0.4013852458447218,0.9243549262173474,0.44254158227704465,0.2533796455245465,0.16195534681901336,0.8563511040993035,16.202636920757797
0.18901944253593683,0.8869115472771227,0.8244047490879893,0.11752938921563327,0.9315827914979309,0.24735978082753718,0.9761434402316809,0.9599428048823029,0.6208020930644125,0.18770470842719078,12.136630347556421
0.14983306895010173,0.5119572021067142,0.6114762893412262,0.16221859864890575,0.006788922008126974,0.6955495476722717,0.368206974118948,0.8679951059166342,0.7982218356337398,0.5291603601071984,3.2226779002602255
0.7359690822195262,0.4026119471527636,0.8452490286435932,0.38124024495482445,0.4499428740236908,0.4836913396138698,0.7720359279774129,0.7326572719030082,0.389384550973773,0.8548008727375418,18.30979097964303
0.17227044329047203,0.5820530450437218,0.9677516624797136,0.7307619829662144,0.9845043821260333,0.03232946153730154,0.6605554379057139,0.7597356319893152,0.9095096737146378,0.8905068521853536,21.382300033275865
0.05499658640474081,0.1036977763287723,0.5071702832356095,0.18913464481011033,0.6086668230127543,0.34787027607671916,0.9570249072276056,0.3287323226686567,0.3965039800386876,0.6916558349039406,5.32668041116295
0.7665552888065577,0.9051772735547274,0.9201837736181915,0.46190478350035846,0.0782223679125309,0.5535697515588254,0.5576784352306277,0.6293534487485886,0.7262654309161007,0.5371553546283394,16.79512888138362
0.8398941566701978,0.3380199715029448,0.22992642410099506,0.0848616729490459,0.6052142418920994,0.9443121086806059,0.6134492836426944,0.3761543952859938,0.8529214435257018,0.1594288693740964,13.522099136066853
0.8118748220149428,0.7438049369957298,0.9386285946238786,0.061919939471408725,0.8457673825323582,0.05309474398382008,0.7047888278029859,0.9778628726489842,0.8258874851744622,0.8813825806137174,17.820876898851704
0.6189134295564145,0.31372755696065724,0.5951824225485325,0.17899092938750982,0.15598307363688946,0.20794063690118492,0.6000140875112265,0.539830140536651,0.22511862497776747,0.6923850360326469,8.309576856517003
0.016239296877756715,0.6112506671342999,0.008031792473047972,0.5235814375337213,0.08230995060876012,0.651778984349221,0.7600001648534089,0.4673857497982681,0.10027733398601413,0.059882166562601924,10.772799769382193
0.22335313609801233,0.4132454770151526,0.6550273466855288,0.6069862267468125,0.29408897971734405,0.24901401763781905,0.7821681939531118,0.3499325152952224,0.336968608899042,0.9744697199203074,11.240034520382483
0.0017800773493945599,0.8702086368575692,0.7274119996000081,0.962707785423845,0.5976898779626936,0.700147291412577,0.8408743168693036,0.27693755296058953,0.18994688102975488,0.7704830651637167,15.329839731501776
0.2743264860473573,0.04369007609784603,0.41765595762990415,0.2171362810768187,0.8985374406911433,0.5329521158710122,0.4287704713642597,0.12689850595779717,0.37481310311704874,0.9766085490118712,6.157166519625995
0.19762410665862262,0.8657279848121107,0.2771756921429187,0.5381109232548624,0.4549533389508724,0.044268230907619,0.796595144784078,0.9747171702329069,0.4672601472120732,0.9839409773703665,12.321985817488653
0.33507768949493766,0.307620185893029,0.9278936351183802,0.0432304129935801,0.2093470715917647,0.23595208302140236,0.6197332474403083,0.8136528546456248,0.30508390977047384,0.2585743176750839,7.839145676851755
0.8792756858747452,0.26895602932199836,0.5951273189857602,0.8114735244307667,0.9625301142223179,0.28264756314456463,0.6736389354337007,0.9001940861344337,0.9289638753980398,0.9818478068336844,20.591968885100865
0.2680694574955851,0.7312381775118411,0.16353991394862533,0.026392118073999882,0.17471924074925482,0.5173180857673287,0.32971496181562543,0.5135391198564321,0.006411657435819507,0.9374250506516546,9.663639355098018
0.10697629768401384,0.5689701521769166,0.7385967103764415,0.027823822107166052,0.06022054934874177,0.8278362017590553,0.3647443172521889,0.9737509470432997,0.7902367326896638,0.15091862343251705,3.537647917344523
0.06738291820511222,0.9587789578363299,0.24344103271141648,0.9358449119608849,0.43478260072879493,0.5441383719444275,0.48338154307566583,0.5031511732377112,0.12794038956053555,0.24631624878384173,15.840187552182027
0.614015158964321,0.7311219100374728,0.5877294554375112,0.9018090115860105,0.9088616441003978,0.5014922025147825,0.8551954559516162,0.909383267397061,0.5193587534595281,0.7648268851917237,22.891528377692463
0.5568075077608228,0.7755313881207258,0.16523844003677368,0.8884270631242543,0.0014882634859532118,0.221396051812917,0.09135242132470012,0.6236170262563974,0.5833961002063006,0.6955569013953209,19.04251625524722
0.40131812170147896,0.01325773331336677,0.8340918947942555,0.7259564131963998,0.30832740501500666,0.7417985671199858,0.528839417733252,0.010483036749064922,0.9499290743842721,0.1872649050783366,10.397891316853311
0.7942990136798471,0.6103490546811372,0.08499001455493271,0.0034956044983118773,0.3235713408794254,0.5079932040534914,0.8687937397044152,0.9268996848259121,0.5849322341382504,0.28060366259887815,14.539537645600294
0.0924509905744344,0.22689362452365458,0.7877992317080498,0.9520475869067013,0.7773493269924074,0.7844546097330749,0.8994579119607806,0.8764374726451933,0.28631693101488054,0.10811825166456401,15.87033504144943
0.5097703575156629,0.0765370090957731,0.783189149107784,0.09072283329442143,0.3582942895591259,0.46830618171952665,0.4393474974203855,0.36191829945892096,0.7007237805519253,0.7812328769359738,5.500683190032998
0.3107360878493637,0.22901553567498922,0.15630040620453656,0.342956961132586,0.5709597261156887,0.5021929447539151,0.4980952483601868,0.09957254910841584,0.26537538412958384,0.7368273336905986,12.004604851898623
0.27596170897595584,0.44584999419748783,0.7028475918341428,0.29623590782284737,0.10055424412712455,0.09779300913214684,0.2551011473406106,0.028750651981681585,0.4944016628433019,0.1099687700625509,7.53289046856818
0.11114922794513404,0.9598236687015742,0.025588219752535224,0.9006781377829611,0.5147497025318444,0.17490980215370655,0.7112037169281393,0.3749785490799695,0.4888558352831751,0.8779674188699573,19.116848725284164
0.013056960888206959,0.882650091778487,0.8115073584485799,0.5973064182326198,0.08950896165333688,0.20277536194771528,0.9978190409019589,0.23517236695624888,0.22512086248025298,0.5161566676106304,9.99276996819949
0.13208525837399065,0.9451150286477059,0.34618996852077544,0.6369628738611937,0.18062614533118904,0.6455828726757318,0.7894340909551829,0.8770190444774926,0.849748756038025,0.8569164993241429,12.241229822689007
0.12545362627133727,0.8984314263798296,0.22823974746279418,0.3401056732982397,0.5335723157040775,0.5700085707940161,0.9241230357438326,0.0160606587305665,0.2604161244817078,0.6362861916422844,11.882326716190898
0.9506490246858448,0.362380956299603,0.7806795393116772,0.9228893895633519,0.21660743257962167,0.32482677488587797,0.05887090344913304,0.25138863595202565,0.5035555777139962,0.060933851171284914,20.153642787791462
0.7268066057004035,0.4519366370514035,0.5605513837654144,0.5034612561576068,0.44208398554474115,0.01739443838596344,0.9272737938445061,0.4492300564888865,0.6319498016964644,0.9566157266963273,16.572122219213107
0.16036964394152164,0.49732444365508854,0.021455546841025352,0.5018676349427551,0.3142824408132583,0.23987678671255708,0.9465473589953035,0.17856314359232783,0.9498897020239383,0.2007025855127722,13.517785419371123
0.6639963064808398,0.30435274657793343,0.8248013292904943,0.46770705678500235,0.1885052879806608,0.6089255867991596,0.04322925116866827,0.16134011512622237,0.42973114317283034,0.20288687711581588,14.232809901669267
0.47760292096063495,0.03034522500820458,0.3317033611238003,0.5943923997692764,0.7193865608423948,0.19307309319265187,0.46912757703103125,0.08868412929587066,0.684498179005459,0.6656560117844492,11.98157625625777
0.5597012517973781,0.3317900856491178,0.9090410142671317,0.5869891885668039,0.9156686533242464,0.7371708541177213,0.5329004703089595,0.5542455043178052,0.1309033534489572,0.8108325265347958,17.726644425288043
0.14435012126341462,0.982553802896291,0.5326609835028648,0.8113189444411546,0.04241317440755665,0.41144179180264473,0.11963620292954147,0.06069531454704702,0.01446688873693347,0.37707367865368724,11.905466093590768
0.062014513881877065,0.338651770260185,0.7001193345058709,0.15032951743341982,0.5905859826598316,0.16900183237157762,0.590169882401824,0.19159625354222953,0.6248067766427994,0.7807763465680182,6.283230913502247
0.3409145879559219,0.2158196873497218,0.40294191567227244,0.05210402514785528,0.7989458560477942,0.7577050221152604,0.05539958318695426,0.9270991722587496,0.5397231050301343,0.46113012614659965,6.606585799734173
0.6486123739741743,0.4159545155707747,0.3121523668523878,0.1987871688324958,0.797068950952962,0.7965597857255489,0.06827515037730336,0.9743472565896809,0.7279989677481353,0.1931878481991589,13.947774865304625
0.7604700033552945,0.21342231589369476,0.5129687427543104,0.42343285377137363,0.5584066975861788,0.7092230287380517,0.9979670324828476,0.0730351572856307,0.1497597664128989,0.004741149256005883,12.666080841934866
0.9872235383372754,0.24200640828348696,0.9946558179799467,0.1694922351744026,0.904011515667662,0.3592533813789487,0.12865993613377213,0.812906509032473,0.48927594581618905,0.6152149555273354,19.079972453682334
0.0022538350895047188,0.8484414392150939,0.2763624272774905,0.5891658351756632,0.09517224784940481,0.5405932425055653,0.509236553683877,0.41265673795714974,0.2096112184226513,0.7126732382457703,5.819523601060211
0.4359341727104038,0.8140226704999804,0.22956182272173464,0.050845827674493194,0.6764224588405341,0.058543935185298324,0.05427349102683365,0.7291434539947659,0.8607848426327109,0.6142563316971064,14.751633128389779
0.24928071815520525,0.48008440621197224,0.52991818706505,0.694809292210266,0.7135633027646691,0.415997481206432,0.2701515038497746,0.10902028577402234,0.45782562205567956,0.8346682630944997,13.076158881868471
0.4108768212608993,0.8070738806854934,0.3718559218104929,0.9989947823341936,0.9361170381307602,0.05063419742509723,0.13260027952492237,0.2738559953868389,0.7363663746509701,0.7949487920850515,24.142884421216237
0.36382761131972075,0.908000465715304,0.5438618217594922,0.3976416322402656,0.9422142188996077,0.22484970185905695,0.8612229162827134,0.9506572803948075,0.4394276556558907,0.7899833051487803,16.5451511857236
0.4873960609547794,0.9332299889065325,0.9893426385242492,0.23010424128733575,0.30840644938871264,0.646453907713294,0.10185246798209846,0.1065841126255691,0.774653177941218,0.5946557084098458,18.954945339002766
0.10732582490891218,0.07148267701268196,0.30973140918649733,0.15715196914970875,0.7674209205433726,0.03563060984015465,0.05680226138792932,0.2056080864276737,0.0635872446000576,0.634898072341457,4.65130662274056
0.2035472788847983,0.725115223787725,0.008006716379895806,0.054505171021446586,0.7850522133521736,0.6968052117154002,0.6317344137933105,0.596322282217443,0.7912464961409569,0.4603087371215224,12.589176690307806
0.9957785368897021,0.395439448999241,0.5534546000417322,0.6301045916043222,0.25508101703599095,0.1839824051130563,0.6067878208123147,0.6802011190447956,0.10088873724453151,0.821603090967983,16.517719941059134
0.8630696672480553,0.6878568478859961,0.7650064660701901,0.03647794807329774,0.20791154401376843,0.8171659368090332,0.6246842353139073,0.2745053139515221,0.3254626204725355,0.8081379875075072,12.278556712447084
0.7634554971009493,0.24207281041890383,0.363167405128479,0.074398388620466,0.5192423125263304,0.6355366627685726,0.5576109560206532,0.271843746304512,0.06874186918139458,0.9546902421861887,11.211222550244827
0.4819112929981202,0.6783104313071817,0.8024782745633274,0.6731011187657714,0.4612901187501848,0.8017625652719289,0.13932100939564407,0.38193453708663583,0.8839315241202712,0.8955234359018505,20.14031093678248
0.8131737452931702,0.558199318125844,0.20187170337885618,0.6125730965286493,0.14968251390382648,0.7142246193252504,0.39675481826998293,0.43427184550091624,0.9509578431025147,0.3819541488774121,20.02574899367433
0.8028733711689711,0.8401756789535284,0.702755194157362,0.5085709320846945,0.37782252952456474,0.8062935916241258,0.7372477757744491,0.8887338126078248,0.3092136431951076,0.747904064366594,16.646696520715764
0.5260117386933416,0.13116659922525287,0.7641203752718866,0.33469431661069393,0.1201535512227565,0.834767843130976,0.6759138100314885,0.32525422517210245,0.5491310870274901,0.7836898302193731,9.23228466026797
0.19840396265499294,0.6432654508389533,0.4723455682396889,0.5665230895392597,0.02100484538823366,0.5190515774302185,0.1212679692544043,0.7257620119489729,0.15989682753570378,0.22213141876272857,7.9820281569112
0.3109619927126914,0.22929404745809734,0.4137132877949625,0.03207843191921711,0.006548054050654173,0.8229926803614944,0.4859160215128213,0.8507669509854168,0.6155585967935622,0.7433607659768313,2.5706472206241058
0.4188659742940217,0.6752869586925954,0.5178962708450854,0.5331087575759739,0.2216810043901205,0.8304366338998079,0.4458667307626456,0.1929832980968058,0.85032525844872,0.7768680735025555,15.157857016496672
0.5720467357896268,0.5441134287975729,0.7837216863408685,0.004525837488472462,0.492416069842875,0.5595361008308828,0.722055496647954,0.4746225415728986,0.18304466851986945,0.7975954331923276,11.152275342781477
0.07164327520877123,0.7150790211744606,0.6088144583627582,0.11004683165811002,0.028570319758728147,0.6693186990451068,0.5004529969301075,0.8080019869375974,0.7729453309439123,0.21794783719815314,4.703904123977798
0.6187989383470267,0.9925807642284781,0.012837853748351336,0.8583647073246539,0.5186949262861162,0.3014049537014216,0.4630811947863549,0.7166716719511896,0.8149081626906991,0.7552184539381415,25.108958565552893
0.07564659183844924,0.647454799618572,0.27653610380366445,0.29267251677811146,0.5842462838627398,0.5658677422907203,0.7859023383352906,0.03523889556527138,0.2228024594951421,0.589629118796438,7.74696943416086
0.08113273466005921,0.6252389815635979,0.651620218064636,0.6346030444838107,0.32630634610541165,0.1523669168818742,0.6468107453547418,0.4491235183086246,0.09718896495178342,0.058422776171937585,9.709793660626394
0.3003452834673226,0.22845262731425464,0.9030895421747118,0.28154732240363955,0.29350187280215323,0.44966413802467287,0.040066224755719304,0.10172863584011793,0.9385699187405407,0.6039152946323156,9.585278423931591
0.05005595553666353,0.35009178542532027,0.47425103071145713,0.018400744767859578,0.7353924307972193,0.6504686018452048,0.8551642182283103,0.3628276677336544,0.9729026046115905,0.4551214159000665,2.277993469024951
0.4245816844049841,0.9649787440430373,0.05289435316808522,0.6063010774087161,0.5786896415520459,0.2800630272831768,0.7811331257689744,0.5280577747616917,0.7303915708325803,0.2769579663872719,22.779865928371866
0.9590768690686673,0.8263661225792021,0.2188616229686886,0.4224680052138865,0.09042884269729257,0.8281156136654317,0.09642037120647728,0.4919588849879801,0.4636333223897964,0.9475708017125726,12.99303831709887
0.8917497950606048,0.3385076089762151,0.7154771329369396,0.3017146533820778,0.07421627291478217,0.21888957754708827,0.596439337125048,0.5590273037087172,0.7054966955911368,0.8137985065113753,10.718243714306075
0.7815090683288872,0.5241206763312221,0.0954926919657737,0.08579497877508402,0.28966650855727494,0.13883503782562912,0.9829952728468925,0.7185415294952691,0.32201400166377425,0.8816334595903754,14.791514499103554
0.6030568161513656,0.4360827764030546,0.04255393287166953,0.43083625892177224,0.8655266864225268,0.8084144957829267,0.9104833588935435,0.462065041763708,0.49298275122419,0.5713858490344137,19.68594757440509
0.3971732819918543,0.07182605238631368,0.9225687424186617,0.05070151784457266,0.286253247410059,0.981907926267013,0.5148923527449369,0.10946782305836678,0.5265036630444229,0.9983340653125197,7.310615613444936
0.12480729701928794,0.2606369676068425,0.5734928760211915,0.8340651199687272,0.7740159831009805,0.06820628652349114,0.17056423239409924,0.41158745740540326,0.3758605532348156,0.4528362730052322,11.923492505588895
0.8048607306554914,0.8256849921308458,0.1720354191493243,0.2099673713091761,0.9887247469741851,0.42798023158684373,0.08803556463681161,0.9574668712448329,0.05518524535000324,0.009642614517360926,17.76519289025736
0.6391988301184028,0.9039737393613905,0.7931024800054729,0.7315107604954392,0.32195756980217993,0.6834243265911937,0.5598226520232856,0.8004340967163444,0.3174396606627852,0.6072373962961137,19.883286026466532
0.31922458577901125,0.45838399580679834,0.4659411287866533,0.20565892313607037,0.05788661609403789,0.12725293939001858,0.6905953080859035,0.6754241727758199,0.9535342017188668,0.23546015145257115,5.360348360919577
0.4624703750014305,0.2493266372475773,0.5914981558453292,0.5135839025024325,0.037796012591570616,0.5987431097310036,0.22989496984519064,0.6687256274744868,0.027979290345683694,0.5695957848802209,8.290520761826736
0.4016491170041263,0.3624517032876611,0.5865942074451596,0.4094800481107086,0.7654902180656791,0.9347201611381024,0.5438834787346423,0.6958393973764032,0.3801620048470795,0.4611310448963195,14.395333021995565
0.6323585547506809,0.6997515868861228,0.012312709586694837,0.14648333610966802,0.3612561740446836,0.7776260441169143,0.9760015800129622,0.6718049780465662,0.21714995754882693,0.6746510262601078,17.39018400856255
0.2367546537425369,0.055952928494662046,0.918825346743688,0.2923786239698529,0.7326916940510273,0.9386877866927534,0.7788303999695927,0.8424497847445309,0.9323736184742302,0.723385316785425,12.551337821036798
0.36501475190743804,0.5541931414045393,0.5424219002015889,0.20511437766253948,0.7805507669690996,0.4376416662707925,0.5153740192763507,0.5105820796452463,0.7035249779000878,0.08177015231922269,10.239004523118625
0.5990630344022065,0.6063050599768758,0.3391784802079201,0.09693983010947704,0.5931004639714956,0.42915861308574677,0.6269176399800926,0.7683044350706041,0.15701628173701465,0.7860149079933763,12.690966356806308
0.8335765250958502,0.39714987436309457,0.652459106175229,0.9078487236984074,0.14772838214412332,0.08666762849316001,0.19581451173871756,0.7636400866322219,0.41127273929305375,0.5687455055303872,19.365208859682166
0.9352678370196372,0.5352036999538541,0.7449218155816197,0.8919472771231085,0.5515746206510812,0.7691350453533232,0.29657802474685013,0.32646990148350596,0.29696626705117524,0.4263872045557946,22.88043186762889
0.24461574479937553,0.2700118541251868,0.7554114935919642,0.16281118360348046,0.5621875645592809,0.3663475909270346,0.09195297583937645,0.4773016241379082,0.6257754932157695,0.9031423702836037,7.695856177010944
0.07193745370022953,0.03314442257396877,0.6393648972734809,0.375357648357749,0.6945733467582613,0.2757285740226507,0.27739831036888063,0.9279157295823097,0.29529357491992414,0.7065840207505971,9.098057107266074
0.6464283603709191,0.3325088021811098,0.20262978109531105,0.3889286613557488,0.33209334476850927,0.5905528203584254,0.46507443534210324,0.6645487339701504,0.11987887346185744,0.24437705473974347,12.03985840822537
0.9761863555759192,0.5466266279108822,0.7981662324164063,0.5024387177545577,0.27364037674851716,0.6492149673867971,0.859331599669531,0.4578842232003808,0.06854076962918043,0.3134902485180646,16.83451868217907
0.594917812384665,0.17366754706017673,0.19951202953234315,0.263174660038203,0.19459764217026532,0.44917457667179406,0.8354835682548583,0.49322980223223567,0.8658803578000516,0.3984219846315682,8.997332221867328
0.7977828162256628,0.5918362932279706,0.7796081933192909,0.1490742394234985,0.1534702042117715,0.16399110201746225,0.18858338403515518,0.2795037410687655,0.6024007890373468,0.5331230552401394,14.821351821471415
0.613891907967627,0.8578274599276483,0.840595634886995,0.21677484433166683,0.5461255207192153,0.12369230506010354,0.4568154092412442,0.9795184459071606,0.4146396212745458,0.1184623499866575,16.612960212543715
0.9439460879657418,0.6924807676114142,0.5956002012826502,0.7411534893326461,0.14213210414163768,0.09927196125499904,0.1413800169248134,0.8359452523291111,0.12012384552508593,0.8601889398414642,18.153182472526897
0.05682985461317003,0.4963685672264546,0.8502429784275591,0.6212171353399754,0.7185235538054258,0.9475660983007401,0.411517895758152,0.32615862181410193,0.8189777627121657,0.35646462510339916,13.105829515631589
0.13387055043131113,0.0922337444499135,0.3220868979115039,0.8770504833664745,0.27440345846116543,0.33495165733620524,0.41235477407462895,0.7046099561266601,0.20270939962938428,0.9473476563580334,12.548965565609127
0.09954037237912416,0.7519340107683092,0.7430111283902079,0.3693033419549465,0.2341754122171551,0.369857786456123,0.7617890709079802,0.9841394205577672,0.7879585516639054,0.6791119370609522,5.968607265682932
0.012661411659792066,0.9675780069082975,0.9305435004644096,0.39523268793709576,0.3558537794742733,0.9863334174733609,0.3526918375864625,0.11159066832624376,0.7964749096427113,0.28061254508793354,10.032288307665056
0.6027193379122764,0.218379468889907,0.9113046927377582,0.1657753309700638,0.49481673003174365,0.5237051444128156,0.7127904754597694,0.35080488328821957,0.24689949746243656,0.5065639433450997,11.905382741313726
0.040644663851708174,0.7909855870530009,0.21384036145173013,0.5519080893136561,0.2378229731693864,0.6930051324889064,0.08117463160306215,0.6029518616851419,0.8290585295762867,0.9574591377750039,9.802091928997994
0.007046307669952512,0.005299089243635535,0.6396279647015035,0.6906011281535029,0.5655723128002137,0.83728725486435,0.876058719586581,0.320932523580268,0.2370571456849575,0.21126060327515006,7.751985361519
0.9964746553450823,0.32923151226714253,0.49106772895902395,0.2558176931925118,0.16141271404922009,0.8533092436846346,0.8923295105341822,0.9248718621674925,0.7017225881572813,0.1577832167968154,11.890231001283613
0.10570472618564963,0.6449082461185753,0.4900752769317478,0.4631701153703034,0.112006526440382,0.6211610657628626,0.37585666845552623,0.9616343264933676,0.26040795096196234,0.17295288667082787,7.455233150546948
0.2573616977315396,0.45428107026964426,0.7245091595686972,0.6439165656920522,0.7821969252545387,0.009879382560029626,0.40529514802619815,0.22265336383134127,0.17371160094626248,0.7578202122822404,17.822784741864805
0.886027964297682,0.2105586372781545,0.7881444366648793,0.6617046969477087,0.7626761239953339,0.39611142640933394,0.8790733718778938,0.061138794757425785,0.6378354160115123,0.7165360713843256,18.07395068412354
0.707598892506212,0.619005091721192,0.6404868781100959,0.8754425614606589,0.7568626492284238,0.9328103929292411,0.40318193566054106,0.04873375967144966,0.3394178666640073,0.1762608252465725,23.707035271296053
0.960519750835374,0.39826136245392263,0.6577452085912228,0.025619648164138198,0.061538556357845664,0.12003225344233215,0.08181957970373333,0.598819870268926,0.692084844224155,0.9238113728351891,10.655125182522761
0.5157170032616705,0.025066727306693792,0.46564661990851164,0.5180234976578504,0.2829431430436671,0.27149828942492604,0.9167151059955359,0.20735674328170717,0.8645169483497739,0.14743900345638394,4.427819912901322
0.8772446063812822,0.4323109893593937,0.027721302583813667,0.29853698471561074,0.9368216660805047,0.3292619159910828,0.13677495694719255,0.9322437013033777,0.9404731474351138,0.1811193861067295,22.543808787234656
0.7581726778298616,0.23861093842424452,0.9959293981082737,0.567330606514588,0.5949592548422515,0.3724021960515529,0.8983501000329852,0.45991214318200946,0.6998770332429558,0.5227988658007234,18.776864352339146
0.5004091064911336,0.20098594692535698,0.5053825420327485,0.8330148465465754,0.3242834461852908,0.7843772296328098,0.2600876735523343,0.6540850016754121,0.011000406462699175,0.3413953008130193,12.800414218148827
0.5361634017899632,0.2604773852508515,0.25210613827221096,0.04565851017832756,0.4815111472271383,0.711135829333216,0.9551851567812264,0.9037613836117089,0.22841272270306945,0.6854262424167246,7.819801000932135
0.6222523890901357,0.6802326149772853,0.7308589611202478,0.9087927171494812,0.6901145388837904,0.6279155684169382,0.5683752968907356,0.3972314200364053,0.8808232897426933,0.8100459440611303,22.037792850365832
0.23845955985598266,0.7743700926657766,0.7396460869349539,0.8706466655712575,0.9263247130438685,0.7934043505229056,0.42082689004018903,0.2785761139821261,0.3951393535826355,0.5628213617019355,19.347975255621357
0.9692294476553798,0.840630772523582,0.8039033189415932,0.36191294714808464,0.8591057364828885,0.7491553204599768,0.7886471436358988,0.7470192962791771,0.8125049730297178,0.34379356214776635,15.427226018431142
0.5749816023744643,0.30671509727835655,0.32695659156888723,0.1339643974788487,0.9016323292162269,0.12373725115321577,0.18748628674075007,0.27382841357029974,0.9840740349609405,0.32799845235422254,11.79402453833525
0.31802724534645677,0.2615865545812994,0.7017383677884936,0.9965632630046457,0.7954089494887739,0.7952102699782699,0.9904129735659808,0.2508563252631575,0.5533529594540596,0.08803231734782457,16.308260144391635
0.3825825152453035,0.5636903028935194,0.9261907066684216,0.3018848563078791,0.6986827766522765,0.5468068758491427,0.015670433873310685,0.7930890151765198,0.922763726208359,0.03519205958582461,15.596814182612441
0.9391783731989563,0.22738133650273085,0.8710587399546057,0.5230898689478636,0.36799473012797534,0.7131290410179645,0.26737169036641717,0.8094397655222565,0.5227233697660267,0.3499327905010432,16.4445636674693
0.9050690706353635,0.37230786914005876,0.26942245615646243,0.33817554055713117,0.736907763639465,0.9815421153325588,0.9889193060807884,0.8125325022265315,0.1791167170740664,0.34781240462325513,17.21792221517836
0.41207223385572433,0.0862627022434026,0.5241886521689594,0.019393370021134615,0.9341798850800842,0.02159991837106645,0.4769886201247573,0.21978452522307634,0.09695319458842278,0.6083110044710338,6.437155951165851
0.8129018268082291,0.7744912079069763,0.24164878367446363,0.6336934121791273,0.9648633110336959,0.2953864603769034,0.11672368901781738,0.9358473084867001,0.22099867975339293,0.469534624600783,22.23756276025536
0.9450670885853469,0.40508864214643836,0.3358327513560653,0.24744811072014272,0.6601792138535529,0.34736503940075636,0.5778262303210795,0.9183329150546342,0.3873843632172793,0.36272471537813544,15.140677713028715
0.8236347034107894,0.9355047235731035,0.38090317347086966,0.4406622485257685,0.5462715895846486,0.5281233421992511,0.5331950311083347,0.8650670780334622,0.9004302944522351,0.7461950473953038,14.519439375129929
0.3777600144967437,0.9318636730313301,0.7870070680510253,0.9049416785128415,0.8481919432524592,0.7684220806695521,0.37863274896517396,0.38599493401125073,0.6724247415550053,0.789791306015104,23.685410733321568
0.2373653792310506,0.8149708295240998,0.15246407431550324,0.3787600256036967,0.546060967957601,0.9377772731240839,0.9714796349871904,0.6071225795894861,0.4307062595617026,0.2938664825633168,15.342548492735697
0.6490272281225771,0.2790471271146089,0.25326262856833637,0.33991514751687646,0.3305369217414409,0.9932436824310571,0.9010006473399699,0.7520184454042464,0.6556760256644338,0.5870195087045431,12.95830457926545
0.43183419783599675,0.6340948501601815,0.8254377509001642,0.9363949000835419,0.5397108166944236,0.6632462660782039,0.02129158773459494,0.223116981331259,0.5856208235491067,0.9499426884576678,21.830738018590512
0.35255253221839666,0.07949353056028485,0.5394348576664925,0.6885891507845372,0.5981990799773484,0.42845599516294897,0.14794976566918194,0.7230642903596163,0.41101263207383454,0.9840057909023017,11.761724420368779
0.6398149412125349,0.6580610566306859,0.02959954272955656,0.2150073261000216,0.5558315010275692,0.7381893778219819,0.49281895719468594,0.05609524017199874,0.553230123128742,0.3655565876979381,19.127413788490593
0.7523927474394441,0.5539731285534799,0.4319201223552227,0.7380873772781342,0.11394434771500528,0.6185854659415781,0.932315023150295,0.008975293952971697,0.0972564797848463,0.38779281824827194,18.612263366546834
0.031243401346728206,0.366862581577152,0.07647616718895733,0.7974599576555192,0.9897411740384996,0.8694047096651047,0.5656106031965464,0.43909326870925725,0.31068722950294614,0.8538558213040233,17.05272703311732
0.3306747558526695,0.8219725810922682,0.9699886981397867,0.08791808038949966,0.3086028073448688,0.19613274210132658,0.5961300365161151,0.7551879999227822,0.4703314765356481,0.08042051084339619,13.933942097777773
0.9749512556008995,0.7164993551559746,0.07862125057727098,0.6638949108310044,0.4043295404408127,0.8787166846450418,0.07363007101230323,0.013242590939626098,0.8840214088559151,0.5797430877573788,20.95709530719996
0.926000673789531,0.7652040743269026,0.6309112005401403,0.9236149045173079,0.5673922982532531,0.6854644028935581,0.039017114555463195,0.004685103893280029,0.27191486256197095,0.6452078097499907,20.856400272638247
0.9538734294474125,0.7825525237713009,0.20450211339630187,0.6853656854946166,0.3572846020106226,0.631446712417528,0.30412704427726567,0.3072823756374419,0.09867248893715441,0.2917165905237198,17.55022365730746
0.7150064781308174,0.15639425464905798,0.38185807364061475,0.8266302945557982,0.2026822178158909,0.6576983104459941,0.4580826684832573,0.7895609315019101,0.674532443517819,0.478934443090111,12.843937030869444
0.36191660072654486,0.35340711707249284,0.7458312066737562,0.34497645404189825,0.6683512839954346,0.8731453989166766,0.1621215606573969,0.10450106463395059,0.839610438561067,0.12717011757194996,11.777405355645632
0.4086765069514513,0.556499091675505,0.8446640933398157,0.25935147097334266,0.8039287740830332,0.39533116412349045,0.7396795426029712,0.02602884080260992,0.5326950107701123,0.8123985796701163,14.941876677858485
0.07833352428860962,0.18486572336405516,0.6843722488265485,0.5514405751600862,0.02439710102044046,0.14990975405089557,0.6844152987468988,0.06813992164097726,0.9654742663260549,0.7322590970434248,6.025976283523567
0.6442581827286631,0.24926841934211552,0.45555947278626263,0.968869220931083,0.21380540961399674,0.1321489771362394,0.0847145242150873,0.7123105493374169,0.3018166546244174,0.7425044383853674,15.194083410981236
0.1943083619698882,0.15613871277309954,0.8626593572553247,0.3964227444957942,0.47798199532553554,0.432884813984856,0.514827230013907,0.9822131630498916,0.6372335706837475,0.2821813418995589,9.862924611670755
0.32177349645644426,0.3854662834201008,0.8480532271787524,0.6992724174633622,0.37142423959448934,0.08154756156727672,0.8173935399390757,0.16124857147224247,0.33427148312330246,0.3019350122194737,16.043342307210356
0.40124233602546155,0.8977038261946291,0.8769763372838497,0.042928924318403006,0.08913334226235747,0.9581225402653217,0.07095787744037807,0.01845525554381311,0.5743719232268631,0.2948552400339395,13.358064635761634
0.8069025899749249,0.3340040866751224,0.9893191796727479,0.12005905294790864,0.16729284753091633,0.2260168946813792,0.8183500117156655,0.8926715988200158,0.09600716643035412,0.217021040385589,14.894027464457835
0.2871092779096216,0.22726561920717359,0.8760477560572326,0.5632318530697376,0.35542708821594715,0.1666068050544709,0.4177294196560979,0.38867381075397134,0.6725749243050814,0.4476635088212788,13.695303873278565
0.5290176505222917,0.71510030166246,0.06675713160075247,0.5311691518872976,0.6124567417427897,0.509145887568593,0.5582927600480616,0.5368091736454517,0.06682759965769947,0.3557681110687554,22.982590019187615
0.7733190776780248,0.676958960480988,0.6830558404326439,0.9992174610961229,0.668354342225939,0.7332736237440258,0.25324794999323785,0.48544507124461234,0.138591680675745,0.03882047045044601,23.712384549064403
0.40058852871879935,0.36419185204431415,0.7875173490028828,0.8652846845798194,0.3314049888867885,0.12733228621073067,0.11954953544773161,0.27735334634780884,0.2651394947897643,0.5412174419034272,15.79409225788908
0.675536650698632,0.906039230292663,0.34350207168608904,0.1739072953350842,0.26365392305888236,0.594437925843522,0.7965038775000721,0.046724701300263405,0.6785412698518485,0.0389020920265466,12.70188815606752
0.8741821118164808,0.9443790167570114,0.4553961476776749,0.76777762058191,0.26348373480141163,0.19113900512456894,0.7028403072617948,0.3823645643424243,0.47578619164414704,0.3471904748585075,13.516216009489021
0.020149759482592344,0.9477097687777132,0.5347124629188329,0.39404592104256153,0.5051686600781977,0.5150947673246264,0.7716739990282804,0.532768807373941,0.34877325571142137,0.17964270035736263,7.041608563537496
0.0008765989914536476,0.12941282079555094,0.7768765455111861,0.40604309644550085,0.23305208911187947,0.8547973001841456,0.8637812419328839,0.7741732688155025,0.8831917948555201,0.890742625342682,7.010915587892786
0.6139452359639108,0.5125372468028218,0.5168829984031618,0.10718807741068304,0.6137281488627195,0.4760052994824946,0.0872329983394593,0.11529721785336733,0.926272191805765,0.04574436694383621,12.57480368762552
0.5197473505977541,0.492478143889457,0.5467341656330973,0.13437464833259583,0.8006275414954871,0.14939692500047386,0.04074579942971468,0.5222363553475589,0.5466083961073309,0.9367746659554541,13.33605674026575
0.3896294382866472,0.5353293314110488,0.3576926162932068,0.1348392937798053,0.7766591038089246,0.49955156934447587,0.8965770413633436,0.8574696420691907,0.08965741074644029,0.6646047704853117,12.736658199734169
0.49298226833343506,0.02133888192474842,0.27571195270866156,0.24612492136657238,0.2248828650917858,0.3432955478783697,0.0706514255143702,0.9262072860728949,0.2987026604823768,0.38191478746011853,6.045464631450131
0.8494522389955819,0.6118169543333352,0.8182832712773234,0.32114271027967334,0.009490554453805089,0.18696131301112473,0.3132096885237843,0.6072705865371972,0.7738633742555976,0.29033499024808407,15.881697266116369
0.7208883208222687,0.016720362240448594,0.7516810363158584,0.037556266877800226,0.3583801556378603,0.22048142738640308,0.4612187601160258,0.13401550170965493,0.0815440861042589,0.6112927095964551,4.744352357439876
0.13111644960008562,0.5121979746036232,0.9166233472060412,0.8141750614158809,0.11589491786435246,0.7785614407621324,0.07043985859490931,0.29195624496787786,0.5963666872121394,0.5970006263814867,13.848821907612853
0.480460740160197,0.6538820473942906,0.32802935340441763,0.2929272202309221,0.9763066614978015,0.9033035526517779,0.11334197805263102,0.8381693521514535,0.22176437079906464,0.49372773501090705,16.503062216303842
0.27261264878325164,0.29825507500208914,0.4698488775175065,0.042916167294606566,0.9992769286036491,0.3632772136479616,0.9860377053264529,0.6703001875430346,0.712763176066801,0.49083194276317954,8.133709541623059
0.3616434393916279,0.9963460615836084,0.6816307015251368,0.9687952417880297,0.02162958402186632,0.8595038738567382,0.3781273306813091,0.6391805231105536,0.9150061279069632,0.827331236563623,19.135103011764983
0.22844788641668856,0.7100034409668297,0.4270463159773499,0.6219071645755321,0.7919658024329692,0.3067213783506304,0.49989410932175815,0.281527093378827,0.7808785112574697,0.9830743139609694,15.764507408311461
0.29588161455467343,0.1332120355218649,0.7529002232477069,0.7077704078983516,0.8973537483252585,0.7029859693720937,0.9946440767962486,0.15845296205952764,0.8191211670637131,0.8751569869928062,14.327534566536109
0.8005849397741258,0.25071082124486566,0.8392595571931452,0.33373467857018113,0.4856986100785434,0.857243524864316,0.5843503009527922,0.22366056544706225,0.17236182396300137,0.6990120497066528,14.334467794306603
0.13466235483065248,0.36107078357599676,0.23744517122395337,0.3421783584635705,0.38110461132600904,0.28610948170535266,0.41996915778145194,0.9581140873488039,0.21271001524291933,0.059855298371985555,7.961516050919634
0.1384846067521721,0.7613118079025298,0.3409981052391231,0.02233779476955533,0.47557543171569705,0.7646587574854493,0.8772477360907942,0.40036118612624705,0.28340304479934275,0.8124762997031212,6.1105270035544255
0.016267996979877353,0.8338514440692961,0.941556760808453,0.9121215648483485,0.32131353043951094,0.6940145862754434,0.4078977594617754,0.1479157106950879,0.5631494116969407,0.7513426740188152,14.727555372327803
0.7161413603462279,0.7960854228585958,0.926025256048888,0.08473250386305153,0.7941775268409401,0.5271005630493164,0.7087267555762082,0.08488359674811363,0.5965480434242636,0.9730487808119506,18.264769714659103
0.6306355032138526,0.22334353486075997,0.1503705233335495,0.27038088953122497,0.7101903446018696,0.38504460523836315,0.7549639723729342,0.11759946891106665,0.5334982906933874,0.5126532609574497,12.224461390477025
0.9419044177047908,0.1520178308710456,0.23097762651741505,0.5047452482394874,0.5503502273932099,0.5206633526831865,0.5173923333641142,0.4522908004000783,0.0841155550442636,0.27898164466023445,13.139461099162766
0.6527605406008661,0.6785511884372681,0.7483968618325889,0.21503184246830642,0.39960742462426424,0.5059616798534989,0.9278854241129011,0.02659650892019272,0.9874406983144581,0.6118271893355995,15.352888214453175
0.699718672549352,0.22589851706288755,0.09558416181243956,0.6453278458211571,0.0352463994640857,0.9984729534480721,0.41063118539750576,0.07306187087669969,0.6882475309539586,0.6531889759935439,13.812187232443016
0.5201448351144791,0.03773711179383099,0.48525985004380345,0.10006130463443696,0.8482678586151451,0.19623387954197824,0.5643051413353533,0.6367811788804829,0.8254613927565515,0.8375537840183824,6.123163092139302
0.2721162287052721,0.6842614654451609,0.9691907404921949,0.879005036316812,0.7781760198995471,0.30427484633401036,0.5970311649143696,0.2596291033551097,0.08365998859517276,0.41421378776431084,22.289995080553737
0.9851213998626918,0.2788480771705508,0.10058814729563892,0.35131570883095264,0.531029703328386,0.063279073452577,0.125760497758165,0.6376940060872585,0.9782373304478824,0.8224252881482244,19.467391916542763
0.4085274385288358,0.26965923397801816,0.7510805316269398,0.7517884026747197,0.030573555966839194,0.45966233871877193,0.6513709295541048,0.8990409097168595,0.9306143918074667,0.8440303809475154,12.953913485887387
0.6877000958193094,0.28672279068268836,0.9426008388400078,0.13492630794644356,0.8070356585085392,0.042161317309364676,0.6840547546744347,0.5786184908356518,0.13014429877512157,0.468658943194896,15.840198842829759
0.9666182899381965,0.12330365739762783,0.5144513740669936,0.968155127717182,0.21313536050729454,0.8148237203713506,0.5586201020050794,0.2192126396112144,0.5400298417080194,0.5239207339473069,14.843774775321418
0.6974927568808198,0.27107090409845114,0.08320298115722835,0.3701566276140511,0.8694437663070858,0.986852356698364,0.12304643890820444,0.2002529837191105,0.26528674201108515,0.04396258410997689,16.20487360018807
0.871402436401695,0.3528043953701854,0.6189298154786229,0.7382610361091793,0.9456372079439461,0.9457749028224498,0.139331589685753,0.12893388932570815,0.28203109302558005,0.3011549059301615,20.707783459161185
0.14978633588179946,0.34017652296461165,0.002216627821326256,0.9184504400473088,0.8699153764173388,0.992683096555993,0.04045126889832318,0.807350052986294,0.4136327002197504,0.9802419161424041,19.77497801494563
0.20559282996691763,0.3966592075303197,0.19036561367101967,0.050728196976706386,0.28085011686198413,0.5958942009601742,0.7413875048514456,0.4469382553361356,0.29159180633723736,0.0797501509077847,6.768553485332498
0.29013003828004,0.09768287697806954,0.4454296862240881,0.28306614118628204,0.40975304786115885,0.2798378998413682,0.15541257872246206,0.9314525285735726,0.6634404063224792,0.8999671833589673,5.353500199957143
0.771979340352118,0.8909054056275636,0.7190719672944397,0.8151170511264354,0.6810034329537302,0.94218156975694,0.964470227714628,0.9546189589891583,0.8384873014874756,0.21798676485195756,19.520787534175536
0.24505079118534923,0.28189144656062126,0.32457825797609985,0.4803472342900932,0.7536662637721747,0.1460309587419033,0.6046416463796049,0.8618732837494463,0.43392476509325206,0.41319929459132254,10.252638525395705
0.2249992557335645,0.890737417852506,0.2722403497900814,0.8886724291369319,0.47395202284678817,0.38885364797897637,0.7042369025293738,0.14120905683375895,0.84166783769615,0.5104098333977163,19.064878063068196
0.9393735833000392,0.7773064421489835,0.07614706829190254,0.824813412502408,0.9265196782071143,0.12414716626517475,0.461492957547307,0.22786127589643002,0.8395633294712752,0.6665920650120825,23.683621468818256
0.8273034074809402,0.15086870873346925,0.7401483019348234,0.30185138573870063,0.04755029617808759,0.2414643324445933,0.2104576623532921,0.5168802968692034,0.4171551903709769,0.280397517606616,8.39817022182383
0.5168498768471181,0.13120733783580363,0.056633612839505076,0.4484970790799707,0.31235178653150797,0.7597129549831152,0.7720983184408396,0.5240406631492078,0.7688666037283838,0.31041433685459197,11.925630734518963
0.6840230782981962,0.3945130796637386,0.15486222528852522,0.19646095228381455,0.8176861421670765,0.8412690891418606,0.8045133631676435,0.6656550737097859,0.12031456525437534,0.04072640649974346,16.565275967912015
0.4822911759838462,0.668066868558526,0.015509598888456821,0.5377490206155926,0.5522723598405719,0.1571831980254501,0.11023754230700433,0.11764253838919103,0.5652154264971614,0.4928644294850528,20.95768297153545
0.3687667471822351,0.7244315955322236,0.7973319762386382,0.6269740890711546,0.8049508177209646,0.567219304619357,0.6668557594530284,0.13822754798457026,0.5525638083927333,0.7509509157389402,21.32839704294147
0.6085068695247173,0.42103766347281635,0.8362266952171922,0.5746807719115168,0.9781020884402096,0.6692326506599784,0.2548311585560441,0.9595756875351071,0.9982747964095324,0.9347607612144202,20.50407037233828
0.899128571851179,0.22340021189302206,0.5997029866557568,0.014805627753958106,0.16407725890167058,0.08140817051753402,0.44651374011300504,0.32124416786246,0.7535861893557012,0.8184765621554106,6.855200964180465
0.14942808845080435,0.3754538814537227,0.5373982973396778,0.6932330597192049,0.19772709859535098,0.8399520139209926,0.15473968698643148,0.24570603179745376,0.5779465190134943,0.8906077546998858,9.868768906053022
0.13627493102103472,0.7641363304574043,0.2110876098740846,0.10211908956989646,0.8581776064820588,0.13055692706257105,0.774238727753982,0.5968397238757461,0.8579789130017161,0.02828703122213483,8.88035307902161
0.266140952706337,0.9627409921959043,0.957965724170208,0.18840143363922834,0.3983311248011887,0.6328569422475994,0.6841435879468918,0.522632977925241,0.9897100559901446,0.7415271622594446,15.372409417644667
0.507538984529674,0.5250235034618527,0.6409029543865472,0.7467438445892185,0.704951890045777,0.7657823308836669,0.9508075080811977,0.9679519650526345,0.04643141012638807,0.5407279746141285,19.203270839648983
0.8305079515557736,0.24765257583931088,0.390852382639423,0.3789905020967126,0.32826056820340455,0.6091313299257308,0.5177253684960306,0.24492046958766878,0.8896410255692899,0.9482295089401305,13.373466237208428
0.2067249696701765,0.32292166561819613,0.17963894200511277,0.5697961698751897,0.6339523664209992,0.20730597781948745,0.2617726807948202,0.49178315000608563,0.7335158181376755,0.14102514344267547,11.498387196606718
0.16178575437515974,0.5798797102179378,0.9074744179379195,0.8348543671891093,0.03386741876602173,0.11098136217333376,0.31190527346916497,0.10976508818566799,0.9123879193793982,0.5792827506083995,14.14328378317998
0.14827443240210414,0.7737523661926389,0.32587516214698553,0.919946864945814,0.9795869642402977,0.3328562192618847,0.16307849274016917,0.6374797753524035,0.4178641310427338,0.243586297146976,18.419518525383506
0.6476999025326222,0.9194158846512437,0.7677936558611691,0.013511524070054293,0.20082191284745932,0.1058745316695422,0.043840684462338686,0.5914818185847253,0.5097179191652685,0.37527692527510226,13.633819621076075
0.20737550407648087,0.21640537260100245,0.5084264420438558,0.9403516210149974,0.2818459393456578,0.9916051726322621,0.6542244073934853,0.37555391527712345,0.743903630413115,0.9936844219919294,11.709967805809393
0.13844705745577812,0.9935949321370572,0.41178089287132025,0.7030224290210754,0.14492459665052593,0.5893209101632237,0.5498322991188616,0.30474706017412245,0.03970201616175473,0.3982011720072478,13.12469131017951
0.5647520292550325,0.40075955050997436,0.864521192619577,0.876053127925843,0.6204377131070942,0.717872058507055,0.7323470071423799,0.283129891846329,0.2978157168254256,0.5545048443600535,19.204786784669317
0.3723610029555857,0.4557773640844971,0.45734746870584786,0.32088687899522483,0.28251103358343244,0.4731317150872201,0.32716872240416706,0.9069058923050761,0.24871579254977405,0.4048527979757637,9.529363695023337
0.48546857782639563,0.4774475251324475,0.420747954165563,0.4492862143088132,0.33037622878327966,0.888394684297964,0.027355458354577422,0.34711372503079474,0.5046846910845488,0.6577881800476462,12.07871763147199
0.4176404003519565,0.4330508520361036,0.14593020733445883,0.5913529738318175,0.9500541053712368,0.08990660612471402,0.8383542252704501,0.2327925399877131,0.6533873903099447,0.9900239403359592,18.12035366873791
0.2843593240249902,0.8946234572213143,0.5950231535825878,0.6106630591675639,0.5319958457257599,0.8716535859275609,0.08185993111692369,0.27151873521506786,0.8765579769387841,0.8271608876530081,16.659121864903906
0.765342915430665,0.8483364616986364,0.7950128917582333,0.010177703574299812,0.40228875866159797,0.051851672818884254,0.07682378985919058,0.7170789814554155,0.6558784663211554,0.629287289455533,12.224351791525581
0.20854503870941699,0.16537563619203866,0.1357827445026487,0.5668633123859763,0.668338056653738,0.5980084901675582,0.9720468984451145,0.27217592648230493,0.2956944212783128,0.2585715581662953,13.167033337438784
0.0023552358616143465,0.9108458820264786,0.2705376467201859,0.5537397011648864,0.47883787215687335,0.5901241397950798,0.5421001869253814,0.9760815855115652,0.07947413483634591,0.04788744868710637,8.367634671418813
0.1533177241217345,0.1954198805615306,0.5411794790998101,0.6192209767177701,0.0974371344782412,0.014957828214392066,0.5693982974626124,0.6428096601739526,0.8618836782407016,0.23356027901172638,7.347367291155204
0.7231156376656145,0.794996362645179,0.24635457573458552,0.37372128991410136,0.289844918763265,0.9865030974615365,0.8862480944953859,0.529392150696367,0.7459681504406035,0.2693826425820589,15.39552607428913
0.6625195220112801,0.42644560895860195,0.3265908258035779,0.28259157575666904,0.11890643136575818,0.9369326182641089,0.0007626933511346579,0.4180878191255033,0.2986634497065097,0.6245551430620253,11.707670174076666
0.6015579004306346,0.6825423080008477,0.9489269417244941,0.045182917499914765,0.9869616371579468,0.6509418219793588,0.14887881465256214,0.11759329400956631,0.30046504084020853,0.8338488121517003,19.353069187044838
0.28557165898382664,0.1842527911067009,0.8048293055035174,0.8535613727290183,0.2662579515017569,0.6912840050645173,0.46009229170158505,0.7365644304081798,0.8799295416101813,0.2713170328643173,12.701139676001334
0.9497630691621453,0.8840525485575199,0.260071192169562,0.514703665394336,0.5381283280439675,0.8656980113591999,0.0007531116716563702,0.4554585665464401,0.8349134137388319,0.8720529878046364,14.224950255786425
0.29460839577950537,0.11648666439577937,0.5322941713966429,0.43050329317338765,0.8621089193038642,0.8102244921028614,0.01640071370638907,0.04871334624476731,0.10168039565905929,0.667558487970382,10.51251823303293
0.4249052482191473,0.11072669830173254,0.5886078241746873,0.14239389565773308,0.5964746568351984,0.34664927958510816,0.9410195408854634,0.24608478718437254,0.634846672648564,0.8530728854238987,8.045585798772645
0.36719412333332,0.33423087280243635,0.22741984180174768,0.29283969779498875,0.4157826730515808,0.06589575903490186,0.6091065357904881,0.5451236623339355,0.24084261362440884,0.9923556719440967,9.16870686558649
0.28156536212190986,0.4409312200732529,0.02537528518587351,0.36135483509860933,0.5418960493989289,0.1431962614879012,0.11429789732210338,0.34337299154140055,0.47221268340945244,0.1471243198029697,14.604280434894534
0.20040170662105083,0.9312188059557229,0.10816670907661319,0.6600454144645482,0.5567157021723688,0.6498769265599549,0.39916495187208056,0.23229274060577154,0.7766362405382097,0.6293879260774702,18.19832540537258
0.08101393817923963,0.274164617061615,0.9602322559803724,0.9339642075356096,0.6009170266333967,0.5267584882676601,0.5441004852764308,0.1112730298191309,0.9203675345052034,0.32275204407051206,16.197221546500913
0.16710968944244087,0.8571496130898595,0.21362959640100598,0.21349458280019462,0.7140585305169225,0.8234192088712007,0.10941524361260235,0.6589233330450952,0.18055012729018927,0.11525858798995614,12.324166469369272
0.18613508972339332,0.5105700495187193,0.16845791903324425,0.06797068612650037,0.8953119604848325,0.5671063237823546,0.5714864213950932,0.2960139319766313,0.02179271192289889,0.47590366564691067,9.907593922101492
0.9366847150959074,0.20931598544120789,0.0458989180624485,0.6835597271565348,0.42568546696566045,0.08649133914150298,0.4225851541850716,0.5778708735015243,0.24883381417021155,0.5019668689928949,18.723218294753014
0.33031744533218443,0.36142991832457483,0.8308635971043259,0.19942211150191724,0.5052642447408289,0.1459316574037075,0.7939290788490325,0.8959849325474352,0.8363997803535312,0.5860609689261764,10.908603827445605
0.10072297533042729,0.20706744026392698,0.5056314810644835,0.5632416247390211,0.6739830332808197,0.39558117371052504,0.567041790811345,0.694520209915936,0.4531497289426625,0.22936846548691392,8.876462110139789
0.9305293296929449,0.28556068055331707,0.7171960722189397,0.3792751682922244,0.2017964869737625,0.9225373407825828,0.5755982922855765,0.7151958853937685,0.3304893309250474,0.40495384274981916,12.1786631727905
0.41179859079420567,0.9383579478599131,0.6089346625376493,0.3405871596187353,0.33327609836123884,0.03680938761681318,0.11614613304845989,0.1922612339258194,0.39068622211925685,0.19071672926656902,14.284274701884039
0.6962348627857864,0.47977543249726295,0.09096132195554674,0.9063848762307316,0.5787254229653627,0.8612140130717307,0.6233182300347835,0.45291665848344564,0.22909933794289827,0.09168976685032248,25.777680319072843
0.7296893827151507,0.7248491544742137,0.2879292359575629,0.7008889601565897,0.4921292862854898,0.8024142018985003,0.693884446285665,0.3531771991401911,0.17949843779206276,0.15283303475007415,20.438346373582227
0.9972690991126001,0.5880826041102409,0.5666700180154294,0.4808557778596878,0.7584209609776735,0.4226048123091459,0.5719799094367772,0.4120705765672028,0.5439812627155334,0.34592360886745155,18.008520289431342
0.9651357224211097,0.7876407094299793,0.6511730803176761,0.7219619050156325,0.5999304438009858,0.9854669629130512,0.5941320324782282,0.1500589158385992,0.5193630724679679,0.5043080451432616,16.69654085577468
0.28183588734827936,0.6554242935962975,0.8927834045607597,0.6490625641308725,0.06431759218685329,0.6660452343057841,0.4809254112187773,0.7824844159185886,0.9014384702313691,0.5613911703694612,13.739485221484099
0.25574415014125407,0.8274474837817252,0.4369083035271615,0.21587932971306145,0.21614738926291466,0.3473491473123431,0.7343205290380865,0.38852912466973066,0.32926379749551415,0.12306391703896224,9.049040427964703
0.21535156830213964,0.9562782819848508,0.33876425470225513,0.16968665062449872,0.6545611021574587,0.5776245794259012,0.9424592587165534,0.6812682945746928,0.6523838571738452,0.3026151063386351,9.954144020119967
0.8879021790344268,0.6937937971670181,0.7138829480390996,0.06801400450058281,0.16853611054830253,0.893178153783083,0.433008809806779,0.4513748334720731,0.7891944835428149,0.3594039536546916,11.97254679703283
0.3880763417109847,0.0034506015945225954,0.0235112770460546,0.4082680146675557,0.03490034560672939,0.16104459180496633,0.2122062740381807,0.892535790335387,0.5574900223873556,0.6601790790446103,7.40460501764744
0.036390368826687336,0.7235447377897799,0.7113132947124541,0.09983528242446482,0.5248342608101666,0.6577588722575456,0.826299614738673,0.6947317295707762,0.9592229307163507,0.23052363470196724,4.663129734708013
0.9309972678311169,0.9672985936049372,0.306673149112612,0.697841466171667,0.06420155987143517,0.8893664041534066,0.41177828633226454,0.39726462960243225,0.6982074521947652,0.7697413151618093,12.009087992966691
0.3906915639527142,0.2090581690426916,0.9380501278210431,0.7387155522592366,0.6450547778513283,0.8242374951951206,0.20378415053710341,0.2750722826458514,0.6215653500985354,0.023987385211512446,16.519772707030548
0.7469110742677003,0.1558700343593955,0.8479267889633775,0.4107635992113501,0.5895513771101832,0.1728045183699578,0.9089256678707898,0.49038732796907425,0.4951353457290679,0.5476869842968881,13.883681898326685
0.7616500738076866,0.3904631908517331,0.7334173957351595,0.7795046418905258,0.858734283130616,0.9695326050277799,0.179734107805416,0.7852657679468393,0.26311629405245185,0.5677612836007029,22.39674149565534
0.6212036442011595,0.290371126960963,0.8914303469937295,0.03798800543881953,0.07785141002386808,0.8121464655268937,0.9191872021183372,0.19588597281835973,0.6017670456785709,0.6129638701677322,8.136128081944406
0.4817050755955279,0.5307203286793083,0.727122372481972,0.9145609268452972,0.4279756243340671,0.3734661308117211,0.13421593769453466,0.2638688513543457,0.030182110145688057,0.24441354349255562,19.344546645660134
0.06530355894938111,0.7101937308907509,0.2905625223647803,0.7967902673408389,0.19106425810605288,0.06888069910928607,0.7694420833140612,0.1768681879620999,0.7886710329912603,0.30355083965696394,11.730272419537904
0.8045251981820911,0.21358070499263704,0.5450006301980466,0.42349309544079006,0.45487639564089477,0.5245525753125548,0.5295573472976685,0.362670753384009,0.7581067837309092,0.5703520278912038,10.003657203798847
0.18009595084004104,0.9622057056985795,0.24402530631050467,0.48444703384302557,0.23092509433627129,0.6620488257613033,0.18121330300346017,0.23440032685175538,0.418166836258024,0.11860446259379387,13.910668641315658
0.9794921004213393,0.3545064344070852,0.2947620872873813,0.1748202450107783,0.17630631010979414,0.3690898430068046,0.869861873332411,0.15118162403814495,0.06425089039839804,0.1736608927603811,13.031343758513817
0.3015837229322642,0.2995142098516226,0.48811440938152373,0.48669758159667253,0.33861679257825017,0.611845200881362,0.13523842697031796,0.13604568550363183,0.7396684011910111,0.4427462655585259,9.03819298423575
0.40193771990016103,0.8333881644066423,0.4698866705875844,0.028319194447249174,0.3604228966869414,0.09298903960734606,0.6825007896404713,0.5176940909586847,0.9908412934746593,0.25197344180196524,11.54078736886794
0.09606754500418901,0.6356884778942913,0.659613607218489,0.3292939856182784,0.5398209269624203,0.9332482255995274,0.018868466606363654,0.7349480912089348,0.5259290731046349,0.9612732890527695,9.788573622451743
0.6945385525468737,0.9808519033249468,0.8706911425106227,0.41648571961559355,0.38042733049951494,0.517912793206051,0.09197702165693045,0.10106608434580266,0.8503244535531849,0.22520120977424085,17.235727065661994
0.29387472569942474,0.7166543060448021,0.6250207934062928,0.6361108662094921,0.24599755159579217,0.4626598870381713,0.9916326007805765,0.15772624081000686,0.6696935053914785,0.7303797218482941,15.863569089937474
0.48234743741340935,0.7337554264813662,0.21064525144174695,0.9033130861353129,0.3707677654456347,0.6169739023316652,0.9878607131540775,0.10486452397890389,0.5066402689553797,0.7502897405065596,21.505022304403486
0.11222754698246717,0.9159048795700073,0.27430786192417145,0.6092188602779061,0.8801599782891572,0.9299380867742002,0.850557787809521,0.951357496669516,0.046028168173506856,0.5247744899243116,13.26493786579819
0.22324773273430765,0.9413177208043635,0.3473050291649997,0.36755029670894146,0.9829784508328885,0.7599434352014214,0.6733288436662406,0.44382163882255554,0.3534999587573111,0.19787794770672917,13.689561285275762
0.8829404851421714,0.3144068201072514,0.30582955991849303,0.801740194670856,0.6981279288884252,0.7916733361780643,0.0708321537822485,0.4677605393808335,0.6257840832695365,0.07734467857517302,18.748410158150225
0.913786857156083,0.8670941684395075,0.24950264859944582,0.7712587132118642,0.46707831881940365,0.2348861270584166,0.7912207611370832,0.23230099119246006,0.5402639568783343,0.2650928746443242,17.738143684433545
0.7738776851911098,0.2947722354438156,0.9267346258275211,0.6531457814853638,0.47979295812547207,0.9181993789970875,0.6754410266876221,0.805837667779997,0.6873544128611684,0.6996540471445769,18.811344288303573
0.6492979601025581,0.5917554837651551,0.0018325294367969036,0.039919191505759954,0.20370227354578674,0.6573120455723256,0.06465298030525446,0.4816440276335925,0.14352250611409545,0.6810211266856641,16.091213695525187
0.2878373605199158,0.7500958265736699,0.9854589095339179,0.764084258582443,0.5275150572415441,0.14516941946931183,0.37240643077529967,0.46324314177036285,0.9276614249683917,0.9066290853079408,21.74085232955504
0.3990754964761436,0.23414576146751642,0.9576802188530564,0.6728400003630668,0.2075792644172907,0.8549498382490128,0.07183957751840353,0.7976725350599736,0.8687596975360066,0.09855506895110011,14.683510100829746
0.7780945105478168,0.5334187061525881,0.8113093846477568,0.5514842192642391,0.6228229026310146,0.49935227050445974,0.8826266953255981,0.4187706224620342,0.9957043288741261,0.06842172285541892,17.13138698971715
0.7106065803673118,0.5062925964593887,0.07794108125381172,0.7541977036744356,0.2926082278136164,0.18683942314237356,0.6644180242437869,0.04453683388419449,0.29340316681191325,0.6719619482755661,20.59455015173615
0.8297180715017021,0.1757157954853028,0.09110826510004699,0.09782446594908834,0.7993116171564907,0.26441988651640713,0.5307438499294221,0.8080749385990202,0.8817896980326623,0.6495393377263099,11.761293126177263
0.5281348801217973,0.8950050363782793,0.3425385928712785,0.01399103575386107,0.41089643840678036,0.8758783733937889,0.9619686885271221,0.7460646571125835,0.07147622318007052,0.8814760947134346,13.80640162064654
0.6199488521087915,0.5021011380013078,0.5768448584713042,0.3303288547322154,0.6103464663028717,0.10747639089822769,0.47388243046589196,0.23155594989657402,0.07795962109230459,0.054678669199347496,15.562468747524877
0.13876410922966897,0.01677549770101905,0.2685804127249867,0.9574268183205277,0.03307185438461602,0.322599085746333,0.16510146553628147,0.13811015570536256,0.10004552803002298,0.36659213970415294,10.933289272127164
0.22900198097340763,0.20623791869729757,0.14632953656837344,0.2540727313607931,0.686120095429942,0.625714213354513,0.08400976238772273,0.8605307131074369,0.962714004330337,0.5182478546630591,9.546191400006881
0.44953775592148304,0.31979092373512685,0.7710464482661337,0.5217691424768418,0.27683018101379275,0.14537163241766393,0.9676459250040352,0.7133840832393616,0.060673558386042714,0.5054597624111921,10.56034800907117
0.7495270217768848,0.7738993191160262,0.4385915109887719,0.19694466143846512,0.36129687959328294,0.45044701057486236,0.5001974671613425,0.27847785176709294,0.2872655061073601,0.21908922353759408,13.410844641541383
0.35965450410731137,0.3935900123324245,0.5131442826241255,0.3939277152530849,0.8043312262743711,0.6131013501435518,0.04884374933317304,0.7601423512678593,0.05909688421525061,0.3676921783480793,9.609145083548619
0.6486037962604314,0.35876052384264767,0.5391685329377651,0.02291582152247429,0.4997954210266471,0.24281627964228392,0.1258095963858068,0.7351662190631032,0.0974430579226464,0.15562512446194887,8.650661819104526
0.7175885550677776,0.16631717863492668,0.8865092261694372,0.7380197334568948,0.9201579203363508,0.5228378854226321,0.942531629698351,0.6107769045047462,0.9881499917246401,0.2424301845021546,18.43113030125422
0.8688056166283786,0.08701380924321711,0.8307782320771366,0.34660515165887773,0.8271604594774544,0.7167751051019877,0.3293546615168452,0.9662696323357522,0.91727324295789,0.7288488454651088,12.179874688943777
0.9337759865447879,0.834694919642061,0.6500638430006802,0.2752764276228845,0.6941199167631567,0.9948408224154264,0.46448186528868973,0.7775296040344983,0.7639437252655625,0.10643695620819926,13.026103298567376
0.813249713042751,0.2003257831092924,0.12881842185743153,0.8952384381555021,0.5974444488529116,0.6296054797712713,0.4766793008893728,0.9767646284308285,0.8511047763749957,0.5332306823693216,19.746078282508687
0.2313832889776677,0.8049108381383121,0.7476599281653762,0.6359241679310799,0.4987561726011336,0.1285659489221871,0.9159146682359278,0.506595290498808,0.055485519813373685,0.14421580405905843,14.562513763230974
0.2179572251625359,0.7966054633725435,0.6170892694499344,0.9563238546252251,0.23986811144277453,0.8314106501638889,0.6072917848359793,0.7916055514942855,0.4736387515440583,0.056053851963952184,17.004229447211923
0.42563807289116085,0.5032972770277411,0.8192459014244378,0.41425347817130387,0.2154252752661705,0.8687564805150032,0.2248782836832106,0.9534157514572144,0.8982227365486324,0.7932405970059335,14.182207787949004
0.2079371192958206,0.023989135399460793,0.6842568726278841,0.42125792475417256,0.4506459189578891,0.996137842303142,0.3176000483799726,0.6911680013872683,0.07298005209304392,0.40092904143966734,7.280286212650729
0.46226819534786046,0.38345491723157465,0.26895094895735383,0.3980996576137841,0.07200476061552763,0.8703253152780235,0.6517169044818729,0.7837533780839294,0.06122766179032624,0.6734716242644936,11.425058485351034
0.22860798216424882,0.8017303673550487,0.3532173882704228,0.7286861499305815,0.731084318831563,0.03948276559822261,0.06277837790548801,0.9206805967260152,0.463896767469123,0.5377501714974642,19.08827772743755
0.8662614638451487,0.8763072697911412,0.9067786058876663,0.007273273076862097,0.2385568378958851,0.9319856555666775,0.8875318302307278,0.5954164527356625,0.16858255211263895,0.610401563346386,12.805413347714271
0.40662721218541265,0.20038494328036904,0.7351282436866313,0.26051485422067344,0.1931187273003161,0.9192133729811758,0.8934038982260972,0.025999581441283226,0.6548538133502007,0.6429456665646285,7.448789009463081
0.5725619068834931,0.5141170271672308,0.13248629542067647,0.883174127433449,0.8992806039750576,0.9806138330604881,0.5087093259207904,0.4658092197496444,0.46967700123786926,0.9170612192247063,25.21617366050239
0.7546574999578297,0.8475355487316847,0.5019434136338532,0.16562502598389983,0.8818865935318172,0.6630645566619933,0.08613405516371131,0.2278552372008562,0.6695347030181438,0.7496399849187583,16.885398526180108
0.3207366552669555,0.3056947730947286,0.06113393814302981,0.9097225228324533,0.825345755321905,0.4761645710095763,0.823780654463917,0.5507671895902604,0.4578511491417885,0.44944864558055997,20.67920840907468
0.4216417770367116,0.49196683010086417,0.7669075797311962,0.14379614032804966,0.3353262005839497,0.8553066512104124,0.2160138851031661,0.6397284739650786,0.6538591608405113,0.9645292316563427,11.26472977121421
0.2627419645432383,0.2429405834991485,0.8599885676521808,0.9202064287383109,0.26364536909386516,0.7918587459716946,0.7545770537108183,0.9551494952756912,0.30656386096961796,0.9461416457779706,14.801598818482613
0.5122393008787185,0.4219403122551739,0.6625392381101847,0.6639540209434927,0.13190535479225218,0.20171929500065744,0.8068438544869423,0.44398544379509985,0.5462359914090484,0.446184603497386,13.219873863788884
0.43141310499049723,0.9655096605420113,0.7343991841189563,0.9848049003630877,0.15743182715959847,0.5264307055622339,0.7570583568885922,0.3772171197924763,0.46023480873554945,0.9165819929912686,21.517349648874447
0.18882666085846722,0.1252608427312225,0.604595436481759,0.6938693837728351,0.7625516715925187,0.4732739513274282,0.11282779090106487,0.031270944280549884,0.8477061553858221,0.6474451390095055,10.7660779426388
0.5178052901756018,0.004102129256352782,0.2551381185185164,0.7603808667045087,0.010908115655183792,0.8092163710389286,0.9093736261129379,0.5808932320214808,0.8365662388969213,0.32067656819708645,8.91707591786182
0.3646024730987847,0.5623137664515525,0.13950148271396756,0.7326335785910487,0.2396008651703596,0.13098549284040928,0.12802932155318558,0.34077001572586596,0.3102092912886292,0.6936256282497197,16.8211500571584
0.7403083785902709,0.9316782567184418,0.3156843571923673,0.26050214166752994,0.33675605501048267,0.10870253713801503,0.2361432770267129,0.10362417320720851,0.8776482534594834,0.7706313487142324,13.028818441124614
0.7905989035498351,0.3253169439267367,0.21548064704984426,0.5910939499735832,0.5734084048308432,0.7099652704782784,0.8746788459829986,0.30463109305128455,0.3935946407727897,0.37623946578241885,17.827081980124845
0.2514972339849919,0.7055803877301514,0.7761565202381462,0.09730141586624086,0.5359670228790492,0.7576351712923497,0.5256171417422593,0.16627487423829734,0.8122197738848627,0.18858666252344847,10.060324131370548
0.5991375129669905,0.18741316883824766,0.8323865586426109,0.544067028677091,0.37126702000387013,0.6520985916722566,0.7606799087952822,0.15413399855606258,0.2764915453735739,0.7181716258637607,12.815684687343746
0.9765289064962417,0.07926675118505955,0.41657741623930633,0.3493788696359843,0.9116893869359046,0.29179303511045873,0.9743961533531547,0.44193424354307353,0.9691085293889046,0.14866121765226126,10.362502869232657
0.1556212487630546,0.6913986797444522,0.8578788265585899,0.6780783564317971,0.49260995839722455,0.13525866996496916,0.21640595025382936,0.7083266864065081,0.7589626987464726,0.548879565903917,13.456139257401208
0.29605239164084196,0.984430197859183,0.05203434615395963,0.3940944094210863,0.2835582096595317,0.1512868325226009,0.8049914699513465,0.37757230876013637,0.5707765626721084,0.07616010634228587,17.20626492379387
0.006282425485551357,0.9625057652592659,0.3528322707861662,0.8269332575146109,0.8261940530501306,0.7133140950463712,0.42619498493149877,0.39515003515407443,0.38801935873925686,0.11478733317926526,12.484248444447251
0.434136422816664,0.5690652236808091,0.4532098288182169,0.6770327249541879,0.8292487428989261,0.512471413007006,0.41680907760746777,0.3717420462053269,0.5363919676747173,0.9296480484772474,19.28718968160955
0.09995184210129082,0.28107147361151874,0.6089749350212514,0.5276276681106538,0.07900037220679224,0.0642600052524358,0.06387136946432292,0.34612787631340325,0.9994845369365066,0.46424285089597106,4.992666732703581
0.5514098075218499,0.12534757750108838,0.162609658902511,0.34844722924754024,0.6766701666638255,0.18543281848542392,0.6712865291628987,0.8752216137945652,0.11822624318301678,0.6104684942401946,12.094501346249865
0.11034750123508275,0.5349749887827784,0.20278848428279161,0.4388274331577122,0.9256989450659603,0.770245918771252,0.25819242279976606,0.9837025094311684,0.24722397373989224,0.24488331307657063,12.998891972134299
0.34140028967522085,0.4693135819397867,0.8258518727961928,0.8150814545806497,0.08924965746700764,0.3716665848623961,0.5094549260102212,0.9492768568452448,0.9477269325871021,0.899257103446871,16.250817269213137
0.7127444087527692,0.933700148947537,0.9322763355448842,0.1027190643362701,0.07961014960892498,0.8457456445321441,0.18350190459750593,0.006773227360099554,0.4755310018081218,0.010856371140107512,14.315674697665548
0.659305268432945,0.726444257190451,0.017973961075767875,0.5394360038917512,0.4241620923858136,0.7180291814729571,0.5483507914468646,0.5593884189147502,0.5069347058888525,0.4580695603508502,22.109730320004797
0.18574456125497818,0.034116825787350535,0.7940769959241152,0.7108777775429189,0.518458490492776,0.7946451848838478,0.42414051573723555,0.772506823996082,0.4044154486618936,0.5843091569840908,11.483473142517953
0.11196552985347807,0.45978435687720776,0.6076403297483921,0.05165972653776407,0.8786257524043322,0.8997178827412426,0.22936362912878394,0.9446233620401472,0.5675560091622174,0.35868713166564703,6.556861159401394
0.4230357881169766,0.4852062608115375,0.5333872728515416,0.6493183593265712,0.6152883202303201,0.7127156555652618,0.9806622136384249,0.6253679988440126,0.8421796213369817,0.08252913504838943,16.408990454766837
0.8246189572382718,0.08649048465304077,0.333944134414196,0.10598803055472672,0.284855772042647,0.035685663809999824,0.2877332977950573,0.29434811999090016,0.4621820729225874,0.5687773674726486,7.5886023193313115
0.6910255141556263,0.16533783171325922,0.7125511392951012,0.4498522689100355,0.458990597166121,0.18656064686365426,0.3449953715316951,0.07533245487138629,0.6004983957391232,0.7195874021854252,10.268204947743529
0.11839575949124992,0.32706298935227096,0.3361531032714993,0.8968490345869213,0.5236421632580459,0.17820913717150688,0.8920262169558555,0.11547419265843928,0.8048394797369838,0.7850488142576069,13.279528326405186
0.6161622146610171,0.26010821713134646,0.5808359235525131,0.09922990296036005,0.9475577708799392,0.7282482050359249,0.9233205271884799,0.7508175240363926,0.04045897047035396,0.9318931070156395,10.71967914628923
0.9447784856893122,0.8382180074695498,0.8566684450488538,0.6676454104017466,0.8412515516392887,0.24260976142250001,0.35081929340958595,0.4733924970496446,0.8641566855367273,0.17472024890594184,19.231738741867463
0.059076337376609445,0.11938005266711116,0.9163762787356973,0.18688121694140136,0.17049011960625648,0.8528548728208989,0.892385691171512,0.8318356729578227,0.6336119554471225,0.5442465816158801,6.374857400742602
0.933823621366173,0.6040666217450052,0.46800581784918904,0.44011374516412616,0.6112669575959444,0.1249074877705425,0.08237589383497834,0.4072688149753958,0.943005328066647,0.6489645142573863,18.04615791032804
0.9440621801186353,0.9651168866548687,0.21516789332963526,0.007100211223587394,0.19784921407699585,0.855889996746555,0.381611485267058,0.6223253316711634,0.7869072265457362,0.6943177322391421,4.782644801846131
0.4681556241121143,0.8335383436642587,0.18990673986263573,0.31510429875925183,0.48792917118407786,0.7252484620548785,0.3301628534682095,0.7722007229458541,0.1517866374924779,0.15079025528393686,16.930119828931154
0.46595373027957976,0.9858487825840712,0.857869511237368,0.5120301102288067,0.0062306036707013845,0.08569075353443623,0.44975058105774224,0.28937304811552167,0.5133599487598985,0.6936610154807568,17.5143969751654
0.4297420531511307,0.9198563694953918,0.7310920844320208,0.5385693307034671,0.33944966248236597,0.7324636932462454,0.44835160439834,0.6616275298874825,0.18804694199934602,0.37022398482076824,17.777502434879075
0.13437623414210975,0.7635508049279451,0.9307196554727852,0.9968485289718956,0.7266746654640883,0.4001082284376025,0.42178806755691767,0.8519269942771643,0.021041426109150052,0.09149323124438524,20.707554187503174
0.751546514686197,0.29347210796549916,0.5461728679947555,0.7289865622296929,0.891098908148706,0.9448399648535997,0.3078320873901248,0.6440428129862994,0.8282352378591895,0.9122060455847532,17.40864879558292
0.23844942380674183,0.6106577212922275,0.5857563312165439,0.07997361617162824,0.8149625167716295,0.9140703564044088,0.27161089261062443,0.7917480447795242,0.5940591502003372,0.010577123612165451,10.904912929619305
0.018592128064483404,0.4941879119724035,0.8209147786255926,0.30520138004794717,0.08151291683316231,0.7958398300688714,0.6834336735773832,0.9689712505787611,0.5046190328430384,0.9297174084931612,5.1222797674948675
0.8454643073491752,0.47023788769729435,0.9826183095574379,0.8416099895257503,0.40239650569856167,0.45694191032089293,0.6369801452383399,0.20517059834674,0.20213178941048682,0.9833761239424348,25.652774870009736
0.7071018198039383,0.7810908732935786,0.46884556440636516,0.7803497877903283,0.44967561424709857,0.95987145928666,0.6183786408510059,0.43708757660351694,0.5792137216776609,0.03398160054348409,21.981569074763748
0.7341976200696081,0.08078645612113178,0.24578261352144182,0.5930656678974628,0.9533968523610383,0.6391992608550936,0.9042173402849585,0.9652029250282794,0.8174956939183176,0.5172172407619655,13.959400769345715
0.3453375904355198,0.07990403496660292,0.6809443652164191,0.6390153963584453,0.958536199759692,0.5625122317578644,0.5444803079590201,0.89652782632038,0.35812657373026013,0.020991360070183873,12.052456679194618
0.8276753046084195,0.356986558297649,0.3562739721965045,0.9824385035317391,0.3270419833716005,0.11169863678514957,0.03497320017777383,0.22727656364440918,0.5102675501257181,0.5263497249688953,19.592374259478042
0.709879144327715,0.13712301733903587,0.6950313604902476,0.1868970135692507,0.4872535422910005,0.24395739287137985,0.2700011245906353,0.8312798410188407,0.13781537348404527,0.8341030047740787,7.270499161253115
0.3436089588794857,0.40279378346167505,0.47664106101728976,0.7311165605206043,0.021069497801363468,0.14328434132039547,0.7017242163419724,0.43823881773278117,0.7856406678911299,0.940483508631587,11.815083541164856
0.7272386413533241,0.1003927574492991,0.6855390493292361,0.45649789460003376,0.14688427629880607,0.9722992635797709,0.19573888066224754,0.8446613634005189,0.35967687820084393,0.3228055259678513,7.363893835052538
0.20929839252494276,0.6320976668503135,0.9377354350872338,0.09473909763619304,0.9023550983984023,0.8416294294875115,0.7989373938180506,0.7266135944519192,0.6484273665118963,0.20484228990972042,13.115543254441715
0.07834826223552227,0.6492795881349593,0.13672769186086953,0.6733922681305557,0.9601207079831511,0.5581141877919436,0.5895373180974275,0.2608334405813366,0.04858494480140507,0.3294649780727923,16.894020342813224
0.34814526117406785,0.23960616462863982,0.7763762704562396,0.4589491074439138,0.549132701009512,0.7027780148200691,0.41851269570179284,0.8170928133185953,0.8630981890019029,0.014419065788388252,11.489175410487363
0.5867781448177993,0.4733988961670548,0.5872131739743054,0.8190497325267643,0.3543657660484314,0.08939215145073831,0.7457848768681288,0.9203993554692715,0.9246897588018328,0.7823029749561101,17.513154406270385
0.13153963745571673,0.07830116990953684,0.7538859404157847,0.5063542937859893,0.5437517047394067,0.686214966699481,0.6349823391065001,0.4515608751680702,0.21210319688543677,0.4893432860262692,7.794458320367176
0.27823726925998926,0.16153233614750206,0.653615560149774,0.339904707390815,0.9906873877625912,0.8159802183508873,0.003113718470558524,0.3261355082504451,0.0695761137176305,0.018332040635868907,8.911606829495664
0.65704977652058,0.8464828983414918,0.595606537302956,0.353198682423681,0.20953410025686026,0.8525617336854339,0.7939895088784397,0.6216666316613555,0.7164090338628739,0.050414609257131815,15.356222428239246
0.2756536463275552,0.7311922062654048,0.6430929847992957,0.11998707172460854,0.7198851702269167,0.8255135933868587,0.4075664356350899,0.5577134122140706,0.23302263929508626,0.801452312618494,11.934534841694106
0.033959608525037766,0.5923262394499034,0.42428178689442575,0.3346097394824028,0.6793559035286307,0.45951021811924875,0.5887282474432141,0.6634709730278701,0.28112425399012864,0.3212181441485882,6.509189927497747
0.6632604105398059,0.7317579609807581,0.4939338096883148,0.41244495566934347,0.10122257354669273,0.37316285516135395,0.06238545593805611,0.2980359513312578,0.13262734515592456,0.14587572449818254,13.918305709114675
0.757855020230636,0.0664858715608716,0.35484043788164854,0.917054504621774,0.8617236276622862,0.9113008482381701,0.37380505120381713,0.9956323816441,0.716802187031135,0.8823434566147625,15.659861317135734
0.8900289481971413,0.27087902813218534,0.11522860522381961,0.0013107340782880783,0.41081759333610535,0.5368115596938878,0.6565159622114152,0.4862509553786367,0.3717354058753699,0.8827708037570119,12.066607452376067
0.39559689932502806,0.5152826178818941,0.14868319919332862,0.24144088407047093,0.5411364191677421,0.8481533448211849,0.9823398285079747,0.5513757865410298,0.73829016671516,0.5725979327689856,13.543775605387015
0.15439131041057408,0.16776397172361612,0.32243540952913463,0.22893536905758083,0.9077322501689196,0.4154704185202718,0.114935711491853,0.15701675810851157,0.07452553673647344,0.11790185631252825,7.8607344930217025
0.3351055330131203,0.6916026575490832,0.32501388899981976,0.3171241469681263,0.019977664342150092,0.9608890798408538,0.4295889213681221,0.6710355500690639,0.09110980946570635,0.7639108928851783,10.237919298810171
0.4913620660081506,0.7057446062099189,0.9553258137311786,0.7910467186011374,0.016010454390197992,0.14737053401768208,0.6086194687522948,0.050350337056443095,0.8155017048120499,0.38765703211538494,20.87778582613279
0.7298300864640623,0.7293628084007651,0.923710057977587,0.22898001363500953,0.5834356674458832,0.5277585836593062,0.5346447713673115,0.3994581832084805,0.37662246893160045,0.04012649366632104,19.481139482163023
0.9467558835167438,0.18186472868546844,0.014807573985308409,0.2989298615138978,0.7394891332369298,0.3789182708133012,0.8757031208369881,0.9310394879430532,0.5427080113440752,0.41858880571089685,16.86942669157483
0.3020538331475109,0.458391563501209,0.8362647157628089,0.5289048147387803,0.9345965110696852,0.40805347939021885,0.08575158519670367,0.35844003478996456,0.7893830358516425,0.2664751843549311,17.6255092240067
0.675737764686346,0.9671700194012374,0.4498749317135662,0.18630335154011846,0.36036273441277444,0.7711531377863139,0.5738011091016233,0.7481322325766087,0.09811491565778852,0.08851414662785828,11.427771639002088
0.9114373091142625,0.04002377833239734,0.8202457837760448,0.3662031493149698,0.20107485936023295,0.11336757452227175,0.9653515233658254,0.7402071070391685,0.07697894261218607,0.7496906812302768,5.6977509242262565
0.32186437980271876,0.6574383992701769,0.5391930353362113,0.3767312429845333,0.047980104107409716,0.7101469750050455,0.8896462488919497,0.36293335328809917,0.42904205131344497,0.9152092160657048,10.168657295832942
0.7992074284702539,0.6895926978904754,0.3997253298293799,0.3750960696488619,0.6004025435540825,0.3872231892310083,0.06661294586956501,0.5816099378280342,0.9669799581170082,0.7557486633304507,15.918950058092639
0.9944649722892791,0.43451279029250145,0.987860954599455,0.5317884113173932,0.04841798497363925,0.4329523164778948,0.08362755365669727,0.4032597467303276,0.7815568952355534,0.13308105780743062,19.38947836733546
0.7852482255548239,0.7525749420747161,0.4054707856848836,0.9559755870141089,0.8122614936437458,0.8285238738171756,0.375561562133953,0.5824745104182512,0.4411815875209868,0.6655198493972421,22.54823184779545
0.5950259419623762,0.3177460851147771,0.1571201456245035,0.38585743331350386,0.24435066268779337,0.6858378790784627,0.6677053002640605,0.21727736433967948,0.17378076096065342,0.40096606919541955,13.003364843487748
0.48985122656449676,0.9319094552192837,0.24042716925032437,0.32600282318890095,0.5836409342009574,0.09997886721976101,0.19694755133241415,0.24786580144427717,0.084396131336689,0.09948917664587498,16.987944006976477
0.3311505315359682,0.8960848418064415,0.5076646562665701,0.9628627845086157,0.2021756242029369,0.27927953051403165,0.7125794140156358,0.7369428109377623,0.4761456954292953,0.7670224204193801,18.141904941155417
0.4646917493082583,0.004585783928632736,0.6486540115438402,0.2891025731805712,0.9360626977868378,0.2300814741756767,0.7631563020404428,0.0595624758861959,0.353852529078722,0.11815820704214275,7.406563047244008
0.07724251574836671,0.18035741313360631,0.26541995350271463,0.625830810284242,0.7122921633999795,0.12603845400735736,0.6512290183454752,0.9550512351561338,0.6222072034142911,0.4617605044040829,11.886583075357223
0.786299540894106,0.6672621672041714,0.7112899017520249,0.10965341026894748,0.5221369545906782,0.5519837501924485,0.8284172969870269,0.9490769081749022,0.17102324031293392,0.6498934945557266,15.432194067198857
0.5341063719242811,0.14311203360557556,0.7019543957430869,0.07722947001457214,0.9808032833971083,0.9626968926750124,0.8167245292570442,0.629453580128029,0.14731602021493018,0.8466443109791726,6.6556404939830625
0.9570286716334522,0.10024661826901138,0.341776579618454,0.7493165801279247,0.23120743408799171,0.09022296126931906,0.16703379480168223,0.9080411514732987,0.27292308839969337,0.3033732417970896,11.299750006426956
0.32663501682691276,0.5995620051398873,0.7975273514166474,0.7655500548426062,0.5381264307070524,0.8405228208284825,0.9880963021423668,0.5252373248804361,0.6604932765476406,0.4686850472353399,17.213626778423873
0.8529846030287445,0.8758355542086065,0.5002418744843453,0.9952892707660794,0.4977656046394259,0.6311997510492802,0.5782388236839324,0.36575966072268784,0.9519147495739162,0.9495323891751468,20.15438636547047
0.9606830806005746,0.5800054087303579,0.051953650545328856,0.3571497432421893,0.09358138730749488,0.32483474537730217,0.2947213095612824,0.9237116305157542,0.20764684211462736,0.9404220608994365,19.869408500838947
0.9665088769979775,0.9471681753639132,0.09381771879270673,0.22911080066114664,0.2311696852557361,0.4576147492043674,0.35752515913918614,0.5667010706383735,0.17579221748746932,0.007277823053300381,8.66323200950169
0.8858103496022522,0.0068692960776388645,0.4297098317183554,0.73986502061598,0.5697272049728781,0.7057569834869355,0.16633645119145513,0.621636905008927,0.2813829523511231,0.2406199926044792,10.00267170616766
0.5504067300353199,0.3128164403606206,0.736337844049558,0.34712354210205376,0.7740532765164971,0.297029284061864,0.6973534079734236,0.30395635426975787,0.9413570342585444,0.007820923579856753,14.130506986561137
0.6579144354909658,0.770584685029462,0.5277065008413047,0.5754261270631105,0.45619427668862045,0.13972086273133755,0.5215280090924352,0.21822565607726574,0.9535905146040022,0.7357214959338307,16.48395473572698
0.35925269522704184,0.4890891294926405,0.21274868003092706,0.9934180621057749,0.5326625029556453,0.642856323858723,0.48879486764781177,0.19539068220183253,0.4483563960529864,0.4891318248119205,20.679292096237255
0.1144279302097857,0.5351694668643177,0.6049051436129957,0.07689212798140943,0.5383085431531072,0.7652935741934925,0.027973647695034742,0.7701260289177299,0.9601892514619976,0.6495545867364854,8.005321940966788
0.7738179606385529,0.7976540939416736,0.4835900980979204,0.9174471329897642,0.11778853158466518,0.928902261890471,0.6378602511249483,0.5400137600954622,0.48796669114381075,0.534804867580533,18.76600547258183
0.23697323445230722,0.4056009710766375,0.7342335132416338,0.640155968721956,0.6476786264684051,0.6195120010524988,0.6277510821819305,0.29528920724987984,0.13377449451945722,0.7898865561001003,14.617279068281617
0.8938313296530396,0.7495853756554425,0.8795836479403079,0.44317443831823766,0.826431950321421,0.660558802774176,0.30247888434678316,0.3605606269557029,0.8365527491550893,0.9701158748939633,19.153204962986692
0.4062526086345315,0.6909879213199019,0.5661537137348205,0.2516224579885602,0.40208435291424394,0.60587975429371,0.6708122685085982,0.1991939079016447,0.8793446815107018,0.6545951848383993,12.301372338602953
0.6358358678407967,0.13736245036125183,0.17114057973958552,0.5803169456776232,0.2766126045025885,0.5867579337209463,0.1907095219939947,0.4278275794349611,0.6034850615542382,0.6832471180241555,12.34506012572916
0.5585698117502034,0.605556600028649,0.1281308273319155,0.7432450968772173,0.14538186695426702,0.023412711219862103,0.7635332036297768,0.05076234135776758,0.5657631834037602,0.09995708731003106,19.71858702790042
0.3070519941393286,0.14114444167353213,0.8957402901723981,0.9423521864227951,0.2691385569050908,0.6699095373041928,0.6540030937176198,0.9345841561444104,0.8115754562895745,0.45456179790198803,14.961609074422906
0.4301534816622734,0.5228418887127191,0.1752325219567865,0.9789462639018893,0.800701645668596,0.1927063982002437,0.9716813880950212,0.2989498991519213,0.48652634117752314,0.2987582164350897,21.791548027698283
0.06902298470959067,0.719190722797066,0.009000241290777922,0.1570562196429819,0.5024319083895534,0.31521232915110886,0.10158639634028077,0.5214578728191555,0.27184889162890613,0.6112851819489151,11.43854594453833
0.23010878078639507,0.23590088007040322,0.0820224320050329,0.1907402160577476,0.5622735978104174,0.48814628389663994,0.9373973875772208,0.8178808493539691,0.8415442302357405,0.6345379031263292,12.482096809225338
0.5180689273402095,0.7971765396650881,0.5091515542007983,0.42334693064913154,0.45283285225741565,0.9202644203323871,0.4627066175453365,0.5089557603932917,0.006550222868099809,0.7376701389439404,14.498517024422997
0.7981168341357261,0.33643067348748446,0.11687085102312267,0.727845068089664,0.39312468166463077,0.7471580603159964,0.3453485139179975,0.6626409178134054,0.658293938729912,0.8212725219782442,19.737925736920737
0.389265357516706,0.8599815121851861,0.5522849056869745,0.4838573590386659,0.7915892095770687,0.7758030346594751,0.5079006482847035,0.33849348733201623,0.3730084409471601,0.7116768208798021,17.42211551302674
0.46870883158408105,0.08541724900715053,0.4864538316614926,0.6394659138750285,0.3867890895344317,0.25815093982964754,0.8133526379242539,0.3726722253486514,0.18989740847609937,0.09280700166709721,9.536506345188199
0.7653901085723191,0.6735702268779278,0.33907283120788634,0.19768262468278408,0.1271564858034253,0.7684346258174628,0.06543875392526388,0.05629322025924921,0.0645019665826112,0.9140055123716593,12.078513888005869
0.4440289977937937,0.5854989876970649,0.514298643451184,0.48466437752358615,0.8544970545917749,0.025792291155084968,0.6023690055590123,0.12226526532322168,0.008548226207494736,0.7556144201662391,16.750364420875506
0.6646819866728038,0.4782512215897441,0.10982156009413302,0.8650789465755224,0.10078013711608946,0.30357459955848753,0.2875539299566299,0.6247130576521158,0.11425502016209066,0.461836397415027,20.087471104221514
0.11878842976875603,0.9507790619973093,0.08409215789288282,0.8588945164810866,0.45079671195708215,0.3821810141671449,0.9890170958824456,0.09801853098906577,0.24798021977767348,0.6675879906397313,18.545333638144562
0.5981636086944491,0.4372975495643914,0.4416506695561111,0.5213811811991036,0.5832391153089702,0.12160394410602748,0.7038545627146959,0.8039403662551194,0.9515104992315173,0.5455444634426385,15.627085188996114
0.9990485308226198,0.2574760802090168,0.8467202861793339,0.25458659534342587,0.7970597282983363,0.5045921476557851,0.7512264424003661,0.4548057741485536,0.7307576439343393,0.1497400242369622,16.56885058521167
0.9899964814539999,0.21366441086865962,0.8052463419735432,0.5565470682922751,0.41512140072882175,0.03863293817266822,0.9633230632171035,0.7234053655993193,0.6805120422504842,0.5225555920042098,14.492372253139955
0.6653050030581653,0.484646980650723,0.5181039453018457,0.31189733231440187,0.6692648543976247,0.6851185052655637,0.7248009336180985,0.7462499553803355,0.562931707361713,0.11398000246845186,13.948029420271151
0.7804293793160468,0.014498808654025197,0.4377286615781486,0.13767928769811988,0.42810109280981123,0.22598651703447104,0.8627694682218134,0.45967990439385176,0.03893759706988931,0.823490982176736,3.9838864229476223
0.010121009545400739,0.034026997396722436,0.33894197014160454,0.8466306736227125,0.035968992160633206,0.03762464923784137,0.06928631220944226,0.8467473583295941,0.43665750115178525,0.5614205317106098,8.218746338247731
0.15222369832918048,0.8023224386852235,0.6180556192994118,0.6335038207471371,0.04173392173834145,0.4606644934974611,0.9095925930887461,0.3676440971903503,0.8614943334832788,0.9367518175859004,10.191132315656379
0.005016216076910496,0.4306512475013733,0.5062300325371325,0.8166407726239413,0.9230520664714277,0.43261391995474696,0.47162327566184103,0.5678736409172416,0.5755878624040633,0.437401877483353,12.018139261427132
0.4508420964702964,0.5728222408797592,0.01628012303262949,0.5141765093430877,0.6037925742566586,0.7518562278710306,0.6585914134047925,0.19229349354282022,0.24308101437054574,0.12505218642763793,20.291309670936094
0.40574993565678596,0.5087119319941849,0.38581361970864236,0.3891304915305227,0.19704724336043,0.45028134318999946,0.3322277052793652,0.11320822546258569,0.06811999506317079,0.24116520141251385,10.606212443671714
0.29660349036566913,0.8455631097313017,0.9498226149007678,0.310175190679729,0.5799589066300541,0.17033342737704515,0.772095532156527,0.14422794105485082,0.8680425346828997,0.4086973322555423,18.625426035914735
0.7754528175573796,0.010961155174300075,0.8388792965561152,0.22119881608523428,0.17893626494333148,0.9895929659251124,0.10765359015204012,0.643798814387992,0.9293629566673189,0.4073611928615719,5.325280560788028
0.3171910624951124,0.12628620956093073,0.698934705927968,0.23852292960509658,0.2523504332639277,0.5744079402647913,0.06571926921606064,0.20903394790366292,0.1759220154490322,0.09191267704591155,6.165117510612722
0.08499997481703758,0.3708276441320777,0.7324471510946751,0.35421141632832587,0.8466328855138272,0.8319611926563084,0.30308843310922384,0.519156587542966,0.6075194508302957,0.8460890529677272,10.452173397036361
0.36377340788021684,0.7029944637324661,0.45830923737958074,0.5699214483611286,0.23858663928695023,0.6642106464132667,0.7309747815597802,0.7983885696157813,0.9227545179892331,0.6926667399238795,13.178685776906077
0.9858882427215576,0.8722377486992627,0.6526388935744762,0.9908327453304082,0.993066493421793,0.381837144959718,0.581602866994217,0.6451322506181896,0.0006839730776846409,0.0917256879620254,19.017073430066635
0.31601386656984687,0.7960306550376117,0.562711252598092,0.4054093458689749,0.5118663415778428,0.8978356362786144,0.0029699201695621014,0.36376958386972547,0.18824897264130414,0.8650062191300094,14.910050567331563
0.32213183934800327,0.2992636251728982,0.4038758655078709,0.9214247381314635,0.000521601177752018,0.8787425339687616,0.03580014570616186,0.9365246191155165,0.2501263490412384,0.956310041481629,13.817779185666236
0.29709645290859044,0.287218774901703,0.4603426579851657,0.10428149742074311,0.7395791753660887,0.25589718064293265,0.01985839055851102,0.15021099452860653,0.2709607966244221,0.6932468332815915,7.190011112153955
0.8695015306584537,0.9191339735407382,0.4166655782610178,0.08803767943754792,0.08534669782966375,0.914227832807228,0.14774545980617404,0.27592860348522663,0.7805853812023997,0.11165421293117106,6.680489108886606
0.5578398266807199,0.18139983946457505,0.38094152021221817,0.5006073568947613,0.7564106935169548,0.6218621854204684,0.21429174579679966,0.20893879747018218,0.10796798369847238,0.2672244720160961,11.796145065385542
0.5801263789180666,0.8403596382122487,0.9620793804060668,0.9291576796676964,0.12244716915301979,0.5521487258374691,0.5792435421608388,0.26071453862823546,0.6850765456911176,0.6053252597339451,25.38311728585668
0.752224309835583,0.08088888600468636,0.7584622411523014,0.6220692393835634,0.7433543850202113,0.6417295811697841,0.757422236027196,0.4509079239796847,0.6235921999905258,0.8410907723009586,12.925246263023267
0.5679427122231573,0.4329172717407346,0.9995197979733348,0.8635481933597475,0.6402376715559512,0.7259304001927376,0.1253949289675802,0.6046684195753187,0.17217919952236116,0.21562361158430576,24.639623669494505
0.16677695140242577,0.3959053452126682,0.3974249241873622,0.08224598737433553,0.7708593441639096,0.579064852790907,0.8369284453801811,0.2505646648351103,0.7224962459877133,0.21646185801364481,7.818942829923577
0.6226691056508571,0.368839941220358,0.5345436895731837,0.08369968784973025,0.2520555758383125,0.4993676773738116,0.6028475768398494,0.3832307104021311,0.4106545206159353,0.20414157607592642,10.43148032890237
0.44410063209943473,0.28256595763377845,0.7246693533379585,0.7872598741669208,0.8993503334932029,0.3310621506534517,0.08707059128209949,0.7505431815516204,0.858320124913007,0.9159335647709668,17.138919067605627
0.7016869741491973,0.7154821017757058,0.8787712017074227,0.1855152458883822,0.7909181448630989,0.9327955159824342,0.291048169368878,0.5034082122147083,0.555666619213298,0.2347143564838916,18.92899059702976
0.09264375851489604,0.5360530004836619,0.3853896944783628,0.5344511652365327,0.7482823948375881,0.8331433553248644,0.736996945226565,0.07568690273910761,0.80495695467107,0.5177129220683128,12.063658810579467
0.27075079502537847,0.9702551958616823,0.9882761619519442,0.6942658603657037,0.8037766693159938,0.030881294514983892,0.5215766585897654,0.8323078565299511,0.8690167993772775,0.2547112856991589,21.290953764783964
0.29117270885035396,0.1534158932045102,0.7089290448930115,0.1803562813438475,0.27504253666847944,0.6246783239766955,0.3938651466742158,0.9467285487335175,0.15738037321716547,0.6366991943214089,5.610248684312508
0.5379832205362618,0.7774512218311429,0.6020924218464643,0.4438824944663793,0.13757357117719948,0.8408722863532603,0.7056427916977555,0.23881503217853606,0.0214066319167614,0.6326102218590677,14.676601375126356
0.8457526911515743,0.8285778046119958,0.9593963199295104,0.17834144900552928,0.9452016593422741,0.3857584628276527,0.2269508270546794,0.2975800475105643,0.6496635403018445,0.6836893386207521,19.28838087917406
0.4612861662171781,0.9609994776546955,0.8914957970846444,0.7663228188175708,0.7876452573109418,0.6084892901126295,0.49189899931661785,0.9290202492848039,0.34124538325704634,0.1360114614944905,24.24442062097843
0.7372440821491182,0.5902663182932884,0.5679068514145911,0.3130800628568977,0.51957754092291,0.9180310661904514,0.27242729417048395,0.01570649608038366,0.41307976678945124,0.14893604186363518,14.175981762530514
0.6254592298064381,0.42885209573432803,0.034799684304744005,0.18292227922938764,0.3713956684805453,0.5139288729988039,0.284824718022719,0.76846360322088,0.24500878620892763,0.17482522083446383,17.19044754535367
0.4518765932880342,0.7955149970948696,0.3195497172418982,0.25833131675608456,0.887089271331206,0.1165812008548528,0.1463893020991236,0.5376957145053893,0.08769454737193882,0.5635265565942973,17.108840439874342
0.9680797164328396,0.6312522932421416,0.7390377381816506,0.08499425277113914,0.6501000917050987,0.5976229149382561,0.7601101188920438,0.32239375775679946,0.8890966163016856,0.25568224396556616,13.7435794963261
0.26268474105745554,0.2760080124717206,0.553397880634293,0.17219485552050173,0.31719976174645126,0.8774467087350786,0.8592856116592884,0.8985115438699722,0.6968571830075234,0.6930028246715665,4.834164936845139
0.8809402307961136,0.8090953768696636,0.481652409536764,0.2094735256396234,0.5733713533263654,0.17810644023120403,0.4217961919493973,0.9546938932035118,0.5793265297543257,0.6990577161777765,14.106147195458751
0.00730598415248096,0.3501851321198046,0.45778721757233143,0.9963823433499783,0.5077318546827883,0.31762746907770634,0.17547869053669274,0.4524460688699037,0.3680549683049321,0.1609414464328438,14.429327053932521
0.22893141233362257,0.04840660095214844,0.5324923580046743,0.09269866277463734,0.15992408245801926,0.8815129867289215,0.9728537988848984,0.6798274223692715,0.5160536614712328,0.858857516432181,2.0757138508709825
0.613445634720847,0.0038633537478744984,0.16046850779093802,0.08253157348372042,0.8908375741448253,0.6202907525002956,0.4138699700124562,0.627461840165779,0.8432079232297838,0.9635766397695988,7.723345616356434
0.5043855744879693,0.6196268249768764,0.46490190317854285,0.9808364007622004,0.5964911722112447,0.24824827024713159,0.19617510586977005,0.11047243163920939,0.9829954407177866,0.021171645261347294,20.84675390027864
0.2981081469915807,0.9016789011657238,0.3937486063223332,0.9546964962501079,0.9284732593223453,0.20318594155833125,0.13222139794379473,0.7335212985053658,0.8523755050264299,0.7499447236768901,23.328689909324545
0.8695510721299797,0.20750126638449728,0.08481428562663496,0.572718373965472,0.9761664047837257,0.7769602409098297,0.3436141547281295,0.7447298232000321,0.3119274617638439,0.22050421335734427,19.37014601172385
0.7952807324472815,0.34768467326648533,0.8897676323540509,0.3656155306380242,0.12169445329345763,0.02216288261115551,0.25083506270311773,0.54997634049505,0.3281875397078693,0.3356068052817136,14.935267630033096
0.9242128427140415,0.57291643274948,0.47004750557243824,0.10609945794567466,0.23899625847116113,0.701185409212485,0.003868707688525319,0.5413920767605305,0.3182979132980108,0.6342368619516492,12.674452195465639
0.28649552492424846,0.05687636695802212,0.4887651077006012,0.303754493361339,0.7805044902488589,0.12758637662045658,0.6610613623633981,0.3963893896434456,0.4438161675352603,0.7870566491037607,6.77303430906494
0.828190264524892,0.4426991371437907,0.6769521243404597,0.6343148797750473,0.26682560122571886,0.03212663996964693,0.27450509485788643,0.12269023433327675,0.9181120758876204,0.5610636516939849,16.654840684448757
0.5987808108329773,0.7839885246939957,0.43350163637660444,0.33884928631596267,0.0007390300743281841,0.5459956787526608,0.3662862202618271,0.3136447239667177,0.6974738345015794,0.5987371599767357,12.359163697850972
0.5833601970225573,0.682365516666323,0.32651402382180095,0.9860077514313161,0.014560707844793797,0.6599711608141661,0.3216306020040065,0.3004719684831798,0.3363969405181706,0.541790846735239,19.889997148083886
0.8113438964355737,0.49059764901176095,0.15056319581344724,0.37285535992123187,0.587270439369604,0.22772578010335565,0.09476787340827286,0.3358979355543852,0.8147882227785885,0.8041546018794179,17.617713626409742
0.682266267715022,0.8199322519358248,0.6679060128517449,0.536507555982098,0.3587439951952547,0.7587554841302335,0.2937353227753192,0.762461757985875,0.44048060732893646,0.36299233860336244,17.180350018320585
0.8305091080255806,0.5848801033571362,0.34756348631344736,0.6267575980164111,0.8503456772305071,0.9946423708461225,0.9729982824064791,0.33461465733125806,0.4965775506570935,0.286936272168532,18.260245570817062
0.9315652791410685,0.28036811389029026,0.5995479468256235,0.3444191231392324,0.3477771629113704,0.8251641595270485,0.8982026008889079,0.2723858142271638,0.30489999311976135,0.71755131916143,11.784412505051392
0.6301625936757773,0.7358649554662406,0.6371565209701657,0.9413931125309318,0.3146335098426789,0.3008503671735525,0.45341588533483446,0.30503764166496694,0.2464906128589064,0.2711522579193115,22.26334951166504
0.7764328741468489,0.98929577996023,0.5032123189885169,0.8696239835117012,0.8451045139227062,0.25570167624391615,0.780518262181431,0.48460332257673144,0.7554784226231277,0.05769408214837313,20.14445464845524
0.3153167942073196,0.511568249668926,0.9187519161496311,0.056873647728934884,0.8964795323554426,0.5332319070585072,0.5026397979818285,0.33853138517588377,0.6692269283812493,0.10606480645947158,14.377017142881739
0.8607959356158972,0.2476371517404914,0.2690460968296975,0.8522736087907106,0.4807136894669384,0.14470025734044611,0.40561994235031307,0.6648624299559742,0.48998656845651567,0.4994636478368193,18.32418951243585
0.19732629181817174,0.22553127794526517,0.42447166214697063,0.9574855419341475,0.735339812701568,0.7595552951097488,0.31221665372140706,0.7241449863649905,0.38003088789992034,0.12120942724868655,13.038036541326203
0.35867480537854135,0.3631993611343205,0.8077602114062756,0.5501515874639153,0.9506150183733553,0.9246287923306227,0.03610802534967661,0.9021619078703225,0.021355092292651534,0.43627557740546763,15.361411509075548
0.31509535224176943,0.9645306840538979,0.5577786988578737,0.42837893636897206,0.6935222703032196,0.26934444159269333,0.8152922000735998,0.15169284725561738,0.9529246415477246,0.4123901450075209,15.69976283151321
0.7175702722743154,0.18176966742612422,0.37703734426759183,0.2685052801389247,0.538575136102736,0.21431529568508267,0.5530149864498526,0.7604177689645439,0.6714661626610905,0.7094979921821505,9.984839099366875
0.5105463231448084,0.9102422532159835,0.16983630834147334,0.45069314213469625,0.545325550949201,0.6752339545637369,0.2162915498483926,0.10752986371517181,0.3907243290450424,0.047536082565784454,18.86946887549642
0.20219141780398786,0.725484570953995,0.545912167057395,0.3983461637981236,0.648284177063033,0.1577138949651271,0.5624376272317022,0.5545306210406125,0.6859265698585659,0.10339867183938622,11.347484822997782
0.4792025852948427,0.9444470037706196,0.31479136529378593,0.08030812325887382,0.18264651391655207,0.8461725721135736,0.5286534049082547,0.533937493339181,0.4504237282089889,0.10970679670572281,12.828727665154199
0.31069447519257665,0.9025263881776482,0.07433429616503417,0.641559727024287,0.3066671022679657,0.055531415389850736,0.11829874711111188,0.7923733873758465,0.0036591480020433664,0.9954714558552951,18.58141336557135
0.4334349010605365,0.24152435129508376,0.7954086358658969,0.9610065398737788,0.06898605730384588,0.5804071929305792,0.953714995412156,0.7586944792419672,0.3260383333545178,0.9715348756872118,16.640823769535793
0.8765053863171488,0.8923374433070421,0.11017201165668666,0.8666869269218296,0.22632433497346938,0.42447314132004976,0.6910338229499757,0.5595156832132488,0.8844215665012598,0.6294228546321392,18.572593552512625
0.6916227575857192,0.9304179213941097,0.7110079128760844,0.44260055548511446,0.0878954988438636,0.6470496882684529,0.4355093212798238,0.630315117770806,0.7192199686542153,0.9336321998853236,14.054233185529426
0.45765793486498296,0.18290212634019554,0.7633098585065454,0.8225572744850069,0.5600574146956205,0.2619555110577494,0.7733846555929631,0.21247458457946777,0.7596748846117407,0.87644207268022,12.768145966875297
0.9045532874297351,0.9498695209622383,0.2293668685015291,0.8522392474114895,0.36565972259268165,0.14616258954629302,0.31565869925543666,0.8038251071702689,0.2814532401971519,0.5600544305052608,15.611444727516705
0.41713582049123943,0.46801889780908823,0.03657243843190372,0.3975450601428747,0.37320354487746954,0.4276002075057477,0.9301265219692141,0.23629262577742338,0.3250645014923066,0.1432932293973863,14.771617610441371
0.7453900324180722,0.2740493400488049,0.20649445243179798,0.7988856113515794,0.8047803593799472,0.9432388537097722,0.6643433063291013,0.7773884697817266,0.24736037733964622,0.1662561462726444,18.198801125614803
0.40418760641478,0.7370727094821632,0.904071579920128,0.2569446568377316,0.8000341549050063,0.6585375203285366,0.19062824780121446,0.8327415774110705,0.38167553790844977,0.26447762246243656,17.72818893213085
0.5324545858893543,0.3741351221688092,0.6036228518933058,0.25085522583685815,0.976040588459,0.9365707538090646,0.007422025548294187,0.44304707180708647,0.776156865991652,0.08846684382297099,12.734492565276677
0.39029418234713376,0.42517318576574326,0.4576446411665529,0.26944406144320965,0.798954808851704,0.2817379420157522,0.6786051620729268,0.07869191910140216,0.20335581782273948,0.38442274695262313,10.479830103283923
0.3049237069208175,0.8197335132863373,0.25812905724160373,0.16175165539607406,0.0732596698217094,0.8261099886149168,0.6725315402727574,0.781378400977701,0.0362008938100189,0.24100817670114338,10.733559470023067
0.20683175534941256,0.8983105816878378,0.3438593626488,0.2754197814501822,0.87856773333624,0.0064193797297775745,0.08344347029924393,0.16713745146989822,0.9116376135498285,0.48136124946177006,13.901369534945324
0.8371798787266016,0.12408952065743506,0.5563496127724648,0.2840916507411748,0.7599075108300894,0.9302833008114249,0.2414678675122559,0.6304150649812073,0.5255343299359083,0.8666510374750942,10.581260744485455
0.31667565926909447,0.13278445485047996,0.5672520804218948,0.7537064696662128,0.5711611043661833,0.6552092470228672,0.32206991920247674,0.46771590295247734,0.7998829348944128,0.09738591057248414,10.902751353913992
0.7181649468839169,0.9811854728031904,0.7065813660155982,0.5620845779776573,0.29357630177401006,0.17477339296601713,0.24568253615871072,0.44074311992153525,0.9422932704910636,0.8491142718121409,18.141014082922453
0.017866898328065872,0.3421514672227204,0.19693559873849154,0.9054955402389169,0.7927445077802986,0.7329259000252932,0.13074505049735308,0.023392230039462447,0.756795929512009,0.2877630889415741,15.259600619095776
0.004157050279900432,0.5034538838081062,0.2114937831647694,0.48104021162725985,0.45694862585514784,0.13209039252251387,0.44418225227855146,0.4359647282399237,0.5089039481244981,0.6550491687376052,7.602695740224018
0.2523125645238906,0.20882613211870193,0.9898707803804427,0.9554497490171343,0.06723821582272649,0.08353868429549038,0.783007611753419,0.46516918297857046,0.1622122738044709,0.9528763534035534,15.74842472526127
0.4276784237008542,0.9474170666653663,0.32746919337660074,0.9158048194367439,0.7451865447219461,0.21124999201856554,0.8355806353501976,0.44644985953345895,0.8785328932572156,0.419669778784737,23.209555642963874
0.0858087670058012,0.9116344479843974,0.029817135306075215,0.2511712566483766,0.8002978665754199,0.22111459565348923,0.7391689408104867,0.4850681805983186,0.35584438871592283,0.37487160018645227,12.694310322313639
0.8427613177336752,0.01572988019324839,0.8541672236751765,0.32972209993749857,0.4475437863729894,0.0012818684335798025,0.4713259523268789,0.1395822325721383,0.29238354158587754,0.4186002309434116,6.66269004580482
0.27672898257151246,0.7621086046565324,0.0015799440443515778,0.23421338223852217,0.36124330456368625,0.5953621577937156,0.07208501524291933,0.4126840040553361,0.9249036419205368,0.8851625951938331,14.141936099623301
0.8213717516046017,0.4285280122421682,0.39433498750440776,0.9418692199978977,0.7409858792088926,0.01805921387858689,0.7074376319069415,0.5397267462685704,0.4510985219385475,0.041235086508095264,22.691602623309546
0.5585256605409086,0.7613736959174275,0.3001176421530545,0.002262703375890851,0.5552293446380645,0.11170326848514378,0.49609040026552975,0.9215332367457449,0.5779435478616506,0.0872346165124327,13.488316317176931
0.2568103582598269,0.5449420427903533,0.6783973285928369,0.023840940557420254,0.5931815132498741,0.21902648359537125,0.9330706384498626,0.8819660034496337,0.5611807303503156,0.9084857765119523,9.18782431055364
0.8930729166604578,0.11671376414597034,0.5771122130099684,0.8569656165782362,0.5955832090694457,0.23661908856593072,0.703941632527858,0.64551782887429,0.29439411708153784,0.0376337340567261,15.89695645842123
0.8151738159358501,0.3754619671963155,0.40959004661999643,0.3097805876750499,0.029769946821033955,0.14358371472917497,0.7403540168888867,0.9312197309918702,0.4508066796697676,0.44767914596013725,11.03698817067099
0.27810392039828,0.8353332912083715,0.8903285250999033,0.7349740003701299,0.5401211197022349,0.5872029263991863,0.10747407423332334,0.5960907442495227,0.7063640840351582,0.7629755600355566,20.392977132299844
0.905159194720909,0.872976160608232,0.50025565456599,0.9455502347555012,0.8353591090999544,0.9405695360619575,0.48020524391904473,0.633961379295215,0.6159280049614608,0.4889144201297313,20.42945588828683
0.4773720365483314,0.3258155134972185,0.5556999053806067,0.061177963158115745,0.4767897124402225,0.1279421232175082,0.6461500108707696,0.6752801064867526,0.22985018859617412,0.03121150191873312,7.879755741084764
0.16651973221451044,0.19659305457025766,0.27275220956653357,0.33029276807792485,0.7762394759338349,0.5834964432287961,0.8219384327530861,0.9273129052016884,0.9106809652876109,0.9275528350844979,9.058407981133092
0.4927955821622163,0.38964381418190897,0.31097183283418417,0.24412988661788404,0.3997994039673358,0.9686130662448704,0.5241700988262892,0.4038436277769506,0.665833427105099,0.6580326177645475,11.095061481231545
0.9943945987615734,0.5681725624017417,0.2149591101333499,0.874334468273446,0.4807671308517456,0.4091720264405012,0.9966899803839624,0.8409527766052634,0.7149925967678428,0.7252766159363091,22.931252996499154
0.7851280579343438,0.4216764457523823,0.994431869359687,0.8547501508146524,0.292077541584149,0.43952672905288637,0.3507100746501237,0.31499764951877296,0.24861683673225343,0.38449206692166626,23.52116957575552
0.8389723929576576,0.3309395893011242,0.8676523705944419,0.817426698980853,0.8978321794420481,0.7166564879007638,0.07836429262533784,0.2550291521474719,0.24671863950788975,0.19734158529900014,22.06967086476435
0.6084321564994752,0.9878139642532915,0.7650833397638053,0.8242988691199571,0.6514146376866847,0.7187983139883727,0.7482912093400955,0.8121211340185255,0.6040006340481341,0.1039547782856971,22.61882184853318
0.3077679320704192,0.3604098844807595,0.10050324676558375,0.5350589833687991,0.056590508203953505,0.814265524270013,0.14067366952076554,0.5110235314350575,0.34899180266074836,0.5025465101934969,10.242328702911703
0.8542528511025012,0.32625838299281895,0.3377612510230392,0.1360172366257757,0.23587016109377146,0.117638603085652,0.32831419026479125,0.3894015799742192,0.6058484460227191,0.46944709797389805,8.619856824486323
0.5371952496934682,0.7636471660807729,0.46971101965755224,0.061183877754956484,0.3382378248497844,0.056758895982056856,0.6791598803829402,0.13130566105246544,0.5378121717367321,0.14686623960733414,11.224403735483683
0.22661974793300033,0.04726105905137956,0.28712900704704225,0.9806096879765391,0.12811567797325552,0.42362670646980405,0.3644532391335815,0.6898242149036378,0.29016397381201386,0.49271433148533106,13.562112278095416
0.19243525504134595,0.0014151097275316715,0.06688437960110605,0.9578727541957051,0.2981398953124881,0.5677131447009742,0.44755368353798985,0.2984352873172611,0.5462983481120318,0.6550780506804585,14.943511851148168
0.7718538721092045,0.1313839270733297,0.21167103084735572,0.3811137529555708,0.5867337931413203,0.8111011509317905,0.530539937550202,0.31114870333112776,0.9156024740077555,0.5598432237748057,11.480892650944932
0.4611166287213564,0.820796495070681,0.2614962647203356,0.5232212194241583,0.781861548544839,0.5782973843161017,0.14574744668789208,0.1343581024557352,0.03770350362174213,0.8052739033009857,18.509861738304295
0.006816518260166049,0.29094230802729726,0.19634833792224526,0.3274007660802454,0.17488785344175994,0.006314548896625638,0.26193495374172926,0.29228913481347263,0.14637753716669977,0.5734615258406848,4.055892789098456
0.09951830701902509,0.30122264148667455,0.9139881811570376,0.7430296365637332,0.33045663335360587,0.7238789512775838,0.6481730628293008,0.7465852936729789,0.9926168376114219,0.10201523988507688,13.772462553886367
0.7791569714900106,0.9226749415975064,0.7628999839071184,0.25939676468260586,0.09856834565289319,0.5522515783086419,0.11194082535803318,0.5777610691729933,0.6734048104844987,0.9792558625340462,10.490166614065277
0.326406329870224,0.86951445764862,0.40017725224606693,0.7239303251262754,0.3746287375688553,0.16550892149098217,0.7654942001681775,0.9300076796207577,0.9877171500120312,0.9815581701695919,17.663055720431004
0.11072695767506957,0.1707326879259199,0.7703438806347549,0.7600094915833324,0.2623791922815144,0.771951908711344,0.062378887087106705,0.7741398187354207,0.5690988032147288,0.6241965712979436,12.299955479788935
0.7734913404565305,0.6688624285161495,0.8163836125750095,0.15781103842891753,0.37496170308440924,0.5216751990374178,0.08434646483510733,0.0272808528970927,0.13047360186465085,0.04383425647392869,15.009161357112337
0.23513529845513403,0.6551543693058193,0.9268408713396639,0.9676281854044646,0.7087828489020467,0.16949191689491272,0.913653084076941,0.7053025597706437,0.9619578109122813,0.78158586518839,21.23427061594799
0.5516541593242437,0.880917081143707,0.04942116257734597,0.68708017305471,0.24869760917499661,0.22732690814882517,0.7089016453828663,0.6125912819989026,0.819211523514241,0.38470629695802927,22.512781071539386
0.7735071608331054,0.3893356276676059,0.8132887068204582,0.8656559907831252,0.2824599558953196,0.8174382094293833,0.8865810986608267,0.060114855179563165,0.3672269741073251,0.7627758649177849,19.15819478066239
0.2670064754784107,0.017754615051671863,0.5703337681479752,0.15153333521448076,0.11935491836629808,0.4381937950383872,0.42113121901638806,0.1571811307221651,0.14336633775383234,0.8823139464948326,3.843448058469158
0.5705107210669667,0.9070957072544843,0.8454656563699245,0.08728464599698782,0.5436021315399557,0.764932427322492,0.4862090777605772,0.9539645302575082,0.9367173071950674,0.7256701095029712,16.44562336031836
0.052964529953897,0.504709156928584,0.1147365237120539,0.6983939264900982,0.6082375675905496,0.19082747725769877,0.5162767986766994,0.4722604521084577,0.6660294022876769,0.5367120262235403,15.640861605147256
0.4143198800738901,0.3030574459116906,0.5005632953252643,0.2598640078213066,0.5612356083001941,0.1385584792587906,0.5528739676810801,0.5568798764143139,0.2482133477460593,0.8389465459622443,8.631349573183728
0.12948731938377023,0.8968233952764422,0.7345317909494042,0.20297183096408844,0.8118054270744324,0.8920862996019423,0.19413308799266815,0.597042044159025,0.8987073779571801,0.531281684525311,10.754944454576863
0.8088632887229323,0.3458573261741549,0.481806012801826,0.6348221169319004,0.263199478155002,0.5947257401421666,0.7154375633690506,0.11463705683127046,0.8915978854056448,0.7109430327545851,14.4656500281861
0.8283078018575907,0.08985541993752122,0.33665764913894236,0.4407599666155875,0.5519604671280831,0.46060970914550126,0.40689317509531975,0.8496091379784048,0.26363971666432917,0.3375326485838741,8.822041003647527
0.9819649194832891,0.44189936574548483,0.6455710865557194,0.967463037930429,0.8211578361224383,0.7589997360482812,0.1786595021840185,0.11775828991085291,0.172820603242144,0.2848325630184263,23.78847893949731
0.16232657060027122,0.9730970261152834,0.4619424620177597,0.01794590405188501,0.028681493597105145,0.9147634466644377,0.8252048317808658,0.6130437212996185,0.5085371944587678,0.9339487659744918,5.867565309637426
0.013406695565208793,0.9414757057093084,0.07797844987362623,0.6068043664563447,0.13721143151633441,0.5512790544889867,0.03870428423397243,0.7674976114649326,0.7718353874515742,0.6645071832463145,10.118937022834832
0.8271242212504148,0.1681081997230649,0.7934999268036336,0.9149198133964092,0.6020126908551902,0.9510788260959089,0.4494997796136886,0.7989023642148823,0.5452317900490016,0.27024044352583587,17.749625384593976
0.5013634846545756,0.4906307798810303,0.48859249241650105,0.28839330771006644,0.9275591666810215,0.07685089716687799,0.9629900776781142,0.8879668859299272,0.3698960936162621,0.752771973842755,16.087436638147057
0.5158448012080044,0.9172200504690409,0.2528559120837599,0.36414012778550386,0.5057539180852473,0.14997939998283982,0.9740610467270017,0.15712360059842467,0.9315053501632065,0.8586731294635683,16.68038801404833
0.6761918177362531,0.9779836116358638,0.048934587743133307,0.8414526258129627,0.5326185724698007,0.24090043199248612,0.30838134605437517,0.04929059976711869,0.338186921318993,0.10659800749272108,23.873565144714217
0.43473455938510597,0.25780218141153455,0.2832788701634854,0.7468052168842405,0.8536062831990421,0.2149715512059629,0.05623758211731911,0.46366835152730346,0.5789293863344938,0.23863903409801424,15.459006182096594
0.1450137747451663,0.45720267319120467,0.5048440953250974,0.9780828740913421,0.010668707778677344,0.6361801302991807,0.6232476145960391,0.14495120430365205,0.0783424919936806,0.6749439402483404,11.111135771672163
0.5157386818900704,0.8854904873296618,0.31170828151516616,0.8481510994024575,0.8231739473994821,0.328993909759447,0.8601996279321611,0.08660973934456706,0.02269427548162639,0.7896238842513412,22.472508032924235
0.7692088247276843,0.48706433759070933,0.1601434329058975,0.7455469439737499,0.6054154401645064,0.1483327487949282,0.32273620599880815,0.9472805052064359,0.5183456782251596,0.6087754759937525,21.37810513199596
0.9745204080827534,0.2405337446834892,0.2291728942655027,0.07100109616294503,0.05167668545618653,0.9772405468393117,0.46887014200910926,0.17417983361519873,0.16091515449807048,0.1019924005959183,7.948467163623056
0.6784847343806177,0.0761566839646548,0.6014161389321089,0.17269914015196264,0.1934248530305922,0.16715520061552525,0.8840324711054564,0.3971897945739329,0.7184951361268759,0.4227085905149579,4.037680329068795
0.5531117501668632,0.09186187805607915,0.2893667377065867,0.19811147917062044,0.7886671111918986,0.9461036112625152,0.3871225737966597,0.02897497219964862,0.3076626118272543,0.05692737991921604,7.2797946713727635
0.415540786460042,0.2411282416433096,0.9635780248790979,0.9221459631808102,0.3262645173817873,0.1310907166916877,0.8199457479640841,0.30145767983049154,0.4674302991479635,0.528363578254357,18.68317248112013
0.15424485970288515,0.6066097056027502,0.29842376825399697,0.37528794375248253,0.06294863857328892,0.4107430924195796,0.27465755329467356,0.8867212883196771,0.9468146588187665,0.737485759658739,8.87074925870788
0.025293171871453524,0.11325108096934855,0.8441609512083232,0.9120209126267582,0.9200242727529258,0.103062225272879,0.06585320644080639,0.35159643087536097,0.08440456842072308,0.4772414662875235,17.699279663746772
0.5749267290811986,0.7779770952183753,0.4870022749528289,0.2998720691539347,0.32250088872388005,0.2208945252932608,0.9964403051417321,0.9969090069644153,0.5018636356107891,0.06282488838769495,15.483257538912417
0.5083139089401811,0.15772224799729884,0.4885335429571569,0.3200535927899182,0.9438613199163228,0.5204348980914801,0.557585870148614,0.7873322961386293,0.5051033406052738,0.22294183168560266,11.188641429238533
0.7131859082728624,0.8820028030313551,0.9523577957879752,0.04979371069930494,0.5081609401386231,0.9631100345868617,0.6477121838834137,0.7652402052190155,0.7085699154995382,0.7963291238993406,15.800693141013259
0.06329374969936907,0.009604243794456124,0.48080286267213523,0.9980258808936924,0.8069588572252542,0.05179344187490642,0.7073869989253581,0.2732613405678421,0.7494383838493377,0.20026248903013766,13.05200216712252
0.3302508695051074,0.27448686165735126,0.19295601174235344,0.4524180965963751,0.4341156487353146,0.5373336381744593,0.6234481025021523,0.4114440195262432,0.8676865082234144,0.16196638252586126,12.265244248105246
0.9361655057873577,0.1382664181292057,0.39301588013768196,0.010490095941349864,0.235729152103886,0.19988861284218729,0.6417138155084103,0.21708378358744085,0.6972327991388738,0.6225903823506087,6.298336190457956
0.680676547344774,0.7117270741146058,0.7318033403716981,0.7051866450347006,0.608418300980702,0.30702778371050954,0.8451507303398103,0.3801679383032024,0.17966104089282453,0.30371874826960266,21.741354432138927
0.18609947175718844,0.7057206192985177,0.12488068547099829,0.9211061834357679,0.009086751379072666,0.26625604066066444,0.6817573725711554,0.9839559155516326,0.3812127523124218,0.32305795629508793,16.502009807229445
0.9634382559452206,0.03609972633421421,0.5285699677187949,0.6315051282290369,0.09302025497891009,0.7517734414432198,0.70626689074561,0.14254717575386167,0.3147303715813905,0.4034850306343287,8.010612027316396
0.9665820619557053,0.6445662004407495,0.6729452889412642,0.8055677702650428,0.9022102495655417,0.6805385567713529,0.9526629853062332,0.8866094895638525,0.6264003317337483,0.8621373772621155,23.326148860255685
0.20618206984363496,0.7102792751975358,0.6880036271177232,0.7158765862695873,0.5053928403649479,0.6866166654508561,0.7375499936752021,0.6940476410090923,0.02908456977456808,0.26701357564888895,16.230173837039604
0.242753972299397,0.20168060320429504,0.7088038788642734,0.5427364583592862,0.893028863472864,0.6280758061911911,0.9161224600393325,0.9260778881143779,0.17470189346931875,0.5110884432215244,11.484922658781182
0.24438367155380547,0.8085141291376203,0.9383949681650847,0.6179085271432996,0.6244329258333892,0.19438291969709098,0.1892538913525641,0.28583013731986284,0.06953188660554588,0.5826646776404232,19.436507628228696
0.7213824386708438,0.054497211473062634,0.01893060957081616,0.09981567598879337,0.4396429159678519,0.5410411842167377,0.5286150663159788,0.7504541585221887,0.9737487998791039,0.7916444330476224,9.837534381228515
0.029202529462054372,0.8534941468387842,0.09050657600164413,0.7840371914207935,0.6218938427045941,0.8242954139132053,0.5851530423387885,0.12680168426595628,0.7946258203592151,0.955675216158852,15.149257874178641
0.4832096239551902,0.8841267894022167,0.656588647281751,0.5356536621693522,0.5533718524966389,0.589826304698363,0.30072720046155155,0.38515530875883996,0.18703168025240302,0.9025889511685818,19.669719340182688
0.9270326471887529,0.11103243427351117,0.6929901205003262,0.19044401706196368,0.7176251022610813,0.5672948674764484,0.24099521269090474,0.734671373385936,0.9352252469398081,0.41485843947157264,10.383859007059623
0.04615256283432245,0.7547117457725108,0.08356379601173103,0.7890041770879179,0.5270155854523182,0.9418211297597736,0.7793005448766053,0.9233362630475312,0.8139797525946051,0.27576817851513624,16.29539441729853
0.3847567557822913,0.7525234897620976,0.5288666873238981,0.7110408344306052,0.954455235041678,0.8443050561472774,0.365776656428352,0.19649598002433777,0.0036893943324685097,0.1839430294930935,18.25499754117306
0.13192466483451426,0.573814601637423,0.9100666304584593,0.05528712668456137,0.16311462898738682,0.21099338494241238,0.60341064655222,0.03040940873324871,0.8309489332605153,0.3890006532892585,8.005579993842204
0.5339011256583035,0.20040085772052407,0.4859465677291155,0.4656423374544829,0.3617129307240248,0.6726287642959505,0.9282155707478523,0.9940356942825019,0.3522402399685234,0.602497921558097,8.852228535731403
0.26352818170562387,0.7021253183484077,0.51361751020886,0.027881716145202518,0.7131187974009663,0.910036435816437,0.5793144260533154,0.8856221600435674,0.6777057417202741,0.3443169970996678,8.492083622070625
0.6877766405232251,0.5988189743366092,0.8004481254611164,0.08113623200915754,0.8683888965751976,0.4168893457390368,0.8771880846470594,0.31984802591614425,0.31179480301216245,0.22756775259040296,17.86028013308495
0.8886508061550558,0.06653470429591835,0.36177136353217065,0.20085663395002484,0.39804962277412415,0.9659007522277534,0.9278667960315943,0.5236650831066072,0.8496919670142233,0.19066960108466446,6.240868867428899
0.9221803930122405,0.996214663144201,0.542493945453316,0.5977519755251706,0.34216575673781335,0.8469016067683697,0.7114361000712961,0.9658579111564904,0.8776968414895236,0.44195528514683247,9.859624615450784
0.1420400447677821,0.6751429729629308,0.5276652961038053,0.021452449960634112,0.712305189576,0.6117830672301352,0.14791804715059698,0.35347987338900566,0.33270439342595637,0.263198540546,5.161510932752954
0.9038127895910293,0.5533522458281368,0.9341840110719204,0.7949533129576594,0.38398229028098285,0.9677610888611525,0.24003367009572685,0.030018259305506945,0.6202132755424827,0.3867025950457901,24.96870278906055
0.18404036201536655,0.9509014189243317,0.4708537224214524,0.18266132893040776,0.17058086348697543,0.47897293348796666,0.7835303617175668,0.6889895773492754,0.35174186108633876,0.858889564871788,9.772878862356961
0.6840003945399076,0.028183066518977284,0.48655026336200535,0.05174686899408698,0.07652181037701666,0.07194258528761566,0.0040846827905625105,0.47645830106921494,0.24840211984701455,0.3782082546968013,1.3899474929510673
0.14359540701843798,0.15453882794827223,0.6540179504081607,0.15717766410671175,0.12141446070745587,0.36689897160977125,0.8273256092797965,0.2264225643593818,0.3095207801088691,0.06267039873637259,3.7755189542281253
0.11687726783566177,0.5842722726520151,0.9161084943916649,0.15873635839670897,0.07753557828254998,0.9713931630831212,0.10837361495941877,0.44588735862635076,0.6615601293742657,0.08550694538280368,8.004474480240331
0.8641456412151456,0.4187867434229702,0.6818690455984324,0.8007885278202593,0.34870897023938596,0.11369463452138007,0.7264071882236749,0.3377300491556525,0.3030914864502847,0.5011547498870641,18.134625600833107
0.3097566806245595,0.8380664307624102,0.6965089151635766,0.3894578965846449,0.028042613994330168,0.9799368584062904,0.2342299164738506,0.8741274140775204,0.38260469189845026,0.34186573047190905,12.52709191529369
0.07080280920490623,0.23415022622793913,0.8508751953486353,0.5482491673901677,0.4609321921598166,0.10515694902278483,0.023618993582203984,0.7009846139699221,0.3290006071329117,0.26716656633652747,11.663818001530991
0.7907556006684899,0.18610363453626633,0.4941700955387205,0.5478038515429944,0.17170916823670268,0.9607068677432835,0.3306384696625173,0.38278167229145765,0.013027175096794963,0.8451847499236465,11.727490372870276
0.02502248389646411,0.6858857041224837,0.7525650768075138,0.42246189480647445,0.5480884797871113,0.09836304956115782,0.180646067019552,0.39887975063174963,0.5480415893252939,0.405852098017931,9.34185211370588
0.6755778645165265,0.05738052958622575,0.6667103536892682,0.41529769473709166,0.49806757434271276,0.2939267123583704,0.250711654080078,0.8236213615164161,0.742892941692844,0.7309659635648131,8.011642788422343
0.3159382331650704,0.03562297229655087,0.4465192623902112,0.8125387516338378,0.43601343873888254,0.47677358076907694,0.36847119871526957,0.6143238337244838,0.5850330924149603,0.7380514915566891,10.733359865839665
0.28739928477443755,0.7279295281041414,0.9829096333123744,0.14084946922957897,0.8871701951138675,0.29380671842955053,0.42425515595823526,0.5425487444736063,0.7411970018874854,0.19815229182131588,17.563714157657063
0.8007723761256784,0.8307050983421504,0.4496834445744753,0.61564209475182,0.08758901595138013,0.39387211529538035,0.47712681791745126,0.44998693047091365,0.5785723822191358,0.057881566463038325,15.613299278179184
0.8734590208623558,0.6257202061824501,0.3489248191472143,0.18043502559885383,0.0912361282389611,0.4115028637461364,0.42410858697257936,0.4030356949660927,0.3396676555275917,0.5203817067667842,10.981008465364566
0.9866399310994893,0.42783059016801417,0.11341755767352879,0.5973330445121974,0.8871187397744507,0.8388626130763441,0.7446465883404016,0.13807621016167104,0.07415248779579997,0.7910645352676511,23.692402115379874
0.7920076323207468,0.522755789803341,0.5688547499012202,0.9885578383691609,0.0578053230419755,0.8198875247035176,0.5132999434135854,0.9972207602113485,0.30033624917268753,0.7796685234643519,18.395779678589214
0.7840375797823071,0.4327224234584719,0.5073965245392174,0.6558003153186291,0.25602812971919775,0.8375337158795446,0.8693428968545049,0.10492633772082627,0.1939561169128865,0.7401823939289898,16.25209382857839
0.33976397570222616,0.9472138555720448,0.21952313790097833,0.7782559711486101,0.3312079142779112,0.8758864384144545,0.9109758648555726,0.5353391161188483,0.15899674012325704,0.9407645668834448,18.661038996974263
0.9206019018311054,0.5015341751277447,0.8314379844814539,0.1375093893148005,0.043616294860839844,0.08868366060778499,0.43784704618155956,0.6931974529288709,0.41315501439385116,0.6700452815275639,13.088956196321433
0.9338138841558248,0.46570995543152094,0.7681008046492934,0.9680802936200052,0.6388938021846116,0.7208362116944045,0.7377420691773295,0.49374521500431,0.32831318420358,0.6997088990174234,24.66533676830114
0.3166134755592793,0.036293989745900035,0.12414299254305661,0.6275539707858115,0.46670565591193736,0.5324856825172901,0.7168290184345096,0.68585473485291,0.6939998636953533,0.3230076136533171,12.594589675954385
0.8666154542006552,0.615987686207518,0.5714600570499897,0.3526094404514879,0.4789656447246671,0.48179217940196395,0.06977239088155329,0.20790090807713568,0.6517423707991838,0.773121501551941,18.335603302314922
0.6250117879826576,0.05381311639212072,0.8066860076505691,0.7954278860706836,0.888543751090765,0.6346473360899836,0.7494682769756764,0.31479556974954903,0.3678516671061516,0.14246686920523643,15.447749655635214
0.09227150888182223,0.8648909179028124,0.16247420711442828,0.6723698487039655,0.4154054450336844,0.8961181929334998,0.8365287340711802,0.7082767812535167,0.2798576238565147,0.32197334384545684,14.956251406122812
0.25251370551995933,0.4385287675540894,0.7906226401682943,0.41568820690736175,0.5009235818870366,0.6300138211809099,0.10246968897990882,0.6369276426266879,0.7999291722662747,0.0821215023752302,11.528264029011224
0.3953666144516319,0.5890030332375318,0.43663629819639027,0.46044981153681874,0.29353948635980487,0.8308984315954149,0.7699559535831213,0.21600029291585088,0.4881065001245588,0.07253760122694075,13.009550704109778
0.5648041358217597,0.0225737732835114,0.30513634788803756,0.41694229072891176,0.7285749416332692,0.7065025412011892,0.26143269147723913,0.1300330893136561,0.4251619416754693,0.08864685404114425,9.171080487482127
0.8553497064858675,0.4041022399906069,0.01294560101814568,0.9078138608019799,0.2966825128532946,0.012115830322727561,0.8883321387693286,0.4094678966794163,0.009556167293339968,0.2657479904592037,23.029551965026908
0.7912183788139373,0.8743300014175475,0.6384161303285509,0.4822086119093001,0.5308142963331193,0.7035829334054142,0.8012865206692368,0.46369176753796637,0.9262447657529265,0.0037905287463217974,15.90675034214076
0.719642870593816,0.38990351906977594,0.8614579057320952,0.5296759754419327,0.03329896810464561,0.5736715025268495,0.585222635185346,0.34423954458907247,0.01697407732717693,0.5449608857743442,16.924051385284066
0.6040457796771079,0.1410095829050988,0.2214005326386541,0.15716064255684614,0.6357729414012283,0.0910572106949985,0.3618126893416047,0.43033635430037975,0.7192486599087715,0.39316331781446934,9.785471580069453
0.9504142177756876,0.1335012058261782,0.9744328546803445,0.012417562771588564,0.22163918195292354,0.907765767769888,0.09101127577014267,0.8103298200294375,0.45015813573263586,0.7906496105715632,9.438703761362431
0.8266851401422173,0.40352531522512436,0.7739348392933607,0.6697496417909861,0.849500359268859,0.11771907331421971,0.8337865995708853,0.3964561263564974,0.11345423525199294,0.9799448847770691,20.57630233922421
0.8708611584734172,0.7711807107552886,0.3924753135070205,0.09118849411606789,0.5552174441982061,0.16008336539380252,0.8694708796683699,0.21543272538110614,0.8230684543959796,0.1221313625574112,11.208604201325613
0.5028939144685864,0.31210985290817916,0.2448943597264588,0.8332458147779107,0.06825593556277454,0.7847611128818244,0.915144658414647,0.338148626498878,0.8726376909762621,0.1694881236180663,14.848887336581948
0.04807607876136899,0.27012787223793566,0.9359037664253265,0.6433149077929556,0.8089450225234032,0.571413085795939,0.021856203908100724,0.46121685625985265,0.7716131259221584,0.06270479201339185,14.091716794406864
0.4768514111638069,0.18846748606301844,0.6424578414298594,0.9094076782930642,0.012056394945830107,0.9124668356962502,0.09955409984104335,0.7455264958553016,0.8079391170758754,0.5864890513475984,13.584766742842618
0.9298331846948713,0.36163319763727486,0.12760907574556768,0.7694803271442652,0.48201239737682045,0.7684812778607011,0.5046513646375388,0.602758893975988,0.4962064989376813,0.9515818455256522,21.377529587498458
0.7214972085785121,0.24065223895013332,0.4224028675816953,0.14903152990154922,0.8551240740343928,0.5512723063584417,0.5950011911336333,0.5453082744497806,0.10765683767385781,0.43946446874178946,12.686460146128791
0.03088395274244249,0.44794058869592845,0.2518807540182024,0.32434440427459776,0.18630023743025959,0.39493600535206497,0.9011297838296741,0.5815619365312159,0.23512342013418674,0.2711111279204488,5.647072575896119
0.38542344025336206,0.6248008138500154,0.9718727469444275,0.22240270976908505,0.6963722156360745,0.6684504386503249,0.9108367215376347,0.5646085920743644,0.8025009830016643,0.3155969486106187,15.533633047211671
0.7291954378597438,0.060774079989641905,0.6724850488826632,0.1684706441592425,0.3935019390191883,0.40572466677986085,0.3528790376149118,0.4873389941640198,0.9088287220802158,0.338559937896207,7.0910272836906305
0.01737390272319317,0.9115774736274034,0.5410416342783719,0.13303717970848083,0.5037771328352392,0.2354247705079615,0.3662886412348598,0.7815967190545052,0.5382819781079888,0.4410715317353606,4.190537982035705
0.7082798241171986,0.06752355978824198,0.29700728063471615,0.8907431652769446,0.9489200154785067,0.5723625239916146,0.8303891946561635,0.7643772214651108,0.923909030854702,0.8408754181582481,15.59771280534925
0.6107156872749329,0.003953809384256601,0.7275277355220169,0.9594593746587634,0.4165813000872731,0.4865531122777611,0.48240236286073923,0.9619445318821818,0.06420231098309159,0.42379200365394354,11.61979888752931
0.9922769239638001,0.57230333564803,0.21725175459869206,0.7251304970122874,0.42374924710020423,0.5315562426112592,0.8625455829314888,0.673956735059619,0.29473091405816376,0.300102744018659,21.359354460608895
0.5347260129638016,0.06049938849173486,0.11008533975109458,0.40308176912367344,0.9993553191889077,0.15180066972970963,0.46995259169489145,0.5587868008296937,0.8079661892261356,0.44164753099903464,15.199501653111572
0.7506270178128034,0.7693693528417498,0.913232556078583,0.10866678552702069,0.15495055518113077,0.7269946800079197,0.7169785569421947,0.9302703090943396,0.6042772764340043,0.00918619567528367,16.56314161764581
0.7129540618043393,0.21496080816723406,0.03731368388980627,0.8319503520615399,0.8719305759295821,0.955351151060313,0.27216635597869754,0.40707494877278805,0.17538375174626708,0.11249059857800603,22.059367194157954
0.8538106167688966,0.8256182975601405,0.3804919943213463,0.4751283007208258,0.9784835695754737,0.8435462000779808,0.7674962470773607,0.05783719546161592,0.48853299440816045,0.8628349215723574,15.895435801583195
0.43147716438397765,0.1153391629923135,0.13571257144212723,0.6314525520429015,0.19453790318220854,0.4803260520566255,0.15223052399232984,0.9428482668008655,0.8302346798591316,0.9938773040194064,11.366945639425273
0.9842437421903014,0.20599458226934075,0.17141176341101527,0.35204304894432425,0.028546149376779795,0.40093361074104905,0.5757032306864858,0.39193295035511255,0.3616510524880141,0.3006064286455512,11.748787828726533
0.7981925904750824,0.03373602288775146,0.7801131866872311,0.8120720412116498,0.7008806522935629,0.6628203166183084,0.4777317789848894,0.9652922733221203,0.10176596324890852,0.027757461182773113,14.494805126885922
0.6652668744791299,0.17935390281490982,0.28622112330049276,0.06706754886545241,0.7996988955419511,0.0010266113094985485,0.11509520700201392,0.30495384079404175,0.47998809977434576,0.09696537745185196,9.623780079677308
0.12479087128303945,0.6491607762873173,0.17107314174063504,0.8853955399245024,0.06255028280429542,0.6725405228789896,0.2833476443774998,0.3016303004696965,0.9494074354879558,0.7013211778830737,14.320199172125491
0.719920536968857,0.15259344945661724,0.27128670597448945,0.17245892342180014,0.45522016612812877,0.8514458239078522,0.13762686401605606,0.1094729567412287,0.4930694396607578,0.4102036450058222,8.299778525497697
0.19148459355346859,0.21197257260791957,0.8681235322728753,0.8215696362312883,0.8763860838953406,0.25381610030308366,0.19583252514712512,0.0720457963179797,0.05664313305169344,0.5544320654589683,16.953044294069
0.7559978207573295,0.807271474506706,0.31029789545573294,0.4527486974839121,0.24298928608186543,0.5412382788490504,0.33350879861973226,0.8956471658311784,0.7790947922039777,0.9605498409364372,17.350169142030698
0.5220837227534503,0.46260655927471817,0.11647981125861406,0.4138936121016741,0.46626344812102616,0.6204517823643982,0.5784116231370717,0.24012547126039863,0.9457786965649575,0.4610689452383667,16.08301555900063
0.4087470849044621,0.7166541262995452,0.8089447752572596,0.6327071452978998,0.21782589494250715,0.6395734907127917,0.7999697711784393,0.15875903610140085,0.3846503710374236,0.5332555272616446,17.993567155261722
0.9704472380690277,0.06598082790151238,0.20477064233273268,0.8558505007531494,0.20272225327789783,0.5599037471693009,0.02729675965383649,0.9218203872442245,0.8582361717708409,0.3795023406855762,13.073900924300025
0.17282061465084553,0.40776446438394487,0.5103047911543399,0.6635065416339785,0.18408370995894074,0.9067484748084098,0.0035446889232844114,0.09736919752322137,0.5878206654451787,0.9564015755895525,9.001152483347923
0.31597345578484237,0.567382100969553,0.5558930628467351,0.12696024775505066,0.4014294936787337,0.07352807861752808,0.5584880285896361,0.41778656910173595,0.5164132586214691,0.5383675445336848,6.852419812375089
0.6421338147483766,0.3138188140001148,0.13472366891801357,0.25222168606705964,0.16691286209970713,0.5947590302675962,0.8953229419421405,0.5831111678853631,0.9745443270076066,0.36435889499261975,13.245804859063243
0.4618726195767522,0.23522665700875223,0.442276272457093,0.036854300647974014,0.7996079293079674,0.6166541061829776,0.8779884518589824,0.8885676471982151,0.5897123338654637,0.8931482057087123,8.273426752347653
0.6901490595191717,0.002064682776108384,0.3549723408650607,0.0765234436839819,0.36615399713627994,0.6850461333524436,0.7300517710391432,0.9930843857582659,0.4026172433514148,0.91033147694543,2.1947636592089337
0.3859234587289393,0.38385046529583633,0.3079315931536257,0.8864742850419134,0.42497518798336387,0.1749780518002808,0.0285842209123075,0.038048045011237264,0.1067075994797051,0.051677949726581573,17.067489882294463
0.21851200284436345,0.5188851850107312,0.6537239218596369,0.4845144876744598,0.3400685547385365,0.05197980301454663,0.4374369974248111,0.40769794466905296,0.2765187604818493,0.4717898147646338,11.020268935189513
0.6944167134352028,0.6317606342490762,0.9580430162604898,0.8453118545003235,0.14996803645044565,0.08603385277092457,0.5416356243658811,0.9421648171264678,0.8686872096732259,0.5811683763749897,23.043746446674113
0.9936773914378136,0.6656634663231671,0.835288577247411,0.5567569085396826,0.22078128345310688,0.9581761506851763,0.032191359205171466,0.7349818353541195,0.7929471044335514,0.6208954018075019,18.486863720649655
0.31389883952215314,0.26525673433206975,0.9930709796026349,0.2064426876604557,0.9161612868774682,0.5632526208646595,0.08880684920586646,0.8501709806732833,0.45152116753160954,0.46056803269311786,12.571352140679368
0.3096301117911935,0.6415293863974512,0.5398998151067644,0.39703250769525766,0.10514333588071167,0.2518721285741776,0.8458982901647687,0.5075560258701444,0.4597411260474473,0.8572344982530922,10.889804006154357
0.5145950254518539,0.3538407164160162,0.44814833090640604,0.7490982115268707,0.7516752963420004,0.9022800226230174,0.1465954666491598,0.6891640047542751,0.6017979611642659,0.3315665633417666,16.025045059629935
0.43716515181586146,0.6253300784155726,0.4978445121087134,0.9992146983277053,0.4858771590515971,0.6807090283837169,0.969815636286512,0.9833040831144899,0.04981692531146109,0.20429120026528835,20.869107115409324
0.16653764597140253,0.7820167723111808,0.5383131795097142,0.9052116242237389,0.2941991912666708,0.860454797744751,0.3924080233555287,0.7379510719329119,0.21853930596262217,0.3679490538779646,15.274393899992328
0.9233905770815909,0.26712791179306805,0.49705791333690286,0.6958642755635083,0.6397288443986326,0.7016326203010976,0.4444578089751303,0.6458514691330492,0.3601763730403036,0.8849295473191887,17.434182831842268
0.04676805483177304,0.6211201034020633,0.8956299973651767,0.8733746542129666,0.39897753787226975,0.9136649654246867,0.33825255488045514,0.03313641087152064,0.92591696488671,0.44622527179308236,13.733621154352171
0.4539643370080739,0.013152105966582894,0.024400093592703342,0.23278223723173141,0.02106400392949581,0.5605523609556258,0.2571388578508049,0.7557334830053151,0.6145469048060477,0.13955641444772482,5.959128671852292
0.45776533777825534,0.8920098706148565,0.9567459910176694,0.3406162771862,0.5424644285812974,0.8697812990285456,0.3263115647714585,0.12364596175029874,0.2802208501379937,0.40753695741295815,20.717207142348993
0.20311867468990386,0.7738012622576207,0.35843115649186075,0.8586761609185487,0.8124564399477094,0.17134674196131527,0.6073670655023307,0.9782043038867414,0.20809960714541376,0.6155417507980019,17.43549291790816
0.12024199799634516,0.9914172228891402,0.13220303761772811,0.4074309142306447,0.1838443202432245,0.4474137010984123,0.8105807278770953,0.6446184997912496,0.20591712393797934,0.25169668393209577,12.145253558390015
0.7710660758893937,0.07296570460312068,0.3918316054623574,0.8893139769788831,0.4440644602291286,0.18984732520766556,0.4266112369950861,0.5060982787981629,0.05691005475819111,0.7303815202321857,14.345183112032363
0.1892643440514803,0.80699457321316,0.9277724560815841,0.7435562347527593,0.16025451687164605,0.2034799070097506,0.8335420300718397,0.18975350609980524,0.37756184581667185,0.2618600132409483,15.3433694610236
0.4274894983973354,0.09292689245194197,0.41084336768835783,0.1601552478969097,0.7618699641898274,0.41997316130436957,0.7846712430473417,0.915219524409622,0.5197288056369871,0.5324553372338414,5.718407094051122
0.06015326199121773,0.9021681060548872,0.1405368116684258,0.34756618179380894,0.7423760292585939,0.5088072381913662,0.39929416961967945,0.6797114743385464,0.22451895289123058,0.9891219139099121,10.344111955426177
0.9661963507533073,0.8228002558462322,0.2357521136291325,0.9825199819169939,0.5251558909658343,0.33812789618968964,0.8877941481769085,0.4275661481078714,0.897228276822716,0.7706972290761769,19.922292579367394
0.14277829532511532,0.2825149411801249,0.19660533987917006,0.2489008130505681,0.5238107221666723,0.017842687433585525,0.4382118785288185,0.19659442105330527,0.6569241592660546,0.2266034777276218,7.83118905515901
0.7875421866774559,0.3779290032107383,0.673756820615381,0.6661554088350385,0.21873314352706075,0.5151414319407195,0.2674980601295829,0.20478996890597045,0.9668161110021174,0.33792137261480093,16.386384332818775
0.46447056205943227,0.0612653037533164,0.840364642906934,0.43674975470639765,0.9582724827341735,0.47621229151263833,0.7607452548108995,0.005610173335298896,0.4900385376531631,0.1653212474193424,13.925193696679228
0.6922284252941608,0.02098566316999495,0.7863230113871396,0.43148875911720097,0.6076498122420162,0.30106260417960584,0.498118088580668,0.6354227615520358,0.1407759990543127,0.7908009474631399,9.733602163830813
0.7386688229162246,0.9618067399132997,0.016567512648180127,0.7134483291301876,0.3296530242078006,0.09724743897095323,0.6040471054147929,0.10062108444981277,0.07196805067360401,0.6046449088025838,23.118500064756283
0.9362550396472216,0.6779045157600194,0.2348032803274691,0.3909220374189317,0.1806067826692015,0.37191192735917866,0.3432576304767281,0.9444848373532295,0.04763929801993072,0.6081276116892695,15.295156919869164
0.3564566734712571,0.393710901029408,0.43075137259438634,0.5470395777374506,0.8017159588634968,0.7473287624306977,0.04709930415265262,0.1671291496604681,0.6530051815789193,0.9083150862716138,14.01314792702669
0.09294086927548051,0.7591030590701848,0.7879618345759809,0.9175277824979275,0.13399051711894572,0.9068777095526457,0.7966003657784313,0.23122060764580965,0.06743939383886755,0.1684705102816224,11.971545541842685
0.044448420871049166,0.7028908056672662,0.7236851153429598,0.838781574042514,0.27519497042521834,0.817528854124248,0.6714309249073267,0.6162047968246043,0.6160167453344911,0.6042360465507954,14.102489437724646
0.9589048235211521,0.09241452114656568,0.04803947685286403,0.3801645243074745,0.6712396158836782,0.18386834696866572,0.5219291090033948,0.7729808783624321,0.24216247093863785,0.9112156147602946,12.455071718744216
0.3496976448222995,0.9457850174512714,0.4836925088893622,0.4048815362621099,0.7441311730071902,0.5612000173423439,0.2617964723613113,0.03499542269855738,0.24339847592636943,0.8607762167230248,14.426437358218513
0.7924209490884095,0.21902764309197664,0.07098892144858837,0.05369450896978378,0.6810717519838363,0.4942006601486355,0.41550333704799414,0.8461455691140145,0.340591847198084,0.5943930074572563,13.855112651288957
0.8664329648017883,0.8382416274398565,0.6690652365796268,0.4985060687176883,0.631283241789788,0.18332185596227646,0.5545055535621941,0.5290036387741566,0.3917580200359225,0.36955618555657566,13.663436044817466
0.5331390134524554,0.2725464915856719,0.41023944481275976,0.7323655348736793,0.39011448551900685,0.2133392987307161,0.427141475956887,0.1316279680468142,0.300229758489877,0.8502039988525212,14.376681499701004
0.8725070906803012,0.5660956578794867,0.2169522459153086,0.08992597344331443,0.9030567712616175,0.9393541121389717,0.08942834916524589,0.2862408156506717,0.5457157553173602,0.7654773183166981,16.07275292370001
0.14540075371041894,0.5163351816590875,0.7382967895828187,0.5356778304558247,0.6354100997559726,0.3372679178137332,0.3440232528373599,0.6445955538656563,0.8099072340410203,0.6293858434073627,14.240591630912864
0.45955037139356136,0.8798550402279943,0.8510840469971299,0.6801346929278225,0.6447683330625296,0.5260528358630836,0.7698770833667368,0.7243149555288255,0.4345577913336456,0.21994647872634232,22.376910334513976
0.23704571346752346,0.4886929381173104,0.18063957314006984,0.8019257890991867,0.812364264158532,0.39108454273082316,0.5824495197739452,0.05467510083690286,0.8903355721849948,0.08577506057918072,17.387749580380284
0.6216568890959024,0.9006629246287048,0.5940848547033966,0.8785491057205945,0.4433420277200639,0.5772105597425252,0.29030520492233336,0.7872149005997926,0.38061691587790847,0.8334724570158869,23.451408486164002
0.738360817078501,0.6995424379128963,0.5388114911038429,0.9395750754047185,0.07270345045253634,0.480891719693318,0.44573043938726187,0.961734660435468,0.9182105043437332,0.11846568575128913,20.520560077810146
0.6172436596825719,0.5559890884906054,0.18858916126191616,0.9156635731924325,0.3478475930169225,0.2850631691981107,0.7811073584016412,0.9425777257420123,0.9798810612410307,0.49203210580162704,22.299524581922746
0.2705384904984385,0.3157974628265947,0.9870148950722069,0.22218334767967463,0.5724456829484552,0.013383358251303434,0.6562215210869908,0.6930800029076636,0.3464937247335911,0.4544982369989157,13.318868596392836
0.9663596667815,0.39729751204140484,0.43890473805367947,0.24814600707031786,0.6889817307237536,0.1360857042018324,0.5709895249456167,0.19501201435923576,0.689512844895944,0.17217362020164728,13.58279929713977
0.12428174656815827,0.5998834192287177,0.9716182795818895,0.46962254820391536,0.8132914893794805,0.6462495357263833,0.8836461915634573,0.8736452136654407,0.04341913713142276,0.5377807274926454,15.096392631833485
0.14761480293236673,0.4496616697870195,0.32665110589005053,0.6548279428388923,0.5327392693143338,0.08415868203155696,0.005900687770918012,0.6282105611171573,0.6849366202950478,0.6160254776477814,11.59334115112153
0.27167330658994615,0.20695948088541627,0.8939009932801127,0.05285084224306047,0.10691482573747635,0.2567063979804516,0.7727427710779011,0.6409809999167919,0.10508071002550423,0.18541938113048673,8.109935284414425
0.7311525919940323,0.49888524040579796,0.9312195084057748,0.709770466433838,0.3453122111968696,0.5830467194318771,0.8514936817809939,0.5896785985678434,0.2033963967114687,0.6645419297274202,21.754613689826655
0.12856718199327588,0.6886399339418858,0.3617704666685313,0.9538453489076346,0.41415506647899747,0.7507596081122756,0.35199969867244363,0.6559894955717027,0.888765812618658,0.4994161743670702,14.339825112411486
0.3295269312802702,0.3089136593043804,0.023650686955079436,0.007426299154758453,0.11153177917003632,0.9809743473306298,0.18060605064965785,0.08953096554614604,0.2804008706007153,0.4963748895097524,7.27558244869859
0.1590699825901538,0.6906215664930642,0.6729294396936893,0.42319619399495423,0.45348289841786027,0.7050556063186377,0.13395602023229003,0.8786368728615344,0.7748371171765029,0.1044627451337874,10.034035503003322
0.359078700421378,0.6012115720659494,0.01695592701435089,0.8916139178909361,0.7963794965762645,0.1881055049598217,0.8733112604822963,0.7619843878783286,0.806613996392116,0.34294873639009893,24.251092268005664
0.7635577274486423,0.7340097790583968,0.6604023377876729,0.022565050749108195,0.8359953933395445,0.24091523187234998,0.7042887802235782,0.5520968155469745,0.7890762886963785,0.11019852245226502,12.634526372057751
0.7764402185566723,0.0014959769323468208,0.9429670630488545,0.2658561710268259,0.5991152974311262,0.2517347354441881,0.4035208257846534,0.33661351376213133,0.16701359068974853,0.4488565046340227,9.377068870235265
0.8438476815354079,0.4243509459774941,0.333877912722528,0.46866683405824006,0.6762682585977018,0.9506540095899254,0.345686357235536,0.29146209359169006,0.10944772604852915,0.5183815502095968,16.816431936086953
0.6144548777956516,0.05274773435667157,0.14954972174018621,0.32227901206351817,0.8532378007657826,0.8301791255362332,0.5842521591112018,0.285348323173821,0.08534487662836909,0.7740794948767871,10.38226535280325
0.1951850384939462,0.6815158175304532,0.7875936178024858,0.20027010794728994,0.818031223025173,0.9274429723154753,0.6334594960790128,0.4844339929986745,0.7789453607983887,0.13475978607311845,11.525337981912525
0.5281903599388897,0.9341693676542491,0.8799980774056166,0.7861446735914797,0.05377990775741637,0.6790842018090189,0.9491354289930314,0.0357814677990973,0.25866553792729974,0.6049394709989429,19.303063563565406
0.6721908738836646,0.1043550088070333,0.7684735911898315,0.9107375771272928,0.9010391184128821,0.7986907453741878,0.6469871026929468,0.39228767435997725,0.7852490646764636,0.3073076675646007,16.097127499224396
0.9371485754381865,0.8492351570166647,0.9945689127780497,0.9702905307058245,0.34414121927693486,0.7242544202599674,0.9453803685028106,0.22492162627168,0.2472757447976619,0.20397636736743152,22.831913408731165
0.10948249022476375,0.0462526879273355,0.500075418734923,0.6755544480402023,0.7789393560960889,0.18580821715295315,0.6835588833782822,0.019296101527288556,0.09703295002691448,0.604101459030062,10.189187616799558
0.9398632242809981,0.3554189559072256,0.9373267944902182,0.7548231515102088,0.2582312317099422,0.5229799896478653,0.4899534205906093,0.21408696821890771,0.7441551683004946,0.6863293373025954,19.521750939964353
0.36710069701075554,0.9459245218895376,0.34789220290258527,0.2244315450079739,0.11727474839426577,0.4946517823264003,0.29685412906110287,0.01346029108390212,0.25457946956157684,0.9698335661087185,14.40419160673014
0.6394421823788434,0.5409584583248943,0.3948289689142257,0.841462716460228,0.18661562749184668,0.7151778326369822,0.9849946855101734,0.0356985202524811,0.3456593989394605,0.7672438009176403,16.876354622702756
0.25645598373375833,0.8991407591383904,0.19324952503666282,0.8282022636849433,0.2131826861295849,0.6692924508824944,0.9430854991078377,0.10265619843266904,0.8218309776857495,0.958740261849016,17.856556183742505
0.44226846331730485,0.024742527399212122,0.5384233116637915,0.6810169240925461,0.4567238816525787,0.5466952887363732,0.8412693014834076,0.9002238481771201,0.13243011268787086,0.6132014319300652,10.053333581957915
0.859449312556535,0.7653493629768491,0.15436984272673726,0.30298513313755393,0.4764890007209033,0.8843931283336133,0.49676039488986135,0.1969204640481621,0.5638204712886363,0.912788535002619,16.093194853477996
0.07126802275888622,0.5999743230640888,0.7399392453953624,0.29714544815942645,0.8606683700345457,0.47589426557533443,0.3005273984745145,0.7306304883677512,0.8999130709562451,0.4433926441706717,11.238208175045552
0.4979731859639287,0.09323319769464433,0.5163457964081317,0.13705624570138752,0.0872479120735079,0.6127281170338392,0.607884815428406,0.7681304607540369,0.41118348971940577,0.737118131481111,2.687263910488016
0.9738730376120657,0.27204373572021723,0.7950645624659956,0.39678712422028184,0.989818012341857,0.8428518297150731,0.6863154096063226,0.8174011160153896,0.4757905672304332,0.9878750161733478,20.28097297176381
0.7528247116133571,0.23911095666699111,0.21207807771861553,0.9350262370426208,0.6329451992642134,0.030163535149767995,0.43502965080551803,0.05726675665937364,0.5271074364427477,0.09687314927577972,17.739890689283154
0.6976573769934475,0.8135109117720276,0.17660667886957526,0.992635470116511,0.7619564537890255,0.7172385305166245,0.17813399177975953,0.824499947950244,0.5166349087376148,0.08843983546830714,25.976119772794647
0.9087240928784013,0.016863737953826785,0.0858925876673311,0.5017072155606002,0.6745677161961794,0.44509132485836744,0.07254347903653979,0.4490858989302069,0.1775530695449561,0.9696924381423742,11.584435977934714
0.1337171047925949,0.8325235112570226,0.27316188369877636,0.9132032066117972,0.7078085604589432,0.6501010777428746,0.5212117303162813,0.7349752001464367,0.026807304937392473,0.223826227709651,16.472744625177985
0.7730357062537223,0.17585325567051768,0.5981743927113712,0.5641524088568985,0.8569589322432876,0.42894202680327,0.4253174918703735,0.6528883564751595,0.1873670823406428,0.07381672109477222,15.360688803158384
0.005235502729192376,0.27479176758788526,0.3913394142873585,0.704647846519947,0.05415839306078851,0.27795566665008664,0.15409936080686748,0.8793385298922658,0.7561985317151994,0.12584528722800314,7.52050819560473
0.19553159386850893,0.22795768361538649,0.18545894604176283,0.6097012783866376,0.4572533911559731,0.24703168077394366,0.823346302844584,0.5360964352730662,0.19971055700443685,0.6283666570670903,11.14848721413929
0.6638863300904632,0.19970276998355985,0.7557286827359349,0.9247667058371007,0.08408033032901585,0.46367528731934726,0.598761917790398,0.029920238303020597,0.7253619669936597,0.13248064974322915,14.256002641094247
0.6248832100536674,0.2850014786235988,0.26547752949409187,0.2569190636277199,0.6151417687069625,0.5655767093412578,0.430182775715366,0.46006951783783734,0.11052761157043278,0.09375037252902985,11.291480449166318
0.18283837311901152,0.9861509362235665,0.9329799304250628,0.5578507874161005,0.6913260188885033,0.03155959118157625,0.2600982820149511,0.4996654239948839,0.8610971863381565,0.42556416336447,18.67499458076486
0.6361351278610528,0.8253541211597621,0.4594936976209283,0.8446253326255828,0.8117442512884736,0.6883389735594392,0.5866982890293002,0.8633471522480249,0.4481979636475444,0.7275092934723943,22.24272277263107
0.7960236638318747,0.19905899744480848,0.16239566053263843,0.9132620459422469,0.741058946819976,0.3771085834596306,0.29970433027483523,0.37281919829547405,0.43097437429241836,0.22858755383640528,19.23105372926527
0.969865812221542,0.45631344825960696,0.0806704752612859,0.2417488065548241,0.17765984730795026,0.6039012663532048,0.28399631893262267,0.9046110769268125,0.9968963402789086,0.1509747300297022,16.685333913140425
0.34601623634807765,0.7101963916793466,0.559464099118486,0.16271313093602657,0.349019622663036,0.7055574904661626,0.5393021525815129,0.3643368200864643,0.8942100096028298,0.5159678168129176,13.168687642401093
0.13778991322033107,0.9705799506045878,0.5047285249456763,0.3463011116255075,0.5355829091276973,0.7541485910769552,0.049824185436591506,0.12886974425055087,0.6191986887715757,0.9196802638471127,10.990817180120146
0.47019379399716854,0.815289504127577,0.08027206407859921,0.36718660430051386,0.8149295232724398,0.6333670560270548,0.45476633217185736,0.5049254291225225,0.277039363514632,0.20683488715440035,20.548340208083598
0.9958664323203266,0.03763068001717329,0.2029245204757899,0.32384099368937314,0.19759026309475303,0.2268276319373399,0.6577320634387434,0.4663506434299052,0.553677786141634,0.6152770740445703,6.959470781283786
0.841111050453037,0.2313888140488416,0.6577264545485377,0.28635511244647205,0.11884550447575748,0.30427719093859196,0.41969386162236333,0.867967369267717,0.4941221827175468,0.9647076909895986,9.553696084075016
0.4493743267375976,0.9929967762436718,0.8168265456333756,0.027646921575069427,0.34988044924102724,0.3485498549416661,0.7899268111214042,0.3589039770886302,0.5834989808499813,0.494644088903442,13.67472870888379
0.4995030395220965,0.9591198829002678,0.7257370471488684,0.9436143892817199,0.3972254495602101,0.14038502564653754,0.15895916055887938,0.41782208112999797,0.3100202991627157,0.378206999739632,22.952526793307307
0.9086513235233724,0.03565541002899408,0.025683740386739373,0.1746229436248541,0.9191356168594211,0.07216337486170232,0.3941699406132102,0.6628275692928582,0.9213707658927888,0.13840334140695632,13.405759708069626
0.2132189143449068,0.9730432166252285,0.7269908371381462,0.5188538138754666,0.9987750032451004,0.8621001371648163,0.9605352263897657,0.37783483462408185,0.905565841589123,0.023617143044248223,18.054253602917985
0.19757505878806114,0.8655709191225469,0.8662730758078396,0.8212552403565496,0.09143673209473491,0.37590313982218504,0.3643654645420611,0.9448137634899467,0.7717192296404392,0.6601151404902339,17.07546529674754
0.36763720214366913,0.10939644114114344,0.012957303086295724,0.021216710098087788,0.019997555762529373,0.6159083924721926,0.16214679880067706,0.5118369562551379,0.012359674321487546,0.6950647914782166,6.698283502235758
0.3338528722524643,0.6031057492364198,0.459724752465263,0.06346288626082242,0.24747966951690614,0.40101088862866163,0.3623277230653912,0.3615077433642,0.1637457248289138,0.0029880795627832413,8.477898494193886
0.1694286165293306,0.2576939722057432,0.10033033229410648,0.3377364668995142,0.18241150071844459,0.9757142916787416,0.6253718810621649,0.10598180000670254,0.21388603700324893,0.3718254235573113,9.56799115964017
0.0024718954227864742,0.1479142834432423,0.3170836300123483,0.08708480256609619,0.5966356552671641,0.14184740278869867,0.7837255483027548,0.21942448150366545,0.7344689993187785,0.14505517552606761,4.900508623848295
0.6217367185745388,0.24853237136267126,0.352602033643052,0.7668477781116962,0.4894850319251418,0.2602973172906786,0.7458736777771264,0.29584159003570676,0.9341665897518396,0.011040501529350877,15.654892165849
0.6242212881334126,0.04742005164735019,0.44019992533139884,0.39661500696092844,0.8685291516594589,0.529156096978113,0.3829278973862529,0.31910458439961076,0.8409456408116966,0.7950713669415563,9.995302808191488
0.5576252480968833,0.22681565349921584,0.6008975142613053,0.8106195591390133,0.947878576349467,0.62467050855048,0.6915008362848312,0.5459802073892206,0.8627969317603856,0.882639993680641,18.066127682622206
0.6622134703211486,0.5528858678881079,0.540717676980421,0.6403140057809651,0.10224241809919477,0.25772223249077797,0.46996130235493183,0.8269349343609065,0.09378398512490094,0.15220603183843195,16.471220018812964
0.3882686202414334,0.9557361172046512,0.46019453229382634,0.12062868429347873,0.9397508297115564,0.923881653463468,0.8494618418626487,0.33042436093091965,0.721495755482465,0.7804732338991016,14.435042422606053
0.9080003378912807,0.12356298114173114,0.9549859256949276,0.23785349493846297,0.6740142581984401,0.562621703138575,0.8565294563304633,0.365046554710716,0.7190890766214579,0.15936408680863678,13.88886599950658
0.0212473024148494,0.37638683267869055,0.3859430744778365,0.16158859943971038,0.4692897843196988,0.8470844535622746,0.12660355935804546,0.6866314234212041,0.6688547770027071,0.969285472529009,4.892211301014045
0.7213807115331292,0.842304894933477,0.39511271356604993,0.07998989499174058,0.6548848687671125,0.3397585821803659,0.8054890860803425,0.6824290144722909,0.2823497026693076,0.39642692543566227,12.759311119789041
0.6363342087715864,0.46666989428922534,0.33572704903781414,0.4550502609927207,0.4474828022066504,0.9533329922705889,0.8924255485180765,0.08224191050976515,0.9442566316574812,0.8172644746955484,15.761972113807436
0.31526172044686973,0.9259108956903219,0.04402076080441475,0.5515729060862213,0.3816962868440896,0.4319283636286855,0.1560256949160248,0.5079762563109398,0.479537749895826,0.07089868769980967,19.331150514466824
0.8376317892689258,0.8684745007194579,0.9639705915469676,0.46397172939032316,0.4130067122168839,0.37823271262459457,0.34336124011315405,0.8620131192728877,0.5095839137211442,0.09755810722708702,18.671058457014222
0.39289542520418763,0.8076649645809084,0.6102358940988779,0.3137660692445934,0.5875027147121727,0.9093459511641413,0.13718384155072272,0.4797000514809042,0.5860070509370416,0.6994834069628268,13.944561294641126
0.5305568820331246,0.117238535778597,0.09974947315640748,0.8812707976903766,0.3588560738135129,0.6650069481693208,0.5037938551977277,0.6658160707447678,0.10721561941318214,0.8532800450921059,15.916378306220288
0.1637953065801412,0.3975399450864643,0.9154056590050459,0.43923118826933205,0.9933507821988314,0.8024068349041045,0.5272296348121017,0.23687227629125118,0.31928039994090796,0.633202446391806,14.696542286021213
0.365756374085322,0.020906124962493777,0.23790886066854,0.9731235357467085,0.960250937147066,0.9842115896753967,0.8116712828632444,0.8824887739028782,0.4197809414472431,0.18282622657716274,16.241747137566954
0.7218748396262527,0.4938807087019086,0.14687093906104565,0.2064235934522003,0.935516495956108,0.05607085069641471,0.8630371273029596,0.18903501238673925,0.8486592129338533,0.1563630849123001,18.37986893588083
0.5540687881875783,0.5432407562620938,0.5239391145296395,0.936169505584985,0.6430598681326956,0.9907881601247936,0.2374141369946301,0.547113158274442,0.23895461135543883,0.7806873226072639,22.258189254597266
0.3981142502743751,0.09653257112950087,0.11308928253129125,0.9341931689996272,0.27102529793046415,0.6994488707277924,0.4689221363514662,0.7622250071726739,0.9908666603732854,0.23703096737153828,15.365309834154806
0.977673102170229,0.024869796819984913,0.28938005422241986,0.1433411876205355,0.8674457650631666,0.10575618641451001,0.49598048138432205,0.9131648419424891,0.3771609989926219,0.9114635051228106,6.872859646444262
0.49193427921272814,0.6542702808510512,0.6213558204472065,0.842787265079096,0.3127213108818978,0.2658017815556377,0.3089003402274102,0.07392929866909981,0.6076195945497602,0.11648713541217148,18.665301179243706
0.7702049436047673,0.9850685407873243,0.2721675084903836,0.9688658465165645,0.4957455499097705,0.2448674973566085,0.06000136327929795,0.36231829156167805,0.5717862891033292,0.29137713299132884,17.99462596325617
0.9342474299483001,0.14380729594267905,0.5473631743807346,0.6775017385371029,0.8835452883504331,0.9490943364799023,0.37768566445447505,0.5714833161327988,0.5369588909670711,0.34929179097525775,17.252847305999524
0.7094620584975928,0.928920891834423,0.8431867146864533,0.3348311565350741,0.2609863458201289,0.544515780871734,0.09526505530811846,0.6503298571333289,0.37502459483221173,0.35902630537748337,14.973129474517652
0.9974739209283143,0.7246034892741591,0.17015408957377076,0.788115831092,0.6225169452372938,0.46913285832852125,0.9796205221209675,0.5316006965003908,0.9167383145540953,0.36156928120180964,22.448322185037963
0.05920981406234205,0.09991656127385795,0.8768466981127858,0.7966845112387091,0.040653751231729984,0.8888676490169019,0.8352420243900269,0.6985876066610217,0.3282853318378329,0.009140672627836466,12.064264919327382
0.6753724596928805,0.4245661699678749,0.9643837953917682,0.8601431893184781,0.9691643824335188,0.4399623686913401,0.3037820721510798,0.3436429831199348,0.2568450360558927,0.47946496633812785,24.49724036669565
0.5939090971369296,0.3155981742311269,0.6727555303368717,0.989630255382508,0.9214811741840094,0.2861311270389706,0.32477294048294425,0.7889685535337776,0.01815725606866181,0.04519389243796468,22.894417503889233
0.5260856938548386,0.003712077159434557,0.9402236887253821,0.6056709827389568,0.7847177318762988,0.14318101829849184,0.2444683474022895,0.6102333057206124,0.46320863417349756,0.5287581474985927,13.037376095785934
0.982277411269024,0.6638350880239159,0.308813288109377,0.5862454413436353,0.7200059855822474,0.6556111692916602,0.464574828511104,0.951121567748487,0.6565153049305081,0.5061179921030998,20.8793845113911
0.7564464267343283,0.19427688629366457,0.1589981426950544,0.21196090942248702,0.9242614198010415,0.3685039293486625,0.7483784209471196,0.48550562048330903,0.30755862314254045,0.24609420611523092,14.662992883804625
0.9905562708154321,0.3091484059114009,0.09168826509267092,0.9517631947528571,0.4809487860184163,0.6458162786439061,0.6238566813990474,0.8509143313858658,0.23134856345131993,0.4769063056446612,23.58525227819408
0.8462186709512025,0.10835853475145996,0.8878597200382501,0.5746823609806597,0.8013630143832415,0.39954617735929787,0.6506466201972216,0.6425665663555264,0.3809027005918324,0.2913077960256487,16.52261327234776
0.9220915022306144,0.6995281102135777,0.3444259921088815,0.46939358254894614,0.015080917393788695,0.290407138178125,0.6874472633935511,0.4833583002910018,0.04616671637631953,0.352277684956789,13.811200198667175
0.9127669169101864,0.17627271660603583,0.7036982607096434,0.48329177335835993,0.48094874573871493,0.948314969195053,0.6894191401079297,0.6236947169527411,0.04393662349320948,0.7687246487475932,13.92732279421553
0.8887201310135424,0.45934851095080376,0.12916895397938788,0.9456326665822417,0.6487643455620855,0.2234843287151307,0.25330538349226117,0.34349064039997756,0.9804116918239743,0.2855463773012161,25.048319280522072
0.21981207327917218,0.3912617170717567,0.5748797010164708,0.5297633656300604,0.6622618623077869,0.23133972147479653,0.26063157687895,0.9050330063328147,0.0761156368535012,0.4120774425100535,11.589874715969758
0.24385879887267947,0.23941941699013114,0.03374505927786231,0.7430748657789081,0.22622799198143184,0.70213249954395,0.8168860808946192,0.7035301474388689,0.5851969220675528,0.7577462033368647,13.66391860810922
0.8979224560316652,0.16151610435917974,0.6919823260977864,0.7167655068915337,0.3056185154709965,0.15122393216006458,0.6824245909228921,0.0523158167488873,0.914495144970715,0.7187579511664808,12.42611507311651
0.08964868332259357,0.7984505279455334,0.2516434278804809,0.8618539655581117,0.36145923379808664,0.9603357673622668,0.8525844586547464,0.6919775519054383,0.9986344834323972,0.5067902337759733,14.869476341117663
0.6723438247572631,0.8126902941148728,0.5174564209301025,0.7556071374565363,0.44434362719766796,0.9812952447682619,0.9210501729976386,0.12078610737808049,0.14997855480760336,0.23368232185021043,19.576023001731688
0.6760801621712744,0.7193481209687889,0.9601598654408008,0.005806203931570053,0.7917786878533661,0.02650902303867042,0.24226564751006663,0.5900487080216408,0.8116519211325794,0.16096501261927187,19.244524816999824
0.829657793045044,0.0492521810811013,0.5779329310171306,0.7901694169268012,0.4926470429636538,0.21282762358896434,0.35192158119753003,0.6332369244191796,0.0019568847492337227,0.9034231246914715,12.59129017402097
0.38900934695266187,0.28730573947541416,0.8555897669866681,0.014344949973747134,0.6483440038282424,0.1341461583506316,0.8174566263332963,0.6711888629943132,0.581320128403604,0.46433153259567916,10.219985604006183
0.5254592490382493,0.0744358035735786,0.26036144024692476,0.42419218295253813,0.7002888610586524,0.34976286068558693,0.40424489392898977,0.920281033962965,0.8067982061766088,0.575215445831418,10.637378148970221
0.24248558143153787,0.5090048369020224,0.28687548404559493,0.1331856264732778,0.5739493209403008,0.5880627708975226,0.4965106132440269,0.26017647073604167,0.6681293311994523,0.05249475291930139,9.729950897854195
0.25094558321870863,0.30584609555080533,0.05821526446379721,0.5537639399990439,0.7182888428214937,0.9901600182056427,0.057988829212263227,0.3430436390917748,0.1066029395442456,0.8888259758241475,16.00488501108882
0.8107666312716901,0.9658212305512279,0.49594269529916346,0.7764410045929253,0.43986463034525514,0.2707026998978108,0.3800234457012266,0.8823653412982821,0.3981101014651358,0.7801436744630337,15.375163452568545
0.5860101971775293,0.12201273976825178,0.3862631185911596,0.7577527684625238,0.8296949225477874,0.42652808991260827,0.2802960716653615,0.7368091910611838,0.6122509345877916,0.6298489065375179,14.363126546135131
0.7723339365329593,0.04424850037321448,0.6092561488039792,0.05179257015697658,0.8618598326575011,0.2896845377981663,0.1171051396522671,0.05595221114344895,0.9324824169743806,0.5308766579255462,7.488466277926037
0.0395143183413893,0.7953243155498058,0.24561446299776435,0.2766890653874725,0.40996278543025255,0.24822474783286452,0.8560722467955202,0.15035916585475206,0.09527300880290568,0.5532832364551723,8.460782821323933
0.09200179600156844,0.2673161579295993,0.6926897619850934,0.3457221104763448,0.05582138313911855,0.8337529820855707,0.06279034470207989,0.24186019483022392,0.6348576517775655,0.2780906194821,4.4949344294942115
0.27641773130744696,0.06062823021784425,0.02888559573329985,0.020161624532192945,0.35582673572935164,0.8377817217260599,0.20933126099407673,0.5926997137721628,0.7321337501052767,0.31549352896399796,6.705738141472272
0.8754080191720277,0.2730607173871249,0.6624999281484634,0.4345582923851907,0.15614517871290445,0.0318241179920733,0.6830946535337716,0.5390982870012522,0.1431832506787032,0.5765757272019982,12.917543616806798
0.22561102639883757,0.7742359067779034,0.05686085275374353,0.6856590551324189,0.8179443222470582,0.4396865051239729,0.06595439952798188,0.2831706083379686,0.031719554448500276,0.14952422655187547,19.857940507572458
0.32484132517129183,0.6652360656298697,0.7271355118136853,0.15061120316386223,0.40105072781443596,0.04943918576464057,0.9091300622094423,0.1425535217858851,0.3885762596037239,0.8820425579324365,9.639419425724391
0.8454394927248359,0.4513312536291778,0.489122653612867,0.884532401105389,0.3276460731867701,0.6117118059191853,0.35952575923874974,0.06359918788075447,0.5745330494828522,0.12111440417356789,19.36611613157861
0.19177061039954424,0.7129433527588844,0.5294307952281088,0.5060751745477319,0.31148316198959947,0.8345836233347654,0.7577890648972243,0.49033375014550984,0.37890635803341866,0.7604193426668644,9.682400333614847
0.06080702180042863,0.6625262033194304,0.8277649874798954,0.553748483536765,0.416451163822785,0.2093076470773667,0.16408147290349007,0.5183042318094522,0.02762083476409316,0.8372303857468069,11.23088906286653
0.14426782564260066,0.8694444191642106,0.4727572272531688,0.25938165886327624,0.8577561134006828,0.12155732582323253,0.8492772281169891,0.8830936746671796,0.7109351002145559,0.4739552198443562,10.413300190323257
0.6724132797680795,0.16445085033774376,0.6536496535409242,0.029503263300284743,0.20380536350421607,0.6753246679436415,0.8051866204477847,0.35235141566954553,0.5173429625574499,0.2605835690628737,5.228917632202664
0.5834586918354034,0.394676469033584,0.8679824711289257,0.37950007035396993,0.9358194400556386,0.027538438560441136,0.08944283495657146,0.6267410079017282,0.06668625306338072,0.6806269395165145,17.28341594370405
0.9626367420423776,0.2548663839697838,0.24416783987544477,0.917429945198819,0.9317339162807912,0.1045995110180229,0.5092425458133221,0.662030084291473,0.9095823029056191,0.08835464133881032,22.844347561419912
0.08568576583638787,0.7520422101952136,0.7059057923033834,0.9987475331872702,0.22542845038697124,0.1247377903200686,0.7645128020085394,0.6152157764881849,0.8040867189411074,0.4210763764567673,13.001555025142721
0.7066758908331394,0.15196870686486363,0.6846728075761348,0.8409931866917759,0.5789073049090803,0.6329028971958905,0.8865121367853135,0.37905734754167497,0.3431202098727226,0.9178891384508461,15.551567527132013
0.16606983146630228,0.6535693979822099,0.7271175212226808,0.3337973961606622,0.49857145571149886,0.2371857427060604,0.5187938648741692,0.8112452842760831,0.1990582204889506,0.05187863460741937,9.278725483406248
0.21573801315389574,0.04598266608081758,0.6509215740952641,0.6064745027106255,0.33135927887633443,0.9722387611400336,0.09925445704720914,0.006033885758370161,0.5673395260237157,0.27850922383368015,10.177644778651928
0.8431460307911038,0.8906041844747961,0.7559651371557266,0.728010194376111,0.3530638571828604,0.5491955950856209,0.8757168969605118,0.4655997143127024,0.8371656234376132,0.5340390549972653,16.942901304490285
0.46965268603526056,0.290599174099043,0.5768022034317255,0.003126555122435093,0.37184367259033024,0.9728483778890222,0.9873446952551603,0.5258094388991594,0.9605425409972668,0.3007111225742847,3.899394480805366
0.8891007804777473,0.7754543258342892,0.30773266637697816,0.41882340027950704,0.5831591044552624,0.47609444009140134,0.7960284578148276,0.13864969066344202,0.002539009554311633,0.9544845391064882,16.6305719469886
0.8884219902101904,0.8834123285487294,0.20950546814128757,0.7609492400661111,0.8215088725555688,0.31350243580527604,0.2280009484384209,0.49614575621671975,0.19506120565347373,0.31055243080481887,19.70030064202059
0.59577189036645,0.07463595923036337,0.3298163542058319,0.9769244496710598,0.9739251572173089,0.8796170356217772,0.838035324588418,0.6779003555420786,0.5065774314571172,0.2929370307829231,16.421882258498158
0.2444008430466056,0.14169044140726328,0.761678317328915,0.9284639719408005,0.5535541635472327,0.6413838742300868,0.2285078747663647,0.777868356788531,0.3692840300500393,0.4793151549529284,15.700158565310327
0.7787353831809014,0.5643694822210819,0.29189919866621494,0.9476374024525285,0.19735830463469028,0.9520569411106408,0.6840105364099145,0.3902992799412459,0.4096070588566363,0.4798087957315147,22.181559824141253
0.9730948130600154,0.29104331717826426,0.547885509673506,0.22123073670081794,0.6511799038853496,0.5967116721440107,0.31971218483522534,0.9947452575433999,0.5544719554018229,0.089650999289006,11.73057939964338
0.043356226524338126,0.33642616705037653,0.8884594768751413,0.8867024062201381,0.6434728729072958,0.5655802495311946,0.8917805044911802,0.34828982315957546,0.8168309850152582,0.3495657586026937,17.31191057015156
0.34155273577198386,0.10121656022965908,0.6925782985053957,0.2881749633233994,0.14931739727035165,0.018028541933745146,0.39321225229650736,0.9618496515322477,0.7658886667340994,0.8762456758413464,4.1734164657751744
0.9543273986782879,0.3573698734398931,0.29936858429573476,0.0435132693964988,0.13039195793680847,0.03617485519498587,0.7019540758337826,0.4223274318501353,0.2371052938979119,0.8916847563814372,10.099182697414417
0.23875328502617776,0.9633655159268528,0.1202745484188199,0.5554145344067365,0.5089900165330619,0.5663816493470222,0.7226743076462299,0.5313966409303248,0.022936085937544703,0.5745425927452743,19.15633264157797
0.2590453966986388,0.19513748958706856,0.7493118129204959,0.40629634889774024,0.5052582405041903,0.7407422794494778,0.043704412411898375,0.5080006055068225,0.7603601701557636,0.37829430028796196,9.33714832074272
0.6179015450179577,0.48938607331365347,0.3494553682394326,0.40072811860591173,0.1943422555923462,0.7920034823473543,0.07740781432949007,0.47755173314362764,0.1732864051591605,0.4468930335715413,13.586556163838727
0.328065718524158,0.5699589885771275,0.9788586266804487,0.2991718070115894,0.49118593032471836,0.38662462471984327,0.7670373676810414,0.41786430845968425,0.1300541698001325,0.9749753982760012,16.52760958008172
0.18941065715625882,0.13296122732572258,0.9857027106918395,0.5052310712635517,0.7805064583662897,0.9806343652307987,0.9660505661740899,0.5394368683919311,0.8467504242435098,0.15236564353108406,14.481332448001304
0.552044564159587,0.9833397690672427,0.7419734564609826,0.6316571850329638,0.13496720581315458,0.3609645206015557,0.6341751171275973,0.7023021799977869,0.5474829024169594,0.3511951258406043,17.672826836588296
0.3619975196197629,0.5760519709438086,0.6036211655009538,0.062266852241009474,0.39605490071699023,0.6872460052836686,0.21621718094684184,0.20756405219435692,0.1598982980940491,0.12454363983124495,10.668214291529676
0.29296938818879426,0.7197561170905828,0.5599493673071265,0.17241269955411553,0.25896327942609787,0.5077092442661524,0.6059294152073562,0.9474792035762221,0.0330190600361675,0.9847581312060356,10.356003533833283
0.562450772151351,0.4664538777433336,0.4754506191238761,0.029112421441823244,0.2109640366397798,0.43022001697681844,0.058680792804807425,0.8205493434797972,0.33777557127177715,0.8599169503431767,8.160235845680383
0.7409471536520869,0.4696287387050688,0.6959568078164011,0.8578581486362964,0.298821437638253,0.47493558237329125,0.7767555289901793,0.11764396447688341,0.6395825129002333,0.7954122631344944,19.79212674421544
0.3979610388632864,0.018967365380376577,0.146895544603467,0.10550596471875906,0.8804800286889076,0.4589790999889374,0.7611147775314748,0.13147697132080793,0.3740145000629127,0.3297262671403587,6.438235271405592
0.24378617107868195,0.8119815182872117,0.5573948128148913,0.45316085894592106,0.849393077660352,0.6122156055644155,0.3414251790381968,0.8929370024707168,0.9639008259400725,0.059260422829538584,14.641159066166725
0.05418843915686011,0.805460890987888,0.35901273926720023,0.4238034093286842,0.5293587676715106,0.4236323165241629,0.6602348522283137,0.9023206259589642,0.46864451840519905,0.31745502282865345,7.413019412561718
0.19458893057890236,0.9588925808202475,0.2818942640442401,0.6486964877694845,0.2862590968143195,0.7843095622956753,0.9199612592346966,0.6168894888833165,0.5092373844236135,0.7215524890925735,16.392212665760848
0.6557810669764876,0.3757515342440456,0.46642831107601523,0.7438826090656221,0.2694539036601782,0.678608235437423,0.18841099995188415,0.9662657952867448,0.3137554214335978,0.7437465644907206,16.02530363310297
0.9052294401917607,0.4664212968200445,0.19444103888235986,0.1397629571147263,0.05988839361816645,0.9757144548930228,0.01739476341754198,0.3999804202467203,0.4766864818520844,0.7524573924019933,12.814552577421116
0.7255979443434626,0.2748642349615693,0.7100496659986675,0.7189648549538106,0.4538334582466632,0.023111139656975865,0.9273965193424374,0.5587937547825277,0.2296768194064498,0.20230830018408597,15.788868405529492
0.995137628633529,0.4571932116523385,0.21932279225438833,0.6282590492628515,0.9843872033525258,0.462863092077896,0.5531218061223626,0.8044279085006565,0.9425036669708788,0.6789848506450653,22.50970146071547
0.5262055383063853,0.4783606114797294,0.46445313887670636,0.923194136004895,0.279384400928393,0.5801461630035192,0.796609754441306,0.2676082581747323,0.006990479305386543,0.7493812390603125,18.098546845104394
0.4191864226013422,0.1493679026607424,0.1497978966217488,0.5839548928197473,0.6461009185295552,0.785201205406338,0.9716558265499771,0.6805868723895401,0.40321770031005144,0.5306180736515671,12.476979524423092
0.33056224416941404,0.6302315702196211,0.8537097431253642,0.43499020859599113,0.9622562965378165,0.9652908365242183,0.5059543843381107,0.5738584478385746,0.04962567728944123,0.5001691102515906,17.894577529779575
0.7707190015353262,0.9287659220863134,0.6355263125151396,0.9597722117323428,0.33037999318912625,0.2171754059381783,0.3364286432042718,0.13086502812802792,0.1350470851175487,0.20706124790012836,19.053004165736922
0.11449762713164091,0.24791917763650417,0.8246739427559078,0.9935380746610463,0.8735864248592407,0.1472398245241493,0.8680207419674844,0.26630634954199195,0.39769276743754745,0.8713723381515592,18.13284481658347
0.6472582484129816,0.18892717780545354,0.6874679054599255,0.016196131939068437,0.42867958708666265,0.9994217578787357,0.5014844285324216,0.4086909310426563,0.9465207501780242,0.7585697274189442,5.501120337749274
0.43862681835889816,0.9490905285347253,0.8799663479439914,0.8547944272868335,0.5640592677518725,0.5066047334112227,0.21568550285883248,0.06911747273989022,0.23864012933336198,0.4725027126260102,23.453741945506085
0.5717112983111292,0.5048994962126017,0.9886706273537129,0.6648203653749079,0.4005487598478794,0.6639358780812472,0.6588080592919141,0.738793030148372,0.15720037510618567,0.9664387670345604,21.961220550160622
0.22385499603115022,0.9682897198945284,0.9033894194290042,0.0024926215410232544,0.4141474582720548,0.3844651714898646,0.17056930903345346,0.3866586093790829,0.24129884503781796,0.9708531347569078,11.181321387087085
0.7601279909722507,0.8017491940408945,0.4419606560841203,0.7320473506115377,0.9322831404861063,0.8677647169679403,0.41717686178162694,0.7080954669509083,0.6155451536178589,0.647924843011424,22.218466731949576
0.1586540206335485,0.443147711455822,0.31170502630993724,0.03588304203003645,0.268490694463253,0.20070367469452322,0.3589750824030489,0.13159714406356215,0.11525670066475868,0.8632033753674477,3.783884738660406
0.9688697119709104,0.8977802447043359,0.08028879063203931,0.7719601043500006,0.5299918823875487,0.6651146220974624,0.15000241762027144,0.33876046957448125,0.8002140922471881,0.6597051697317511,18.59524256818321
0.8401831453666091,0.8187989206053317,0.4465306925121695,0.47907132701948285,0.44402258610352874,0.48444767226465046,0.5233021050225943,0.5305190321523696,0.11627648444846272,0.46053178585134447,13.61731354746018
0.943187071941793,0.474745666841045,0.1509271995164454,0.3092457903549075,0.2860857977066189,0.9951548515819013,0.787725848145783,0.6876503345556557,0.12255910714156926,0.7324136008974165,17.973130078225033
0.8429450846742839,0.48267754912376404,0.10057033388875425,0.0526534419041127,0.8188087013550103,0.7167160916142166,0.7415753814857453,0.2761896043084562,0.4086065306328237,0.636787393828854,17.236148055028597
0.5188072458840907,0.8110578896012157,0.7384348844643682,0.9934471289161593,0.498620878206566,0.5582563481293619,0.6763580639380962,0.6597747816704214,0.11557265650480986,0.97169972024858,22.73331991088038
0.034376986557617784,0.04402930126525462,0.5509236485231668,0.47997319884598255,0.21330115082673728,0.8720033327117562,0.5279283667914569,0.30668172240257263,0.47784726438112557,0.02538283308967948,6.2178712866905
0.6199712443631142,0.07558262255042791,0.31101044616661966,0.3287406777963042,0.06799414590932429,0.14250355260446668,0.031356133287772536,0.010913870297372341,0.18851999519392848,0.06394733674824238,7.686449952589452
0.21414104476571083,0.8393606529571116,0.39585551572963595,0.6686419900506735,0.7216010387055576,0.5539077669382095,0.6885277677793056,0.29697035159915686,0.10335867293179035,0.6987632943782955,14.666563459261308
0.8540089759044349,0.6133946888148785,0.07139546633698046,0.7943928171880543,0.8322033432777971,0.2547295845579356,0.6531746422406286,0.31521851546131074,0.5067017257679254,0.8946544399950653,24.831207657003183
0.8464651592075825,0.4309154332149774,0.9423291345592588,0.5432981371413916,0.20503846858628094,0.15924219717271626,0.20127005502581596,0.6929443227127194,0.9320651942398399,0.24810314876958728,19.284331343079774
0.5497926417738199,0.0651121218688786,0.5804171059280634,0.6965421386994421,0.0831883440259844,0.20836420287378132,0.5957375604193658,0.9376603960990906,0.9252105487976223,0.8895391188561916,8.23987161188532
0.22394396318122745,0.14500320190563798,0.8994726955424994,0.2671102813910693,0.461658708518371,0.43945807055570185,0.7967388757970184,0.5169329384807497,0.6917056357488036,0.5814940796699375,8.008576813628665
0.4349073327612132,0.06187297380529344,0.8871187386102974,0.6833394563291222,0.49572501820512116,0.5607818691059947,0.03931739437393844,0.8117134110070765,0.08812474110163748,0.3991492267232388,13.40040493135447
0.8952391014900059,0.8294220520183444,0.8709205181803554,0.47106717876158655,0.4517424749210477,0.6141294431872666,0.9550102546345443,0.015566307120025158,0.9586802187841386,0.8076837996486574,16.797871070306222
0.030423268908634782,0.050735022872686386,0.595938058802858,0.5847511030733585,0.06136771594174206,0.12100203707814217,0.3605506778694689,0.4205820229835808,0.7281609198544174,0.8125613462179899,8.248668632273683
0.08290232764557004,0.8618938350118697,0.5657930446323007,0.21923650009557605,0.8229596433229744,0.6762868487276137,0.7627385521773249,0.07902827765792608,0.9751790838781744,0.9340208349749446,9.500028492712923
0.47823658725246787,0.29993147286586463,0.2516896901652217,0.14811030332930386,0.3123685133177787,0.6006344477646053,0.4290015602018684,0.7444152091629803,0.45857392298057675,0.8771628348622471,7.667583290883494
0.9312411805149168,0.9612391223199666,0.3917040901724249,0.9738223343156278,0.32500120089389384,0.21947988378815353,0.29822239209897816,0.6753886833321303,0.06013500806875527,0.5185360049363226,15.796967051833496
0.31058551860041916,0.8757634039502591,0.6081014713272452,0.5973967935424298,0.24447497143410146,0.6611827334854752,0.19515416235662997,0.9816765496507287,0.27331098658032715,0.31037338310852647,14.88919765267578
0.5782532671000808,0.5983634286094457,0.14217817969620228,0.4483507180120796,0.3784891061950475,0.8938472371082753,0.2163264285773039,0.2705235620960593,0.254951216513291,0.5380887370556593,18.476724792253492
0.029760238016024232,0.003517146920785308,0.43431346770375967,0.8503635209053755,0.2953425624873489,0.38185231713578105,0.0814239801838994,0.8004563804715872,0.13208992965519428,0.6060567626263946,10.490077656403392
0.5931141013279557,0.12309944839216769,0.3210676438175142,0.9595203239005059,0.033071397338062525,0.2613899330608547,0.1546647639479488,0.8383902043569833,0.7141126950737089,0.5627016688231379,12.362969269105422
0.20241000782698393,0.8553198319859803,0.49712197622284293,0.9970963457599282,0.9456804234068841,0.9315476175397635,0.5259723186027259,0.8365931373555213,0.7947578930761665,0.8153534266166389,19.941874465810347
0.9202759289182723,0.657003624131903,0.4498400203883648,0.8370306023862213,0.2505895118229091,0.9888707362115383,0.731294427998364,0.44985224585980177,0.7677510236389935,0.23471039184369147,17.968290494126798
0.6253364861477166,0.7023011152632535,0.021668684668838978,0.0699546611867845,0.350075198803097,0.6205158429220319,0.44205831945873797,0.6746161798946559,0.9629992139525712,0.7120937227737159,16.21644566585001
0.7918851869180799,0.21169913513585925,0.8782750719692558,0.7077734449412674,0.6322020017541945,0.5429467898793519,0.7287237325217575,0.44659205595962703,0.8364861139561981,0.5590938893146813,18.51789963515789
0.6364609783049673,0.5956101689953357,0.7566849105060101,0.761673987377435,0.46950841578654945,0.3533016473520547,0.28394826618023217,0.5693778411950916,0.00898325932212174,0.16484504682011902,20.581512297153754
0.6579870744608343,0.6026573337148875,0.17011391301639378,0.5533926857169718,0.46037430968135595,0.034095292212441564,0.4197872686199844,0.24390747444704175,0.600917405448854,0.5192314607556909,17.989765539634938
0.7912832489237189,0.19356718752533197,0.7181732482276857,0.5016220156103373,0.11430989834479988,0.5821128648240119,0.24882028112187982,0.6099558495916426,0.8983340535778552,0.26305512711405754,11.178698593188207
0.928677901159972,0.9305930114351213,0.7935846878681332,0.17472314462065697,0.33930135145783424,0.40449815476313233,0.7700051434803754,0.9133848929777741,0.10961674829013646,0.014061879133805633,9.066551233367239
0.7254065710585564,0.18832834949716926,0.342025293270126,0.6999170312192291,0.3914659779984504,0.41896939603611827,0.02617745823226869,0.9466996160335839,0.6722616464830935,0.8905775286257267,12.892776912669628
0.14219573000445962,0.28735640179365873,0.410896128276363,0.952920998679474,0.2733444799669087,0.4460262143984437,0.700064942240715,0.9642687267623842,0.9994160439819098,0.10383239691145718,12.639218998288763
0.14913495047949255,0.03477590112015605,0.44103996781632304,0.35851671011187136,0.5801487516146153,0.9149858304299414,0.22771145007573068,0.4627263732254505,0.32903739903122187,0.829082763986662,6.376400294627622
0.8529006228782237,0.3889683885499835,0.31696441024541855,0.8944597588852048,0.5121500352397561,0.3060230491682887,0.47029371629469097,0.0022181407548487186,0.9079314966220409,0.9466660914476961,18.93939680926794
0.453060872387141,0.5139167755842209,0.04407525924034417,0.5534715799149126,0.740221253130585,0.9693687746766955,0.43244657502509654,0.11030539916828275,0.520965882577002,0.26126863714307547,18.84790453281698
0.8166712268721312,0.06524988054297864,0.9689538313541561,0.6403917477000505,0.6481567821465433,0.6289152158424258,0.7413422078825533,0.6138345098588616,0.47690022946335375,0.5310777979902923,15.59042220099578
0.4821694358251989,0.7037092365790159,0.41486774873919785,0.03692641272209585,0.29655074793845415,0.879278884967789,0.9419751206878573,0.2581383129581809,0.1114424301777035,0.9780492368154228,10.897961560760773
0.35181433893740177,0.23730807518586516,0.9889192394912243,0.9207113678567111,0.007429053774103522,0.825221334816888,0.26127318665385246,0.2516691298224032,0.8902188343927264,0.5771795706823468,16.952924938488582
0.10045436047948897,0.9277523357886821,0.3822437799535692,0.2752921537030488,0.9705153026152402,0.7409893984440714,0.08163652941584587,0.9213091763667762,0.7257229168899357,0.013393456116318703,9.886373864162953
0.9572971821762621,0.6691485496703535,0.12070100381970406,0.11064797802828252,0.2603048915043473,0.15221537183970213,0.4268571853172034,0.5906502644065768,0.7645981777459383,0.3826373207848519,15.009967764792902
0.9684362066909671,0.40958598256111145,0.29466870543546975,0.6714072241447866,0.35088392067700624,0.14415513607673347,0.2024644846096635,0.9854879614431411,0.919228243175894,0.09442786523140967,18.012631054059103
0.48708040872588754,0.83277727663517,0.5037754222285002,0.32589572109282017,0.9925570674240589,0.3930106784682721,0.9379808572120965,0.3705059059429914,0.8267000163905323,0.9784438190981746,18.748176422465598
0.26098243426531553,0.860825452953577,0.8178774320986122,0.20286546181887388,0.644512630533427,0.5135740141849965,0.8684344456996769,0.5689588964451104,0.19303206424228847,0.43403866328299046,12.99292894337739
0.4254421768710017,0.1184551261831075,0.6043549738824368,0.13396377745084465,0.5739864958450198,0.7990554992575198,0.4809769655112177,0.1205865228548646,0.9387800979893655,0.4157845329027623,4.506696480152253
0.09296708437614143,0.394935135031119,0.5939447686541826,0.6672779275104403,0.570198641391471,0.8274797811172903,0.7802606907207519,0.701467308215797,0.8897847859188914,0.9674428321886808,10.589813848651085
0.30770329502411187,0.2281764610670507,0.4668457864318043,0.2957829125225544,0.7557653621770442,0.46697218576446176,0.7856721545103937,0.8187241565901786,0.7009428620804101,0.4798320634290576,8.388483219925762
0.6696250233799219,0.19528943416662514,0.34427548362873495,0.9838314459193498,0.20738581288605928,0.030480610439553857,0.46223393362015486,0.3351873916108161,0.411458030808717,0.9332850973587483,15.383205805628029
0.9011975589673966,0.8430811618454754,0.41468104301020503,0.15043995203450322,0.03158138459548354,0.5679661701433361,0.6028638295829296,0.007568508619442582,0.5678056790493429,0.0488547938875854,9.655061301749363
0.32712310599163175,0.7726890922058374,0.3938756245188415,0.679920585360378,0.16505903750658035,0.8062091958709061,0.3158723369706422,0.15596756129525602,0.7986760118510574,0.14957007206976414,14.335283752858091
0.5164467520080507,0.7166378500405699,0.39730885601602495,0.5546667042654008,0.740350759588182,0.570869866060093,0.7550375640857965,0.5510057364590466,0.6938721146434546,0.8118891534395516,19.648618856534092
0.2679404951632023,0.9890926033258438,0.2949087235610932,0.4191681304946542,0.8023857371881604,0.11444643326103687,0.786722726887092,0.24430211051367223,0.35597547702491283,0.41870014648884535,17.536081779481638
0.6014615558087826,0.37266009394079447,0.5371350108180195,0.6769683230668306,0.11101534799672663,0.021953788585960865,0.4344502731692046,0.9759765495546162,0.7701464407145977,0.737672460032627,13.17490694209455
0.659938046708703,0.13743979018181562,0.7459411066956818,0.2115757381543517,0.3287683923263103,0.014106708578765392,0.19709360064007342,0.9986917153000832,0.05808450351469219,0.729641291545704,8.741817266295214
0.4016765686683357,0.6272050521802157,0.7381560457870364,0.725087922764942,0.6362600896973163,0.0256925281137228,0.4237073534168303,0.9288222591858357,0.7078579589724541,0.7440777092706412,18.556000538535667
0.7008811780251563,0.2793306256644428,0.775150916306302,0.8984983514528722,0.9763140499126166,0.46389668085612357,0.8466213312931359,0.16832982492633164,0.9666282944381237,0.5767893826123327,20.350702274633722
0.2061182470060885,0.5336971515789628,0.8214684955310076,0.4910694493446499,0.9881948546972126,0.3275496931746602,0.9082844459917396,0.6013971972279251,0.9020461088512093,0.43746800418011844,16.088725123912074
0.3462815131060779,0.8311201722826809,0.9643357084132731,0.044373193522915244,0.7745845501776785,0.03016602504067123,0.235291883116588,0.45602665515616536,0.513700065901503,0.17000509705394506,15.406717371822696
0.7043816184159368,0.8949447420891374,0.39860695670358837,0.5196409304626286,0.4543138088192791,0.7447035091463476,0.12398441368713975,0.4995328492950648,0.20817344193346798,0.263714304426685,17.942524814402837
0.7342294591944665,0.13692996371537447,0.8934080977924168,0.33341952320188284,0.2864104248583317,0.00623105582781136,0.3298233028035611,0.6633045147173107,0.045282114995643497,0.9698833706788719,11.571585169614561
0.3982094011735171,0.20784918847493827,0.10579092311672866,0.8328015569131821,0.8003763295710087,0.8633996297139674,0.20798447239212692,0.8854707637801766,0.6457756450399756,0.38658910733647645,17.221386081126365
0.5071215408388525,0.05074029299430549,0.4576699563767761,0.8255487154237926,0.6989869172684848,0.08859380194917321,0.6725638029165566,0.35697075398638844,0.1948183176573366,0.6026497082784772,12.5684285616099
0.7284794428851455,0.5126508958637714,0.2542384397238493,0.8710723004769534,0.32908773398958147,0.202675316715613,0.9236818598583341,0.3167464982252568,0.6979974419809878,0.31994349136948586,21.10214359265133
0.5770654750522226,0.4512536961119622,0.8619694069493562,0.03897069045342505,0.6105112722143531,0.7150316566694528,0.5003705942071974,0.5979722454212606,0.6573797527235001,0.4636863593477756,14.24961958505636
0.0101960813626647,0.8237131941132247,0.005291992798447609,0.10354593745432794,0.0761168331373483,0.22869714652188122,0.7763305848930031,0.21290161088109016,0.36255418392829597,0.3499105959199369,5.244739146448228
0.8566340007819235,0.18717456725426018,0.5967617332935333,0.15708197164349258,0.36736780498176813,0.7458194731734693,0.0015251650474965572,0.2719277343712747,0.5389120723120868,0.7974927644245327,8.070540435818524
0.2878248794004321,0.07127464120276272,0.11775437137112021,0.9665363223757595,0.1850106797646731,0.9835003633052111,0.10398872196674347,0.4330673043150455,0.7414684975519776,0.8579053115099669,14.272106777139674
0.21269932761788368,0.35741353081539273,0.13203409756533802,0.30118823586963117,0.2890312534291297,0.6214724932797253,0.7290488199796528,0.6809096676297486,0.158250464592129,0.35090703680180013,9.779707445478781
0.018022153759375215,0.19155941414646804,0.7281557654496282,0.9232922256924212,0.30761228571645916,0.7546600992791355,0.24696027534082532,0.21602706308476627,0.6339857024140656,0.7521310644224286,11.032326745039489
0.7716390481218696,0.9988002791069448,0.3764710524119437,0.6713406131602824,0.3117012132424861,0.3589984755963087,0.9548665252514184,0.2280564676038921,0.38238884741440415,0.8514498444274068,16.80627684519497
0.5480516320094466,0.8764520459808409,0.8572894148528576,0.568032665643841,0.02893355186097324,0.8654654650017619,0.01407875306904316,0.3281331639736891,0.1387769435532391,0.5183065785095096,18.820228148169274
0.5630496214143932,0.17524227825924754,0.8591599902138114,0.6501941122114658,0.3838518555276096,0.7730910067912191,0.6196288790088147,0.7254184803459793,0.7360788339283317,0.3003581534139812,13.739350306170552
0.7794758586678654,0.7602624937426299,0.8224209640175104,0.9137006555683911,0.25469931750558317,0.6228799587115645,0.9653946824837476,0.3480005741585046,0.4256139670033008,0.06964114960283041,22.523434893084342
0.17870236071757972,0.8297653421759605,0.6522543043829501,0.19555642222985625,0.8292754273861647,0.03341508540324867,0.6332000081893057,0.8927543854806572,0.15766484406776726,0.2833132231608033,9.98394120178166
0.08348161703906953,0.3891428210772574,0.16934110852889717,0.3739240160211921,0.6130254792515188,0.4365586224012077,0.5318557831924409,0.6682084873318672,0.3626523739658296,0.26465363055467606,9.597259113844055
0.2090817482676357,0.7573679839260876,0.44310385384596884,0.5255037397146225,0.02986403089016676,0.5844164954032749,0.7306305810343474,0.9548297512810677,0.17451500915922225,0.8124345822725445,11.125821125909622
0.740145486081019,0.7228647023439407,0.5010183302219957,0.5996408700011671,0.6810855404473841,0.2715224598068744,0.3445632588118315,0.9274091946426779,0.6181869360152632,0.08159816823899746,18.252887046216223
0.21308921230956912,0.9708933273795992,0.06074462831020355,0.92322314879857,0.24465065286494792,0.19720015511848032,0.7053466907236725,0.05710401991382241,0.0478983751963824,0.05831173597835004,19.809032903758812
0.6312281077262014,0.7285269927233458,0.7629524925723672,0.9722332442179322,0.3190351091325283,0.40585039742290974,0.09313641069456935,0.23484845459461212,0.43904260569252074,0.10893057566136122,23.737541532339296
0.7792786320205778,0.08153558429330587,0.5770295481197536,0.7765929193701595,0.548115496058017,0.20562559994868934,0.7677855782676488,0.9453069029841572,0.8111014619935304,0.16704990179277956,9.630934111582658
0.5922471357043833,0.8267101587262005,0.8994040896650404,0.8621562786865979,0.3092191484756768,0.3818369284272194,0.8591945520602167,0.8980676990468055,0.9912418625317514,0.6686338577419519,21.26840601935384
0.8366531131323427,0.864002404967323,0.6566550941206515,0.8257884620688856,0.8415850114542991,0.49065216700546443,0.5587548913899809,0.49181436956860125,0.07628443511202931,0.9170738041866571,20.80180266803445
0.8327509206719697,0.8622237772215158,0.03917561750859022,0.7378577420022339,0.6543090520426631,0.1609383882023394,0.6068947645835578,0.8588211992755532,0.48223273386247456,0.5514605098869652,22.496670406740567
0.48612842452712357,0.03236650652252138,0.47294146358035505,0.6584033344406635,0.015953589230775833,0.7380173720885068,0.4974720587488264,0.08692021388560534,0.8124337764456868,0.169286664808169,7.583589547437024
0.06950868433341384,0.8181340899318457,0.9874087874777615,0.12610603240318596,0.021548072108998895,0.6656971224583685,0.4581710489001125,0.11418779706582427,0.0308971528429538,0.9231131251435727,8.405158847105737
0.7750128307379782,0.363142195623368,0.15430267248302698,0.12300696852616966,0.6516330221202224,0.10672242986038327,0.9771532763261348,0.8833647428546101,0.26717361249029636,0.7780492231249809,16.375196955845635
0.8042555060237646,0.30665503931231797,0.010950241470709443,0.44340696604922414,0.7176567472051829,0.7428102698177099,0.7841920212376863,0.6723266842309386,0.7826635392848402,0.6507996139116585,21.755486644532116
0.34488950693048537,0.39122168556787074,0.8545749348122627,0.1295805824920535,0.12403489719145,0.16178770526312292,0.7659749304875731,0.35464621987193823,0.21334960428066552,0.3816728068049997,10.157697722823366
0.7199935929384083,0.19251274061389267,0.4046099262777716,0.1711494771298021,0.29651096696034074,0.04417656525038183,0.7598074804991484,0.7804594030603766,0.023216996574774384,0.6387819747906178,8.177437487049382
0.5670139160938561,0.8079694078769535,0.5626829902175814,0.7171161968726665,0.3192335464991629,0.21399309555999935,0.5994665180332959,0.6529710185714066,0.9840516922995448,0.49667374207638204,20.290053712826776
0.1560743513982743,0.4753029909916222,0.10665691737085581,0.6141250093933195,0.29303776915185153,0.2865271344780922,0.6300269046332687,0.3122105048969388,0.24378731893375516,0.2432088644709438,12.04178786426539
0.5924095998052508,0.31801844481378794,0.16869804146699607,0.7207013408187777,0.558283343911171,0.13339262316003442,0.6388931199908257,0.8342020059935749,0.6319417103659362,0.9063966360408813,17.034844656444406
0.7724589311983436,0.5005669209640473,0.006844043266028166,0.5156811149790883,0.5252895755693316,0.9002734438981861,0.7064330312423408,0.4388612047769129,0.23266564845107496,0.727716060820967,22.199452996505656
0.20815234654583037,0.9401240926235914,0.9238936596084386,0.4772757375612855,0.7274361660238355,0.8406057024840266,0.5385198437143117,0.4393398321699351,0.30027884477749467,0.601105387089774,18.588518805027718
0.41567248571664095,0.6138292604591697,0.5271093179471791,0.36029179068282247,0.8330640036147088,0.7120707607828081,0.9581623757258058,0.3608453532215208,0.7396909086965024,0.4108895156532526,14.560572741446476
0.2910196671728045,0.3519847069401294,0.36437568394467235,0.5489989288616925,0.6115574340801686,0.9579254798591137,0.06793371122330427,0.4408499295823276,0.056943164207041264,0.32139728544279933,9.96767157689749
0.15181539277546108,0.2491287651937455,0.2930474942550063,0.846334328642115,0.5491286392789334,0.16934643825516105,0.28835774096660316,0.3388088163919747,0.8816592979710549,0.43466300144791603,13.262195672243818
0.5507153382059187,0.6543228542432189,0.3122401556465775,0.5309281861409545,0.7017193597275764,0.26715383864939213,0.48277367232367396,0.5998306476976722,0.23247711779549718,0.16035128361545503,16.950570334158783
0.6313050915487111,0.10240774252451956,0.8673096322454512,0.9148417287506163,0.8701418223790824,0.1464564953930676,0.43314029136672616,0.1243279380723834,0.27281785663217306,0.17043216340243816,18.874878710352966
0.4777557144407183,0.42019126075319946,0.16478072735480964,0.4946616522502154,0.7673128340393305,0.5404807138256729,0.08925518905743957,0.5250788510311395,0.029790376778692007,0.22895094216801226,16.95656437794054
0.8397281956858933,0.786192670231685,0.6692023405339569,0.25624360144138336,0.07682321174070239,0.37954911892302334,0.6956748405937105,0.7357510549481958,0.22856227518059313,0.5245041691232473,12.609884808882951
0.2878457088954747,0.6204987035598606,0.5013829246163368,0.22926448471844196,0.04157135961577296,0.31481894780881703,0.5781121542677283,0.6106249787844718,0.0973509568721056,0.33897713758051395,5.72631739340352
0.7488583682570606,0.13077846076339483,0.4994059067685157,0.3108794519212097,0.9875179925002158,0.7021402381360531,0.38809432787820697,0.69272894365713,0.9257022144738585,0.418659612769261,11.951620240643235
0.24004094116389751,0.01353052956983447,0.7140729881357402,0.8540102541446686,0.7242026419844478,0.7568226363509893,0.47173213749192655,0.6325675426051021,0.08122274442575872,0.6252989117056131,13.552638032628128
0.21499285427853465,0.2842064315918833,0.681597673567012,0.11532764253206551,0.7236712656449527,0.16907810932025313,0.38818114600144327,0.30255603045225143,0.8210775444749743,0.1423375855665654,6.178658349109021
0.6717226803302765,0.22150518908165395,0.01904130238108337,0.7933391141705215,0.6521878344938159,0.46441291249357164,0.24541489337570965,0.33648376539349556,0.2627321146428585,0.5893662224989384,19.85448321807862
0.7820961179677397,0.8722423089202493,0.44894517050124705,0.2554231551475823,0.1116633815690875,0.4646331525873393,0.7942976886406541,0.943497221916914,0.9627564405091107,0.5028069575782865,9.89203185662398
0.07220314140431583,0.44673208030872047,0.5884636046830565,0.70189493522048,0.04877425450831652,0.7492685785982758,0.5085787940770388,0.5149087877944112,0.6554647802840918,0.3937655093614012,8.436935412610167
0.9234242809470743,0.7092441690620035,0.020851298235356808,0.4476526740472764,0.8190690316259861,0.574095303658396,0.047279339050874114,0.8167359358631074,0.8881771210581064,0.6227528450544924,22.515352726552365
0.06641589966602623,0.8479975645896047,0.7151970725972205,0.602590654278174,0.6362164705060422,0.9588898262009025,0.0381824045907706,0.8671207006555051,0.6705374317243695,0.0043237467762082815,12.331065866163504
0.16156782722100616,0.835481992457062,0.630564357386902,0.7148713399656117,0.5777503058779985,0.4031292824074626,0.845585968811065,0.2865068311803043,0.3552528927102685,0.3071877593174577,14.51702484616714
0.7970517165958881,0.14134416193701327,0.6259613819420338,0.5536143146455288,0.9173505736980587,0.5265381992794573,0.9920031928922981,0.11496028094552457,0.521683719009161,0.7906633650418371,13.268098577833861
0.40575794456526637,0.8117251906078309,0.13496558601036668,0.8438221868127584,0.29529083892703056,0.2375513252336532,0.21718292054720223,0.5101844086311758,0.25103831524029374,0.7871808372437954,22.42463286785642
0.8665316656697541,0.33171755191870034,0.262673411751166,0.5994625058956444,0.7214793527964503,0.24926588730886579,0.9226121695246547,0.2771747256629169,0.569544745143503,0.8860108624212444,19.31152402345664
0.41841639881022274,0.0005420788656920195,0.45927412644959986,0.13122357055544853,0.411540332948789,0.527362426975742,0.5293138176202774,0.028225706657394767,0.455766792409122,0.3317765868268907,3.008786958782963
0.428113404661417,0.5233865054324269,0.33672479749657214,0.22492772084660828,0.2870396403595805,0.4394399938173592,0.44425321696326137,0.6290893466211855,0.01398633187636733,0.15104959974996746,11.392239585305317
0.31044027232564986,0.11558552132919431,0.8258068275172263,0.20638914383016527,0.503429718548432,0.29284051270224154,0.8743308964185417,0.718574658036232,0.14648109464906156,0.8807745620142668,9.673693093169776
0.8937046807259321,0.13317701569758356,0.6167433261871338,0.2914204243570566,0.011228048242628574,0.22422669897787273,0.4448763416148722,0.6118254826869816,0.8423196359071881,0.968786207260564,6.377017137106537
0.3672494851052761,0.12715516705065966,0.8886872765142471,0.41022290266118944,0.9207872240804136,0.31544086686335504,0.739383356180042,0.2526997751556337,0.3748279665596783,0.8406946095637977,12.58708111160052
0.05638842401094735,0.535430176416412,0.03997211460955441,0.93100571539253,0.008063717279583216,0.8278649470303208,0.9794506162870675,0.7032520156353712,0.5411266945302486,0.8576096158940345,14.960010759854423
0.5949999701697379,0.4917045342735946,0.869509898358956,0.4900608351454139,0.25841367803514004,0.08313906192779541,0.8961680955253541,0.8266406962648034,0.6672978124115616,0.8281869329512119,17.460349621109724
0.016370504163205624,0.2378136534243822,0.11132112983614206,0.03482146793976426,0.8096549769397825,0.650889536133036,0.13106480124406517,0.04708729381673038,0.7695012602489442,0.06532573280856013,8.567131326570484
0.02674648631364107,0.5614273448009044,0.5329672002699226,0.18038888066075742,0.7263478888198733,0.4085985745768994,0.8619640374090523,0.34401984699070454,0.09880605665966868,0.9146382370963693,5.470601709374495
0.2321952108759433,0.44190986966714263,0.967572279041633,0.29923777654767036,0.21424648026004434,0.09411142277531326,0.05812172219157219,0.5597479450516403,0.40103619638830423,0.6851067040115595,11.794018402589641
0.6251221862621605,0.06969870603643358,0.3782542156986892,0.4568465875927359,0.14195633889175951,0.0978630487807095,0.37706145900301635,0.0008975723758339882,0.42870670300908387,0.21757348207756877,7.813746242443687
0.8185434492770582,0.17029149667359889,0.4538481589406729,0.5452543017454445,0.023044563829898834,0.22684837132692337,0.11605535424314439,0.23606353951618075,0.3035144319292158,0.49370340653695166,10.965734741876618
0.6684602731838822,0.5590736335143447,0.09915598365478218,0.848955683875829,0.6494839091319591,0.04801454162225127,0.910567703191191,0.45011785184033215,0.5875661768950522,0.9250995956826955,25.094815343909822
0.12366442289203405,0.278822036460042,0.554271224886179,0.43452213052660227,0.6752342903055251,0.22030478436499834,0.1943448435049504,0.4404722771141678,0.26449287845753133,0.1797205633483827,9.709371547552482
0.2570539356674999,0.6664953425060958,0.8526564696803689,0.2132435431703925,0.005141559522598982,0.5764050930738449,0.9012700626626611,0.2604534055572003,0.30524784652516246,0.025539210997521877,10.601276153590828
0.49726662039756775,0.2351634728256613,0.033209803281351924,0.2679703952744603,0.914443142246455,0.4594538891687989,0.18460196489468217,0.15867717727087438,0.508872251957655,0.48639341443777084,13.330642333867043
0.9241339899599552,0.7535567837767303,0.46166216279380023,0.2801329712383449,0.4733226178213954,0.8539605371188372,0.027553275227546692,0.9311140223871917,0.25276750116609037,0.8591048850212246,13.27190873776398
0.40709928167052567,0.4305141323711723,0.2700274658855051,0.5926792134996504,0.0954635189846158,0.6831462967675179,0.7398876035586,0.32436075853183866,0.5106190065853298,0.6849502203986049,13.911308284166722
0.5201440020464361,0.5017234671395272,0.5268124244175851,0.7124731224030256,0.5981258458923548,0.2800468970090151,0.5305254883132875,0.7130815051496029,0.2587181865237653,0.6068522832356393,17.428962913085222
0.554999289335683,0.255268411943689,0.8861449658870697,0.43807024182751775,0.9133600548375398,0.036603392101824284,0.6825541488360614,0.5768179290462285,0.7134342915378511,0.6459865313954651,16.48593305813471
0.8931324877776206,0.2216582631226629,0.22565760975703597,0.30556519073434174,0.4681294111069292,0.16009481460787356,0.8126543133985251,0.4466504300944507,0.22095416160300374,0.17759016528725624,12.80352746083075
0.002720292191952467,0.8357499619014561,0.5510492504108697,0.17801435152068734,0.923257703660056,0.6311823467258364,0.5729879450518638,0.6150526637211442,0.5632641538977623,0.7202077452093363,5.933961894020418
0.7889162730425596,0.5406022828537971,0.24161301995627582,0.011739808367565274,0.10178405162878335,0.38834438542835414,0.6976067586801946,0.26890029571950436,0.9317889714147896,0.9619776958134025,10.87076898271626
0.15500843548215926,0.6094503861386329,0.44388825935311615,0.38687808788381517,0.44675464276224375,0.0012141631450504065,0.009095244575291872,0.9814903296064585,0.1342200085055083,0.5344449761323631,9.649656258869525
0.8411047195550054,0.43579416908323765,0.8472028782125562,0.4803346595726907,0.505782354157418,0.7879471986088902,0.7863019644282758,0.04277739464305341,0.10327146109193563,0.6160569288767874,18.934272629210234
0.7235462525859475,0.4099613905418664,0.7237781994044781,0.018893486820161343,0.6653030342422426,0.3870251700282097,0.5502783965785056,0.6482894530054182,0.28637381945736706,0.6931252209469676,12.552540920537096
0.3164675319567323,0.8621862926520407,0.7452533305622637,0.4796556713990867,0.8544636440929025,0.28788437764160335,0.27984721469692886,0.2464717235416174,0.723009075736627,0.3984881048090756,17.580149143163066
0.030239388346672058,0.9130262897815555,0.8265050128102303,0.819863754324615,0.35233877948485315,0.20604667300358415,0.9046143556479365,0.620827593607828,0.03420462552458048,0.07600930333137512,13.442849452303065
0.41986360284499824,0.8435469672549516,0.05182318529114127,0.3003020933829248,0.1573595036752522,0.9975601225160062,0.9979146127589047,0.09281479893252254,0.9354572244919837,0.9276786898262799,16.66928646038876
0.40768220578320324,0.7775143259204924,0.534395104739815,0.29585307859815657,0.7683239041361958,0.2224729114677757,0.5234955239575356,0.17827984341420233,0.21526683797128499,0.2676873509772122,14.51082625713147
0.010506065329536796,0.43055764213204384,0.5294904857873917,0.8467780044302344,0.15443521365523338,0.13588804542087018,0.7011052432935685,0.5570070862304419,0.33496833499521017,0.455159914214164,10.478221949149766
0.8326022941619158,0.35071060876362026,0.8288195375353098,0.7294777447823435,0.6567130628973246,0.3643299420364201,0.42092768591828644,0.27530930540524423,0.5593916291836649,0.5822463964577764,22.45158525550982
0.9383192169480026,0.33533170633018017,0.4107119501568377,0.8380695453379303,0.2758192049805075,0.8173806499689817,0.8579288029577583,0.786844096146524,0.25936232041567564,0.9717025710269809,19.886119447808984
0.8376180070918053,0.606376497540623,0.4175568821374327,0.06929838960058987,0.783536326372996,0.3402447788976133,0.06438434612937272,0.12134539405815303,0.6805070054251701,0.9890523836947978,14.22446968165651
0.4028377919457853,0.015026850393041968,0.5984749482013285,0.7257351733278483,0.35723231616429985,0.14290445833466947,0.13448021351359785,0.027890013996511698,0.5536702708341181,0.7357830901164562,8.731507491213097
0.6131686326116323,0.8133810067083687,0.3143836432136595,0.360109857050702,0.7040638620965183,0.4060049632098526,0.4253960868809372,0.5619059868622571,0.24810661049559712,0.3268209972884506,17.581741489768756
0.15113632776774466,0.6360157919116318,0.06037348904646933,0.4088921030052006,0.9110007707495242,0.9543653049040586,0.0406922847032547,0.9132964436430484,0.4144455911591649,0.045336563140153885,15.61892417444287
0.37002927204594016,0.9706226759590209,0.7279921022709459,0.44561907602474093,0.37608529161661863,0.5231293065007776,0.6444345873314887,0.9851721881423146,0.6544114011339843,0.9929461425635964,15.380898835114873
0.6156182680279016,0.15889256657101214,0.04091517603956163,0.13098532520234585,0.10725256078876555,0.1912397996056825,0.015254133613780141,0.523548761382699,0.34879908966831863,0.40614622458815575,8.689069024178012
0.2862153553869575,0.5881701414473355,0.8862352764699608,0.09407728724181652,0.06998979672789574,0.5843759963754565,0.18316181492991745,0.44817640795372427,0.7573922853916883,0.702018708223477,9.872017564373621
0.41022137366235256,0.9308963282965124,0.5749644595198333,0.8145011181477457,0.9835575493052602,0.5155870928429067,0.23094328516162932,0.3403522416483611,0.894401382887736,0.2989442648831755,22.965018326996443
0.40106517844833434,0.6599991605617106,0.4905186544638127,0.09501567692495883,0.40559983951970935,0.0747943187598139,0.5318652424030006,0.37507350160740316,0.600253369892016,0.4492251540068537,11.093812518504082
0.6217313995584846,0.5764595994260162,0.3021934328135103,0.41532857436686754,0.07934930827468634,0.12081426684744656,0.9027599282562733,0.521306537091732,0.45559384929947555,0.7346771678421646,15.295796941185255
0.6539393139537424,0.20060041989199817,0.8028069164138287,0.38890974246896803,0.601831297390163,0.6918170659337193,0.22689873864874244,0.5249292894732207,0.05615272652357817,0.2586832349188626,13.878849951421191
0.19986224500462413,0.9663645098917186,0.23126927809789777,0.4744976554065943,0.6308618111070246,0.7580562902148813,0.6256404996383935,0.6319096942897886,0.2376886832062155,0.22116937884129584,15.257355186811148
0.04847866017371416,0.29941179184243083,0.6602538088336587,0.11617972305975854,0.014871848281472921,0.01030334155075252,0.13803657027892768,0.23410535836592317,0.02160570491105318,0.26740927365608513,1.5957755680299899
0.8610809769015759,0.26404856937006116,0.002633181167766452,0.06746166315861046,0.8394788489677012,0.22852286789566278,0.8680230646859854,0.3885115245357156,0.5964216550346464,0.8174936485011131,16.590216291140454
0.6629341889638454,0.7886648518033326,0.3938386468216777,0.5020880782976747,0.978861874435097,0.2808377870824188,0.08042964758351445,0.9186622689012438,0.06566088297404349,0.14737797039560974,20.396870303487603
0.5609785718843341,0.02253223513253033,0.9618829179089516,0.19107053754851222,0.5643580963369459,0.8877752730622888,0.11519631580449641,0.4323369699995965,0.9228712196927518,0.5090530507732183,9.907012706639678
0.21005698386579752,0.9083545510657132,0.7306195113342255,0.20212489319965243,0.3336789249442518,0.8037477324251086,0.7067211186513305,0.588241602294147,0.34575311513617635,0.9240788593888283,12.052554451416455
0.9736037466209382,0.7841683584265411,0.3096608102787286,0.9714889836031944,0.1395860561169684,0.040113043040037155,0.5283890445716679,0.8101073123980314,0.7246055260766298,0.7162294818554074,18.25274723030905
0.7080799147952348,0.21948393643833697,0.45591969951055944,0.26425727433525026,0.6667364477179945,0.7530531643424183,0.66646599303931,0.5773362605832517,0.5887919494416565,0.2876034560613334,10.83692347096873
0.1600492645520717,0.7051016932819039,0.793319063493982,0.8393424621317536,0.7527064781170338,0.8309359166305512,0.5979288979433477,0.8997314998414367,0.8787329767365009,0.23065242148004472,18.241613069799964
0.09642389020882547,0.6765169855207205,0.4553354934323579,0.18014644156210124,0.10485058138146996,0.9677484498824924,0.8665143630933017,0.20846713660284877,0.8031717669218779,0.9964845385402441,2.7238099383793246
0.6355657109525055,0.10525472252629697,0.26034081634134054,0.2277747681364417,0.28972298838198185,0.35534109990112484,0.2516804395709187,0.2653182256035507,0.28452417883090675,0.26084048859775066,7.172362346994181
0.7212916605640203,0.9990677360910922,0.16114163678139448,0.750327649526298,0.6231813835911453,0.9646615656092763,0.23346977308392525,0.9259394377004355,0.09906096733175218,0.3367820286657661,22.304316264907573
0.6537426246795803,0.5012912617530674,0.6400621144566685,0.5321616127621382,0.9153955141082406,0.2143533769994974,0.007656398229300976,0.09534134529531002,0.3904109925497323,0.2693123882636428,19.263030983979334
0.6325588712934405,0.6130734502803534,0.3213783756364137,0.744753647595644,0.7706510149873793,0.95901296637021,0.9790477857459337,0.5225818080361933,0.5864007046911865,0.8604650895576924,20.191438125951873
0.5423680532258004,0.4034483041614294,0.2232745096553117,0.9254338601604104,0.32140754791907966,0.3171484558843076,0.16317042312584817,0.1638517128303647,0.33150163502432406,0.38953154091723263,19.454383980039434
0.06341466121375561,0.678861363325268,0.2441195254214108,0.12592214113101363,0.1891332035884261,0.3561104398686439,0.24290234595537186,0.8262644046917558,0.44295269157737494,0.394630212103948,5.359987482856141
0.566738466033712,0.36835861182771623,0.32390513690188527,0.36900116386823356,0.3782238319981843,0.8351073765661567,0.3348989551886916,0.22479119757190347,0.5265086672734469,0.595686059910804,11.608275819619886
0.871992334490642,0.8304383072536439,0.5611680455040187,0.6778595491778105,0.8058279333636165,0.0878791834693402,0.6254867198877037,0.20741019793786108,0.6315905868541449,0.24001565319485962,18.27194478861924
0.18603470781818032,0.5793087161146104,0.1078247637487948,0.10321217216551304,0.13403481454588473,0.6038452356588095,0.1492420113645494,0.6060235830955207,0.13707951456308365,0.6715741876978427,7.740603964947554
0.33244398958049715,0.5027986022178084,0.5597440234851092,0.37955426471307874,0.8581298254430294,0.7474208883941174,0.21968774823471904,0.4276442648842931,0.6406709980219603,0.7686799655202776,12.578379728270631
0.4059554119594395,0.7776112912688404,0.5293537953402847,0.6631966722197831,0.7400592537596822,0.33126118686050177,0.885742865037173,0.2760413815267384,0.7478833997156471,0.4785233368165791,18.160558923529763
0.16236206027679145,0.2503689646255225,0.7102452835533768,0.321764208143577,0.24836704274639487,0.6375081166625023,0.3262025383301079,0.22063620924018323,0.9936111529823393,0.588543170131743,5.220390965071438
0.7716772304847836,0.9400554159656167,0.270329961553216,0.5974546477664262,0.19386580563150346,0.7815739929210395,0.7049084615428001,0.16080640442669392,0.15498886862769723,0.08812955557368696,15.096388025125025
0.6188155689742416,0.24490672093816102,0.6179655136074871,0.7204188469331712,0.1360230657737702,0.8178423494100571,0.18844612501561642,0.18979720468632877,0.5129082798957825,0.6005755192600191,14.746834088412514
0.5536779360845685,0.7238822288345546,0.34662901307456195,0.13555450830608606,0.13450768613256514,0.14549182960763574,0.7692341464571655,0.223322790581733,0.40510203200392425,0.8978439611382782,11.775580145463666
0.15473992563784122,0.4156544874422252,0.6082383852917701,0.10436744545586407,0.4124380156863481,0.2687512650154531,0.24475013907067478,0.06585605256259441,0.9753096017520875,0.0784924984909594,4.094421515685556
0.299779582535848,0.8250464545562863,0.3093481718096882,0.42648552963510156,0.258472244720906,0.16681360360234976,0.9769041005056351,0.11259700008668005,0.9782989802770317,0.11901373881846666,12.796781267079238
0.9056088940706104,0.8104006377980113,0.1025067598093301,0.0863714199513197,0.8079146356321871,0.19686957588419318,0.4184679619502276,0.8394535295665264,0.16215786011889577,0.12546505243517458,14.9804131786526
0.01711104204878211,0.030778105836361647,0.725391922518611,0.9454751429148018,0.35946586448699236,0.06308109383098781,0.7098933858796954,0.31508170370943844,0.7438104881439358,0.8662400040775537,11.746213714038085
0.5239145099185407,0.18543321499601007,0.10539897927083075,0.9629141583573073,0.11597580113448203,0.6797652668319643,0.754689539084211,0.27417530538514256,0.2490864577703178,0.760157530894503,16.73030443025298
0.5055218155030161,0.0011139477137476206,0.8029806732665747,0.7179995027836412,0.4041282618418336,0.633764493977651,0.07550950744189322,0.0034797105472534895,0.9007208319380879,0.3839898270089179,10.023907170093498
0.13208505557850003,0.1402463368140161,0.07218745537102222,0.6934500716160983,0.43718951428309083,0.313061167486012,0.0022284071892499924,0.38495993125252426,0.8666851231828332,0.3950801216997206,12.769395060635734
0.9934359597973526,0.21888441918417811,0.5675351549871266,0.8731707984115928,0.050775381503626704,0.7019248690921813,0.12618222716264427,0.26551401522010565,0.6207609616685659,0.07372500328347087,17.080256361033246
0.16439907648600638,0.4088225157465786,0.8596263437066227,0.627385285217315,0.4193754035513848,0.656200346769765,0.4770034330431372,0.9342970363795757,0.9772096872329712,0.8527285277377814,14.021569485423022
0.37673686165362597,0.1337955102790147,0.08034683181904256,0.25596959074027836,0.21702343551442027,0.021659379359334707,0.6479888767935336,0.01181046012789011,0.5312662550713867,0.1744788174983114,9.831764926764862
0.852325837360695,0.7425769928377122,0.8030040927696973,0.5832828795537353,0.9472994965035468,0.3738099767360836,0.008224976947531104,0.014346090145409107,0.33280883682891726,0.47656607208773494,18.897247617161543
0.13014214974828064,0.8491469444707036,0.14217515592463315,0.30627812538295984,0.013282504165545106,0.1736594676040113,0.6933115881402045,0.3606428485363722,0.5625384177546948,0.2985349469818175,8.544149172791982
0.12843495444394648,0.1254732513334602,0.5322920889593661,0.4178384037222713,0.5176471832673997,0.02761688455939293,0.7271954512689263,0.12766687129624188,0.18184362864121795,0.6696340905036777,7.832029690339599
0.4740263659041375,0.027403211453929543,0.3785937817301601,0.9445632349234074,0.004161033546552062,0.6716394834220409,0.9505653085652739,0.0013932471629232168,0.30107983760535717,0.1110395728610456,11.362556094654778
0.1413804602343589,0.17973440536297858,0.6076465111691505,0.12252119393087924,0.5547198718413711,0.9751972772646695,0.20773255382664502,0.5230785696767271,0.36349604325369,0.8215383891947567,5.12404382623162
0.20076159643940628,0.41087479633279145,0.9389133166987449,0.08602310926653445,0.5901407345663756,0.2188122582156211,0.2670924640260637,0.5071857837028801,0.7317085163667798,0.6952995739411563,9.36377483266798
0.5627157662529498,0.06084548798389733,0.8681962438859046,0.9929680100176483,0.40082912356592715,0.38635553955100477,0.45325756445527077,0.6874780864454806,0.8405464387033135,0.6593263149261475,14.741209242446365
0.3666603344026953,0.5218935301527381,0.4962444365955889,0.5783992873039097,0.05012277117930353,0.8755547909531742,0.8237495454959571,0.1452852871734649,0.46363491122610867,0.11557360226288438,12.54475941402917
0.3296532044187188,0.8712836063932627,0.9760067062452435,0.35157796437852085,0.25743623985908926,0.29431040957570076,0.8600092262495309,0.05274191848002374,0.2399001696612686,0.34181183809414506,16.089204019412513
0.1599331635516137,0.2392583293840289,0.9298921760637313,0.33271382260136306,0.9116546413861215,0.12192874727770686,0.28496629279106855,0.6465030482504517,0.5024288787972182,0.7287448672577739,13.869109001386219
0.04866040940396488,0.9886058478150517,0.04612107342109084,0.4559043326880783,0.33146301889792085,0.545140084810555,0.30908798426389694,0.25483421119861305,0.9314754749648273,0.7510240518022329,14.564741780666923
0.4531913853716105,0.6176228635013103,0.6351025255862623,0.37942525441758335,0.15798421832732856,0.8075374604668468,0.33365524816326797,0.36056367168202996,0.45752400369383395,0.4356236541643739,12.090918461603884
0.24101376463659108,0.8378402849193662,0.3806174769997597,0.4871038522105664,0.35555604309774935,0.9944573903921992,0.268154236022383,0.7429019080009311,0.8526888485066593,0.2870483167935163,12.640228324417105
0.11102484748698771,0.4415735558141023,0.32928500580601394,0.3636133065447211,0.6060600182972848,0.6989485709927976,0.6154746434185654,0.004926386056467891,0.8531229894142598,0.4745832341723144,10.57908327936674
0.8938137190416455,0.9519484380725771,0.8771757674403489,0.5871779141016304,0.8239395818673074,0.2976866257376969,0.5735838727559894,0.3894933129195124,0.3375837777275592,0.4314366744365543,16.201507827686676
0.2311415032017976,0.7967336142901331,0.253129797289148,0.1368134468793869,0.6609984582755715,0.4139971442054957,0.9777081690263003,0.862348064314574,0.9498739768750966,0.375719582894817,11.599566309713733
0.4145577715244144,0.6135409320704639,0.9803574713878334,0.5050083689857274,0.9279785337857902,0.3156361090950668,0.5075218307320029,0.9499737119767815,0.03014822956174612,0.8598345378413796,22.01500477105956
0.3719058569986373,0.9486809598747641,0.2451580986380577,0.9165502865798771,0.35105157759971917,0.05130803887732327,0.7875546298455447,0.4611918074078858,0.9771410005632788,0.9031855736393481,21.96858801301131
0.6029223590157926,0.9064980112016201,0.09278381825424731,0.956322577316314,0.14318749401718378,0.34328155941329896,0.11023654299788177,0.7312954408116639,0.35833278740756214,0.28827127581462264,23.70258019978607
0.9293665303848684,0.5230034585110843,0.6700998791493475,0.7907851997297257,0.5298716423567384,0.4206690180581063,0.9238714764360338,0.7834338685497642,0.7802006246056408,0.9672677398193628,20.2233905085668
0.06074209208600223,0.5347933077719063,0.05592745961621404,0.5652942857705057,0.37780366907827556,0.3883448583073914,0.8354849314782768,0.8437755212653428,0.18416746170260012,0.7374966295901686,11.914182141755656
0.1298463107086718,0.15508748008869588,0.5142321328166872,0.9821504619903862,0.4567820648662746,0.3370736225042492,0.6067620790563524,0.274217186961323,0.42345347139053047,0.7475191066041589,10.750725185025786
0.14209666964598,0.05141219263896346,0.5053008415270597,0.5724881398491561,0.4644110118970275,0.1756919943727553,0.38744155736640096,0.1760890579316765,0.11025685234926641,0.096938774921,8.41982784615892
0.8152564640622586,0.8231842846143991,0.6311366411391646,0.39326839917339385,0.2147435445804149,0.41693582059815526,0.8132158636581153,0.0027742586098611355,0.7017572748009115,0.5700515741482377,12.916375476903442
0.48075751145370305,0.34010314592160285,0.7319958377629519,0.7464784497860819,0.46610892633907497,0.8500224235467613,0.09216695232316852,0.5317464817781001,0.10616358881816268,0.3129660019185394,16.27437810242033
0.5954990666359663,0.21706204791553319,0.9280609996058047,0.062525506131351,0.7452825352083892,0.7742686090059578,0.34390824823640287,0.21154318936169147,0.6059632247779518,0.4219305703882128,11.564446562950069
0.5896495715714991,0.9526291226502508,0.6904952060431242,0.7662434969097376,0.22703055618330836,0.46871715504676104,0.6637205923907459,0.5716720107011497,0.021497946232557297,0.42841094150207937,19.808173594313615
0.12058382714167237,0.5103832613676786,0.42196956323459744,0.032310566399246454,0.8703015130013227,0.6904067734722048,0.8101198906078935,0.9011794023681432,0.8497197094839066,0.7098539788275957,6.61237214509411
0.9439947423525155,0.22889997577294707,0.4438246719073504,0.12817143858410418,0.8633832517080009,0.1341215968132019,0.6164142864290625,0.6656984689179808,0.002346976660192013,0.7799108379986137,11.210098697154896
0.22748342342674732,0.37412570929154754,0.7327517534140497,0.9076625816524029,0.38924422254785895,0.022131089819595218,0.29498510248959064,0.41026783734560013,0.7593008496332914,0.9375551994889975,15.904333244393447
0.728544055018574,0.8331127364654094,0.48284664540551603,0.23323588469065726,0.577689063269645,0.881372238509357,0.6823416817933321,0.026859132340177894,0.9964973272290081,0.882909765932709,14.725107456069894
0.7445080059114844,0.6004447820596397,0.5780402480158955,0.20895669562742114,0.6848239859100431,0.2614878872409463,0.7637136501725763,0.5309193895664066,0.7209966236259788,0.034439964685589075,16.52281096200389
0.2812718127388507,0.2572724784258753,0.06808253983035684,0.41477756830863655,0.9873086898587644,0.3595388759858906,0.9641501437872648,0.30453204875811934,0.13713301322422922,0.6723553279880434,15.642670650914418
0.797977383248508,0.5672696034889668,0.08987637748941779,0.909447219921276,0.8201986222993582,0.4049260092433542,0.34221070632338524,0.9004572003614157,0.7213965263217688,0.9567728370893747,25.485380579979388
0.41208033519797027,0.3571576653048396,0.5248048459179699,0.0007234869990497828,0.7632719327230006,0.6390740997157991,0.4327225007582456,0.2242678445763886,0.08076509926468134,0.9388389110099524,8.401482684389325
0.979413338471204,0.3442148850299418,0.16944142221473157,0.23320720181800425,0.12710296036675572,0.5139049163553864,0.794568300480023,0.15394254704006016,0.694901859620586,0.6636712569743395,14.368558957509382
0.06514184409752488,0.17271062964573503,0.7378097975160927,0.6825630918610841,0.07380710635334253,0.5989242610521615,0.267953148111701,0.5693847995717078,0.7069535262417048,0.8162664021365345,8.334802481962567
0.6900464862119406,0.7896168523002416,0.41603063722141087,0.15332567761652172,0.6408501856494695,0.6365364594385028,0.7372514535672963,0.20290206605568528,0.3187437995802611,0.5938509230036288,14.438055510683606
0.2545083456207067,0.9051449100952595,0.20706115406937897,0.14106627041473985,0.10720597952604294,0.15430739033035934,0.536114081274718,0.23304142127744853,0.36995224631391466,0.7725120855029672,8.544829771373262
0.921878271503374,0.927980993874371,0.9769885998684913,0.2186557159293443,0.03503601998090744,0.7268571062013507,0.25545921898446977,0.39621910522691905,0.03987569222226739,0.3845682677347213,11.816431434195517
0.03902621241286397,0.4258240647614002,0.9896564320661128,0.15688855340704322,0.6186406775377691,0.743471832247451,0.3479216021951288,0.8909020065329969,0.24971978645771742,0.9383117088582367,8.905084916862354
0.18437369330786169,0.5903899534605443,0.36847964860498905,0.14188250922597945,0.38168108789250255,0.7800418809056282,0.38962698401883245,0.6253818909171969,0.9656774832401425,0.5863167473580688,6.749659393700423
0.10858359467238188,0.5179673556704074,0.8596424455754459,0.6555327924434096,0.8405803998466581,0.3675735385622829,0.7057834696024656,0.037521936697885394,0.9994435841217637,0.5594921791926026,14.624562171046428
0.6251380909234285,0.829150756355375,0.08013980416581035,0.43502605613321066,0.4646264696493745,0.544755183160305,0.35338880820199847,0.2819562959484756,0.42498154332861304,0.14470587694086134,19.43802813465584
0.27834151638671756,0.2800984007772058,0.7426411337219179,0.40486090909689665,0.02233364572748542,0.8128540518227965,0.28820600057952106,0.863352726912126,0.8531868350692093,0.8551461242605001,7.683948320284691
0.367484956048429,0.3191604088060558,0.9518296972382814,0.7151158403139561,0.3995363134890795,0.5153516887221485,0.04225594154559076,0.9198596477508545,0.13419932406395674,0.4504605212714523,18.18401176440521
0.20300818607211113,0.2039629362989217,0.6062420068774372,0.2619171265978366,0.3039112624246627,0.11237979587167501,0.6504950816743076,0.5683233046438545,0.6257549116853625,0.4034817505162209,5.702786242079198
0.5512636639177799,0.06827891548164189,0.5943721951916814,0.41792529285885394,0.46376363025046885,0.3283318066969514,0.001249636523425579,0.22260899771936238,0.17113851755857468,0.6692216391675174,7.929841274307055
0.9215063217561692,0.3527432030532509,0.764532508328557,0.5358118426520377,0.31913245446048677,0.5042594720143825,0.23299021762795746,0.6426223565358669,0.34942966559901834,0.8250113620888442,17.307181812265647
0.39822505274787545,0.28836148837581277,0.15764675615355372,0.7198925202246755,0.9253132359590381,0.045220672618597746,0.10508393147028983,0.09015347366221249,0.7284231383819133,0.25913541251793504,17.781599164851418
0.23485085554420948,0.19621102302335203,0.9877346730791032,0.6602680701762438,0.8983119679614902,0.9420717048924416,0.35665594902820885,0.8725450152996927,0.16409246413968503,0.554464774671942,18.811606780658423
0.7079503866843879,0.8159628622233868,0.4348077529575676,0.1173052079975605,0.8802987672388554,0.18935150536708534,0.7051558920647949,0.987108361441642,0.1608047888148576,0.6216186836827546,16.336871446713438
0.10945273796096444,0.8168124412186444,0.9600456808693707,0.40574383130297065,0.08096810919232666,0.8735236909706146,0.4163504228927195,0.40682076662778854,0.3467489609029144,0.20745011721737683,11.626836960667587
0.3256549430079758,0.6476658915635198,0.7123446515761316,0.8309352640062571,0.6767076710239053,0.7326432431582361,0.7048746300861239,0.04533655242994428,0.05624943575821817,0.623658616328612,18.365906946378757
0.7906610360369086,0.46072872052900493,0.4573808521963656,0.5246474142186344,0.6682025690097362,0.38092489168047905,0.18445853563025594,0.395287869265303,0.5885902950540185,0.1319137525279075,16.926209381462265
0.8381700995378196,0.06539834709838033,0.5244963243603706,0.2146734253037721,0.5188516480848193,0.7241242090240121,0.9086939869448543,0.01906072348356247,0.5820159809663892,0.618633083300665,6.68227179422196
0.8498954193200916,0.03475026413798332,0.8535413900390267,0.5572029368486255,0.19443186628632247,0.43696954450570047,0.7705180246848613,0.9868866924662143,0.6117255829740316,0.7965838054660708,10.622810899417146
0.10934015386737883,0.5819478118792176,0.11558874230831861,0.05785880773328245,0.27369854785501957,0.6975382247474045,0.4809885623399168,0.4314670192543417,0.8870211646426469,0.48628690117038786,5.241922917608004
0.8002832257188857,0.5746788131073117,0.8151416731998324,0.5324466142337769,0.6430861060507596,0.2613713250029832,0.04962933692149818,0.8778162070084363,0.056421397952362895,0.5283539285883307,21.344602741936836
0.6859678586479276,0.47304190159775317,0.02215869934298098,0.991013670573011,0.1872012831736356,0.82244833977893,0.510552279651165,0.023413146380335093,0.444122125627473,0.24670591834001243,25.222113382109733
0.9619955054949969,0.6426651107612997,0.34645977918989956,0.6461901084985584,0.14075748459436,0.4280570079572499,0.1490994580090046,0.34786020359024405,0.6878211991861463,0.46776384324766695,17.484041131224608
0.01398690021596849,0.21699689677916467,0.6739227510988712,0.9185875605326146,0.25421429867856205,0.10925270477309823,0.20866098813712597,0.004004857735708356,0.784434306435287,0.47101273015141487,11.486332139435923
0.9750968308653682,0.7137183148879558,0.02457745256833732,0.17126463470049202,0.0004312077071517706,0.6708756415173411,0.30224386672489345,0.6420444012619555,0.9957976224832237,0.937498816754669,13.59770828169581
0.7186316105071455,0.08436849969439209,0.43905651313252747,0.3730747140944004,0.45359625527635217,0.7821802499238402,0.692242695717141,0.18974891351535916,0.7662257538177073,0.02820711932145059,6.381026974085863
0.8952601731289178,0.9210039088502526,0.5043048865627497,0.3876206916756928,0.4527356654871255,0.8363545404281467,0.48104852391406894,0.6208636267110705,0.6486290141474456,0.3225516474340111,10.295231078813286
0.8065870343707502,0.058252735529094934,0.08985233516432345,0.42351374332793057,0.2977091611828655,0.5736869850661606,0.4908674245234579,0.12026737304404378,0.9141765718813986,0.9935682874638587,9.749736216268218
0.4437794634141028,0.5420218133367598,0.5148763214237988,0.8542911724653095,0.2744882123079151,0.3163970729801804,0.38633158802986145,0.4168545783031732,0.774246224667877,0.3768550339154899,16.66750684722696
0.009801551699638367,0.7200106400996447,0.8369714629370719,0.12625864474102855,0.6569571818690747,0.29329280834645033,0.9049336470197886,0.7669677380472422,0.7014553060289472,0.08922332664951682,10.244880409820931
0.43781352206133306,0.8306987769901752,0.38283354439772666,0.09672887111082673,0.5250320290215313,0.11185883334837854,0.7013130225241184,0.669759030919522,0.7161912587471306,0.06474289437755942,13.439654642342735
0.7522549519781023,0.10011986130848527,0.6570879723876715,0.6673611116129905,0.271469849627465,0.8966825767420232,0.9782910798676312,0.3447711116168648,0.3468933829572052,0.7464157321956009,11.756627640050532
0.8899495573714375,0.5081867564003915,0.4268398964777589,0.4143123561516404,0.967893990688026,0.2772923191078007,0.5892817710991949,0.8486517097335309,0.0880654666107148,0.12093125260435045,19.313769743386043
0.9418159194756299,0.15176910138688982,0.24060072633437812,0.2421778931748122,0.6868743817321956,0.2757672485895455,0.3930530578363687,0.3511207983829081,0.46553691010922194,0.27278595068491995,9.482793233667511
0.1096890801563859,0.1770314360037446,0.5144168110564351,0.7034524935297668,0.23294273973442614,0.16032648272812366,0.3826923246961087,0.5222793384455144,0.6982413763180375,0.3627319526858628,8.940465389245817
0.2251092882361263,0.5180260199122131,0.9363095429725945,0.4480057193432003,0.7563842788804322,0.31806274550035596,0.015406440943479538,0.6887264037504792,0.632322057383135,0.256037320708856,14.436113622201068
0.23267725436016917,0.9205860013607889,0.551409718580544,0.5268914317712188,0.6460798163898289,0.20319172367453575,0.2676389676053077,0.5057877104263753,0.9524979789275676,0.7661011342424899,12.907353831918272
0.6212452785111964,0.17549964250065386,0.8823185155633837,0.6821832414716482,0.16882297419942915,0.2568500607740134,0.9591546386945993,0.21570332581177354,0.8200713784899563,0.5573623841628432,14.005867578431353
0.7915167456958443,0.09989705961197615,0.26271583046764135,0.18647007923573256,0.38406559079885483,0.7544069685973227,0.11878387164324522,0.25003309384919703,0.3547089332714677,0.15490569127723575,6.597298228881359
0.13484629429876804,0.7880442603491247,0.36454894207417965,0.034209321020171046,0.8164591202512383,0.365605280501768,0.7748827927280217,0.8747281397227198,0.4045768887735903,0.4900118566583842,8.039559789931674
0.303577276179567,0.7223723749630153,0.18946407176554203,0.17086189705878496,0.0607879504095763,0.07169447769410908,0.1814246231224388,0.47130731702782214,0.919461143668741,0.5091966243926436,12.578307527786059
0.6109909880906343,0.6895784763619304,0.3714563865214586,0.5546194282360375,0.6034698733128607,0.509436184540391,0.8737879544496536,0.26158093055710196,0.9710965724661946,0.41200119676068425,17.68216892955974
0.9604639299213886,0.47263431502506137,0.5709650334902108,0.27119747712276876,0.747196335112676,0.7057492923922837,0.5912623479962349,0.45895081222988665,0.7297586731147021,0.9439259911887348,17.66647362754293
0.4553091006819159,0.7588855184148997,0.627579816384241,0.6835565732326359,0.3742687525227666,0.11110376752912998,0.258812892716378,0.2860516633372754,0.8665746657643467,0.0903040838893503,18.331192467471123
0.5018540055025369,0.45812608813866973,0.5764330751262605,0.3238344800192863,0.1320233028382063,0.7883799597620964,0.868085268419236,0.0826351847499609,0.7611226597800851,0.707105326000601,9.597204691076348
0.22515513631515205,0.7821289887651801,0.8039932632818818,0.771593859186396,0.44459144049324095,0.04830767377279699,0.5049649756401777,0.4580119103193283,0.9166500619612634,0.30809152754954994,16.969425034037926
0.9993251673877239,0.3552432465367019,0.4464595273602754,0.701943970285356,0.8209376633167267,0.7074285165872425,0.9425780505407602,0.7940366256516427,0.9805609015747905,0.8852347556967288,20.5868119198071
0.675443003885448,0.5014799982309341,0.9414559900760651,0.6887090308591723,0.708769834600389,0.7431560349650681,0.18626255611889064,0.9804617923218757,0.6888034143485129,0.3238274329341948,22.113648536868446
0.11051636631600559,0.11891171685419977,0.8284898465499282,0.25730797043070197,0.23798774019815028,0.4852190006058663,0.47139405156485736,0.640237158164382,0.22240052558481693,0.5016941463109106,6.644024960028464
0.6007061335258186,0.7370118724647909,0.7560252610128373,0.09535748651251197,0.9568939406890422,0.7303170813247561,0.9905586659442633,0.3600550431292504,0.4228420811705291,0.46621606941334903,17.833364281783187
0.20887779723852873,0.7924820696935058,0.2097748746164143,0.26817718730308115,0.09572669421322644,0.7807124853134155,0.5507614582311362,0.38773490488529205,0.3429358429275453,0.6814354045782238,8.793073267955792
0.9335632473230362,0.09454439487308264,0.5863068448379636,0.6966522205621004,0.18362868088297546,0.3227603759150952,0.2146464758552611,0.12096510292030871,0.48231603647582233,0.031148320995271206,11.210373270798632
0.7675975193269551,0.8460215728264302,0.3793998355977237,0.537332656327635,0.2069691081997007,0.2500079604797065,0.7633754755370319,0.7349761452060193,0.05905463802628219,0.5356497375760227,14.446991529701524
0.4898628604132682,0.22662067343480885,0.5760096458252519,0.7475887259934098,0.48684312542900443,0.8465123078785837,0.7147117326967418,0.26044628862291574,0.042162792291492224,0.6563085115049034,14.71058777953819
0.2517426882404834,0.14710106677375734,0.6082262748386711,0.2613030488137156,0.1756653650663793,0.4985425651539117,0.8557984887156636,0.8042367317248136,0.5269104801118374,0.0015539184678345919,4.870788486290969
0.12529225880280137,0.9248416698537767,0.9805000105407089,0.6729870166163892,0.4845029052812606,0.005636963527649641,0.5201378946658224,0.3338042546529323,0.3806616677902639,0.6695716555695981,16.08684778462405
0.4431205871514976,0.7724883847404271,0.10868500987999141,0.610459313262254,0.6204430018551648,0.4990698208566755,0.062302505131810904,0.013588915579020977,0.5611846025567502,0.8969456709455699,20.722317773916334
0.23493133881129324,0.04591336799785495,0.9294604945462197,0.7561903395690024,0.23772911285050213,0.3870498607866466,0.17286647739820182,0.9083130331709981,0.0475913027767092,0.46742066368460655,14.070151659238363
0.04740905435755849,0.41587594035081565,0.4032767256721854,0.6407385659404099,0.8234313891734928,0.8693697042763233,0.4055108209140599,0.8810231490060687,0.20717200101353228,0.5336097658146173,11.155789344238114
0.9830765384249389,0.7419314698781818,0.19274453935213387,0.7382500029634684,0.3561688382178545,0.5616172386799008,0.9750493715982884,0.6360886062029749,0.502662843093276,0.5727743611205369,19.81751401401394
0.16231742268428206,0.458703852025792,0.16042220196686685,0.13435000856406987,0.7330957513768226,0.1978943506255746,0.5898670188616961,0.691626023966819,0.8527856110595167,0.8195755134802312,10.463045441028488
0.43161972681991756,0.4594934720080346,0.6452046651393175,0.23436894291080534,0.11551845469512045,0.9507659375667572,0.938130211783573,0.020022195065394044,0.7954507796093822,0.6538391925860196,9.565000198767711
0.016172582050785422,0.5810553734190762,0.9064166466705501,0.9272006850223988,0.7524824549909681,0.12865336751565337,0.8667899454012513,0.8426225404255092,0.22263973322696984,0.26248910231515765,17.696446611677487
0.9927336699329317,0.251384632429108,0.904875966720283,0.7069262138102204,0.9416386145167053,0.44718365417793393,0.9240613102447242,0.4136237280908972,0.9620771065820009,0.23748941905796528,21.882554760917447
0.18109915382228792,0.8895361798349768,0.6622001503128558,0.13326525269076228,0.687800592277199,0.3296087689232081,0.9815146238543093,0.02138620661571622,0.3980344629380852,0.9865997161250561,9.907353850040833
0.11456269421614707,0.7350478682201356,0.4249340663664043,0.3455128308851272,0.01012318697758019,0.48549473471939564,0.9739295502658933,0.3067494386341423,0.7074918404687196,0.012452378403395414,5.356076505125725
0.047081389697268605,0.7648581499233842,0.36986841820180416,0.7102470144163817,0.734611514955759,0.47142884181812406,0.5199508804362267,0.14475083956494927,0.13992085284553468,0.1192843506578356,12.093037791212884
0.136536727193743,0.5484542939811945,0.7904346121940762,0.9556085490621626,0.12469989946112037,0.8969027688726783,0.11145196901634336,0.9954603360965848,0.4925494729541242,0.35747985634952784,14.176758093089203
0.2590143682900816,0.9180429829284549,0.40771746821701527,0.12325787940062582,0.08232222986407578,0.8336297122295946,0.9084146895911545,0.42872966127470136,0.145876589929685,0.49786234530620277,8.204813566164109
0.6260055052116513,0.9967602246906608,0.5169758938718587,0.8935347837395966,0.24255978246219456,0.9091214223299176,0.864718884928152,0.9020494252908975,0.6637073343154043,0.19359322334639728,19.561415544010234
0.8126390669494867,0.7395278385374695,0.7631910720374435,0.4421106444206089,0.31841206084936857,0.123027274152264,0.8168346174061298,0.6681547008920461,0.8377178688533604,0.5567493315320462,16.675231635088114
0.15846508205868304,0.3885242647957057,0.6580627062357962,0.5317627389449626,0.521882739616558,0.8165323971770704,0.2364905329886824,0.37845993670634925,0.16439778287895024,0.8240581990685314,8.886429269061999
0.7602936183102429,0.6084355085622519,0.2815861643757671,0.567189256194979,0.08792734309099615,0.24792780866846442,0.9906861644703895,0.48249443038366735,0.19258829671889544,0.9986923432443291,16.58159305212205
0.2437189386691898,0.702188734896481,0.40248535107821226,0.739438354736194,0.7019867820199579,0.5733581578824669,0.12628957023844123,0.7523289092350751,0.6395527559798211,0.9298887189943343,14.305577887551557
0.9387087665963918,0.9050088352523744,0.46098364517092705,0.6578783744480461,0.16816788376308978,0.4539204628672451,0.7172421358991414,0.6186690346803516,0.5486143620219082,0.04704868025146425,12.649045899284296
0.8482954169157892,0.24039953551255167,0.04707256448455155,0.8498603769112378,0.8104495618026704,0.670608285581693,0.9663039045408368,0.388189006363973,0.5120877122972161,0.6260491081047803,23.45101118845364
0.3273542260285467,0.8962981796357781,0.6837269277311862,0.9854203839786351,0.0043866445776075125,0.4828419063705951,0.8247392566408962,0.9855770177673548,0.6157101290300488,0.37909140437841415,18.90803198890638
0.4884114859160036,0.1337522875983268,0.4566000795457512,0.4184307830873877,0.5158208864741027,0.6921636560000479,0.639710285468027,0.8881943908054382,0.4938716618344188,0.15176557144150138,7.817917863551767
0.6762824049219489,0.3641915968619287,0.5489177594427019,0.6340983649715781,0.1590456571429968,0.5640892004594207,0.9307029608171433,0.13747724145650864,0.31296704057604074,0.8491698007564992,13.915276293434754
0.37933027278631926,0.49903574283234775,0.7606543784495443,0.9483992573805153,0.6159111857414246,0.0021584287751466036,0.003685997799038887,0.05738619761541486,0.4236948147881776,0.3582667466253042,19.211664423023635
0.6359871686436236,0.2899124890100211,0.2472472859080881,0.12487404816783965,0.3736509180162102,0.21946102799847722,0.018616906832903624,0.8680865187197924,0.8929679726716131,0.17471346398815513,10.851268412818442
0.16104758461005986,0.7244301014579833,0.5887387720867991,0.8616601473186165,0.8756317712832242,0.39467146759852767,0.860754104796797,0.6272183121182024,0.1019542624708265,0.21371857216581702,16.51072251041576
0.7408167126122862,0.806352881481871,0.5820103862788528,0.9761324452701956,0.6262905003968626,0.7947173691354692,0.7564062362071127,0.9757872247137129,0.7199900089763105,0.6005922819022089,21.237261983166622
0.661313776858151,0.02327545778825879,0.6947656462434679,0.49690795480273664,0.30431181960739195,0.3357505169697106,0.020232100039720535,0.6060331745538861,0.2484016907401383,0.10220969165675342,6.045298155317133
0.01569372625090182,0.3139142170548439,0.39472807571291924,0.5116184307262301,0.7708266631234437,0.585560901556164,0.7841046808753163,0.29028185037896037,0.683963646646589,0.9367194371297956,10.846142895889276
0.9820946592371911,0.9832898757886142,0.9992806282825768,0.7617465287912637,0.20195120153948665,0.36555746709927917,0.9480970341246575,0.8371157394722104,0.9124808730557561,0.19607309577986598,15.512756882669429
0.010213668225333095,0.26726949610747397,0.8231971249915659,0.6434646414127201,0.4380301176570356,0.6366453361697495,0.9524524006992579,0.023671868722885847,0.6999622222501785,0.9967339925933629,10.162101989469683
0.4232871539425105,0.13693149876780808,0.643751580035314,0.14572945050895214,0.7205202660989016,0.6036457039881498,0.7184468393679708,0.08646674640476704,0.5245733575429767,0.14220474078319967,6.14194191327914
0.8336726105771959,0.051235420629382133,0.5935922663193196,0.4615391050465405,0.43346165330149233,0.2728103054687381,0.4245373597368598,0.7788713437039405,0.6698334503453225,0.3654364603571594,9.165550598460202
0.5822332864627242,0.7982465461827815,0.10724963736720383,0.5583157944492996,0.499112113378942,0.8706372224260122,0.38398927939124405,0.7924735818523914,0.18440415430814028,0.21285629319027066,20.038085061685194
0.8096749926917255,0.31205117516219616,0.9654380320571363,0.9542961141560227,0.33151390263810754,0.6915088635869324,0.2512311653699726,0.8320091208443046,0.5708125138189644,0.8268133332021534,23.648173722950677
0.6198524201754481,0.7725855219177902,0.31856683222576976,0.8071245863102376,0.505828200140968,0.8369059332180768,0.2506961692124605,0.2644205663818866,0.7768471522722393,0.8474080746527761,20.397604041853878
0.5818102294579148,0.6808999560307711,0.7410394970793277,0.12691099126823246,0.7598724907729775,0.8148088394664228,0.10553359100595117,0.33675534394569695,0.06414821022190154,0.9844107872340828,14.61037383325616
0.6777877346612513,0.15335915051400661,0.3055057974997908,0.18723164009861648,0.5429758965037763,0.7299063229002059,0.5274493591859937,0.5748785112518817,0.35080944863148034,0.23822309100069106,8.940187787864108
0.7107948318589479,0.15109400474466383,0.3422274487093091,0.336790518136695,0.15882784174755216,0.9860282975714654,0.9662627705838531,0.5157306550536305,0.04676134791225195,0.9908967807423323,6.5255770994805555
0.21132922102697194,0.29669371363706887,0.849764886777848,0.666140207555145,0.6795454777311534,0.5490830338094383,0.6544024818576872,0.32310825982131064,0.23581578279845417,0.3075515169184655,14.637501552020343
0.017118777381256223,0.5812366630416363,0.9821404633112252,0.22243303596042097,0.0563414643984288,0.9728977179620415,0.348058276809752,0.8771122612524778,0.1224172217771411,0.022167778573930264,8.8069940477631
0.8145661421585828,0.07694602943956852,0.6529444276820868,0.5931726039852947,0.8034740625880659,0.4511126361321658,0.09719744743779302,0.8544705349486321,0.4577059221919626,0.3856781735084951,10.864315702701012
0.7158560559619218,0.6924148625694215,0.40588975022546947,0.10087530873715878,0.2434674717951566,0.8964608998503536,0.6933186310343444,0.9949811859987676,0.9235657395329326,0.48792072641663253,12.291849060369106
0.36349832848645747,0.5293879096861929,0.9097107965499163,0.6776228963863105,0.2187846510205418,0.16390281193889678,0.3827865608036518,0.3080213062930852,0.7307704880367965,0.12370511353947222,16.863662553370382
0.1777365026064217,0.8568739632610232,0.5813879633788019,0.6313503794372082,0.8757537996862084,0.24528502323664725,0.8774938490241766,0.13744514691643417,0.6363550040405244,0.3319810137618333,16.116434935166705
0.9945330461487174,0.9957204309757799,0.8362141221296042,0.6168767027556896,0.07962613413110375,0.426669706357643,0.2555158669129014,0.8338589533232152,0.536451772088185,0.9706114158034325,9.459831404678818
0.7007169260177761,0.04069377575069666,0.5730739920400083,0.4053768217563629,0.05330286524258554,0.02009564288891852,0.32811999623663723,0.6397573817521334,0.20603923010639846,0.17238358687609434,5.260885882960024
0.9080785240512341,0.15023691207170486,0.725817047059536,0.7331960175652057,0.499350052094087,0.2706450093537569,0.7145757356192917,0.8875812804326415,0.5374269548337907,0.873696788912639,13.186964569630227
0.7840630984865129,0.6369069025386125,0.6705232351087034,0.8919720784761012,0.2948035460431129,0.38272572588175535,0.7570229112170637,0.12611339567229152,0.21383611974306405,0.2026106535922736,20.813648718312177
0.3850412084721029,0.3674553332384676,0.28666770714335144,0.4229554764460772,0.0636252979747951,0.3124102952424437,0.31551828887313604,0.07615074631758034,0.5297530989628285,0.7683199192397296,8.001330233924811
0.6061899662017822,0.2529373480938375,0.6793858183082193,0.26635726843960583,0.2059096994344145,0.5432668663561344,0.20337950089015067,0.9841286691371351,0.19637261959724128,0.47957438440062106,11.573492039457095
0.7421792447566986,0.09567556972615421,0.7133567281998694,0.22344250231981277,0.4970848278608173,0.35511708608828485,0.2772077105473727,0.4434048237744719,0.2862387038767338,0.46559523651376367,8.610622403199033
0.07681549154222012,0.6578341335989535,0.5812891919631511,0.26345302164554596,0.5628842187579721,0.375404896447435,0.4568136187735945,0.6551242445129901,0.2764177785720676,0.08849271479994059,6.106878263452683
0.3961477589327842,0.8571568091865629,0.2598354809451848,0.586684254463762,0.9432576799299568,0.4756282325834036,0.12143201590515673,0.20908857276663184,0.24145986139774323,0.5194933693856001,19.641138889154476
0.9413365244399756,0.7873418570961803,0.13994236197322607,0.5878841590601951,0.03253620560280979,0.33064585691317916,0.7336371075361967,0.8626457110513002,0.44670011615380645,0.11339901108294725,15.896725139906197
0.8338547921739519,0.839143647113815,0.8080928737763315,0.018018329283222556,0.9485725371632725,0.963745437329635,0.2048327145166695,0.6543930491898209,0.8988756204489619,0.836139754159376,14.031267003885095
0.9190209002699703,0.9232815795112401,0.04984954255633056,0.1221968256868422,0.31120522250421345,0.8671731462236494,0.5806489081587642,0.9338255668990314,0.6994458644185215,0.552560300566256,12.316078974452578
0.25383548182435334,0.12665254902094603,0.24493874493055046,0.009257499827072024,0.9331926400773227,0.5325873270630836,0.9949494833126664,0.30583753576502204,0.5634098146110773,0.6414650003425777,6.617642478211075
0.672859797719866,0.05631199851632118,0.09778695506975055,0.8325428646057844,0.611009111860767,0.6671176464296877,0.07407847256399691,0.17260953248478472,0.8975414764136076,0.32800425635650754,16.499037645176944
0.8687535533681512,0.5474773570895195,0.17554065585136414,0.7662021976429969,0.3083765865303576,0.17368963127955794,0.28117697732523084,0.04325650376267731,0.9239461761899292,0.02728675026446581,20.869128755719192
0.4039992231409997,0.1884328555315733,0.8360516242682934,0.9798579856287688,0.5354570169001818,0.43903597188182175,0.7429467649199069,0.7647868695203215,0.6250027995556593,0.9807511642575264,17.074957593429634
0.0005959393456578255,0.7551985054742545,0.7761746176984161,0.6491867492441088,0.9919500530231744,0.15392170916311443,0.7589123188517988,0.4678841740824282,0.6813876996748149,0.3880253362003714,13.526186288371601
0.5987723083235323,0.5410644477233291,0.6887253213208169,0.7197653346229345,0.8863116656430066,0.85484807821922,0.006318693980574608,0.7895115166902542,0.7871911383699626,0.08072061277925968,20.087744770197897
0.371660333359614,0.23669113777577877,0.18561145989224315,0.4210517948959023,0.18659505737014115,0.9658907533157617,0.5971842352300882,0.15113906399346888,0.08285842882469296,0.6404742556624115,10.909431526006658
0.42270341818220913,0.7857018755748868,0.05147836823016405,0.49566721403971314,0.3813199426513165,0.7794268203433603,0.8241462085861713,0.2673562995623797,0.9050385616719723,0.10866210632957518,18.9283552935339
0.12016738159582019,0.9293756000697613,0.8029829629231244,0.657826489303261,0.8737378758378327,0.1197093881200999,0.9016481388825923,0.7607001780997962,0.40396688668988645,0.354961016215384,17.356283018704673
0.14795727166347206,0.34753731498494744,0.9870845705736428,0.17266086395829916,0.0533655802719295,0.31357883126474917,0.9781939256936312,0.09824404888786376,0.21291859447956085,0.12423992343246937,9.358573489373033
0.14800004591234028,0.9077834326308221,0.02295907330699265,0.7544862716458738,0.9732223632745445,0.439222504850477,0.8260283602867275,0.4746063307393342,0.7393201861996204,0.9484009298030287,20.902156172549027
0.007352239219471812,0.692805839702487,0.17702980898320675,0.7200993583537638,0.041857863776385784,0.7780148333404213,0.9430326570291072,0.4266962695401162,0.7820794940926135,0.892573909368366,9.596713117268102
0.9092620825394988,0.8730695412959903,0.8821613399777561,0.0397906934376806,0.3157058050855994,0.07271649921312928,0.9489443979691714,0.8402989762835205,0.843740014359355,0.36092548980377614,10.994514601950586
0.7513794503174722,0.8463739333674312,0.1768203976098448,0.049723389092832804,0.2822259492240846,0.7524223551154137,0.4734727875329554,0.37053560791537166,0.49660005304031074,0.5619006482884288,13.225960743804162
0.7815613367129117,0.1709628386888653,0.3857148624956608,0.769544965820387,0.563879108754918,0.41014922549948096,0.6157608369830996,0.5046523930504918,0.24350232491269708,0.35197701933793724,14.477641765710953
0.051616003504022956,0.021241220645606518,0.48706720722839236,0.2946006334386766,0.4275920963846147,0.7977421376854181,0.666613396955654,0.5491956153418869,0.21778613375499845,0.583480762783438,4.576578034956417
0.06475565326400101,0.7287905616685748,0.6485876850783825,0.9057324547320604,0.8608508738689125,0.43931073346175253,0.6909484770148993,0.6428493938874453,0.9133256634231657,0.22870630724355578,14.499071519390185
0.25025293813087046,0.1913236400578171,0.43869410804472864,0.5516511844471097,0.09874740266241133,0.8755678352899849,0.28604475199244916,0.2389647881500423,0.9059499015565962,0.2258403457235545,7.026094319841468
0.08780808025039732,0.7495402819477022,0.1482289000414312,0.6922744095791131,0.6679127456154674,0.7802737827878445,0.4651977173052728,0.20690290117636323,0.42907117190770805,0.02265797252766788,14.627119139333214
0.7974192241672426,0.011102300137281418,0.11170721054077148,0.6376357432454824,0.17144021089188755,0.7204373579006642,0.9356394805945456,0.5228817092720419,0.3333056301344186,0.14050832600332797,11.185828621690225
0.7957148842979223,0.8211137901525944,0.8382648078259081,0.7572542305570096,0.6099681463092566,0.6980975398328155,0.8227106216363609,0.37432132894173265,0.17976089636795223,0.8532296477351338,21.646462549084195
0.5749771692790091,0.5779650241602212,0.09075301513075829,0.06742523494176567,0.5720337410457432,0.8348963016178459,0.46289538335986435,0.8760653322096914,0.268001849995926,0.9494116336572915,18.002664018646037
0.8183854673989117,0.5644539571367204,0.7715097893960774,0.7265553148463368,0.4741693530231714,0.2487478251568973,0.20826420793309808,0.012853624997660518,0.586597632849589,0.5365294660441577,22.27160280907416
0.9478376759216189,0.05741740739904344,0.28982645529322326,0.9247484421357512,0.6192057642620057,0.6963065261952579,0.18997454596683383,0.11162861785851419,0.7797010445501655,0.2273374346550554,13.44307461608572
0.9834059195127338,0.21945859864354134,0.8898349818773568,0.04549467656761408,0.261361843906343,0.8834493204485625,0.3272559598553926,0.22026822925545275,0.46316763758659363,0.13920683786273003,10.948343595842775
0.2562503507360816,0.7196379909291863,0.12285472499206662,0.8362643525470048,0.5945510030724108,0.1447285758331418,0.18258621683344245,0.6381791462190449,0.19074580469168723,0.6177589278668165,20.93214772650986
0.47475266410037875,0.36484868032857776,0.5433299583382905,0.2945934413000941,0.5971740414388478,0.8359805603977293,0.496131936321035,0.24640872050076723,0.5020552068017423,0.7807169579900801,10.449859315365407
0.42072497261688113,0.6226981081999838,0.4967602635733783,0.3804793581366539,0.6806766400113702,0.7472575965803117,0.19571731192991138,0.48615474277175963,0.23526194016449153,0.5131710981950164,14.110804409002114
0.7115069245919585,0.623728510690853,0.5510199170093983,0.563679842511192,0.17781066452153027,0.8798624931368977,0.6252472817432135,0.47465204959735274,0.33804892282932997,0.12125936080701649,16.515341038183653
0.7365561567712575,0.47948448918759823,0.5919431622605771,0.08927580807358027,0.6322329395916313,0.2695776151958853,0.5522277301643044,0.5805533332750201,0.6963881005067378,0.9365232437849045,13.182321888757658
0.5902664051391184,0.8802952757105231,0.9524848961737007,0.35466347308829427,0.31507725873962045,0.4462044215761125,0.8636937709525228,0.37591721629723907,0.8014689872507006,0.15943664289079607,19.16595530054433
0.7239933751989156,0.30717316386289895,0.9936933107674122,0.8862115619704127,0.19943180843256414,0.9501057171728462,0.4220058156643063,0.12824450572952628,0.4269876144826412,0.32303623761981726,21.638677786720667
0.8034087426494807,0.8329702401533723,0.41706986352801323,0.7390501569025218,0.33701105671934783,0.5163922265637666,0.8179141583386809,0.17488937708549201,0.01695461361669004,0.24762173579074442,18.104242036546292
0.16044699493795633,0.3437760102096945,0.2409014692530036,0.751655783271417,0.564856484066695,0.16510380362160504,0.712569588329643,0.8393600664567202,0.882624629419297,0.6603153499308974,12.969265760261397
0.8256777985952795,0.3896654655691236,0.09897969965822995,0.9613137901760638,0.6017549016978592,0.44270636863075197,0.743886815616861,0.9777687205933034,0.20910010091029108,0.10937099833972752,24.12930866313523
0.48083084798417985,0.6167251481674612,0.5884750401601195,0.6229401491582394,0.38010667776688933,0.7666756813414395,0.6685575216542929,0.46545662079006433,0.8106301636435091,0.6542078645434231,17.193135590656475
0.9302400725428015,0.9060698444955051,0.6806473722681403,0.7414836289826781,0.8922817930579185,0.8624396119266748,0.1784442006610334,0.4714937675744295,0.5660688378848135,0.3706738583277911,16.660461496856783
0.5674330049660057,0.3570988404098898,0.8203019348438829,0.9941350342705846,0.5945762398187071,0.88556636008434,0.2172571923583746,0.0321465078741312,0.14580907695926726,0.2780948905274272,20.868104205532372
0.6207815175876021,0.8060967747587711,0.4231806874740869,0.6058763635810465,0.09796177502721548,0.08807020424865186,0.9924818396102637,0.5658000295516104,0.9254085288848728,0.846923193661496,17.885550260956684
0.973094321321696,0.628242303384468,0.38695389847271144,0.816929756430909,0.11415896564722061,0.8927989164367318,0.5431550475768745,0.993101260624826,0.18175994069315493,0.5019488099496812,17.789921422468634
0.6934326279442757,0.7915820269845426,0.5389328270684928,0.8669449919834733,0.6636461983434856,0.8914555162191391,0.18002665974199772,0.07652622601017356,0.9002754641696811,0.19927595788612962,23.826350644563718
0.4996216888539493,0.7940093998331577,0.6249288006220013,0.030955852009356022,0.6838764816056937,0.5683163565117866,0.7619334382470697,0.3781689880415797,0.6183733001817018,0.31611187220551074,12.530759554679394
0.014049328863620758,0.6564203898888081,0.9329988588578999,0.8437921192962676,0.5547946554142982,0.6403234910685569,0.027728769229725003,0.3669618230778724,0.7055708353873342,0.6257187272422016,14.520723653956194
0.9080334918107837,0.4574275768827647,0.9086041776463389,0.07016335777007043,0.7341206546407193,0.7951583170797676,0.9230504506267607,0.05269442917779088,0.06549247447401285,0.22411337587982416,16.808740439076058
0.806856889044866,0.0620014111045748,0.8454312013927847,0.11704074055887759,0.4465048364363611,0.6610166803002357,0.9704347404185683,0.6452123068738729,0.8281270752195269,0.7043570466339588,6.681336781363468
0.4117273741867393,0.5674408886115998,0.7283276757225394,0.49273995868861675,0.47796879312954843,0.26338184950873256,0.4156687695067376,0.4573693193960935,0.6644901563413441,0.7693545240908861,12.390266459050812
0.11924789659678936,0.7287341344635934,0.8127632029354572,0.09730280726216733,0.4411232902202755,0.5548610894475132,0.4802992541808635,0.8568757809698582,0.9601567508652806,0.9228677097707987,6.476241267865236
0.2767957504838705,0.5697088278830051,0.11021165293641388,0.3045530063100159,0.6150651511270553,0.07455172808840871,0.9210165138356388,0.27574411826208234,0.6654060834553093,0.7584019964560866,13.929581803571095
0.5908322134055197,0.2818200665060431,0.02374514052644372,0.17658324516378343,0.2285279317293316,0.14769481448456645,0.10957009857520461,0.2245254071895033,0.7621745641808957,0.5367096757981926,12.961008584190859
0.3674149066209793,0.1541757753584534,0.8804011018946767,0.05936777591705322,0.6860997402109206,0.5159680303186178,0.18055999744683504,0.8548524060752243,0.36860594036988914,0.07878936920315027,10.02329318624327
0.6407084090169519,0.8931732748169452,0.5368146286346018,0.43638730444945395,0.6324678130913526,0.40433974959887564,0.6946310044731945,0.2730879313312471,0.09523756895214319,0.6340790989343077,17.99819126580441
0.5272186608053744,0.5618410720489919,0.43806601222604513,0.4189678083639592,0.7819757910910994,0.8900290795136243,0.5601015298161656,0.3404316189698875,0.1704789362847805,0.23881074273958802,14.787700492685518
0.08152634464204311,0.837877401849255,0.04643366183154285,0.2504722736775875,0.3874064008705318,0.36278767697513103,0.5691632709931582,0.6712061297148466,0.37931469501927495,0.2034193747676909,10.575997939764568
