x0,x1,x2,x3,x4,y
0.39960279944352806,0.5442430539987981,0.861581374425441,0.5268318878952414,0.03283508005551994,15.159899479858675
0.6574457043316215,0.962982710916549,0.70153191476129,0.9109163279645145,0.5688339015468955,22.0083378077743
0.9856761165428907,0.9888911200687289,0.462566158734262,0.3807936229277402,0.8830447823274881,9.287350822214687
0.18524661054834723,0.7171435614582151,0.28874996257945895,0.35640302090905607,0.9866087585687637,12.59226626260023
0.5976077972445637,0.12535155494697392,0.4879477338399738,0.33439634763635695,0.100795989157632,4.86112552830983
0.6640422132331878,0.27344551286660135,0.596113430801779,0.03888474660925567,0.5594143841881305,7.515666384835438
0.084289571037516,0.06936384038999677,0.24281476414762437,0.8028664235025644,0.9530085162259638,14.128386138561499
0.4335388937033713,0.8145460986997932,0.026192681863904,0.4301390608306974,0.8057256545871496,21.851221172761765
0.6188647465314716,0.4952019404154271,0.8279068400152028,0.20019011409021914,0.8842791833449155,16.373231824062866
0.8901692884974182,0.42654724325984716,0.7164053018204868,0.29979415889829397,0.9186859019100666,17.639328122181155
0.937225786736235,0.43768255691975355,0.5994259787257761,0.08303047879599035,0.01788342767395079,8.550855705403858
0.8560376951936632,0.7311890451237559,0.6790342421736568,0.21302087721414864,0.07417226349934936,11.85087107367077
0.6259602603968233,0.6991347193252295,0.4475604856852442,0.7357471052091569,0.37372797168791294,18.99866780936233
0.6640328448265791,0.679798630066216,0.45294621982611716,0.2010036022402346,0.6421109216753393,15.15146489782901
0.5748116506729275,0.2775108125060797,0.7017156514339149,0.8859569032210857,0.4120123195461929,15.371683346180157
0.3285317411646247,0.8562659691087902,0.07728052441962063,0.2690475396811962,0.5434318112675101,16.146769388129016
0.33538787066936493,0.39654139964841306,0.842470726929605,0.26156102144159377,0.7510045024100691,12.474953134358538
0.06458221841603518,0.4210535625461489,0.18902217946015298,0.4717668660450727,0.11187182646244764,9.880334048880949
0.5736657634843141,0.3581891942303628,0.90291887964122,0.41806913702748716,0.7138367965817451,14.985414581545488
0.3268806920386851,0.2034851647913456,0.718358013080433,0.2718722380232066,0.9087833256926388,10.159394584896598
0.8246587021276355,0.5017612082883716,0.6410605339333415,0.9338654431048781,0.21643618936650455,16.8003728406737
0.07960168668068945,0.9788884441368282,0.208772961050272,0.15919044497422874,0.3279130912851542,6.399728292646883
0.5846927016973495,0.2510639182291925,0.4631263029295951,0.9028158427681774,0.4047036902047694,14.253937437558498
0.6880762970540673,0.20514805032871664,0.29736086819320917,0.26156014297157526,0.8996201993431896,12.45444295847237
0.26528581883758307,0.7425061312969774,0.3642549701035023,0.2654958344064653,0.46147791505791247,11.997184632918405
0.4812014983035624,0.21132274088449776,0.40385037707164884,0.8222131957300007,0.2577024584170431,12.673216333208957
0.3203589383047074,0.3490423902403563,0.2247384274378419,0.2623958692420274,0.8527788480278105,12.195722327292364
0.8683255582582206,0.8706926906015724,0.20652908249758184,0.7665232887957245,0.5519410397391766,19.584424368761784
0.012799183605238795,0.780159717425704,0.08492613187991083,0.21844274876639247,0.35479324124753475,7.635148042548235
0.5938316548708826,0.6432529136072844,0.5052395530510694,0.23656214633956552,0.16605488467030227,13.579013607905013
0.0725711255799979,0.13935577822849154,0.8119603840168566,0.0959953130222857,0.4398766241502017,6.463409764623299
0.11198189156129956,0.4851881272625178,0.7561947833746672,0.1437348376493901,0.3883979821112007,5.722190588356237
0.9760743740480393,0.9035015762783587,0.3901368665974587,0.4355461790692061,0.5717644633259624,10.632948862469961
0.09972756681963801,0.27481519849970937,0.6924853157252073,0.2496773113962263,0.004914125427603722,3.244083879598341
0.22794430749490857,0.8636627029627562,0.8133807380218059,0.17037475435063243,0.16737026814371347,11.861132736343267
0.5965633760206401,0.9054616077337414,0.5136730016674846,0.7390726413577795,0.09959718608297408,16.207300203428066
0.4545456210616976,0.9259018760640174,0.5516966849099845,0.9528177385218441,0.9389306965749711,23.02817995503242
0.2537905992940068,0.8290108109358698,0.5431041470728815,0.9618034260347486,0.17260015849024057,15.955868491355178
0.052048277109861374,0.9209113062825054,0.375741227529943,0.3076093120034784,0.9889872416388243,9.182157117075212
0.7327695437707007,0.3527598278596997,0.31995158339850605,0.7080292224418372,0.592690743971616,16.18352006659535
0.4065881611313671,0.7126613447908312,0.17772382800467312,0.8178102937527001,0.9889656938612461,21.303276242210845
0.2788851037621498,0.7835518955253065,0.4366104362998158,0.48780723800882697,0.6124261545483023,13.180736185528806
0.8646742969285697,0.0842995576094836,0.1295147209893912,0.8934394009411335,0.8205403254833072,17.868096923143273
0.5132135746534914,0.3239956572651863,0.6931211573537439,0.2729332537855953,0.02113995747640729,8.51339337052125
0.7379854856990278,0.8846886006649584,0.30803182744421065,0.49420404876582325,0.9435357614420354,18.704796864074275
0.687155416700989,0.18778202286921442,0.8228226015344262,0.7019374622032046,0.894406667444855,17.804496811461334
0.04662628751248121,0.8413056819699705,0.8465477996505797,0.7927629605401307,0.4589570858515799,13.889953288385163
0.7861411331687123,0.8666658431757241,0.007806026376783848,0.6069766243454069,0.8144532639998943,25.38554341242078
0.9558350995648652,0.11076304945163429,0.39064079499803483,0.4074221374467015,0.20419300976209342,8.099255198928693
0.5295003838837147,0.8053354090079665,0.462863162625581,0.17554972227662802,0.2658975028898567,12.062526878867889
0.7168988245539367,0.37669243873097,0.32939701550640166,0.8918836694210768,0.1320438445545733,16.15595150640286
0.802676890976727,0.8205356986727566,0.5693839199375361,0.8147752967197448,0.5006976325530559,22.026383399593975
0.660308999940753,0.42494837124831975,0.24723421060480177,0.12744716461747885,0.5253199869766831,12.7481627135852
0.7584442901425064,0.9300239158328623,0.06633510021492839,0.10473674372769892,0.2805304075591266,13.60921496894569
0.02782410685904324,0.4495930632110685,0.40692435507662594,0.9521569919306785,0.5038899164646864,12.829758357204787
0.8083661864511669,0.9295964292250574,0.7066249123308808,0.27777166245505214,0.23460428952239454,11.084988482796126
0.5492873592302203,0.24962719110772014,0.5028381310403347,0.033134145895019174,0.5704568605870008,8.117612278579406
0.49510479997843504,0.6934569589793682,0.7515699099749327,0.6938350778073072,0.7354736698325723,20.569726664981577
0.8360487690661103,0.24586278479546309,0.26181516610085964,0.5665047760121524,0.03606075164861977,14.5673330287355
0.86992695229128,0.08032397786155343,0.7239221266936511,0.8136842679232359,0.6233082027174532,16.47906389830378
0.8700591088272631,0.582105407724157,0.36199719784781337,0.5922149789985269,0.3248188092838973,18.46840158173697
0.08885252405889332,0.31651116092689335,0.18346743052825332,0.19745153724215925,0.4428336685523391,7.3793211355696124
0.6315692423377186,0.09087943565100431,0.087376062059775,0.31669034203514457,0.28242794424295425,8.433846663387062
0.5302265260834247,0.8880931432358921,0.5491060917265713,0.019693152513355017,0.985872735735029,15.409379477944663
0.19187952484935522,0.23451920808292925,0.4360755868256092,0.23377016582526267,0.03214756376110017,4.2654924366328295
0.9021193620283157,0.935032076202333,0.1091300209518522,0.01858272193931043,0.14747174130752683,9.908737408311529
0.8307053176686168,0.8584878959227353,0.8396217594854534,0.05151651939377189,0.5865992791950703,11.094139717544644
0.8588787824846804,0.44685814529657364,0.7234432990662754,0.6129356804303825,0.34171990025788546,18.04125423304802
0.9147928711026907,0.8015873902477324,0.8358133358415216,0.8636698084883392,0.552097033476457,22.015200470721794
0.1621721745468676,0.008414405165240169,0.9004360970575362,0.7101568887010217,0.33893726533278823,12.004476101126347
0.11233081924729049,0.7895918297581375,0.27852118923328817,0.6875438678544015,0.594595527742058,13.882180195581627
0.6073340838775039,0.5632391718681902,0.45793240633793175,0.3449285465758294,0.21218872256577015,13.027831462849113
0.4693037820979953,0.5769333597272635,0.004858942935243249,0.40884976577945054,0.7356123952195048,19.43742344894655
0.45373510499484837,0.19484167220070958,0.4973271298222244,0.9264786669518799,0.3826801690738648,13.115604968857884
0.44470230699516833,0.9331652752589434,0.3968733607325703,0.33034163410775363,0.3401578611228615,14.51777901878551
0.7706187246367335,0.9479927879292518,0.9704732925165445,0.0772538180463016,0.15056539746001363,12.518280619928797
0.3025787884835154,0.8396107298322022,0.6611206042580307,0.20420627831481397,0.696997260209173,13.377626675166166
0.2223489845637232,0.45628234441392124,0.9356838534586132,0.8033766532316804,0.6434582700021565,17.28883464766272
0.6245769206434488,0.9688590706791729,0.6555931200273335,0.1615108852274716,0.893740207189694,16.757069003279636
0.5790557409636676,0.3320758962072432,0.568585793254897,0.12759575340896845,0.33515561814419925,9.72226594614281
0.7355957215186208,0.2514100961852819,0.9877245421521366,0.8319393002893776,0.7584862131625414,21.131621616048
0.8690673972014338,0.8495937313418835,0.33388918940909207,0.4588838005438447,0.10562817519530654,13.79002562538163
0.6784632541239262,0.3532891080249101,0.9478707246016711,0.29381185001693666,0.8798339464701712,18.074631096101584
0.44646104029379785,0.20108355581760406,0.741462578298524,0.7590377281885594,0.9545473647303879,16.663158365240708
0.4016067998018116,0.018037945963442326,0.6799451767001301,0.22904897294938564,0.3903752565383911,7.7579399058896605
0.31045756326057017,0.41750191571190953,0.2902471972629428,0.5342863474506885,0.07465019775554538,13.031593064203934
0.07028297451324761,0.5144120389595628,0.9152086733374745,0.6169372608419508,0.6226733594667166,12.794424132235243
0.12147566070780158,0.4806847113650292,0.06784114660695195,0.7325485886540264,0.14843260473571718,13.399828176807928
0.5431082018185407,0.31348052620887756,0.8427652046084404,0.19607418728992343,0.1397501619067043,9.979278499038829
0.7622590234968811,0.25778503669425845,0.6360240366775542,0.6101775872521102,0.6691145456861705,14.764844907038956
0.12046349281445146,0.7498648376204073,0.9494182392954826,0.041208073031157255,0.14236915670335293,6.102634503736084
0.6477059612516314,0.5108933453448117,0.7245338822249323,0.07180538470856845,0.4242743931245059,12.274365204131822
0.41909972857683897,0.3748654469382018,0.9078883833717555,0.7607305920682847,0.5071401782333851,17.452156459945666
0.5263302882667631,0.959397577913478,0.9558117960114032,0.9934031572192907,0.7325496098492295,27.50326896997572
0.32963976822793484,0.7100890721194446,0.5836857876274735,0.6817245362326503,0.17757930140942335,13.954162461397194
0.20717420242726803,0.721713452367112,0.31904895254410803,0.07216643029823899,0.6557958957273513,9.09790657060564
0.28060753899626434,0.7131488507147878,0.8800936276093125,0.9808611057233065,0.07753855944611132,18.55606202281311
0.6594767256174237,0.9071944793686271,0.524102034047246,0.05544533068314195,0.7814624663442373,12.793536842719863
0.19834517454728484,0.4038816303946078,0.11559911188669503,0.9915791787207127,0.7208940333221108,18.70641073323324
0.9826887731906027,0.5999122981447726,0.056039280258119106,0.4058898843359202,0.2376641659066081,18.34873662019714
0.3421923771966249,0.9925934388302267,0.6624952682759613,0.314514632569626,0.6046168494503945,13.910482060862476
0.7897065044380724,0.7911956950556487,0.40947899385355413,0.12993595586158335,0.9998001893982291,14.464989148617468
0.9136585923843086,0.8316473281010985,0.8630080111324787,0.39993575285188854,0.12525809626094997,15.137125296427074
0.2721460198517889,0.847392653580755,0.23517528804950416,0.2912700790911913,0.8310836348682642,16.506911967597787
0.17241143994033337,0.17523540020920336,0.9480975577607751,0.5574314929544926,0.9554293032269925,15.056102506824315
0.09681007754988968,0.34293705108575523,0.23649954330176115,0.8374322205781937,0.47956172632984817,12.39661261803366
0.698136463528499,0.2945209708996117,0.1651397270616144,0.4598645393270999,0.3090768810361624,13.338920697075741
0.6078067875932902,0.3633996257558465,0.7837484595365822,0.8848943221382797,0.5152236262802035,19.58980293871772
0.780192578677088,0.3527468352112919,0.1721265355590731,0.12900624494068325,0.915757843060419,13.943654081360826
0.9554392248392105,0.6662844168022275,0.9361316987778991,0.2454888322390616,0.743901347508654,18.655868852188753
0.4792567058466375,0.006679316749796271,0.74340326548554,0.5535500419791788,0.24021635577082634,7.998428112806563
0.06645878800190985,0.7914327608887106,0.7697455165907741,0.2834704758133739,0.6338466804008931,8.790157549277787
0.2500409462954849,0.17370654991827905,0.5238146125338972,0.24008334265090525,0.006103250198066235,3.885867548119923
0.011443581897765398,0.7021930795162916,0.6322662888560444,0.20707704895175993,0.7368065856862813,6.775952485224833
0.44425207609310746,0.5827544506173581,0.18966713990084827,0.05901384144090116,0.44303040113300085,13.346229715729976
0.5141163030639291,0.3604726230259985,0.2928182673640549,0.9362885947339237,0.680211084894836,20.06550495223841
0.31318126199766994,0.07382145896553993,0.576703182188794,0.1802125300746411,0.12140188878402114,3.9441342743963115
0.027698318473994732,0.08281653607264161,0.8657341476064175,0.7301489745732397,0.852051820140332,13.681884713579276
0.875084867933765,0.31859047641046345,0.42293553007766604,0.9379330836236477,0.8086560384836048,20.20428915435081
0.15245941444300115,0.6551436672452837,0.2357656096573919,0.2943829009309411,0.7787483260035515,11.612319846823025
0.8959530990105122,0.13973343884572387,0.4559867982752621,0.5300113691482693,0.9452421492896974,12.919708520913336
0.018382918322458863,0.31662113941274583,0.038426045095548034,0.9401513321790844,0.7308593858033419,15.15221858883972
0.931735654361546,0.01608728989958763,0.41033783298917115,0.35859986091963947,0.8960692754480988,7.078778250931817
0.3681155163794756,0.5087139022070915,0.5065233914647251,0.35473111970350146,0.8649352982174605,13.571293234841129
0.1879544930998236,0.4412446531932801,0.7992289890535176,0.010531680192798376,0.20004284381866455,5.51833853215113
0.14024991123005748,0.10387681843712926,0.456059213494882,0.30781766399741173,0.27175049087964,3.284011787158593
0.116592968814075,0.7077642255462706,0.5905504296533763,0.8019833934959024,0.7915283546317369,16.842054013431394
0.8612455129623413,0.2815001546405256,0.5056924025993794,0.9689891675952822,0.21843942836858332,19.161392424615286
0.3001860626973212,0.2076655908022076,0.821174493059516,0.7897462986875325,0.37380010494962335,12.38829615226388
0.29162034136243165,0.6492089699022472,0.4136792637873441,0.9980093932244927,0.3871697625145316,17.9943732287819
0.756353969220072,0.2580837185960263,0.5252165710553527,0.5259672126267105,0.23327572434209287,11.093281433590004
0.19923182390630245,0.645301547832787,0.22344133560545743,0.48878737655468285,0.6146536322776228,13.84587097622352
0.622903564479202,0.729610645910725,0.998716454487294,0.3589912748429924,0.8197592322248966,21.802391405913585
0.8435137358028442,0.9991564890369773,0.2526855890173465,0.879872833378613,0.007984222611412406,15.828107944045755
0.8326392821036279,0.6736525753512979,0.39873919542878866,0.269381336402148,0.6743623896036297,16.372813290637392
0.3990643376018852,0.9422397206071764,0.40280911698937416,0.9207607815042138,0.42636634805239737,21.483037348697746
0.6668880553916097,0.6799125438556075,0.12335416907444596,0.3135276313405484,0.5267450734972954,17.62258898609484
0.14836076647043228,0.3525145559106022,0.5265732395928353,0.1729477378539741,0.4143338925205171,7.001599776789968
0.027551104314625263,0.2774401600472629,0.40596183435991406,0.9528466917108744,0.41309922747313976,11.743558114722813
0.16633627144619823,0.8075414132326841,0.9193411299493164,0.24027164070867002,0.9738955730572343,14.787118699616299
0.22653058473952115,0.4209163021296263,0.3823851584456861,0.005333388457074761,0.1523064139764756,4.880874483897294
0.3542751071508974,0.4263983052223921,0.7058886608574539,0.23359367134980857,0.5989386532455683,11.1361838675982
0.9544006711803377,0.5253710050601512,0.3110806692857295,0.609191479627043,0.9467090554535389,23.113095454547476
0.20817648293450475,0.09209005394950509,0.7789951863233,0.6626153183169663,0.1482132391538471,9.528452705449169
0.0192049250472337,0.9440277947578579,0.3972776641603559,0.5746927785221487,0.8751483133528382,10.932142037249552
0.8136082151904702,0.8515410537365824,0.7644378608092666,0.8412343973759562,0.9794829012826085,22.077937778291965
0.2940146366599947,0.19460186874493957,0.6415674309246242,0.3290184868965298,0.5208619474433362,7.603149418460893
0.06283823610283434,0.9917220375500619,0.6984267372172326,0.7996742695104331,0.9376130166929215,15.396000180531335
0.42759781843051314,0.6405059264507145,0.4288335454184562,0.6779539976269007,0.3528039171360433,17.541058030109532
0.43400135496631265,0.39720376254990697,0.9151888352353126,0.3728430620394647,0.6221962224226445,14.102147416312478
0.9681185057852417,0.4005889454856515,0.6285620608832687,0.2548576865810901,0.3456891474779695,13.38515844108839
0.39162379456683993,0.3031498300842941,0.3094288962893188,0.8034634154755622,0.570885561639443,16.056234741185115
0.0653250275645405,0.3884882975835353,0.9262405191548169,0.5850022102240473,0.36290349578484893,12.666206257442187
0.3269088959787041,0.685517038218677,0.7128726129885763,0.2627520742826164,0.22097596200183034,10.121371598801463
0.5877688557375222,0.3799869907088578,0.7701108986511827,0.36671361746266484,0.5455801680218428,15.9858260004661
0.33025792776606977,0.10539439972490072,0.4108982365578413,0.3946896051056683,0.21826452063396573,5.283574529367317
0.6072070400696248,0.34668773994781077,0.7266838261857629,0.6053631631657481,0.9283448688220233,17.48457730854034
0.47462827945128083,0.38680349779315293,0.19847234478220344,0.07178617059253156,0.5026024905964732,10.262614785697654
0.174450101563707,0.9339691607747227,0.6873390895780176,0.4641570025123656,0.9488276818301529,14.665365837779813
0.5352800826076418,0.15208840230479836,0.13724796706810594,0.4230085723102093,0.43091033794917166,11.127056061417363
0.6812738261651248,0.2562449467368424,0.28951005078852177,0.5891209889668971,0.664513785392046,16.589157749897243
0.24784625484608114,0.6214214446954429,0.6603017952293158,0.45818401291035116,0.4493476243223995,11.388614196640399
0.8694065737072378,0.9959881990216672,0.23754271306097507,0.013123385841026902,0.009736703243106604,5.603809365433314
0.5465485297609121,0.4408413248602301,0.2113793883472681,0.7908481983467937,0.8076526063960046,21.535117573760154
0.7619628466200083,0.25946801295503974,0.13348776125349104,0.29511260567232966,0.21767708496190608,11.84356916418246
0.6669960368890315,0.33896983694285154,0.12062352150678635,0.5114362819585949,0.3370935192797333,15.458281071025256
0.21144965547136962,0.41202918626368046,0.44403354125097394,0.553957805968821,0.2431983349379152,8.553969167686006
0.936020378023386,0.7134376969188452,0.23009365471079946,0.3038572685327381,0.4498150327708572,15.37424196016585
0.41696921829134226,0.5810273454990238,0.07407839992083609,0.6430228357203305,0.23061128985136747,18.43411244976348
0.08910423587076366,0.07342490507289767,0.7493084794841707,0.8483272697776556,0.06805606326088309,9.04815415753901
0.06856149039231241,0.1455543115735054,0.3424411229789257,0.4462352730333805,0.3955626527313143,6.192897747202206
0.012911627069115639,0.8703284496441483,0.32928261742927134,0.6973392458166927,0.7161127596627921,14.495371883700152
0.7690044317860156,0.6117065653670579,0.47468229848891497,0.07736121211200953,0.4278766242787242,13.5645800626822
0.4498735489323735,0.011339340591803193,0.3235456864349544,0.016284340992569923,0.6822710323613137,4.053463917250441
0.8382455566897988,0.09855036530643702,0.9897092878818512,0.8112563404720277,0.7437989471945912,20.53357518040398
0.0054163995664566755,0.4006474851630628,0.6283180201426148,0.6023358029779047,0.9015143520664424,11.32823111312858
0.04180112690664828,0.11752323200926185,0.9205227342899889,0.7492229475174099,0.3266365125309676,12.246606035169158
0.26299246097914875,0.5557384262792766,0.10663434932939708,0.4889552048407495,0.38256581174209714,15.399963228420166
0.14559525111690164,0.578402426559478,0.8045416728127748,0.07004553289152682,0.513145943172276,7.046598975677422
0.49914563866332173,0.3348313763272017,0.7458587824366987,0.8835869254544377,0.575920122442767,16.868616602003687
0.7646571598015726,0.524018271593377,0.6689991427119821,0.05353011633269489,0.29150612698867917,12.47098282650014
0.5371659058146179,0.7976588744204491,0.9062685000244528,0.09518363885581493,0.8445124458521605,18.205300644680303
0.8748540435917675,0.5097477398812771,0.5511817219667137,0.2864196493756026,0.9473005325999111,17.891626904259365
0.4864795634057373,0.33343866327777505,0.5554424144793302,0.4496734368149191,0.4073475112672895,13.002486191511764
0.5098635549657047,0.9038753369823098,0.1814947547391057,0.8705624409485608,0.5908117517828941,22.11572266665508
0.6943853008560836,0.7216625018045306,0.15253771911375225,0.6047056852839887,0.3648217273876071,19.12382326927063
0.3540614654775709,0.8579843430779874,0.2983253072015941,0.9193211565725505,0.6825267937965691,20.810925012316133
0.36437970702536404,0.27607672521844506,0.6967947450466454,0.0968304758425802,0.8885542936623096,9.523891813680304
0.8205508003011346,0.29081085114739835,0.2856688015162945,0.8009585859254003,0.5092304861173034,18.39603290900739
0.09921204508282244,0.07721736677922308,0.029939667554572225,0.6326733906753361,0.2437547363806516,12.365856519290404
0.13179028849117458,0.2597470476757735,0.18302402854897082,0.46013177814893425,0.9213392706587911,13.053095880452943
0.3362806970253587,0.30856161867268384,0.9016624114010483,0.865069800755009,0.9544149464927614,18.695136242273318
0.2528307302854955,0.415351998526603,0.20501580904237926,0.9696488420013338,0.3989613330923021,16.60314849889474
0.12344495533034205,0.4564612072426826,0.16131466859951615,0.4485472082160413,0.577602754579857,10.12218186033538
0.845915004145354,0.4978378794621676,0.643175340956077,0.8878675461746752,0.06389704416505992,19.63917355394197
0.82493537501432,0.2524278163909912,0.032343352446332574,0.6481280091684312,0.4475434662308544,21.376509464388427
0.06020319415256381,0.18710304307751358,0.7318661785684526,0.371853711316362,0.43240488949231803,6.75829114635029
0.4725040236953646,0.907844060100615,0.8748542962130159,0.10751129663549364,0.8114013588055968,18.419399342778046
0.3334934818558395,0.5675868634134531,0.3131236801855266,0.39681116840802133,0.11147996853105724,11.810320118772538
0.8173982861917466,0.8708249158225954,0.09062255499884486,0.9412462576292455,0.11503844754770398,20.417041695154282
0.13045252277515829,0.7600722617935389,0.2936414077412337,0.018542278790846467,0.07407532096840441,2.2751891916211964
0.45797482202760875,0.13269133889116347,0.2613944357726723,0.815944841131568,0.29335393756628036,13.023722356966314
0.6220015329308808,0.2754536184947938,0.3822529755998403,0.15194837120361626,0.31607709056697786,7.0824890460502825
0.6955871090758592,0.9696636879816651,0.8079509176313877,0.7575100732501596,0.6814395987894386,21.29952289110161
0.3740498749539256,0.15037694084458053,0.17637059418484569,0.23732808069325984,0.3626806989777833,8.336935374879593
0.7276127259247005,0.8457550762686878,0.16350842057727277,0.5500399202574044,0.1282928972505033,17.533973237486258
0.8022211799398065,0.1868018617387861,0.5212407556828111,0.20870951632969081,0.0797650448512286,7.824040542917277
0.8880649914499372,0.8230829387903214,0.9087479033041745,0.3864728242624551,0.1275424095802009,16.348524185645978
0.15375000378116965,0.11419781460426748,0.311912550823763,0.690062815323472,0.6799127745907754,11.091370496156333
0.48588536959141493,0.19844935415312648,0.8116596669424325,0.9499756942968816,0.6507299127988517,16.914550532909225
0.13963296334259212,0.2311203326098621,0.6105368400458246,0.4219046838115901,0.786000071791932,8.715893222821546
0.944234533701092,0.3202028276864439,0.1965049437712878,0.7773800520226359,0.8382796454243362,21.568519122585045
0.6747804877813905,0.888442168245092,0.8782933459151536,0.8940605418756604,0.8664330861065537,25.43792777861399
0.9336731440853328,0.023687721230089664,0.02797483978793025,0.07877432904206216,0.6098610595799983,10.457452721545415
0.5810772946570069,0.43408642965368927,0.39270787476561964,0.3885713869240135,0.21709861350245774,13.289392181030806
0.809787024743855,0.13859781553037465,0.8738591261208057,0.3369347050320357,0.9314673950430006,14.459779669252816
0.4076920037623495,0.6772722825407982,0.39279868570156395,0.22402936685830355,0.5752689484506845,12.497368233387435
0.5057242014445364,0.12410498107783496,0.6060297635849565,0.48797148745507,0.4883962671738118,9.96831705375376
0.413478777743876,0.15528803248889744,0.8340366373304278,0.6974344998598099,0.5012768625747412,14.514651227878243
0.6482076412066817,0.9564036054071039,0.9498060485348105,0.19136970629915595,0.6305199966300279,18.585823036142994
0.004480009665712714,0.7263817037455738,0.2616948871873319,0.8400391051545739,0.4946336199063808,12.00832814310607
0.15693746297620237,0.2593449717387557,0.9911008148919791,0.928941885009408,0.6326189392711967,18.1088710263875
0.8055799920111895,0.7739028120413423,0.8642133504617959,0.9910387494601309,0.0938276497181505,23.490040726586855
0.09188637975603342,0.7403935350012034,0.1743544745258987,0.6134895822033286,0.7535216344986111,16.133934713575695
0.09529470605775714,0.42224379698745906,0.7872703289613128,0.4328325556125492,0.31218130700290203,8.653879924004645
0.25239702803082764,0.188537159236148,0.6315520235802978,0.7824216433800757,0.4868910133372992,10.461243954015643
0.4827624170575291,0.1201129995752126,0.2697863739449531,0.3239575030747801,0.8831560697872192,9.605527627766621
0.519348138011992,0.9298656585160643,0.8154528457671404,0.4340424621477723,0.41521605057641864,19.577496552353384
0.6325701102614403,0.9783183487597853,0.8573419142048806,0.6076033564750105,0.0822577381040901,18.2996350770323
0.9409556156024337,0.8391404075082392,0.5455650703515857,0.6792152486741543,0.5758515356574208,15.058203629563174
0.02425268176011741,0.08235835121013224,0.2752691712230444,0.3615982823539525,0.2113769354764372,6.202685394497079
0.8059358322061598,0.6290781733114272,0.20375593821518123,0.38753986032679677,0.7693169852718711,19.146326872318557
0.7016728394664824,0.6560733974911273,0.28958989726379514,0.8651736043393612,0.22209496865980327,20.56964211729131
0.0636856013443321,0.03831732110120356,0.07988132210448384,0.9686089274473488,0.5628628563135862,15.798474695478436
0.3838729083072394,0.2478042570874095,0.7725638961419463,0.16978637012653053,0.09512230311520398,6.624112066202639
0.049287675181403756,0.8543394170701504,0.03837339184246957,0.2530158660374582,0.9099230680149049,11.231745045571445
0.6474075485020876,0.37852929695509374,0.09348248550668359,0.10974382027052343,0.36829413240775466,13.726877406023853
0.825122524285689,0.036966877058148384,0.16784126008860767,0.017563818488270044,0.15196382231079042,3.784222917664522
0.6141568615566939,0.6366711291484535,0.8164037766400725,0.7040000536944717,0.38398364814929664,20.733354406567592
0.6191203857306391,0.37000694312155247,0.48413689085282385,0.28303508390672505,0.16427479754202068,10.213918241620862
0.9265208353754133,0.40644527692347765,0.2910205516964197,0.7615886521525681,0.6669333791360259,21.32984063290774
0.4550066087394953,0.6967091509141028,0.4148094013798982,0.004317557439208031,0.0759809659793973,7.9548056384342924
0.20787130040116608,0.2653734227642417,0.8741798796691,0.8226387132890522,0.5141410520300269,15.177983943157567
0.18029032135382295,0.18926056497730315,0.4593818550929427,0.8916479616891593,0.6622447196859866,11.372282329173805
0.27194051444530487,0.8522331069689244,0.005242028972133994,0.6504494727123529,0.5152046657167375,19.68268463842981
0.19206175836734474,0.6977041130885482,0.9886294011957943,0.45850509009324014,0.3819937373045832,15.564998154133047
0.6077518104575574,0.73742680484429,0.5184553905855864,0.3623664756305516,0.02391423936933279,13.56691197969084
0.9760638957377523,0.05408959276974201,0.29961076262407005,0.5821287839207798,0.24009856395423412,9.057799236002888
0.3185914105270058,0.20152563764713705,0.9656377173960209,0.2102766470052302,0.7358398400247097,11.226412663987404
0.6258983775041997,0.7088066409341991,0.8496612245216966,0.8659714262466878,0.5980837603565305,24.108741459409472
0.5962088573724031,0.4503327535931021,0.9861837264616042,0.8304600187111646,0.42712686746381223,22.211983133317975
0.3685647689271718,0.7576960797887295,0.04986406839452684,0.2132764714770019,0.9881555975880474,17.561041764885314
0.4408096366096288,0.9235454048030078,0.2616169226821512,0.2979181897826493,0.028092950815334916,15.25927171328885
0.9981832366902381,0.9478646272327751,0.21299714967608452,0.7260695237200707,0.7011961494572461,13.391055620891931
0.8920364810619503,0.31034256401471794,0.3095681306440383,0.013322999933734536,0.14301483402960002,6.786227815964221
0.3067150991410017,0.9578644861467183,0.9894398872274905,0.4413295891135931,0.7525909631513059,22.228508328841116
0.1884710902813822,0.8297210964374244,0.7083993554115295,0.43377011572010815,0.14732645242474973,8.761646476779147
0.43434089329093695,0.7109470600262284,0.8305059331469238,0.6280357802752405,0.5433238008990884,18.197993099277774
0.41422327631153166,0.08799431566148996,0.48470537876710296,0.9333908369299024,0.5425264053046703,13.858282094079554
0.5831817626021802,0.1218908482696861,0.27395399915985763,0.1237968762870878,0.9337906551081687,9.577636670886523
0.9695495613850653,0.10611669323407114,0.5545698727946728,0.02731172158382833,0.4494721731171012,5.7091344029120945
0.21070712921209633,0.2749347649514675,0.14346689055673778,0.42902535502798855,0.05825072503648698,9.421494850340665
0.8204524470493197,0.016230391804128885,0.14656642684713006,0.5777419744990766,0.5693396974820644,11.34883687976702
0.04134009056724608,0.6560724147129804,0.2706228808965534,0.28186473716050386,0.15720638120546937,5.985635840463067
0.05120684579014778,0.26531161251477897,0.008720076875761151,0.7067302786745131,0.0803164558019489,12.942015045468038
0.875847248127684,0.35489631607197225,0.6634337897412479,0.2962233128491789,0.48838433460332453,13.3403660525519
0.39724812214262784,0.3476853840984404,0.6634788638912141,0.5396132585592568,0.22150559443980455,10.338685533083087
0.8545868401415646,0.511832358315587,0.40584292938001454,0.15404080762527883,0.38092781766317785,12.874390995953481
0.2287275476846844,0.5964053734205663,0.7305623274296522,0.8120731299277395,0.04428563732653856,16.7475871847646
0.10938461124897003,0.8026381209492683,0.20023973449133337,0.7453662888146937,0.35079216375015676,15.64736591686116
0.980634945910424,0.7802272378467023,0.036770163336768746,0.8684121682308614,0.4528205185197294,22.72004676849234
0.6217656712979078,0.15952609153464437,0.5747419418767095,0.10785605269484222,0.7796879515517503,8.851286700601843
0.9181926650926471,0.20361454831436276,0.3170438886154443,0.055716366274282336,0.9315761255566031,11.656288840046289
0.9994075128342956,0.5070218585897237,0.07719849143177271,0.8206452548038214,0.19605966354720294,22.69784380873862
0.837822045898065,0.4350646969396621,0.9917840871494263,0.47334852791391313,0.9775090294424444,23.274104522399536
0.34876491222530603,0.16213649534620345,0.5788806572090834,0.9199130041524768,0.9143560146912932,14.768905571622657
0.12227038736455142,0.7414969878736883,0.34720212244428694,0.8037848605308682,0.30610658833757043,13.942127734740952
0.648654870223254,0.1826269868761301,0.9443278471007943,0.15246531483717263,0.9688549090642482,12.97888161675403
0.37477956456132233,0.06192875653505325,0.5072864142712206,0.3973779152147472,0.2995284819044173,6.479090456732008
0.9903857400640845,0.5605046686250716,0.3866827175952494,0.45202131662517786,0.4802649668417871,16.519137588792223
0.9421819518320262,0.15420906175859272,0.48219432262703776,0.1685077070724219,0.9714870327152312,11.162500428027341
0.6566890252288431,0.22343462705612183,0.8710383360739797,0.6140601448714733,0.0491215034853667,13.378187912330189
0.12485558027401567,0.21650624088943005,0.084882682422176,0.7598281137179583,0.8034190062899143,16.686638272293262
0.8091406847815961,0.10376999829895794,0.6218766344245523,0.7965468459296972,0.17278403509408236,11.172629024582335
0.8037459775805473,0.7837880365550518,0.47176650632172823,0.24938942841254175,0.5108653891365975,14.238731808973675
0.15516545344144106,0.9480508002452552,0.5296720198821276,0.0017037317156791687,0.5699395691044629,7.892694214220684
0.1309360892046243,0.2631560289300978,0.1328900484368205,0.5149629937950522,0.7880702635738999,14.238549909952123
0.25070192757993937,0.9594962922856212,0.6633927435614169,0.4600334083661437,0.37414991203695536,14.162155283837475
0.21711283968761563,0.36549360561184585,0.519731464330107,0.29037286224775016,0.5864029556978494,8.491611242440396
0.9619151894003153,0.1355317917186767,0.20531266764737666,0.8612034367397428,0.7377369904424995,18.647583056363683
0.12389847543090582,0.0724339873995632,0.538865543436259,0.05649017868563533,0.7827475173398852,5.068732703460829
0.037725308910012245,0.26671241712756455,0.11934143770486116,0.04926221817731857,0.5863633884582669,6.856929011407741
0.5832914263010025,0.7361539998091757,0.20728422654792666,0.22368102194741368,0.8916092189028859,19.293242526545725
0.11806494346819818,0.5553112593479455,0.5221167476847768,0.23627361189574003,0.7429869803600013,6.958267993040542
0.4779838740359992,0.0890366486273706,0.2444215405266732,0.12261870829388499,0.19065066403709352,3.222575817478826
0.06299684196710587,0.4240129543468356,0.16475203027948737,0.7310791555792093,0.3620275491848588,11.860784913724103
0.9812574272509664,0.016894325148314238,0.38600611919537187,0.030301160644739866,0.07075341674499214,0.264555083807577
0.2517978900577873,0.87989830551669,0.2255445288028568,0.7603270253166556,0.021746564656496048,17.917892532994543
0.46135436627082527,0.9537745621055365,0.6588847872335464,0.08281900500878692,0.4902789650950581,11.738947278263575
0.16161473048850894,0.2890637004747987,0.7132832917850465,0.113757569110021,0.5300375795923173,5.856596341341607
0.07633465109393,0.6818562364205718,0.789896193658933,0.010811433428898454,0.9733244001399726,8.983109572288893
0.7080545462667942,0.8282190405298024,0.20184397185221314,0.8787998266052455,0.9253501407802105,24.56743933087392
0.4333392053376883,0.2202468931209296,0.4788766270503402,0.5835834441240877,0.8432576137129217,14.226430058734671
0.4143526351545006,0.4133843763265759,0.34765570098534226,0.9569583225529641,0.553460898110643,17.649079686373746
0.19147797720506787,0.4487418779172003,0.4901068059261888,0.631877669133246,0.2701003919355571,9.784835533336613
0.059168752981349826,0.8815245882142335,0.8570051200222224,0.10767928650602698,0.9346689027734101,8.752263919108012
0.6956607822794467,0.762583966832608,0.5399395965505391,0.9896980505436659,0.08953083516098559,21.380916784065356
0.6038194864522666,0.5419620915781707,0.23081491608172655,0.8971585817635059,0.3739153156057,21.030419018696566
0.9352616341784596,0.45754976850003004,0.087452671257779,0.27345127589069307,0.7371615490410477,18.5886198922163
0.056546470150351524,0.07732740580104291,0.8631942067295313,0.08230296615511179,0.18486119783483446,3.7592536755679458
0.03960097371600568,0.2109937749337405,0.7759049260057509,0.2458856632001698,0.5724353787954897,6.444668760824647
0.9273451629560441,0.32811771146953106,0.2741220847237855,0.8661551696714014,0.5820070172194391,20.857719917787374
0.7868912047706544,0.22415152750909328,0.691504561342299,0.738322377903387,0.3259914293885231,13.813662968952507
0.765307960100472,0.32560202898457646,0.780840496532619,0.7935692148748785,0.3302802911493927,18.12833469768065
0.8007511533796787,0.9334323219954967,0.8112675957381725,0.9542013993486762,0.8959578548092395,23.079302381561675
0.9328133519738913,0.7685686179902405,0.6110870575066656,0.8729650070890784,0.8687149116303772,21.035974710055093
0.02376966900192201,0.6048643740359694,0.6968346918001771,0.6612668880261481,0.4058869150467217,10.030390352066192
0.4154581136535853,0.1076229065656662,0.5889313071966171,0.5273309638723731,0.9788800671231002,11.247401092383722
0.23457861435599625,0.7790098714176565,0.09450331935659051,0.567978604696691,0.6927912507671863,19.138617460362507
0.8390442181844264,0.7842201455496252,0.8586304250638932,0.9902957507874817,0.5047007985413074,22.007987159876283
0.9820690555498004,0.8332588353659958,0.5055216327309608,0.6801989239174873,0.5176310976967216,15.250487130626684
0.01854475843720138,0.33727016765624285,0.28970980225130916,0.9361455098260194,0.3472820760216564,11.346149957779405
0.007771056145429611,0.20918656256981194,0.07448896067216992,0.04738664929755032,0.16980315232649446,7.020715088986739
0.2508562174625695,0.28167679626494646,0.015582756139338017,0.9720044897403568,0.3988417573273182,19.064317937097588
0.729511821642518,0.8018355262465775,0.1886371811851859,0.4251176731195301,0.6700772151816636,17.666219408953086
0.8310734310653061,0.6393216296564788,0.7147741448134184,0.980945085408166,0.5336587326601148,23.697426235532813
0.2367599329445511,0.744255599565804,0.6215823839884251,0.7066842888016254,0.2961983026470989,13.852083944831044
0.27814814378507435,0.9220290686935186,0.14760923734866083,0.19485690537840128,0.0930322369094938,9.665128739880632
0.05979292350821197,0.28062094328925014,0.6638832145836204,0.7104791360907257,0.7669084861408919,10.281497325174241
0.18466917611658573,0.537691582692787,0.23545340495184064,0.029582061572000384,0.8708984581753612,8.1791267154348
0.22088782745413482,0.3837344334460795,0.4532465576194227,0.4629286862909794,0.7485045671928674,11.225399747417262
0.6751669237855822,0.3237893001642078,0.4423798646312207,0.048605374759063125,0.577875824412331,8.660033129328527
0.2219605224672705,0.345821401104331,0.6954387847799808,0.2854227724019438,0.9281384942587465,8.501758783346872
2.3382483050227165e-05,0.33535563480108976,0.015789815923199058,0.5165281537920237,0.714587866794318,13.534386226925704
0.46233115647919476,0.28981087100692093,0.39807762228883803,0.6691815354861319,0.8788523799739778,14.159309597181622
0.22380653535947204,0.1783333425410092,0.355394315905869,0.9729189213830978,0.6527467181440443,14.883539746904024
0.9856555918231606,0.17518940893933177,0.6329268082045019,0.41511174221523106,0.727910082321614,12.750509529238231
0.3843797829467803,0.008138254750519991,0.7347486356738955,0.19943446991965175,0.1346851068083197,4.213705497606982
0.05338223907165229,0.8712897719815373,0.8890004991553724,0.7299953172914684,0.8980077966116369,16.340398109816636
0.9739663570653647,0.8203799908515066,0.3955304471310228,0.531993682961911,0.1263506067916751,13.43106191856945
0.603484122781083,0.463984145084396,0.30524297058582306,0.8106644609943032,0.783345332602039,20.42958969782074
0.6820613807067275,0.19813297130167484,0.6004450130276382,0.7300214318092912,0.7388860038481653,14.557334748142596
0.4110190328210592,0.8871694842819124,0.7910831074696034,0.2857433494646102,0.9921678190585226,18.403674178562845
0.6772685574833304,0.5355539449956268,0.8373043951578438,0.877977495547384,0.38076075399294496,22.516623046791267
0.3602202283218503,0.0032419785857200623,0.2124121703673154,0.0979434521868825,0.1873070509172976,5.187927521870378
0.7175225752871484,0.239278479013592,0.10821370151825249,0.45808544638566673,0.6143239415250719,14.61864446276166
0.21088674757629633,0.455335984705016,0.4333934225142002,0.4840375769417733,0.055453137727454305,8.593182582456008
0.8502149605192244,0.08796919998712838,0.26797734457068145,0.07282826444134116,0.04988558357581496,5.373196394211162
0.6737387306056917,0.5986011743079871,0.8901483863592148,0.5337385120801628,0.37675806134939194,20.211428634442363
0.6349957438651472,0.3707845723256469,0.5606435602530837,0.9475540420971811,0.539626132696867,18.778398467456874
0.2771404024679214,0.3121840369421989,0.05132846371270716,0.9383672610856593,0.7929231035523117,21.15961194668404
0.7437069790903479,0.9786661036778241,0.0320416116155684,0.3644361568149179,0.4497514315880835,17.727640386869734
0.9859131670091301,0.15515163214877248,0.7551923745777458,0.019990057684481144,0.32620833348482847,8.509179282489317
0.4102379453834146,0.26217013457790017,0.08960833866149187,0.9003158898558468,0.7200832613743842,19.7100179738678
0.5217989482916892,0.575286214472726,0.875554814003408,0.6512306386139244,0.30044806888327,20.064538109485596
0.2759822627995163,0.1801906677428633,0.06440304848365486,0.9086393772158772,0.904008723096922,19.421984757475734
0.1495098180603236,0.7955839599017054,0.8811973759438843,0.5589353335089982,0.5387674679514021,13.59371306700957
0.7068559927865863,0.3916557435877621,0.3439366314560175,0.737389023648575,0.4756003536749631,20.267852580508453
0.6378779583610594,0.335423206910491,0.746245875954628,0.24240563856437802,0.36393109569326043,10.608217768633383
0.8112163122277707,0.7929143842775375,0.6197217588778585,0.16634369199164212,0.5731749443802983,14.091339563938181
0.4714151103980839,0.6126801939681172,0.6661080783233047,0.031809848034754395,0.07345284684561193,9.522714844224534
0.9586363139096648,0.3661067660432309,0.4747755129355937,0.04389738757163286,0.6356303668580949,11.579164123932905
0.8786854119971395,0.2372054907027632,0.5531130768358707,0.5440299215260893,0.00803199247457087,12.55763937114398
0.170301609672606,0.30801303405314684,0.6872529569081962,0.7179396343417466,0.6035855570808053,11.2818796217299
0.8499678184743971,0.39498469699174166,0.7274624900892377,0.68729757075198,0.9395166754256934,22.526158947819447
0.4221701128408313,0.32043930632062256,0.21671936428174376,0.10555935394950211,0.6791282708290964,10.816559521701556
0.537546866806224,0.9762442442588508,0.5252649812027812,0.35362248052842915,0.5602458680514246,16.399541793237177
0.36627487000077963,0.6470116490963846,0.09772519650869071,0.7084659452084452,0.3904064232483506,21.845402815688807
0.8181209198664874,0.24628325062803924,0.5791576395276934,0.25396699155680835,0.41817766916938126,9.686072140969976
0.7097920917440206,0.11572795477695763,0.8922870128881186,0.06802619830705225,0.3675155960954726,6.26496424072243
0.5324210457038134,0.9852250525727868,0.775592390447855,0.5179413729347289,0.959504822967574,22.80729098467167
0.0709549414459616,0.9149423963390291,0.7417491185478866,0.5637536614667624,0.03376570576801896,8.597399432715411
0.5280724389012903,0.702424576273188,0.6501027778722346,0.8605239405296743,0.5499529901426286,21.658565104079212
0.13368716393597424,0.09940900770016015,0.5938478268217295,0.17894810205325484,0.3659476637840271,5.022742090299904
0.6469988531898707,0.7357098110951483,0.8489227595273405,0.9272333038970828,0.20629551634192467,21.26029960387645
0.37866886146366596,0.037419518455863,0.16356266080401838,0.664067326579243,0.8949991648551077,12.855336603774235
0.29192570969462395,0.7372951894067228,0.6726008460391313,0.22718558204360306,0.9270848564337939,12.263445228480382
0.8620681872125715,0.8418318959884346,0.020886215614154935,0.25204500486142933,0.4653603443875909,16.437810405219818
0.5076797213405371,0.5650694789364934,0.9323474476113915,0.6083033746108413,0.4487439268268645,20.26096443596528
0.5886337908450514,0.2511770387645811,0.9360811021178961,0.16460434021428227,0.5833293397445232,13.81342853807192
0.6348043829202652,0.0071115989703685045,0.6340735265985131,0.08177759149111807,0.7092335093766451,3.320475396240007
0.29229146149009466,0.4158775561954826,0.9244203921407461,0.6116454685106874,0.6797166592441499,17.297008337676708
0.7889832223299891,0.5631480093579739,0.06400326732546091,0.8719007961917669,0.5178081737831235,24.194058414258713
0.7440062263049185,0.9145437083207071,0.5863531588111073,0.8152970725204796,0.3783698605839163,16.186480138484946
0.7458696630783379,0.2994326688349247,0.3555088094435632,0.817899473477155,0.5287086700554937,16.699083770268295
0.7194155561737716,0.2689092808868736,0.1654884167946875,0.4663535887375474,0.5191403962671757,14.756507659710012
0.29756942950189114,0.5923771057277918,0.8167611830867827,0.1185454255901277,0.6922955345362425,13.176276890957832
0.7414927491918206,0.22651452058926225,0.6465750010684133,0.5388911040499806,0.7023209817707539,14.439527005157691
0.7022736940998584,0.537743384949863,0.09951328882016242,0.3237825441174209,0.7260609189979732,19.973156521715307
0.299969480605796,0.5897942623123527,0.15935503249056637,0.34016098408028483,0.5799308158457279,11.437050939542665
0.043297413969412446,0.6598564579617232,0.22543257917277515,0.9169697142206132,0.8722207706887275,15.216284189615074
0.6671775819268078,0.5601383978500962,0.9613750546704978,0.08235532557591796,0.6876139906235039,17.601648611745958
0.12445880519226193,0.43337580165825784,0.34903118410147727,0.4912814612034708,0.3232490876689553,6.9420680834898
0.6144871299620718,0.22444892046041787,0.8236472548451275,0.3683579028584063,0.2100222441367805,11.178734924334774
0.35625324468128383,0.9600621378049254,0.6400887279305607,0.17817974812351167,0.5839028989430517,14.867603464135177
0.7880571829155087,0.961808177176863,0.9428401764016598,0.833080061012879,0.5739628050941974,23.19342714430481
0.25579576357267797,0.33983869408257306,0.5398853833321482,0.9141661920584738,0.13076226436533034,11.960930301621422
0.8112250114791095,0.43135805730707943,0.11930204695090652,0.2009020692203194,0.9347774076741189,18.33071320127629
0.31032030493952334,0.4869172116741538,0.5327430483885109,0.5796554677654058,0.19175120280124247,10.311217128063333
0.5792461787350476,0.7228100534994155,0.06583869364112616,0.8276491148862988,0.04214186524040997,21.91873113186894
0.25618407037109137,0.9537692205049098,0.18396256095729768,0.8049113375600427,0.8613820949103683,21.633170248109586
0.593706299783662,0.9726186816114932,0.9531360275577754,0.5055512969847769,0.46898581786081195,20.645176715917213
0.5239734260831028,0.9370999513193965,0.6345121928025037,0.321634761756286,0.6557785090990365,17.86939377264248
0.0216712336987257,0.155639317817986,0.41515020886436105,0.23399123433046043,0.6912804490420967,6.397849795625633
0.5977627923712134,0.3748436055611819,0.9249756415374577,0.6974291738588363,0.6582106198184192,20.734451701252336
0.8763924089726061,0.40079571562819183,0.9322854427155107,0.11266459384933114,0.005861422047019005,14.213405977394396
0.21376860397867858,0.5005441177636385,0.25829883851110935,0.9543468167539686,0.17594264773651958,13.403158995213031
0.6071663310285658,0.6528190190438181,0.8824963732622564,0.4610427198931575,0.5453002175781876,20.450529094284622
0.05113639705814421,0.1969473899807781,0.32662701327353716,0.7223696750588715,0.4486579152289778,11.334282947041867
0.9302726872265339,0.17691770452074707,0.7800552931148559,0.709279325325042,0.3570884836371988,16.35580888135443
0.33869839855469763,0.4341233344748616,0.04635216621682048,0.6845058631151915,0.32224393473006785,17.836278677659365
0.8482057664077729,0.30590236466377974,0.4494558093138039,0.8495348920114338,0.9241481525823474,21.921999570233677
0.20255119656212628,0.4250044352374971,0.7916443932335824,0.41365336650051177,0.8733329789247364,11.986923763119341
0.5136505563277751,0.5438756598159671,0.5465646155644208,0.39769871113821864,0.13137959619052708,12.82305396047916
0.7063784608617425,0.1332377758808434,0.5822499280329794,0.07389099872671068,0.5698810666799545,6.079316347516984
0.7856074064038694,0.778805214446038,0.32544878288172185,0.9785365683492273,0.5063005788251758,23.693752025725296
0.7848767184186727,0.6678844152484089,0.8384468243457377,0.025338631821796298,0.8549944155383855,15.619991895533397
0.3867574646137655,0.13969918969087303,0.5832003543619066,0.6011385302990675,0.9835081035271287,12.070927543900375
0.980697286548093,0.6727337958291173,0.8862727016676217,0.23492348403669894,0.9638682182412595,17.64593558992938
0.9169840614777058,0.01866565109230578,0.33305136230774224,0.31009626551531255,0.5189847953151911,7.051046223063633
0.09487952548079193,0.20534165645949543,0.3551705591380596,0.679464761633426,0.43707430199719965,11.934096223473198
0.3350985120050609,0.9334498727694154,0.021617203718051314,0.9765917973127216,0.7761998302303255,26.046735874800532
0.7820435352623463,0.7747153397649527,0.5381379858590662,0.9728261181153357,0.8735844965558499,24.28577472048715
0.9622144591994584,0.36643545562401414,0.8089872770942748,0.5563049018383026,0.4615176983643323,19.316633471737905
0.04799187066964805,0.5663829215336591,0.2787843600381166,0.34860763465985656,0.10586142470128834,6.402166654714213
0.4465414881706238,0.8321718350052834,0.18909871485084295,0.12008035113103688,0.7603085553273559,15.68290833501484
0.3445865281391889,0.00012235622853040695,0.09155485453084111,0.9051491036079824,0.8034947135020047,13.24545567085551
0.9481422638054937,0.09922273945994675,0.9231151260901242,0.759673883439973,0.9525189273990691,18.88545420690385
0.6692280934657902,0.3093840931542218,0.5113282115198672,0.9863741574808955,0.4010300461668521,16.962772635893796
0.5747311762534082,0.38874570769257843,0.014217980904504657,0.5750749921426177,0.7400525724515319,20.37848144364177
0.5559476176276803,0.46580831171013415,0.37574364291504025,0.009750901255756617,0.5734059021342546,9.04003595032631
0.5966631262563169,0.48587102140299976,0.26730249915272,0.9161204644478858,0.377517597284168,20.200253675537397
0.3469847913365811,0.16619020560756326,0.6007636291906238,0.5114298788830638,0.6743797035887837,11.386585243573128
0.3920130613259971,0.9667879859916866,0.33496175706386566,0.11182239139452577,0.3892322778701782,12.709826334157004
0.1443289725575596,0.6714955088682473,0.01835299376398325,0.7106223746668547,0.5011836038902402,18.81602827302903
0.8460311216767877,0.06677286070771515,0.3048626573290676,0.8081144301686436,0.5980190779082477,14.776425659546977
0.2524424307048321,0.49425813066773117,0.5235993890091777,0.7597885753493756,0.935678877402097,17.157038008172403
0.1020534229464829,0.793812190182507,0.3409623440820724,0.48196208220906556,0.7330482986290008,11.914906637809178
0.9041716379579157,0.24803020828403533,0.8462589948903769,0.476845879573375,0.8421095933299512,19.02886705031882
0.12107804953120649,0.4627358454745263,0.12626378727145493,0.15586563711985946,0.10813968512229621,5.377811072328008
0.3107537820469588,0.2946907503064722,0.1936890915967524,0.37422460317611694,0.5181353818625212,11.18909855495242
0.0831808305811137,0.4239093738142401,0.5829680014867336,0.4610256098676473,0.029454439412802458,7.078822939213636
0.45325467246584594,0.4335443307645619,0.2743612213525921,0.22756286640651524,0.1630369492340833,8.840360582702495
0.7507199922110885,0.9608238572254777,0.12496695364825428,0.31546356435865164,0.5302069960162044,15.089577101581911
0.68595808185637,0.10630334983579814,0.5374777719844133,0.9317141354549676,0.6600131667219102,16.451965454705025
0.6525378813967109,0.49652212648652494,0.7660790733061731,0.47576215909793973,0.9050613266881555,18.20070395678653
0.1579172306228429,0.6158637350890785,0.2477481660898775,0.06440285430289805,0.8460589651949704,9.423848088234589
0.5942090733442456,0.2669634474441409,0.2794011989608407,0.3070959374308586,0.6406483037862927,13.298301060105453
0.06262874929234385,0.9013542509637773,0.34808635618537664,0.7915568992029876,0.016602291958406568,8.81338074864668
0.31038815854117274,0.7797088804654777,0.6221707197837532,0.30459177028387785,0.6462590042501688,12.725433425883129
0.5607306673191488,0.9678550760727376,0.21982623054645956,0.34230243414640427,0.6015422840137035,16.91919043807884
0.827914455672726,0.20748609071597457,0.5480240352917463,0.3110133595764637,0.9121985745150596,14.364789675020452
0.457110884366557,0.07496877270750701,0.20958710624836385,0.645302923861891,0.8355410897638649,12.108554132936318
0.696939256042242,0.5964276308659464,0.7835982046090066,0.0870676098857075,0.4553587958216667,14.641576376136587
0.4957256258931011,0.10911322082392871,0.6625242880545557,0.6746533126570284,0.6582069899886847,12.781181430186802
0.2479960173368454,0.6995794128160924,0.18624915555119514,0.2757199869956821,0.9540929687209427,13.992731776046595
0.88922113715671,0.17268826463259757,0.6259370914194733,0.1352976046036929,0.5066113106440753,9.055520343941545
0.0930542298592627,0.5777520576957613,0.7796318221371621,0.39094692072831094,0.5096681327559054,9.77886255664545
0.3805064947810024,0.08493044809438288,0.6965357759036124,0.4065961285959929,0.1570114870555699,7.034741785561579
0.32843447709456086,0.08491366845555604,0.5845475825481117,0.8842962526250631,0.4152257312089205,11.112826674650734
0.007401448907330632,0.5451533843297511,0.12915183394216,0.15761441318318248,0.39724473585374653,6.58710090195214
0.6132442264351994,0.17974681849591434,0.473436163039878,0.8912344612181187,0.4456503842957318,12.562878362849869
0.2915751535911113,0.7676659186836332,0.008809181395918131,0.5057175618130714,0.38010375341400504,18.448407962821364
0.8901705357711762,0.12137604411691427,0.03230399312451482,0.899188177427277,0.6577043808065355,19.25440756168102
0.012389437993988395,0.20605967426672578,0.47012828360311687,0.8805099411401898,0.3927975033875555,8.839542966424522
0.06515760999172926,0.7036404022946954,0.5046267919242382,0.40350904036313295,0.8153132465668023,10.047779044675575
0.164707213640213,0.35319620347581804,0.2944811361376196,0.09911396098323166,0.41443178290501237,6.841248221135184
0.3491750892717391,0.6018103181850165,0.8313360530883074,0.2811987060122192,0.7543651275336742,15.169278309234887
0.4617931554093957,0.9389744382351637,0.4612782618496567,0.5532890025060624,0.9533086286392063,20.192845710778585
0.7419027101714164,0.6488423151895404,0.21213468839414418,0.2297069439664483,0.27905586641281843,13.532936275593915
0.878192579606548,0.1758503569290042,0.8748790093231946,0.38282886636443436,0.28037940128706396,12.62772651105643
0.14502602070569992,0.9090739097446203,0.6112033280078322,0.11625431524589658,0.22988646943122149,8.042488056869956
0.987144970567897,0.3706322282087058,0.4978247669059783,0.7112071316223592,0.49494591425172985,17.095712410629467
0.25143225281499326,0.1255960816051811,0.2652791345026344,0.9745501829311252,0.5009486530907452,13.682146082201047
0.909109499072656,0.18779406929388642,0.21789803518913686,0.9732475916389376,0.8146722177043557,22.113394830987488
0.7911448364611715,0.6590659006033093,0.6578760871198028,0.8191777614410967,0.48007665667682886,21.858653595151015
0.5085806446149945,0.5629094522446394,0.7869012891314924,0.483967624604702,0.9506359200458974,18.45170605110389
0.44105742196552455,0.5610558136831969,0.44113153824582696,0.539368407567963,0.19833896565251052,13.450443161337102
0.6954019463155419,0.8850353283341974,0.8729563560336828,0.9551456989720464,0.6545318933203816,25.73193481297151
0.43655532598495483,0.7413147040642798,0.3162838378921151,0.7333272034302354,0.08600084157660604,15.397268101586635
0.2518719600047916,0.4745102480519563,0.5225260951556265,0.4840037850663066,0.19131827377714217,9.188946094873012
0.35615575849078596,0.9557834495790303,0.4065505680628121,0.1397289028391242,0.424660247284919,12.098674331217643
0.9668878309894353,0.002969535067677498,0.014940266264602542,0.831854541786015,0.18591773603111506,15.150647711491404
0.12277422961778939,0.7608053858857602,0.22310847276821733,0.000858617015182972,0.9359833395574242,9.455155260374648
0.42449732637032866,0.584157763980329,0.9455910965334624,0.8314374075271189,0.19510275963693857,18.283084135332743
0.5861596805043519,0.0959070713724941,0.9199808151461184,0.34254203410819173,0.040974918054416776,8.439750710005045
0.8491533070337027,0.45526577020063996,0.5018008651677519,0.49733881442807615,0.5188809758983552,16.531225147478683
0.7033717322628945,0.7379949372261763,0.21166352299042046,0.5060254626441747,0.614905727095902,21.4217045787538
0.5820052968338132,0.9212394054047763,0.6538584954105318,0.689603359438479,0.06591139128431678,17.986224779941615
0.6435831063427031,0.3449536219704896,0.659985534613952,0.6004041978158057,0.3847675668075681,14.724673103456025
0.034112905617803335,0.9276231983676553,0.7709756647236645,0.3159569122362882,0.24370598001405597,6.001677218335916
0.07679906534031034,0.011287638684734702,0.2438334811013192,0.8879961397033185,0.14648316730745137,12.018437002720814
0.5689495985861868,0.39385608583688736,0.8015899760648608,0.8183732342440635,0.3531922528054565,17.989930367138317
0.5806053853593767,0.6562242822255939,0.9390035874675959,0.36616009706631303,0.27790712425485253,17.277736803392386
0.4896651585586369,0.37021604273468256,0.15701276645995677,0.9229496114421636,0.7060531233437359,19.10462865240546
0.9126343736425042,0.7678367020562291,0.9212755425833166,0.4781130354385823,0.16430216864682734,16.38966083666244
0.007493389071896672,0.5259944391436875,0.13720766571350396,0.04337573191151023,0.1818954567424953,4.505401638812041
0.4106955516617745,0.5362106752581894,0.8523720460943878,0.1300256613176316,0.6192904068157077,13.184989201548698
0.43423120328225195,0.46030503744259477,0.29854391724802554,0.35345638915896416,0.342013732297346,10.498192120514565
0.5752562540583313,0.7280073158908635,0.316745926393196,0.04049249249510467,0.7856404748745263,15.585143570585787
0.7030664384365082,0.5053653602954,0.41956260055303574,0.3838746740948409,0.05787818948738277,12.176695842092347
0.7697421119082719,0.3095857724547386,0.16202462068758905,0.6446096219588071,0.4061052231118083,17.657890518071017
0.4033413946162909,0.92820875486359,0.2269607235211879,0.009958077222108841,0.5417202997487038,14.311446173474522
0.8843164572026581,0.24553841794840991,0.7933956398628652,0.2888149267528206,0.8219422798138112,13.650153799530315
0.7277164524421096,0.6608429637271911,0.47395058907568455,0.36337679787538946,0.3135785302147269,17.23850654319817
0.7930982778780162,0.3774472300428897,0.41755553940311074,0.2700892281718552,0.3866815317887813,11.235688665880001
0.8421065409202129,0.8916800771839917,0.6248550997115672,0.13991034380160272,0.6831352049484849,12.903172530707602
0.8732307532336563,0.6933633734006435,0.0872725136578083,0.7237210783641785,0.108788279350847,19.591963450317557
0.3981817828025669,0.9570929969195276,0.5717029287479818,0.9783744164742529,0.14929273026064038,20.359237538842585
0.09956779680214822,0.09165734727866948,0.38153623044490814,0.43192042550072074,0.46407517814077437,5.908056670584158
0.937318982090801,0.498699190095067,0.9841660400852561,0.045073922257870436,0.16163404192775488,16.948460160268674
0.2074823377188295,0.4456533354241401,0.07994757080450654,0.24092212738469243,0.18345728190615773,9.394025630001043
0.10109046916477382,0.43916663993149996,0.3969536400400102,0.7266729732509702,0.10001585446298122,9.931142349371004
0.8237553667277098,0.42112721665762365,0.9245940949767828,0.4560160406399518,0.24981141509488225,17.97101791601179
0.5466292202472687,0.06741263763979077,0.9042406836524606,0.13082785019651055,0.43960624444298446,7.193855469397404
0.63400594657287,0.07118000369518995,0.47202662378549576,0.20799903152510524,0.8286987217143178,7.6919318892946364
0.09922921843826771,0.7026608129963279,0.309807468438521,0.7375947800464928,0.7072125412523746,14.006775657562299
0.630723818205297,0.4847827744670212,0.7601767543237656,0.49274403508752584,0.0619227085262537,15.367856210999054
0.5401844773441553,0.5461998709943146,0.6813472788780928,0.6333344366867095,0.7766840069089085,18.54736475297806
0.6268278202041984,0.2734730653464794,0.7424887237139046,0.8949508524965495,0.7826549976598471,19.422180737953113
0.48914416786283255,0.3343955010641366,0.07253930112347007,0.1409225354436785,0.30642157094553113,11.894714017436122
0.5706459367647767,0.2002360331825912,0.06980608217418194,0.2972538056783378,0.3591390212532133,11.799357113449592
0.9438005345873535,0.6966150512453169,0.6733130072243512,0.611932551022619,0.0629506534896791,17.09601868600879
0.7277211784385145,0.4990896633826196,0.08973862207494676,0.03389789187349379,0.30177026404999197,15.325318439607534
0.35809426568448544,0.6260295084211975,0.4284450027626008,0.9418545749504119,0.051172330509871244,17.10605910439271
0.07317902380600572,0.47982554719783366,0.9469771820586175,0.8433646010234952,0.09470762871205807,14.957205263410538
0.557294214842841,0.11876610619947314,0.4765270692296326,0.2734021134674549,0.4420525408349931,8.379208670641944
0.731572441291064,0.5204081034753472,0.2015422498807311,0.9353025059681386,0.7953738851938397,24.383815143511885
0.7949870801530778,0.8142592431977391,0.4220322296023369,0.2436110267881304,0.5183184496127069,14.111056781938897
0.7566682177130133,0.41716543352231383,0.39351094770245254,0.8043223826680332,0.12618662347085774,16.976006427940817
0.7114127678796649,0.17358578252606094,0.23855194449424744,0.9305589376017451,0.22241572733037174,15.868639840123778
0.11640583351254463,0.1608722370583564,0.5081552877090871,0.7537518569733948,0.7210379254538566,11.497911847176118
0.14183824160136282,0.5370428555179387,0.8982346062548459,0.7911328088957816,0.8355085421353579,17.891570034483504
0.5901664744596928,0.8317395569756627,0.6789423271548003,0.9182529940735549,0.3518289248459041,19.139109582842977
0.6610155536327511,0.1562064327299595,0.44866643636487424,0.09416573960334063,0.5774822535458952,6.882132022946991
0.5521705986466259,0.2321054320782423,0.5703616263344884,0.21356264827772975,0.5117375706322491,7.173617977797794
0.3318205226678401,0.38512978330254555,0.7234590274747461,0.18441192060709,0.524530652211979,8.029928955485275
0.4922218373976648,0.3177715251222253,0.5838586858008057,0.5411999658681452,0.018964834976941347,9.787765941312141
0.38987866416573524,0.8914152921643108,0.9079315450508147,0.5101808940526098,0.031763663748279214,18.540561693641305
0.39698891690932214,0.4957870065700263,0.015512654557824135,0.37189094186760485,0.06582219968549907,14.372264014832945
0.5255203230772167,0.4754967042244971,0.3166732599493116,0.9467971210833639,0.39648158242926,18.871731469418723
0.7843350265175104,0.4699919344857335,0.7122421795502305,0.6604352418798953,0.8371371177490801,19.215390774035185
0.016745607368648052,0.046291018137708306,0.04059159127064049,0.11632460705004632,0.592899719486013,7.6655012141373655
0.46285322308540344,0.24813710898160934,0.9623847678303719,0.30208126665093005,0.7700232511851937,15.231623958130003
0.7391585693694651,0.38992519141174853,0.6900383529718965,0.2695604292675853,0.9231185603421181,16.6272669299168
0.3885933319106698,0.3053746472578496,0.5476257114205509,0.10254726582206786,0.8169477123301476,8.494216213680737
0.5216801408678293,0.47713859588839114,0.12161014624871314,0.21247280738316476,0.8696710607036948,16.798723392350045
0.974149220623076,0.2723830877803266,0.29118290985934436,0.26858997950330377,0.2673673713579774,13.84260546519079
0.4860013355500996,0.011072041466832161,0.4380938981194049,0.4904269534163177,0.05604925402440131,4.515888984511642
0.09695452405139804,0.3152525001205504,0.32962102140299976,0.27370035368949175,0.21724174241535366,4.772123012277714
0.6510994611307979,0.5618825543206185,0.8241708038840443,0.44096559612080455,0.19944294239394367,14.310881052728476
0.200119165237993,0.29291757266037166,0.6690478555392474,0.7771514593623579,0.8123108642175794,14.110759224484
0.18483241321519017,0.7523579327389598,0.23526724032126367,0.07413131510838866,0.4498830575030297,9.201821298929234
0.03375553339719772,0.26865003956481814,0.7072296345140785,0.13635217607952654,0.27498903148807585,3.1246073436468302
0.4629509053193033,0.6524565473664552,0.366167078493163,0.04913316504098475,0.5260731528978795,12.810604327607166
0.01953597879037261,0.39642926561646163,0.8246783530339599,0.46434890828095376,0.15279225492849946,9.658674940668103
0.11430575838312507,0.09377191727980971,0.42828311095945537,0.855381662491709,0.5686813767533749,11.705698083940874
0.08704142016358674,0.6965042538940907,0.2372544310055673,0.7659801663830876,0.4212688924744725,12.776140968896815
0.18903744057752192,0.96328912419267,0.9718138508033007,0.05078868684358895,0.21402717824093997,11.128724053536882
0.49067052989266813,0.8171529022511095,0.6565883585717529,0.38476645154878497,0.4451973030809313,16.659125229013966
0.7950577505398542,0.1565380129031837,0.33509987336583436,0.07887961342930794,0.6835030110087246,8.95483732686017
0.7947370468173176,0.7898840880952775,0.12447281018830836,0.8238978839945048,0.24100265512242913,20.869169305306997
0.8587926928885281,0.9279969781637192,0.3117778964806348,0.3752840678207576,0.3023446381557733,10.184934041840442
0.9610802337992936,0.9075377155095339,0.9666499649174511,0.08315540268085897,0.8712782699149102,14.343854466191132
0.22770225605927408,0.061597692081704736,0.2980861586984247,0.39188440097495914,0.7044911812990904,7.223590569862125
0.5652663961518556,0.08172834222204983,0.8242242699488997,0.9919184041209519,0.6877400209195912,16.82092624161472
0.7266377250198275,0.22147473692893982,0.08416587649844587,0.05561776552349329,0.9209717656485736,14.646602702560973
0.8899441421963274,0.22292638616636395,0.8502269384916872,0.7858198378235102,0.449402290629223,18.815304222880524
0.9143739577848464,0.8758735505398363,0.7432765879202634,0.30679523618891835,0.31053725630044937,9.2888062189419
0.763876898214221,0.08235871465876698,0.6866706933360547,0.1270974345970899,0.10830490617081523,3.8733748439967095
0.521653214469552,0.5586662660352886,0.8726709261536598,0.938125163083896,0.5677347290329635,22.116413419695114
0.6731768636964262,0.9859217768535018,0.06095594842918217,0.4614310725592077,0.412031258456409,18.926251601071275
0.1886199035216123,0.9284827897790819,0.6051812442019582,0.40050061442889273,0.14110869634896517,9.603263587943177
0.21425835508853197,0.45696098171174526,0.5079256903845817,0.6735286822076887,0.8637473497074097,15.221965653999563
0.712216752814129,0.4745941942092031,0.7241407490801066,0.8620407823473215,0.06119714491069317,17.738575027753626
0.17599908472038805,0.9169540072325617,0.723455483559519,0.14548707846552134,0.6280755868647248,10.518795851486347
0.9317271527834237,0.8701526618096977,0.727804173482582,0.7991310323122889,0.7207047764677554,17.12232723467532
0.10998160112649202,0.02608702494762838,0.0025367995258420706,0.33229333348572254,0.056939560920000076,7.452993308809168
0.2898334749042988,0.18006870266981423,0.6418264377862215,0.9076654328964651,0.25005144719034433,10.586083444163501
0.7747411469463259,0.5397930229082704,0.982773422030732,0.38616243470460176,0.474433182971552,18.766647870913356
0.20241036638617516,0.9574773733038455,0.8666547061875463,0.3785737818107009,0.4464213508181274,14.578607251686025
0.44231454748660326,0.07136570289731026,0.590600278461352,0.2417523441836238,0.7253543257247657,6.961415672055411
0.4198612414766103,0.7465150824282318,0.862371304538101,0.0702481553889811,0.5524502131156623,11.54552714335053
0.1190694640390575,0.15327207883819938,0.04983212170191109,0.162683887174353,0.999744875356555,9.918446327189855
0.4230174527037889,0.6857846893835813,0.4582422443199903,0.05438893404789269,0.8595357739832252,14.354841382242688
0.03293920843861997,0.7245313313324004,0.8533448420930654,0.03217258770018816,0.445147761143744,5.073353502897753
0.9738638354465365,0.7799468075390905,0.24983839155174792,0.2392445809673518,0.11258281860500574,9.642761453487548
0.6806618522386998,0.48898576525971293,0.8164032055065036,0.9602441035676748,0.9592487444169819,26.507129140171102
0.20253120828419924,0.2256364906206727,0.8959374076221138,0.51263946457766,0.3118887289892882,12.714823504393998
0.14584126393310726,0.3447298298124224,0.14535917807370424,0.8311610396485776,0.5653338567353785,14.461609694727816
0.8358896595891565,0.0596141901332885,0.3793828955385834,0.13104099896736443,0.3892922156956047,4.8548801067969904
0.21159081324003637,0.404836134519428,0.7652393477037549,0.763728454709053,0.9188189059495926,14.90848443793767
0.31897329865023494,0.12282687006518245,0.0029729276429861784,0.9358906662091613,0.6956958957016468,18.392358346469155
0.662651436869055,0.46703382302075624,0.4708307588007301,0.2128650841768831,0.42917149187996984,10.80260082739339
0.993052776902914,0.8670341959223151,0.44093987136147916,0.3171362110879272,0.7943701075855643,12.016996714956651
0.19610152789391577,0.14794432511553168,0.9470238464418799,0.19634556234814227,0.51977628050372,10.321810102073794
0.10777693125419319,0.42711123055778444,0.020889018196612597,0.8250110866501927,0.9320732916239649,17.962912404774606
0.28559858654625714,0.6893307866994292,0.35356200858950615,0.572187356185168,0.2503466075286269,14.034013508858289
0.5069304516073316,0.9412698426749557,0.5995302204973996,0.37142545403912663,0.8397992486134171,17.288822407918097
0.6166008550208062,0.9061137645039707,0.5494934532325715,0.08778338017873466,0.3824059187900275,13.786107698709793
0.997752150753513,0.944272916065529,0.22597531881183386,0.3941513050813228,0.7886860719881952,10.515571416667072
0.9227204257622361,0.20751411165110767,0.3026874272618443,0.3838313159067184,0.6568756308406591,13.601670303611478
0.9266912674065679,0.7778358745854348,0.25707663991488516,0.49502458376809955,0.8032359716016799,17.362408791339856
0.8691267780959606,0.0406818266492337,0.7954017352312803,0.2659521196037531,0.5213527253363281,8.924270596189064
0.5074915951117873,0.12107442994602025,0.39199836109764874,0.941862829728052,0.970030803931877,14.975780111467142
0.7044603093527257,0.7470285072922707,0.9513115417212248,0.37335045635700226,0.14895146386697888,18.275921499661955
0.731607619440183,0.6823968135286123,0.9038331725168973,0.8864341704174876,0.20534661109559238,23.340988546782928
0.37225095625035465,0.040348378010094166,0.7154548198450357,0.036835402715951204,0.10245278407819569,3.7084622894648342
0.8156278503593057,0.3090635850094259,0.3240937932860106,0.7348079413641244,0.4470484834164381,16.767178766917603
0.5015261243097484,0.4663423046004027,0.5087730996310711,0.44608864071778953,0.24285625922493637,12.437214833554894
0.8589873993769288,0.40983158885501325,0.9208270693197846,0.8665224048309028,0.008903688052669168,21.786388429866424
0.22671067295596004,0.4846152893733233,0.797776278341189,0.2554972053039819,0.03332408075220883,5.9710617906402526
0.12769323331303895,0.684963581385091,0.4270340215880424,0.8392931562848389,0.15009944909252226,13.995220502047575
0.9267666889354587,0.5629796609282494,0.24577184161171317,0.4594815541058779,0.6974518976639956,18.395915749768598
0.5383828030899167,0.884362920653075,0.8242048481479287,0.8074837403837591,0.9087756611406803,24.24098952172061
0.6269060142803937,0.7306898469105363,0.36199149675667286,0.7807571981102228,0.3843829759862274,20.325909485246
0.8651909059844911,0.791884051868692,0.7538882782682776,0.021647180430591106,0.8327194668818265,13.057163010591298
0.9310542854946107,0.23057708400301635,0.7096332993824035,0.8209968290757388,0.6493407695088536,18.017888836473368
0.9243190460838377,0.8546640113927424,0.8701199048664421,0.1364783060271293,0.4024677488487214,12.716192875376684
0.8825694618280977,0.6348873015958816,0.7141963627655059,0.03969442984089255,0.3717984927352518,12.126426772872911
0.8132108801510185,0.9730155477300286,0.046315862564370036,0.13773453258909285,0.9380452185869217,15.9384599986431
0.4204300260171294,0.04174773511476815,0.8123913558665663,0.7186602805741131,0.13290895009413362,10.05544684209355
0.35924566886387765,0.20974679896607995,0.43302408745512366,0.5400115803349763,0.4240065705962479,8.782581338273117
0.6850355032365769,0.0669553445186466,0.421735207317397,0.7842063126154244,0.9739977628923953,13.589271196679372
0.072129275649786,0.7246125473175198,0.06273871357552707,0.6595686082728207,0.5047430749982595,14.091557946612596
0.2855655704624951,0.19968952890485525,0.07407589163631201,0.31413814635016024,0.30822726082988083,12.434408884471534
0.4207580303773284,0.22130464599467814,0.20644593937322497,0.2583768137264997,0.2314571775496006,7.898143230128987
0.8923376644961536,0.4018869639839977,0.9323597771581262,0.6691769594326615,0.10107558663003147,20.09178103560525
0.3164931896608323,0.12178449612110853,0.49424529494717717,0.01851489651016891,0.7896200446411967,4.756775668954564
0.11830858886241913,0.08167299535125494,0.6673395663965493,0.44250913872383535,0.3042441480793059,7.80020971891881
0.46010337048210204,0.7354410791303962,0.7068279706873,0.8073457013815641,0.6768903427291662,19.14299820922081
0.892662888392806,0.2755650794133544,0.4406318892724812,0.0333678238093853,0.1645026970654726,10.598058225997917
0.7280115485191345,0.49668925162404776,0.7343345598783344,0.9754834966734052,0.795196837047115,24.359676984802626
0.9231553333811462,0.44970311946235597,0.6520741228014231,0.09034364228136837,0.8767954278737307,16.556691399126926
0.46696640085428953,0.2323301776777953,0.18622137093916535,0.758320085471496,0.9760720191989094,18.260867573757373
0.3419745049905032,0.8857385292649269,0.1490560662932694,0.2098658666945994,0.08867870643734932,13.15862725182428
0.6472329092212021,0.49469148088246584,0.40855108317919075,0.1606456006411463,0.1578593065496534,11.612563710743222
0.18416632083244622,0.9348454095888883,0.6083409423008561,0.8268416358623654,0.3825864065438509,15.278841954271316
0.7731088369619101,0.22642453014850616,0.3533661274705082,0.16199688240885735,0.528650080319494,7.6576846311216995
0.3040698862168938,0.3516403785906732,0.19209335814230144,0.7109255620744079,0.19769833772443235,12.438069033390313
0.12946911505423486,0.15614790096879005,0.14271677751094103,0.9328184907790273,0.9140812342520803,17.229870122694816
0.4592056318651885,0.19842423452064395,0.8288348636124283,0.7826943832915276,0.0679174312390387,13.096999252626889
0.36266638385131955,0.908049771329388,0.004919464234262705,0.8745895852334797,0.5693167187273502,25.370134167158238
0.541671731043607,0.7601230514701456,0.9430772867053747,0.4809499273542315,0.8726979417260736,21.95590465731004
0.4068475505337119,0.272794374730438,0.3630831923801452,0.5615061349235475,0.8802522609476,14.36494797443896
0.4631826947443187,0.42754247365519404,0.07746125105768442,0.13251837575808167,0.12066994444467127,9.793898635023078
0.5820563992019743,0.8651876568328589,0.020157260354608297,0.5458681674208492,0.8923669706564397,23.738740513795413
0.4823766585905105,0.3523606308735907,0.18572060717269778,0.9743931645061821,0.3240571857895702,17.810818516430388
0.04368218965828419,0.5237428767140955,0.5472920094616711,0.6148657472804189,0.05720565910451114,8.035693458317567
0.8969686694908887,0.32302888412959874,0.5593673002440482,0.13703422574326396,0.41158959083259106,13.08324593377894
0.7602424076758325,0.8128879747819155,0.5378432415891439,0.6261427637655288,0.32649026229046285,17.869279628023683
0.6614555383566767,0.7557008259464055,0.8009842247702181,0.5261805157642812,0.6941607389599085,20.21223101843204
0.271459600655362,0.056786194909363985,0.4125377107411623,0.10446513746865094,0.820702699944377,3.8865517073655624
0.5030725297983736,0.9921467576641589,0.5322633318137378,0.948638163972646,0.35316862841136754,21.75190328932687
0.49917005212046206,0.02246034680865705,0.4188489322550595,0.4090947818476707,0.16225776262581348,6.408097140332956
0.3519620783627033,0.40268089855089784,0.04202993051148951,0.8872893459629267,0.6967694496270269,21.173429432469092
0.8321159626357257,0.9350520994048566,0.8293276245240122,0.5112328305840492,0.4791163394693285,14.772206441538222
0.1641134130768478,0.7000941180158406,0.5102560655213892,0.881962570361793,0.19950912822969258,12.622425369334941
0.23252783273346722,0.5268980928231031,0.3942874171771109,0.9915275152307004,0.31291991798207164,14.133555250137698
0.7628273970913142,0.8766498693730682,0.7664891378954053,0.5934741792734712,0.7630653271917254,20.253609051826757
0.3440006992314011,0.9291628093924373,0.7419171207584441,0.3320720191113651,0.7088391350116581,15.758569619751567
0.257222015876323,0.4310402562841773,0.37099373480305076,0.98180390172638,0.8711890790145844,17.84709610957464
0.5635517449118197,0.213681744877249,0.7113851548638195,0.3712052353657782,0.9088937796186656,12.64039176713196
0.34910667850635946,0.6759174091275781,0.8413642335217446,0.18540402897633612,0.10316983866505325,10.516231434907525
0.9421322296839207,0.7011504718102515,0.29206478875130415,0.2514581747818738,0.6355829874519259,13.628830507582432
0.8738837921991944,0.3984970632009208,0.9739516139961779,0.7751280018128455,0.5685608012136072,26.31329623949153
0.5665475863497704,0.8045055179391056,0.7007959154434502,0.32059631939046085,0.05394556699320674,13.996256637380174
0.6075317375361919,0.5469477507285774,0.7370520178228617,0.9697573273442686,0.9029771971981972,23.66057347782843
0.2357495897449553,0.1638807689305395,0.14136970276013017,0.9092042844276875,0.8731941322330385,16.832549062519423
0.6755368544254452,0.09385584504343569,0.6480035721324384,0.12161779240705073,0.9690825694706291,9.154383684751945
0.3755391926970333,0.3525363178923726,0.9416272821836174,0.8637170665897429,0.006049473537132144,14.575181311416678
0.8682922234293073,0.7192089688032866,0.07845585863105953,0.08282893849536777,0.46214865194633603,14.272000774851474
0.6789175132289529,0.8458750515710562,0.8508774547372013,0.8177931883838028,0.8129158795345575,25.578460500031078
0.0037703299894928932,0.364890206605196,0.48701270623132586,0.9868781475815922,0.5795248940121382,12.868235271722629
0.32953287311829627,0.5311420103535056,0.39242055313661695,0.8360726439859718,0.18014077935367823,15.903307362922726
0.7151840005535632,0.3119954876601696,0.8957920903339982,0.11447035521268845,0.03364859474822879,12.512951542528887
0.25282136001624167,0.02662184345535934,0.8592857639305294,0.6230672867968678,0.8645162505563349,13.443429178887506
0.7673557510133833,0.6388744292780757,0.6623405239079148,0.17180767771787941,0.8062312756665051,17.858464382920282
0.4894165759906173,0.28276887023821473,0.8516426333226264,0.8939439659006894,0.7021776007022709,19.85301292928117
0.43543068575672805,0.67397944140248,0.9197895212564617,0.5669031252618879,0.6060107043012977,21.314898593418057
0.8492023632861674,0.32782515860162675,0.8732901818584651,0.6957742618396878,0.520573495188728,21.224418068857346
0.6343729705549777,0.04791751760058105,0.7031890063080937,0.5624767306726426,0.6005055697169155,11.212245962037969
0.344038053881377,0.09065178781747818,0.7317479383200407,0.37717259931378067,0.11592253996059299,6.318076887934293
0.4938927113544196,0.032362174009904265,0.19706676271744072,0.30232710763812065,0.4992245661560446,8.300314712355835
0.8116104097571224,0.7443755913991481,0.090209586545825,0.03147928882390261,0.6880202305037528,18.03739983662661
0.6573508905712515,0.41686318651773036,0.853789460612461,0.32039730064570904,0.8751551960594952,19.53645052792368
0.25043185614049435,0.0703984156716615,0.6436454367358238,0.6220496422611177,0.8037455601152033,12.340736213278376
0.5184014840051532,0.9453530185855925,0.6798882519360632,0.4368088711053133,0.4519601168576628,17.756976354894576
0.1272281021811068,0.9102096415590495,0.1057534939609468,0.08992467075586319,0.5382687344681472,9.374973703541972
0.5473963061813265,0.31750009930692613,0.9378776149824262,0.8035024427808821,0.47805478936061263,20.787607018093055
0.16847974038682878,0.018511340720579028,0.04311204422265291,0.6031710284296423,0.41122237243689597,11.69233183026322
0.6468544970266521,0.9372445871122181,0.14029043610207736,0.32983438833616674,0.0710428322199732,15.910110358862351
0.20715597830712795,0.08727600309066474,0.8408067324198782,0.7168361081276089,0.8888378210831434,15.128574347922042
0.4852814639452845,0.6505512746516615,0.458018938312307,0.20120646245777607,0.42417312460020185,13.742182370669374
0.6081265469547361,0.5187731673941016,0.7069001696072519,0.18947423319332302,0.9579799990169704,17.416392819840215
0.8159456879366189,0.6123691808898002,0.5569666465744376,0.44898659409955144,0.32975571951828897,17.643496043434705
0.14079992100596428,0.9371554777026176,0.23379680700600147,0.5881387731060386,0.7004881286993623,13.311666744253358
0.8796716572251171,0.9648205069825053,0.12084675417281687,0.510969998780638,0.7891664546914399,16.16884664825064
0.08325695293024182,0.6791248898953199,0.3214488907251507,0.5830769664607942,0.9782266255933791,12.45633567782768
0.0922563869971782,0.09987728809937835,0.5332122144754976,0.05847735283896327,0.7445240293163806,4.414238229474316
0.0866447864100337,0.6733777523040771,0.2023188539315015,0.9665582848247141,0.012291289865970612,12.958853664394175
0.671878966037184,0.12191218649968505,0.8191557175014168,0.31864152126945555,0.8615641712676734,12.965903315747724
0.2921254455577582,0.03800980164669454,0.20485964766703546,0.22668424132280052,0.8434867069590837,9.090987242103067
0.04253602051176131,0.28870893525891006,0.8138673552311957,0.7080504952464253,0.8719609244726598,13.466474920804508
0.7796968722250313,0.5063884565606713,0.03231554152444005,0.7232066986616701,0.28331594495102763,20.897154090977725
0.2292864250484854,0.4853387298062444,0.8862875434570014,0.7155844748485833,0.5182854291051626,16.77398337134734
0.16591058135963976,0.9185936760623008,0.7694239639677107,0.3284228085540235,0.04664122429676354,8.52796688415604
0.77793530956842,0.08706391672603786,0.034589574905112386,0.9218786649871618,0.5065170202869922,18.26339793932576
0.212610688759014,0.7303530697245151,0.9855022190604359,0.5732120494358242,0.4711943310685456,16.555413152533475
0.07804176933132112,0.9107434020843357,0.7110058770049363,0.5398421168792993,0.8727597629185766,12.673300875589861
0.4279961879365146,0.36978791235014796,0.09624656825326383,0.21240625577047467,0.4375185628887266,11.839113408403199
0.9481455720961094,0.05450884159654379,0.3741287312004715,0.23149355198256671,0.834421171573922,8.752383838775042
0.9435605925973505,0.533354862825945,0.5401443741284311,0.9643036022316664,0.06453446112573147,18.013259797972527
0.3359949516598135,0.6502173275221139,0.6943613570183516,0.05365451308898628,0.42641628719866276,10.702907822003791
0.8459435449913144,0.7486317232251167,0.9099137606099248,0.004330836934968829,0.7588445297442377,17.192934061145525
0.7957247470039874,0.7586713247001171,0.2343699368648231,0.34869608911685646,0.1580193608533591,16.36093073708696
0.4374991557560861,0.7407569775823504,0.46839053137227893,0.8616050609853119,0.6408097029197961,20.11996449629262
0.48451128182932734,0.38937952904962003,0.7191714649088681,0.30918715451844037,0.645380090456456,12.668478039243206
0.8191379650961608,0.3123562326654792,0.33386748167686164,0.3547398317605257,0.568068197928369,12.599077932563947
0.57911132206209,0.5891188094392419,0.9891159771941602,0.6881321030668914,0.9058817834593356,24.94219867006568
0.05714587448164821,0.3391136913560331,0.5097939495462924,0.4594566479790956,0.9294197596609592,12.280407666730564
0.751463640248403,0.018511640839278698,0.44982403749600053,0.024081794312223792,0.08616421814076602,1.2153654969391856
0.350079670548439,0.5283951095771044,0.10855747479945421,0.8558664505835623,0.07567521254532039,18.23709975771918
0.843787225196138,0.4026635305490345,0.7226820071227849,0.874957030871883,0.11971995234489441,18.020345345244753
0.9152280811686069,0.0638527877163142,0.03400757140479982,0.7995716193690896,0.5092793994117528,16.824975606014135
0.31048681517131627,0.7553293434903026,0.4883915209211409,0.1984753457363695,0.46074739727191627,11.14550659614121
0.168536018114537,0.7613386400043964,0.7420407040044665,0.8033807980827987,0.3395550074055791,15.382433375882613
0.9245938702952117,0.019397882279008627,0.22992303012870252,0.2928057361859828,0.36882798932492733,5.395072035656136
0.320093902759254,0.6492602983489633,0.7897313521243632,0.9644339997321367,0.21879989397712052,18.903709493101832
0.9252904439345002,0.47514413530007005,0.5055476021952927,0.33141146204434335,0.8647050133440644,16.476474332828733
0.13459662650711834,0.5731051422189921,0.6132989604957402,0.9149903692305088,0.3741457830183208,13.119729569765045
0.9067627959884703,0.15849215094931424,0.7848873930051923,0.8077510190196335,0.49151393584907055,16.904351178797743
0.5402947168331593,0.662440691376105,0.15275171026587486,0.44273722800426185,0.7952829631976783,18.72264798482859
0.4336596231441945,0.3766796630807221,0.3166833014693111,0.7641331308986992,0.5608727096114308,16.9779420739427
0.8353818401228637,0.023866728879511356,0.2206049549859017,0.3228349641431123,0.5590418735519052,8.170351599265771
0.6704879314638674,0.2674922014120966,0.4128030033316463,0.940046830335632,0.624901337781921,18.70781110450424
0.013360312208533287,0.8592964727431536,0.6428846302442253,0.1277524286415428,0.6600859931204468,4.706700052666105
0.23084358009509742,0.2969667916186154,0.16641101660206914,0.029888265766203403,0.3743924789596349,7.005357253991414
0.06842693290673196,0.41841473313979805,0.3785026385448873,0.046128818998113275,0.34653654764406383,2.6655528970213433
0.38151652878150344,0.7170963746029884,0.34688525227829814,0.4587160483933985,0.7134111071936786,15.105447167746991
0.4317964839283377,0.8044781824573874,0.8103395134676248,0.8511244119144976,0.8026481266133487,23.07972448235179
0.7556530977599323,0.17472030106000602,0.7186102259438485,0.0875479239039123,0.7840121134649962,10.109674430984823
0.8715874520130455,0.024956271750852466,0.09156734053976834,0.663397999946028,0.42951735970564187,14.562480887423158
0.013749598525464535,0.46990444394759834,0.6404556471388787,0.9463357329368591,0.6335413337219507,12.807556104335596
0.0929005816578865,0.0913355858065188,0.9514427399262786,0.9070758188609034,0.5678472251165658,17.077671463339534
0.6104719389695674,0.6347372902091593,0.7467431486584246,0.9522456473205239,0.5989785708952695,22.136822802477525
0.09983783005736768,0.3971157940104604,0.9763241619803011,0.3713415141683072,0.7186706543434411,12.019921704053692
0.06310438620857894,0.5203588628210127,0.7693916843272746,0.7536995767150074,0.05335926543921232,9.421899717399228
0.06495373020879924,0.0990133851300925,0.3547718527261168,0.5316302068531513,0.115103974705562,5.603230373925215
0.1700859791599214,0.4166109000798315,0.14841056591831148,0.06521331937983632,0.936078991740942,10.854713895570603
0.9351439788006246,0.4970491537824273,0.18171220435760915,0.4384484251495451,0.989314140053466,21.40575756992546
0.8733713531401008,0.9274404221214354,0.7721871072426438,0.08439538045786321,0.8629216211847961,10.674165314038406
0.8615080376621336,0.6680532607715577,0.21825533034279943,0.3029192094691098,0.32692056032828987,16.626221209846218
0.6058314645197242,0.9619855103082955,0.7356844011228532,0.3361364712473005,0.0749467583373189,15.172621387004622
0.34084199578501284,0.8372307713143528,0.35554958158172667,0.7887894581072032,0.30351862707175314,18.07120565235144
0.8975130910985172,0.11411086400039494,0.8569525829516351,0.3951239390298724,0.7359207305125892,12.17311855060264
0.6956078340299428,0.7418533442541957,0.04077431024052203,0.8968001778703183,0.3885934497229755,26.965110128781316
0.6232514784205705,0.7139942138455808,0.22236254950985312,0.2796792716253549,0.06386378686875105,14.186973281528598
0.5705921601038426,0.068192572100088,0.3199081977363676,0.11109791463240981,0.769970289664343,6.733855932469787
0.3237468837760389,0.2154995754826814,0.37796219624578953,0.9032203145325184,0.4101965478621423,13.941782470069922
0.6737379818223417,0.5893892145249993,0.9103570135775954,0.08464386779814959,0.3954562144353986,14.522742068559314
0.543398377019912,0.778766498202458,0.8917974107898772,0.3106931955553591,0.043312225956469774,15.426511533290359
0.5766932133119553,0.9704207808244973,0.2498331544920802,0.7138986331410706,0.1461604640353471,18.63467351799345
0.8105635822284967,0.03036270965822041,0.36357005033642054,0.22647502436302602,0.996544505469501,6.660079421633364
0.808629747480154,0.35094195371493697,0.3813316076993942,0.008121312130242586,0.9140673521906137,12.239972146025043
0.3814847741741687,0.43031911295838654,0.8399149025790393,0.584135519573465,0.4154181061312556,14.519405151556947
0.7529166825115681,0.7002454251050949,0.5893675908446312,0.9881068295799196,0.17279935209080577,21.646406733210032
0.20141685893759131,0.8985703238286078,0.9123208266682923,0.8790993129368871,0.13490581582300365,17.9261925126481
0.1319974975194782,0.20597932441160083,0.2226463258266449,0.8787424778565764,0.2291908033657819,12.100723528382346
0.5351418077480048,0.2488315193913877,0.9816130253020674,0.4450342555064708,0.7976991718169302,16.699118039401128
0.05030961357988417,0.7257919779513031,0.40596949541941285,0.22358661144971848,0.2349184537306428,4.4693893994210825
0.9970494497101754,0.3601434582378715,0.253624489530921,0.6087929524946958,0.5745689731556922,19.03201333774256
0.6716599371284246,0.2599580844398588,0.44989697565324605,0.04631825746037066,0.14677969994954765,6.75884170355545
0.4392332388088107,0.6067547632846981,0.041295063216239214,0.5946808240842074,0.26349278003908694,18.55844721626969
0.14263439155183733,0.8594598304480314,0.041508692083880305,0.8396871048025787,0.3269791763741523,19.610453070314755
0.07140508992597461,0.8959610108286142,0.7771419805940241,0.9674757423345,0.33660012390464544,14.321970980342677
0.766928376397118,0.6562221350613981,0.6564597070682794,0.0817189421504736,0.8436701796017587,15.61041245756484
0.8548163543455303,0.7169179343618453,0.7708891227375716,0.1531497889664024,0.6769101105164737,13.665757805644104
0.26141970115713775,0.44915109360590577,0.10389929194934666,0.7008787393569946,0.4629467916674912,16.770684678583685
0.14247662317939103,0.05367848486639559,0.05952750705182552,0.6898929097224027,0.893183930311352,16.360133276130654
0.7987122624181211,0.8725503743626177,0.8317024647258222,0.7902525109238923,0.06608088128268719,19.58774339476331
0.1139708124101162,0.3168436414562166,0.5291881926823407,0.8528461162932217,0.23379597067832947,10.26627090013882
0.1405418214853853,0.9101814855821431,0.7744151898659766,0.25566436164081097,0.9922766361851245,11.431826825361336
0.2995891652535647,0.8825653325766325,0.12583987810648978,0.8126174903009087,0.32258123252540827,19.704454492042128
0.8110572868026793,0.8377404704224318,0.46000221208669245,0.6252156582195312,0.023575369734317064,14.071919019237939
0.2820477713830769,0.23126154323108494,0.18734541721642017,0.0342059142421931,0.612315286649391,5.769450135165638
0.745370525168255,0.3921687847469002,0.3123673365917057,0.7104861515108496,0.9688451271504164,20.670087909682227
0.952225010143593,0.06822132878005505,0.561800389084965,0.7132829488255084,0.8331363911274821,13.173112586085663
0.42719879699870944,0.22638024389743805,0.0389104844070971,0.8257017207797617,0.21734922984614968,17.262483073866917
0.8782298509031534,0.21210805024020374,0.5734416274353862,0.4940239416901022,0.9882392927538604,14.045037061138189
0.5985824235249311,0.9905836055986583,0.15611035423353314,0.8886966684367508,0.2640213237609714,22.72440208285861
0.10591113846749067,0.030281794955953956,0.7019130112603307,0.33511353749781847,0.3431182012427598,6.556774102482843
0.33949267002753913,0.29094411758705974,0.5543136864434928,0.6985613834112883,0.9517467706464231,15.766020335963955
0.2425135262310505,0.6860676798969507,0.7332643570844084,0.7870595550630242,0.48504999093711376,16.581988905324796
0.27412830549292266,0.08163904095999897,0.6211425838992,0.6854898310266435,0.6932848079595715,10.461144037682937
0.6052497376222163,0.26355037139728665,0.956283597741276,0.49327552784234285,0.7861520920414478,17.66047762796262
0.6579733095131814,0.9143753219395876,0.5401733643375337,0.48549576569348574,0.6222498167771846,17.41450305543223
0.3560026162303984,0.4474529360886663,0.012601675000041723,0.2538496069610119,0.20660195918753743,13.485710954784402
0.47812992171384394,0.9561807690188289,0.3302801901008934,0.5771963242441416,0.5502119197044522,18.190348701977452
0.4846338222268969,0.8818319234997034,0.6417451340239495,0.26655653421767056,0.9133481327444315,15.714393314237851
0.7513763820752501,0.18625968811102211,0.8128213540185243,0.5271562375128269,0.49440543819218874,13.519354205750867
0.5993227728176862,0.1869677919894457,0.3557290460448712,0.6954924762248993,0.3268803874962032,13.637878623365028
0.6583340181969106,0.10785081121139228,0.06663916353136301,0.7500106440857053,0.5335293628741056,16.310965849001988
0.4445916435215622,0.5764967706054449,0.76980543253012,0.29666559561155736,0.21086473483592272,13.20591756336436
0.3578225993551314,0.4171500673983246,0.9692548920866102,0.6873180593829602,0.24101673788391054,14.909040252133146
0.7939549919683486,0.6467912876978517,0.7744822297245264,0.3269883992616087,0.8229524923954159,18.474410216058075
0.42575537133961916,0.08859687647782266,0.5796909863129258,0.6628738287836313,0.20214653457514942,9.35014005603922
0.652414211537689,0.3871582776773721,0.6608493875246495,0.36980393109843135,0.5927257244475186,14.869935970072744
0.5077650491148233,0.05431311228312552,0.610519832931459,0.648449907079339,0.6671257999259979,9.175926523476269
0.4813829190097749,0.1395939728245139,0.7320352231618017,0.7172346021980047,0.4865539495367557,15.340286858218498
0.3254471691325307,0.8913623786065727,0.8044116366654634,0.7841465752571821,0.8706082999706268,21.979251079979246
0.27022005687467754,0.3012755778618157,0.15292257093824446,0.7850486023817211,0.9369995896704495,15.603063534129786
0.8262925727758557,0.7364369141869247,0.7823015232570469,0.448454245692119,0.6400622348301113,18.853032048745504
0.23128825123421848,0.8018049511592835,0.2969546637032181,0.7688166592270136,0.06109347380697727,12.656822276921456
0.12331789615564048,0.8416608213447034,0.22680083755403757,0.958744476782158,0.5667446204461157,15.840319544601215
0.3889421089552343,0.33722572796978056,0.8083534927573055,0.48563797934912145,0.7614807437639683,14.008155769492143
0.8882804405875504,0.5756693158764392,0.16959454049356282,0.3213833663612604,0.5976318321190774,19.004343002758922
0.5335463483352214,0.6712349890731275,0.28598723211325705,0.03142432146705687,0.671652321703732,13.643877683000625
0.2221816962119192,0.5770540442317724,0.39411488687619567,0.36285550659522414,0.9894330906681716,12.667362176693953
0.4880912029184401,0.7343790652230382,0.8763139613438398,0.5653005966451019,0.41197056928649545,20.04952113375541
0.04773313831537962,0.37875436851754785,0.3621610749978572,0.27358617912977934,0.0668007736094296,4.878956121382234
0.21926234755665064,0.0007371979299932718,0.6342271794565022,0.7145619920920581,0.4148071720264852,8.364621097848815
0.009477364830672741,0.09240045538172126,0.11315542040392756,0.3055123689118773,0.35266264365054667,7.5912657605689535
0.27123729349114,0.6566667919978499,0.15133236744441092,0.6564022514503449,0.7356316025834531,17.40684996654539
0.5451735453680158,0.6065928474999964,0.49634966626763344,0.8115233690477908,0.42148251784965396,19.501768375585826
0.521203056210652,0.360827618278563,0.517556973034516,0.9747753909323364,0.38927297363989055,17.440484165962072
0.4007468621712178,0.7548474287614226,0.7435506007168442,0.24900943040847778,0.940286275697872,17.515631628962986
0.7735407163854688,0.7427682327106595,0.33187546534463763,0.5730363321490586,0.671552604297176,18.785370924874858
0.8247224276419729,0.9313104266766459,0.7006082634907216,0.8988319826312363,0.8332604723982513,21.183379587073084
0.3252220219001174,0.22889974084682763,0.40414026961661875,0.7926234167534858,0.1525962681043893,11.406630855521007
0.6754888580180705,0.22242633416317403,0.9290934924501926,0.7749099733773619,0.22074545570649207,17.668433361781936
0.14807551074773073,0.9599072493147105,0.8897240024525672,0.5161937375087291,0.7916608552914113,16.7159082067148
0.8956351957749575,0.8407584761735052,0.8090993305668235,0.8786531779915094,0.42292209691368043,19.614938147227832
0.8110202315729111,0.019265189999714494,0.8480711607262492,0.5475707799196243,0.6398496446199715,12.130409097662932
0.6413604062981904,0.19329083617776632,0.747448101406917,0.3192639187909663,0.36144474102184176,8.592119737554995
0.36461845110170543,0.49549596291035414,0.4008877770975232,0.3216210617683828,0.6411568785551935,11.993653463451253
0.9043321267236024,0.39892503526061773,0.10305116581730545,0.5083091435953975,0.10886218957602978,17.562923290690616
0.37955855671316385,0.6623826292343438,0.8668270534835756,0.9357284023426473,0.2559439679607749,20.055857129751487
0.25515466649085283,0.49808303685858846,0.7200657273642719,0.5362977578770369,0.35603342833928764,12.97674163733784
0.8839840379077941,0.22896474413573742,0.8438633845653385,0.4975641402415931,0.31781697925180197,14.768507954440842
0.7663812167011201,0.40256674331612885,0.9457490218337625,0.2517054721247405,0.1452159706968814,17.381921685967693
0.6636221681255847,0.7770555838942528,0.39292462612502277,0.5137568460777402,0.8485145156737417,19.433007745755187
0.0052014621905982494,0.46850401745177805,0.24433881556615233,0.48226976837031543,0.9033053375314921,12.010005208844131
0.9224477771203965,0.37656429130584,0.9237401934806257,0.9453053618781269,0.6490085911937058,26.83019449184788
0.4538549061398953,0.9922697241418064,0.43511487962678075,0.8080266008619219,0.581483069807291,20.841529099701265
0.8448680404108018,0.9878591445740312,0.9058996725361794,0.8066285166423768,0.9677769364789128,21.13966336201185
0.6361139675136656,0.36623640079051256,0.19338798406533897,0.5407283778768033,0.2996483473107219,16.183869427203952
0.6353142997249961,0.3446692368015647,0.9372228572610766,0.9394786297343671,0.5890596439130604,21.940143972703197
0.6143805074971169,0.044903331669047475,0.9112773463129997,0.23358451714739203,0.5808820717502385,9.938084187334194
0.04265336086973548,0.03984579234384,0.327764903428033,0.2593403735663742,0.3781999119091779,5.957089357641548
0.2320665812585503,0.7967681556474417,0.835609222529456,0.06055731023661792,0.27965497435070574,9.936344710996133
0.2988160022068769,0.6434752114582807,0.8543210341595113,0.6542563596740365,0.30847165174782276,16.627536296177844
0.2465634341351688,0.8899974194355309,0.8708553845062852,0.22369145066477358,0.29188550845719874,14.124159543965634
0.5578665952198207,0.9923264721874148,0.699990265769884,0.08617353765293956,0.441984974546358,14.218059955393914
0.31991821830160916,0.2421024206560105,0.356055665994063,0.49687365954741836,0.5633280561305583,8.930449590588266
0.09021766018122435,0.972523040138185,0.3103826323058456,0.4759545843116939,0.5051097243558615,12.377755807794134
0.9314349461346865,0.4294934219215065,0.9106105000246316,0.3098507020622492,0.6604774149600416,20.575314881838015
0.24279042100533843,0.9491211087442935,0.13880806742236018,0.6848032891284674,0.8228462971746922,21.099697273555357
0.31173494434915483,0.7809212100692093,0.5947007306385785,0.750036763260141,0.40403076936490834,16.87822560290173
0.07651106407865882,0.36241933866403997,0.12420810852199793,0.27559472410939634,0.49759260192513466,10.378786974798864
0.5999523061327636,0.40840057702735066,0.08949181390926242,0.6558249613735825,0.8171789855696261,20.71977549089581
0.42458138102665544,0.8394871633499861,0.9641987315844744,0.4978759887162596,0.9914566399529576,21.857931867411818
0.5427358713932335,0.04279982880689204,0.8522769273258746,0.6434689399320632,0.732279846444726,13.75131461495322
0.2998125397134572,0.842233199859038,0.9715645462274551,0.6425142011139542,0.020214718068018556,18.563779779754867
0.5921259627211839,0.5163748627528548,0.9149183798581362,0.5046741534024477,0.7930373959243298,19.821839542246252
0.47101075551472604,0.7878553138580173,0.7731372560374439,0.01519056805409491,0.5218371278606355,13.574576200861259
0.1300574119668454,0.012239382602274418,0.16072542779147625,0.2782428846694529,0.32132969493977726,7.120008710014225
0.7846644322853535,0.6352442468050867,0.9849853133782744,0.4651621619705111,0.887726275715977,26.482151833751583
0.83254908118397,0.5524719674140215,0.08614946715533733,0.2923515597358346,0.6480546668171883,19.14984061845794
0.6066548353992403,0.5061974262353033,0.6806751033291221,0.24647897481918335,0.0833022587466985,12.246926566645834
0.5542003773152828,0.5376480114646256,0.9488985813222826,0.6664346072357148,0.2787736712489277,20.481322705131085
0.03651769529096782,0.03813404217362404,0.1221221461892128,0.5045278642792255,0.5412270908709615,9.364493208933007
0.5188170792534947,0.42033354635350406,0.960112014785409,0.27573463087901473,0.273460044991225,14.422452125326165
0.9188475799746811,0.08304949104785919,0.7490443724673241,0.3854358452372253,0.28041752870194614,6.77618812750873
0.13055490399710834,0.6239968375302851,0.5172836678102612,0.7098146306816489,0.5880713313817978,12.887859795535613
0.295266916975379,0.4046559340786189,0.889914367813617,0.602428593672812,0.6114039933308959,15.809398201349758
0.2608292829245329,0.21878058509901166,0.4417088218033314,0.50862493715249,0.6721914850641042,10.059224606562474
0.11754070362076163,0.10272540780715644,0.9855377948842943,0.05892895208671689,0.33562804758548737,6.2052027690239395
0.8988968257326633,0.3983563743531704,0.9122878122143447,0.923562160693109,0.43069771863520145,21.400590927357683
0.9902966220397502,0.8647149850148708,0.04462033719755709,0.9405596344731748,0.3828237841371447,18.466209905306492
0.8934192056767642,0.8723346849437803,0.24946869583800435,0.3441951109562069,0.24607344414107502,11.571577138086262
0.5064140064641833,0.6625846275128424,0.7337329438887537,0.8487291366327554,0.6265110790263861,21.195868378054826
0.46678020246326923,0.7086926267948002,0.30735174217261374,0.8699917076155543,0.6328741633333266,21.57646497594703
0.5453763057012111,0.39498680201359093,0.10404704022221267,0.06760229240171611,0.3997692344710231,11.388155149896036
0.20267917308956385,0.547033385373652,0.6980675177183002,0.24712043232284486,0.12726057623513043,8.216182156014243
0.23724550218321383,0.8406062494032085,0.6294018004555255,0.9186184362042695,0.593592889374122,17.804677727092173
0.001406041905283928,0.7286774944514036,0.19098297390155494,0.5210968607570976,0.5889922506175935,10.803730653143786
0.4140314862597734,0.3835750725120306,0.0735048190690577,0.3631662663538009,0.10339328949339688,12.402574448134791
0.350410828134045,0.33487534639425576,0.9219676153734326,0.9465864731464535,0.746487881988287,19.775605403098204
0.3310895545873791,0.9767229652497917,0.42678446834906936,0.2500139740295708,0.3798959341365844,11.375507474293748
0.4033173860516399,0.21582862921059132,0.09080134402029216,0.16371214599348605,0.1496940318029374,7.090376746952534
0.9439603495411575,0.7576987843494862,0.02197081479243934,0.8247534553520381,0.4806009749881923,21.408172350086872
0.7844335776753724,0.29805141407996416,0.39801175869069993,0.25976426573470235,0.49241834226995707,11.942853383426254
0.08571519353426993,0.35595899913460016,0.858576858881861,0.27468777960166335,0.2659317343495786,6.038389976387778
0.2514286325313151,0.9936959007754922,0.7815411787014455,0.8981128605082631,0.4361725226044655,19.2128847591779
0.6921304289717227,0.6878781872801483,0.6827776555437595,0.6407422493211925,0.4973289924673736,18.76071116287128
0.9521515949163586,0.1294046463444829,0.9924149110447615,0.06860077078454196,0.6154274244327098,12.309236299237622
0.28939202800393105,0.021947283064946532,0.3279533844906837,0.5935408230870962,0.724377408856526,10.096125934406267
0.4180551755707711,0.9679465587250888,0.8172303505707532,0.7598804901354015,0.9696629401296377,22.372504635667315
0.9535534116439521,0.057055731769651175,0.3986767693422735,0.5865903971716762,0.4766841751988977,9.56530680995643
0.4425480559002608,0.08034813939593732,0.5248853727243841,0.5915870983153582,0.9011477727908641,11.281545141490627
0.6416145104449242,0.2523606065660715,0.07693680422380567,0.5250483858399093,0.8319829609245062,18.523141017395993
0.9809156879782677,0.6484519732184708,0.7758556897751987,0.3736527974251658,0.31038939906284213,16.584413944078044
0.5864547481760383,0.6388188963755965,0.6256376483943313,0.5681833445560187,0.9170225362759084,19.549315342894847
0.5535830787848681,0.14608500734902918,0.6162757754791528,0.33258324465714395,0.7857686779461801,10.90115864138063
0.28697793604806066,0.942122959299013,0.024155775783583522,0.37743071909062564,0.6751824617385864,17.14125711354169
0.2562375159468502,0.5292935019824654,0.3323926005978137,0.7157720837276429,0.8835376615170389,14.520870757149885
0.3813332065474242,0.7731792419217527,0.8583119169343263,0.27808553306385875,0.15290185087360442,13.872137454364369
0.18210366973653436,0.8161314916796982,0.8796752719208598,0.08785077440552413,0.23401341889984906,10.10598782389003
0.6680299416184425,0.6649205782450736,0.5942830457352102,0.47603113506920636,0.16867597308009863,16.543460190552945
0.06904542399570346,0.9014832442626357,0.38287852657958865,0.8491101001854986,0.13450903445482254,11.53601478158637
0.9030651589855552,0.6553698037751019,0.46353587321937084,0.2755270544439554,0.3824603552930057,15.632730180826696
0.552043232601136,0.5326580996625125,0.5931584262289107,0.08029771433211863,0.8094529521185905,13.250361556126956
0.1367185632698238,0.05836070072837174,0.5502673785667866,0.9877189903054386,0.5186545522883534,12.445805267267549
0.7024858382064849,0.7231457191519439,0.18168860138393939,0.8877618645783514,0.527661764761433,23.85378744871808
0.7349698436446488,0.8234020757954568,0.8021773064974695,0.2977473579812795,0.5621278490871191,18.389725501436573
0.934051220305264,0.7096974009182304,0.13752936501987278,0.5890110633336008,0.0030980855226516724,17.282816161149203
0.7557125319726765,0.7985918212216347,0.2770436927676201,0.5668279132805765,0.8986228809226304,21.977716355099385
0.7152254972606897,0.8855456199962646,0.02058335836045444,0.19280102709308267,0.4910337068140507,16.403818065400944
0.08378189080394804,0.8783871510531753,0.22920077526941895,0.8605616034474224,0.2565111927688122,14.407312699625809
0.3567756318952888,0.8998879450373352,0.6527996072545648,0.42303618253208697,0.6751663559116423,18.07054523562252
0.22487042983993888,0.09509596088901162,0.34331141388975084,0.617845956934616,0.22924769041128457,9.358946516670704
0.8346215090714395,0.39097669860348105,0.9946299528237432,0.8649670253507793,0.21282924991101027,22.158707260379103
0.5659760639537126,0.04150581196881831,0.7484077520202845,0.7952154548838735,0.3652459401637316,11.414821413340311
0.022545822663232684,0.6694668352138251,0.4079688023775816,0.8671250820625573,0.5410765528213233,12.206102951986898
0.49616873054765165,0.500437572132796,0.9630115157924592,0.17555010644719005,0.7259555067867041,17.369041844905677
0.5091480393894017,0.9787478481885046,0.9399416490923613,0.5728991546202451,0.8870469545945525,24.773336522350863
0.6797264292836189,0.4561779189389199,0.9224241552874446,0.6434083259664476,0.15719075175002217,20.267292272689964
0.4050957092549652,0.6566739366389811,0.2700445593800396,0.5181869948282838,0.5190145277883857,17.136489620029792
0.16322124213911593,0.19237893563695252,0.06464526895433664,0.4817153154872358,0.012461483478546143,9.255505212676642
0.3422820612322539,0.49794506933540106,0.4070502850227058,0.9796072870958596,0.30477465712465346,15.918526940103497
0.9307888885959983,0.03866342059336603,0.11557459505274892,0.5180232366546988,0.03436434455215931,8.512420552484793
0.28896928229369223,0.8188340552151203,0.37807246297597885,0.2737343276385218,0.8049408609513193,13.591491372406967
0.9122727536596358,0.2955430131405592,0.638912292663008,0.31656240997835994,0.6509543731808662,14.389399274999654
0.41074227588251233,0.11776724620722234,0.29897839459590614,0.4176022741012275,0.9317808877676725,10.985634284412617
0.789800135884434,0.7851509039755911,0.04104416212067008,0.4152980998624116,0.2517574217636138,18.910139916594762
0.38061672798357904,0.34462328464724123,0.7006979163270444,0.7514848734717816,0.30223469831980765,13.88721217618076
0.3926621552091092,0.5384915235918015,0.10805216711014509,0.799662547186017,0.5100652298424393,19.366987506247728
0.7917007056530565,0.49340463150292635,0.8116333424113691,0.8314896707888693,0.7419417968485504,22.273308245384495
0.6460907433647662,0.8654166122432798,0.27017210121266544,0.26041287602856755,0.34150709793902934,13.580491804875654
0.9778807605616748,0.26328191068023443,0.6629504121374339,0.004272955236956477,0.16837342618964612,9.031228364662649
0.38924572174437344,0.7857299274764955,0.7485991450957954,0.09192074951715767,0.015091337962076068,11.558439373788165
0.15528693026863039,0.6885139015503228,0.11110362643375993,0.8079436358530074,0.04593301750719547,12.985348652917494
0.13101485650986433,0.8857260118238628,0.33475668728351593,0.30257145687937737,0.8541891446802765,10.95642212153822
0.41461341991089284,0.9195213103666902,0.6182439599651843,0.6825219944585115,0.6724424113053828,20.60068198735983
0.6690353921148926,0.4491076327394694,0.2053780215792358,0.7739318658132106,0.17923286696895957,18.691715817072208
0.9277032059617341,0.7707130583003163,0.4916085477452725,0.928616807796061,0.7501130257733166,20.791400113629823
0.25297281821258366,0.2909284229390323,0.4626015794929117,0.9842424755915999,0.5626427398528904,15.810693442777747
0.5616124817170203,0.7195452195592225,0.8339283030945808,0.5243241593707353,0.28566731908358634,17.48603730371563
0.5218390361405909,0.47222396871075034,0.7850455904845148,0.7222818054724485,0.6357966659124941,18.92477696483978
0.42207003850489855,0.09075446287170053,0.5719746728427708,0.7648370976094157,0.5857534636743367,12.143907180888592
0.1570547332521528,0.6416569675784558,0.3065382628701627,0.47764745773747563,0.09458265989087522,7.843679142401091
0.7692089884076267,0.043801770778372884,0.988976942608133,0.10076276841573417,0.06232323567382991,7.473786237462749
0.4077095922548324,0.004350888077169657,0.8221342524047941,0.1274388174060732,0.7399840068537742,6.88929329211773
0.5559313748963177,0.0733061374630779,0.29049424547702074,0.49788863654248416,0.028280623955652118,8.542422868431832
0.06544504058547318,0.6312114151660353,0.9364129258319736,0.19303873786702752,0.4980427117552608,10.142355486318113
0.04457470495253801,0.7092297209892422,0.7102541748899966,0.6872408175840974,0.9854718132410198,13.302180225397095
0.9896363890729845,0.48243309068493545,0.9808752003591508,0.020979435881599784,0.11556250718422234,15.634705183999628
0.678904423955828,0.4125834545120597,0.7826403195504099,0.7332045186776668,0.4144983282312751,19.302381183277138
0.9102803214918822,0.46603299770504236,0.007960081566125154,0.6814323894213885,0.4709621015936136,23.902331692750764
0.9055449983570725,0.8143490850925446,0.8486402488779277,0.7674562290776521,0.8944902608636767,21.661137213315627
0.7960054820869118,0.6764390398748219,0.47701980033889413,0.24633523495867848,0.15589679242111742,14.533906594949425
0.21033345884643495,0.977630868088454,0.5848429137840867,0.0702521603088826,0.6111562119331211,10.492951737951651
0.37688625347800553,0.877360220067203,0.21682403632439673,0.6232675481587648,0.23940702085383236,18.000528377597046
0.9021727500949055,0.935369974700734,0.09168073046021163,0.5988058024086058,0.4374040490947664,16.546333319541013
0.24531442229636014,0.6651856522075832,0.5346948769874871,0.3319913276936859,0.16434557735919952,8.65227941656008
0.46939059370197356,0.7524430430494249,0.8540436478797346,0.0893884093966335,0.11786113795824349,11.392488414090083
0.5127039367798716,0.8894170434214175,0.16042923252098262,0.01709382305853069,0.0009558468591421843,12.475362816115112
0.07313205301761627,0.16945983725599945,0.33285937272012234,0.9655022707302123,0.3322043598163873,11.293415659855675
0.1767309200949967,0.7004098980687559,0.9312066123820841,0.9234495616983622,0.7907702175434679,19.337049032065327
0.9526287803892046,0.20654696132987738,0.9498010342940688,0.9548313030973077,0.8101801795419306,24.307758747428075
0.7705135240685195,0.5285304270219058,0.8608600127045065,0.039634671062231064,0.9101028477307409,17.682098260624404
0.034933957969769835,0.7548947099130601,0.6498946929350495,0.6010400045197457,0.058457605075091124,7.865772177444688
0.5819187487941235,0.06290316581726074,0.7537734587676823,0.013870993396267295,0.7299371871631593,7.0799830851928744
0.5548710399307311,0.13332069339230657,0.3290324071422219,0.24663685890845954,0.5576951464172453,7.955641684888867
0.8860264441464096,0.2249483298510313,0.6160226881038398,0.19236134854145348,0.8667296606581658,12.346116833921348
0.7145155968610197,0.05471633025445044,0.2315972822252661,0.8061222035903484,0.986635614419356,13.348775352396617
0.4752360610291362,0.2165073691867292,0.7828661007806659,0.38772298605181277,0.6148324680980295,13.25685009046971
0.452414664439857,0.5873819964472204,0.13685337570495903,0.3188114317599684,0.16172299557365477,14.038870449385778
0.7542853199411184,0.3599634494166821,0.669583166949451,0.4938506563194096,0.8743261792697012,18.045436615142947
0.6177718692924827,0.061343190958723426,0.9140249509364367,0.22948759468272328,0.23306652251631021,8.973820743823104
0.6202476106118411,0.11030269274488091,0.025543130934238434,0.13010340300388634,0.845027074450627,13.216738752631784
0.17197709437459707,0.3266053458210081,0.6263757864944637,0.4509035348892212,0.8444780267309397,10.853813497448145
0.8361979285255075,0.935210169525817,0.312646770151332,0.10597156570293009,0.7271375162526965,11.619960829199082
0.8385619721375406,0.7871391044463962,0.16331651620566845,0.587368284817785,0.8981987640727311,20.096877927355923
0.7856829119846225,0.6691740993410349,0.03782522492110729,0.9470553973224014,0.5378932482562959,27.112619013950194
0.7934173969551921,0.12408697814680636,0.6033387209754437,0.08932717330753803,0.2645734080579132,5.920317417220453
0.1673567791003734,0.7487039130646735,0.775471679167822,0.969889133470133,0.4953517848625779,17.242308563964762
0.984140113927424,0.9712759989779443,0.6314721612725407,0.3404432500246912,0.09254924231208861,6.534323446751564
0.5780585061293095,0.08269384410232306,0.018281116615980864,0.45475937123410404,0.07549288240261376,10.121077386533248
0.8717508211266249,0.48071697214618325,0.6476746015250683,0.4515401248354465,0.9114638657774776,17.52677813771655
0.2835729322396219,0.7656782555859536,0.430157323833555,0.43717274465598166,0.4929260304197669,12.366954540094415
0.10217857151292264,0.8092915937304497,0.2849040988367051,0.8102689506486058,0.44887976069003344,12.42016069500722
0.13330320292152464,0.34406690136529505,0.0020435031037777662,0.5316863083280623,0.3470189571380615,12.89619963429136
0.1259623826481402,0.8141731189098209,0.858409252949059,0.49952607601881027,0.2814878176432103,12.558448582707527
0.8818289954215288,0.6317345602437854,0.8763984765391797,0.15355606586672366,0.693785397335887,17.90964024627401
0.13862215750850737,0.8919547686818987,0.8733877858612686,0.6101708342321217,0.2597877748776227,14.445477497132687
0.9121013744734228,0.684269429417327,0.5604752816725522,0.6766644797753543,0.728928406490013,19.36275123637938
0.2875844929367304,0.03871242329478264,0.9085352187976241,0.5220878680702299,0.9504568960983306,14.242381603199659
0.9203368697781116,0.1457168806809932,0.8147251063492149,0.5104547387454659,0.9523533226456493,16.303785053304647
0.10036455350928009,0.12686923146247864,0.6585718342103064,0.6607676511630416,0.4610859842505306,8.917416251849584
0.0860062506981194,0.7119528907351196,0.3984191012568772,0.9788740235380828,0.07978645362891257,10.304879824576744
0.5609818168450147,0.5241285015363246,0.8867887437809259,0.792974506272003,0.07586615509353578,20.99743528272942
0.8419058583676815,0.4290371004026383,0.9032147494144738,0.8938242013100535,0.2731273053213954,23.57243913671623
0.4548399632330984,0.37508880952373147,0.4100418100133538,0.35839778324589133,0.9614085063803941,12.510770539609648
0.81276272283867,0.5713996235281229,0.1256778093520552,0.7923886207863688,0.9247310869395733,24.51310951250703
0.6971171761397272,0.5294254748150706,0.6601881205569953,0.6371826063841581,0.7752157112117857,18.64045787425234
0.4094837501179427,0.17086994647979736,0.496561556821689,0.2018087888136506,0.4502319779712707,7.2271745783470935
0.6693629759829491,0.2523716785944998,0.8939636314753443,0.7351262443698943,0.5486719608306885,19.242847207431552
0.6176704836543649,0.37872359971515834,0.04676285432651639,0.16824086708948016,0.26914500631392,16.252525125012706
0.690300804330036,0.4770314192865044,0.390290749957785,0.3911342069040984,0.493150994181633,14.76289781408306
0.12955937278456986,0.9851919733919203,0.6702378892805427,0.7442934084683657,0.8645746903494,16.663833036103842
0.47377209388650954,0.7292590567376465,0.3668012414127588,0.7965377303771675,0.6089853504672647,21.48912747894373
0.3255734066478908,0.9127530206460506,0.8338362723588943,0.12488922919146717,0.733224009629339,16.08001924541101
0.5745454924181104,0.42396148084662855,0.7588641142938286,0.5851608579978347,0.29925315896980464,17.03928844018166
0.8968925275839865,0.9155036481097341,0.10454534203745425,0.34874125733040273,0.4684284597169608,15.461516805498142
0.4911651893053204,0.677232749061659,0.3256337083876133,0.6336695365607738,0.8060438453685492,18.697735472591056
0.961480088531971,0.17379059200175107,0.7477515186183155,0.7485098557081074,0.6641879533417523,17.90725870958725
0.34692401997745037,0.8768471467774361,0.5483094628434628,0.01419125241227448,0.2763925832696259,8.742692932073076
0.5985705421771854,0.43057126947678626,0.37332770344801247,0.4805179527029395,0.3328384468331933,12.401892940030189
0.8867340488359332,0.49574742768891156,0.32265118253417313,0.5804751825053245,0.7621582869905978,20.100722290507196
0.9383838546928018,0.054999236250296235,0.7690595490857959,0.49549949658103287,0.00011857529170811176,7.0095543511807
0.9257660922594368,0.7185983387753367,0.12107289931736887,0.0766719551756978,0.16326175327412784,13.848196335340134
0.005725546274334192,0.7164845659863204,0.784929821966216,0.7964105585124344,0.5983011545613408,11.485418233517718
0.12106852978467941,0.04649926349520683,0.21889081853441894,0.8735438943840563,0.3156552442815155,12.407050566505465
0.1157413141336292,0.7048133469652385,0.293742286041379,0.6788092928472906,0.7340249819681048,16.08739978460497
0.9103280757553875,0.5891739656217396,0.7495698758866638,0.7237365073524415,0.29614549153484404,19.631976786244596
0.3111201871652156,0.5168042588047683,0.8747767354361713,0.07184277544729412,0.43318115174770355,13.35266952420325
0.18185931257903576,0.7261818402912468,0.5665445392951369,0.861296916147694,0.11098359478637576,14.114649801729113
0.9574235663749278,0.7627952781040221,0.37231107731349766,0.9497203417122364,0.7164013097062707,21.8647051724051
0.6992665273137391,0.15456071542575955,0.22994803823530674,0.7587268548086286,0.257795169018209,13.404543069498503
0.9720363412052393,0.19050129037350416,0.5815626194234937,0.9927778241690248,0.9525481436867267,20.54305070741244
0.746298037469387,0.42906581121496856,0.5776130671147257,0.2812007428146899,0.9171423120424151,15.402543912186463
0.5058220617938787,0.33467879658564925,0.45540182013064623,0.9281203479040414,0.841659233905375,20.510884753867483
0.6610743056517094,0.9574478243011981,0.9947636402212083,0.6627972801215947,0.7587179192341864,23.623920832443673
0.4469023821875453,0.5070211519487202,0.11643495853058994,0.5981771268416196,0.33230532915331423,17.08075243116812
0.24535091337747872,0.07324245292693377,0.2489497889764607,0.9556025068741292,0.3652629766147584,11.941863922491994
0.2104693385772407,0.4195625395514071,0.05326551734469831,0.14188802288845181,0.5988633630331606,11.61342957470821
0.16805094573646784,0.4679335013497621,0.0219984061550349,0.0865896507166326,0.215820042649284,8.213650028129683
0.723657833179459,0.3914845597464591,0.744254631223157,0.3533782665617764,0.7943629664368927,17.553144930209466
0.8063105680048466,0.6833155157510191,0.03078023507259786,0.6339082065969706,0.26819489034824073,22.327549866240677
0.32070825155824423,0.03309646085835993,0.9235570337623358,0.0979083536658436,0.5950398489367217,7.834454611723079
0.2524622157216072,0.7035748341586441,0.20536397746764123,0.4448535582050681,0.5185223375447094,11.802233979213279
0.7348326980136335,0.8202318244148046,0.9228764919098467,0.7581879531498998,0.5579368337057531,25.130382667273068
0.7439424248877913,0.7170509805437177,0.9686131747439504,0.5130189531482756,0.05937820835970342,21.200934001673357
0.620870346436277,0.204764912603423,0.9711595631670207,0.717096608132124,0.7915807946119457,18.117005996594607
0.39404103183187544,0.743032303173095,0.001487178262323141,0.9465161298867315,0.45089228451251984,25.53500368712844
0.6988297812640667,0.2528088642284274,0.7133464538492262,0.3175454861484468,0.9228859804570675,15.771202992014107
0.876070894068107,0.943144973134622,0.4694383677560836,0.668055783258751,0.2017493958119303,13.576314163909956
0.27713957778178155,0.3562005760613829,0.23622243432328105,0.5192925694864243,0.2832720822189003,11.298489540991191
0.5266724445391446,0.8108871597796679,0.44792895298451185,0.952900193631649,0.6575465449132025,21.30550224807621
0.1634415292646736,0.6174729580525309,0.6278885663487017,0.0044945902191102505,0.5407188127283007,6.35197754292302
0.7393890216480941,0.17585556767880917,0.014836587943136692,0.3343752508517355,0.9033098930958658,18.147750684471134
0.5674356126692146,0.5455815794412047,0.7769114102702588,0.018442677101120353,0.1394361206330359,9.644993208468282
0.2819895052816719,0.19961863267235458,0.6602939360309392,0.7537577231414616,0.7230381674598902,14.914649154534182
0.8652945079375058,0.9656689735129476,0.4377423932310194,0.47290082671679556,0.26175473467446864,10.87089989899161
0.9432577611878514,0.6262991509865969,0.8627117748837918,0.9741250686347485,0.011575861368328333,23.111350032100255
0.7762322938069701,0.6171737401746213,0.14728857134468853,0.689344639191404,0.5052261301316321,20.235250360235277
0.6851856466382742,0.8563157552853227,0.3654725612141192,0.00030238833278417587,0.4887454421259463,11.811975478053352
0.06243647285737097,0.5883973289746791,0.48979517724364996,0.25595863652415574,0.47496110619977117,5.427600780975468
0.20212412113323808,0.08000631304457784,0.9258026343304664,0.4351841486059129,0.656704674474895,12.005282289408987
0.05993447103537619,0.19672420248389244,0.2018323801457882,0.3185747086536139,0.3277081025298685,7.647681301664804
0.9026761217974126,0.38053671875968575,0.8813037117943168,0.3168410402722657,0.9649501808453351,19.246362802579572
0.429032645188272,0.17463442659936845,0.976860242895782,0.6068031447939575,0.0026273250114172697,11.300462003481586
0.748579136794433,0.9789130419958383,0.2167975625488907,0.606920073274523,0.9315807276871055,18.06609601635274
0.1349879400804639,0.7554945030715317,0.03552242717705667,0.47282376093789935,0.9687625735532492,15.764423511566367
0.8310682256706059,0.770041894633323,0.6755748484283686,0.41365194343961775,0.4370381385087967,15.086278827230817
0.014549375278875232,0.3462550607509911,0.5686813709326088,0.19291097042150795,0.5916179604828358,5.076314548664181
0.7880508094094694,0.3802656983025372,0.13816004036925733,0.6412577640730888,0.0021848739124834538,18.438616712166755
0.7360162686090916,0.40567427268251777,0.9007411622442305,0.700550896814093,0.7484160906169564,22.803134141112704
0.43037766334600747,0.14971129782497883,0.5340638232883066,0.48423257702961564,0.5438347775489092,10.734009942257513
0.5439772338140756,0.14848817186430097,0.6966099992860109,0.35743028461001813,0.3525410417933017,7.543910372571528
0.6042414680123329,0.43782850657589734,0.14199119829572737,0.7135720169171691,0.3342252839356661,18.108189989052892
0.8320309105329216,0.1464001671411097,0.9604490511119366,0.9267411075998098,0.531628659227863,20.19149787196301
0.593521244591102,0.927177689736709,0.40364811080507934,0.7033646947238594,0.31761461310088634,18.425302673587666
0.6629611456301063,0.4710890124551952,0.5237140855751932,0.6769774216227233,0.43651869357563555,18.80957792366011
0.7817598893307149,0.8165592120494694,0.08985549793578684,0.2797600473277271,0.763824550434947,18.516768318523827
0.09977296064607799,0.17822669562883675,0.37006390816532075,0.5693289467599243,0.30238497722893953,7.36068446094262
0.7793009271845222,0.14794835937209427,0.9206336576025933,0.4003196188714355,0.01027994160540402,10.61951666382446
0.7627748504746705,0.024008308770135045,0.36060837004333735,0.25694732554256916,0.7663667011074722,8.40282305902538
0.925998852821067,0.8711444775108248,0.9751429525204003,0.13130868249572814,0.7561073747929186,15.562143494576278
0.24715055478736758,0.30873708752915263,0.2436837402638048,0.34386948542669415,0.9416210795752704,12.186792399477453
0.26980543904937804,0.9292712681926787,0.5355686787515879,0.6617048217449337,0.1516198068857193,15.337224162465242
0.7522732987999916,0.8644512433093041,0.6421597569715232,0.56190928327851,0.09113129484467208,15.78675681537672
0.4638336184434593,0.010411648079752922,0.516134582227096,0.5598876802250743,0.0779677052050829,5.552852765451285
0.2256480532232672,0.09354385174810886,0.29210127028636634,0.540119185578078,0.41431757784448564,9.951688428346632
0.020591647131368518,0.20466627948917449,0.7686934098601341,0.45076099573634565,0.12073112558573484,7.522481171201199
0.5971462298184633,0.07884713402017951,0.7861373403575271,0.2913972707465291,0.7419790893327445,9.28948074153416
0.6691835541278124,0.4183729027863592,0.17633946961723268,0.5364111396484077,0.26755812019109726,17.269356620278916
0.3840695375110954,0.9054725503083318,0.4469248466193676,0.42360315239056945,0.8162178278435022,17.026466985405346
0.6228570204693824,0.16993119986727834,0.3684062254615128,0.013508206699043512,0.517836392391473,5.76057838957827
0.38317403476685286,0.9522846443578601,0.9491826191078871,0.5483815623447299,0.942191005917266,22.356998930772647
0.27455878374166787,0.9206092718522996,0.04836750542744994,0.6902022650465369,0.42976112058386207,19.602047929034995
0.12919852486811578,0.2028341784607619,0.8895674673840404,0.7075006619561464,0.37732502236030996,13.416542289894142
0.5448428632225841,0.37144584744237363,0.33494686568155885,0.4345570697914809,0.029685423243790865,11.961288671979391
0.9833431043662131,0.15735578327439725,0.5305485434364527,0.6645072801038623,0.9317641893867403,16.118722793400032
0.5596441309899092,0.2446758020669222,0.24987279158085585,0.2274976426269859,0.06426851940341294,5.928920114282395
0.6474671023897827,0.668779670028016,0.5940950196236372,0.34692023741081357,0.7962881969287992,19.30045574072437
0.7899366356432438,0.5884187691845,0.9596005079802126,0.06579267769120634,0.24710997170768678,15.532763804244958
0.39278835244476795,0.4326342847198248,0.47324394108727574,0.612952833995223,0.419094332261011,13.237187601147648
0.9322427886072546,0.08720008190721273,0.4139285981655121,0.6710815075784922,0.7749079989735037,12.34360113107552
0.14023231947794557,0.028021812671795487,0.8067295290529728,0.012862502131611109,0.7573723199311644,4.5320183141593855
0.6936360062099993,0.6310392967425287,0.3750335571821779,0.3682983051985502,0.3825393265578896,15.289748594081539
0.6368388417176902,0.6188063668087125,0.767091603949666,0.02767249313183129,0.6412490378133953,13.7199234014954
0.4168497060891241,0.43746469519101083,0.3201901549473405,0.7721091711428016,0.15024344599805772,15.001643343520207
0.9908227308187634,0.9834857161622494,0.6196555034257472,0.9911135965958238,0.44722420955076814,12.033123013610627
0.5502669729758054,0.8821144697722048,0.5494025237858295,0.13726359815336764,0.726621768437326,14.24626398531286
0.5863330594729632,0.039282840909436345,0.8042602406349033,0.33648455678485334,0.8883287752978504,11.815689144270047
0.5232362584210932,0.26097548520192504,0.26818613917566836,0.8367313318885863,0.780951140448451,16.654471634353413
0.24728176090866327,0.38388772844336927,0.33266250044107437,0.14114060602150857,0.14009438268840313,6.471034261043367
0.9529724025633186,0.22430681600235403,0.1969327919650823,0.612879438791424,0.97711265925318,19.60843092280236
0.6340120756067336,0.5771571670193225,0.20443815016187727,0.6692679116968066,0.06341581884771585,19.88421852048947
0.6135521680116653,0.7272888214793056,0.5712581153493375,0.8985543418675661,0.4330419059842825,21.163561777103673
0.13405246962793171,0.2634826547000557,0.38886229088529944,0.12366793863475323,0.6781857076566666,6.831221055760465
0.6826165532693267,0.657449949067086,0.31095590675249696,0.8201977328862995,0.027516676811501384,17.59581736665826
0.48840596177615225,0.8867680763360113,0.42142832837998867,0.6773307125549763,0.543165157083422,17.17319120483619
0.05996698373928666,0.380391325103119,0.897300748154521,0.7665290895383805,0.370587345212698,14.845188060670498
0.6765822514425963,0.9472260565962642,0.8387955429498106,0.8546254218090326,0.17515178048051894,19.045059434534533
0.9834344822447747,0.5723941782489419,0.9722496571484953,0.5626134367194027,0.9183014626614749,25.228853457412647
0.9401402894873172,0.37791107897646725,0.5143820443190634,0.3075347454287112,0.7998950611799955,16.253549244095826
0.006134558701887727,0.8445556822698563,0.5226560856681317,0.8408799439202994,0.3839274833444506,9.319036845171912
0.03009896259754896,0.06738926633261144,0.7137857875786722,0.9383820085786283,0.5877959309145808,13.785082568052756
0.759580424753949,0.07377659273333848,0.531299059279263,0.04670214140787721,0.9066386155318469,6.771154360476226
0.20661529549397528,0.7284352367278188,0.8961505838669837,0.627597329672426,0.566274646203965,16.57376957254657
0.6060628811828792,0.8776804711669683,0.2737718680873513,0.6749387418385595,0.4227554644457996,19.975397896412872
0.7022894609253854,0.5266443365253508,0.00810633203946054,0.38972026389092207,0.8254236236680299,22.48718330826026
0.1748215730767697,0.25928676733747125,0.4856265657581389,0.38320517470128834,0.8980800141580403,9.75651181294118
0.13198759825900197,0.6517531964927912,0.4446099940687418,0.6824574696365744,0.014552500564604998,10.224705164652931
0.14591953181661665,0.14732885314151645,0.8678233951795846,0.8003037937451154,0.1675839035306126,11.987609561841905
0.4591254328843206,0.8294903563801199,0.7750837639905512,0.5766620733775198,0.5187130181584507,19.955017094481054
0.6476464543957263,0.6124606963712722,0.4763527815230191,0.5647071241401136,0.6951471583452076,19.939706041519777
0.5094242023769766,0.7906854622997344,0.42787735909223557,0.39147454989142716,0.46301768347620964,16.407677359021626
0.33154993830248713,0.32832452678121626,0.5438178770709783,0.48497595451772213,0.08516389224678278,7.858345225042934
0.7391356956213713,0.372725066030398,0.05242956685833633,0.9082583361305296,0.6863290851470083,24.344021669498883
0.37803370668552816,0.8854854058008641,0.15496827173046768,0.996850648894906,0.6466390364803374,24.85455369169744
0.26478704949840903,0.7205883832648396,0.10218964843079448,0.5327357640489936,0.017923852428793907,15.080951236537265
0.9021068150177598,0.8160060483496636,0.619875012896955,0.4621821416076273,0.651255689561367,13.89441772256979
0.5311867676209658,0.3728971919044852,0.3402638325933367,0.7151946157682687,0.9280316680669785,17.71396472092084
0.7704356696922332,0.6593828839249909,0.9066655654460192,0.6578647831920534,0.5267215841449797,21.97743930473697
0.019666984444484115,0.6000536680221558,0.25697624683380127,0.32653734739869833,0.3525034449994564,6.4732295837575515
0.1598633211106062,0.009804768254980445,0.4430619056802243,0.41781691601499915,0.7383126365020871,7.554248034628757
0.9770621047355235,0.12084318650886416,0.6352937151677907,0.982991948723793,0.6230902625247836,16.706052670761462
0.3527073550503701,0.944390463642776,0.5136581328697503,0.5938424407504499,0.3917772606946528,15.647284071372576
0.2604780283290893,0.16870550252497196,0.10899065178819001,0.8844289260450751,0.8643589077983052,16.175296170976562
0.23201132472604513,0.01063276850618422,0.6010651013348252,0.9583518011495471,0.1940946418326348,11.176061321759608
0.4355789308901876,0.8678273227997124,0.735307211522013,0.9693739383947104,0.1278137336485088,20.40291258872385
0.18373566842637956,0.8433484300039709,0.8711471378337592,0.35690399375744164,0.3195660582277924,12.081852306107336
0.8261287256609648,0.3929580233525485,0.009113010251894593,0.887529456987977,0.4814494173042476,24.62208470803818
0.7240324595477432,0.6991335991770029,0.5354838999919593,0.7138918067794293,0.596979774069041,20.94329291429436
0.13357371580787003,0.031539387768134475,0.011647547129541636,0.8036163395736367,0.8470564838498831,17.8317747662193
0.4671423230320215,0.7748398298863322,0.9657299071550369,0.5289881473872811,0.9541881107725203,24.135425222495034
0.26181916054338217,0.038076275028288364,0.7474428229033947,0.4410804307553917,0.5682934527285397,9.529626757550146
0.35670921369455755,0.7755663115531206,0.1847110097296536,0.1729408057872206,0.014742950210347772,12.002134491400785
0.504590175813064,0.1810218885075301,0.8900240666698664,0.27506906632333994,0.547222719527781,12.968869236988818
0.38620033022016287,0.7549217299092561,0.006525031523779035,0.08720364677719772,0.5729029013309628,15.228568483467516
0.2963165738619864,0.3102707415819168,0.9915036158636212,0.22785830148495734,0.0026381586212664843,10.188601503476269
0.15497373463585973,0.5644052866846323,0.15406723483465612,0.6729071456938982,0.7165148151107132,14.761249693736465
0.4153578421100974,0.4983964776620269,0.24992932216264307,0.1274064532481134,0.30257847742177546,11.057988732687773
0.92273701983504,0.02526878588832915,0.5849865931086242,0.8569160057231784,0.15873133135028183,9.538917583737186
0.1658801471348852,0.35106561006978154,0.4755217572674155,0.721103111281991,0.2521703087259084,12.714129264114705
0.7403959503863007,0.6984704066999257,0.12754575698636472,0.6160531991627067,0.9240445890463889,23.416962488263938
0.40931686689145863,0.3978939368389547,0.876295137219131,0.40637619560584426,0.3002400726545602,12.760126638748583
0.6574834536295384,0.352114501176402,0.7530882472638041,0.8064708737656474,0.5725654498673975,18.916335045713517
0.5345867027062923,0.8982116293627769,0.4695302473846823,0.024450718890875578,0.7820636774413288,16.6765523934554
0.9403241111431271,0.12425287463702261,0.9539659731090069,0.4896838602144271,0.013791467528790236,13.064567720599465
0.07644292712211609,0.862381326733157,0.34061448532156646,0.001418406143784523,0.1548239930998534,1.8437629225389902
0.24350578035227954,0.7019968056119978,0.09970497572794557,0.5998210723046213,0.6952068246901035,18.088696014293063
0.47833906463347375,0.4240961300674826,0.9206036007963121,0.8468276909552515,0.849482195219025,22.459100760225876
0.13174499198794365,0.3387697509024292,0.815370089141652,0.5666780162137002,0.9645976687315851,13.19798742945632
0.6240083773154765,0.5297113275155425,0.19774392899125814,0.5320223779417574,0.0057587833143770695,14.638821485724865
0.16801968566142023,0.23458710359409451,0.8749638174194843,0.1745250925887376,0.41827242681756616,7.983427613664114
0.39302050648257136,0.49124246183782816,0.08848814014345407,0.5066428631544113,0.5718373628333211,16.741942443722483
0.4487385265529156,0.845413027331233,0.26095803501084447,0.99909821851179,0.8055282563436776,25.245337751471393
0.4115492657292634,0.1657522392924875,0.6577646438963711,0.04670139472000301,0.9231546721421182,7.071877364598388
0.5827502575702965,0.44737478136084974,0.386371998116374,0.2913708337582648,0.1565082441084087,12.7406469561545
0.6039006325881928,0.7039948978926986,0.043684662552550435,0.28992182994261384,0.8985731778666377,20.52058883576916
0.4353052363730967,0.12358918716199696,0.1273141372948885,0.23854862130247056,0.9102653469890356,12.543107945833722
0.6747903334908187,0.09605588065460324,0.7599438442848623,0.37062442884780467,0.6348267877474427,8.507970955284307
0.99052484636195,0.17887592036277056,0.5855021621100605,0.8357707576360554,0.4009650133084506,15.187316758678808
0.3625657914672047,0.781035966007039,0.9911874851677567,0.7993516467977315,0.4746903944760561,21.413235264957315
0.19048499432392418,0.7870879124384373,0.2816548962146044,0.8233601760584861,0.05368576128967106,15.019341272655524
0.746271895011887,0.29262873949483037,0.7198080450762063,0.9004329508170485,0.10739034251309931,15.23478555702889
0.8188926677685231,0.34307248378172517,0.9409597562626004,0.8563695049379021,0.20965727954171598,21.609144171812325
0.38181786541827023,0.06392587604932487,0.87798584648408,0.027627032715827227,0.6643711412325501,4.5955174350700085
0.6189236992504448,0.7128591411747038,0.7087031851988286,0.05609050509519875,0.7976959911175072,14.205766582964834
0.5075158297549933,0.9611234702169895,0.4372963262721896,0.3659001763444394,0.2121808712836355,14.024049169402284
0.05968864751048386,0.22308625048026443,0.11464775423519313,0.9503434661310166,0.677961704088375,16.51695027857264
0.8152800286188722,0.5183558240532875,0.6761121596209705,0.5167180704884231,0.03828041744418442,14.674306796084577
0.08461427432484925,0.4268874763511121,0.08179485658183694,0.6838987765368074,0.528703038347885,13.769420492190644
0.16300420463085175,0.3202901587355882,0.06532720662653446,0.7894225218333304,0.7530332277528942,15.866578971330282
0.930302057415247,0.18066038005053997,0.8143525538034737,0.026325425133109093,0.14362885057926178,8.68140897798192
0.860505374148488,0.8797444591764361,0.9148535116109997,0.1407758209388703,0.3237518423702568,14.364446985106907
0.1181525697465986,0.1887329292949289,0.5189991341903806,0.9943282892927527,0.23607590678147972,12.170590595040647
0.7552617166657001,0.865440625930205,0.1889095630031079,0.94061693479307,0.7947091911919415,25.63440767340417
0.7909694761037827,0.8172590276226401,0.7781884886790067,0.3752579039428383,0.4030781688634306,16.166775880889585
0.31593336863443255,0.8777597602456808,0.02545293397270143,0.6028893110342324,0.7403348002117127,22.69204244839284
0.11423928872682154,0.08212217385880649,0.14383170381188393,0.627992371795699,0.49185772123746574,11.707471564403503
0.09202169044874609,0.9449556807521731,0.8563042473979294,0.17421812540851533,0.7907311953604221,9.970426571882076
0.40736272116191685,0.2344295489601791,0.22949506295844913,0.4735565909650177,0.7546352250501513,11.38451165967454
0.2988704973831773,0.15384366060607135,0.07284655049443245,0.8462726243305951,0.689641957404092,16.838364830186602
0.8377066920511425,0.7254989529028535,0.40313846338540316,0.7733266241848469,0.7015214841812849,23.031693624378015
0.006466317689046264,0.28046565991826355,0.8557480364106596,0.9451099983416498,0.08329889178276062,12.86011098150268
0.9378981539048254,0.6318175438791513,0.567357353400439,0.48554427549242973,0.7501618596725166,18.04616787846241
0.9712722112890333,0.6566015121061355,0.1858058599755168,0.2602730938233435,0.01414923113770783,15.255870430074037
0.6261579135898501,0.5389372345525771,0.3428122305776924,0.9207673326600343,0.13729740865528584,19.648569747280177
0.7021897619124502,0.7505269725807011,0.44302090303972363,0.40208569657988846,0.3594220483209938,16.8792861343628
0.7247090167365968,0.2236190673429519,0.9227948996704072,0.08436226099729538,0.9998607751913369,15.96653301120191
0.12230558902956545,0.46112346136942506,0.3050709078088403,0.5870754602365196,0.9272230719216168,14.344978929368422
0.14092160970903933,0.6193121545948088,0.628027216065675,0.24138709879480302,0.28691217489540577,6.53774787878293
0.8064443857874721,0.04005180741660297,0.3945975115057081,0.46293692593462765,0.933923821663484,11.53866769865291
0.7329128512647003,0.32263478939421475,0.1857285329606384,0.0356956017203629,0.7874940449837595,13.100818417811436
0.29888156754896045,0.4206132343970239,0.19459888013079762,0.027489900588989258,0.4841857668943703,8.088048723193964
0.20021195732988417,0.3501577624119818,0.8401328097097576,0.32968901563435793,0.10831465409137309,7.191947312006395
0.34024172159843147,0.593208345817402,0.8963741611223668,0.2234643129631877,0.17534990119747818,12.051542360806017
0.16006400412879884,0.5374136760365218,0.6755015465896577,0.9884076982270926,0.3452163652982563,14.51800591970209
0.42306404188275337,0.3796577528119087,0.9407982863485813,0.5245789543259889,0.5980706771370023,17.091869614884093
0.5259415162727237,0.11697045061737299,0.7124462013598531,0.48631631466560066,0.8547311818692833,12.555696153556154
0.08848556666634977,0.907900300109759,0.12970679393038154,0.4504685150459409,0.005601717159152031,9.8837882077631
0.9684926238842309,0.658756549237296,0.19366628560237586,0.6450217701494694,0.6691499047446996,19.581047897463357
0.7567264167591929,0.6469015800394118,0.8477966210339218,0.12536266003735363,0.4885432992596179,16.509778687424998
0.7040385771542788,0.9505213899537921,0.6530301426537335,0.31785191083326936,0.5971671994775534,14.451739409075032
0.47504203650169075,0.3248706851154566,0.1312284974846989,0.02685320726595819,0.45487862662412226,11.50762159383972
0.02154542808420956,0.04332055361010134,0.189635579707101,0.6236247734632343,0.5991567887831479,10.830153349333877
0.023758521070703864,0.7333341408520937,0.7827343048993498,0.17370310332626104,0.3031076604966074,5.247611213973458
0.6120237603317946,0.4949668347835541,0.41376525559462607,0.5469370344653726,0.5537517329212278,14.826589065657737
0.36573160253465176,0.8530340073630214,0.7617496754974127,0.651460022199899,0.9907322011422366,21.706166318388128
0.9294624121394008,0.9845258831046522,0.9759925245307386,0.44637175812385976,0.5677874700631946,14.855506472012596
0.20816831523552537,0.2545019362587482,0.7771332999691367,0.9896698736120015,0.5807969660963863,16.505533764555796
0.3589335579890758,0.06488901190459728,0.20334840659052134,0.6155915383715183,0.3696646592579782,10.586132598217283
0.6004853141494095,0.4406171813607216,0.43356953957118094,0.08388967765495181,0.13803874980658293,7.594857849852055
0.9353404447901994,0.9809606273192912,0.8175593407358974,0.3067684122361243,0.25951060093939304,10.188123536152839
0.8911029137670994,0.9740477746818215,0.31130997696891427,0.5607855136040598,0.7059108659159392,13.5757863239667
0.6886594747193158,0.9803962532896549,0.4251937600784004,0.1570119340904057,0.004677051678299904,8.468507343183346
0.9979578165803105,0.17684586253017187,0.8354386512655765,0.3797666421160102,0.90670484630391,16.130986932579873
0.9493495002388954,0.6577655836008489,0.37903903773985803,0.9714976130053401,0.2911374687682837,21.090524427892312
0.42723210132680833,0.15850004297681153,0.29595017270185053,0.4593728664331138,0.5787851372733712,11.806176844697422
0.3372078216634691,0.1770444151479751,0.47377000469714403,0.5828709523193538,0.7179555690381676,10.563764386120358
0.06474227621220052,0.15293733961880207,0.17991221346892416,0.4546753198374063,0.5487654670141637,9.936430578512903
0.352785182883963,0.40416729752905667,0.2830681486520916,0.04504008358344436,0.05935653322376311,6.687730462756439
0.04060061555355787,0.7589587084949017,0.623244401300326,0.6433134239632636,0.02258097380399704,7.985072066888144
0.41145772533491254,0.16808870364911854,0.20821152394637465,0.503069780068472,0.22034161631017923,9.995839182472425
0.2088756391312927,0.4784050115849823,0.6713806402403861,0.6146176632028073,0.13572581228800118,8.75378506295686
0.657411270076409,0.30726779717952013,0.9390512278769165,0.2962807535659522,0.23137854528613389,12.610073658868707
0.38983623520471156,0.523173579480499,0.32756309281103313,0.6486397632397711,0.3231458414811641,13.324973992215885
0.992068275809288,0.06588928028941154,0.7756304037757218,0.13818029803223908,0.2451868935022503,6.717929145518661
0.26067487336695194,0.349727229680866,0.5107543240301311,0.6498429693747312,0.24169027502648532,10.49449381974516
0.40820970362983644,0.5160598328802735,0.25559168914332986,0.28875592490658164,0.07501951977610588,11.390347135459464
0.6626589351799339,0.08303165738470852,0.14067678595893085,0.09803440188989043,0.6818322706967592,11.98208213930165
0.37333135632798076,0.7535046010743827,0.6032710920553654,0.86199742089957,0.6919851736165583,20.79456227200543
0.0915285546798259,0.0946834203787148,0.07264522649347782,0.8271565190516412,0.4959468450397253,13.850700879229777
0.7667018019128591,0.8557505668140948,0.28646204830147326,0.3293183755595237,0.5214219097979367,16.008767569156557
0.15514327120035887,0.04366363282315433,0.560767158633098,0.4539719019085169,0.9288486114237458,9.703741326315281
0.508525357581675,0.8520749062299728,0.3535970086231828,0.38092422555200756,0.9628222661558539,18.99973426277494
0.31680150236934423,0.6219755602069199,0.26604210189543664,0.9886431014165282,0.06944922474212945,17.53220644120033
0.7054381689522415,0.5852171033620834,0.7640240173786879,0.6467033817898482,0.22311319480650127,18.24501388743832
0.46779265464283526,0.13136966666206717,0.3758605499751866,0.8321115016005933,0.15740835247561336,11.188273073750638
0.7634389577433467,0.7311161807738245,0.6804890807252377,0.6364821032620966,0.7999888088088483,21.446106211904763
0.7364221897441894,0.7554172552190721,0.31652831844985485,0.239349382231012,0.36349406093358994,13.257968163829647
0.17443483998067677,0.16313319141045213,0.16690525971353054,0.33114353148266673,0.6885055394377559,10.013888654098437
0.7371438543777913,0.6514542452059686,0.3535663918592036,0.13118756865151227,0.33317824406549335,13.43730791358668
0.38266868353821337,0.015378362499177456,0.15483792847953737,0.6812758326996118,0.8566795794758946,11.90491481313077
0.7964700013399124,0.0861789749469608,0.17982604284770787,0.08662201999686658,0.9661001032218337,10.038710826043378
0.38414550665766,0.15723508642986417,0.8276113034226,0.24892966914922,0.7584169865585864,10.534085369939854
0.5143890220206231,0.605599147034809,0.959775690222159,0.7146504363045096,0.134191281395033,20.54806930237693
0.9615793200209737,0.5737211303785443,0.7960731538478285,0.13609489635564387,0.1803856361657381,12.726830765869948
0.6371832315344363,0.3191873813048005,0.904061950976029,0.6431209295988083,0.1105188075453043,15.67489308754565
0.2140973429195583,0.7259799686726183,0.01893581752665341,0.5691092100460082,0.2135143419727683,15.04771497371319
0.7652807028498501,0.5141840856522322,0.3965376364067197,0.015593778109177947,0.9258289285935462,14.58419964808603
0.6007181431632489,0.3190146619454026,0.3862336282618344,0.3341140984557569,0.8326466016005725,13.995875315568695
0.43896012124605477,0.9171459218487144,0.44585873978212476,0.17596548260189593,0.1680499219801277,11.461440320898008
0.35630138614214957,0.34598746453411877,0.2819922948256135,0.7385662111919373,0.7404001092072576,16.969562095194963
0.7899685862939805,0.9595065063331276,0.7226433318573982,0.26336208055727184,0.8047771169804037,14.377477010220348
0.752457209629938,0.6912157156039029,0.5271675402764231,0.3044266209471971,0.6697436135727912,17.223697512703282
0.6758325234986842,0.5020644697360694,0.8695233792532235,0.2514930192846805,0.3394572255201638,14.682874451313857
0.10061250976286829,0.5300233731977642,0.2787787183187902,0.6301077513489872,0.4669611509889364,12.433023369148401
0.582106800749898,0.5507495235651731,0.07636835495941341,0.016324541997164488,0.297745760763064,13.890809766091762
0.8508877269923687,0.27337201591581106,0.6302635835018009,0.30953688570298254,0.8528840728104115,12.006190209605215
0.10578582179732621,0.3255787850357592,0.743411217816174,0.6485683240462095,0.8820834183134139,12.967122599044767
0.36481176200322807,0.3493869409430772,0.7515648810658604,0.2646465415600687,0.028873937902972102,9.436960202585697
0.10928541282191873,0.20445715705864131,0.7218862697482109,0.008954733842983842,0.8433378376066685,6.883020268888013
0.132765572052449,0.6984269064851105,0.013252730946987867,0.4004493991378695,0.8193730555940419,15.535919738166394
0.18519458337686956,0.3123834114521742,0.6858292187098414,0.23771077417768538,0.5245680836960673,9.571314093090562
0.9030653964728117,0.7728515809867531,0.42254478042013943,0.576066022971645,0.6536302010063082,18.715049093822206
0.9632595926523209,0.4289739392697811,0.7235708844382316,0.9456955012865365,0.7510971296578646,23.11436671333689
0.3837226110044867,0.6909650543238968,0.3619667256716639,0.07370227668434381,0.801223017508164,13.315212176316486
0.017482695868238807,0.511239307699725,0.13698062114417553,0.7198601397685707,0.3276044649537653,13.341061117204614
0.31102416873909533,0.6100292429327965,0.37043857434764504,0.028414150699973106,0.21000255830585957,4.924506769994235
0.3769172679167241,0.8199180555529892,0.8210125442128628,0.2247378588654101,0.4295472160447389,13.556297348339363
0.8661617240868509,0.3044568004552275,0.5489196856506169,0.8456271484028548,0.4751511032227427,19.24946632234654
0.4646829338744283,0.7472509262152016,0.41577561502344906,0.9269719910807908,0.31756511656567454,20.10679712357354
0.1527738452423364,0.8368789672385901,0.5017743101343513,0.7354080965742469,0.0900057484395802,11.74752951051036
0.7431637563277036,0.03581459145061672,0.9528899495489895,0.5168666283134371,0.2399499244056642,9.73428092176926
0.5664377091452479,0.3113481574691832,0.36834326200187206,0.4993628691881895,0.8351183927152306,15.064758782405844
0.8160549334716052,0.6917165969498456,0.01859935512766242,0.20506255910731852,0.1798889224883169,17.272284316754494
0.7535735599230975,0.4794888438191265,0.499194358009845,0.6563187961000949,0.20087013486772776,16.378082540376734
0.35385235701687634,0.7523744478821754,0.9599961964413524,0.6673601595684886,0.23595883743837476,19.586606802953128
0.4465424648951739,0.43192031793296337,0.29102753731422126,0.4813407633919269,0.881864276714623,15.185926250924087
0.9464113651774824,0.46859481860883534,0.6499719577841461,0.8010709949303418,0.3792688159737736,20.521964305546952
0.5332000416237861,0.46040297765284777,0.8347718932200223,0.552688498981297,0.3492175121791661,16.251464791955897
0.9575713300146163,0.04088793438859284,0.6006432997528464,0.36468334845267236,0.19743591081351042,6.524999060761379
0.633081910898909,0.6154463982675225,0.7151886734645814,0.02613565092906356,0.4424167568795383,14.5841216660301
0.7361538275144994,0.6524192711804062,0.5295309748034924,0.9351112598087639,0.1847844528965652,18.57019030403689
0.4583159286994487,0.3895950452424586,0.99795599328354,0.36504011298529804,0.5084056428167969,17.230165913337952
0.8457123667467386,0.6471387792844325,0.44574808119796216,0.7427320226561278,0.14670756529085338,20.774562255167012
0.40250713913701475,0.7301759922411293,0.09592711157165468,0.8406193472910672,0.9356211845297366,23.5915962878128
0.9314763797447085,0.613422449445352,0.5913835254032165,0.5149831639137119,0.19447418441995978,15.167977658332603
0.5700031640008092,0.7884275538381189,0.33609280618838966,0.7032700832933187,0.1250209677964449,19.787519291008035
0.032705243211239576,0.6303845406509936,0.4545391129795462,0.43799892300739884,0.22267562337219715,6.116937311323478
0.563028721138835,0.755355114582926,0.9216525424271822,0.24960477859713137,0.39722335687838495,16.371149848572273
0.5575784204993397,0.039410224417224526,0.5786839711945504,0.12002834398299456,0.40513940271921456,5.281417715897961
0.536103643476963,0.6441725639160722,0.20582099491730332,0.5237330924719572,0.7265304687898606,18.728995799054502
0.9590117975603789,0.04623421304859221,0.921732377493754,0.16308388533070683,0.36781074083410203,6.3693131848829445
0.9652386014349759,0.23157142684794962,0.8415504747536033,0.9635075801052153,0.20791020430624485,18.96540198125237
0.24364628503099084,0.4264849261380732,0.14661124208942056,0.8113186687696725,0.22424169117584825,15.550175726451105
0.46776395314373076,0.02050348953343928,0.502193815773353,0.9782688030973077,0.5288163160439581,11.758630905007621
0.3788625441957265,0.9313858114182949,0.5752210840582848,0.3264924380928278,0.8125502921175212,17.273211419472812
0.20726944180205464,0.24997391761280596,0.18501318944618106,0.8513544525485486,0.5993433771654963,14.565381676088501
0.39228418935090303,0.36760683404281735,0.1446098517626524,0.3355254824273288,0.9461138863116503,13.51959290633806
0.3270953332539648,0.9559309524483979,0.016607793513685465,0.217954981373623,0.7248183379415423,19.704088302063596
0.17911011562682688,0.5636520436964929,0.15148465731181204,0.08879775973036885,0.6923367374110967,10.448201660665971
0.228484898339957,0.2166813206858933,0.3699466376565397,0.2539721264038235,0.9922598397824913,8.674331112029524
0.8552143739070743,0.8303974259179085,0.42362089874222875,0.5448479929473251,0.10074072051793337,14.840995404215038
0.14729981077834964,0.5894259768538177,0.13149202498607337,0.8316468398552388,0.667719027493149,17.20983743465497
0.8111003313679248,0.2880103427451104,0.4277188896667212,0.4713721629232168,0.998717920621857,16.68401666489923
0.7281768622342497,0.5004270996432751,0.5439983315300196,0.7708300740923733,0.4424204886890948,20.5933018676779
0.2813009503297508,0.5793972853571177,0.19265075423754752,0.8067152807489038,0.0340579729527235,15.330259929020974
0.7278119996190071,0.9815840369556099,0.08080506674014032,0.23293598927557468,0.7812764351256192,17.804879041830045
0.9719160706736147,0.5086006612982601,0.6951592687983066,0.6358646797016263,0.2846247376874089,18.49324497213281
0.7470008556265384,0.5625594728626311,0.6957869415637106,0.22991650900803506,0.675408428767696,17.517324209982117
0.7072510947473347,0.601688452064991,0.4876015861518681,0.647416757652536,0.8869965875055641,19.97686904472472
0.7025116533041,0.941072367830202,0.8427823767997324,0.591222285758704,0.5913202934898436,20.30424487918435
0.029434323078021407,0.19659387157298625,0.016124606365337968,0.8345864079892635,0.7935911968816072,17.016071290375468
0.2519303048029542,0.8767153669614345,0.7645650773774832,0.7305841965135187,0.683424248592928,18.352248861332313
0.2510944935493171,0.40336623787879944,0.5558519139885902,0.9881698705721647,0.3827030058018863,15.630933504519495
0.4385345345363021,0.7939836408477277,0.2580154452007264,0.037874455796554685,0.21474450826644897,11.036507044392787
0.5112538994289935,0.8089153801556677,0.17563383583910763,0.7935935347341001,0.31415709760040045,21.307921939951274
0.9338058799039572,0.9222454188857228,0.5583050986751914,0.4776763399131596,0.7246519243344665,12.658013385502151
0.6012756370473653,0.3585498044267297,0.895953202387318,0.10959532670676708,0.1346350396052003,9.86855547516483
0.2457576252054423,0.21620021318085492,0.7997378392610699,0.8772751360666007,0.32778360368683934,13.687751214746692
0.6110155489295721,0.5652376504149288,0.6264038472436368,0.11486581363715231,0.37875800649635494,13.254383954898914
0.7722142171114683,0.18595939967781305,0.054593549109995365,0.7485713928472251,0.23467658087611198,19.240529128290948
0.8359769566450268,0.257034475216642,0.10354833351448178,0.8632773675490171,0.23663647705689073,18.517044666738137
0.8891772832721472,0.07808393309824169,0.8322542742826045,0.7346693410072476,0.5484338318929076,14.197484302325929
0.5830721652600914,0.8837455229368061,0.905414748005569,0.10121303889900446,0.2863037046045065,16.492699096038777
0.8915845016017556,0.738967688055709,0.3243975874502212,0.6350814991164953,0.49964510276913643,18.39452549242375
0.45893066097050905,0.47009714250452816,0.00892731943167746,0.2014503199607134,0.9269917032215744,19.14671681916553
0.6682176452595741,0.49172557424753904,0.5665315806400031,0.02141052228398621,0.7119644444901496,13.37337627157764
0.5591272187884897,0.7859048724640161,0.4302133934106678,0.6591218954417855,0.3755014706403017,17.710962053083218
0.8320281095802784,0.403443256393075,0.4119375804439187,0.1878176936879754,0.5536652724258602,15.280375476667666
0.09848921373486519,0.5291176254395396,0.7816802544984967,0.8355163582600653,0.5091597188729793,15.3027892783511
0.6195328012108803,0.706432584207505,0.6544689943548292,0.07440846273675561,0.8431667485274374,15.333097791481713
0.49432866903953254,0.581977867288515,0.7811590279452503,0.4520885630045086,0.17239186260849237,15.976667833628788
0.004333882825449109,0.9588840948417783,0.8639718464110047,0.1836020431946963,0.282209828030318,5.673884960992452
0.6326673123985529,0.49985219864174724,0.9092407913412899,0.3257167690899223,0.2548639285378158,14.163496324011852
0.49409165256656706,0.9772461820393801,0.7329128128476441,0.942989154253155,0.9790202707517892,25.58141902766369
0.35358408046886325,0.6188403619453311,0.9662643217016011,0.6026947516947985,0.30271491361781955,17.324838337617606
0.026749152224510908,0.4175133870448917,0.6175313738640398,0.004912129603326321,0.6733882201369852,3.0495386650433383
0.4802566661965102,0.7296523731201887,0.9941956014372408,0.655567170586437,0.6360012209042907,25.375226681452816
0.6656996158417314,0.8791963187977672,0.2306799243669957,0.24231033795513213,0.8734960982110351,16.74448826282262
0.9074083990417421,0.2382087199948728,0.9405480644199997,0.3656168207526207,0.5238553215749562,17.013954229823245
0.14623045013286173,0.5526554270181805,0.8265779248904437,0.22580358176492155,0.5977273504249752,10.941198113272534
0.26237870194017887,0.9228222521487623,0.2536292599979788,0.778321216115728,0.0318527405615896,16.174304138555488
0.23094850522466004,0.7274512257426977,0.24979534395970404,0.13545563304796815,0.8131882620509714,11.709320630966728
0.1405042556580156,0.7481391911860555,0.9619567857589573,0.7201305243652314,0.16862901370041072,15.1129522408188
0.9337898828089237,0.7166455367114395,0.7145280707627535,0.8356260056607425,0.7334518346469849,20.461592677834023
0.2747404258698225,0.37059082998894155,0.822366479318589,0.1328001730144024,0.24535155552439392,9.534012581914654
0.3659065030515194,0.42607400729320943,0.2950615643057972,0.2290302033070475,0.03513845335692167,9.236758958651983
0.33205034118145704,0.2284977964591235,0.8032884155400097,0.6789949336089194,0.062446955125778913,11.939630662867213
0.6597725462634116,0.36403616587631404,0.5584891012404114,0.26920604589395225,0.7480749890673906,13.809370148994335
0.4019150910899043,0.6164086593780667,0.023636762285605073,0.286257611354813,0.5840328396297991,17.674572682571196
0.6360304628033191,0.9565292180050164,0.5561580182984471,0.6639821487478912,0.44209975213743746,17.55244020347324
0.20672230049967766,0.5397326725069433,0.19679765356704593,0.2533776324708015,0.26780703687109053,8.374053232733308
0.07772387284785509,0.7441348168067634,0.6406090152449906,0.7294609358068556,0.8463857038877904,13.330072074648433
0.25804822356440127,0.41576630412600935,0.6236565741710365,0.6533274792600423,0.33236204111017287,11.41091933385263
0.6611510687507689,0.6230277882423252,0.13004911900497973,0.7637421363033354,0.8876488972455263,23.492071303069935
0.549464811803773,0.4693535934202373,0.8427055806387216,0.5314248632639647,0.230356807122007,16.286465821862887
0.35594509541988373,0.5116991763934493,0.37958014965988696,0.1710811797529459,0.9403004145715386,11.230805954681093
0.26514593698084354,0.39023224799893796,0.8381105242297053,0.9472284452058375,0.7899233913049102,17.520920847256455
0.717510023387149,0.9816925937775522,0.963801774661988,0.987966903951019,0.22240794403478503,23.48435769218637
0.035510202404111624,0.36774130002595484,0.65600376855582,0.6151547965127975,0.9518241893965751,11.05682287321054
0.5385744199156761,0.7424492575228214,0.7136332564987242,0.021285593509674072,0.34409793210215867,11.345366672616365
0.23060947097837925,0.0693061756901443,0.7139106872491539,0.23703238856978714,0.6921651461161673,7.241211036680411
0.7630321045871824,0.8804152421653271,0.8975225233007222,0.5321619801688939,0.5243295521941036,18.981056034007914
0.18454457819461823,0.9460399977397174,0.8992109689861536,0.5786710800603032,0.5564083850476891,17.796238667045163
0.6575590916909277,0.751874191686511,0.41423314437270164,0.730263443198055,0.540421687765047,21.56139948389995
0.5606311664450914,0.4084784642327577,0.2483873621094972,0.09769146260805428,0.28233426669612527,9.584217366837246
0.24840702023357153,0.19862661929801106,0.9857524677645415,0.6362819087225944,0.15643706056289375,13.090944209804093
0.6532554980367422,0.7112119165249169,0.1880750257987529,0.157565739704296,0.1600766582414508,13.837792743367492
0.5490371303167194,0.1680192465428263,0.16366212419234216,0.6838158934842795,0.7189064275007695,14.193567127564663
0.83174256561324,0.4717834226321429,0.4341225565876812,0.5558404359035194,0.6957934061065316,19.631523912679445
0.317279459675774,0.1170837483368814,0.28934180247597396,0.8377310552168638,0.6102607666980475,14.779591358442696
0.5050469310954213,0.41336441901512444,0.09208388044498861,0.23663488030433655,0.5298953899182379,13.845583698913847
0.34813055978156626,0.3871456466149539,0.9669873199891299,0.20782942092046142,0.400503849145025,12.279679471607094
0.05975747597403824,0.11932679894380271,0.7502879209350795,0.3984878119081259,0.7074308504816145,10.75678874180884
0.30700286151841283,0.8221415565349162,0.5553204331081361,0.9256142179947346,0.7464853201527148,18.571494822976444
0.44890040531754494,0.27435572748072445,0.634974759304896,0.11856680898927152,0.8475147071294487,8.370116736857135
0.18125701928511262,0.6431482154875994,0.9924673864152282,0.9671471316833049,0.992590690497309,22.783983844223442
0.04374588537029922,0.4636198712978512,0.2596930635627359,0.8430626296903938,0.9461549234110862,14.383435375106767
0.2237211223691702,0.29833431728184223,0.6090380465611815,0.04130656085908413,0.8030320222023875,7.301559397042359
0.05305939633399248,0.7796068901661783,0.7467258295509964,0.9512629536911845,0.8223609032575041,16.812098851961398
0.4588731932453811,0.9373262987937778,0.8581346343271434,0.7537467717193067,0.551803031237796,21.747883159733778
0.9538254141807556,0.9120110732037574,0.5662499174941331,0.6918089033570141,0.14316663495264947,12.294939750239479
0.5184286099392921,0.6787962419912219,0.5175547068938613,0.46472470089793205,0.8469268246553838,18.948578399702424
0.8600681973621249,0.7584613796789199,0.26630445406772196,0.33450581110082567,0.8954292638227344,18.38915972265796
0.7919817776419222,0.4767056822311133,0.09260251466184855,0.7579756150953472,0.469852247973904,22.226713875757646
0.9827268342487514,0.1545732410158962,0.6175721571780741,0.7140229814685881,0.4442971758544445,13.250060368656142
0.04771564737893641,0.603121324442327,0.4138096929527819,0.970504960976541,0.48968034354038537,13.070905120081193
0.5556274193804711,0.4363047166261822,0.49119077902287245,0.4745487773325294,0.0383666914422065,12.307888942021966
0.5462391700129956,0.47919120849110186,0.014468898065388203,0.33908096328377724,0.7051103017292917,20.2286550537798
0.07603097218088806,0.6494863519910723,0.28476037667132914,0.5962377733085304,0.43323808955028653,10.796259333510601
0.45886800601147115,0.8194904937408864,0.6033676906954497,0.6253548802342266,0.8221322761382908,18.351713429405564
0.1931001164484769,0.5556499029044062,0.8154134785290807,0.522040814626962,0.48319352488033473,11.547873999352152
0.5447627857793123,0.17432160302996635,0.17619385523721576,0.2505978448316455,0.6074923302512616,10.403541573811754
0.5914289401844144,0.4614924439229071,0.7589137884788215,0.5586225688457489,0.1759855996351689,13.884886615396749
0.5373142303433269,0.44297732482664287,0.7669161155354232,0.5385860556270927,0.36293709045276046,14.438782424816901
0.7371009553316981,0.8068645137827843,0.5940572179388255,0.5728244928177446,0.5908457883633673,17.248482819515043
0.35726939840242267,0.8392168285790831,0.7998652285896242,0.9434827787335962,0.5577516555786133,20.168656690736867
0.23829887574538589,0.08572451933287084,0.2802210778463632,0.6716613010503352,0.43655581772327423,8.244757940215443
0.5696759473066777,0.6058095982298255,0.6232545338571072,0.5465364865958691,0.2477882308885455,16.379696989352638
0.17402765294536948,0.09180888487026095,0.8511826454196125,0.6698082815855742,0.9612106024287641,17.207424764615322
0.7838224470615387,0.6487329208757728,0.9559141262434423,0.6098628216423094,0.19005065481178463,21.888786061865233
0.8062985485885292,0.3072984111495316,0.9056009093765169,0.6025123686995357,0.80209911451675,22.963123252319892
0.4334971448406577,0.6894046757370234,0.882740315515548,0.26540704839862883,0.6773025032598525,17.347594059215336
0.20410252711735666,0.2931557565461844,0.12252122350037098,0.06800583191215992,0.9692245102487504,9.923775909268182
0.737717621261254,0.8757617056835443,0.7544095439370722,0.5007094498723745,0.058144431095570326,16.4200693961288
0.9444115115329623,0.7898117469158024,0.187542793340981,0.3819512026384473,0.36858287546783686,15.143472396480117
0.3399900065269321,0.18938595009967685,0.7869988824240863,0.5597218740731478,0.573748787632212,10.134996704271884
0.30842047021724284,0.7299538271035999,0.1972242360934615,0.7610444177407771,0.7104962326120585,19.787042231346398
0.40417919610626996,0.636430123122409,0.17667405493557453,0.8045240673236549,0.8396838698536158,21.48362208147291
0.04667924833483994,0.046399624552577734,0.36601277347654104,0.4038698603399098,0.2520213550888002,6.06469530978521
0.948040900984779,0.38680951413698494,0.16326857171952724,0.37692370475269854,0.46951245865784585,18.43902011597307
0.6389247493352741,0.8151644882746041,0.2462835309561342,0.9016003380529583,0.3787944864016026,22.759191889585768
0.7234475647564977,0.1495529965031892,0.907317689852789,0.1971908702980727,0.5823240303434432,10.805739767969309
0.42716688360087574,0.638591127935797,0.8315929840318859,0.9447406870312989,0.4452650877647102,22.818824876568577
0.5381039860658348,0.7157824945170432,0.6380825466476381,0.1113185107242316,0.28823013906367123,11.664197264905097
0.241594766266644,0.27402233658358455,0.22511096997186542,0.7538932608440518,0.7369199017994106,14.804484667024134
0.07118652993813157,0.9532564536202699,0.37365352641791105,0.5806804993189871,0.9497937331907451,13.178145822234233
0.24158726655878127,0.03684388077817857,0.478930575074628,0.04983933246694505,0.05769130843691528,0.2928793890547523
0.6214913604781032,0.1817304145079106,0.16459513152949512,0.6844806538429111,0.23996033030562103,14.579293089809783
0.6365499615203589,0.1573466642294079,0.31982865394093096,0.5644285350572318,0.48524426692165434,10.664352301592702
0.5660125676076859,0.8206606025341898,0.9783979372587055,0.9161829992663115,0.26640759129077196,24.090115799527858
0.2515974820125848,0.22572993417270482,0.2520784339867532,0.4348390034865588,0.12166357506066561,7.791934693850977
0.5955619867891073,0.5503889496903867,0.12647199840284884,0.6513880586717278,0.8540247331839055,22.168366960003194
0.6429595346562564,0.7432690123096108,0.5579944937489927,0.9527991467621177,0.43012406886555254,20.42815561326076
0.3323769571725279,0.6179769241716713,0.6127122093457729,0.9693063215818256,0.8346211086027324,20.58187148695088
0.37607068149372935,0.8873115913011134,0.41920923069119453,0.34796755807474256,0.9813234924804419,18.018849303460307
0.08733741170726717,0.19124999409541488,0.7273207865655422,0.08302757982164621,0.11733789020217955,2.492497673920901
0.9857267139013857,0.7142001774627715,0.9650257267057896,0.3619160349480808,0.88786252704449,20.59580668505647
0.02126836241222918,0.2178160531911999,0.8841436302755028,0.13641308317892253,0.7955134145449847,6.793699547042213
0.8334913603030145,0.45081443549133837,0.9999044246505946,0.2839904301799834,0.1855773190036416,16.899940291128374
0.7043571772519499,0.2113507327158004,0.5782144549302757,0.10107083758339286,0.9656339862849563,10.441210664220325
0.34481473127380013,0.22548156790435314,0.9383173475507647,0.7439414481632411,0.5354861884843558,15.181746997690146
0.5357490691822022,0.16740070236846805,0.8759419687557966,0.8977123242802918,0.2153740858193487,14.101423923189458
0.2600302933715284,0.9786428776569664,0.4323010907974094,0.7026144494302571,0.8894408133346587,17.51074820295011
0.6492473932448775,0.7315632507670671,0.09046771773137152,0.36336390604265034,0.40620874403975904,18.72061363401017
0.1423390123527497,0.3385827890597284,0.43940991745330393,0.28907580859959126,0.055831711972132325,4.444074280184889
0.7448059055022895,0.3171565285883844,0.8938868518453091,0.436989794485271,0.021213504718616605,15.665349067151006
0.8554358289111406,0.15100718126632273,0.4561485282611102,0.5461631536018103,0.2552158934995532,13.114459511338229
0.7401539359707385,0.34647185867652297,0.47049043723382056,0.9116097409278154,0.8585008184891194,21.110152525892865
0.261760386871174,0.11840765387751162,0.22613226948305964,0.7943804755341262,0.23281472409144044,9.210953431248651
0.8400177550502121,0.1987863432150334,0.6757079374510795,0.20414652558974922,0.8643606684636325,11.870206350384263
0.2371537545695901,0.8435351946391165,0.5829018063377589,0.4972657833714038,0.41731075337156653,12.05365149328433
0.91941671166569,0.2799113793298602,0.6821459250058979,0.7284797655884176,0.027553345542401075,16.816447814218417
0.39868570142425597,0.9732749122194946,0.4562214841134846,0.9538475126028061,0.3771368965972215,19.749358975031974
0.24017934896983206,0.5338161420077085,0.7078248898033053,0.7651938053313643,0.5514159859158099,14.834718090890565
0.3750533265992999,0.8045093412511051,0.2004701537080109,0.8011018459219486,0.14019743772223592,18.32734089538719
0.042586234863847494,0.283961201319471,0.2532720295712352,0.015007081907242537,0.3765150373801589,2.7662837056768734
0.03197718015871942,0.3813446012791246,0.14875362743623555,0.16183890425600111,0.6172996002715081,8.145294281065658
0.8204073139932007,0.33267712127417326,0.8748679906129837,0.6982216201722622,0.3863549551460892,19.13108011995484
0.3975971108302474,0.8338508796878159,0.04493498057126999,0.5744868603069335,0.21476826490834355,20.64026051172634
0.690223180456087,0.511564560700208,0.9126388425938785,0.06968676811084151,0.7777954039629549,16.933336771096737
0.12842796463519335,0.07743862038478255,0.5292174173519015,0.783894318388775,0.9410353901330382,13.836509466251048
0.5047587330918759,0.31107141403481364,0.576759829884395,0.0717224336694926,0.4050533827394247,8.493963260180434
0.36865882854908705,0.013083884725347161,0.1692851383704692,0.696662119589746,0.1282374805305153,10.11527954729804
0.9304016383830458,0.8160472055897117,0.28288803342729807,0.06962765450589359,0.638310959096998,11.515113054999986
0.34930225973948836,0.490839067613706,0.00605495972558856,0.9319659192115068,0.7532036115881056,24.36239461650378
0.697813758160919,0.30174952396191657,0.21285086846910417,0.22911631339229643,0.019417864037677646,9.824331359716581
0.05761149898171425,0.19758883421309292,0.9210328713525087,0.9480018888134509,0.8666158565320075,15.827720407550684
0.8110013296827674,0.758034192956984,0.14518531458452344,0.1512860218062997,0.703614799072966,17.156338111242373
0.4819714017212391,0.6813485184684396,0.1452171099372208,0.022641401970759034,0.6874858858063817,13.285615125624204
0.2215185877867043,0.03070729016326368,0.806175171630457,0.4116414366289973,0.8839515713043511,10.122560459314053
0.3561802750919014,0.6644531998317689,0.4424291276372969,0.2851518369279802,0.6831925739534199,13.64795242256414
0.21760217403061688,0.3847410746384412,0.6964643143583089,0.3020399927627295,0.2914676347281784,7.873805642959289
0.4608124566730112,0.22096410184167325,0.07176535716280341,0.14994489983655512,0.9476542384363711,14.685985779827632
0.41482717101462185,0.937188113341108,0.287619607988745,0.9497334680054337,0.056615847395733,19.827179628950876
0.2526263645850122,0.8250054947566241,0.5353209979366511,0.5436317527201027,0.7972314835060388,15.614526755109125
0.9503446402959526,0.06461745174601674,0.9317263239063323,0.12926868116483092,0.3441042515914887,8.112979266832092
0.4626330784521997,0.2938657628837973,0.02389641385525465,0.23513637180440128,0.8020644681528211,15.109748205015256
0.9554006117396057,0.05486153997480869,0.06088543962687254,0.8223452244419605,0.8056333649437875,16.109088055579633
0.44890868477523327,0.887282956391573,0.49910056916996837,0.9188627698458731,0.5644933513831347,20.28207811397571
0.6652087611146271,0.19923804327845573,0.05338802211917937,0.9679403447080404,0.9286403926089406,22.322592217752455
0.7489765875507146,0.3254658430814743,0.6288178833201528,0.8385798253584653,0.8772301175631583,18.93681502181371
0.6055988795123994,0.8058498457539827,0.4152892103884369,0.4017616156488657,0.6869273269549012,17.749877614773002
0.02402149955742061,0.20470368885435164,0.08169817226007581,0.9361299669835716,0.647924454184249,16.895572192574008
0.7425873945467174,0.4675879559945315,0.7718925529625267,0.9422421862836927,0.5510678612627089,22.414327872101577
0.8762215797323734,0.6586979911662638,0.5479007083922625,0.2815122564788908,0.805441678268835,15.596045406135909
0.4417413347400725,0.5211015481036156,0.1945291692391038,0.1514932883437723,0.5199926344212145,12.567612257960247
0.18241210095584393,0.4901873704511672,0.40701363096013665,0.38637122022919357,0.6117172809317708,9.809006321494925
0.8294524040538818,0.2505040157120675,0.510194358183071,0.5797780696302652,0.6380492788739502,14.655347194268694
0.964183107484132,0.527696123579517,0.48239299398846924,0.8645580660086125,0.7521564615890384,21.63062639981533
0.25155631895177066,0.4636497606988996,0.6792787245940417,0.45285207172855735,0.33619311545044184,10.483207771978524
0.3344233459793031,0.025265959789976478,0.7550481481011957,0.6909428117796779,0.0849006820935756,9.271356342784038
0.16473074071109295,0.6200886880978942,0.501399407396093,0.0928506429772824,0.7392758885398507,7.824683724796631
0.905877644661814,0.5164403291419148,0.21915942151099443,0.656919289380312,0.9804250090382993,23.833588012930907
0.28948299516923726,0.0661276439204812,0.39590229745954275,0.6639452951494604,0.7760992092080414,12.938384668650514
0.9734425211790949,0.3577051004394889,0.04520351835526526,0.8626961025875062,0.7654864331707358,24.813334089497054
0.861162573331967,0.933521163649857,0.44753161794506013,0.38883241661824286,0.41064255544915795,12.8377188886493
0.4574329846072942,0.979939415352419,0.08911327715031803,0.16871788213029504,0.4764361975248903,18.79543120110913
0.7875428353436291,0.25616683694534004,0.21879564598202705,0.995983651606366,0.5644612687174231,18.80113836989156
0.08480659709312022,0.22505068639293313,0.8724569061305374,0.9108228906989098,0.4337731502018869,15.19689065473635
0.7399379031267017,0.5191429613623768,0.08637073822319508,0.8821261348202825,0.32248523528687656,23.421946619325496
0.3057497835252434,0.7093187975697219,0.9215495600365102,0.10914068855345249,0.9064662242308259,14.661120266403
0.7249209797009826,0.017137470887973905,0.4660975378938019,0.33026857138611376,0.398966304725036,6.011838146399948
0.5089315266814083,0.7270837225951254,0.3156185483094305,0.2057108802255243,0.7699076351709664,13.196905065862104
0.12353772600181401,0.5630442693363875,0.7371081009041518,0.8930945263709873,0.7449734301771969,16.627283699346712
0.8339780091773719,0.47460534889250994,0.6820597958285362,0.9131486422847956,0.7188212354667485,21.36250965993735
0.7115448568947613,0.16319644870236516,0.3675366938114166,0.6553958735894412,0.24440632946789265,11.49336634011107
0.8560952541884035,0.9787045340053737,0.5199416666291654,0.7380752796307206,0.1613246975466609,14.539241559013867
0.4516078841406852,0.3635087001603097,0.7469948036596179,0.5440868108998984,0.4632522740866989,14.750266049269168
0.2413211374077946,0.9627630435861647,0.830102849053219,0.40388302388601005,0.8328323783352971,15.662818364775111
0.9116684081964195,0.64301114436239,0.7741271906998008,0.9354759023990482,0.3909024328459054,20.346358936024703
0.38841377617791295,0.08268039207905531,0.8670359768439084,0.43010601843707263,0.20047510880976915,9.119413012040967
0.23271638667210937,0.9003915807697922,0.979058955097571,0.9694444579072297,0.10177611722610891,21.28946028542664
0.9308557899203151,0.7429107902571559,0.740947020240128,0.1892870245501399,0.9311147322878242,15.056012806408898
0.8907117906492203,0.9909570063464344,0.35488399234600365,0.8955067137721926,0.6902521140873432,15.147315268989237
0.742388412123546,0.8239383834879845,0.07994466763921082,0.9562302795238793,0.7420179706532508,25.227896804435176
0.624059600988403,0.3970106588676572,0.6600832138210535,0.3238789066672325,0.07660208665765822,11.848225422491273
0.5521202266681939,0.5860283656511456,0.03895402932539582,0.41531050601042807,0.012523491634055972,16.650216841175588
0.9059132332913578,0.6649252758361399,0.41466673533432186,0.7451740622054785,0.47578672668896616,19.108012785394784
0.8585888848174363,0.7711034552194178,0.19778278563171625,0.24822745937854052,0.15874543017707765,14.04476977030986
0.3786084055900574,0.32705672713927925,0.14505426189862192,0.6425561548676342,0.18736501084640622,12.507227703836598
0.9010580615140498,0.8354306004475802,0.7950632115826011,0.4084738870151341,0.04286401881836355,15.269215292670113
0.2556719249114394,0.296189641347155,0.516946675721556,0.4140412483830005,0.5795996333472431,10.258434476939017
0.37107208115048707,0.9472109864000231,0.45893808198161423,0.6120704931672662,0.18744314461946487,16.342902237857928
0.25908559700474143,0.28815922350622714,0.327930896775797,0.21989233884960413,0.414880687603727,6.280219933083101
0.4255902224685997,0.3640882303006947,0.5808549879584461,0.9824890412855893,0.6138943387195468,16.06450268784648
0.079551060218364,0.45937626739032567,0.7446358299348503,0.07108933292329311,0.5526329956483096,6.988575168974037
0.2731882333755493,0.8047382519580424,0.18644946836866438,0.22614757483825088,0.7510016947053373,14.754107194517413
0.02612118050456047,0.4910201537422836,0.524556155083701,0.24516358668915927,0.15425642812624574,5.0651022434948585
0.6934300670400262,0.0999479026068002,0.7527504567988217,0.8862991260830313,0.14810997899621725,15.48907870805456
0.41334258974529803,0.21987017709761858,0.9075048041995615,0.43290154123678803,0.15027177380397916,12.569705398091436
0.8328819298185408,0.81997917057015,0.5989249462727457,0.47200698172673583,0.8191343210637569,16.259550956918094
0.5719989368226379,0.6578440254088491,0.4474812741391361,0.37971663288772106,0.24530454725027084,12.98228558424783
0.9814931636210531,0.20345317642204463,0.8398789842613041,0.6658873257692903,0.9061199706047773,19.023384768867754
0.40518335276283324,0.6013134834356606,0.06316959229297936,0.49212167225778103,0.42132192687131464,17.89527900031141
0.4148358709644526,0.4678633790463209,0.6154975008685142,0.23644787236116827,0.356702386867255,10.206194891199678
0.715684560360387,0.555614240700379,0.8296383898705244,0.6977230086922646,0.6439013967756182,21.57449951552283
0.784444504417479,0.28172201616689563,0.7717695371247828,0.03198279766365886,0.23641019850037992,10.437124080595469
0.04795109061524272,0.49859284050762653,0.6159584347624332,0.6619303768966347,0.7484997857827693,12.274867761510466
0.3759933605324477,0.7199056707322598,0.8724596935790032,0.7265192167833447,0.2549231874290854,19.105415974054118
0.2641651446465403,0.35159879294224083,0.8010230341460556,0.6255076068919152,0.3826791374012828,13.278725674329795
0.11609483323991299,0.36802585888653994,0.40684755868278444,0.6891642885748297,0.8972665653564036,11.920141288866427
0.8919344008900225,0.8039094377309084,0.06557100987993181,0.7323163854889572,0.3743361197412014,19.873489614124335
0.06321557587943971,0.6137026157230139,0.23719601216726005,0.9596781751606613,0.676157557638362,15.863311426077058
0.4043773147277534,0.30666465777903795,0.19817861588671803,0.32599660102277994,0.6624473214615136,12.014958745013498
0.19549398543313146,0.6828763177618384,0.22353283362463117,0.22604304365813732,0.9291810761205852,11.975747507996582
0.344045934965834,0.11262970557436347,0.18155670538544655,0.34405786194838583,0.02887134929187596,7.254285114911352
0.024836867349222302,0.6764348756987602,0.3049213325139135,0.8152469138149172,0.1459059182088822,10.042624883505043
0.6790004109498113,0.8054289994761348,0.10068052494898438,0.44952870556153357,0.8349338481202722,21.5123834283462
0.015447819139808416,0.02762849908322096,0.9628958173561841,0.731439080554992,0.6946343227755278,17.181368873820883
0.9839948704466224,0.9547317733522505,0.1867685557808727,0.2546929439995438,0.19087674608454108,6.782987371231874
0.6374328669626266,0.18597360653802752,0.8408093273174018,0.7180282555054873,0.17727197729982436,13.768664508691339
0.2694225893355906,0.6456851786933839,0.813389403745532,0.03158303489908576,0.4709700932726264,9.937203522864367
0.46089533041231334,0.3832501694560051,0.4678253454621881,0.012108788592740893,0.8983888272196054,9.232530557560466
0.46554475417360663,0.43953462573699653,0.3997552702203393,0.9360709320753813,0.4449130352586508,17.884761076356227
0.0969565890263766,0.15863538859412074,0.029607993084937334,0.16712837829254568,0.9539292510598898,9.96502977643625
0.1730424880515784,0.9708875599317253,0.9662182091269642,0.4535699253901839,0.41583375516347587,16.156043725900165
0.5480441481340677,0.6716725747101009,0.7405520775355399,0.5757611815351993,0.12667075218632817,16.690213112051605
0.3439195293467492,0.6702233362011611,0.17180664488114417,0.790801468770951,0.6871801454108208,18.78161171627683
0.860065697459504,0.11978179588913918,0.770426286617294,0.7724107438698411,0.4276422599796206,15.035586877608173
0.3909071481321007,0.3090107685420662,0.6900832862593234,0.1615434978157282,0.8171164356172085,9.274253859401616
0.1910394981969148,0.14616642659530044,0.9055884392000735,0.5069042260292917,0.9011710968334228,12.222342560806077
0.3214588216505945,0.07952264789491892,0.8157770696561784,0.9240591938141733,0.8844677347224206,17.7379353849281
0.3681848894339055,0.9011596802156419,0.042295415652915835,0.514553802087903,0.820549032650888,23.67111219556656
0.4237147415988147,0.5818844567984343,0.08768528583459556,0.8657178308349103,0.19166285498067737,20.991889583519793
0.005679002497345209,0.3590399418026209,0.961257335729897,0.19584441604092717,0.8137876631226391,9.394810496213886
0.897548780310899,0.6974547551944852,0.1347028212621808,0.12845030357129872,0.696879924973473,17.379379982263092
0.22831508866511285,0.049113354878500104,0.7887893689330667,0.3296014682855457,0.3907535229809582,5.343855973760315
0.09647478442639112,0.8611719864420593,0.13612837553955615,0.04912281432189047,0.1443276705686003,5.202445636228023
0.557255995227024,0.2978613027371466,0.9879654876422137,0.7894616301637143,0.6357095593120903,19.607843791855743
0.8054052009247243,0.28211939916945994,0.4649079025257379,0.7746329270303249,0.04451380670070648,15.049283439237795
0.6443536228034645,0.49257575417868793,0.24948855233378708,0.7583747094031423,0.9506831490434706,21.059820544260965
0.3002096877899021,0.6204020734876394,0.050378597574308515,0.22131808893755078,0.35013676644302905,13.546658714874846
0.06617143121547997,0.6134493541903794,0.7077155788429081,0.8852790957316756,0.6670826354529709,13.37092092258547
0.7987726933788508,0.8548659549560398,0.2645306757185608,0.24371512257494032,0.223957987036556,14.025930107914487
0.3515390728134662,0.9045454924926162,0.3485368746332824,0.9423425474669784,0.7021425131242722,23.013819195528967
0.295416695298627,0.9444482899270952,0.7432258136104792,0.5823202694300562,0.3092859508469701,17.106933209646286
0.012851260835304856,0.6817752602510154,0.6287445162888616,0.6765213466715068,0.6943660408724099,11.68218850182184
0.5609580711461604,0.12867680843919516,0.8127627391368151,0.09154215757735074,0.9827727146912366,9.908492449429875
0.18055297201499343,0.40325781842693686,0.4679141081869602,0.7746850620023906,0.5000994454603642,11.339372145935258
0.5950790431816131,0.8070506388321519,0.8156587118282914,0.3858244379516691,0.977046218700707,19.762838221703877
0.4442880591377616,0.5800098464824259,0.2388397075701505,0.8724706475622952,0.9747594650834799,22.74014127743916
0.537612690590322,0.8566489741206169,0.4046599389985204,0.009477712446823716,0.15770352305844426,8.846926417097759
0.9051702248398215,0.35912301973439753,0.40034088771790266,0.5289358606096357,0.751574655296281,19.23703714763044
0.36188957188278437,0.2727476139552891,0.5280850997660309,0.18213129229843616,0.8806692573707551,9.281267144596864
0.4521148179192096,0.45783228427171707,0.7909664309117943,0.10979929729364812,0.8586501379031688,10.389068441005229
0.6199398864991963,0.650257165543735,0.16858258750289679,0.4944099225103855,0.26118590752594173,18.28443496048554
0.2202382783871144,0.09529399871826172,0.7562320735305548,0.6048687719739974,0.9306145533919334,13.846158118490024
0.176031403709203,0.6190604190342128,0.6464002742432058,0.2461448274552822,0.6158717046491802,10.624273359585777
0.9277843793388456,0.8758651434909552,0.41981734964065254,0.7096327987965196,0.4436466274783015,14.420377826236244
0.5124046364799142,0.8682052714284509,0.5454193737823516,0.6614499904680997,0.06789615075103939,16.659409591937226
0.8132925222162157,0.7484740677755326,0.5808654599823058,0.06619188794866204,0.5247751334682107,13.704561400279113
0.1913651537615806,0.9336123901885003,0.012340102810412645,0.23560845223255455,0.4116454557515681,14.050064613839774
0.39778786851093173,0.8565583671443164,0.8429706196766347,0.4779765070416033,0.5313396300189197,18.003483792423356
0.7562246310990304,0.22990637202747166,0.22662033047527075,0.9932567193172872,0.2535071773454547,17.821803096581004
0.09471149230375886,0.4856301904655993,0.07851962116546929,0.9639268568716943,0.7886943849734962,18.887299302122035
0.8953934486489743,0.6697101716417819,0.2988495551981032,0.2744986372999847,0.3070485347416252,12.830331810585216
0.7777378577739,0.16380507149733603,0.4941139188595116,0.1807937656994909,0.7270535670686513,9.747155626668201
0.30725574935786426,0.8743233499117196,0.1580404401756823,0.3778798452112824,0.9762851691339165,18.720405254683747
0.29284529597498477,0.23322377842850983,0.8002436677925289,0.10603692778386176,0.09339925972744823,6.012692755420923
0.2982709901407361,0.7932892418466508,0.1397318325471133,0.38033513724803925,0.560023941565305,17.446789313081716
0.6880629826337099,0.7904800183605403,0.4095757622271776,0.8121051706839353,0.3622720504645258,21.09333569742125
0.044097253354266286,0.017199004534631968,0.3969001292716712,0.5551711502484977,0.2960567178670317,5.9482071335843605
0.3038721780758351,0.9839029414579272,0.6769525266718119,0.046125703025609255,0.9815060165710747,13.631450237423687
0.5813982945401222,0.80700449552387,0.2275209496729076,0.013261496089398861,0.3538028609473258,12.575863896661307
0.8688278719782829,0.9512079358100891,0.1128023387864232,0.699360990896821,0.4082831225823611,17.02138561109812
0.07368422672152519,0.10858142795041203,0.10871291719377041,0.1562145829666406,0.9711163609754294,10.589416125867963
0.3579644071869552,0.42773110838606954,0.22529195505194366,0.7894556901883334,0.6208636669907719,16.844249262730756
0.8584375900682062,0.5788184078410268,0.7197193219326437,0.8000267213210464,0.6844722668174654,23.142673114877248
0.8131740216631442,0.4738742483314127,0.3746291412971914,0.787021110067144,0.22599020670168102,17.995323053540847
0.5927888778969646,0.2938818880356848,0.22739343717694283,0.9279022081755102,0.8648158099967986,20.954982922595967
0.47685600141994655,0.6170862019062042,0.4248289775568992,0.17576200771145523,0.21983309392817318,9.317132485212355
0.8187607866711915,0.03140359744429588,0.45558995683677495,0.127787247300148,0.9779769293963909,7.504675657723971
0.15236978675238788,0.0892349595669657,0.3327763567212969,0.32705732877366245,0.020504741463810205,5.1364771770358555
0.9198368098586798,0.7682050166185945,0.26186104165390134,0.12730727763846517,0.697804139694199,12.873014219568478
0.3404331605415791,0.9930985784158111,0.6649453791324049,0.615043182624504,0.12002804572694004,17.2464426055651
0.28196006594225764,0.2266763139050454,0.7297517349943519,0.2882692404091358,0.05964190373197198,6.982435649695714
0.07174824923276901,0.21914994297549129,0.6336994238663465,0.9486682673450559,0.6304191059898585,13.882058789657203
0.1493783942423761,0.14792365045286715,0.21755124512128532,0.858941400423646,0.8763285398017615,16.616200664409355
0.6145849670283496,0.2995519754476845,0.0045852516777813435,0.8265790590085089,0.15480844560079277,17.499380255381073
0.4909768938086927,0.5177704277448356,0.16158053162507713,0.9504114263691008,0.9619200685992837,23.31058515549559
0.09198644733987749,0.6428236356005073,0.4710133937187493,0.3066474830266088,0.5792824444361031,8.59219888608776
0.8446161749307066,0.16470512258820236,0.6360964784398675,0.49162161350250244,0.7224659570492804,13.826171943886251
0.7440676221158355,0.8409341452643275,0.9214477445930243,0.4447650194633752,0.40514070983044803,18.73105793089545
0.3543996016960591,0.7103608157485723,0.594900741474703,0.19357395800761878,0.6537545784376562,12.296760050226347
0.19655153644271195,0.3555315425619483,0.794216065434739,0.21229254268109798,0.6195396382827312,9.26094332115964
0.20665554190054536,0.22886021016165614,0.8510167656932026,0.01249567442573607,0.7577300455886871,7.472687917176551
0.2553294284734875,0.6232295921072364,0.5518790655769408,0.6606549599673599,0.6319918553344905,14.504862422567916
0.7700007774401456,0.04277508379891515,0.4489348530769348,0.32001146767288446,0.8418716094456613,8.041378739545602
0.13435928616672754,0.1944764021318406,0.21988043375313282,0.6396016646176577,0.26930587785318494,8.683230244741372
0.9985291578341275,0.09923531487584114,0.19002437149174511,0.5071615064516664,0.6528391672763973,13.258877882019737
0.4261703931260854,0.877546370960772,0.343613859731704,0.23836562782526016,0.1425333523657173,12.206402488790502
0.07734322315081954,0.7794916532002389,0.8117301277816296,0.19082722789607942,0.34205608651973307,7.29106070182338
0.6326619470492005,0.5287585833575577,0.5015262227971107,0.9622169178910553,0.02286687958985567,17.20938387160592
0.4158192330505699,0.48813115479424596,0.767719489755109,0.7756231701932847,0.7953284799586982,20.474916782363252
0.4340368565171957,0.6263813255354762,0.5278733584564179,0.17775916517712176,0.3804717843886465,10.95887066674402
0.8306622537784278,0.8159581415820867,0.8449487292673439,0.983657453674823,0.11820651916787028,22.731115457334077
0.9601724182721227,0.9945011155214161,0.23042735736817122,0.02020361553877592,0.3126734846737236,4.481374708146154
0.513430786319077,0.3343221955001354,0.7779175234027207,0.3088451814837754,0.5117935468442738,11.370153278520121
0.016313423169776797,0.47188552166335285,0.8880201487336308,0.06035605305805802,0.5435467259958386,5.843843534587709
0.4765667072497308,0.9836259766016155,0.8157583784777671,0.35209065582603216,0.5227434344124049,18.97666939574468
0.4433136838488281,0.037121058674529195,0.16568558337166905,0.9923416080418974,0.01694965153001249,12.812261722487099
0.15857866639271379,0.5707358054351062,0.17271231533959508,0.297291676979512,0.08130921353586018,9.966978225002727
0.2839647007640451,0.716807758435607,0.9039298605639488,0.33394205546937883,0.7091112385969609,16.163202678867602
0.5115744939539582,0.3957525589503348,0.06550948694348335,0.559653835836798,0.026598219759762287,14.40893277436658
0.5295083038508892,0.026649307925254107,0.7131878135260195,0.8183106374926865,0.04278881708160043,9.968722662482735
0.15607530809938908,0.6724964759778231,0.2058648387901485,0.27950357436202466,0.3173895680811256,7.812477219699037
0.2668822293635458,0.32293868507258594,0.08659620396792889,0.15127014368772507,0.13075561285950243,10.132334483289165
0.5413824114948511,0.28296896000392735,0.26433921535499394,0.19946132972836494,0.13215451664291322,8.742557485639768
0.7298122067004442,0.38094229833222926,0.6907336313743144,0.6178209921345115,0.881776173831895,18.572924949685778
0.39557500649243593,0.34274546918459237,0.7444519712589681,0.1821852191351354,0.9107610050123185,8.945870525392143
0.7839040618855506,0.8348600121680647,0.931319085881114,0.815012804698199,0.9828205038793385,25.914121602464164
0.06829288508743048,0.294350745389238,0.43338787369430065,0.5394754961598665,0.4650822654366493,9.37423711655554
0.2984697038773447,0.0857483921572566,0.17929824627935886,0.9593977406620979,0.9120213431306183,17.709206499542937
0.774643681710586,0.19164853869006038,0.685598463518545,0.29168542195111513,0.8765815389342606,13.441595159111493
0.13762196758762002,0.3931474357377738,0.328094914322719,0.945820540888235,0.5018830408807844,17.70633612160403
0.20091227302327752,0.33568129665218294,0.6550092841498554,0.5946313766762614,0.5244914931245148,11.608770175337382
0.9608316803351045,0.7926074147690088,0.9392182440496981,0.23935537110082805,0.9237730270251632,18.981209752326347
0.35264727054163814,0.8912768850568682,0.141138750128448,0.4983638215344399,0.025746314087882638,16.292398286217473
0.8367854710668325,0.29347096593119204,0.6278420030139387,0.136284890351817,0.6360795963555574,11.049312947173645
0.45230800728313625,0.4813034678809345,0.890811852645129,0.5806042409967631,0.1775589305907488,15.85230133434388
0.4911437470000237,0.20090908650308847,0.356764261610806,0.41410353826358914,0.8252238559070975,12.25500908470025
0.08021329948678613,0.9250200709793717,0.22376695647835732,0.7954835768323392,0.16750066448003054,12.667842169990369
0.895479777129367,0.8255029506981373,0.8739490357693285,0.3731998736038804,0.5239870548248291,16.445610060270177
0.30704350769519806,0.9116263051982969,0.375843299087137,0.9025330264121294,0.6759480126202106,21.58496537960067
0.15834042453207076,0.7340214096475393,0.43468284071423113,0.31482152873650193,0.8690760238096118,11.758330678863537
0.3721136029344052,0.4622272171545774,0.3001598217524588,0.6147620652336627,0.08423922839574516,12.616165038636893
0.6108032986521721,0.2975910156965256,0.04912227136082947,0.9787275879643857,0.643496414180845,21.507937378096216
0.13803689158521593,0.4812510726042092,0.7174528778996319,0.32575865741819143,0.7712587048299611,8.660173784454061
0.8192627818789333,0.7941095537971705,0.9085983743425459,0.32297356822527945,0.7734134113416076,19.187651599044973
0.45866784965619445,0.5894116989802569,0.18802251713350415,0.4593988489359617,0.14536721026524901,15.178958398925378
0.418283945415169,0.5690811795648187,0.4940384649671614,0.8824301750864834,0.47015179111622274,16.628407789140663
0.9964843522757292,0.530280752805993,0.051708083832636476,0.7763739340007305,0.7337605704087764,26.40116562919441
0.8247664901427925,0.4368493929505348,0.2783995212521404,0.14916404290124774,0.15493701538071036,13.64778680416173
0.32997631817124784,0.3581554591655731,0.8752970448695123,0.5377090952824801,0.2967133813071996,15.030570229127122
0.7701109845656902,0.23741285759024322,0.4378510827664286,0.587770959129557,0.9759884201921523,15.235050477027
0.10665785218589008,0.23308126581832767,0.061068685725331306,0.38787193573080003,0.6760283701587468,12.10723372866601
0.8412401033565402,0.9095299555920064,0.22840700182132423,0.12307270779274404,0.6892664926126599,12.314382991038183
0.8382233276497573,0.11193478130735457,0.44346220954321325,0.3761799081694335,0.4447180724237114,8.423940296011827
0.6156907472759485,0.9771744324825704,0.0772469665389508,0.8467318993061781,0.15014763153158128,23.505663998356994
0.9359184065833688,0.6064936928451061,0.9638212791178375,0.08536282577551901,0.06617964943870902,16.18875626576446
0.9916893162298948,0.7364453088957816,0.6313275310676545,0.7422396605834365,0.9115169453434646,20.489525221057917
0.1546867499127984,0.009667972568422556,0.10515546286478639,0.006482333643361926,0.6883397647179663,7.657168800495066
0.44727564323693514,0.6168492196593434,0.23163520800881088,0.9963957984000444,0.3243448822759092,20.079363197277974
0.5653751594945788,0.20380772952921689,0.03656987915746868,0.47358605125918984,0.46751645067706704,13.878257430427212
0.01822927175089717,0.5095306497532874,0.3577909211162478,0.1514919768087566,0.6145580541342497,3.3672863147928176
0.6997207184322178,0.30133838788606226,0.8255553797353059,0.20414160774089396,0.047260522143915296,10.336238180485582
0.39907825109548867,0.13347494206391275,0.991582638816908,0.9502443049568683,0.777819974347949,18.881380794629525
0.7005333076231182,0.6935535205993801,0.17955473624169827,0.4845689800567925,0.9088974965270609,20.081952664001786
0.27288630488328636,0.4847531393170357,0.8175754689145833,0.9927865206263959,0.9762723417952657,20.618144669391665
0.06174264126457274,0.706494664773345,0.6467348337173462,0.3413913759868592,0.648046531714499,6.831033548691597
0.0489169186912477,0.2798683929722756,0.7947246611583978,0.777943691238761,0.3376163069624454,11.12099734382548
0.721779289888218,0.7737275122199208,0.7757965258788317,0.2903301331680268,0.022564732236787677,13.175684894301817
0.39866543654352427,0.4887183231767267,0.8928849655203521,0.25128011289052665,0.7295500044710934,14.29328790329205
0.03888609982095659,0.4195802458561957,0.36802276805974543,0.2780368684325367,0.39561563823372126,6.024011112128707
0.5643342602998018,0.5231186030432582,0.8572343126870692,0.8986272965557873,0.9795203898102045,22.679423697682957
0.6829800915438682,0.5097408865112811,0.9991230017039925,0.2909401739016175,0.22012660861946642,17.68437687182381
0.5005505508743227,0.5723571910057217,0.4444511116016656,0.15230370475910604,0.4231101351324469,13.982550253456385
0.992722257738933,0.9494410811457783,0.3672460636589676,0.27833227859809995,0.11696775094605982,4.6797560968932785
0.9355885877739638,0.94240095699206,0.5948406443931162,0.5920740377623588,0.9580276326742023,15.402823835413415
0.5260105619672686,0.4273674990981817,0.127142496407032,0.3478908045217395,0.20464689121581614,14.889107517635132
0.0893964315764606,0.27711389772593975,0.6187237135600299,0.9430361245758832,0.022738851606845856,9.032275118799562
0.005260338308289647,0.10529924253933132,0.3219276473391801,0.7394774474669248,0.06766519392840564,6.970993818042892
0.3616935648024082,0.23542067944072187,0.06188232125714421,0.2782677535433322,0.07205248158425093,8.551240701242506
0.8852009430993348,0.20437329658307135,0.6596056080888957,0.730156812351197,0.023085796739906073,13.227489728424354
0.5289167850278318,0.9017476362641901,0.17911950405687094,0.38947337749414146,0.5173667743802071,19.864056545645663
0.8143100310117006,0.47532216599211097,0.4185300034005195,0.8185837208293378,0.36729834019206464,18.470912398449208
0.5560807250440121,0.3467166433110833,0.4968630722723901,0.34944598376750946,0.9152367496863008,14.746539917398117
0.7464574691839516,0.5440928214229643,0.9119879296049476,0.3618497943971306,0.21190538327209651,17.748317594456793
0.1791453144978732,0.758944230619818,0.05182091682218015,0.8859686590731144,0.8072411403991282,20.7069087802738
0.09870418021455407,0.09734103782102466,0.44191149389371276,0.9224650755058974,0.456972285406664,10.526784579902449
0.7528133257292211,0.8750727702863514,0.5805332339368761,0.3991414285264909,0.14379922882653773,14.29316242080554
0.46286623599007726,0.20325655676424503,0.11655510310083628,0.06296636024489999,0.6681798275094479,10.262678963142461
0.29950036597438157,0.47895588958635926,0.4144664506893605,0.8713892064988613,0.0864594024606049,13.769010395168083
0.41027831262908876,0.808406934607774,0.08489750977605581,0.30906589748337865,0.977222126442939,20.927925046806653
0.14626793935894966,0.3410228081047535,0.16857321350835264,0.711761066922918,0.4331683926284313,13.537127314259322
0.3678188482299447,0.3128239354118705,0.026544517604634166,0.0997193087823689,0.7473673431668431,10.931846315856038
0.4092278955504298,0.6029240735806525,0.7349404750857502,0.9399934285320342,0.09486678219400346,17.22258292350521
0.04830712848342955,0.9808443458750844,0.14913252065889537,0.0671605106908828,0.7827887581661344,8.014805781798923
0.7064457710366696,0.007109458325430751,0.8945068772882223,0.7742275719065219,0.7283462611958385,16.09879172266983
0.402652993099764,0.873414201894775,0.5045967889018357,0.7227341427933425,0.09181013982743025,16.27786322568441
0.3685805869754404,0.09819528926163912,0.07276354264467955,0.6520331932697445,0.40800860873423517,13.020674536250528
0.7647394924424589,0.3890947662293911,0.6702163114678115,0.09234486939385533,0.9452392735984176,15.47487732196321
0.4815479414537549,0.7170933454763144,0.8964974337723106,0.1460633222013712,0.8602766448166221,17.054940987639064
0.7143781741615385,0.46280598221346736,0.08539129723794758,0.04314535250887275,0.43231883761473,12.763376103394263
0.4011462414637208,0.9568626899272203,0.04104663268662989,0.132755636703223,0.06554554752074182,15.962738369874314
0.320932648377493,0.7318584264721721,0.7761756132822484,0.3857506562490016,0.09980439371429384,13.029902150964055
0.43690461688674986,0.9674251256510615,0.5533211443107575,0.430618915008381,0.9621610527392477,17.715422724884203
0.20198242389597,0.2777424082159996,0.9604198045562953,0.24508267361670732,0.6064277614932507,11.7551998601721
0.5526802178937942,0.8471276885829866,0.9977732340339571,0.11965687689371407,0.8379563426133245,20.396620621850662
0.887626068899408,0.023973145289346576,0.24432831048034132,0.22205397067591548,0.15537855681031942,5.751999129885349
0.8613000528421253,0.7117362907156348,0.20802236604504287,0.7954157809726894,0.6460272301919758,22.235075544955528
0.8918792377226055,0.6571258173789829,0.49339147470891476,0.9942577788606286,0.8710889148060232,24.471317677449104
0.4375181174837053,0.018062360351905227,0.009447233285754919,0.41329424059949815,0.40343118621967733,11.4453060148601
0.22183558950200677,0.8391908002085984,0.21317514358088374,0.691766977775842,0.7324182463344187,16.805051423775012
0.7171784280799329,0.3833944876678288,0.9276659972965717,0.48708400526084006,0.28991956589743495,18.885925146057755
0.4336753806564957,0.12164812861010432,0.8069290481507778,0.6104768277145922,0.45729748951271176,11.824331774079244
0.023887048242613673,0.005172476638108492,0.5927472033072263,0.005201821681112051,0.9227215165738016,4.238252495326191
0.34184903581626713,0.6417679125443101,0.04487232072278857,0.6713591357693076,0.45665626879781485,19.308866481266826
0.5944053104612976,0.07453657500445843,0.5832049876917154,0.7867345365229994,0.12955305678769946,10.259154666649998
0.6704995152540505,0.13270800118334591,0.582227248698473,0.09012194350361824,0.2331490518990904,5.09878279010356
0.609354617074132,0.22909392789006233,0.9374755702447146,0.8083789399825037,0.37474923953413963,16.69966204553029
0.13425573543645442,0.05393033009022474,0.27860237192362547,0.7815520649310201,0.5920324767939746,13.062789848141076
0.8387186795007437,0.7590599537361413,0.7484737988561392,0.1964806301984936,0.891101312590763,14.640534579473949
0.5560879569966346,0.5578966047614813,0.9016927713528275,0.16276150289922953,0.5062439756002277,17.36069818682119
0.8131365703884512,0.3526928825303912,0.7180800321511924,0.5831055839080364,0.8380855990108103,18.054979149466728
0.6192763221915811,0.8986786417663097,0.16108516743406653,0.6463391766883433,0.316262497799471,20.70125086913021
0.7521666148677468,0.008439995348453522,0.9715668708086014,0.882551979040727,0.3712964493315667,14.996072969174104
0.2556383074261248,0.5233802101574838,0.6575449164956808,0.4241450624540448,0.20517361210659146,12.631953149034153
0.15462193451821804,0.9359313677996397,0.24543861532583833,0.11600975273177028,0.8119352390058339,10.808345548103745
0.3372117893304676,0.7612160367425531,0.6173484465107322,0.32262566895224154,0.6650444194674492,13.917762860205636
0.9285096097737551,0.6794795442838222,0.6045677734073251,0.13537908578291535,0.5007540152873844,13.352664871251523
0.23854650650173426,0.4327101509552449,0.6264583626762033,0.4764314265921712,0.6559161411132663,11.63925484567064
0.04092529648914933,0.5034196013584733,0.6672573189716786,0.0963268771301955,0.33285847632214427,2.654835785413887
0.5970073018688709,0.046419953694567084,0.6748202869202942,0.914716956904158,0.05924809561111033,9.510125015419996
0.24990512616932392,0.5260276331100613,0.4434745470061898,0.5372660744469613,0.4452046302612871,12.261868365976113
0.5379922154825181,0.4258561946917325,0.4930943036451936,0.5520002916455269,0.26284944568760693,13.885843594781194
0.7089648644905537,0.8947214395739138,0.5388867412693799,0.68780736066401,0.21674442430958152,17.14328577242041
0.02971496433019638,0.16168094263412058,0.13302899431437254,0.33623505663126707,0.6501274004112929,10.231948731243685
0.3519612168893218,0.9437531277071685,0.16041020094417036,0.7000293110031635,0.3909088517539203,18.49449147780758
0.9496761914342642,0.8474461920559406,0.05651963292621076,0.1964797624386847,0.6362771480344236,16.058542222293415
0.08256608317606151,0.602660521864891,0.38963952008634806,0.6194563312456012,0.029749206034466624,8.315224265081142
0.09984756843186915,0.08180033159442246,0.5756305903196335,0.9074247342068702,0.9846239960752428,14.369627318434155
0.4856218930799514,0.632390882819891,0.48245046683587134,0.11688371119089425,0.704426942858845,13.882201889520577
0.9279532902874053,0.16294204350560904,0.6996688053477556,0.8663706437218934,0.06634658062830567,13.135614194291172
0.18362279562279582,0.36958374129608274,0.9464076412841678,0.8776989113539457,0.468736209673807,16.847151305409604
0.8324835712555796,0.35427368013188243,0.45551629713736475,0.35262750973924994,0.9626970472745597,13.62976408874974
0.5975980509538203,0.08483461779542267,0.2457740951795131,0.7113610091619194,0.661741083720699,11.751382479996149
0.5872289172839373,0.2221711806487292,0.0430597064550966,0.25081585720181465,0.6173713654279709,14.802653158174472
0.0734299779869616,0.5896905411500484,0.054289618507027626,0.8979882940184325,0.21592869726009667,16.096415170298314
0.4887675403151661,0.7851139770355076,0.09004288050346076,0.9973907310049981,0.03629379766061902,21.458971184696313
0.6902595881838351,0.4716799440793693,0.5187562585342675,0.5436824597418308,0.0458756263833493,14.509229891601079
0.006568904267624021,0.16392770851962268,0.5713384065311402,0.9297427346464247,0.7169848461635411,13.693871678823944
0.9364694620016962,0.463063808856532,0.4633733455557376,0.841001363703981,0.6300130181480199,20.520215260096176
0.9120031993370503,0.2727385787293315,0.7591331873554736,0.19251183373853564,0.5983069709036499,11.857727116372683
0.045152328442782164,0.9611504774075001,0.8427968148607761,0.5621976014226675,0.5076205194927752,12.32036253632847
0.037306800950318575,0.19627941772341728,0.11077690660022199,0.9388389056548476,0.4855604120530188,14.990460606798717
0.5963026960380375,0.3781496100127697,0.43723349552601576,0.6422121096402407,0.7514746610540897,15.789323657423177
0.8942259822506458,0.30184749234467745,0.6152903486508876,0.4894105405546725,0.269008124480024,14.735128127821694
0.3392750299535692,0.9698939211666584,0.632027504965663,0.3504120877478272,0.629017484607175,15.200870566143678
0.008420754224061966,0.5377497884910554,0.4943209025077522,0.46788097778335214,0.19450927688740194,6.46071983120189
0.8300589509308338,0.03141685691662133,0.741396144265309,0.9022792393807322,0.686979083577171,16.61440304304418
0.3183343375567347,0.24148428020998836,0.3929911020677537,0.20956384693272412,0.7688636018428952,7.722992278014868
0.6235192720778286,0.4070273470133543,0.45504961628466845,0.14271777076646686,0.5685190875083208,10.983767382734396
0.6734809060581028,0.2614274388179183,0.6138909191358835,0.6927339469548315,0.08438151236623526,12.729242578712403
0.8437199462205172,0.6244965719524771,0.9478239519521594,0.19918687245808542,0.1535224395338446,16.50545652782144
0.14955933205783367,0.29370589600875974,0.15055737760849297,0.6857342708390206,0.3451017290353775,13.21990763966478
0.6705753048881888,0.5210305380169302,0.9143329116050154,0.009345670463517308,0.08975307643413544,12.348006853662548
0.22435392765328288,0.10577498353086412,0.9836117546074092,0.274092047708109,0.9073655707761645,13.68673842514849
0.724222911754623,0.6767566679045558,0.5468669563997537,0.22099061124026775,0.5773893937002867,15.808684074292337
0.47430454078130424,0.11024317517876625,0.9808979535009712,0.5064256826881319,0.16509361029602587,11.954655440625206
0.3425320847891271,0.15017325920052826,0.2118596974760294,0.2582471980713308,0.6293464449699968,9.6564411274881
0.3585002615582198,0.8164734102319926,0.3114799275062978,0.8243892856407911,0.6624349870253354,18.99997968219654
0.7062287135049701,0.3539814716205001,0.19045048695988953,0.16816156054846942,0.47751538548618555,13.210039315998683
0.67742989375256,0.7212462020106614,0.47783499234355986,0.5074352105148137,0.24820859567262232,15.408800242393621
0.09585474687628448,0.1361182837281376,0.4763891112525016,0.787825302220881,0.7970132362097502,12.707715113822772
0.2726916861720383,0.6181781790219247,0.5376960078720003,0.5300795221701264,0.18994456878863275,11.205795891776956
0.7686099882703274,0.7857011884916574,0.04387368122115731,0.7926915448624641,0.770889489678666,26.51599102395873
0.2988748960196972,0.8136525424197316,0.6176505908370018,0.979696491966024,0.5802675785962492,19.320718451709933
0.5466028286609799,0.6882350197993219,0.07754642190411687,0.43919223081320524,0.7407045313157141,21.222551329545485
0.23227005847729743,0.136565703433007,0.9944257782772183,0.43268172023817897,0.4661818300373852,13.256747480725481
0.5624573598615825,0.6721446919254959,0.3979066002648324,0.0574978340882808,0.6114421875681728,14.278748709826546
0.971453782171011,0.22010462847538292,0.4803663536440581,0.31124644819647074,0.8220084372442216,13.095878576469698
0.7859098264016211,0.6148624664638191,0.3714352445676923,0.5627579400315881,0.2398168647196144,17.36876634777203
0.9109467666130513,0.7355966058094054,0.3026641928590834,0.4093946304637939,0.5490381964482367,17.0818366588969
0.18776827421970665,0.14285849570296705,0.6299617772456259,0.15955754625611007,0.9857288203202188,7.3463659988197465
0.2973257496487349,0.11530496296472847,0.32543451827950776,0.8078244235366583,0.8665176283102483,13.133976584631785
0.03573445696383715,0.8866195173468441,0.7798221923876554,0.28464381746016443,0.9036473189480603,9.36124900497025
0.30040760803967714,0.2876965403556824,0.3854987502563745,0.34460086026228964,0.6796590599697083,10.132678900498444
0.8226822891738266,0.8813985039014369,0.9085792319383472,0.5891360566020012,0.6798185894731432,21.300139693287296
0.5897510277573019,0.9836693829856813,0.5618554276879877,0.39260699111036956,0.10367388208396733,14.40069545202374
0.06949326326139271,0.4313772313762456,0.4627472967840731,0.13158524385653436,0.4163968791253865,3.0763416463706488
0.7440606642048806,0.10690511064603925,0.11477469769306481,0.6122844060882926,0.5216962203849107,13.229282266995238
0.8140132001135498,0.5099587203003466,0.15074685332365334,0.10134728928096592,0.6559368071611971,16.254937225532878
0.5063043057452887,0.8207421794068068,0.3336407635360956,0.9552544911857694,0.81708246585913,24.33732185654597
0.2286533028818667,0.7944171738345176,0.8179733667057008,0.28696270822547376,0.8487939690239727,14.136149318792022
0.8182083601132035,0.43229124462231994,0.1616620512213558,0.28038235125131905,0.2828938844613731,16.085565552630875
0.8493628785945475,0.3051793915219605,0.04268443211913109,0.2649457969237119,0.4415323496796191,16.31559260267729
0.6764961744192988,0.6881675135809928,0.5610549002885818,0.7918123409617692,0.10471628117375076,18.124690414538936
0.07884798012673855,0.31672541121952236,0.7036374695599079,0.14480355405248702,0.24326187744736671,2.419934270944121
0.7969488487578928,0.9849235091824085,0.2725907783024013,0.8673359954264015,0.03834041487425566,16.21193924683836
0.8458707616664469,0.17080048308707774,0.0915762078948319,0.8999034124426544,0.37856568582355976,18.569776250504272
0.4220116473734379,0.5056493571028113,0.3093862219247967,0.06258393405005336,0.633384783519432,11.830547099950637
0.2336746477521956,0.35227633616887033,0.27107749157585204,0.4446536048781127,0.9261315620969981,14.723296285938405
0.1541451378725469,0.5405505455564708,0.18824998871423304,0.9122741415631026,0.9452193286269903,17.202702140550922
0.33838055678643286,0.14977369597181678,0.3982171784155071,0.9191053991671652,0.1761166714131832,12.45306735771737
0.9307501364964992,0.5922318222001195,0.2618052796460688,0.09316146769560874,0.8737658138852566,16.35754764389968
0.762617890490219,0.2023785908240825,0.2952537531964481,0.09486542455852032,0.5750336949713528,10.295799909970242
0.46276417654007673,0.3541808782611042,0.2152941101230681,0.3709921012632549,0.5214227726683021,12.45276926882005
0.6552088721655309,0.7761282999999821,0.780295493081212,0.5262781088240445,0.9384710527956486,22.34260296906543
0.7565969594288617,0.6522620031610131,0.18051148089580238,0.08175894850865006,0.7462893496267498,17.29949721422844
0.45132118463516235,0.05433915834873915,0.09137082984670997,0.8251771815121174,0.4285948658362031,15.320467630899977
0.2815128406509757,0.9396797327790409,0.3470486633013934,0.05057623237371445,0.9911755593493581,13.776235926509987
0.8383487260434777,0.08852987620048225,0.1319178333505988,0.8662584987469018,0.2207200552802533,14.370216726394403
0.7087203853297979,0.659522193018347,0.026656650006771088,0.3893587535712868,0.07967026717960835,18.718637606982124
0.9511920672375709,0.3637848368380219,0.17134788539260626,0.49899076274596155,0.7646170551888645,20.68209351273606
0.35213526198640466,0.3364601938519627,0.16228704690001905,0.37681911257095635,0.05868767388164997,11.189213800556908
0.19936727406457067,0.7737326289061457,0.574293622514233,0.886877360753715,0.0776025247760117,13.47189082949749
0.15846519218757749,0.9786944622173905,0.06550636352039874,0.409871906042099,0.16279662074521184,13.462985618640312
0.011414964683353901,0.9759789807721972,0.6908565536141396,0.24155685468576849,0.39282787474803627,6.024435480474153
0.15351940295659006,0.4348051152192056,0.6898513101041317,0.7789501941297203,0.25572611833922565,13.004551137204848
0.017345109255984426,0.7602334888651967,0.514262082753703,0.712096118601039,0.8908451271709055,11.765363279483115
0.5644122220110148,0.9294309602119029,0.7482868044171482,0.8848825821187347,0.36048951419070363,21.21065131959096
0.7648395278956741,0.2404106198810041,0.5187736242078245,0.2975991452112794,0.11878333031199872,9.766994804888386
0.8862314317375422,0.09400459588505328,0.5873332279734313,0.6372678827028722,0.11360419960692525,9.144829950691587
0.3923814417794347,0.7989371106959879,0.7706827018409967,0.4149020672775805,0.6082960506901145,15.98012289810954
0.9440503006335348,0.11535201664082706,0.6791983265429735,0.1463149250485003,0.1676670836750418,5.375994218365847
0.21008162782527506,0.26989711658097804,0.03922569379210472,0.4700785025488585,0.7586773436050862,14.23769220383208
0.8282103855162859,0.08274920471012592,0.3561141293030232,0.18820125376805663,0.6801703863311559,7.107218219773388
0.021350500639528036,0.4426277468446642,0.7218099948950112,0.9479703290853649,0.9527322384528816,16.975518012883718
0.15546002401970327,0.07643056754022837,0.8323223954066634,0.5739502804353833,0.7920279128011316,13.34551226488924
0.42426218232139945,0.9356332211755216,0.8623338013421744,0.8944575760979205,0.7855404785368592,26.028814495956595
0.037182878935709596,0.10715494700707495,0.6916815773583949,0.8195715013425797,0.907707346836105,14.01204818165464
0.20893495786003768,0.7245075248647481,0.31152295880019665,0.08847496891394258,0.8338007887359709,11.02555828138505
0.24867509631440043,0.47966540860943496,0.9294172681402415,0.6190802077762783,0.10017215833067894,14.730868678637583
0.3480117740109563,0.2365754151251167,0.5424605435691774,0.19479993334971368,0.14475284796208143,5.011253177735225
0.5567594438325614,0.9214526317082345,0.7051230757497251,0.32121144351549447,0.1577146598137915,14.961068234569023
0.7619076636619866,0.7375227962620556,0.16616555536165833,0.4399220838677138,0.29898286052048206,17.38099442902957
0.05802461947314441,0.4665060732513666,0.7404395181220025,0.826682644430548,0.22092708270065486,12.89996043085915
0.5966173412743956,0.8440489401109517,0.14752387185581028,0.13487226516008377,0.5614716066047549,18.473849890389996
0.04447514470666647,0.4924865593202412,0.4549488560296595,0.06931138085201383,0.08404218009673059,0.04505578484715089
0.44399119075387716,0.02195285866037011,0.4373197865206748,0.8418580726720393,0.3457985403947532,11.234761278731723
0.1769895616453141,0.1209343085065484,0.6014675912447274,0.7070796939078718,0.8875023061409593,12.450765877813165
0.8549608152825385,0.7380888012703508,0.16112461988814175,0.7566267533693463,0.8343985395040363,22.131773891454355
0.08713761647231877,0.9765697962138802,0.6541810024064034,0.30031549860723317,0.3390650472138077,7.830900427954762
0.6788577446714044,0.44948871061205864,0.36766343633644283,0.5621955117676407,0.6670041866600513,16.64483005161708
0.05593301891349256,0.8744145822711289,0.37671715836040676,0.6375122456811368,0.4772887162398547,11.219705115151584
0.9972451145295054,0.49074721545912325,0.5695303899701685,0.13990469090640545,0.021206087432801723,10.876848077557664
0.6809286982752383,0.6244547090027481,0.7333638551644981,0.6304831393063068,0.9983029963914305,21.496999809298064
0.26501415972597897,0.753951525548473,0.7988530322909355,0.6526907060761005,0.6358145605772734,17.748721973372668
0.7443342788610607,0.5637751272879541,0.8256094923708588,0.3802308158483356,0.5843007904477417,17.59164714513975
0.3924021169077605,0.8042320259846747,0.6244522442575544,0.477920112432912,0.5575446530710906,14.653266071178166
0.6933942944742739,0.91710120649077,0.4778038717340678,0.6308032998349518,0.8253235258162022,19.68814618639645
0.5647243473213166,0.5834627207368612,0.685801446903497,0.7310989364050329,0.17917606537230313,18.29298253196539
0.01005461160093546,0.2520077424123883,0.5132261419203132,0.5153980171307921,0.008151506073772907,5.717497866913388
0.6888665861915797,0.08869919390417635,0.5366243289317936,0.5521196043118834,0.8838659394532442,12.187067840230382
0.7326391933020204,0.1297355704009533,0.05565888388082385,0.49859877466224134,0.5497585064731538,14.004574281856144
0.7540953599382192,0.5543870572000742,0.7667583560105413,0.09609955549240112,0.3927780219819397,15.172081228524142
0.8235374479554594,0.561508642975241,0.5156508223153651,0.2778232537675649,0.42402565269730985,17.219077804220518
0.7832946355920285,0.42520403140224516,0.8823801125399768,0.4010048641357571,0.927004307275638,20.06528983733011
0.1516605585347861,0.3751129051670432,0.2699822629801929,0.32420770544558764,0.12473587458953261,7.992641568926953
0.11359326634556055,0.5978836992289871,0.07064644922502339,0.13647505571134388,0.4857482493389398,11.588721628691312
0.8970916890539229,0.9571842302102596,0.7210014322772622,0.7394926466513425,0.9031833072658628,15.388486769698574
0.6790555354673415,0.34989260137081146,0.45824047387577593,0.5197682611178607,0.7894332159776241,17.43936083473742
0.9431399644818157,0.07297802972607315,0.4304039317648858,0.4319444545544684,0.9170907132793218,11.23944346785922
0.7931782193481922,0.687795864418149,0.24430379667319357,0.993919720640406,0.9497360126115382,26.216688635835432
0.7499146286863834,0.3401341885328293,0.0645585663150996,0.7434954147320241,0.9483173389453441,20.872654988727724
0.2348003094084561,0.029033957980573177,0.5009851434733719,0.8363068960607052,0.4951878266874701,11.186192307666927
0.07066899398341775,0.20895764930173755,0.5530025863554329,0.4793230702634901,0.97040511877276,10.676408248464153
0.9784667401108891,0.3618389992043376,0.634920253418386,0.6943827767390758,0.026205685921013355,16.888190553335257
0.31344436784274876,0.2902354833204299,0.057657067431136966,0.2782134304288775,0.8574972008354962,12.699844873561357
0.833214366575703,0.31016103737056255,0.5961748906411231,0.3688276188913733,0.07844701875001192,10.819624746607046
0.10524949501268566,0.9602537010796368,0.2987788734026253,0.7353296529036015,0.3797512010205537,13.632140120156254
0.6863228955771774,0.2215359192341566,0.35508634080179036,0.8882619624491781,0.1866993319708854,16.24301853887031
0.20302390540018678,0.0873648808337748,0.5904841588344425,0.027391361305490136,0.024417108623310924,0.874593746500248
0.4843423841521144,0.04085623333230615,0.6198476054705679,0.49262718739919364,0.7421917614992708,7.778990132759707
0.16057715844362974,0.6445633918046951,0.28371806303039193,0.939271136187017,0.40630703256465495,15.914776134408335
0.23001455678604543,0.9102609525434673,0.27085415413603187,0.893289903877303,0.0559935811907053,16.812525231432414
0.02968372916802764,0.9993000931572169,0.050622252048924565,0.8919084172230214,0.8574335600715131,18.134157744878184
0.3355825333856046,0.4320314156357199,0.23345084488391876,0.0896592978388071,0.989177658688277,11.912284032476201
0.003606923623010516,0.271999788004905,0.4431686024181545,0.6890056268312037,0.14166988688521087,10.242800962445989
0.3813239031005651,0.3604004066437483,0.9296957491897047,0.6013473698403686,0.6406388110481203,15.655225904061904
0.39349631662480533,0.35049544950015843,0.4949963395483792,0.15147663070820272,0.5818637495394796,8.894456496776282
0.6815829183906317,0.29704378522001207,0.2948097486514598,0.6533548263832927,0.08851511985994875,16.06067654366011
0.6647641006857157,0.02065307693555951,0.744169068755582,0.8333306494168937,0.12380233802832663,10.30894070852953
0.19771882449276745,0.5348510849289596,0.12518840096890926,0.5649281297810376,0.9272083565592766,17.151111059432527
0.8536025085486472,0.9058705952484161,0.08293987670913339,0.9323185933753848,0.5822927695699036,22.789108608594667
0.8771692803129554,0.21657246933318675,0.9693325522821397,0.5885677700862288,0.31459101871587336,18.631343405841296
0.8017389331944287,0.9305234798230231,0.2959904186427593,0.284769965801388,0.5764247262850404,13.775412837453263
0.33918169396929443,0.3713940915185958,0.019975282019004226,0.2484360986854881,0.46110023627988994,13.817456024075023
0.6713789496570826,0.0796655339654535,0.802386143244803,0.8965361337177455,0.7442292568739504,16.60701308392865
0.5646213567815721,0.13967222440987825,0.010177816031500697,0.0638124723918736,0.3836686508730054,9.27192008568416
0.8437137904111296,0.2995929897297174,0.14370175008662045,0.5060386657714844,0.48145727324299514,15.917931636306253
0.7651326046325266,0.8551583352964371,0.9141288348473608,0.9969088116195053,0.983705838676542,26.02384859780093
0.7297235482838005,0.603894158732146,0.7538663235027343,0.016861650394275784,0.782675041584298,15.889722229029069
0.18684167345054448,0.8229699581861496,0.455969350412488,0.8198073045350611,0.12272567441686988,13.780886791352861
0.21345293591730297,0.7111791849602014,0.27002169331535697,0.9561115654651076,0.06971069774590433,13.304778268686393
0.06945608952082694,0.5492605678737164,0.24639983754605055,0.5781679593492299,0.28049498447217047,8.564588581042027
0.10147912427783012,0.22878413298167288,0.7050697084050626,0.8886102014221251,0.05901799909770489,10.428375850544132
0.18868448887951672,0.27000587549991906,0.9435691970866174,0.3417713884264231,0.6057713627815247,12.145281823034821
0.8363165510818362,0.8957076165825129,0.6388207022100687,0.5427581623662263,0.6338155809789896,15.691774131387552
0.7627632103394717,0.8778775972314179,0.1437047179788351,0.9982017213478684,0.9737411933019757,27.879006872452813
0.8275153685826808,0.33765704301185906,0.011066637467592955,0.08109637279994786,0.30314478441141546,14.859257425729039
0.7032113915774971,0.8373462704475969,0.5494448232930154,0.5575697235763073,0.5443704763893038,18.53808584307184
0.3508405874017626,0.9159723499324173,0.9775919360108674,0.48946248553693295,0.7749559162184596,21.34054202508841
0.6346043832600117,0.26258560875430703,0.9143168427981436,0.5371876067947596,0.3854065875057131,15.79594380861419
0.35723071126267314,0.9322097175754607,0.7732425522990525,0.2111333478242159,0.016502250684425235,12.496039867928964
0.049328070832416415,0.3430269181262702,0.48261525365523994,0.9023963562212884,0.6987084094434977,13.928145866499863
0.6358647125307471,0.8873820994049311,0.9660879750736058,0.39629201451316476,0.6815859342459589,22.018925063577495
0.5038337362930179,0.016657288884744048,0.8933559870347381,0.639787957072258,0.6708147914614528,13.814764920018321
0.333379948977381,0.30178508232347667,0.7098635884467512,0.05592036689631641,0.2358626106288284,4.0326431943469725
0.9492340718861669,0.862199422204867,0.9723334251902997,0.30127596529200673,0.08015683386474848,12.536864511997459
0.4671118385158479,0.008840498980134726,0.7492149777244776,0.7038190299645066,0.6890353295020759,12.227939155068146
0.3340660242829472,0.6803029710426927,0.6617344005499035,0.12044100649654865,0.13645302294753492,8.886354385835942
0.7255439511500299,0.7462117427494377,0.3159539618063718,0.4849105724133551,0.22421372076496482,15.853580379946628
0.4825243486557156,0.22732205502688885,0.495388500392437,0.005719803739339113,0.9158718956168741,9.403515679693648
0.21864388161338866,0.7930245108436793,0.7012155132833868,0.5566487207543105,0.07739870087243617,12.44936417560887
0.6076798383146524,0.3503547692671418,0.23382528754882514,0.42966069537214935,0.29711877182126045,12.924364126127806
0.3555354692507535,0.6943315016105771,0.4283489554654807,0.7844719316344708,0.03998805629089475,13.979406813760564
0.18644449138082564,0.21214338880963624,0.7661743087228388,0.006874550599604845,0.9975585518404841,7.469368546078964
0.6057617326732725,0.48786817747168243,0.9885904642287642,0.3127377924975008,0.6244369617197663,19.664362276991294
0.23342827381566167,0.7107707227114588,0.9821579568088055,0.1521743058692664,0.12246611481532454,11.60373072571044
0.5370650396216661,0.9537719478830695,0.6206748478580266,0.6192585707176477,0.5577529964502901,19.738115821015775
0.7014270557556301,0.1727635997813195,0.9675040699075907,0.15150877484120429,0.577845714520663,14.307232715224309
0.3436906358692795,0.8505042265169322,0.21391045558266342,0.5264275537338108,0.6359511050395668,18.596163557721646
0.5980213673319668,0.6425770816858858,0.3303354848176241,0.7646993135567755,0.41785269789397717,20.482207303662893
0.3694954225793481,0.39716967358253896,0.640096488641575,0.4444391862489283,0.1512239477597177,11.170306712066981
0.23874891665764153,0.5077028060331941,0.10575322294607759,0.05124885821714997,0.7323877224698663,10.948476781898378
0.48261985881254077,0.6323055617976934,0.22557063912972808,0.45132067147642374,0.7693538782186806,16.092650839139516
0.11602138634771109,0.08334793662652373,0.9316001951228827,0.23677695239894092,0.8089198481757194,11.210300525994654
0.6389525809790939,0.39434865093789995,0.08725378406234086,0.5694022618699819,0.269677696749568,17.9594865909332
0.9013481026049703,0.026044282130897045,0.5785091666039079,0.5798308697994798,0.15282866591587663,7.4266279607127705
0.27145672542974353,0.6693945245351642,0.12552116811275482,0.46956082177348435,0.9565694881603122,16.86261056484242
0.9957599660847336,0.80944490339607,0.30536051420494914,0.4870507747400552,0.9548623545560986,13.756763270831877
0.9576366846449673,0.9944140398874879,0.37316161091439426,0.1919560378883034,0.6452403655275702,7.269528187499498
0.8163586794398725,0.8114249052014202,0.6649158815853298,0.2606435080524534,0.7404853955376893,14.787567753308013
0.3043731367215514,0.3034259171690792,0.17109985486604273,0.6211350620724261,0.6695229024626315,15.35813475765643
0.030993054853752255,0.13526812312193215,0.6632207646034658,0.21042139595374465,0.2364925160072744,2.774138465889803
0.28606760897673666,0.8621201927307993,0.8106742999516428,0.04080687020905316,0.5842898252885789,12.851930197312681
0.7512091777753085,0.4512823929544538,0.41819564532488585,0.4723876463249326,0.07181664020754397,13.436005529054256
0.6549024251289666,0.14778726152144372,0.3943047854118049,0.2728615729138255,0.64202493079938,8.839663575829773
0.6243276714812964,0.12834938103333116,0.6175742689520121,0.9618224245496094,0.7791420703288168,14.985668684993856
0.4158671300392598,0.9331106536556035,0.8652664294932038,0.17002674704417586,0.795479902299121,18.309659779391183
0.5378402038477361,0.9534801228437573,0.942116177873686,0.045004538958892226,0.3456929703243077,17.142035409086233
0.24052970320917666,0.5233804711606354,0.9452904304489493,0.5821891753003001,0.588372711557895,15.147576634558707
0.9394749961793423,0.9780233919154853,0.6698265571612865,0.6941648640204221,0.7708977437578142,15.442285428843341
0.8038011556491256,0.5085218627937138,0.28463021060451865,0.6899818410165608,0.2484482282306999,18.924055027292052
0.7876605312339962,0.6777665589470416,0.4855418438091874,0.11468750820495188,0.9138636386487633,17.5030773856089
0.04790972266346216,0.9441536571830511,0.9953427952714264,0.7986361484508961,0.0661711385473609,15.737596203216448
0.9641856679227203,0.6741734710521996,0.5012906915508211,0.6982955341227353,0.9207387957721949,19.256965202651745
0.13947573071345687,0.3743330789729953,0.12182504613883793,0.5908031449653208,0.6653117374517024,14.01749317962376
0.4932951992377639,0.7810499086044729,0.19954120088368654,0.307778486283496,0.9783172137103975,19.332817989982022
0.828070908319205,0.05358550208620727,0.8798344668466598,0.7966068866662681,0.3446286525577307,14.60161054560081
0.3315210978034884,0.015678361989557743,0.07636544550769031,0.3512403729837388,0.9111979731824249,11.235346869891515
0.2624101433902979,0.59032958233729,0.37615448725409806,0.19602646841667593,0.9598456060048193,11.382595098300053
0.9588839334901422,0.21436816058121622,0.3172914225142449,0.593758866423741,0.05602378211915493,12.331219876652046
0.12757914583198726,0.9988055718131363,0.12801583390682936,0.3831490755546838,0.27194991684518754,11.749116201704837
0.4558217180892825,0.6242702810559422,0.08217255212366581,0.26672193384729326,0.7356078415177763,19.373463426665356
0.28646267112344503,0.4032159545458853,0.976889519719407,0.3458067432511598,0.8073996584862471,15.298867095901649
0.10932419914752245,0.5305478796362877,0.6483219992369413,0.20357159501872957,0.2699446277692914,5.201239602559952
0.32033311598934233,0.6701884516514838,0.940197815420106,0.12719184043817222,0.5450403611175716,13.14770773736982
0.7929714531637728,0.38900986569933593,0.8287272211164236,0.23639574460685253,0.8686204503756016,16.443769236903368
0.8015488067176193,0.06566162826493382,0.1633779990952462,0.4069229119922966,0.3075446637813002,8.918513207595064
0.8282438816968352,0.7158855134621263,0.5941687875892967,0.8057693825103343,0.9605277061928064,22.822095499539916
0.6633819029666483,0.09481859486550093,0.2630700021982193,0.20927926478907466,0.8967847726307809,11.343453350040967
0.7141082363668829,0.7678391707595438,0.20837809285148978,0.0470972778275609,0.7055707285180688,17.002655501779273
0.4108372728805989,0.035076797707006335,0.17604181729257107,0.43665570789016783,0.2699215617030859,8.684341651639302
0.4241432480048388,0.422777964733541,0.8864817759022117,0.10027314606122673,0.6735053323209286,11.825562272744481
0.35259450133889914,0.04001595312729478,0.7953995985444635,0.3321040254086256,0.21963481442071497,7.562307777500343
0.17185423546470702,0.960571261588484,0.3925126569811255,0.36615556478500366,0.5830661652144045,10.536365079326217
